{"type":"FeatureCollection","name":"chiayi urban-form","features":[{"type":"Feature","id":"w1008721069","properties":{"kind":"building","category":"apartments","name":null,"area_m2":579.4,"centroid":[120.454195,23.473461]},"geometry":{"type":"Polygon","coordinates":[[[120.454061,23.47355],[120.45435,23.473578],[120.454371,23.473401],[120.454116,23.473376],[120.454079,23.473399],[120.454061,23.47355]]]}},{"type":"Feature","id":"w1010524534","properties":{"kind":"building","category":"yes","name":null,"area_m2":83.7,"centroid":[120.452364,23.478512]},"geometry":{"type":"Polygon","coordinates":[[[120.452319,23.478562],[120.452409,23.478576],[120.452395,23.478473],[120.452369,23.478461],[120.45233,23.478489],[120.452319,23.478562]]]}},{"type":"Feature","id":"w1010524535","properties":{"kind":"building","category":"yes","name":null,"area_m2":79.0,"centroid":[120.453582,23.477888]},"geometry":{"type":"Polygon","coordinates":[[[120.453625,23.477928],[120.453642,23.477852],[120.453555,23.477857],[120.453508,23.477916],[120.453625,23.477928]]]}},{"type":"Feature","id":"w1010524536","properties":{"kind":"building","category":"yes","name":null,"area_m2":383.8,"centroid":[120.45377,23.476519]},"geometry":{"type":"Polygon","coordinates":[[[120.45369,23.476637],[120.453847,23.476652],[120.453858,23.47643],[120.453754,23.476419],[120.453699,23.476456],[120.45369,23.476637]]]}},{"type":"Feature","id":"w1010524539","properties":{"kind":"building","category":"apartments","name":null,"area_m2":143.1,"centroid":[120.438127,23.484756]},"geometry":{"type":"Polygon","coordinates":[[[120.438063,23.484702],[120.438048,23.484789],[120.438191,23.484809],[120.438206,23.484723],[120.438063,23.484702]]]}},{"type":"Feature","id":"w1010524540","properties":{"kind":"building","category":"apartments","name":null,"area_m2":336.9,"centroid":[120.437814,23.484451]},"geometry":{"type":"Polygon","coordinates":[[[120.437732,23.484497],[120.437765,23.484464],[120.437707,23.484415],[120.437789,23.484333],[120.43786,23.484393],[120.437895,23.484358],[120.437972,23.484426],[120.43787,23.484539],[120.437814,23.484492],[120.437779,23.484527],[120.437766,23.484519],[120.437732,23.484497]]]}},{"type":"Feature","id":"w1010524541","properties":{"kind":"building","category":"apartments","name":null,"area_m2":272.5,"centroid":[120.437688,23.484578]},"geometry":{"type":"Polygon","coordinates":[[[120.437766,23.484519],[120.437719,23.484575],[120.437778,23.484624],[120.437732,23.48467],[120.437691,23.484637],[120.437641,23.484687],[120.437567,23.484626],[120.437623,23.48457],[120.437602,23.484552],[120.437682,23.484471],[120.437724,23.484506],[120.437732,23.484497],[120.437766,23.484519]]]}},{"type":"Feature","id":"w1012101513","properties":{"kind":"building","category":"residential","name":null,"area_m2":95.1,"centroid":[120.430038,23.477266]},"geometry":{"type":"Polygon","coordinates":[[[120.430063,23.477364],[120.429975,23.477184],[120.430014,23.477168],[120.430102,23.477348],[120.430063,23.477364]]]}},{"type":"Feature","id":"w1012101514","properties":{"kind":"building","category":"residential","name":null,"area_m2":105.8,"centroid":[120.43008,23.477248]},"geometry":{"type":"Polygon","coordinates":[[[120.430102,23.477348],[120.430144,23.477327],[120.430058,23.47715],[120.430014,23.477168],[120.430102,23.477348]]]}},{"type":"Feature","id":"w1012101515","properties":{"kind":"building","category":"residential","name":null,"area_m2":121.1,"centroid":[120.430137,23.477236]},"geometry":{"type":"Polygon","coordinates":[[[120.430144,23.477327],[120.430194,23.477304],[120.430178,23.477272],[120.430109,23.477129],[120.430058,23.47715],[120.430144,23.477327]]]}},{"type":"Feature","id":"w1012101516","properties":{"kind":"building","category":"garage","name":null,"area_m2":149.5,"centroid":[120.430186,23.477176]},"geometry":{"type":"Polygon","coordinates":[[[120.430178,23.477272],[120.430252,23.477248],[120.430205,23.477137],[120.430186,23.477094],[120.430109,23.477129],[120.430178,23.477272]]]}},{"type":"Feature","id":"w1012101528","properties":{"kind":"building","category":"residential","name":null,"area_m2":227.2,"centroid":[120.430466,23.476856]},"geometry":{"type":"Polygon","coordinates":[[[120.43037,23.47697],[120.430589,23.476834],[120.430538,23.476765],[120.430481,23.476763],[120.430353,23.476946],[120.43037,23.47697]]]}},{"type":"Feature","id":"w1012101529","properties":{"kind":"building","category":"residential","name":null,"area_m2":97.3,"centroid":[120.43078,23.47661]},"geometry":{"type":"Polygon","coordinates":[[[120.430805,23.476691],[120.43071,23.476555],[120.430757,23.476529],[120.430849,23.476665],[120.430805,23.476691]]]}},{"type":"Feature","id":"w1012101530","properties":{"kind":"building","category":"residential","name":null,"area_m2":76.7,"centroid":[120.430821,23.476587]},"geometry":{"type":"Polygon","coordinates":[[[120.430849,23.476665],[120.430885,23.476645],[120.430794,23.476509],[120.430757,23.476529],[120.430849,23.476665]]]}},{"type":"Feature","id":"w1012101531","properties":{"kind":"building","category":"residential","name":null,"area_m2":81.8,"centroid":[120.430859,23.476566]},"geometry":{"type":"Polygon","coordinates":[[[120.430885,23.476645],[120.430924,23.476623],[120.430832,23.476487],[120.430794,23.476509],[120.430885,23.476645]]]}},{"type":"Feature","id":"w1012101532","properties":{"kind":"building","category":"residential","name":null,"area_m2":79.2,"centroid":[120.430897,23.476545]},"geometry":{"type":"Polygon","coordinates":[[[120.430924,23.476623],[120.430961,23.476602],[120.43087,23.476466],[120.430832,23.476487],[120.430924,23.476623]]]}},{"type":"Feature","id":"w1012101533","properties":{"kind":"building","category":"residential","name":null,"area_m2":94.4,"centroid":[120.430754,23.476651]},"geometry":{"type":"Polygon","coordinates":[[[120.43071,23.476555],[120.43067,23.476578],[120.430773,23.476727],[120.430812,23.476703],[120.430805,23.476691],[120.43071,23.476555]]]}},{"type":"Feature","id":"w1012101534","properties":{"kind":"building","category":"residential","name":null,"area_m2":100.0,"centroid":[120.4307,23.476665]},"geometry":{"type":"Polygon","coordinates":[[[120.430773,23.476727],[120.430731,23.47675],[120.430626,23.476603],[120.43067,23.476578],[120.430773,23.476727]]]}},{"type":"Feature","id":"w1012101535","properties":{"kind":"building","category":"residential","name":null,"area_m2":106.9,"centroid":[120.430646,23.476685]},"geometry":{"type":"Polygon","coordinates":[[[120.430731,23.47675],[120.430686,23.476776],[120.430605,23.476665],[120.43058,23.476632],[120.430626,23.476603],[120.430731,23.47675]]]}},{"type":"Feature","id":"w1012101536","properties":{"kind":"building","category":"residential","name":null,"area_m2":90.9,"centroid":[120.43061,23.476731]},"geometry":{"type":"Polygon","coordinates":[[[120.430635,23.476806],[120.430686,23.476776],[120.430605,23.476665],[120.430555,23.476696],[120.430567,23.476713],[120.430635,23.476806]]]}},{"type":"Feature","id":"w1012101537","properties":{"kind":"building","category":"residential","name":null,"area_m2":61.1,"centroid":[120.430582,23.476779]},"geometry":{"type":"Polygon","coordinates":[[[120.430567,23.476713],[120.430538,23.476765],[120.430589,23.476834],[120.430635,23.476806],[120.430567,23.476713]]]}},{"type":"Feature","id":"w1012101539","properties":{"kind":"building","category":"yes","name":null,"area_m2":182.2,"centroid":[120.430756,23.476447]},"geometry":{"type":"Polygon","coordinates":[[[120.430664,23.476427],[120.430731,23.47653],[120.430847,23.476466],[120.43078,23.476364],[120.430664,23.476427]]]}},{"type":"Feature","id":"w1012101540","properties":{"kind":"building","category":"yes","name":null,"area_m2":115.8,"centroid":[120.430919,23.476314]},"geometry":{"type":"Polygon","coordinates":[[[120.430918,23.476395],[120.430856,23.476293],[120.430894,23.476274],[120.430933,23.476254],[120.430995,23.476356],[120.430918,23.476395]]]}},{"type":"Feature","id":"w1012101541","properties":{"kind":"building","category":"yes","name":null,"area_m2":115.8,"centroid":[120.430919,23.476314]},"geometry":{"type":"Polygon","coordinates":[[[120.430918,23.476395],[120.430995,23.476356],[120.430933,23.476254],[120.430894,23.476274],[120.430856,23.476293],[120.430918,23.476395]]]}},{"type":"Feature","id":"w1012101542","properties":{"kind":"building","category":"residential","name":null,"area_m2":109.8,"centroid":[120.430904,23.476878]},"geometry":{"type":"Polygon","coordinates":[[[120.430882,23.476943],[120.430978,23.476884],[120.430927,23.476814],[120.430831,23.476873],[120.430882,23.476943]]]}},{"type":"Feature","id":"w1012101547","properties":{"kind":"building","category":"residential","name":null,"area_m2":194.4,"centroid":[120.431351,23.476048]},"geometry":{"type":"Polygon","coordinates":[[[120.431382,23.47617],[120.431467,23.476117],[120.431375,23.476008],[120.431349,23.476001],[120.431326,23.475999],[120.431294,23.47601],[120.431266,23.47603],[120.431382,23.47617]]]}},{"type":"Feature","id":"w1012101548","properties":{"kind":"building","category":"yes","name":null,"area_m2":92.1,"centroid":[120.431551,23.476514]},"geometry":{"type":"Polygon","coordinates":[[[120.431511,23.476579],[120.431466,23.476497],[120.431534,23.476492],[120.431615,23.47649],[120.43163,23.476511],[120.431511,23.476579]]]}},{"type":"Feature","id":"w1012101549","properties":{"kind":"building","category":"residential","name":null,"area_m2":132.4,"centroid":[120.431415,23.476191]},"geometry":{"type":"Polygon","coordinates":[[[120.43132,23.476213],[120.431471,23.476116],[120.431511,23.476168],[120.43136,23.476265],[120.43132,23.476213]]]}},{"type":"Feature","id":"w1012101550","properties":{"kind":"building","category":"residential","name":null,"area_m2":124.5,"centroid":[120.431454,23.476241]},"geometry":{"type":"Polygon","coordinates":[[[120.43136,23.476265],[120.431398,23.476315],[120.431547,23.476217],[120.431511,23.476168],[120.43136,23.476265]]]}},{"type":"Feature","id":"w1012101551","properties":{"kind":"building","category":"residential","name":null,"area_m2":126.7,"centroid":[120.431492,23.476291]},"geometry":{"type":"Polygon","coordinates":[[[120.431398,23.476315],[120.431438,23.476365],[120.431585,23.476267],[120.431547,23.476217],[120.431398,23.476315]]]}},{"type":"Feature","id":"w1012101552","properties":{"kind":"building","category":"residential","name":null,"area_m2":109.1,"centroid":[120.431528,23.476338]},"geometry":{"type":"Polygon","coordinates":[[[120.431438,23.476365],[120.431473,23.476408],[120.431618,23.476311],[120.431585,23.476267],[120.431438,23.476365]]]}},{"type":"Feature","id":"w1012101553","properties":{"kind":"building","category":"residential","name":null,"area_m2":94.6,"centroid":[120.431561,23.476378]},"geometry":{"type":"Polygon","coordinates":[[[120.431473,23.476408],[120.431505,23.476445],[120.431647,23.47635],[120.431618,23.476311],[120.431473,23.476408]]]}},{"type":"Feature","id":"w1012101554","properties":{"kind":"building","category":"residential","name":null,"area_m2":106.0,"centroid":[120.431593,23.476419]},"geometry":{"type":"Polygon","coordinates":[[[120.431505,23.476445],[120.43154,23.476487],[120.431682,23.476394],[120.431647,23.47635],[120.431505,23.476445]]]}},{"type":"Feature","id":"w1012101555","properties":{"kind":"building","category":"temple","name":"白蓮宮","area_m2":506.6,"centroid":[120.430654,23.475994]},"geometry":{"type":"Polygon","coordinates":[[[120.430508,23.476049],[120.430734,23.476118],[120.430799,23.475939],[120.430574,23.47587],[120.430508,23.476049]]]}},{"type":"Feature","id":"w1012362725","properties":{"kind":"building","category":"residential","name":null,"area_m2":84.4,"centroid":[120.431697,23.476115]},"geometry":{"type":"Polygon","coordinates":[[[120.431772,23.476102],[120.431652,23.476173],[120.431621,23.476129],[120.431741,23.476058],[120.431772,23.476102]]]}},{"type":"Feature","id":"w1012362726","properties":{"kind":"building","category":"residential","name":null,"area_m2":99.5,"centroid":[120.431663,23.476068]},"geometry":{"type":"Polygon","coordinates":[[[120.431621,23.476129],[120.431584,23.476078],[120.431705,23.476006],[120.431741,23.476058],[120.431621,23.476129]]]}},{"type":"Feature","id":"w1012362727","properties":{"kind":"building","category":"residential","name":null,"area_m2":99.0,"centroid":[120.431773,23.476036]},"geometry":{"type":"Polygon","coordinates":[[[120.431773,23.476103],[120.431708,23.476002],[120.431773,23.475967],[120.431837,23.476071],[120.431773,23.476103]]]}},{"type":"Feature","id":"w1012362728","properties":{"kind":"building","category":"residential","name":null,"area_m2":102.1,"centroid":[120.431838,23.476002]},"geometry":{"type":"Polygon","coordinates":[[[120.431837,23.476071],[120.431902,23.476038],[120.431841,23.475933],[120.431773,23.475967],[120.431837,23.476071]]]}},{"type":"Feature","id":"w1012362729","properties":{"kind":"building","category":"residential","name":null,"area_m2":104.9,"centroid":[120.431906,23.475969]},"geometry":{"type":"Polygon","coordinates":[[[120.431902,23.476038],[120.431971,23.476005],[120.431911,23.4759],[120.431841,23.475933],[120.431902,23.476038]]]}},{"type":"Feature","id":"w1012362730","properties":{"kind":"building","category":"residential","name":null,"area_m2":110.9,"centroid":[120.431978,23.475935]},"geometry":{"type":"Polygon","coordinates":[[[120.431971,23.476005],[120.432045,23.475968],[120.431986,23.475866],[120.431911,23.4759],[120.431971,23.476005]]]}},{"type":"Feature","id":"w1012362731","properties":{"kind":"building","category":"residential","name":null,"area_m2":116.9,"centroid":[120.432055,23.475897]},"geometry":{"type":"Polygon","coordinates":[[[120.432045,23.475968],[120.432124,23.475929],[120.432065,23.475827],[120.431986,23.475866],[120.432045,23.475968]]]}},{"type":"Feature","id":"w1012362733","properties":{"kind":"building","category":"residential","name":null,"area_m2":100.2,"centroid":[120.431909,23.476181]},"geometry":{"type":"Polygon","coordinates":[[[120.431893,23.476241],[120.431828,23.476147],[120.431899,23.476106],[120.431952,23.476184],[120.431934,23.476195],[120.431945,23.476211],[120.431893,23.476241]]]}},{"type":"Feature","id":"w1012362734","properties":{"kind":"building","category":"residential","name":null,"area_m2":87.0,"centroid":[120.431961,23.476124]},"geometry":{"type":"Polygon","coordinates":[[[120.431952,23.476184],[120.432024,23.476141],[120.431971,23.476066],[120.431899,23.476106],[120.431952,23.476184]]]}},{"type":"Feature","id":"w1012362735","properties":{"kind":"building","category":"residential","name":null,"area_m2":68.3,"centroid":[120.432035,23.476094]},"geometry":{"type":"Polygon","coordinates":[[[120.432024,23.476141],[120.432056,23.476121],[120.432049,23.47611],[120.432077,23.476093],[120.432035,23.47603],[120.431971,23.476066],[120.432024,23.476141]]]}},{"type":"Feature","id":"w1012362736","properties":{"kind":"building","category":"residential","name":null,"area_m2":125.0,"centroid":[120.43211,23.476049]},"geometry":{"type":"Polygon","coordinates":[[[120.432077,23.476093],[120.432097,23.476082],[120.432102,23.47609],[120.432198,23.476036],[120.43215,23.475965],[120.432035,23.47603],[120.432077,23.476093]]]}},{"type":"Feature","id":"w1012362737","properties":{"kind":"building","category":"residential","name":null,"area_m2":157.9,"centroid":[120.432179,23.475832]},"geometry":{"type":"Polygon","coordinates":[[[120.432285,23.475825],[120.432231,23.475764],[120.432078,23.475836],[120.432121,23.475905],[120.432285,23.475825]]]}},{"type":"Feature","id":"w1012362738","properties":{"kind":"building","category":"residential","name":null,"area_m2":101.9,"centroid":[120.432264,23.475942]},"geometry":{"type":"Polygon","coordinates":[[[120.432337,23.475878],[120.432361,23.475919],[120.432191,23.476005],[120.432166,23.475965],[120.432337,23.475878]]]}},{"type":"Feature","id":"w1012362739","properties":{"kind":"building","category":"residential","name":null,"area_m2":86.4,"centroid":[120.432287,23.475979]},"geometry":{"type":"Polygon","coordinates":[[[120.432191,23.476005],[120.43221,23.476039],[120.432384,23.475953],[120.432361,23.475919],[120.432191,23.476005]]]}},{"type":"Feature","id":"w1012362740","properties":{"kind":"building","category":"residential","name":null,"area_m2":103.5,"centroid":[120.431775,23.476215]},"geometry":{"type":"Polygon","coordinates":[[[120.431695,23.476224],[120.431817,23.476152],[120.431854,23.476206],[120.431732,23.476277],[120.431695,23.476224]]]}},{"type":"Feature","id":"w1012362741","properties":{"kind":"building","category":"residential","name":null,"area_m2":100.7,"centroid":[120.431814,23.476273]},"geometry":{"type":"Polygon","coordinates":[[[120.431732,23.476277],[120.431769,23.476329],[120.431827,23.476295],[120.43189,23.476259],[120.431854,23.476206],[120.431732,23.476277]]]}},{"type":"Feature","id":"w1012362742","properties":{"kind":"building","category":"residential","name":null,"area_m2":47.4,"centroid":[120.431818,23.476346]},"geometry":{"type":"Polygon","coordinates":[[[120.431769,23.476329],[120.431781,23.476346],[120.431796,23.476356],[120.431821,23.476366],[120.431861,23.476367],[120.431874,23.476362],[120.431827,23.476295],[120.431769,23.476329]]]}},{"type":"Feature","id":"w1012362743","properties":{"kind":"building","category":"residential","name":null,"area_m2":66.8,"centroid":[120.431882,23.476311]},"geometry":{"type":"Polygon","coordinates":[[[120.431874,23.476362],[120.431937,23.476327],[120.43189,23.476259],[120.431827,23.476295],[120.431874,23.476362]]]}},{"type":"Feature","id":"w1012362744","properties":{"kind":"building","category":"residential","name":null,"area_m2":67.0,"centroid":[120.431942,23.476273]},"geometry":{"type":"Polygon","coordinates":[[[120.43189,23.476259],[120.431944,23.476216],[120.431995,23.476291],[120.431937,23.476327],[120.43189,23.476259]]]}},{"type":"Feature","id":"w1012362745","properties":{"kind":"building","category":"residential","name":null,"area_m2":53.9,"centroid":[120.431991,23.476239]},"geometry":{"type":"Polygon","coordinates":[[[120.431944,23.476216],[120.431984,23.476186],[120.43204,23.476264],[120.431995,23.476291],[120.431944,23.476216]]]}},{"type":"Feature","id":"w1012362746","properties":{"kind":"building","category":"residential","name":null,"area_m2":66.4,"centroid":[120.432037,23.476209]},"geometry":{"type":"Polygon","coordinates":[[[120.431984,23.476186],[120.432033,23.476152],[120.432092,23.476233],[120.43204,23.476264],[120.431984,23.476186]]]}},{"type":"Feature","id":"w1012362747","properties":{"kind":"building","category":"residential","name":null,"area_m2":45.1,"centroid":[120.43208,23.476182]},"geometry":{"type":"Polygon","coordinates":[[[120.432092,23.476233],[120.432126,23.476212],[120.432067,23.476131],[120.432033,23.476152],[120.432092,23.476233]]]}},{"type":"Feature","id":"w1012362748","properties":{"kind":"building","category":"residential","name":null,"area_m2":58.5,"centroid":[120.432102,23.476142]},"geometry":{"type":"Polygon","coordinates":[[[120.432067,23.476131],[120.432057,23.476115],[120.432094,23.476093],[120.432105,23.476108],[120.432163,23.476191],[120.432126,23.476212],[120.432067,23.476131]]]}},{"type":"Feature","id":"w1012362749","properties":{"kind":"building","category":"residential","name":null,"area_m2":52.3,"centroid":[120.432154,23.476138]},"geometry":{"type":"Polygon","coordinates":[[[120.432163,23.476191],[120.432203,23.476167],[120.432144,23.476085],[120.432105,23.476108],[120.432163,23.476191]]]}},{"type":"Feature","id":"w1012362750","properties":{"kind":"building","category":"residential","name":null,"area_m2":48.0,"centroid":[120.432192,23.476116]},"geometry":{"type":"Polygon","coordinates":[[[120.432203,23.476167],[120.432239,23.476146],[120.432182,23.476064],[120.432144,23.476085],[120.432203,23.476167]]]}},{"type":"Feature","id":"w1012362751","properties":{"kind":"building","category":"residential","name":null,"area_m2":55.1,"centroid":[120.432232,23.476093]},"geometry":{"type":"Polygon","coordinates":[[[120.432239,23.476146],[120.432281,23.47612],[120.432226,23.47604],[120.432182,23.476064],[120.432239,23.476146]]]}},{"type":"Feature","id":"w1012362752","properties":{"kind":"building","category":"residential","name":null,"area_m2":63.1,"centroid":[120.432278,23.476065]},"geometry":{"type":"Polygon","coordinates":[[[120.432226,23.47604],[120.432276,23.476011],[120.432331,23.476091],[120.432281,23.47612],[120.432226,23.47604]]]}},{"type":"Feature","id":"w1012362753","properties":{"kind":"building","category":"residential","name":null,"area_m2":105.4,"centroid":[120.432368,23.47602]},"geometry":{"type":"Polygon","coordinates":[[[120.432276,23.476011],[120.432388,23.475957],[120.4324,23.475974],[120.432401,23.475994],[120.432396,23.47602],[120.432388,23.476046],[120.432361,23.476071],[120.432331,23.476091],[120.432276,23.476011]]]}},{"type":"Feature","id":"w1013258128","properties":{"kind":"building","category":"garage","name":null,"area_m2":22.9,"centroid":[120.439483,23.479673]},"geometry":{"type":"Polygon","coordinates":[[[120.439517,23.479686],[120.439493,23.479706],[120.439449,23.47966],[120.439474,23.479639],[120.439517,23.479686]]]}},{"type":"Feature","id":"w1028268143","properties":{"kind":"building","category":"school","name":"學生社團(舊宿舍)","area_m2":356.1,"centroid":[120.463984,23.477064]},"geometry":{"type":"Polygon","coordinates":[[[120.46413,23.477132],[120.464143,23.47703],[120.463838,23.476996],[120.463825,23.477098],[120.46413,23.477132]]]}},{"type":"Feature","id":"w1037318610","properties":{"kind":"building","category":"school","name":null,"area_m2":1957.7,"centroid":[120.43222,23.48462]},"geometry":{"type":"Polygon","coordinates":[[[120.432458,23.484942],[120.432034,23.484906],[120.432036,23.484886],[120.431992,23.484882],[120.43201,23.484701],[120.431928,23.484694],[120.43195,23.484468],[120.432039,23.484475],[120.432053,23.484334],[120.432107,23.484338],[120.432113,23.484274],[120.432549,23.48431],[120.432539,23.484411],[120.432485,23.484406],[120.432479,23.484472],[120.432094,23.484439],[120.432059,23.484786],[120.432508,23.484824],[120.432499,23.484922],[120.43246,23.484922],[120.432458,23.484942]]]}},{"type":"Feature","id":"w1037318611","properties":{"kind":"building","category":"school","name":null,"area_m2":667.7,"centroid":[120.432635,23.484883]},"geometry":{"type":"Polygon","coordinates":[[[120.432513,23.484979],[120.432542,23.484981],[120.432539,23.485008],[120.43267,23.485019],[120.432673,23.484985],[120.432736,23.48499],[120.43274,23.484948],[120.432771,23.48495],[120.432779,23.484865],[120.43271,23.484859],[120.432711,23.484847],[120.432689,23.484845],[120.432696,23.484778],[120.432663,23.484776],[120.432667,23.48473],[120.432557,23.48472],[120.432519,23.484717],[120.432508,23.484824],[120.432499,23.484922],[120.432519,23.484924],[120.432513,23.484979]]]}},{"type":"Feature","id":"w1037318612","properties":{"kind":"building","category":"school","name":null,"area_m2":790.9,"centroid":[120.43265,23.484382]},"geometry":{"type":"Polygon","coordinates":[[[120.432539,23.484411],[120.432532,23.484477],[120.43254,23.484478],[120.432577,23.484481],[120.432576,23.484494],[120.432736,23.484508],[120.43274,23.484476],[120.432834,23.484484],[120.43285,23.48433],[120.432757,23.484322],[120.432766,23.48423],[120.432604,23.484216],[120.4326,23.484256],[120.432556,23.484252],[120.432549,23.48431],[120.432539,23.484411]]]}},{"type":"Feature","id":"w1037318613","properties":{"kind":"building","category":"school","name":null,"area_m2":884.3,"centroid":[120.431924,23.484269]},"geometry":{"type":"Polygon","coordinates":[[[120.431822,23.484097],[120.432064,23.484121],[120.432026,23.484441],[120.431784,23.484417],[120.431822,23.484097]]]}},{"type":"Feature","id":"w1037318614","properties":{"kind":"building","category":"school","name":null,"area_m2":135.9,"centroid":[120.432548,23.484591]},"geometry":{"type":"Polygon","coordinates":[[[120.432519,23.484717],[120.432526,23.48463],[120.43251,23.484624],[120.432502,23.484613],[120.4325,23.484596],[120.432503,23.484581],[120.432513,23.484568],[120.432525,23.484564],[120.432535,23.484562],[120.43254,23.484478],[120.432577,23.484481],[120.432576,23.484494],[120.432569,23.484566],[120.432583,23.48457],[120.432594,23.48458],[120.432597,23.4846],[120.432592,23.484617],[120.43258,23.484629],[120.432565,23.484632],[120.432557,23.48472],[120.432519,23.484717]]]}},{"type":"Feature","id":"w1072730319","properties":{"kind":"building","category":"apartments","name":null,"area_m2":153.1,"centroid":[120.44085,23.46687]},"geometry":{"type":"Polygon","coordinates":[[[120.440782,23.466918],[120.440909,23.466928],[120.440919,23.466822],[120.440792,23.466812],[120.440782,23.466918]]]}},{"type":"Feature","id":"w1072730320","properties":{"kind":"building","category":"apartments","name":null,"area_m2":155.1,"centroid":[120.440837,23.467045]},"geometry":{"type":"Polygon","coordinates":[[[120.440757,23.467082],[120.440904,23.467099],[120.440917,23.467007],[120.44077,23.46699],[120.440757,23.467082]]]}},{"type":"Feature","id":"w1072730321","properties":{"kind":"building","category":"apartments","name":null,"area_m2":178.2,"centroid":[120.440821,23.467173]},"geometry":{"type":"Polygon","coordinates":[[[120.440744,23.467221],[120.440885,23.467235],[120.440899,23.467125],[120.440758,23.46711],[120.440744,23.467221]]]}},{"type":"Feature","id":"w1072730322","properties":{"kind":"building","category":"apartments","name":null,"area_m2":161.3,"centroid":[120.440798,23.467376]},"geometry":{"type":"Polygon","coordinates":[[[120.440724,23.467422],[120.44086,23.467434],[120.440872,23.46733],[120.440736,23.467318],[120.440724,23.467422]]]}},{"type":"Feature","id":"w1072730323","properties":{"kind":"building","category":"apartments","name":null,"area_m2":154.4,"centroid":[120.440723,23.46686]},"geometry":{"type":"Polygon","coordinates":[[[120.440654,23.466907],[120.440782,23.466918],[120.440792,23.466812],[120.440664,23.466801],[120.440654,23.466907]]]}},{"type":"Feature","id":"w1072730324","properties":{"kind":"building","category":"apartments","name":null,"area_m2":155.4,"centroid":[120.44069,23.467028]},"geometry":{"type":"Polygon","coordinates":[[[120.44061,23.467066],[120.440757,23.467082],[120.44077,23.46699],[120.440622,23.466974],[120.44061,23.467066]]]}},{"type":"Feature","id":"w1072730325","properties":{"kind":"building","category":"apartments","name":null,"area_m2":176.9,"centroid":[120.440681,23.467158]},"geometry":{"type":"Polygon","coordinates":[[[120.440604,23.467206],[120.440744,23.467221],[120.440758,23.46711],[120.440618,23.467096],[120.440604,23.467206]]]}},{"type":"Feature","id":"w1072730326","properties":{"kind":"building","category":"apartments","name":null,"area_m2":160.8,"centroid":[120.440662,23.467364]},"geometry":{"type":"Polygon","coordinates":[[[120.440589,23.467409],[120.440724,23.467422],[120.440736,23.467318],[120.4406,23.467305],[120.440589,23.467409]]]}},{"type":"Feature","id":"w1072730338","properties":{"kind":"building","category":"apartments","name":null,"area_m2":125.7,"centroid":[120.454697,23.476598]},"geometry":{"type":"Polygon","coordinates":[[[120.45465,23.476683],[120.454723,23.47669],[120.454738,23.47656],[120.454706,23.476529],[120.454668,23.476526],[120.45465,23.476683]]]}},{"type":"Feature","id":"w1072730339","properties":{"kind":"building","category":"apartments","name":null,"area_m2":445.9,"centroid":[120.454555,23.476829]},"geometry":{"type":"Polygon","coordinates":[[[120.454413,23.476912],[120.454686,23.47694],[120.454702,23.476809],[120.454548,23.476793],[120.454551,23.476766],[120.454432,23.476754],[120.454413,23.476912]]]}},{"type":"Feature","id":"w1072730340","properties":{"kind":"building","category":"apartments","name":null,"area_m2":733.6,"centroid":[120.43113,23.465365]},"geometry":{"type":"Polygon","coordinates":[[[120.430939,23.46527],[120.431178,23.465559],[120.431321,23.46546],[120.431082,23.465171],[120.430939,23.46527]]]}},{"type":"Feature","id":"w1072730341","properties":{"kind":"building","category":"apartments","name":null,"area_m2":180.4,"centroid":[120.430969,23.465143]},"geometry":{"type":"Polygon","coordinates":[[[120.430858,23.465179],[120.430908,23.465235],[120.43108,23.465108],[120.43103,23.465052],[120.430858,23.465179]]]}},{"type":"Feature","id":"w1072730342","properties":{"kind":"building","category":"apartments","name":null,"area_m2":190.4,"centroid":[120.4316,23.466554]},"geometry":{"type":"Polygon","coordinates":[[[120.431609,23.466645],[120.431695,23.466581],[120.43159,23.466463],[120.431504,23.466527],[120.431609,23.466645]]]}},{"type":"Feature","id":"w1072730343","properties":{"kind":"building","category":"apartments","name":null,"area_m2":143.5,"centroid":[120.437009,23.469149]},"geometry":{"type":"Polygon","coordinates":[[[120.436963,23.469217],[120.437057,23.469215],[120.437055,23.469081],[120.43696,23.469082],[120.436963,23.469217]]]}},{"type":"Feature","id":"w1072730344","properties":{"kind":"building","category":"apartments","name":null,"area_m2":228.7,"centroid":[120.436725,23.46914]},"geometry":{"type":"Polygon","coordinates":[[[120.436657,23.469215],[120.436793,23.469215],[120.436793,23.469066],[120.436657,23.469066],[120.436657,23.469215]]]}},{"type":"Feature","id":"w1072730345","properties":{"kind":"building","category":"apartments","name":null,"area_m2":230.3,"centroid":[120.436589,23.469141]},"geometry":{"type":"Polygon","coordinates":[[[120.436521,23.469216],[120.436657,23.469215],[120.436657,23.469066],[120.43652,23.469066],[120.436521,23.469216]]]}},{"type":"Feature","id":"w1072730346","properties":{"kind":"building","category":"apartments","name":null,"area_m2":143.5,"centroid":[120.436914,23.46915]},"geometry":{"type":"Polygon","coordinates":[[[120.436868,23.469218],[120.436963,23.469217],[120.43696,23.469082],[120.436866,23.469084],[120.436868,23.469218]]]}},{"type":"Feature","id":"w1072730347","properties":{"kind":"building","category":"apartments","name":null,"area_m2":231.1,"centroid":[120.436452,23.469141]},"geometry":{"type":"Polygon","coordinates":[[[120.436384,23.469216],[120.436521,23.469216],[120.43652,23.469066],[120.436384,23.469066],[120.436384,23.469216]]]}},{"type":"Feature","id":"w1072730348","properties":{"kind":"building","category":"apartments","name":null,"area_m2":508.3,"centroid":[120.436894,23.469344]},"geometry":{"type":"Polygon","coordinates":[[[120.436727,23.469413],[120.437063,23.469409],[120.437061,23.469275],[120.436725,23.469279],[120.436727,23.469413]]]}},{"type":"Feature","id":"w1072730349","properties":{"kind":"building","category":"apartments","name":null,"area_m2":446.5,"centroid":[120.436563,23.469332]},"geometry":{"type":"Polygon","coordinates":[[[120.436404,23.469395],[120.436723,23.469393],[120.436722,23.469269],[120.436403,23.469271],[120.436404,23.469395]]]}},{"type":"Feature","id":"w1072730351","properties":{"kind":"building","category":"apartments","name":null,"area_m2":141.8,"centroid":[120.444066,23.47112]},"geometry":{"type":"Polygon","coordinates":[[[120.443989,23.471074],[120.443981,23.471151],[120.444142,23.471166],[120.444151,23.471089],[120.443989,23.471074]]]}},{"type":"Feature","id":"w1072730352","properties":{"kind":"building","category":"apartments","name":null,"area_m2":196.4,"centroid":[120.445017,23.47293]},"geometry":{"type":"Polygon","coordinates":[[[120.445117,23.472893],[120.444927,23.472877],[120.444918,23.472968],[120.445107,23.472984],[120.445117,23.472893]]]}},{"type":"Feature","id":"w1072730353","properties":{"kind":"building","category":"apartments","name":null,"area_m2":174.4,"centroid":[120.44503,23.47282]},"geometry":{"type":"Polygon","coordinates":[[[120.445131,23.472789],[120.444938,23.472771],[120.44493,23.472851],[120.445122,23.472868],[120.445131,23.472789]]]}},{"type":"Feature","id":"w1072730354","properties":{"kind":"building","category":"apartments","name":null,"area_m2":153.0,"centroid":[120.445162,23.472404]},"geometry":{"type":"Polygon","coordinates":[[[120.445085,23.472355],[120.445076,23.472437],[120.445238,23.472453],[120.445248,23.47237],[120.445085,23.472355]]]}},{"type":"Feature","id":"w1072730355","properties":{"kind":"building","category":"apartments","name":null,"area_m2":237.0,"centroid":[120.445391,23.472434]},"geometry":{"type":"Polygon","coordinates":[[[120.445515,23.4724],[120.445275,23.472381],[120.445267,23.472468],[120.445506,23.472487],[120.445515,23.4724]]]}},{"type":"Feature","id":"w1072730356","properties":{"kind":"building","category":"apartments","name":null,"area_m2":248.1,"centroid":[120.445671,23.472467]},"geometry":{"type":"Polygon","coordinates":[[[120.445556,23.47241],[120.445546,23.472501],[120.445785,23.472524],[120.445795,23.472433],[120.445556,23.47241]]]}},{"type":"Feature","id":"w1072730357","properties":{"kind":"building","category":"apartments","name":null,"area_m2":197.1,"centroid":[120.445207,23.472947]},"geometry":{"type":"Polygon","coordinates":[[[120.445307,23.47291],[120.445117,23.472893],[120.445107,23.472984],[120.445297,23.473001],[120.445307,23.47291]]]}},{"type":"Feature","id":"w1072730358","properties":{"kind":"building","category":"apartments","name":null,"area_m2":173.3,"centroid":[120.445223,23.472837]},"geometry":{"type":"Polygon","coordinates":[[[120.445323,23.472806],[120.445131,23.472789],[120.445122,23.472868],[120.445315,23.472885],[120.445323,23.472806]]]}},{"type":"Feature","id":"w1072730359","properties":{"kind":"building","category":"apartments","name":null,"area_m2":216.9,"centroid":[120.445694,23.472647]},"geometry":{"type":"Polygon","coordinates":[[[120.445606,23.472588],[120.445596,23.47269],[120.445782,23.472706],[120.445792,23.472603],[120.445606,23.472588]]]}},{"type":"Feature","id":"w1072730360","properties":{"kind":"building","category":"apartments","name":null,"area_m2":224.3,"centroid":[120.445476,23.472628]},"geometry":{"type":"Polygon","coordinates":[[[120.445391,23.472564],[120.445376,23.47267],[120.445561,23.472692],[120.445575,23.472586],[120.445391,23.472564]]]}},{"type":"Feature","id":"w1072730361","properties":{"kind":"building","category":"apartments","name":null,"area_m2":215.9,"centroid":[120.445692,23.472786]},"geometry":{"type":"Polygon","coordinates":[[[120.44561,23.472724],[120.445599,23.472833],[120.445773,23.472848],[120.445784,23.472739],[120.44561,23.472724]]]}},{"type":"Feature","id":"w1072730362","properties":{"kind":"building","category":"apartments","name":null,"area_m2":261.4,"centroid":[120.445474,23.472767]},"geometry":{"type":"Polygon","coordinates":[[[120.445382,23.4727],[120.445371,23.472818],[120.445565,23.472834],[120.445576,23.472715],[120.445382,23.4727]]]}},{"type":"Feature","id":"w1072730363","properties":{"kind":"building","category":"apartments","name":null,"area_m2":255.1,"centroid":[120.445651,23.472967]},"geometry":{"type":"Polygon","coordinates":[[[120.445566,23.472898],[120.445551,23.473018],[120.445737,23.473037],[120.445752,23.472917],[120.445566,23.472898]]]}},{"type":"Feature","id":"w1072730364","properties":{"kind":"building","category":"apartments","name":null,"area_m2":276.6,"centroid":[120.44544,23.472953]},"geometry":{"type":"Polygon","coordinates":[[[120.445355,23.472879],[120.44534,23.47301],[120.445525,23.473028],[120.44554,23.472897],[120.445355,23.472879]]]}},{"type":"Feature","id":"w1072730366","properties":{"kind":"building","category":"apartments","name":null,"area_m2":319.2,"centroid":[120.448482,23.474519]},"geometry":{"type":"Polygon","coordinates":[[[120.448403,23.474617],[120.448537,23.47463],[120.448561,23.474422],[120.448426,23.474409],[120.448403,23.474617]]]}},{"type":"Feature","id":"w1072730367","properties":{"kind":"building","category":"yes","name":null,"area_m2":240.8,"centroid":[120.453387,23.476428]},"geometry":{"type":"Polygon","coordinates":[[[120.453283,23.476485],[120.453471,23.476493],[120.453475,23.476429],[120.45342,23.476375],[120.453284,23.476359],[120.453283,23.476485]]]}},{"type":"Feature","id":"w1072730368","properties":{"kind":"building","category":"apartments","name":null,"area_m2":828.4,"centroid":[120.447741,23.474534]},"geometry":{"type":"Polygon","coordinates":[[[120.447807,23.474748],[120.447851,23.474335],[120.447675,23.474319],[120.447631,23.474732],[120.447807,23.474748]]]}},{"type":"Feature","id":"w1072730677","properties":{"kind":"building","category":"apartments","name":null,"area_m2":181.2,"centroid":[120.447247,23.471556]},"geometry":{"type":"Polygon","coordinates":[[[120.447159,23.471613],[120.447324,23.471629],[120.447328,23.471594],[120.447284,23.47159],[120.447295,23.471496],[120.44721,23.471488],[120.447206,23.471522],[120.44717,23.471518],[120.447159,23.471613]]]}},{"type":"Feature","id":"w1072735691","properties":{"kind":"building","category":"apartments","name":null,"area_m2":843.7,"centroid":[120.431514,23.481608]},"geometry":{"type":"Polygon","coordinates":[[[120.43127,23.481599],[120.431336,23.481605],[120.431343,23.481612],[120.431334,23.481617],[120.431363,23.48165],[120.431388,23.48165],[120.431419,23.481626],[120.431413,23.48162],[120.431421,23.481615],[120.431527,23.481622],[120.431532,23.481629],[120.431524,23.481633],[120.431552,23.481663],[120.431578,23.481664],[120.431608,23.48164],[120.431603,23.481635],[120.431611,23.48163],[120.431734,23.48164],[120.431731,23.481692],[120.431827,23.4817],[120.431846,23.481506],[120.431743,23.481498],[120.431746,23.481527],[120.431314,23.481496],[120.431313,23.48152],[120.431275,23.481518],[120.43127,23.481599]]]}},{"type":"Feature","id":"w1072736046","properties":{"kind":"building","category":"apartments","name":null,"area_m2":576.2,"centroid":[120.432206,23.480468]},"geometry":{"type":"Polygon","coordinates":[[[120.432037,23.480501],[120.43206,23.480534],[120.432096,23.480512],[120.432119,23.480544],[120.432171,23.480513],[120.432193,23.480544],[120.432519,23.480347],[120.43245,23.480252],[120.432037,23.480501]]]}},{"type":"Feature","id":"w1072737209","properties":{"kind":"building","category":"apartments","name":null,"area_m2":130.1,"centroid":[120.453407,23.479494]},"geometry":{"type":"Polygon","coordinates":[[[120.45329,23.479452],[120.453281,23.479498],[120.453525,23.479536],[120.453533,23.47949],[120.45329,23.479452]]]}},{"type":"Feature","id":"w1072737210","properties":{"kind":"building","category":"apartments","name":null,"area_m2":114.6,"centroid":[120.453415,23.479451]},"geometry":{"type":"Polygon","coordinates":[[[120.453541,23.47945],[120.453297,23.479411],[120.45329,23.479452],[120.453533,23.47949],[120.453541,23.47945]]]}},{"type":"Feature","id":"w1078119009","properties":{"kind":"building","category":"school","name":"舊科館","area_m2":705.1,"centroid":[120.450999,23.472047]},"geometry":{"type":"Polygon","coordinates":[[[120.450715,23.472061],[120.450901,23.472079],[120.450906,23.472042],[120.451061,23.472057],[120.451055,23.472112],[120.451108,23.472118],[120.451115,23.472061],[120.451193,23.472069],[120.451205,23.47196],[120.450732,23.471914],[120.450715,23.472061]]]}},{"type":"Feature","id":"w1091545020","properties":{"kind":"building","category":"kindergarten","name":null,"area_m2":255.6,"centroid":[120.457078,23.484692]},"geometry":{"type":"Polygon","coordinates":[[[120.456997,23.484761],[120.457003,23.484617],[120.45716,23.484623],[120.457154,23.484767],[120.456997,23.484761]]]}},{"type":"Feature","id":"w1091545021","properties":{"kind":"building","category":"kindergarten","name":"嘉大附幼","area_m2":603.5,"centroid":[120.456856,23.484878]},"geometry":{"type":"Polygon","coordinates":[[[120.456618,23.484956],[120.456621,23.484786],[120.456778,23.484789],[120.456777,23.484891],[120.456917,23.484894],[120.456918,23.484871],[120.45711,23.484874],[120.457108,23.484964],[120.456618,23.484956]]]}},{"type":"Feature","id":"w1091545022","properties":{"kind":"building","category":"kindergarten","name":null,"area_m2":178.0,"centroid":[120.457077,23.484824]},"geometry":{"type":"Polygon","coordinates":[[[120.456992,23.484869],[120.456993,23.484776],[120.457163,23.484779],[120.457161,23.484872],[120.456992,23.484869]]]}},{"type":"Feature","id":"w1092148374","properties":{"kind":"building","category":"school","name":null,"area_m2":1137.0,"centroid":[120.454626,23.475975]},"geometry":{"type":"Polygon","coordinates":[[[120.454416,23.476089],[120.454431,23.475841],[120.454836,23.475861],[120.454821,23.476109],[120.454416,23.476089]]]}},{"type":"Feature","id":"w1092148375","properties":{"kind":"building","category":"school","name":null,"area_m2":659.3,"centroid":[120.454759,23.474806]},"geometry":{"type":"Polygon","coordinates":[[[120.454649,23.474948],[120.454676,23.474649],[120.45487,23.474664],[120.454843,23.474963],[120.454649,23.474948]]]}},{"type":"Feature","id":"w1092148376","properties":{"kind":"building","category":"school","name":null,"area_m2":425.3,"centroid":[120.455683,23.475748]},"geometry":{"type":"Polygon","coordinates":[[[120.455474,23.475774],[120.455478,23.475691],[120.455728,23.475701],[120.45573,23.475665],[120.455819,23.475669],[120.45581,23.475853],[120.455713,23.475849],[120.455716,23.475783],[120.455474,23.475774]]]}},{"type":"Feature","id":"w1092148377","properties":{"kind":"building","category":"school","name":null,"area_m2":572.4,"centroid":[120.454823,23.475419]},"geometry":{"type":"Polygon","coordinates":[[[120.45472,23.475454],[120.454734,23.475253],[120.45494,23.475264],[120.454921,23.475546],[120.454808,23.475539],[120.454814,23.475459],[120.45472,23.475454]]]}},{"type":"Feature","id":"w1092148378","properties":{"kind":"building","category":"school","name":null,"area_m2":284.5,"centroid":[120.454625,23.475324]},"geometry":{"type":"Polygon","coordinates":[[[120.454566,23.475444],[120.454581,23.4752],[120.454684,23.475205],[120.454669,23.475449],[120.454566,23.475444]]]}},{"type":"Feature","id":"w1092148380","properties":{"kind":"building","category":"school","name":null,"area_m2":70.1,"centroid":[120.455892,23.474658]},"geometry":{"type":"Polygon","coordinates":[[[120.45586,23.474672],[120.455865,23.474594],[120.45593,23.474597],[120.455923,23.474707],[120.455888,23.474705],[120.455889,23.474673],[120.45586,23.474672]]]}},{"type":"Feature","id":"w1092148381","properties":{"kind":"building","category":"school","name":"司令台","area_m2":190.9,"centroid":[120.459773,23.47835]},"geometry":{"type":"Polygon","coordinates":[[[120.459709,23.47842],[120.459727,23.478268],[120.459837,23.478279],[120.459819,23.478431],[120.459709,23.47842]]]}},{"type":"Feature","id":"w1092148382","properties":{"kind":"building","category":"school","name":"華光樓","area_m2":1531.8,"centroid":[120.459373,23.478868]},"geometry":{"type":"Polygon","coordinates":[[[120.459082,23.479017],[120.459092,23.478907],[120.459072,23.478905],[120.459089,23.478717],[120.459206,23.478726],[120.459207,23.478711],[120.459333,23.478721],[120.459319,23.478875],[120.459288,23.478872],[120.459286,23.478893],[120.459229,23.478889],[120.459226,23.478916],[120.459529,23.478939],[120.459536,23.478866],[120.459586,23.47887],[120.459594,23.478779],[120.45972,23.478788],[120.459705,23.478956],[120.459684,23.478955],[120.459674,23.479063],[120.459082,23.479017]]]}},{"type":"Feature","id":"w1092148383","properties":{"kind":"building","category":"school","name":null,"area_m2":1812.2,"centroid":[120.458424,23.478419]},"geometry":{"type":"Polygon","coordinates":[[[120.458208,23.478295],[120.458224,23.478156],[120.459045,23.478233],[120.459029,23.478373],[120.458495,23.478322],[120.458465,23.478586],[120.458394,23.47858],[120.458386,23.478653],[120.458327,23.478647],[120.458323,23.478689],[120.458303,23.478687],[120.458341,23.478356],[120.458319,23.478354],[120.458332,23.478235],[120.458298,23.478232],[120.45829,23.478302],[120.458208,23.478295]]]}},{"type":"Feature","id":"w1092148384","properties":{"kind":"building","category":"school","name":"致用樓","area_m2":994.9,"centroid":[120.458619,23.479003]},"geometry":{"type":"Polygon","coordinates":[[[120.458327,23.478945],[120.45835,23.478948],[120.458342,23.479015],[120.458628,23.479046],[120.45863,23.479031],[120.45875,23.479044],[120.458748,23.47906],[120.459032,23.479091],[120.459048,23.478964],[120.458335,23.478886],[120.458327,23.478945]]]}},{"type":"Feature","id":"w1092148386","properties":{"kind":"building","category":"school","name":null,"area_m2":2178.1,"centroid":[120.460178,23.478194]},"geometry":{"type":"Polygon","coordinates":[[[120.459961,23.47831],[120.459979,23.478179],[120.459936,23.478175],[120.45998,23.477844],[120.460443,23.477895],[120.460398,23.478236],[120.460333,23.478229],[120.460326,23.478278],[120.460278,23.478273],[120.460275,23.478301],[120.460118,23.478284],[120.460112,23.478327],[120.459961,23.47831]]]}},{"type":"Feature","id":"w1092148387","properties":{"kind":"building","category":"school","name":"司令台","area_m2":119.3,"centroid":[120.450362,23.472546]},"geometry":{"type":"Polygon","coordinates":[[[120.450292,23.472505],[120.450438,23.472515],[120.450432,23.472587],[120.450286,23.472577],[120.450292,23.472505]]]}},{"type":"Feature","id":"w1092148388","properties":{"kind":"building","category":"school","name":"明德樓(校史館)","area_m2":525.1,"centroid":[120.450391,23.473563]},"geometry":{"type":"Polygon","coordinates":[[[120.450181,23.473601],[120.450192,23.473488],[120.450602,23.473525],[120.450591,23.473637],[120.450181,23.473601]]]}},{"type":"Feature","id":"w1092148389","properties":{"kind":"building","category":"carport","name":null,"area_m2":1374.0,"centroid":[120.451551,23.47218]},"geometry":{"type":"Polygon","coordinates":[[[120.451384,23.472304],[120.451393,23.472205],[120.451302,23.472198],[120.451309,23.472124],[120.45151,23.47214],[120.451515,23.472084],[120.451704,23.472099],[120.451931,23.472117],[120.451909,23.472346],[120.451384,23.472304]]]}},{"type":"Feature","id":"w1092148393","properties":{"kind":"building","category":"school","name":null,"area_m2":1558.1,"centroid":[120.449373,23.473291]},"geometry":{"type":"Polygon","coordinates":[[[120.449273,23.473066],[120.449535,23.473089],[120.449559,23.473091],[120.44951,23.47357],[120.449242,23.473547],[120.449227,23.473515],[120.449263,23.473162],[120.449273,23.473066]]]}},{"type":"Feature","id":"w1092148394","properties":{"kind":"building","category":"school","name":"育樂中心","area_m2":229.2,"centroid":[120.450394,23.47304]},"geometry":{"type":"Polygon","coordinates":[[[120.450237,23.47304],[120.45044,23.473056],[120.450437,23.473089],[120.450498,23.473093],[120.450507,23.472991],[120.450243,23.472972],[120.450237,23.47304]]]}},{"type":"Feature","id":"w1092148396","properties":{"kind":"building","category":"school","name":null,"area_m2":622.6,"centroid":[120.450539,23.473292]},"geometry":{"type":"Polygon","coordinates":[[[120.450468,23.473128],[120.450545,23.473133],[120.450543,23.473164],[120.450653,23.473171],[120.450629,23.473474],[120.450511,23.473466],[120.450516,23.473404],[120.450446,23.473399],[120.450468,23.473128]]]}},{"type":"Feature","id":"w1092148398","properties":{"kind":"building","category":"roof","name":null,"area_m2":1599.6,"centroid":[120.449456,23.472847]},"geometry":{"type":"Polygon","coordinates":[[[120.449257,23.473046],[120.449304,23.472561],[120.449634,23.472588],[120.449602,23.472918],[120.449477,23.472908],[120.449462,23.473062],[120.449257,23.473046]]]}},{"type":"Feature","id":"w1092148399","properties":{"kind":"building","category":"roof","name":null,"area_m2":3217.5,"centroid":[120.450059,23.472859]},"geometry":{"type":"Polygon","coordinates":[[[120.449671,23.472888],[120.449699,23.472593],[120.450608,23.472664],[120.450581,23.47296],[120.450107,23.472922],[120.450101,23.472979],[120.449849,23.47296],[120.449854,23.472902],[120.449671,23.472888]]]}},{"type":"Feature","id":"w1092148400","properties":{"kind":"building","category":"school","name":null,"area_m2":527.8,"centroid":[120.449395,23.472279]},"geometry":{"type":"Polygon","coordinates":[[[120.449325,23.472533],[120.449376,23.472018],[120.449466,23.472026],[120.449415,23.472541],[120.449325,23.472533]]]}},{"type":"Feature","id":"w1092148401","properties":{"kind":"building","category":"school","name":null,"area_m2":267.0,"centroid":[120.449578,23.471846]},"geometry":{"type":"Polygon","coordinates":[[[120.449382,23.471872],[120.449391,23.471791],[120.449664,23.471817],[120.449661,23.471846],[120.449687,23.471848],[120.449681,23.4719],[120.449382,23.471872]]]}},{"type":"Feature","id":"w1092148402","properties":{"kind":"building","category":"school","name":null,"area_m2":73.8,"centroid":[120.45187,23.472041]},"geometry":{"type":"Polygon","coordinates":[[[120.4518,23.472053],[120.451802,23.47201],[120.451967,23.472025],[120.451964,23.472061],[120.451818,23.472054],[120.4518,23.472053]]]}},{"type":"Feature","id":"w1092148403","properties":{"kind":"green","category":"garden","name":"寧園","area_m2":536.3,"centroid":[120.451285,23.472082]},"geometry":{"type":"Polygon","coordinates":[[[120.451127,23.472148],[120.451126,23.472121],[120.451127,23.472112],[120.451131,23.472106],[120.451139,23.472096],[120.451146,23.472093],[120.451158,23.472093],[120.451168,23.472093],[120.451181,23.47209],[120.451195,23.472084],[120.451201,23.472079],[120.451206,23.472074],[120.451209,23.472057],[120.451213,23.472026],[120.451215,23.472006],[120.451217,23.471994],[120.451222,23.471982],[120.451233,23.471975],[120.451249,23.471973],[120.451312,23.471979],[120.451521,23.471997],[120.451529,23.472008],[120.45153,23.472023],[120.45153,23.472038],[120.451525,23.472053],[120.451518,23.472064],[120.451501,23.472069],[120.451487,23.47208],[120.451478,23.472104],[120.451461,23.472112],[120.451438,23.472112],[120.451349,23.472104],[120.451319,23.472102],[120.451297,23.472106],[120.451288,23.472115],[120.451277,23.472135],[120.451271,23.472149],[120.451267,23.47216],[120.451257,23.472169],[120.451243,23.472174],[120.451138,23.472164],[120.451132,23.47216],[120.451128,23.472154],[120.451127,23.472148]]]}},{"type":"Feature","id":"w1092520241","properties":{"kind":"building","category":"school","name":null,"area_m2":284.8,"centroid":[120.453737,23.472283]},"geometry":{"type":"Polygon","coordinates":[[[120.45363,23.472338],[120.45364,23.472215],[120.453844,23.472229],[120.453834,23.472352],[120.45363,23.472338]]]}},{"type":"Feature","id":"w1092520243","properties":{"kind":"building","category":"school","name":null,"area_m2":317.4,"centroid":[120.452103,23.472781]},"geometry":{"type":"Polygon","coordinates":[[[120.452042,23.472929],[120.452073,23.472626],[120.452165,23.472634],[120.452134,23.472937],[120.452042,23.472929]]]}},{"type":"Feature","id":"w1092520244","properties":{"kind":"building","category":"school","name":null,"area_m2":198.6,"centroid":[120.452286,23.472516]},"geometry":{"type":"Polygon","coordinates":[[[120.452265,23.472636],[120.452273,23.472566],[120.452235,23.472503],[120.452245,23.472365],[120.45231,23.47237],[120.452299,23.472496],[120.452335,23.472548],[120.452328,23.47264],[120.452265,23.472636]]]}},{"type":"Feature","id":"w1092520245","properties":{"kind":"building","category":"school","name":null,"area_m2":464.5,"centroid":[120.452921,23.473201]},"geometry":{"type":"Polygon","coordinates":[[[120.452744,23.473247],[120.452754,23.473128],[120.453098,23.473154],[120.453087,23.473273],[120.452744,23.473247]]]}},{"type":"Feature","id":"w1092520246","properties":{"kind":"building","category":"school","name":null,"area_m2":220.4,"centroid":[120.452492,23.472915]},"geometry":{"type":"Polygon","coordinates":[[[120.452485,23.473013],[120.452491,23.472938],[120.452435,23.472934],[120.452447,23.472792],[120.452555,23.472799],[120.452538,23.473017],[120.452485,23.473013]]]}},{"type":"Feature","id":"w1092520247","properties":{"kind":"building","category":"school","name":null,"area_m2":397.0,"centroid":[120.445705,23.47167]},"geometry":{"type":"Polygon","coordinates":[[[120.445563,23.471723],[120.445574,23.471595],[120.445847,23.471616],[120.445836,23.471744],[120.445563,23.471723]]]}},{"type":"Feature","id":"w1092520250","properties":{"kind":"building","category":"carport","name":null,"area_m2":255.7,"centroid":[120.446379,23.470845]},"geometry":{"type":"Polygon","coordinates":[[[120.446333,23.471002],[120.446353,23.470684],[120.446424,23.470688],[120.446404,23.471006],[120.446333,23.471002]]]}},{"type":"Feature","id":"w1094502934","properties":{"kind":"building","category":"yes","name":null,"area_m2":714.1,"centroid":[120.456135,23.463377]},"geometry":{"type":"Polygon","coordinates":[[[120.455923,23.463417],[120.456015,23.463266],[120.456117,23.463312],[120.456139,23.463276],[120.456291,23.463304],[120.456295,23.463471],[120.456261,23.463497],[120.456039,23.463476],[120.455923,23.463417]]]}},{"type":"Feature","id":"w1094502935","properties":{"kind":"building","category":"yes","name":null,"area_m2":206.3,"centroid":[120.456091,23.463146]},"geometry":{"type":"Polygon","coordinates":[[[120.455985,23.463147],[120.45604,23.46306],[120.456197,23.463144],[120.456142,23.463231],[120.455985,23.463147]]]}},{"type":"Feature","id":"w1094715958","properties":{"kind":"building","category":"apartments","name":null,"area_m2":445.2,"centroid":[120.452267,23.463006]},"geometry":{"type":"Polygon","coordinates":[[[120.452235,23.46287],[120.452394,23.46293],[120.452299,23.463142],[120.45214,23.463083],[120.452235,23.46287]]]}},{"type":"Feature","id":"w1094715959","properties":{"kind":"building","category":"apartments","name":null,"area_m2":447.2,"centroid":[120.452483,23.463084]},"geometry":{"type":"Polygon","coordinates":[[[120.452451,23.462948],[120.452611,23.463008],[120.452516,23.46322],[120.452356,23.46316],[120.452451,23.462948]]]}},{"type":"Feature","id":"w1100564837","properties":{"kind":"building","category":"hotel","name":"Hotel Hi 垂楊店","area_m2":435.5,"centroid":[120.437825,23.473036]},"geometry":{"type":"Polygon","coordinates":[[[120.43793,23.473173],[120.437961,23.472962],[120.437797,23.47297],[120.437766,23.472976],[120.437759,23.472986],[120.437735,23.473151],[120.43793,23.473173]]]}},{"type":"Feature","id":"w1100745791","properties":{"kind":"building","category":"residential","name":null,"area_m2":47.9,"centroid":[120.441873,23.469961]},"geometry":{"type":"Polygon","coordinates":[[[120.441802,23.469972],[120.441804,23.469942],[120.441945,23.46995],[120.441943,23.46998],[120.441802,23.469972]]]}},{"type":"Feature","id":"w1100745793","properties":{"kind":"building","category":"residential","name":null,"area_m2":500.9,"centroid":[120.44138,23.469807]},"geometry":{"type":"Polygon","coordinates":[[[120.441334,23.469634],[120.44149,23.469649],[120.441459,23.469931],[120.441313,23.469918],[120.441305,23.469904],[120.441334,23.469634]]]}},{"type":"Feature","id":"w1100745794","properties":{"kind":"building","category":"residential","name":null,"area_m2":180.4,"centroid":[120.441348,23.47006]},"geometry":{"type":"Polygon","coordinates":[[[120.441285,23.470126],[120.441297,23.469985],[120.44141,23.469994],[120.441398,23.470134],[120.441285,23.470126]]]}},{"type":"Feature","id":"w1100745795","properties":{"kind":"building","category":"residential","name":null,"area_m2":113.4,"centroid":[120.441143,23.469831]},"geometry":{"type":"Polygon","coordinates":[[[120.441042,23.469845],[120.441062,23.469769],[120.441199,23.469799],[120.441191,23.46983],[120.441175,23.469827],[120.441168,23.469854],[120.441154,23.469852],[120.44115,23.469869],[120.441042,23.469845]]]}},{"type":"Feature","id":"w1100745800","properties":{"kind":"building","category":"residential","name":null,"area_m2":270.0,"centroid":[120.441115,23.470156]},"geometry":{"type":"Polygon","coordinates":[[[120.441039,23.470235],[120.441044,23.470073],[120.441192,23.470077],[120.441186,23.470239],[120.441039,23.470235]]]}},{"type":"Feature","id":"w1100745801","properties":{"kind":"building","category":"yes","name":null,"area_m2":24.2,"centroid":[120.440751,23.470196]},"geometry":{"type":"Polygon","coordinates":[[[120.440774,23.470219],[120.440727,23.470218],[120.440729,23.470172],[120.440775,23.470173],[120.440774,23.470219]]]}},{"type":"Feature","id":"w1100745802","properties":{"kind":"building","category":"residential","name":null,"area_m2":611.5,"centroid":[120.440687,23.470293]},"geometry":{"type":"Polygon","coordinates":[[[120.440402,23.470288],[120.440423,23.470193],[120.440973,23.470298],[120.440951,23.470392],[120.440402,23.470288]]]}},{"type":"Feature","id":"w1100772675","properties":{"kind":"building","category":"residential","name":null,"area_m2":415.3,"centroid":[120.440776,23.468247]},"geometry":{"type":"Polygon","coordinates":[[[120.440706,23.46813],[120.440873,23.468147],[120.440847,23.468364],[120.440679,23.468347],[120.440706,23.46813]]]}},{"type":"Feature","id":"w1100772676","properties":{"kind":"building","category":"residential","name":null,"area_m2":1006.7,"centroid":[120.440367,23.468216]},"geometry":{"type":"Polygon","coordinates":[[[120.44016,23.468284],[120.440376,23.468307],[120.440382,23.468262],[120.440497,23.468274],[120.440492,23.468316],[120.440621,23.468329],[120.440647,23.468124],[120.440273,23.468085],[120.440229,23.468101],[120.440191,23.468126],[120.440174,23.46817],[120.44016,23.468284]]]}},{"type":"Feature","id":"w1100772677","properties":{"kind":"building","category":"residential","name":null,"area_m2":632.2,"centroid":[120.443204,23.468675]},"geometry":{"type":"Polygon","coordinates":[[[120.442998,23.468714],[120.44301,23.468579],[120.443494,23.468615],[120.443484,23.468723],[120.443122,23.468697],[120.443119,23.468722],[120.442998,23.468714]]]}},{"type":"Feature","id":"w1100804764","properties":{"kind":"building","category":"residential","name":null,"area_m2":141.5,"centroid":[120.439999,23.466267]},"geometry":{"type":"Polygon","coordinates":[[[120.439893,23.466287],[120.440098,23.466308],[120.440105,23.466248],[120.439901,23.466226],[120.439893,23.466287]]]}},{"type":"Feature","id":"w1100804765","properties":{"kind":"building","category":"residential","name":"泛國首富 No. 1","area_m2":486.9,"centroid":[120.440477,23.466362]},"geometry":{"type":"Polygon","coordinates":[[[120.440589,23.466229],[120.440557,23.466475],[120.440439,23.466463],[120.440385,23.466431],[120.440413,23.46621],[120.440589,23.466229]]]}},{"type":"Feature","id":"w1102963687","properties":{"kind":"building","category":"apartments","name":null,"area_m2":526.2,"centroid":[120.438404,23.48519]},"geometry":{"type":"Polygon","coordinates":[[[120.438191,23.485255],[120.438285,23.485329],[120.438302,23.485312],[120.438319,23.485326],[120.438338,23.485305],[120.438315,23.485287],[120.438392,23.485206],[120.438417,23.485226],[120.438435,23.485207],[120.43841,23.485187],[120.438492,23.4851],[120.438517,23.485119],[120.438538,23.485097],[120.438513,23.485077],[120.438547,23.485042],[120.438459,23.484971],[120.438191,23.485255]]]}},{"type":"Feature","id":"w1102963688","properties":{"kind":"building","category":"apartments","name":null,"area_m2":289.5,"centroid":[120.431206,23.485294]},"geometry":{"type":"Polygon","coordinates":[[[120.431136,23.485206],[120.431117,23.485367],[120.431275,23.485382],[120.431294,23.485222],[120.431136,23.485206]]]}},{"type":"Feature","id":"w1102963689","properties":{"kind":"building","category":"yes","name":null,"area_m2":376.4,"centroid":[120.433037,23.485621]},"geometry":{"type":"Polygon","coordinates":[[[120.432999,23.485484],[120.432946,23.485735],[120.433074,23.485758],[120.433127,23.485507],[120.432999,23.485484]]]}},{"type":"Feature","id":"w1102963690","properties":{"kind":"building","category":"apartments","name":null,"area_m2":657.3,"centroid":[120.434441,23.486188]},"geometry":{"type":"Polygon","coordinates":[[[120.43434,23.486349],[120.434569,23.486358],[120.43458,23.486094],[120.434544,23.486086],[120.434539,23.486123],[120.434299,23.486109],[120.434303,23.48619],[120.434357,23.486197],[120.43434,23.486349]]]}},{"type":"Feature","id":"w1102963691","properties":{"kind":"building","category":"apartments","name":null,"area_m2":708.6,"centroid":[120.433942,23.484959]},"geometry":{"type":"Polygon","coordinates":[[[120.43417,23.4849],[120.433824,23.484877],[120.433785,23.484911],[120.433775,23.48504],[120.434157,23.485065],[120.43417,23.4849]]]}},{"type":"Feature","id":"w1102963692","properties":{"kind":"building","category":"apartments","name":null,"area_m2":153.7,"centroid":[120.434193,23.484951]},"geometry":{"type":"Polygon","coordinates":[[[120.434223,23.485069],[120.434239,23.484863],[120.434174,23.484859],[120.43417,23.4849],[120.434157,23.485065],[120.434223,23.485069]]]}},{"type":"Feature","id":"w1102963693","properties":{"kind":"building","category":"apartments","name":null,"area_m2":176.5,"centroid":[120.434315,23.484977]},"geometry":{"type":"Polygon","coordinates":[[[120.434365,23.484873],[120.434294,23.484865],[120.434265,23.485082],[120.434336,23.48509],[120.434365,23.484873]]]}},{"type":"Feature","id":"w1102963694","properties":{"kind":"building","category":"apartments","name":null,"area_m2":129.4,"centroid":[120.434755,23.48499]},"geometry":{"type":"Polygon","coordinates":[[[120.434721,23.484917],[120.434708,23.485057],[120.434789,23.485064],[120.434802,23.484923],[120.434721,23.484917]]]}},{"type":"Feature","id":"w1102963695","properties":{"kind":"building","category":"apartments","name":null,"area_m2":634.5,"centroid":[120.434611,23.485028]},"geometry":{"type":"Polygon","coordinates":[[[120.434474,23.484898],[120.434453,23.485124],[120.4347,23.485143],[120.434708,23.485057],[120.434721,23.484917],[120.434474,23.484898]]]}},{"type":"Feature","id":"w1102963696","properties":{"kind":"building","category":"residential","name":null,"area_m2":85.7,"centroid":[120.43493,23.485012]},"geometry":{"type":"Polygon","coordinates":[[[120.434963,23.484928],[120.43492,23.484923],[120.434897,23.485095],[120.434941,23.4851],[120.434963,23.484928]]]}},{"type":"Feature","id":"w1102963697","properties":{"kind":"building","category":"residential","name":null,"area_m2":84.7,"centroid":[120.434973,23.485017]},"geometry":{"type":"Polygon","coordinates":[[[120.435006,23.484933],[120.434963,23.484928],[120.434941,23.4851],[120.434984,23.485105],[120.435006,23.484933]]]}},{"type":"Feature","id":"w1102963698","properties":{"kind":"building","category":"residential","name":null,"area_m2":85.3,"centroid":[120.435017,23.485021]},"geometry":{"type":"Polygon","coordinates":[[[120.43505,23.484938],[120.435006,23.484933],[120.434984,23.485105],[120.435027,23.485109],[120.43505,23.484938]]]}},{"type":"Feature","id":"w1102963699","properties":{"kind":"building","category":"residential","name":null,"area_m2":85.3,"centroid":[120.43506,23.485026]},"geometry":{"type":"Polygon","coordinates":[[[120.435093,23.484942],[120.43505,23.484938],[120.435027,23.485109],[120.435071,23.485114],[120.435093,23.484942]]]}},{"type":"Feature","id":"w1102963700","properties":{"kind":"building","category":"residential","name":null,"area_m2":84.7,"centroid":[120.435103,23.48503]},"geometry":{"type":"Polygon","coordinates":[[[120.435136,23.484947],[120.435093,23.484942],[120.435071,23.485114],[120.435114,23.485119],[120.435136,23.484947]]]}},{"type":"Feature","id":"w1102963701","properties":{"kind":"building","category":"residential","name":null,"area_m2":85.7,"centroid":[120.435147,23.485035]},"geometry":{"type":"Polygon","coordinates":[[[120.43518,23.484952],[120.435136,23.484947],[120.435114,23.485119],[120.435157,23.485124],[120.43518,23.484952]]]}},{"type":"Feature","id":"w1102963702","properties":{"kind":"building","category":"residential","name":null,"area_m2":84.4,"centroid":[120.43519,23.48504]},"geometry":{"type":"Polygon","coordinates":[[[120.435223,23.484957],[120.43518,23.484952],[120.435157,23.485124],[120.4352,23.485128],[120.435223,23.484957]]]}},{"type":"Feature","id":"w1102963703","properties":{"kind":"building","category":"residential","name":null,"area_m2":73.8,"centroid":[120.438145,23.4844]},"geometry":{"type":"Polygon","coordinates":[[[120.438209,23.484373],[120.438169,23.484339],[120.438081,23.484427],[120.438122,23.484461],[120.438209,23.484373]]]}},{"type":"Feature","id":"w1102963704","properties":{"kind":"building","category":"residential","name":null,"area_m2":74.1,"centroid":[120.438186,23.484434]},"geometry":{"type":"Polygon","coordinates":[[[120.43825,23.484407],[120.438209,23.484373],[120.438122,23.484461],[120.438163,23.484495],[120.43825,23.484407]]]}},{"type":"Feature","id":"w1102963705","properties":{"kind":"building","category":"residential","name":null,"area_m2":74.4,"centroid":[120.438227,23.484468]},"geometry":{"type":"Polygon","coordinates":[[[120.438291,23.484442],[120.43825,23.484407],[120.438163,23.484495],[120.438204,23.484529],[120.438291,23.484442]]]}},{"type":"Feature","id":"w1102963706","properties":{"kind":"building","category":"residential","name":null,"area_m2":74.4,"centroid":[120.438268,23.484503]},"geometry":{"type":"Polygon","coordinates":[[[120.438332,23.484476],[120.438291,23.484442],[120.438204,23.484529],[120.438245,23.484564],[120.438332,23.484476]]]}},{"type":"Feature","id":"w1102963707","properties":{"kind":"building","category":"apartments","name":null,"area_m2":224.5,"centroid":[120.438608,23.484497]},"geometry":{"type":"Polygon","coordinates":[[[120.43851,23.484491],[120.438568,23.484422],[120.438693,23.484425],[120.438736,23.484452],[120.438635,23.48456],[120.438593,23.484546],[120.438574,23.484531],[120.438555,23.484547],[120.43851,23.484491]]]}},{"type":"Feature","id":"w1102963708","properties":{"kind":"building","category":"yes","name":null,"area_m2":267.6,"centroid":[120.439459,23.484163]},"geometry":{"type":"Polygon","coordinates":[[[120.439345,23.484158],[120.439438,23.484266],[120.439573,23.484169],[120.43948,23.48406],[120.439345,23.484158]]]}},{"type":"Feature","id":"w1102963709","properties":{"kind":"building","category":"yes","name":null,"area_m2":114.4,"centroid":[120.438042,23.48303]},"geometry":{"type":"Polygon","coordinates":[[[120.438016,23.482952],[120.437964,23.482991],[120.438068,23.483108],[120.43812,23.483069],[120.438016,23.482952]]]}},{"type":"Feature","id":"w1102963710","properties":{"kind":"building","category":"apartments","name":null,"area_m2":89.0,"centroid":[120.440584,23.481456]},"geometry":{"type":"Polygon","coordinates":[[[120.440612,23.481538],[120.440637,23.481422],[120.440504,23.481408],[120.440612,23.481538]]]}},{"type":"Feature","id":"w1102963711","properties":{"kind":"building","category":"yes","name":null,"area_m2":92.8,"centroid":[120.441055,23.481577]},"geometry":{"type":"Polygon","coordinates":[[[120.441025,23.48152],[120.441008,23.481624],[120.441085,23.481635],[120.441102,23.48153],[120.441025,23.48152]]]}},{"type":"Feature","id":"w1102963712","properties":{"kind":"building","category":"residential","name":null,"area_m2":69.1,"centroid":[120.436743,23.484111]},"geometry":{"type":"Polygon","coordinates":[[[120.436834,23.484108],[120.436725,23.484094],[120.436668,23.484087],[120.436662,23.484123],[120.436828,23.484144],[120.436834,23.484108]]]}},{"type":"Feature","id":"w1102963713","properties":{"kind":"building","category":"residential","name":null,"area_m2":72.4,"centroid":[120.436784,23.484072]},"geometry":{"type":"Polygon","coordinates":[[[120.436842,23.48405],[120.436734,23.484036],[120.436725,23.484094],[120.436834,23.484108],[120.436842,23.48405]]]}},{"type":"Feature","id":"w1102963714","properties":{"kind":"building","category":"residential","name":null,"area_m2":128.4,"centroid":[120.436927,23.483949]},"geometry":{"type":"Polygon","coordinates":[[[120.436856,23.483906],[120.43685,23.483983],[120.436998,23.483991],[120.437004,23.483915],[120.436856,23.483906]]]}},{"type":"Feature","id":"w1102963715","properties":{"kind":"building","category":"apartments","name":null,"area_m2":207.9,"centroid":[120.437001,23.483652]},"geometry":{"type":"Polygon","coordinates":[[[120.436926,23.483587],[120.436908,23.483694],[120.437077,23.483717],[120.437095,23.483611],[120.436926,23.483587]]]}},{"type":"Feature","id":"w1102963716","properties":{"kind":"building","category":"apartments","name":null,"area_m2":1003.0,"centroid":[120.437142,23.48401]},"geometry":{"type":"Polygon","coordinates":[[[120.43693,23.48422],[120.437177,23.483891],[120.437161,23.483863],[120.437213,23.483782],[120.437299,23.483847],[120.437329,23.483817],[120.437402,23.483855],[120.437031,23.48432],[120.436923,23.484277],[120.43695,23.48423],[120.43693,23.48422]]]}},{"type":"Feature","id":"w1102963717","properties":{"kind":"building","category":"residential","name":null,"area_m2":64.7,"centroid":[120.437607,23.483768]},"geometry":{"type":"Polygon","coordinates":[[[120.437667,23.483834],[120.437648,23.483767],[120.437571,23.483716],[120.437541,23.483755],[120.437667,23.483834]]]}},{"type":"Feature","id":"w1102963718","properties":{"kind":"building","category":"residential","name":null,"area_m2":407.4,"centroid":[120.437351,23.4837]},"geometry":{"type":"Polygon","coordinates":[[[120.437192,23.483614],[120.437167,23.483714],[120.43751,23.483786],[120.437535,23.483686],[120.437192,23.483614]]]}},{"type":"Feature","id":"w1102963719","properties":{"kind":"building","category":"apartments","name":null,"area_m2":589.4,"centroid":[120.437421,23.484842]},"geometry":{"type":"Polygon","coordinates":[[[120.437402,23.484653],[120.437347,23.484721],[120.437433,23.484779],[120.437397,23.484823],[120.437383,23.484814],[120.437296,23.484921],[120.437409,23.484999],[120.437451,23.484947],[120.437478,23.484966],[120.437614,23.484799],[120.437402,23.484653]]]}},{"type":"Feature","id":"w1102963720","properties":{"kind":"building","category":"apartments","name":null,"area_m2":573.9,"centroid":[120.437951,23.484164]},"geometry":{"type":"Polygon","coordinates":[[[120.437742,23.484167],[120.437909,23.484293],[120.438014,23.484176],[120.438049,23.484202],[120.438096,23.484149],[120.437895,23.483996],[120.437742,23.484167]]]}},{"type":"Feature","id":"w1102963721","properties":{"kind":"building","category":"yes","name":null,"area_m2":708.6,"centroid":[120.438667,23.482152]},"geometry":{"type":"Polygon","coordinates":[[[120.438438,23.482094],[120.43858,23.482064],[120.43871,23.482007],[120.438787,23.48209],[120.438711,23.482127],[120.438741,23.482167],[120.438727,23.482307],[120.438641,23.482363],[120.438438,23.482094]]]}},{"type":"Feature","id":"w1102963722","properties":{"kind":"building","category":"yes","name":null,"area_m2":158.2,"centroid":[120.438447,23.481747]},"geometry":{"type":"Polygon","coordinates":[[[120.438419,23.481653],[120.438357,23.481695],[120.438476,23.481842],[120.438537,23.4818],[120.438419,23.481653]]]}},{"type":"Feature","id":"w1102963723","properties":{"kind":"building","category":"residential","name":null,"area_m2":112.3,"centroid":[120.438203,23.48153]},"geometry":{"type":"Polygon","coordinates":[[[120.438132,23.481411],[120.438102,23.481431],[120.438274,23.481648],[120.438304,23.481628],[120.438132,23.481411]]]}},{"type":"Feature","id":"w1102963724","properties":{"kind":"building","category":"residential","name":null,"area_m2":72.1,"centroid":[120.440724,23.481819]},"geometry":{"type":"Polygon","coordinates":[[[120.440695,23.481771],[120.440678,23.481855],[120.440752,23.481867],[120.440769,23.481784],[120.440695,23.481771]]]}},{"type":"Feature","id":"w1102963725","properties":{"kind":"building","category":"residential","name":null,"area_m2":79.6,"centroid":[120.440653,23.481818]},"geometry":{"type":"Polygon","coordinates":[[[120.4406,23.481846],[120.440677,23.481859],[120.440678,23.481855],[120.440695,23.481771],[120.440617,23.481758],[120.4406,23.481846]]]}},{"type":"Feature","id":"w1102963726","properties":{"kind":"building","category":"residential","name":null,"area_m2":111.2,"centroid":[120.440525,23.48168]},"geometry":{"type":"Polygon","coordinates":[[[120.440472,23.481735],[120.440545,23.481752],[120.440579,23.481625],[120.440505,23.481609],[120.440472,23.481735]]]}},{"type":"Feature","id":"w1102963727","properties":{"kind":"building","category":"yes","name":null,"area_m2":187.0,"centroid":[120.439921,23.480632]},"geometry":{"type":"Polygon","coordinates":[[[120.439854,23.480641],[120.439896,23.480715],[120.440017,23.480657],[120.439919,23.480514],[120.439854,23.480641]]]}},{"type":"Feature","id":"w1102963728","properties":{"kind":"building","category":"residential","name":null,"area_m2":184.3,"centroid":[120.438678,23.480064]},"geometry":{"type":"Polygon","coordinates":[[[120.438628,23.48015],[120.438783,23.480046],[120.438727,23.479978],[120.438573,23.480081],[120.438628,23.48015]]]}},{"type":"Feature","id":"w1102963729","properties":{"kind":"building","category":"residential","name":null,"area_m2":142.3,"centroid":[120.438727,23.480124]},"geometry":{"type":"Polygon","coordinates":[[[120.438825,23.480099],[120.438783,23.480046],[120.438628,23.48015],[120.438671,23.480203],[120.438825,23.480099]]]}},{"type":"Feature","id":"w1102963730","properties":{"kind":"building","category":"residential","name":null,"area_m2":144.3,"centroid":[120.43877,23.480178]},"geometry":{"type":"Polygon","coordinates":[[[120.438714,23.480257],[120.438868,23.480153],[120.438825,23.480099],[120.438671,23.480203],[120.438714,23.480257]]]}},{"type":"Feature","id":"w1102963731","properties":{"kind":"building","category":"residential","name":null,"area_m2":200.3,"centroid":[120.438858,23.480262]},"geometry":{"type":"Polygon","coordinates":[[[120.438783,23.480356],[120.438928,23.480254],[120.438952,23.480238],[120.438897,23.480171],[120.438728,23.480289],[120.438783,23.480356]]]}},{"type":"Feature","id":"w1102963732","properties":{"kind":"building","category":"yes","name":null,"area_m2":836.0,"centroid":[120.437585,23.480771]},"geometry":{"type":"Polygon","coordinates":[[[120.437501,23.480957],[120.437388,23.480812],[120.437491,23.480746],[120.437783,23.480543],[120.43776,23.480797],[120.437501,23.480957]]]}},{"type":"Feature","id":"w1102963733","properties":{"kind":"building","category":"residential","name":null,"area_m2":107.4,"centroid":[120.439084,23.4803]},"geometry":{"type":"Polygon","coordinates":[[[120.439058,23.480224],[120.439008,23.480261],[120.439111,23.480376],[120.43916,23.480338],[120.439058,23.480224]]]}},{"type":"Feature","id":"w1102963734","properties":{"kind":"building","category":"yes","name":null,"area_m2":55.6,"centroid":[120.440785,23.480301]},"geometry":{"type":"Polygon","coordinates":[[[120.440817,23.480367],[120.440845,23.480347],[120.440754,23.480236],[120.440726,23.480256],[120.440817,23.480367]]]}},{"type":"Feature","id":"w1102963735","properties":{"kind":"building","category":"yes","name":null,"area_m2":142.9,"centroid":[120.44076,23.480399]},"geometry":{"type":"Polygon","coordinates":[[[120.440823,23.480514],[120.440863,23.480487],[120.440697,23.480284],[120.440657,23.480312],[120.440823,23.480514]]]}},{"type":"Feature","id":"w1102963736","properties":{"kind":"building","category":"yes","name":null,"area_m2":103.2,"centroid":[120.440708,23.48044]},"geometry":{"type":"Polygon","coordinates":[[[120.440774,23.480539],[120.440804,23.480515],[120.440642,23.480341],[120.440611,23.480364],[120.440774,23.480539]]]}},{"type":"Feature","id":"w1102963737","properties":{"kind":"building","category":"yes","name":null,"area_m2":221.2,"centroid":[120.440841,23.480233]},"geometry":{"type":"Polygon","coordinates":[[[120.440873,23.480339],[120.440948,23.480282],[120.44081,23.480127],[120.440734,23.480184],[120.440873,23.480339]]]}},{"type":"Feature","id":"w1102963738","properties":{"kind":"building","category":"yes","name":null,"area_m2":570.9,"centroid":[120.440553,23.480111]},"geometry":{"type":"Polygon","coordinates":[[[120.440381,23.480117],[120.440497,23.48026],[120.440725,23.480105],[120.440609,23.479962],[120.440381,23.480117]]]}},{"type":"Feature","id":"w1112665791","properties":{"kind":"building","category":"yes","name":"KANO遊客中心","area_m2":282.6,"centroid":[120.464017,23.482211]},"geometry":{"type":"Polygon","coordinates":[[[120.463895,23.482244],[120.46392,23.482135],[120.464139,23.482177],[120.464114,23.482287],[120.463895,23.482244]]]}},{"type":"Feature","id":"w1117742490","properties":{"kind":"building","category":"yes","name":null,"area_m2":146.8,"centroid":[120.431392,23.485392]},"geometry":{"type":"Polygon","coordinates":[[[120.43132,23.485434],[120.431456,23.485445],[120.431464,23.48535],[120.431328,23.485339],[120.43132,23.485434]]]}},{"type":"Feature","id":"w1117742500","properties":{"kind":"building","category":"yes","name":null,"area_m2":209.1,"centroid":[120.43434,23.482604]},"geometry":{"type":"Polygon","coordinates":[[[120.434317,23.48247],[120.434387,23.482475],[120.434363,23.482738],[120.434293,23.482733],[120.434317,23.48247]]]}},{"type":"Feature","id":"w1117742502","properties":{"kind":"building","category":"yes","name":null,"area_m2":352.4,"centroid":[120.433228,23.485505]},"geometry":{"type":"Polygon","coordinates":[[[120.433259,23.485411],[120.43316,23.485406],[120.433129,23.485613],[120.433286,23.485624],[120.433307,23.485469],[120.433259,23.485411]]]}},{"type":"Feature","id":"w1117742504","properties":{"kind":"building","category":"yes","name":null,"area_m2":229.8,"centroid":[120.434146,23.4825]},"geometry":{"type":"Polygon","coordinates":[[[120.434089,23.482413],[120.434084,23.482584],[120.434203,23.482587],[120.434208,23.482416],[120.434089,23.482413]]]}},{"type":"Feature","id":"w1117742506","properties":{"kind":"building","category":"yes","name":null,"area_m2":1052.3,"centroid":[120.433394,23.482512]},"geometry":{"type":"Polygon","coordinates":[[[120.433087,23.482381],[120.433191,23.482382],[120.433189,23.482408],[120.433612,23.482441],[120.433657,23.482509],[120.433636,23.482688],[120.433542,23.482677],[120.433554,23.482587],[120.433075,23.482538],[120.433087,23.482381]]]}},{"type":"Feature","id":"w1117742508","properties":{"kind":"building","category":"yes","name":null,"area_m2":659.2,"centroid":[120.433674,23.481938]},"geometry":{"type":"Polygon","coordinates":[[[120.433651,23.482108],[120.433738,23.482049],[120.43378,23.481718],[120.43363,23.481712],[120.433572,23.482105],[120.433651,23.482108]]]}},{"type":"Feature","id":"w1117742514","properties":{"kind":"building","category":"yes","name":null,"area_m2":323.1,"centroid":[120.433112,23.473491]},"geometry":{"type":"Polygon","coordinates":[[[120.433238,23.473402],[120.43315,23.47335],[120.432987,23.473579],[120.433075,23.473631],[120.433238,23.473402]]]}},{"type":"Feature","id":"w1117742516","properties":{"kind":"building","category":"yes","name":"嘉禾玉山國際大飯店","area_m2":1931.7,"centroid":[120.430735,23.472697]},"geometry":{"type":"Polygon","coordinates":[[[120.430724,23.472819],[120.430789,23.472813],[120.430835,23.472787],[120.430864,23.472731],[120.430942,23.472429],[120.430567,23.47234],[120.430458,23.472797],[120.430704,23.472857],[120.430724,23.472819]]]}},{"type":"Feature","id":"w1117742518","properties":{"kind":"building","category":"yes","name":null,"area_m2":1048.2,"centroid":[120.430499,23.470634]},"geometry":{"type":"Polygon","coordinates":[[[120.430787,23.47072],[120.430528,23.470443],[120.430406,23.470529],[120.430506,23.470655],[120.430476,23.470677],[120.430324,23.470493],[120.430269,23.470519],[120.430547,23.470832],[120.430644,23.470839],[120.430787,23.47072]]]}},{"type":"Feature","id":"w1117946207","properties":{"kind":"building","category":"yes","name":null,"area_m2":435.4,"centroid":[120.430232,23.474287]},"geometry":{"type":"Polygon","coordinates":[[[120.430302,23.474453],[120.430391,23.474389],[120.430162,23.474121],[120.430073,23.474186],[120.430302,23.474453]]]}},{"type":"Feature","id":"w1117946209","properties":{"kind":"building","category":"yes","name":null,"area_m2":281.7,"centroid":[120.439123,23.480178]},"geometry":{"type":"Polygon","coordinates":[[[120.439091,23.480071],[120.439056,23.480065],[120.439035,23.480155],[120.439177,23.480328],[120.439256,23.480273],[120.439091,23.480071]]]}},{"type":"Feature","id":"w1117946211","properties":{"kind":"building","category":"yes","name":null,"area_m2":69.7,"centroid":[120.439108,23.479951]},"geometry":{"type":"Polygon","coordinates":[[[120.439176,23.479931],[120.439043,23.479925],[120.439041,23.479971],[120.439173,23.479978],[120.439176,23.479931]]]}},{"type":"Feature","id":"w1133510017","properties":{"kind":"green","category":"grass","name":null,"area_m2":2372.5,"centroid":[120.429581,23.477789]},"geometry":{"type":"Polygon","coordinates":[[[120.428575,23.478199],[120.429953,23.477791],[120.430246,23.477647],[120.430542,23.477506],[120.430474,23.477416],[120.430333,23.477467],[120.430102,23.477519],[120.428447,23.478012],[120.428467,23.478045],[120.429857,23.47763],[120.429929,23.477771],[120.429587,23.477861],[120.429071,23.478015],[120.428556,23.478169],[120.428575,23.478199]]]}},{"type":"Feature","id":"w1133510020","properties":{"kind":"green","category":"grass","name":null,"area_m2":355.9,"centroid":[120.430848,23.477214]},"geometry":{"type":"Polygon","coordinates":[[[120.430736,23.477344],[120.43069,23.477288],[120.430678,23.477272],[120.430771,23.477225],[120.431094,23.47706],[120.431121,23.477097],[120.430736,23.477344]]]}},{"type":"Feature","id":"w1133510021","properties":{"kind":"green","category":"grass","name":null,"area_m2":1799.6,"centroid":[120.43152,23.47673]},"geometry":{"type":"Polygon","coordinates":[[[120.432582,23.476055],[120.43274,23.47625],[120.43187,23.476509],[120.43185,23.476494],[120.430901,23.477076],[120.430831,23.477122],[120.430703,23.477178],[120.430685,23.477154],[120.432582,23.476055]]]}},{"type":"Feature","id":"w1175852688","properties":{"kind":"building","category":"yes","name":"中華電信","area_m2":866.2,"centroid":[120.430211,23.481786]},"geometry":{"type":"Polygon","coordinates":[[[120.430027,23.481576],[120.430132,23.481513],[120.430194,23.4816],[120.430344,23.481812],[120.430375,23.481856],[120.430396,23.481885],[120.430137,23.482039],[120.430069,23.481943],[120.430222,23.481852],[120.430027,23.481576]]]}},{"type":"Feature","id":"w1175852689","properties":{"kind":"building","category":"yes","name":null,"area_m2":188.3,"centroid":[120.430428,23.481799]},"geometry":{"type":"Polygon","coordinates":[[[120.430442,23.481866],[120.430485,23.481847],[120.430507,23.481793],[120.430483,23.481741],[120.430423,23.481725],[120.430367,23.481752],[120.430344,23.481812],[120.430375,23.481856],[120.430442,23.481866]]]}},{"type":"Feature","id":"w1175852690","properties":{"kind":"building","category":"yes","name":null,"area_m2":303.0,"centroid":[120.430325,23.481686]},"geometry":{"type":"Polygon","coordinates":[[[120.430423,23.481725],[120.430299,23.481541],[120.430194,23.4816],[120.430344,23.481812],[120.430367,23.481752],[120.430423,23.481725]]]}},{"type":"Feature","id":"w1178719984","properties":{"kind":"building","category":"yes","name":null,"area_m2":123.5,"centroid":[120.457106,23.493684]},"geometry":{"type":"Polygon","coordinates":[[[120.457121,23.493757],[120.457051,23.493711],[120.457052,23.493697],[120.457128,23.493592],[120.45718,23.493661],[120.457121,23.493757]]]}},{"type":"Feature","id":"w1178719985","properties":{"kind":"building","category":"yes","name":"中華電信","area_m2":131.4,"centroid":[120.457307,23.493407]},"geometry":{"type":"Polygon","coordinates":[[[120.457266,23.493465],[120.45731,23.493491],[120.457388,23.493381],[120.4573,23.493329],[120.45727,23.49337],[120.457266,23.493465]]]}},{"type":"Feature","id":"w1190073420","properties":{"kind":"building","category":"yes","name":"中央台","area_m2":175.0,"centroid":[120.459006,23.486229]},"geometry":{"type":"Polygon","coordinates":[[[120.45886,23.486248],[120.459025,23.486271],[120.459058,23.486275],[120.459063,23.486248],[120.459067,23.486222],[120.45907,23.486199],[120.459035,23.486194],[120.458871,23.486172],[120.45886,23.486248]]]}},{"type":"Feature","id":"w1190073421","properties":{"kind":"building","category":"yes","name":"勇舍","area_m2":549.6,"centroid":[120.459214,23.486453]},"geometry":{"type":"Polygon","coordinates":[[[120.459434,23.486735],[120.45905,23.486358],[120.459077,23.486334],[120.459101,23.486314],[120.459119,23.486299],[120.459503,23.486676],[120.459434,23.486735]]]}},{"type":"Feature","id":"w1190073422","properties":{"kind":"building","category":"yes","name":"仁舍","area_m2":284.4,"centroid":[120.459247,23.486259]},"geometry":{"type":"Polygon","coordinates":[[[120.459137,23.486281],[120.459141,23.486257],[120.459146,23.486231],[120.459151,23.486202],[120.459459,23.48625],[120.459447,23.48633],[120.459137,23.486281]]]}},{"type":"Feature","id":"w1190073423","properties":{"kind":"building","category":"yes","name":"智舍","area_m2":555.3,"centroid":[120.459288,23.486062]},"geometry":{"type":"Polygon","coordinates":[[[120.459134,23.4862],[120.459115,23.486172],[120.4591,23.48615],[120.459089,23.486134],[120.459621,23.485825],[120.459667,23.485891],[120.459134,23.4862]]]}},{"type":"Feature","id":"w1190073424","properties":{"kind":"building","category":"yes","name":null,"area_m2":23.5,"centroid":[120.459104,23.486239]},"geometry":{"type":"Polygon","coordinates":[[[120.459063,23.486248],[120.459141,23.486257],[120.459146,23.486231],[120.459067,23.486222],[120.459063,23.486248]]]}},{"type":"Feature","id":"w1190073425","properties":{"kind":"building","category":"yes","name":null,"area_m2":20.7,"centroid":[120.459065,23.486298]},"geometry":{"type":"Polygon","coordinates":[[[120.459077,23.486334],[120.459025,23.486271],[120.459058,23.486275],[120.459101,23.486314],[120.459077,23.486334]]]}},{"type":"Feature","id":"w1190073426","properties":{"kind":"building","category":"yes","name":null,"area_m2":18.4,"centroid":[120.45908,23.486179]},"geometry":{"type":"Polygon","coordinates":[[[120.45907,23.486199],[120.459115,23.486172],[120.4591,23.48615],[120.459035,23.486194],[120.45907,23.486199]]]}},{"type":"Feature","id":"w1190073427","properties":{"kind":"building","category":"yes","name":"病舍","area_m2":198.5,"centroid":[120.459507,23.486304]},"geometry":{"type":"Polygon","coordinates":[[[120.459443,23.486352],[120.459447,23.48633],[120.459459,23.48625],[120.459464,23.486248],[120.459624,23.486269],[120.459608,23.486374],[120.459443,23.486352]]]}},{"type":"Feature","id":"w1190073428","properties":{"kind":"building","category":"yes","name":"第一第二工廠","area_m2":936.8,"centroid":[120.459263,23.48572]},"geometry":{"type":"Polygon","coordinates":[[[120.458889,23.485771],[120.458907,23.485648],[120.459213,23.485685],[120.459215,23.485669],[120.459403,23.485692],[120.4594,23.485713],[120.459548,23.485731],[120.45953,23.48585],[120.458889,23.485771]]]}},{"type":"Feature","id":"w1190073429","properties":{"kind":"building","category":"yes","name":"看守所一工廠","area_m2":651.8,"centroid":[120.459098,23.486622]},"geometry":{"type":"Polygon","coordinates":[[[120.458932,23.486736],[120.458965,23.486457],[120.459093,23.48647],[120.459073,23.486639],[120.459269,23.486659],[120.459255,23.486768],[120.458932,23.486736]]]}},{"type":"Feature","id":"w1190073431","properties":{"kind":"building","category":"yes","name":"行政大樓","area_m2":324.7,"centroid":[120.458815,23.486205]},"geometry":{"type":"Polygon","coordinates":[[[120.458701,23.486287],[120.458852,23.486306],[120.45886,23.486248],[120.458871,23.486172],[120.458879,23.486118],[120.458728,23.4861],[120.458701,23.486287]]]}},{"type":"Feature","id":"w1190073432","properties":{"kind":"building","category":"yes","name":"日新堂","area_m2":333.7,"centroid":[120.458956,23.485954]},"geometry":{"type":"Polygon","coordinates":[[[120.458896,23.486078],[120.459015,23.486079],[120.459017,23.48583],[120.458898,23.48583],[120.458896,23.486078]]]}},{"type":"Feature","id":"w1190073433","properties":{"kind":"building","category":"yes","name":"第四工廠","area_m2":255.4,"centroid":[120.459832,23.486403]},"geometry":{"type":"Polygon","coordinates":[[[120.459707,23.486424],[120.459733,23.486329],[120.459957,23.486381],[120.459931,23.486476],[120.459707,23.486424]]]}},{"type":"Feature","id":"w1190073434","properties":{"kind":"building","category":"yes","name":"第三工廠","area_m2":480.9,"centroid":[120.459901,23.486183]},"geometry":{"type":"Polygon","coordinates":[[[120.459765,23.486247],[120.459817,23.486065],[120.460036,23.486118],[120.459984,23.4863],[120.459765,23.486247]]]}},{"type":"Feature","id":"w1190073435","properties":{"kind":"building","category":"yes","name":"婦育館","area_m2":467.3,"centroid":[120.458698,23.485784]},"geometry":{"type":"Polygon","coordinates":[[[120.45868,23.485943],[120.458789,23.485955],[120.458828,23.485676],[120.458598,23.485649],[120.458586,23.485734],[120.458707,23.485748],[120.45868,23.485943]]]}},{"type":"Feature","id":"w1190073436","properties":{"kind":"building","category":"yes","name":null,"area_m2":264.8,"centroid":[120.458668,23.485981]},"geometry":{"type":"Polygon","coordinates":[[[120.45854,23.486027],[120.458553,23.485929],[120.45868,23.485943],[120.458789,23.485955],[120.458776,23.486053],[120.45854,23.486027]]]}},{"type":"Feature","id":"w1190073437","properties":{"kind":"building","category":"yes","name":null,"area_m2":680.4,"centroid":[120.458692,23.486612]},"geometry":{"type":"Polygon","coordinates":[[[120.458464,23.486695],[120.458492,23.486523],[120.458572,23.486534],[120.45856,23.486597],[120.458593,23.486635],[120.458787,23.486657],[120.458821,23.486464],[120.458937,23.486475],[120.458898,23.486718],[120.458744,23.486697],[120.458739,23.486732],[120.458464,23.486695]]]}},{"type":"Feature","id":"w1191459937","properties":{"kind":"building","category":"apartments","name":null,"area_m2":1526.8,"centroid":[120.430413,23.491381]},"geometry":{"type":"Polygon","coordinates":[[[120.430239,23.491189],[120.430197,23.491531],[120.430587,23.491572],[120.43063,23.49123],[120.430239,23.491189]]]}},{"type":"Feature","id":"w1191459938","properties":{"kind":"building","category":"apartments","name":null,"area_m2":364.6,"centroid":[120.432778,23.493593]},"geometry":{"type":"Polygon","coordinates":[[[120.432672,23.493666],[120.432867,23.493684],[120.432885,23.49352],[120.43269,23.493502],[120.432672,23.493666]]]}},{"type":"Feature","id":"w1191459939","properties":{"kind":"building","category":"apartments","name":null,"area_m2":366.2,"centroid":[120.432548,23.493572]},"geometry":{"type":"Polygon","coordinates":[[[120.432457,23.493482],[120.432439,23.493643],[120.432639,23.493662],[120.432656,23.493501],[120.432457,23.493482]]]}},{"type":"Feature","id":"w1191459940","properties":{"kind":"building","category":"apartments","name":null,"area_m2":229.8,"centroid":[120.432553,23.49342]},"geometry":{"type":"Polygon","coordinates":[[[120.432659,23.493379],[120.432458,23.49336],[120.432447,23.493461],[120.432647,23.493479],[120.432659,23.493379]]]}},{"type":"Feature","id":"w1191459941","properties":{"kind":"building","category":"apartments","name":null,"area_m2":228.3,"centroid":[120.432753,23.493438]},"geometry":{"type":"Polygon","coordinates":[[[120.432859,23.493398],[120.432659,23.493379],[120.432647,23.493479],[120.432847,23.493498],[120.432859,23.493398]]]}},{"type":"Feature","id":"w1191459942","properties":{"kind":"building","category":"apartments","name":null,"area_m2":338.0,"centroid":[120.431956,23.493531]},"geometry":{"type":"Polygon","coordinates":[[[120.431866,23.493447],[120.431851,23.493599],[120.432047,23.493615],[120.432061,23.493463],[120.431866,23.493447]]]}},{"type":"Feature","id":"w1191459943","properties":{"kind":"building","category":"apartments","name":null,"area_m2":981.7,"centroid":[120.431899,23.493163]},"geometry":{"type":"Polygon","coordinates":[[[120.431633,23.493151],[120.431826,23.493364],[120.431936,23.493281],[120.431817,23.493149],[120.431905,23.493082],[120.432024,23.493214],[120.432122,23.493139],[120.43193,23.492926],[120.431633,23.493151]]]}},{"type":"Feature","id":"w1200889459","properties":{"kind":"green","category":"grass","name":null,"area_m2":184.0,"centroid":[120.429884,23.481068]},"geometry":{"type":"Polygon","coordinates":[[[120.42972,23.480932],[120.42971,23.480918],[120.429704,23.480902],[120.429704,23.480884],[120.429712,23.480873],[120.429766,23.480844],[120.429781,23.480842],[120.429795,23.480848],[120.429809,23.48086],[120.42982,23.480875],[120.429775,23.480902],[120.429982,23.481206],[120.43003,23.481178],[120.43004,23.481195],[120.430044,23.481202],[120.430045,23.48121],[120.430045,23.48122],[120.430037,23.481231],[120.429985,23.481261],[120.429976,23.481264],[120.429961,23.481263],[120.42995,23.481259],[120.42994,23.481251],[120.42993,23.481235],[120.429969,23.481212],[120.429762,23.480909],[120.42972,23.480932]]]}},{"type":"Feature","id":"w1200889474","properties":{"kind":"green","category":"grass","name":null,"area_m2":1543.2,"centroid":[120.42977,23.480918]},"geometry":{"type":"Polygon","coordinates":[[[120.430302,23.481321],[120.430274,23.481279],[120.430161,23.481298],[120.430051,23.481365],[120.430037,23.481347],[120.430023,23.481328],[120.430143,23.481261],[120.430208,23.481258],[120.430226,23.481247],[120.430231,23.481235],[120.430235,23.481221],[120.429782,23.480528],[120.429687,23.480502],[120.42906,23.480857],[120.429094,23.480902],[120.429106,23.480909],[120.429118,23.480909],[120.42913,23.480907],[120.429142,23.480902],[120.429111,23.480857],[120.429646,23.480549],[120.429676,23.480594],[120.42973,23.480566],[120.429761,23.48061],[120.429712,23.48064],[120.42974,23.480682],[120.429611,23.480754],[120.429583,23.480712],[120.429575,23.480724],[120.429573,23.480738],[120.429576,23.48075],[120.429596,23.480779],[120.429608,23.480789],[120.42962,23.480789],[120.429632,23.480786],[120.429644,23.480779],[120.429807,23.480683],[120.429845,23.480687],[120.429859,23.480696],[120.429986,23.480884],[120.429963,23.480885],[120.429938,23.480886],[120.429835,23.480738],[120.429827,23.480733],[120.429814,23.480732],[120.429798,23.480736],[120.429659,23.480813],[120.429654,23.480821],[120.429652,23.480832],[120.429661,23.480846],[120.429672,23.480849],[120.429684,23.480849],[120.429829,23.480771],[120.429926,23.480904],[120.429923,23.480938],[120.43013,23.481241],[120.430007,23.481308],[120.429994,23.481323],[120.429996,23.481338],[120.430003,23.481353],[120.430075,23.481455],[120.430302,23.481321]]]}},{"type":"Feature","id":"w1202568082","properties":{"kind":"building","category":"yes","name":null,"area_m2":242.5,"centroid":[120.434402,23.480363]},"geometry":{"type":"Polygon","coordinates":[[[120.43443,23.480487],[120.434463,23.480245],[120.434372,23.48024],[120.434344,23.480479],[120.43443,23.480487]]]}},{"type":"Feature","id":"w1214409484","properties":{"kind":"building","category":"apartments","name":null,"area_m2":171.8,"centroid":[120.431333,23.466728]},"geometry":{"type":"Polygon","coordinates":[[[120.431298,23.466633],[120.431236,23.466681],[120.431369,23.466823],[120.431431,23.466774],[120.431298,23.466633]]]}},{"type":"Feature","id":"w1222997303","properties":{"kind":"building","category":"residential","name":null,"area_m2":101.6,"centroid":[120.459273,23.481659]},"geometry":{"type":"Polygon","coordinates":[[[120.459223,23.481706],[120.459305,23.481718],[120.459324,23.481611],[120.459242,23.481599],[120.459223,23.481706]]]}},{"type":"Feature","id":"w1222997304","properties":{"kind":"building","category":"residential","name":null,"area_m2":103.3,"centroid":[120.459409,23.48152]},"geometry":{"type":"Polygon","coordinates":[[[120.459367,23.481597],[120.459423,23.481605],[120.45945,23.481444],[120.459395,23.481436],[120.459367,23.481597]]]}},{"type":"Feature","id":"w1222997305","properties":{"kind":"building","category":"residential","name":null,"area_m2":126.4,"centroid":[120.459555,23.481704]},"geometry":{"type":"Polygon","coordinates":[[[120.459486,23.48174],[120.45961,23.481757],[120.459625,23.481669],[120.4595,23.481652],[120.459486,23.48174]]]}},{"type":"Feature","id":"w1222997306","properties":{"kind":"building","category":"yes","name":null,"area_m2":461.8,"centroid":[120.4605,23.482199]},"geometry":{"type":"Polygon","coordinates":[[[120.460355,23.482266],[120.460611,23.482294],[120.460634,23.482132],[120.460398,23.482103],[120.460355,23.482266]]]}},{"type":"Feature","id":"w1222997459","properties":{"kind":"building","category":"residential","name":null,"area_m2":455.9,"centroid":[120.459548,23.480865]},"geometry":{"type":"Polygon","coordinates":[[[120.459394,23.48092],[120.45968,23.480951],[120.459698,23.480812],[120.459419,23.480778],[120.459394,23.48092]]]}},{"type":"Feature","id":"w1222997460","properties":{"kind":"building","category":"residential","name":null,"area_m2":153.1,"centroid":[120.459763,23.480965]},"geometry":{"type":"Polygon","coordinates":[[[120.459702,23.481024],[120.459805,23.481038],[120.459824,23.480903],[120.459723,23.480897],[120.459702,23.481024]]]}},{"type":"Feature","id":"w1222997616","properties":{"kind":"building","category":"residential","name":null,"area_m2":430.4,"centroid":[120.460352,23.48095]},"geometry":{"type":"Polygon","coordinates":[[[120.460232,23.481025],[120.460456,23.481044],[120.460473,23.480875],[120.460248,23.480857],[120.460232,23.481025]]]}},{"type":"Feature","id":"w1222997617","properties":{"kind":"building","category":"residential","name":null,"area_m2":221.0,"centroid":[120.459933,23.480865]},"geometry":{"type":"Polygon","coordinates":[[[120.459835,23.480903],[120.460023,23.480927],[120.460038,23.480826],[120.459836,23.480805],[120.459835,23.480903]]]}},{"type":"Feature","id":"w1222997618","properties":{"kind":"building","category":"residential","name":null,"area_m2":200.0,"centroid":[120.460385,23.481169]},"geometry":{"type":"Polygon","coordinates":[[[120.460313,23.481247],[120.460422,23.481257],[120.460453,23.481089],[120.460351,23.481084],[120.460313,23.481247]]]}},{"type":"Feature","id":"w1222997619","properties":{"kind":"building","category":"residential","name":null,"area_m2":93.6,"centroid":[120.460176,23.481295]},"geometry":{"type":"Polygon","coordinates":[[[120.460116,23.481328],[120.460222,23.481339],[120.460236,23.481262],[120.460129,23.481252],[120.460116,23.481328]]]}},{"type":"Feature","id":"w1222997620","properties":{"kind":"building","category":"residential","name":null,"area_m2":174.7,"centroid":[120.459846,23.481316]},"geometry":{"type":"Polygon","coordinates":[[[120.459754,23.481349],[120.459922,23.481373],[120.459937,23.481283],[120.459769,23.481259],[120.459754,23.481349]]]}},{"type":"Feature","id":"w1222997621","properties":{"kind":"building","category":"residential","name":null,"area_m2":155.8,"centroid":[120.459718,23.481133]},"geometry":{"type":"Polygon","coordinates":[[[120.459639,23.481173],[120.459778,23.481191],[120.459794,23.481096],[120.459661,23.481071],[120.459639,23.481173]]]}},{"type":"Feature","id":"w1222997749","properties":{"kind":"building","category":"residential","name":null,"area_m2":426.2,"centroid":[120.460549,23.48124]},"geometry":{"type":"Polygon","coordinates":[[[120.460415,23.481307],[120.460657,23.481329],[120.460679,23.481173],[120.460446,23.48115],[120.460415,23.481307]]]}},{"type":"Feature","id":"w1222997750","properties":{"kind":"building","category":"residential","name":null,"area_m2":255.2,"centroid":[120.460589,23.480978]},"geometry":{"type":"Polygon","coordinates":[[[120.460515,23.481056],[120.460646,23.481071],[120.460664,23.480905],[120.460533,23.480882],[120.460515,23.481056]]]}},{"type":"Feature","id":"w1222997751","properties":{"kind":"building","category":"residential","name":null,"area_m2":410.8,"centroid":[120.459902,23.481172]},"geometry":{"type":"Polygon","coordinates":[[[120.459783,23.481251],[120.459917,23.481266],[120.459925,23.481204],[120.459978,23.48121],[120.459998,23.481062],[120.459812,23.481041],[120.459783,23.481251]]]}},{"type":"Feature","id":"w1223382839","properties":{"kind":"building","category":"yes","name":null,"area_m2":300.8,"centroid":[120.451553,23.495056]},"geometry":{"type":"Polygon","coordinates":[[[120.45147,23.495145],[120.451504,23.494948],[120.451636,23.494967],[120.451602,23.495164],[120.45147,23.495145]]]}},{"type":"Feature","id":"w1223382840","properties":{"kind":"building","category":"yes","name":null,"area_m2":288.4,"centroid":[120.451327,23.495126]},"geometry":{"type":"Polygon","coordinates":[[[120.451184,23.495126],[120.4513,23.495131],[120.451307,23.495011],[120.451392,23.495014],[120.451388,23.495134],[120.451425,23.495135],[120.451423,23.495202],[120.451346,23.495203],[120.451182,23.495176],[120.451184,23.495126]]]}},{"type":"Feature","id":"w1223382841","properties":{"kind":"green","category":"village_green","name":null,"area_m2":2180.2,"centroid":[120.451216,23.496035]},"geometry":{"type":"Polygon","coordinates":[[[120.449682,23.495815],[120.451351,23.495964],[120.451438,23.495976],[120.451489,23.496007],[120.451508,23.496072],[120.451491,23.496124],[120.45143,23.496158],[120.45134,23.496163],[120.449682,23.495815]]]}},{"type":"Feature","id":"w1223382842","properties":{"kind":"green","category":"village_green","name":null,"area_m2":2004.4,"centroid":[120.451302,23.495641]},"geometry":{"type":"Polygon","coordinates":[[[120.449741,23.495561],[120.451478,23.495555],[120.45153,23.495574],[120.451556,23.495603],[120.45157,23.495652],[120.451564,23.495703],[120.451517,23.495738],[120.451457,23.495742],[120.449741,23.495561]]]}},{"type":"Feature","id":"w1223382843","properties":{"kind":"green","category":"village_green","name":null,"area_m2":891.4,"centroid":[120.449903,23.495459]},"geometry":{"type":"Polygon","coordinates":[[[120.450935,23.495505],[120.44986,23.495394],[120.449813,23.495392],[120.449772,23.4954],[120.449739,23.495419],[120.449727,23.495459],[120.449744,23.495487],[120.449775,23.495505],[120.449813,23.495513],[120.449851,23.495516],[120.450935,23.495505]]]}},{"type":"Feature","id":"w1223382844","properties":{"kind":"green","category":"village_green","name":null,"area_m2":924.2,"centroid":[120.449869,23.495977]},"geometry":{"type":"Polygon","coordinates":[[[120.450896,23.496136],[120.449679,23.496012],[120.449643,23.495986],[120.449639,23.495941],[120.449656,23.4959],[120.449703,23.495888],[120.450896,23.496136]]]}},{"type":"Feature","id":"w1227366494","properties":{"kind":"building","category":"apartments","name":null,"area_m2":760.1,"centroid":[120.463497,23.467912]},"geometry":{"type":"Polygon","coordinates":[[[120.463306,23.467789],[120.463403,23.468118],[120.463581,23.468074],[120.463544,23.467947],[120.463585,23.467937],[120.463555,23.467836],[120.463514,23.467846],[120.463484,23.467745],[120.463306,23.467789]]]}},{"type":"Feature","id":"w1227366495","properties":{"kind":"building","category":"apartments","name":null,"area_m2":473.8,"centroid":[120.457651,23.464048]},"geometry":{"type":"Polygon","coordinates":[[[120.457569,23.463925],[120.457559,23.464164],[120.457734,23.464171],[120.457744,23.463931],[120.457569,23.463925]]]}},{"type":"Feature","id":"w1227366496","properties":{"kind":"building","category":"apartments","name":null,"area_m2":474.2,"centroid":[120.457637,23.463745]},"geometry":{"type":"Polygon","coordinates":[[[120.457506,23.463662],[120.457499,23.463818],[120.457767,23.463828],[120.457774,23.463671],[120.457506,23.463662]]]}},{"type":"Feature","id":"w1227366497","properties":{"kind":"building","category":"apartments","name":null,"area_m2":656.8,"centroid":[120.441007,23.492306]},"geometry":{"type":"Polygon","coordinates":[[[120.440912,23.492153],[120.440912,23.492459],[120.441103,23.492458],[120.441102,23.492153],[120.440912,23.492153]]]}},{"type":"Feature","id":"w1227366498","properties":{"kind":"building","category":"apartments","name":null,"area_m2":640.3,"centroid":[120.441291,23.49256]},"geometry":{"type":"Polygon","coordinates":[[[120.441107,23.492485],[120.441109,23.49264],[120.441475,23.492635],[120.441473,23.49248],[120.441107,23.492485]]]}},{"type":"Feature","id":"w1227366502","properties":{"kind":"building","category":"apartments","name":null,"area_m2":668.9,"centroid":[120.437863,23.483309]},"geometry":{"type":"Polygon","coordinates":[[[120.437687,23.483435],[120.437827,23.483521],[120.438074,23.483183],[120.437967,23.483118],[120.437827,23.483309],[120.437794,23.483289],[120.437687,23.483435]]]}},{"type":"Feature","id":"w1227366503","properties":{"kind":"building","category":"apartments","name":null,"area_m2":761.8,"centroid":[120.437669,23.483211]},"geometry":{"type":"Polygon","coordinates":[[[120.437586,23.483074],[120.437525,23.483157],[120.437582,23.483192],[120.437492,23.483314],[120.437687,23.483435],[120.437794,23.483289],[120.437858,23.483202],[120.437753,23.483137],[120.437707,23.483199],[120.437672,23.483178],[120.437698,23.483143],[120.437586,23.483074]]]}},{"type":"Feature","id":"w1227366504","properties":{"kind":"building","category":"apartments","name":null,"area_m2":169.4,"centroid":[120.435454,23.483215]},"geometry":{"type":"Polygon","coordinates":[[[120.435404,23.483145],[120.43539,23.483276],[120.435503,23.483286],[120.435518,23.483155],[120.435404,23.483145]]]}},{"type":"Feature","id":"w1239633814","properties":{"kind":"building","category":"school","name":"依風台","area_m2":277.9,"centroid":[120.464365,23.47883]},"geometry":{"type":"Polygon","coordinates":[[[120.464296,23.478912],[120.464336,23.478916],[120.464431,23.478927],[120.464457,23.478753],[120.464355,23.478738],[120.464318,23.478732],[120.464296,23.478912]]]}},{"type":"Feature","id":"w1248152943","properties":{"kind":"building","category":"yes","name":null,"area_m2":85.8,"centroid":[120.446311,23.482052]},"geometry":{"type":"Polygon","coordinates":[[[120.446321,23.482142],[120.446278,23.482138],[120.446301,23.481961],[120.446343,23.481966],[120.446321,23.482142]]]}},{"type":"Feature","id":"w1248152944","properties":{"kind":"building","category":"yes","name":null,"area_m2":88.5,"centroid":[120.446227,23.482396]},"geometry":{"type":"Polygon","coordinates":[[[120.446217,23.482302],[120.446259,23.482308],[120.446237,23.482489],[120.446194,23.482484],[120.446217,23.482302]]]}},{"type":"Feature","id":"w1248152945","properties":{"kind":"building","category":"yes","name":null,"area_m2":139.9,"centroid":[120.445768,23.482185]},"geometry":{"type":"Polygon","coordinates":[[[120.445677,23.482227],[120.445838,23.482227],[120.445843,23.482165],[120.445804,23.482128],[120.445678,23.482177],[120.445677,23.482227]]]}},{"type":"Feature","id":"w1279851295","properties":{"kind":"building","category":"school","name":"南大樓","area_m2":383.0,"centroid":[120.461022,23.468673]},"geometry":{"type":"Polygon","coordinates":[[[120.460844,23.468705],[120.461189,23.468738],[120.461199,23.46864],[120.460855,23.468608],[120.460844,23.468705]]]}},{"type":"Feature","id":"w1279851296","properties":{"kind":"building","category":"school","name":"才林樓","area_m2":580.5,"centroid":[120.461427,23.469833]},"geometry":{"type":"Polygon","coordinates":[[[120.461276,23.469901],[120.461286,23.46977],[120.461287,23.46976],[120.461652,23.469796],[120.461636,23.469936],[120.461276,23.469901]]]}},{"type":"Feature","id":"w1283230306","properties":{"kind":"building","category":"yes","name":null,"area_m2":119.7,"centroid":[120.441401,23.479534]},"geometry":{"type":"Polygon","coordinates":[[[120.441414,23.479606],[120.441478,23.47956],[120.441389,23.47946],[120.441324,23.479509],[120.441414,23.479606]]]}},{"type":"Feature","id":"w1290955582","properties":{"kind":"building","category":"yes","name":null,"area_m2":464.9,"centroid":[120.449372,23.474071]},"geometry":{"type":"Polygon","coordinates":[[[120.449223,23.474132],[120.449234,23.473989],[120.44952,23.47401],[120.44951,23.474153],[120.449223,23.474132]]]}},{"type":"Feature","id":"w1290955583","properties":{"kind":"building","category":"yes","name":null,"area_m2":74.1,"centroid":[120.449168,23.474078]},"geometry":{"type":"Polygon","coordinates":[[[120.449121,23.474111],[120.449208,23.474118],[120.449217,23.474045],[120.449127,23.474037],[120.449121,23.474111]]]}},{"type":"Feature","id":"w1292270734","properties":{"kind":"building","category":"school","name":"軍械室","area_m2":126.6,"centroid":[120.465468,23.479539]},"geometry":{"type":"Polygon","coordinates":[[[120.465395,23.479557],[120.465404,23.479495],[120.46543,23.479497],[120.465488,23.479501],[120.465547,23.479504],[120.465536,23.479601],[120.465472,23.479594],[120.465474,23.479564],[120.465395,23.479557]]]}},{"type":"Feature","id":"w1292272339","properties":{"kind":"building","category":"school","name":"懷舊音樂館","area_m2":226.8,"centroid":[120.463727,23.477969]},"geometry":{"type":"Polygon","coordinates":[[[120.463594,23.478019],[120.463756,23.478027],[120.463758,23.478],[120.463793,23.478002],[120.463797,23.477942],[120.463759,23.47794],[120.46376,23.477916],[120.463601,23.477908],[120.463594,23.478019]]]}},{"type":"Feature","id":"w1292273860","properties":{"kind":"building","category":"carport","name":null,"area_m2":800.4,"centroid":[120.464551,23.477438]},"geometry":{"type":"Polygon","coordinates":[[[120.464459,23.477772],[120.464577,23.477785],[120.464657,23.477209],[120.464533,23.477196],[120.464528,23.477229],[120.464459,23.477772]]]}},{"type":"Feature","id":"w1292753532","properties":{"kind":"building","category":"school","name":null,"area_m2":254.5,"centroid":[120.464082,23.477693]},"geometry":{"type":"Polygon","coordinates":[[[120.464011,23.477765],[120.464058,23.477768],[120.464118,23.477764],[120.464122,23.477741],[120.464145,23.477564],[120.464037,23.477553],[120.464011,23.477765]]]}},{"type":"Feature","id":"w1292753547","properties":{"kind":"building","category":"yes","name":"國立嘉義高級中學員生消費合作社","area_m2":1403.5,"centroid":[120.465276,23.478634]},"geometry":{"type":"Polygon","coordinates":[[[120.465038,23.478562],[120.465056,23.47861],[120.465086,23.478658],[120.465161,23.478701],[120.465204,23.478718],[120.465263,23.478726],[120.465313,23.478725],[120.465367,23.478717],[120.465404,23.478699],[120.465443,23.478677],[120.465471,23.47865],[120.4655,23.478613],[120.465591,23.478613],[120.465608,23.478503],[120.464965,23.478433],[120.464952,23.478545],[120.465038,23.478562]]]}},{"type":"Feature","id":"w1292754280","properties":{"kind":"building","category":"yes","name":"程門亭","area_m2":24.9,"centroid":[120.464555,23.478152]},"geometry":{"type":"Polygon","coordinates":[[[120.464527,23.478147],[120.464529,23.478161],[120.464537,23.478172],[120.46455,23.478177],[120.464565,23.478176],[120.464577,23.478168],[120.464583,23.478156],[120.464582,23.478143],[120.464573,23.478132],[120.46456,23.478126],[120.464545,23.478127],[120.464534,23.478135],[120.464527,23.478147]]]}},{"type":"Feature","id":"w1292754281","properties":{"kind":"building","category":"yes","name":"立雪亭","area_m2":29.3,"centroid":[120.464419,23.479276]},"geometry":{"type":"Polygon","coordinates":[[[120.464421,23.479304],[120.464435,23.4793],[120.464446,23.479289],[120.46445,23.479275],[120.464445,23.479261],[120.464434,23.479251],[120.464418,23.479248],[120.464403,23.479252],[120.464392,23.479263],[120.464388,23.479277],[120.464393,23.479291],[120.464405,23.479301],[120.464421,23.479304]]]}},{"type":"Feature","id":"w1312064918","properties":{"kind":"building","category":"apartments","name":null,"area_m2":636.2,"centroid":[120.435216,23.484331]},"geometry":{"type":"Polygon","coordinates":[[[120.435073,23.484434],[120.435091,23.484255],[120.435118,23.484258],[120.435119,23.484242],[120.435144,23.484246],[120.435145,23.48426],[120.435167,23.484264],[120.43518,23.484277],[120.435204,23.484275],[120.4352,23.48426],[120.435186,23.484253],[120.435193,23.484239],[120.435371,23.484254],[120.43537,23.484406],[120.435357,23.484437],[120.435344,23.484448],[120.435314,23.484456],[120.435291,23.484456],[120.435263,23.484451],[120.435186,23.48445],[120.435073,23.484434]]]}},{"type":"Feature","id":"w1312064920","properties":{"kind":"building","category":"industrial","name":null,"area_m2":5324.6,"centroid":[120.450155,23.489208]},"geometry":{"type":"Polygon","coordinates":[[[120.450447,23.488731],[120.450338,23.488731],[120.450337,23.488746],[120.449849,23.488748],[120.449819,23.488779],[120.449812,23.489411],[120.450076,23.489411],[120.450079,23.489469],[120.450108,23.489468],[120.450108,23.489507],[120.45029,23.489506],[120.450302,23.489598],[120.450455,23.489597],[120.450447,23.488731]]]}},{"type":"Feature","id":"w1312065092","properties":{"kind":"building","category":"apartments","name":null,"area_m2":1007.4,"centroid":[120.436741,23.479771]},"geometry":{"type":"Polygon","coordinates":[[[120.436548,23.47955],[120.436507,23.479679],[120.436559,23.479838],[120.43665,23.479844],[120.436647,23.479872],[120.436788,23.479883],[120.436795,23.479806],[120.436837,23.479809],[120.436834,23.479835],[120.43697,23.479845],[120.436978,23.479756],[120.436755,23.47974],[120.43677,23.479564],[120.436548,23.47955]]]}},{"type":"Feature","id":"w1312065093","properties":{"kind":"building","category":"residential","name":null,"area_m2":67.6,"centroid":[120.437096,23.484441]},"geometry":{"type":"Polygon","coordinates":[[[120.437053,23.484387],[120.437026,23.484422],[120.43714,23.484496],[120.437167,23.484461],[120.437053,23.484387]]]}},{"type":"Feature","id":"w1312065094","properties":{"kind":"building","category":"residential","name":null,"area_m2":75.4,"centroid":[120.437137,23.484421]},"geometry":{"type":"Polygon","coordinates":[[[120.43708,23.484352],[120.437053,23.484387],[120.437167,23.484461],[120.43718,23.484469],[120.437207,23.484434],[120.43708,23.484352]]]}},{"type":"Feature","id":"w1312065095","properties":{"kind":"building","category":"residential","name":null,"area_m2":76.1,"centroid":[120.437157,23.484375]},"geometry":{"type":"Polygon","coordinates":[[[120.437108,23.484317],[120.43708,23.484352],[120.437207,23.484434],[120.437235,23.484399],[120.437108,23.484317]]]}},{"type":"Feature","id":"w1312065096","properties":{"kind":"building","category":"residential","name":null,"area_m2":75.2,"centroid":[120.437185,23.48434]},"geometry":{"type":"Polygon","coordinates":[[[120.437135,23.484282],[120.437108,23.484317],[120.437235,23.484399],[120.437262,23.484364],[120.437135,23.484282]]]}},{"type":"Feature","id":"w1312065097","properties":{"kind":"building","category":"residential","name":null,"area_m2":75.7,"centroid":[120.437212,23.484305]},"geometry":{"type":"Polygon","coordinates":[[[120.437162,23.484247],[120.437135,23.484282],[120.437262,23.484364],[120.437289,23.484328],[120.437162,23.484247]]]}},{"type":"Feature","id":"w1312065098","properties":{"kind":"building","category":"residential","name":null,"area_m2":74.9,"centroid":[120.437239,23.48427]},"geometry":{"type":"Polygon","coordinates":[[[120.437189,23.484212],[120.437162,23.484247],[120.437289,23.484328],[120.437316,23.484293],[120.437189,23.484212]]]}},{"type":"Feature","id":"w1312065099","properties":{"kind":"building","category":"residential","name":null,"area_m2":75.7,"centroid":[120.437266,23.484235]},"geometry":{"type":"Polygon","coordinates":[[[120.437216,23.484176],[120.437189,23.484212],[120.437316,23.484293],[120.437343,23.484258],[120.437216,23.484176]]]}},{"type":"Feature","id":"w1312065100","properties":{"kind":"building","category":"residential","name":null,"area_m2":75.7,"centroid":[120.437293,23.484199]},"geometry":{"type":"Polygon","coordinates":[[[120.437243,23.484141],[120.437216,23.484176],[120.437343,23.484258],[120.43737,23.484222],[120.437243,23.484141]]]}},{"type":"Feature","id":"w1312065101","properties":{"kind":"building","category":"residential","name":null,"area_m2":74.8,"centroid":[120.43732,23.484164]},"geometry":{"type":"Polygon","coordinates":[[[120.43727,23.484106],[120.437243,23.484141],[120.43737,23.484222],[120.437397,23.484187],[120.43727,23.484106]]]}},{"type":"Feature","id":"w1312065102","properties":{"kind":"building","category":"residential","name":null,"area_m2":74.9,"centroid":[120.437347,23.484129]},"geometry":{"type":"Polygon","coordinates":[[[120.437297,23.484071],[120.43727,23.484106],[120.437397,23.484187],[120.437424,23.484152],[120.437297,23.484071]]]}},{"type":"Feature","id":"w1312065103","properties":{"kind":"building","category":"residential","name":null,"area_m2":75.4,"centroid":[120.437374,23.484094]},"geometry":{"type":"Polygon","coordinates":[[[120.437324,23.484036],[120.437297,23.484071],[120.437424,23.484152],[120.437451,23.484116],[120.437324,23.484036]]]}},{"type":"Feature","id":"w1312065104","properties":{"kind":"building","category":"residential","name":null,"area_m2":74.5,"centroid":[120.437401,23.484058]},"geometry":{"type":"Polygon","coordinates":[[[120.437351,23.484001],[120.437324,23.484036],[120.437451,23.484116],[120.437478,23.484081],[120.437351,23.484001]]]}},{"type":"Feature","id":"w1312065105","properties":{"kind":"building","category":"residential","name":null,"area_m2":74.5,"centroid":[120.437428,23.484023]},"geometry":{"type":"Polygon","coordinates":[[[120.437378,23.483966],[120.437351,23.484001],[120.437478,23.484081],[120.437505,23.484046],[120.437378,23.483966]]]}},{"type":"Feature","id":"w1312065106","properties":{"kind":"building","category":"residential","name":null,"area_m2":74.8,"centroid":[120.437455,23.483988]},"geometry":{"type":"Polygon","coordinates":[[[120.437406,23.483931],[120.437378,23.483966],[120.437505,23.484046],[120.437532,23.484011],[120.437406,23.483931]]]}},{"type":"Feature","id":"w1312065107","properties":{"kind":"building","category":"residential","name":null,"area_m2":74.7,"centroid":[120.437482,23.483953]},"geometry":{"type":"Polygon","coordinates":[[[120.437433,23.483896],[120.437406,23.483931],[120.437532,23.484011],[120.437559,23.483975],[120.437433,23.483896]]]}},{"type":"Feature","id":"w1312065108","properties":{"kind":"building","category":"residential","name":null,"area_m2":74.7,"centroid":[120.43751,23.483918]},"geometry":{"type":"Polygon","coordinates":[[[120.43746,23.48386],[120.437433,23.483896],[120.437559,23.483975],[120.437586,23.48394],[120.43746,23.48386]]]}},{"type":"Feature","id":"w1312065109","properties":{"kind":"building","category":"residential","name":null,"area_m2":74.2,"centroid":[120.437537,23.483882]},"geometry":{"type":"Polygon","coordinates":[[[120.437487,23.483825],[120.43746,23.48386],[120.437586,23.48394],[120.437613,23.483905],[120.437487,23.483825]]]}},{"type":"Feature","id":"w1312065110","properties":{"kind":"building","category":"residential","name":null,"area_m2":74.2,"centroid":[120.437563,23.483847]},"geometry":{"type":"Polygon","coordinates":[[[120.437514,23.48379],[120.437487,23.483825],[120.437613,23.483905],[120.43764,23.48387],[120.437514,23.48379]]]}},{"type":"Feature","id":"w1312065111","properties":{"kind":"building","category":"residential","name":null,"area_m2":74.7,"centroid":[120.43759,23.483812]},"geometry":{"type":"Polygon","coordinates":[[[120.437541,23.483755],[120.437514,23.48379],[120.43764,23.48387],[120.437667,23.483834],[120.437541,23.483755]]]}},{"type":"Feature","id":"w1312065112","properties":{"kind":"building","category":"residential","name":null,"area_m2":113.7,"centroid":[120.447714,23.479886]},"geometry":{"type":"Polygon","coordinates":[[[120.44767,23.479831],[120.447767,23.479837],[120.447757,23.479938],[120.44766,23.479937],[120.44767,23.479831]]]}},{"type":"Feature","id":"w1312065113","properties":{"kind":"building","category":"residential","name":null,"area_m2":101.3,"centroid":[120.447446,23.479856]},"geometry":{"type":"Polygon","coordinates":[[[120.447415,23.47979],[120.447489,23.479788],[120.447469,23.479924],[120.447409,23.479922],[120.447415,23.47979]]]}},{"type":"Feature","id":"w1312065114","properties":{"kind":"building","category":"residential","name":null,"area_m2":144.4,"centroid":[120.448097,23.479975]},"geometry":{"type":"Polygon","coordinates":[[[120.448084,23.479846],[120.448134,23.47985],[120.44811,23.480104],[120.44806,23.4801],[120.448084,23.479846]]]}},{"type":"Feature","id":"w1312065115","properties":{"kind":"building","category":"residential","name":null,"area_m2":85.6,"centroid":[120.438186,23.481683]},"geometry":{"type":"Polygon","coordinates":[[[120.438234,23.481622],[120.438107,23.481705],[120.438137,23.481745],[120.438265,23.481661],[120.438234,23.481622]]]}},{"type":"Feature","id":"w1312065116","properties":{"kind":"building","category":"residential","name":null,"area_m2":223.7,"centroid":[120.43813,23.481612]},"geometry":{"type":"Polygon","coordinates":[[[120.438027,23.481602],[120.438107,23.481705],[120.438234,23.481622],[120.438154,23.481518],[120.438027,23.481602]]]}},{"type":"Feature","id":"w1312065117","properties":{"kind":"building","category":"residential","name":null,"area_m2":161.4,"centroid":[120.438061,23.481523]},"geometry":{"type":"Polygon","coordinates":[[[120.438096,23.481444],[120.437969,23.481527],[120.438027,23.481602],[120.438154,23.481518],[120.438096,23.481444]]]}},{"type":"Feature","id":"w1312065118","properties":{"kind":"building","category":"residential","name":null,"area_m2":112.3,"centroid":[120.438263,23.481489]},"geometry":{"type":"Polygon","coordinates":[[[120.438334,23.481608],[120.438364,23.481588],[120.438192,23.481371],[120.438162,23.481391],[120.438334,23.481608]]]}},{"type":"Feature","id":"w1312065119","properties":{"kind":"building","category":"residential","name":null,"area_m2":112.3,"centroid":[120.438233,23.48151]},"geometry":{"type":"Polygon","coordinates":[[[120.438162,23.481391],[120.438132,23.481411],[120.438304,23.481628],[120.438334,23.481608],[120.438162,23.481391]]]}},{"type":"Feature","id":"w1312065120","properties":{"kind":"building","category":"apartments","name":null,"area_m2":568.7,"centroid":[120.458597,23.474242]},"geometry":{"type":"Polygon","coordinates":[[[120.458527,23.474088],[120.458497,23.47438],[120.458668,23.474395],[120.458698,23.474103],[120.458527,23.474088]]]}},{"type":"Feature","id":"w1312065121","properties":{"kind":"building","category":"apartments","name":null,"area_m2":388.6,"centroid":[120.45765,23.473816]},"geometry":{"type":"Polygon","coordinates":[[[120.457527,23.473713],[120.457519,23.473803],[120.457658,23.473813],[120.457649,23.473912],[120.457765,23.47392],[120.457782,23.473733],[120.457527,23.473713]]]}},{"type":"Feature","id":"w1312065122","properties":{"kind":"building","category":"industrial","name":null,"area_m2":4492.3,"centroid":[120.455674,23.465249]},"geometry":{"type":"Polygon","coordinates":[[[120.455918,23.465544],[120.455216,23.465432],[120.454909,23.465263],[120.454974,23.46503],[120.455305,23.465096],[120.455993,23.465105],[120.456035,23.465086],[120.456099,23.465092],[120.456048,23.465199],[120.45598,23.465445],[120.455939,23.465445],[120.455918,23.465544]]]}},{"type":"Feature","id":"w1312065123","properties":{"kind":"building","category":"residential","name":null,"area_m2":77.2,"centroid":[120.455909,23.464655]},"geometry":{"type":"Polygon","coordinates":[[[120.455889,23.464601],[120.455849,23.464665],[120.455929,23.464708],[120.455969,23.464644],[120.455889,23.464601]]]}},{"type":"Feature","id":"w1312065124","properties":{"kind":"building","category":"residential","name":null,"area_m2":76.8,"centroid":[120.455949,23.464591]},"geometry":{"type":"Polygon","coordinates":[[[120.45593,23.464538],[120.455889,23.464601],[120.455969,23.464644],[120.45601,23.464581],[120.45593,23.464538]]]}},{"type":"Feature","id":"w1312065125","properties":{"kind":"building","category":"residential","name":null,"area_m2":76.8,"centroid":[120.455809,23.464601]},"geometry":{"type":"Polygon","coordinates":[[[120.45579,23.464548],[120.45587,23.464591],[120.455829,23.464654],[120.455749,23.464611],[120.45579,23.464548]]]}},{"type":"Feature","id":"w1312065126","properties":{"kind":"building","category":"residential","name":null,"area_m2":76.3,"centroid":[120.45585,23.464538]},"geometry":{"type":"Polygon","coordinates":[[[120.45583,23.464485],[120.45591,23.464528],[120.45587,23.464591],[120.45579,23.464548],[120.45583,23.464485]]]}},{"type":"Feature","id":"w1312065127","properties":{"kind":"building","category":"residential","name":null,"area_m2":77.5,"centroid":[120.455658,23.464511]},"geometry":{"type":"Polygon","coordinates":[[[120.455639,23.464458],[120.455598,23.464521],[120.455678,23.464565],[120.455719,23.464501],[120.455639,23.464458]]]}},{"type":"Feature","id":"w1312065128","properties":{"kind":"building","category":"residential","name":null,"area_m2":76.3,"centroid":[120.455699,23.464448]},"geometry":{"type":"Polygon","coordinates":[[[120.455679,23.464395],[120.455639,23.464458],[120.455719,23.464501],[120.455759,23.464438],[120.455679,23.464395]]]}},{"type":"Feature","id":"w1312065129","properties":{"kind":"building","category":"residential","name":null,"area_m2":62.7,"centroid":[120.455595,23.46461]},"geometry":{"type":"Polygon","coordinates":[[[120.455585,23.464671],[120.455648,23.464572],[120.455606,23.46455],[120.455543,23.464648],[120.455585,23.464671]]]}},{"type":"Feature","id":"w1312065130","properties":{"kind":"building","category":"residential","name":null,"area_m2":74.7,"centroid":[120.455641,23.464635]},"geometry":{"type":"Polygon","coordinates":[[[120.455634,23.464698],[120.455698,23.464599],[120.455648,23.464572],[120.455585,23.464671],[120.455634,23.464698]]]}},{"type":"Feature","id":"w1312065131","properties":{"kind":"building","category":"residential","name":null,"area_m2":75.0,"centroid":[120.455723,23.464682]},"geometry":{"type":"Polygon","coordinates":[[[120.45578,23.464648],[120.455728,23.46462],[120.455667,23.464715],[120.455719,23.464743],[120.45578,23.464648]]]}},{"type":"Feature","id":"w1312065132","properties":{"kind":"building","category":"residential","name":null,"area_m2":75.0,"centroid":[120.455775,23.46471]},"geometry":{"type":"Polygon","coordinates":[[[120.455832,23.464676],[120.45578,23.464648],[120.455719,23.464743],[120.455771,23.464771],[120.455832,23.464676]]]}},{"type":"Feature","id":"w1312065133","properties":{"kind":"building","category":"residential","name":null,"area_m2":75.0,"centroid":[120.455827,23.464737]},"geometry":{"type":"Polygon","coordinates":[[[120.455884,23.464704],[120.455832,23.464676],[120.455771,23.464771],[120.455823,23.464799],[120.455884,23.464704]]]}},{"type":"Feature","id":"w1312065134","properties":{"kind":"building","category":"residential","name":null,"area_m2":75.0,"centroid":[120.455879,23.464766]},"geometry":{"type":"Polygon","coordinates":[[[120.455936,23.464732],[120.455884,23.464704],[120.455823,23.464799],[120.455875,23.464827],[120.455936,23.464732]]]}},{"type":"Feature","id":"w1312065135","properties":{"kind":"building","category":"residential","name":null,"area_m2":51.7,"centroid":[120.456878,23.464152]},"geometry":{"type":"Polygon","coordinates":[[[120.456854,23.464202],[120.4569,23.464202],[120.456901,23.464103],[120.456855,23.464102],[120.456854,23.464202]]]}},{"type":"Feature","id":"w1312065136","properties":{"kind":"building","category":"residential","name":null,"area_m2":51.9,"centroid":[120.456832,23.464152]},"geometry":{"type":"Polygon","coordinates":[[[120.456808,23.464202],[120.456854,23.464202],[120.456855,23.464102],[120.456809,23.464102],[120.456808,23.464202]]]}},{"type":"Feature","id":"w1312065137","properties":{"kind":"building","category":"residential","name":null,"area_m2":51.9,"centroid":[120.456785,23.464151]},"geometry":{"type":"Polygon","coordinates":[[[120.456762,23.464201],[120.456808,23.464202],[120.456809,23.464102],[120.456763,23.464101],[120.456762,23.464201]]]}},{"type":"Feature","id":"w1312065138","properties":{"kind":"building","category":"residential","name":null,"area_m2":51.1,"centroid":[120.45674,23.464151]},"geometry":{"type":"Polygon","coordinates":[[[120.456716,23.4642],[120.456762,23.464201],[120.456763,23.464101],[120.456718,23.464101],[120.456716,23.4642]]]}},{"type":"Feature","id":"w1312065139","properties":{"kind":"building","category":"residential","name":null,"area_m2":51.7,"centroid":[120.456694,23.46415]},"geometry":{"type":"Polygon","coordinates":[[[120.45667,23.4642],[120.456716,23.4642],[120.456718,23.464101],[120.456672,23.4641],[120.45667,23.4642]]]}},{"type":"Feature","id":"w1312065140","properties":{"kind":"building","category":"residential","name":null,"area_m2":51.7,"centroid":[120.456648,23.46415]},"geometry":{"type":"Polygon","coordinates":[[[120.456624,23.464199],[120.45667,23.4642],[120.456672,23.4641],[120.456626,23.4641],[120.456624,23.464199]]]}},{"type":"Feature","id":"w1312065141","properties":{"kind":"building","category":"residential","name":null,"area_m2":51.7,"centroid":[120.456602,23.464149]},"geometry":{"type":"Polygon","coordinates":[[[120.456578,23.464199],[120.456624,23.464199],[120.456626,23.4641],[120.45658,23.464099],[120.456578,23.464199]]]}},{"type":"Feature","id":"w1312065142","properties":{"kind":"building","category":"residential","name":null,"area_m2":51.7,"centroid":[120.456556,23.464149]},"geometry":{"type":"Polygon","coordinates":[[[120.456532,23.464198],[120.456578,23.464199],[120.45658,23.464099],[120.456534,23.464099],[120.456532,23.464198]]]}},{"type":"Feature","id":"w1312065143","properties":{"kind":"building","category":"residential","name":null,"area_m2":78.4,"centroid":[120.456239,23.463907]},"geometry":{"type":"Polygon","coordinates":[[[120.456265,23.463842],[120.456212,23.463842],[120.456212,23.463973],[120.456265,23.463973],[120.456265,23.463842]]]}},{"type":"Feature","id":"w1312065144","properties":{"kind":"building","category":"residential","name":null,"area_m2":76.9,"centroid":[120.456291,23.463907]},"geometry":{"type":"Polygon","coordinates":[[[120.456317,23.463842],[120.456265,23.463842],[120.456265,23.463973],[120.456317,23.463973],[120.456317,23.463842]]]}},{"type":"Feature","id":"w1312065145","properties":{"kind":"building","category":"residential","name":null,"area_m2":78.4,"centroid":[120.456344,23.463907]},"geometry":{"type":"Polygon","coordinates":[[[120.45637,23.463842],[120.456317,23.463842],[120.456317,23.463973],[120.45637,23.463973],[120.45637,23.463842]]]}},{"type":"Feature","id":"w1312065146","properties":{"kind":"building","category":"residential","name":null,"area_m2":78.4,"centroid":[120.456397,23.463907]},"geometry":{"type":"Polygon","coordinates":[[[120.456423,23.463842],[120.45637,23.463842],[120.45637,23.463973],[120.456423,23.463973],[120.456423,23.463842]]]}},{"type":"Feature","id":"w1312065147","properties":{"kind":"building","category":"residential","name":null,"area_m2":76.9,"centroid":[120.456449,23.463907]},"geometry":{"type":"Polygon","coordinates":[[[120.456475,23.463842],[120.456423,23.463842],[120.456423,23.463973],[120.456475,23.463973],[120.456475,23.463842]]]}},{"type":"Feature","id":"w1312065148","properties":{"kind":"building","category":"residential","name":null,"area_m2":71.9,"centroid":[120.456265,23.463753]},"geometry":{"type":"Polygon","coordinates":[[[120.456295,23.4637],[120.456236,23.463699],[120.456234,23.463807],[120.456293,23.463808],[120.456295,23.4637]]]}},{"type":"Feature","id":"w1312065149","properties":{"kind":"building","category":"residential","name":null,"area_m2":71.9,"centroid":[120.456323,23.463754]},"geometry":{"type":"Polygon","coordinates":[[[120.456354,23.4637],[120.456295,23.4637],[120.456293,23.463808],[120.456352,23.463808],[120.456354,23.4637]]]}},{"type":"Feature","id":"w1312065150","properties":{"kind":"building","category":"residential","name":null,"area_m2":71.9,"centroid":[120.456383,23.463755]},"geometry":{"type":"Polygon","coordinates":[[[120.456413,23.463701],[120.456354,23.4637],[120.456352,23.463808],[120.456411,23.463809],[120.456413,23.463701]]]}},{"type":"Feature","id":"w1312065151","properties":{"kind":"building","category":"residential","name":null,"area_m2":72.3,"centroid":[120.456442,23.463755]},"geometry":{"type":"Polygon","coordinates":[[[120.456472,23.463701],[120.456413,23.463701],[120.456411,23.463809],[120.45647,23.46381],[120.456472,23.463701]]]}},{"type":"Feature","id":"w1312065152","properties":{"kind":"building","category":"residential","name":null,"area_m2":48.4,"centroid":[120.456914,23.463399]},"geometry":{"type":"Polygon","coordinates":[[[120.456892,23.463451],[120.456933,23.463451],[120.456935,23.463347],[120.456894,23.463346],[120.456892,23.463451]]]}},{"type":"Feature","id":"w1312065153","properties":{"kind":"building","category":"residential","name":null,"area_m2":48.6,"centroid":[120.456873,23.463398]},"geometry":{"type":"Polygon","coordinates":[[[120.456851,23.46345],[120.456892,23.463451],[120.456894,23.463346],[120.456853,23.463345],[120.456851,23.46345]]]}},{"type":"Feature","id":"w1312065154","properties":{"kind":"building","category":"residential","name":null,"area_m2":49.0,"centroid":[120.456831,23.463397]},"geometry":{"type":"Polygon","coordinates":[[[120.456809,23.463449],[120.456851,23.46345],[120.456853,23.463345],[120.456812,23.463345],[120.456809,23.463449]]]}},{"type":"Feature","id":"w1312065155","properties":{"kind":"building","category":"residential","name":null,"area_m2":48.7,"centroid":[120.45679,23.463397]},"geometry":{"type":"Polygon","coordinates":[[[120.456768,23.463448],[120.456809,23.463449],[120.456812,23.463345],[120.45677,23.463344],[120.456768,23.463448]]]}},{"type":"Feature","id":"w1312065156","properties":{"kind":"building","category":"residential","name":null,"area_m2":48.2,"centroid":[120.456749,23.463396]},"geometry":{"type":"Polygon","coordinates":[[[120.456727,23.463447],[120.456768,23.463448],[120.45677,23.463344],[120.456729,23.463343],[120.456727,23.463447]]]}},{"type":"Feature","id":"w1312065157","properties":{"kind":"building","category":"residential","name":null,"area_m2":48.1,"centroid":[120.456707,23.463394]},"geometry":{"type":"Polygon","coordinates":[[[120.456686,23.463446],[120.456727,23.463447],[120.456729,23.463343],[120.456688,23.463342],[120.456686,23.463446]]]}},{"type":"Feature","id":"w1312065158","properties":{"kind":"building","category":"residential","name":null,"area_m2":73.6,"centroid":[120.457178,23.463565]},"geometry":{"type":"Polygon","coordinates":[[[120.457156,23.463653],[120.457193,23.463654],[120.457199,23.463478],[120.457162,23.463477],[120.457156,23.463653]]]}},{"type":"Feature","id":"w1312065159","properties":{"kind":"building","category":"residential","name":null,"area_m2":105.4,"centroid":[120.457133,23.463565]},"geometry":{"type":"Polygon","coordinates":[[[120.457109,23.463476],[120.457103,23.463652],[120.457156,23.463653],[120.457162,23.463477],[120.457109,23.463476]]]}},{"type":"Feature","id":"w1312065160","properties":{"kind":"building","category":"residential","name":null,"area_m2":117.3,"centroid":[120.457076,23.463563]},"geometry":{"type":"Polygon","coordinates":[[[120.457044,23.46365],[120.457103,23.463652],[120.457109,23.463476],[120.45705,23.463474],[120.457044,23.46365]]]}},{"type":"Feature","id":"w1312065161","properties":{"kind":"building","category":"residential","name":null,"area_m2":51.9,"centroid":[120.456993,23.463532]},"geometry":{"type":"Polygon","coordinates":[[[120.456971,23.463587],[120.457013,23.463587],[120.457015,23.463478],[120.456973,23.463477],[120.456971,23.463587]]]}},{"type":"Feature","id":"w1312065162","properties":{"kind":"building","category":"residential","name":null,"area_m2":51.9,"centroid":[120.456951,23.463532]},"geometry":{"type":"Polygon","coordinates":[[[120.456929,23.463586],[120.456971,23.463587],[120.456973,23.463477],[120.456931,23.463477],[120.456929,23.463586]]]}},{"type":"Feature","id":"w1312065163","properties":{"kind":"building","category":"residential","name":null,"area_m2":52.3,"centroid":[120.456909,23.463531]},"geometry":{"type":"Polygon","coordinates":[[[120.456886,23.463585],[120.456929,23.463586],[120.456931,23.463477],[120.456889,23.463476],[120.456886,23.463585]]]}},{"type":"Feature","id":"w1312065164","properties":{"kind":"building","category":"residential","name":null,"area_m2":51.7,"centroid":[120.456866,23.46353]},"geometry":{"type":"Polygon","coordinates":[[[120.456844,23.463584],[120.456886,23.463585],[120.456889,23.463476],[120.456847,23.463475],[120.456844,23.463584]]]}},{"type":"Feature","id":"w1312065165","properties":{"kind":"building","category":"residential","name":null,"area_m2":51.7,"centroid":[120.456825,23.463529]},"geometry":{"type":"Polygon","coordinates":[[[120.456802,23.463583],[120.456844,23.463584],[120.456847,23.463475],[120.456805,23.463474],[120.456802,23.463583]]]}},{"type":"Feature","id":"w1312065166","properties":{"kind":"building","category":"residential","name":null,"area_m2":51.9,"centroid":[120.456783,23.463528]},"geometry":{"type":"Polygon","coordinates":[[[120.45676,23.463583],[120.456802,23.463583],[120.456805,23.463474],[120.456763,23.463473],[120.45676,23.463583]]]}},{"type":"Feature","id":"w1312065167","properties":{"kind":"building","category":"residential","name":null,"area_m2":51.9,"centroid":[120.45674,23.463528]},"geometry":{"type":"Polygon","coordinates":[[[120.456718,23.463582],[120.45676,23.463583],[120.456763,23.463473],[120.456721,23.463473],[120.456718,23.463582]]]}},{"type":"Feature","id":"w1312065168","properties":{"kind":"building","category":"residential","name":null,"area_m2":52.3,"centroid":[120.456698,23.463527]},"geometry":{"type":"Polygon","coordinates":[[[120.456676,23.463581],[120.456718,23.463582],[120.456721,23.463473],[120.456678,23.463472],[120.456676,23.463581]]]}},{"type":"Feature","id":"w1315132175","properties":{"kind":"building","category":"yes","name":null,"area_m2":883.3,"centroid":[120.453617,23.480502]},"geometry":{"type":"Polygon","coordinates":[[[120.453471,23.480625],[120.45375,23.480667],[120.453769,23.480525],[120.453742,23.480313],[120.453567,23.480291],[120.453537,23.480549],[120.453484,23.480543],[120.453471,23.480625]]]}},{"type":"Feature","id":"w1315324987","properties":{"kind":"building","category":"yes","name":null,"area_m2":439.7,"centroid":[120.439582,23.470151]},"geometry":{"type":"Polygon","coordinates":[[[120.439446,23.470252],[120.43945,23.470094],[120.439451,23.470064],[120.439658,23.470081],[120.439684,23.470084],[120.439689,23.470104],[120.439666,23.470201],[120.439603,23.470204],[120.439591,23.470275],[120.439446,23.470252]]]}},{"type":"Feature","id":"w1331597371","properties":{"kind":"building","category":"school","name":"木工館","area_m2":77.8,"centroid":[120.464656,23.479756]},"geometry":{"type":"Polygon","coordinates":[[[120.464592,23.47979],[120.46469,23.479801],[120.464712,23.479775],[120.464694,23.47976],[120.464696,23.479728],[120.464635,23.479723],[120.464631,23.479737],[120.464601,23.479733],[120.464592,23.47979]]]}},{"type":"Feature","id":"w1331889699","properties":{"kind":"building","category":"school","name":"校長公館","area_m2":351.1,"centroid":[120.463266,23.478486]},"geometry":{"type":"Polygon","coordinates":[[[120.463154,23.478583],[120.463185,23.478398],[120.463287,23.478406],[120.463393,23.478407],[120.463327,23.478535],[120.463252,23.478586],[120.463154,23.478583]]]}},{"type":"Feature","id":"w1382327248","properties":{"kind":"building","category":"yes","name":null,"area_m2":146.8,"centroid":[120.441517,23.478832]},"geometry":{"type":"Polygon","coordinates":[[[120.44165,23.478981],[120.44167,23.478967],[120.441409,23.478661],[120.441385,23.478679],[120.441438,23.47874],[120.441434,23.478783],[120.441474,23.478786],[120.441558,23.478874],[120.441557,23.478922],[120.441599,23.478923],[120.44165,23.478981]]]}},{"type":"Feature","id":"w1383892970","properties":{"kind":"building","category":"yes","name":"嘉義派出所","area_m2":97.2,"centroid":[120.441749,23.479894]},"geometry":{"type":"Polygon","coordinates":[[[120.441768,23.479963],[120.441679,23.479864],[120.44173,23.479825],[120.44182,23.479923],[120.441768,23.479963]]]}},{"type":"Feature","id":"w1383892971","properties":{"kind":"building","category":"garage","name":null,"area_m2":105.7,"centroid":[120.441836,23.479998]},"geometry":{"type":"Polygon","coordinates":[[[120.44182,23.479923],[120.441917,23.480028],[120.441865,23.480068],[120.441809,23.480008],[120.441768,23.479963],[120.44182,23.479923]]]}},{"type":"Feature","id":"w1393446410","properties":{"kind":"building","category":"temple","name":"嘉邑鎮天宮","area_m2":267.0,"centroid":[120.460381,23.467798]},"geometry":{"type":"Polygon","coordinates":[[[120.460307,23.467719],[120.460476,23.46774],[120.460456,23.467877],[120.460286,23.467856],[120.460307,23.467719]]]}},{"type":"Feature","id":"w1416060271","properties":{"kind":"building","category":"yes","name":null,"area_m2":63.7,"centroid":[120.447012,23.469046]},"geometry":{"type":"Polygon","coordinates":[[[120.446956,23.469085],[120.447082,23.469047],[120.447069,23.469006],[120.446942,23.469045],[120.446956,23.469085]]]}},{"type":"Feature","id":"w1416060272","properties":{"kind":"building","category":"yes","name":null,"area_m2":73.4,"centroid":[120.446997,23.469003]},"geometry":{"type":"Polygon","coordinates":[[[120.446942,23.469045],[120.446925,23.468999],[120.447052,23.46896],[120.447069,23.469006],[120.446942,23.469045]]]}},{"type":"Feature","id":"w1420056995","properties":{"kind":"building","category":"yes","name":null,"area_m2":596.1,"centroid":[120.439477,23.481977]},"geometry":{"type":"Polygon","coordinates":[[[120.439637,23.481947],[120.439606,23.48191],[120.439625,23.481899],[120.439543,23.481804],[120.439274,23.482006],[120.439337,23.482084],[120.439376,23.482056],[120.439414,23.482107],[120.439637,23.481947]]]}},{"type":"Feature","id":"w1420202968","properties":{"kind":"building","category":"yes","name":null,"area_m2":95.4,"centroid":[120.439082,23.482762]},"geometry":{"type":"Polygon","coordinates":[[[120.439099,23.482849],[120.439042,23.482838],[120.439062,23.482732],[120.439081,23.482695],[120.439127,23.482697],[120.439099,23.482849]]]}},{"type":"Feature","id":"w1435135072","properties":{"kind":"building","category":"yes","name":null,"area_m2":291.6,"centroid":[120.440422,23.467256]},"geometry":{"type":"Polygon","coordinates":[[[120.44033,23.46718],[120.440524,23.467197],[120.440509,23.467329],[120.440325,23.46732],[120.44033,23.46718]]]}},{"type":"Feature","id":"w1435135074","properties":{"kind":"building","category":"yes","name":null,"area_m2":210.1,"centroid":[120.440417,23.467048]},"geometry":{"type":"Polygon","coordinates":[[[120.440351,23.46712],[120.440363,23.466967],[120.440484,23.466975],[120.440472,23.467128],[120.440351,23.46712]]]}},{"type":"Feature","id":"w1435136325","properties":{"kind":"building","category":"yes","name":null,"area_m2":324.0,"centroid":[120.439986,23.466072]},"geometry":{"type":"Polygon","coordinates":[[[120.439931,23.465953],[120.440109,23.465959],[120.440096,23.466117],[120.439938,23.466103],[120.439933,23.46615],[120.43991,23.466148],[120.439931,23.465953]]]}},{"type":"Feature","id":"w1435136327","properties":{"kind":"building","category":"yes","name":null,"area_m2":159.3,"centroid":[120.439466,23.466475]},"geometry":{"type":"Polygon","coordinates":[[[120.439376,23.46643],[120.439373,23.466507],[120.439554,23.46652],[120.43956,23.466443],[120.439376,23.46643]]]}},{"type":"Feature","id":"w1435136328","properties":{"kind":"building","category":"yes","name":null,"area_m2":114.3,"centroid":[120.439469,23.466409]},"geometry":{"type":"Polygon","coordinates":[[[120.43956,23.466443],[120.439564,23.46639],[120.439378,23.466374],[120.439376,23.46643],[120.43956,23.466443]]]}},{"type":"Feature","id":"w1435136889","properties":{"kind":"building","category":"yes","name":null,"area_m2":108.3,"centroid":[120.440045,23.465919]},"geometry":{"type":"Polygon","coordinates":[[[120.439932,23.465939],[120.439935,23.465889],[120.440104,23.465899],[120.440129,23.465919],[120.440127,23.465951],[120.439932,23.465939]]]}},{"type":"Feature","id":"w1450888242","properties":{"kind":"building","category":"yes","name":null,"area_m2":29.0,"centroid":[120.465508,23.4794]},"geometry":{"type":"Polygon","coordinates":[[[120.465482,23.479428],[120.465491,23.479368],[120.465533,23.479373],[120.465526,23.479431],[120.465482,23.479428]]]}},{"type":"Feature","id":"w1451081441","properties":{"kind":"building","category":"yes","name":null,"area_m2":170.9,"centroid":[120.465742,23.477936]},"geometry":{"type":"Polygon","coordinates":[[[120.465634,23.477959],[120.465644,23.477886],[120.465851,23.477913],[120.46584,23.477984],[120.465634,23.477959]]]}},{"type":"Feature","id":"w1451953145","properties":{"kind":"building","category":"yes","name":null,"area_m2":119.5,"centroid":[120.465855,23.477831]},"geometry":{"type":"Polygon","coordinates":[[[120.465909,23.477778],[120.465819,23.477768],[120.465802,23.477882],[120.465892,23.477895],[120.465909,23.477778]]]}},{"type":"Feature","id":"w1453784215","properties":{"kind":"building","category":"yes","name":null,"area_m2":104.2,"centroid":[120.465151,23.477023]},"geometry":{"type":"Polygon","coordinates":[[[120.465051,23.477026],[120.465063,23.47698],[120.465251,23.47702],[120.465239,23.477067],[120.465051,23.477026]]]}},{"type":"Feature","id":"w1455872184","properties":{"kind":"building","category":"carport","name":null,"area_m2":104.6,"centroid":[120.464545,23.477896]},"geometry":{"type":"Polygon","coordinates":[[[120.464557,23.477989],[120.464507,23.477984],[120.464532,23.477803],[120.464583,23.477808],[120.464557,23.477989]]]}},{"type":"Feature","id":"w1465347372","properties":{"kind":"building","category":"yes","name":"鈺通大飯店","area_m2":871.5,"centroid":[120.458697,23.479485]},"geometry":{"type":"Polygon","coordinates":[[[120.458838,23.479413],[120.458947,23.479427],[120.458914,23.479638],[120.458462,23.479578],[120.45848,23.479466],[120.458546,23.479475],[120.458554,23.479423],[120.458831,23.47946],[120.458838,23.479413]]]}},{"type":"Feature","id":"w1465347373","properties":{"kind":"building","category":"yes","name":null,"area_m2":274.6,"centroid":[120.462236,23.483667]},"geometry":{"type":"Polygon","coordinates":[[[120.462303,23.483753],[120.462144,23.483731],[120.462169,23.483581],[120.462328,23.483604],[120.462303,23.483753]]]}},{"type":"Feature","id":"w1465347374","properties":{"kind":"building","category":"yes","name":null,"area_m2":1046.8,"centroid":[120.462331,23.489419]},"geometry":{"type":"Polygon","coordinates":[[[120.462263,23.489111],[120.462494,23.489147],[120.462427,23.489512],[120.462371,23.489504],[120.46236,23.489563],[120.462264,23.489548],[120.462274,23.48949],[120.462196,23.489478],[120.462263,23.489111]]]}},{"type":"Feature","id":"w1465347375","properties":{"kind":"building","category":"yes","name":null,"area_m2":1549.6,"centroid":[120.462001,23.490684]},"geometry":{"type":"Polygon","coordinates":[[[120.461831,23.490569],[120.461883,23.490997],[120.462188,23.490966],[120.462131,23.490502],[120.461984,23.490518],[120.461989,23.490553],[120.461831,23.490569]]]}},{"type":"Feature","id":"w1465347376","properties":{"kind":"building","category":"yes","name":null,"area_m2":294.8,"centroid":[120.459704,23.489546]},"geometry":{"type":"Polygon","coordinates":[[[120.45971,23.48941],[120.459804,23.489445],[120.459697,23.489683],[120.459603,23.489647],[120.45971,23.48941]]]}},{"type":"Feature","id":"w1465347377","properties":{"kind":"building","category":"yes","name":null,"area_m2":193.3,"centroid":[120.460183,23.489618]},"geometry":{"type":"Polygon","coordinates":[[[120.460091,23.489569],[120.46028,23.489576],[120.460276,23.489666],[120.460087,23.48966],[120.460091,23.489569]]]}},{"type":"Feature","id":"w1465347378","properties":{"kind":"building","category":"yes","name":null,"area_m2":111.2,"centroid":[120.460421,23.489547]},"geometry":{"type":"Polygon","coordinates":[[[120.460379,23.48949],[120.460466,23.489492],[120.460463,23.489605],[120.460375,23.489602],[120.460379,23.48949]]]}},{"type":"Feature","id":"w1467755430","properties":{"kind":"building","category":"temple","name":null,"area_m2":240.0,"centroid":[120.455399,23.481917]},"geometry":{"type":"Polygon","coordinates":[[[120.455344,23.482014],[120.455346,23.481818],[120.455454,23.481819],[120.455453,23.482015],[120.455344,23.482014]]]}},{"type":"Feature","id":"w1467755431","properties":{"kind":"building","category":"yes","name":null,"area_m2":284.7,"centroid":[120.455246,23.481877]},"geometry":{"type":"Polygon","coordinates":[[[120.455175,23.482006],[120.4552,23.481843],[120.455215,23.481828],[120.455236,23.481817],[120.455255,23.481814],[120.455329,23.481816],[120.455313,23.482013],[120.455175,23.482006]]]}},{"type":"Feature","id":"w1468465008","properties":{"kind":"building","category":"apartments","name":null,"area_m2":807.4,"centroid":[120.452254,23.474713]},"geometry":{"type":"Polygon","coordinates":[[[120.451996,23.474629],[120.452149,23.474642],[120.45214,23.474724],[120.452364,23.474743],[120.452372,23.474658],[120.452523,23.474671],[120.452506,23.474842],[120.451979,23.474798],[120.451996,23.474629]]]}},{"type":"Feature","id":"w1473296954","properties":{"kind":"building","category":"roof","name":null,"area_m2":23.6,"centroid":[120.441968,23.478725]},"geometry":{"type":"Polygon","coordinates":[[[120.441919,23.478733],[120.44192,23.478712],[120.442017,23.478716],[120.442016,23.478738],[120.441919,23.478733]]]}},{"type":"Feature","id":"w1494547421","properties":{"kind":"building","category":"hotel","name":null,"area_m2":640.0,"centroid":[120.434295,23.483714]},"geometry":{"type":"Polygon","coordinates":[[[120.434183,23.483847],[120.434202,23.483572],[120.434404,23.483579],[120.434391,23.483856],[120.434183,23.483847]]]}},{"type":"Feature","id":"w1494884542","properties":{"kind":"building","category":"yes","name":null,"area_m2":121.0,"centroid":[120.435171,23.485662]},"geometry":{"type":"Polygon","coordinates":[[[120.435175,23.485725],[120.435121,23.485671],[120.435128,23.485591],[120.435221,23.485598],[120.435211,23.485726],[120.435175,23.485725]]]}},{"type":"Feature","id":"w1494884543","properties":{"kind":"building","category":"yes","name":null,"area_m2":154.1,"centroid":[120.435265,23.485701]},"geometry":{"type":"Polygon","coordinates":[[[120.435215,23.485769],[120.435223,23.485604],[120.435248,23.485604],[120.43527,23.485608],[120.435285,23.485621],[120.4353,23.485639],[120.435308,23.485763],[120.435282,23.485766],[120.435282,23.485784],[120.435254,23.485782],[120.435251,23.485771],[120.435215,23.485769]]]}},{"type":"Feature","id":"w1494884544","properties":{"kind":"building","category":"yes","name":null,"area_m2":124.8,"centroid":[120.435251,23.485329]},"geometry":{"type":"Polygon","coordinates":[[[120.435188,23.485267],[120.435176,23.485377],[120.435243,23.48538],[120.435269,23.485361],[120.43529,23.485333],[120.435296,23.485309],[120.435298,23.485276],[120.435188,23.485267]]]}},{"type":"Feature","id":"w1495810647","properties":{"kind":"building","category":"yes","name":"司令台","area_m2":221.7,"centroid":[120.443601,23.464541]},"geometry":{"type":"Polygon","coordinates":[[[120.443587,23.464645],[120.443516,23.464471],[120.443615,23.464437],[120.443686,23.464611],[120.443587,23.464645]]]}},{"type":"Feature","id":"w1495854258","properties":{"kind":"building","category":"yes","name":"警衛室","area_m2":86.0,"centroid":[120.440935,23.463053]},"geometry":{"type":"Polygon","coordinates":[[[120.441013,23.463079],[120.440856,23.463076],[120.440857,23.463027],[120.441014,23.463031],[120.441013,23.463079]]]}},{"type":"Feature","id":"w1496035874","properties":{"kind":"building","category":"yes","name":null,"area_m2":161.3,"centroid":[120.443348,23.476828]},"geometry":{"type":"Polygon","coordinates":[[[120.44333,23.476884],[120.443287,23.476841],[120.443297,23.476757],[120.443419,23.476768],[120.443408,23.476888],[120.44333,23.476884]]]}},{"type":"Feature","id":"w1496035875","properties":{"kind":"building","category":"yes","name":null,"area_m2":150.8,"centroid":[120.443402,23.476285]},"geometry":{"type":"Polygon","coordinates":[[[120.443347,23.47635],[120.443468,23.476358],[120.443478,23.476246],[120.443398,23.47624],[120.443368,23.476249],[120.443353,23.476267],[120.443347,23.47635]]]}},{"type":"Feature","id":"w1496035876","properties":{"kind":"building","category":"residential","name":"仲青行旅嘉義館","area_m2":221.0,"centroid":[120.44402,23.477773]},"geometry":{"type":"Polygon","coordinates":[[[120.444052,23.477908],[120.443962,23.4779],[120.443984,23.477681],[120.44403,23.477687],[120.444072,23.477689],[120.444052,23.477908]]]}},{"type":"Feature","id":"w1496035877","properties":{"kind":"building","category":"residential","name":null,"area_m2":209.9,"centroid":[120.443901,23.477784]},"geometry":{"type":"Polygon","coordinates":[[[120.443849,23.47789],[120.443869,23.477672],[120.443954,23.477678],[120.443933,23.477897],[120.443849,23.47789]]]}},{"type":"Feature","id":"w1496035878","properties":{"kind":"building","category":"residential","name":null,"area_m2":405.9,"centroid":[120.444171,23.477794]},"geometry":{"type":"Polygon","coordinates":[[[120.444087,23.477692],[120.444217,23.477702],[120.44425,23.477742],[120.444235,23.477923],[120.444068,23.477911],[120.444087,23.477692]]]}},{"type":"Feature","id":"w1496035879","properties":{"kind":"building","category":"yes","name":null,"area_m2":113.1,"centroid":[120.443742,23.477707]},"geometry":{"type":"Polygon","coordinates":[[[120.443685,23.477749],[120.443697,23.477653],[120.4438,23.477664],[120.443788,23.47776],[120.443685,23.477749]]]}},{"type":"Feature","id":"w1496035880","properties":{"kind":"building","category":"yes","name":null,"area_m2":91.8,"centroid":[120.443733,23.477807]},"geometry":{"type":"Polygon","coordinates":[[[120.443684,23.477849],[120.443694,23.477757],[120.443782,23.477765],[120.443771,23.477857],[120.443684,23.477849]]]}},{"type":"Feature","id":"w1496035881","properties":{"kind":"building","category":"yes","name":null,"area_m2":211.5,"centroid":[120.443293,23.477505]},"geometry":{"type":"Polygon","coordinates":[[[120.443227,23.477434],[120.443217,23.477524],[120.443247,23.477552],[120.443383,23.477564],[120.44339,23.47745],[120.443227,23.477434]]]}},{"type":"Feature","id":"w1496035882","properties":{"kind":"building","category":"yes","name":null,"area_m2":40.8,"centroid":[120.443445,23.475735]},"geometry":{"type":"Polygon","coordinates":[[[120.443403,23.475756],[120.443483,23.475759],[120.443487,23.475715],[120.443407,23.47571],[120.443403,23.475756]]]}},{"type":"Feature","id":"w1496035883","properties":{"kind":"building","category":"residential","name":null,"area_m2":46.5,"centroid":[120.443459,23.475694]},"geometry":{"type":"Polygon","coordinates":[[[120.443407,23.47571],[120.44341,23.475662],[120.443496,23.475668],[120.443493,23.475715],[120.443487,23.475715],[120.443407,23.47571]]]}},{"type":"Feature","id":"w1496035884","properties":{"kind":"building","category":"residential","name":null,"area_m2":56.8,"centroid":[120.443454,23.475626]},"geometry":{"type":"Polygon","coordinates":[[[120.44341,23.475662],[120.443411,23.475604],[120.443418,23.475604],[120.443494,23.47561],[120.443498,23.47561],[120.443496,23.475668],[120.44341,23.475662]]]}},{"type":"Feature","id":"w1496035885","properties":{"kind":"building","category":"yes","name":null,"area_m2":51.8,"centroid":[120.443456,23.475572]},"geometry":{"type":"Polygon","coordinates":[[[120.443494,23.47561],[120.443418,23.475604],[120.443421,23.475577],[120.443437,23.475555],[120.443462,23.475542],[120.443504,23.475542],[120.443494,23.47561]]]}},{"type":"Feature","id":"w1500124594","properties":{"kind":"building","category":"residential","name":null,"area_m2":206.2,"centroid":[120.461876,23.466538]},"geometry":{"type":"Polygon","coordinates":[[[120.461831,23.466623],[120.461936,23.466616],[120.461927,23.466448],[120.461809,23.466467],[120.461831,23.466623]]]}},{"type":"Feature","id":"w1500127778","properties":{"kind":"building","category":"school","name":"警衛室","area_m2":70.1,"centroid":[120.450968,23.47365]},"geometry":{"type":"Polygon","coordinates":[[[120.450923,23.473683],[120.450999,23.473689],[120.451021,23.473624],[120.450928,23.473605],[120.450923,23.473683]]]}},{"type":"Feature","id":"w1500127780","properties":{"kind":"building","category":"school","name":"更衣室","area_m2":64.7,"centroid":[120.450352,23.473115]},"geometry":{"type":"Polygon","coordinates":[[[120.450244,23.473121],[120.450458,23.473136],[120.450461,23.473108],[120.450244,23.473096],[120.450244,23.473121]]]}},{"type":"Feature","id":"w1500127781","properties":{"kind":"building","category":"yes","name":"嘉義女中福利社","area_m2":57.4,"centroid":[120.44985,23.473423]},"geometry":{"type":"Polygon","coordinates":[[[120.44979,23.47344],[120.449908,23.47345],[120.449908,23.473406],[120.449796,23.473396],[120.44979,23.47344]]]}},{"type":"Feature","id":"w1500127782","properties":{"kind":"building","category":"outbuilding","name":"機車練習場","area_m2":282.6,"centroid":[120.449399,23.473125]},"geometry":{"type":"Polygon","coordinates":[[[120.449263,23.473162],[120.449523,23.473183],[120.449535,23.473089],[120.449273,23.473066],[120.449263,23.473162]]]}},{"type":"Feature","id":"w1500127788","properties":{"kind":"building","category":"school","name":"國文科辦公室","area_m2":38.2,"centroid":[120.451404,23.473339]},"geometry":{"type":"Polygon","coordinates":[[[120.451357,23.473353],[120.451449,23.473362],[120.451452,23.473327],[120.451357,23.473316],[120.451357,23.473353]]]}},{"type":"Feature","id":"w1500127789","properties":{"kind":"building","category":"school","name":"英文科辦公室","area_m2":41.4,"centroid":[120.451505,23.473351]},"geometry":{"type":"Polygon","coordinates":[[[120.451449,23.473362],[120.451553,23.473372],[120.451567,23.473342],[120.451452,23.473327],[120.451449,23.473362]]]}},{"type":"Feature","id":"w1500127790","properties":{"kind":"building","category":"school","name":"社會科辦公室","area_m2":26.2,"centroid":[120.451606,23.473363]},"geometry":{"type":"Polygon","coordinates":[[[120.451553,23.473372],[120.451656,23.473379],[120.451647,23.473359],[120.451567,23.473342],[120.451553,23.473372]]]}},{"type":"Feature","id":"w1500127791","properties":{"kind":"building","category":"school","name":"數學科辦公室","area_m2":33.5,"centroid":[120.450979,23.473322]},"geometry":{"type":"Polygon","coordinates":[[[120.450929,23.473336],[120.451027,23.473339],[120.451024,23.47331],[120.450934,23.473302],[120.450929,23.473336]]]}},{"type":"Feature","id":"w1500127792","properties":{"kind":"building","category":"school","name":"自然科辦公室","area_m2":46.4,"centroid":[120.450875,23.473312]},"geometry":{"type":"Polygon","coordinates":[[[120.450811,23.473322],[120.450929,23.473336],[120.450934,23.473302],[120.450825,23.473286],[120.450811,23.473322]]]}},{"type":"Feature","id":"w1500128059","properties":{"kind":"building","category":"yes","name":null,"area_m2":223.3,"centroid":[120.459708,23.471792]},"geometry":{"type":"Polygon","coordinates":[[[120.459647,23.471892],[120.45974,23.471902],[120.459769,23.471693],[120.459676,23.471682],[120.459647,23.471892]]]}},{"type":"Feature","id":"w1500128071","properties":{"kind":"building","category":"residential","name":null,"area_m2":318.2,"centroid":[120.45554,23.465765]},"geometry":{"type":"Polygon","coordinates":[[[120.455445,23.465911],[120.455535,23.465924],[120.455632,23.465623],[120.455547,23.465604],[120.455445,23.465911]]]}},{"type":"Feature","id":"w1500128072","properties":{"kind":"building","category":"residential","name":null,"area_m2":375.0,"centroid":[120.455673,23.465811]},"geometry":{"type":"Polygon","coordinates":[[[120.455566,23.465987],[120.455655,23.466008],[120.455776,23.465627],[120.455695,23.465623],[120.455566,23.465987]]]}},{"type":"Feature","id":"w1500128073","properties":{"kind":"building","category":"residential","name":null,"area_m2":122.8,"centroid":[120.455428,23.466057]},"geometry":{"type":"Polygon","coordinates":[[[120.455422,23.466143],[120.455365,23.466114],[120.455424,23.46598],[120.4555,23.465989],[120.455422,23.466143]]]}},{"type":"Feature","id":"w1500128075","properties":{"kind":"building","category":"residential","name":null,"area_m2":192.5,"centroid":[120.456466,23.465823]},"geometry":{"type":"Polygon","coordinates":[[[120.456552,23.465885],[120.456339,23.465842],[120.456347,23.465762],[120.456519,23.465803],[120.456575,23.465822],[120.456552,23.465885]]]}},{"type":"Feature","id":"w1500128076","properties":{"kind":"building","category":"residential","name":null,"area_m2":91.7,"centroid":[120.457637,23.465963]},"geometry":{"type":"Polygon","coordinates":[[[120.457578,23.465985],[120.457706,23.46601],[120.457689,23.46593],[120.457576,23.465928],[120.457578,23.465985]]]}},{"type":"Feature","id":"w1500128077","properties":{"kind":"building","category":"residential","name":null,"area_m2":129.2,"centroid":[120.457616,23.466081]},"geometry":{"type":"Polygon","coordinates":[[[120.457543,23.466121],[120.457576,23.466017],[120.457684,23.466049],[120.457661,23.466136],[120.457543,23.466121]]]}},{"type":"Feature","id":"w1500128078","properties":{"kind":"building","category":"residential","name":null,"area_m2":98.1,"centroid":[120.457591,23.466201]},"geometry":{"type":"Polygon","coordinates":[[[120.457538,23.466231],[120.45764,23.466246],[120.457658,23.466175],[120.457529,23.466153],[120.457538,23.466231]]]}},{"type":"Feature","id":"w1500128079","properties":{"kind":"building","category":"residential","name":null,"area_m2":175.9,"centroid":[120.457774,23.466105]},"geometry":{"type":"Polygon","coordinates":[[[120.45771,23.466168],[120.457824,23.466178],[120.457838,23.466042],[120.457724,23.466033],[120.45771,23.466168]]]}},{"type":"Feature","id":"w1500128080","properties":{"kind":"building","category":"residential","name":null,"area_m2":53.4,"centroid":[120.457848,23.466112]},"geometry":{"type":"Polygon","coordinates":[[[120.457824,23.466178],[120.457859,23.466181],[120.457872,23.466045],[120.457838,23.466042],[120.457824,23.466178]]]}},{"type":"Feature","id":"w1500128081","properties":{"kind":"building","category":"residential","name":null,"area_m2":107.6,"centroid":[120.4579,23.466116]},"geometry":{"type":"Polygon","coordinates":[[[120.457859,23.466181],[120.457928,23.466187],[120.457942,23.466051],[120.457872,23.466045],[120.457859,23.466181]]]}},{"type":"Feature","id":"w1500128082","properties":{"kind":"building","category":"residential","name":null,"area_m2":161.1,"centroid":[120.457987,23.466124]},"geometry":{"type":"Polygon","coordinates":[[[120.457928,23.466187],[120.458032,23.466196],[120.458046,23.46606],[120.457942,23.466051],[120.457928,23.466187]]]}},{"type":"Feature","id":"w1500128083","properties":{"kind":"building","category":"residential","name":null,"area_m2":226.9,"centroid":[120.458112,23.466135]},"geometry":{"type":"Polygon","coordinates":[[[120.458032,23.466196],[120.458179,23.466209],[120.458192,23.466073],[120.458046,23.46606],[120.458032,23.466196]]]}},{"type":"Feature","id":"w1500128084","properties":{"kind":"building","category":"residential","name":null,"area_m2":200.1,"centroid":[120.457601,23.465669]},"geometry":{"type":"Polygon","coordinates":[[[120.457545,23.465768],[120.45764,23.465783],[120.457644,23.465558],[120.457573,23.465567],[120.457545,23.465768]]]}},{"type":"Feature","id":"w1500128085","properties":{"kind":"building","category":"residential","name":null,"area_m2":223.5,"centroid":[120.457776,23.465725]},"geometry":{"type":"Polygon","coordinates":[[[120.457691,23.465785],[120.457831,23.465818],[120.457852,23.465629],[120.457732,23.465668],[120.457691,23.465785]]]}},{"type":"Feature","id":"w1500128274","properties":{"kind":"building","category":"school","name":"嘉義女中圖書館","area_m2":47.8,"centroid":[120.452496,23.47273]},"geometry":{"type":"Polygon","coordinates":[[[120.452462,23.472762],[120.452472,23.472691],[120.452532,23.472698],[120.452519,23.472769],[120.452462,23.472762]]]}},{"type":"Feature","id":"w1500128275","properties":{"kind":"building","category":"school","name":"太鼓教室","area_m2":29.1,"centroid":[120.452329,23.472706]},"geometry":{"type":"Polygon","coordinates":[[[120.452278,23.472716],[120.452288,23.472688],[120.452377,23.472697],[120.452372,23.472724],[120.452278,23.472716]]]}},{"type":"Feature","id":"w1500128277","properties":{"kind":"building","category":"school","name":"荒廢的庭院","area_m2":134.8,"centroid":[120.452227,23.47216]},"geometry":{"type":"Polygon","coordinates":[[[120.452143,23.472186],[120.452158,23.472093],[120.452279,23.472095],[120.452269,23.472195],[120.452262,23.472195],[120.452253,23.472193],[120.452143,23.472186]]]}},{"type":"Feature","id":"w1500128279","properties":{"kind":"building","category":"school","name":"學校大門","area_m2":53.6,"centroid":[120.452809,23.473825]},"geometry":{"type":"Polygon","coordinates":[[[120.452743,23.473833],[120.452737,23.4738],[120.452881,23.473816],[120.452874,23.473852],[120.452743,23.473833]]]}},{"type":"Feature","id":"w1500128282","properties":{"kind":"green","category":"recreation_ground","name":null,"area_m2":135.6,"centroid":[120.452532,23.473721]},"geometry":{"type":"Polygon","coordinates":[[[120.452455,23.473754],[120.452459,23.473675],[120.452611,23.473688],[120.452601,23.473769],[120.452455,23.473754]]]}},{"type":"Feature","id":"w1500128285","properties":{"kind":"green","category":"grass","name":null,"area_m2":327.7,"centroid":[120.452398,23.472531]},"geometry":{"type":"Polygon","coordinates":[[[120.452362,23.472617],[120.452352,23.47255],[120.452322,23.472491],[120.452324,23.472453],[120.452518,23.472451],[120.45251,23.472625],[120.452362,23.472617]]]}},{"type":"Feature","id":"w1500128287","properties":{"kind":"building","category":"school","name":"小亭子","area_m2":49.0,"centroid":[120.452697,23.473788]},"geometry":{"type":"Polygon","coordinates":[[[120.452657,23.473815],[120.452661,23.473755],[120.452737,23.473764],[120.452731,23.473819],[120.452657,23.473815]]]}},{"type":"Feature","id":"w1500128288","properties":{"kind":"building","category":"school","name":"舞蹈教室","area_m2":41.1,"centroid":[120.453524,23.472779]},"geometry":{"type":"Polygon","coordinates":[[[120.453475,23.472795],[120.453476,23.472753],[120.453576,23.472768],[120.45357,23.4728],[120.453475,23.472795]]]}},{"type":"Feature","id":"w1500128289","properties":{"kind":"building","category":"school","name":"活動教室","area_m2":34.6,"centroid":[120.453637,23.472787]},"geometry":{"type":"Polygon","coordinates":[[[120.453592,23.4728],[120.453592,23.472768],[120.453686,23.472773],[120.45368,23.472808],[120.453592,23.4728]]]}},{"type":"Feature","id":"w1500128290","properties":{"kind":"green","category":"recreation_ground","name":null,"area_m2":234.9,"centroid":[120.452292,23.472887]},"geometry":{"type":"Polygon","coordinates":[[[120.452186,23.472922],[120.452192,23.472828],[120.452405,23.472847],[120.452385,23.472952],[120.452186,23.472922]]]}},{"type":"Feature","id":"w1500128292","properties":{"kind":"building","category":"school","name":"側門","area_m2":16.1,"centroid":[120.452101,23.472584]},"geometry":{"type":"Polygon","coordinates":[[[120.452087,23.472607],[120.452085,23.472561],[120.452116,23.472562],[120.452118,23.472608],[120.452087,23.472607]]]}},{"type":"Feature","id":"w1500128299","properties":{"kind":"building","category":"school","name":"連接走廊","area_m2":57.3,"centroid":[120.453509,23.473041]},"geometry":{"type":"Polygon","coordinates":[[[120.453473,23.473079],[120.453482,23.473002],[120.453554,23.473001],[120.453528,23.473083],[120.453473,23.473079]]]}},{"type":"Feature","id":"w1500128300","properties":{"kind":"building","category":"outbuilding","name":"中廊","area_m2":265.2,"centroid":[120.452915,23.473203]},"geometry":{"type":"Polygon","coordinates":[[[120.45278,23.473235],[120.45279,23.473145],[120.45305,23.473171],[120.453039,23.47326],[120.45278,23.473235]]]}},{"type":"Feature","id":"w1500128301","properties":{"kind":"building","category":"yes","name":null,"area_m2":403.6,"centroid":[120.452506,23.473167]},"geometry":{"type":"Polygon","coordinates":[[[120.452301,23.473198],[120.452307,23.47311],[120.452712,23.473135],[120.452705,23.473223],[120.452301,23.473198]]]}},{"type":"Feature","id":"w1500129356","properties":{"kind":"building","category":"house","name":null,"area_m2":124.7,"centroid":[120.44096,23.47589]},"geometry":{"type":"Polygon","coordinates":[[[120.4409,23.47593],[120.440902,23.47591],[120.44091,23.475832],[120.441019,23.475842],[120.44102,23.475885],[120.441009,23.47594],[120.4409,23.47593]]]}},{"type":"Feature","id":"w1500129357","properties":{"kind":"building","category":"house","name":null,"area_m2":113.7,"centroid":[120.440803,23.4759]},"geometry":{"type":"Polygon","coordinates":[[[120.440758,23.475942],[120.440764,23.475926],[120.440769,23.475915],[120.44078,23.47582],[120.440862,23.475828],[120.440851,23.47592],[120.440837,23.475949],[120.440758,23.475942]]]}},{"type":"Feature","id":"w1500129358","properties":{"kind":"building","category":"house","name":null,"area_m2":104.9,"centroid":[120.44072,23.475838]},"geometry":{"type":"Polygon","coordinates":[[[120.440715,23.475924],[120.440722,23.475827],[120.440714,23.475826],[120.440657,23.47582],[120.440653,23.475778],[120.440762,23.475794],[120.440774,23.475809],[120.440764,23.475926],[120.440715,23.475924]]]}},{"type":"Feature","id":"w1500129359","properties":{"kind":"building","category":"house","name":null,"area_m2":72.6,"centroid":[120.440674,23.475872]},"geometry":{"type":"Polygon","coordinates":[[[120.440635,23.475917],[120.440647,23.475821],[120.440714,23.475826],[120.440698,23.475925],[120.440635,23.475917]]]}},{"type":"Feature","id":"w1500129360","properties":{"kind":"building","category":"house","name":null,"area_m2":82.6,"centroid":[120.44079,23.475753]},"geometry":{"type":"Polygon","coordinates":[[[120.440737,23.475778],[120.440779,23.475797],[120.440839,23.475789],[120.440846,23.475722],[120.440793,23.47572],[120.440747,23.475713],[120.440737,23.475778]]]}},{"type":"Feature","id":"w1500129361","properties":{"kind":"building","category":"house","name":null,"area_m2":162.8,"centroid":[120.441223,23.475682]},"geometry":{"type":"Polygon","coordinates":[[[120.44115,23.475728],[120.441161,23.475624],[120.441293,23.475634],[120.44129,23.475741],[120.44115,23.475728]]]}},{"type":"Feature","id":"w1500129362","properties":{"kind":"building","category":"house","name":null,"area_m2":152.4,"centroid":[120.439817,23.475322]},"geometry":{"type":"Polygon","coordinates":[[[120.439773,23.475425],[120.439788,23.475322],[120.439798,23.475215],[120.439854,23.475214],[120.439854,23.475324],[120.439836,23.475432],[120.439773,23.475425]]]}},{"type":"Feature","id":"w1500129363","properties":{"kind":"building","category":"house","name":null,"area_m2":98.4,"centroid":[120.439738,23.475522]},"geometry":{"type":"Polygon","coordinates":[[[120.439706,23.475589],[120.439681,23.47556],[120.439686,23.475458],[120.43975,23.475463],[120.439745,23.47551],[120.439759,23.475504],[120.439778,23.475509],[120.439779,23.475551],[120.439755,23.475552],[120.439706,23.475589]]]}},{"type":"Feature","id":"w1500129364","properties":{"kind":"building","category":"house","name":null,"area_m2":148.3,"centroid":[120.439944,23.47546]},"geometry":{"type":"Polygon","coordinates":[[[120.43986,23.475504],[120.43987,23.475446],[120.439874,23.475416],[120.440022,23.475429],[120.440021,23.475455],[120.440014,23.475513],[120.43986,23.475504]]]}},{"type":"Feature","id":"w1500129365","properties":{"kind":"building","category":"house","name":null,"area_m2":568.5,"centroid":[120.439606,23.474435]},"geometry":{"type":"Polygon","coordinates":[[[120.439493,23.474556],[120.439527,23.474303],[120.439601,23.474313],[120.439722,23.474319],[120.439707,23.474561],[120.439584,23.474557],[120.439493,23.474556]]]}},{"type":"Feature","id":"w1500129366","properties":{"kind":"building","category":"house","name":null,"area_m2":182.9,"centroid":[120.439787,23.474566]},"geometry":{"type":"Polygon","coordinates":[[[120.439721,23.474623],[120.439722,23.474557],[120.439724,23.4745],[120.439856,23.474511],[120.439852,23.474565],[120.439844,23.474639],[120.439721,23.474623]]]}},{"type":"Feature","id":"w1500129367","properties":{"kind":"building","category":"house","name":null,"area_m2":98.6,"centroid":[120.440137,23.473819]},"geometry":{"type":"Polygon","coordinates":[[[120.44008,23.473855],[120.440094,23.473771],[120.440137,23.473779],[120.440189,23.47378],[120.440187,23.473865],[120.440136,23.473866],[120.44008,23.473855]]]}},{"type":"Feature","id":"w1500129368","properties":{"kind":"building","category":"house","name":null,"area_m2":87.5,"centroid":[120.439915,23.473797]},"geometry":{"type":"Polygon","coordinates":[[[120.439867,23.473839],[120.439881,23.473745],[120.439962,23.473755],[120.439948,23.473849],[120.439867,23.473839]]]}},{"type":"Feature","id":"w1500129369","properties":{"kind":"building","category":"house","name":null,"area_m2":23.0,"centroid":[120.440112,23.473666]},"geometry":{"type":"Polygon","coordinates":[[[120.440079,23.473682],[120.440088,23.473649],[120.440144,23.473648],[120.440139,23.473685],[120.440079,23.473682]]]}},{"type":"Feature","id":"w1500129370","properties":{"kind":"building","category":"house","name":null,"area_m2":25.0,"centroid":[120.440042,23.473656]},"geometry":{"type":"Polygon","coordinates":[[[120.440013,23.473673],[120.440016,23.473634],[120.440073,23.473638],[120.440067,23.473678],[120.440013,23.473673]]]}},{"type":"Feature","id":"w1500129371","properties":{"kind":"building","category":"house","name":null,"area_m2":54.9,"centroid":[120.439951,23.473621]},"geometry":{"type":"Polygon","coordinates":[[[120.43992,23.473668],[120.439929,23.473623],[120.439935,23.473569],[120.439979,23.473564],[120.439978,23.473633],[120.439967,23.473669],[120.43992,23.473668]]]}},{"type":"Feature","id":"w1500133757","properties":{"kind":"building","category":"retail","name":"家樂福","area_m2":288.4,"centroid":[120.444559,23.477066]},"geometry":{"type":"Polygon","coordinates":[[[120.444449,23.47712],[120.444659,23.477134],[120.444669,23.477013],[120.444459,23.476999],[120.444449,23.47712]]]}},{"type":"Feature","id":"w1500135096","properties":{"kind":"building","category":"yes","name":null,"area_m2":3951.7,"centroid":[120.453363,23.491581]},"geometry":{"type":"Polygon","coordinates":[[[120.453054,23.491866],[120.45319,23.491121],[120.453656,23.491358],[120.453553,23.491978],[120.453054,23.491866]]]}},{"type":"Feature","id":"w1500135097","properties":{"kind":"building","category":"retail","name":null,"area_m2":3011.0,"centroid":[120.45376,23.494484]},"geometry":{"type":"Polygon","coordinates":[[[120.454176,23.494639],[120.453461,23.494727],[120.453397,23.494266],[120.454004,23.494302],[120.454176,23.494639]]]}},{"type":"Feature","id":"w1500135115","properties":{"kind":"building","category":"garage","name":null,"area_m2":8083.1,"centroid":[120.462153,23.479173]},"geometry":{"type":"Polygon","coordinates":[[[120.461554,23.47941],[120.461642,23.47878],[120.46255,23.478905],[120.462867,23.479597],[120.461554,23.47941]]]}},{"type":"Feature","id":"w1500135116","properties":{"kind":"building","category":"garage","name":null,"area_m2":6549.5,"centroid":[120.460849,23.479752]},"geometry":{"type":"Polygon","coordinates":[[[120.46026,23.480006],[120.460478,23.479387],[120.461361,23.479528],[120.461296,23.480086],[120.46026,23.480006]]]}},{"type":"Feature","id":"w1500135117","properties":{"kind":"building","category":"garage","name":null,"area_m2":7316.9,"centroid":[120.462027,23.479909]},"geometry":{"type":"Polygon","coordinates":[[[120.461462,23.480106],[120.461531,23.479552],[120.462597,23.479667],[120.462517,23.480313],[120.461462,23.480106]]]}},{"type":"Feature","id":"w1500135118","properties":{"kind":"building","category":"garage","name":null,"area_m2":7215.0,"centroid":[120.461843,23.480575]},"geometry":{"type":"Polygon","coordinates":[[[120.461424,23.480749],[120.46138,23.480685],[120.46146,23.480185],[120.462517,23.480313],[120.462435,23.480941],[120.461424,23.480749]]]}},{"type":"Feature","id":"w1500135120","properties":{"kind":"building","category":"garage","name":null,"area_m2":5764.7,"centroid":[120.463844,23.480244]},"geometry":{"type":"Polygon","coordinates":[[[120.463402,23.480368],[120.463191,23.47982],[120.464269,23.479937],[120.464248,23.480456],[120.464097,23.480457],[120.463858,23.480427],[120.463402,23.480368]]]}},{"type":"Feature","id":"w1500135121","properties":{"kind":"building","category":"garage","name":null,"area_m2":3261.1,"centroid":[120.464161,23.480235]},"geometry":{"type":"Polygon","coordinates":[[[120.463451,23.480214],[120.463414,23.480062],[120.464183,23.480157],[120.464312,23.480131],[120.465052,23.480201],[120.464841,23.480418],[120.464284,23.480343],[120.464177,23.480327],[120.463734,23.480258],[120.463451,23.480214]]]}},{"type":"Feature","id":"w1500135122","properties":{"kind":"building","category":"garage","name":null,"area_m2":4263.1,"centroid":[120.46478,23.480264]},"geometry":{"type":"Polygon","coordinates":[[[120.464291,23.480481],[120.46469,23.480521],[120.464898,23.480448],[120.465253,23.48013],[120.465178,23.480045],[120.464372,23.479958],[120.464291,23.480481]]]}},{"type":"Feature","id":"w1500135123","properties":{"kind":"building","category":"garage","name":null,"area_m2":5083.7,"centroid":[120.463975,23.481835]},"geometry":{"type":"Polygon","coordinates":[[[120.463629,23.482247],[120.46361,23.482198],[120.463755,23.481332],[120.464189,23.481061],[120.4642,23.481877],[120.464201,23.481947],[120.464157,23.481998],[120.464058,23.482022],[120.463629,23.482247]]]}},{"type":"Feature","id":"w1500135124","properties":{"kind":"building","category":"garage","name":null,"area_m2":10275.1,"centroid":[120.463847,23.481135]},"geometry":{"type":"Polygon","coordinates":[[[120.463707,23.481177],[120.463712,23.480918],[120.463552,23.480597],[120.463858,23.480427],[120.464097,23.480457],[120.464141,23.481036],[120.464201,23.481947],[120.463509,23.482518],[120.463707,23.481177]]]}},{"type":"Feature","id":"w1500252673","properties":{"kind":"building","category":"house","name":null,"area_m2":248.5,"centroid":[120.445715,23.480358]},"geometry":{"type":"Polygon","coordinates":[[[120.44563,23.480431],[120.445644,23.480354],[120.44565,23.480285],[120.445795,23.480284],[120.445793,23.48036],[120.44578,23.480434],[120.44563,23.480431]]]}},{"type":"Feature","id":"w1500252674","properties":{"kind":"building","category":"house","name":null,"area_m2":191.6,"centroid":[120.445297,23.480304]},"geometry":{"type":"Polygon","coordinates":[[[120.445234,23.48036],[120.445243,23.480237],[120.445295,23.480236],[120.445369,23.480236],[120.445355,23.480379],[120.445286,23.480375],[120.445234,23.48036]]]}},{"type":"Feature","id":"w1500252675","properties":{"kind":"building","category":"house","name":null,"area_m2":170.7,"centroid":[120.445594,23.4804]},"geometry":{"type":"Polygon","coordinates":[[[120.445548,23.480494],[120.445558,23.480404],[120.445574,23.480288],[120.44565,23.480285],[120.44563,23.480431],[120.445605,23.480495],[120.445548,23.480494]]]}},{"type":"Feature","id":"w1500252676","properties":{"kind":"building","category":"house","name":null,"area_m2":97.0,"centroid":[120.445289,23.479975]},"geometry":{"type":"Polygon","coordinates":[[[120.445236,23.480028],[120.445253,23.479959],[120.44527,23.479958],[120.445277,23.479918],[120.445342,23.479926],[120.445326,23.480001],[120.445318,23.480038],[120.445236,23.480028]]]}},{"type":"Feature","id":"w1500252677","properties":{"kind":"building","category":"house","name":null,"area_m2":173.7,"centroid":[120.444756,23.479741]},"geometry":{"type":"Polygon","coordinates":[[[120.444712,23.479886],[120.444747,23.4796],[120.444792,23.479588],[120.444773,23.479888],[120.444712,23.479886]]]}},{"type":"Feature","id":"w1500252678","properties":{"kind":"building","category":"house","name":null,"area_m2":51.4,"centroid":[120.445618,23.479992]},"geometry":{"type":"Polygon","coordinates":[[[120.445587,23.480024],[120.445591,23.479992],[120.44559,23.479954],[120.445652,23.479949],[120.445649,23.479997],[120.445641,23.480034],[120.445587,23.480024]]]}},{"type":"Feature","id":"w1500252679","properties":{"kind":"building","category":"house","name":null,"area_m2":117.5,"centroid":[120.445433,23.480308]},"geometry":{"type":"Polygon","coordinates":[[[120.44538,23.480369],[120.445385,23.480321],[120.445396,23.480293],[120.445404,23.480245],[120.445488,23.480241],[120.445476,23.480294],[120.445465,23.480334],[120.445468,23.480369],[120.44538,23.480369]]]}},{"type":"Feature","id":"w1500252680","properties":{"kind":"building","category":"house","name":null,"area_m2":72.2,"centroid":[120.445317,23.480648]},"geometry":{"type":"Polygon","coordinates":[[[120.445284,23.480696],[120.445284,23.480656],[120.445291,23.480594],[120.445358,23.480592],[120.445345,23.480649],[120.445339,23.4807],[120.445284,23.480696]]]}},{"type":"Feature","id":"w1500252681","properties":{"kind":"building","category":"house","name":null,"area_m2":99.2,"centroid":[120.445781,23.480661]},"geometry":{"type":"Polygon","coordinates":[[[120.445735,23.480719],[120.445746,23.480672],[120.445748,23.480644],[120.445752,23.480598],[120.445829,23.480601],[120.44582,23.480649],[120.445813,23.480683],[120.445806,23.480723],[120.445735,23.480719]]]}},{"type":"Feature","id":"w1500252682","properties":{"kind":"building","category":"house","name":null,"area_m2":65.3,"centroid":[120.44621,23.481151]},"geometry":{"type":"Polygon","coordinates":[[[120.446146,23.48117],[120.446153,23.48112],[120.446211,23.481132],[120.446272,23.481132],[120.446271,23.481176],[120.446206,23.481179],[120.446146,23.48117]]]}},{"type":"Feature","id":"w1500252683","properties":{"kind":"building","category":"house","name":null,"area_m2":104.6,"centroid":[120.445461,23.481707]},"geometry":{"type":"Polygon","coordinates":[[[120.445418,23.481758],[120.445423,23.481728],[120.445425,23.481698],[120.445435,23.481632],[120.44551,23.481637],[120.445499,23.481706],[120.445491,23.481737],[120.445488,23.481763],[120.445418,23.481758]]]}},{"type":"Feature","id":"w1500252684","properties":{"kind":"building","category":"house","name":null,"area_m2":214.6,"centroid":[120.445053,23.481253]},"geometry":{"type":"Polygon","coordinates":[[[120.44494,23.481275],[120.44495,23.481195],[120.445062,23.481209],[120.445161,23.481226],[120.445156,23.481307],[120.445046,23.481303],[120.44494,23.481275]]]}},{"type":"Feature","id":"w1500252685","properties":{"kind":"building","category":"house","name":null,"area_m2":189.5,"centroid":[120.444775,23.480989]},"geometry":{"type":"Polygon","coordinates":[[[120.444682,23.481031],[120.444696,23.48095],[120.444753,23.480947],[120.444882,23.480942],[120.44488,23.481027],[120.44476,23.481038],[120.444682,23.481031]]]}},{"type":"Feature","id":"w1500252686","properties":{"kind":"building","category":"house","name":null,"area_m2":161.8,"centroid":[120.444896,23.480273]},"geometry":{"type":"Polygon","coordinates":[[[120.444826,23.480311],[120.444822,23.480275],[120.444834,23.480213],[120.444972,23.480222],[120.444972,23.480294],[120.444951,23.480323],[120.444826,23.480311]]]}},{"type":"Feature","id":"w1500252687","properties":{"kind":"building","category":"house","name":null,"area_m2":84.5,"centroid":[120.44474,23.480055]},"geometry":{"type":"Polygon","coordinates":[[[120.4447,23.480112],[120.444694,23.480056],[120.444714,23.48],[120.444781,23.480009],[120.444777,23.48002],[120.444763,23.480068],[120.444754,23.480122],[120.4447,23.480112]]]}},{"type":"Feature","id":"w1500252688","properties":{"kind":"building","category":"house","name":null,"area_m2":243.2,"centroid":[120.444885,23.480072]},"geometry":{"type":"Polygon","coordinates":[[[120.444772,23.480121],[120.444777,23.48002],[120.444834,23.480027],[120.44489,23.480033],[120.44489,23.480041],[120.444973,23.480038],[120.444986,23.480035],[120.444976,23.480133],[120.444952,23.480144],[120.444801,23.480132],[120.444772,23.480121]]]}},{"type":"Feature","id":"w1500252689","properties":{"kind":"building","category":"house","name":null,"area_m2":222.6,"centroid":[120.444174,23.481027]},"geometry":{"type":"Polygon","coordinates":[[[120.444071,23.481077],[120.444075,23.481033],[120.444079,23.480981],[120.444225,23.480975],[120.444275,23.480969],[120.444269,23.481076],[120.444227,23.481077],[120.444071,23.481077]]]}},{"type":"Feature","id":"w1500252690","properties":{"kind":"building","category":"house","name":null,"area_m2":82.1,"centroid":[120.444424,23.480312]},"geometry":{"type":"Polygon","coordinates":[[[120.444398,23.480392],[120.444404,23.480314],[120.444408,23.480224],[120.444445,23.480229],[120.44445,23.480318],[120.444442,23.480397],[120.444398,23.480392]]]}},{"type":"Feature","id":"w1500252691","properties":{"kind":"building","category":"house","name":null,"area_m2":26.2,"centroid":[120.44458,23.480394]},"geometry":{"type":"Polygon","coordinates":[[[120.444557,23.480414],[120.444555,23.480368],[120.444607,23.480371],[120.4446,23.480422],[120.444557,23.480414]]]}},{"type":"Feature","id":"w1500252692","properties":{"kind":"building","category":"house","name":null,"area_m2":115.7,"centroid":[120.444973,23.479703]},"geometry":{"type":"Polygon","coordinates":[[[120.444923,23.479758],[120.444936,23.479708],[120.444941,23.479637],[120.44502,23.479634],[120.445014,23.479711],[120.445003,23.479771],[120.444923,23.479758]]]}},{"type":"Feature","id":"w1500252693","properties":{"kind":"building","category":"house","name":null,"area_m2":98.4,"centroid":[120.445067,23.477856]},"geometry":{"type":"Polygon","coordinates":[[[120.445024,23.477912],[120.445026,23.477787],[120.445104,23.477783],[120.445102,23.477868],[120.445074,23.477871],[120.445073,23.477915],[120.445024,23.477912]]]}},{"type":"Feature","id":"w1500252694","properties":{"kind":"building","category":"house","name":null,"area_m2":92.5,"centroid":[120.445023,23.47767]},"geometry":{"type":"Polygon","coordinates":[[[120.444985,23.47772],[120.444992,23.477676],[120.444986,23.477607],[120.44506,23.477608],[120.44506,23.477677],[120.445053,23.477729],[120.444985,23.47772]]]}},{"type":"Feature","id":"w1500252695","properties":{"kind":"building","category":"house","name":null,"area_m2":71.7,"centroid":[120.444986,23.476951]},"geometry":{"type":"Polygon","coordinates":[[[120.444946,23.477005],[120.44496,23.476949],[120.444969,23.476893],[120.445014,23.476895],[120.445017,23.476956],[120.445007,23.477011],[120.444946,23.477005]]]}},{"type":"Feature","id":"w1500252696","properties":{"kind":"building","category":"house","name":null,"area_m2":271.7,"centroid":[120.445215,23.476878]},"geometry":{"type":"Polygon","coordinates":[[[120.445176,23.47695],[120.445175,23.476886],[120.445182,23.476861],[120.445085,23.476851],[120.445088,23.476803],[120.445334,23.47681],[120.445326,23.476889],[120.445283,23.476896],[120.445284,23.476955],[120.445176,23.47695]]]}},{"type":"Feature","id":"w1500252697","properties":{"kind":"building","category":"house","name":null,"area_m2":179.5,"centroid":[120.444769,23.476171]},"geometry":{"type":"Polygon","coordinates":[[[120.444724,23.476263],[120.444731,23.476174],[120.444735,23.476066],[120.444812,23.476068],[120.444813,23.476181],[120.444797,23.476273],[120.444724,23.476263]]]}},{"type":"Feature","id":"w1500252698","properties":{"kind":"building","category":"house","name":null,"area_m2":96.3,"centroid":[120.445028,23.475977]},"geometry":{"type":"Polygon","coordinates":[[[120.444967,23.476002],[120.444965,23.475972],[120.444972,23.475941],[120.445097,23.475942],[120.445088,23.475987],[120.445079,23.47602],[120.444967,23.476002]]]}},{"type":"Feature","id":"w1500252699","properties":{"kind":"building","category":"house","name":null,"area_m2":295.6,"centroid":[120.444347,23.475744]},"geometry":{"type":"Polygon","coordinates":[[[120.444249,23.475843],[120.444259,23.475768],[120.444341,23.475769],[120.444352,23.475699],[120.444363,23.475632],[120.44444,23.475632],[120.444423,23.475865],[120.444249,23.475843]]]}},{"type":"Feature","id":"w1500252700","properties":{"kind":"building","category":"house","name":null,"area_m2":90.8,"centroid":[120.445147,23.475162]},"geometry":{"type":"Polygon","coordinates":[[[120.445088,23.475196],[120.445096,23.475156],[120.445094,23.475129],[120.4452,23.475118],[120.445204,23.475173],[120.445198,23.475199],[120.445088,23.475196]]]}},{"type":"Feature","id":"w1500970127","properties":{"kind":"building","category":"residential","name":null,"area_m2":180.2,"centroid":[120.437771,23.48987]},"geometry":{"type":"Polygon","coordinates":[[[120.437719,23.489956],[120.437809,23.48996],[120.437823,23.489783],[120.437732,23.489781],[120.437719,23.489956]]]}},{"type":"Feature","id":"w1500970128","properties":{"kind":"building","category":"residential","name":null,"area_m2":152.7,"centroid":[120.438173,23.489915]},"geometry":{"type":"Polygon","coordinates":[[[120.438207,23.490002],[120.43812,23.489999],[120.438146,23.489828],[120.438217,23.489832],[120.438207,23.490002]]]}},{"type":"Feature","id":"w1512261873","properties":{"kind":"building","category":"yes","name":"天玄宮","area_m2":220.6,"centroid":[120.460144,23.471737]},"geometry":{"type":"Polygon","coordinates":[[[120.460074,23.471809],[120.460087,23.471656],[120.460214,23.471665],[120.460201,23.471818],[120.460074,23.471809]]]}},{"type":"Feature","id":"w1512275751","properties":{"kind":"building","category":"yes","name":null,"area_m2":881.4,"centroid":[120.457943,23.466285]},"geometry":{"type":"Polygon","coordinates":[[[120.457707,23.466348],[120.457728,23.466177],[120.458179,23.466223],[120.458158,23.466394],[120.457707,23.466348]]]}},{"type":"Feature","id":"w1512537515","properties":{"kind":"building","category":"yes","name":"永和里集會所","area_m2":172.0,"centroid":[120.440386,23.474024]},"geometry":{"type":"Polygon","coordinates":[[[120.440293,23.473966],[120.44046,23.473978],[120.440456,23.474026],[120.440414,23.474023],[120.440409,23.47408],[120.440284,23.474071],[120.440293,23.473966]]]}},{"type":"Feature","id":"w1512537539","properties":{"kind":"building","category":"yes","name":"新厝社區活動中心","area_m2":61.2,"centroid":[120.440754,23.490994]},"geometry":{"type":"Polygon","coordinates":[[[120.440823,23.491011],[120.440812,23.490998],[120.440786,23.490971],[120.440674,23.490973],[120.440674,23.491015],[120.440823,23.491011]]]}},{"type":"Feature","id":"w1512537540","properties":{"kind":"building","category":"temple","name":"炳靈宮五顯帝廟","area_m2":176.4,"centroid":[120.440991,23.491062]},"geometry":{"type":"Polygon","coordinates":[[[120.440908,23.491013],[120.441076,23.491017],[120.441074,23.49111],[120.440906,23.491106],[120.440908,23.491013]]]}},{"type":"Feature","id":"w1512537741","properties":{"kind":"building","category":"temple","name":"萬里千君廟","area_m2":44.7,"centroid":[120.457266,23.465248]},"geometry":{"type":"Polygon","coordinates":[[[120.457216,23.465219],[120.457251,23.46528],[120.457297,23.465276],[120.457299,23.465216],[120.457216,23.465219]]]}},{"type":"Feature","id":"w1535344644","properties":{"kind":"building","category":"yes","name":"嘉邑車頭口牛墟尾西安宮","area_m2":228.8,"centroid":[120.442588,23.478204]},"geometry":{"type":"Polygon","coordinates":[[[120.442486,23.478181],[120.442547,23.478173],[120.44256,23.478125],[120.442693,23.478139],[120.442673,23.478241],[120.442622,23.47826],[120.442607,23.47824],[120.442513,23.478273],[120.442486,23.478181]]]}},{"type":"Feature","id":"w1535344647","properties":{"kind":"building","category":"yes","name":null,"area_m2":227.9,"centroid":[120.442547,23.479014]},"geometry":{"type":"Polygon","coordinates":[[[120.442484,23.479187],[120.442516,23.478912],[120.442568,23.478917],[120.442566,23.478935],[120.442588,23.478938],[120.442558,23.479194],[120.442484,23.479187]]]}},{"type":"Feature","id":"w1536192148","properties":{"kind":"building","category":"yes","name":null,"area_m2":42.0,"centroid":[120.439083,23.463935]},"geometry":{"type":"Polygon","coordinates":[[[120.439027,23.463926],[120.43906,23.463906],[120.439123,23.463909],[120.439137,23.463932],[120.43912,23.463955],[120.439098,23.463946],[120.439081,23.463958],[120.439065,23.463939],[120.439039,23.463944],[120.439027,23.463926]]]}},{"type":"Feature","id":"w1537173602","properties":{"kind":"building","category":"yes","name":null,"area_m2":2636.2,"centroid":[120.451288,23.467525]},"geometry":{"type":"Polygon","coordinates":[[[120.451036,23.46779],[120.451664,23.467593],[120.45154,23.46726],[120.450912,23.467457],[120.451036,23.46779]]]}},{"type":"Feature","id":"w1537173603","properties":{"kind":"building","category":"yes","name":null,"area_m2":1752.1,"centroid":[120.4511,23.467153]},"geometry":{"type":"Polygon","coordinates":[[[120.450864,23.467369],[120.451432,23.467178],[120.451336,23.466937],[120.450768,23.467128],[120.450864,23.467369]]]}},{"type":"Feature","id":"w1537173604","properties":{"kind":"building","category":"yes","name":null,"area_m2":335.8,"centroid":[120.450981,23.466939]},"geometry":{"type":"Polygon","coordinates":[[[120.450905,23.467036],[120.451104,23.466978],[120.451056,23.466842],[120.450858,23.4669],[120.450905,23.467036]]]}},{"type":"Feature","id":"w1537173605","properties":{"kind":"building","category":"yes","name":null,"area_m2":253.3,"centroid":[120.45119,23.466859]},"geometry":{"type":"Polygon","coordinates":[[[120.451131,23.466946],[120.451298,23.466889],[120.45125,23.466771],[120.451083,23.466828],[120.451131,23.466946]]]}},{"type":"Feature","id":"w1537173606","properties":{"kind":"building","category":"yes","name":null,"area_m2":230.1,"centroid":[120.450704,23.467631]},"geometry":{"type":"Polygon","coordinates":[[[120.450679,23.467729],[120.450793,23.467689],[120.450728,23.467533],[120.450614,23.467573],[120.450679,23.467729]]]}},{"type":"Feature","id":"w1537173607","properties":{"kind":"building","category":"yes","name":null,"area_m2":505.8,"centroid":[120.450606,23.467378]},"geometry":{"type":"Polygon","coordinates":[[[120.450602,23.467556],[120.450728,23.467517],[120.450611,23.467199],[120.450484,23.467238],[120.450602,23.467556]]]}},{"type":"Feature","id":"w1537173608","properties":{"kind":"building","category":"yes","name":null,"area_m2":451.0,"centroid":[120.450421,23.467531]},"geometry":{"type":"Polygon","coordinates":[[[120.450436,23.467715],[120.450482,23.467699],[120.450542,23.46768],[120.45041,23.467345],[120.450352,23.467365],[120.450305,23.467382],[120.450436,23.467715]]]}},{"type":"Feature","id":"w1537173609","properties":{"kind":"building","category":"yes","name":null,"area_m2":83.1,"centroid":[120.450358,23.467299]},"geometry":{"type":"Polygon","coordinates":[[[120.450363,23.467233],[120.45041,23.467345],[120.450352,23.467365],[120.450306,23.467254],[120.450363,23.467233]]]}},{"type":"Feature","id":"w1537173610","properties":{"kind":"building","category":"yes","name":null,"area_m2":61.2,"centroid":[120.450527,23.46773]},"geometry":{"type":"Polygon","coordinates":[[[120.450512,23.467779],[120.450573,23.46776],[120.450542,23.46768],[120.450482,23.467699],[120.450512,23.467779]]]}},{"type":"Feature","id":"w1537386272","properties":{"kind":"building","category":"yes","name":null,"area_m2":770.5,"centroid":[120.450876,23.482708]},"geometry":{"type":"Polygon","coordinates":[[[120.450705,23.482848],[120.450932,23.482887],[120.450968,23.482713],[120.450927,23.482706],[120.450956,23.482564],[120.45077,23.482532],[120.450705,23.482848]]]}},{"type":"Feature","id":"w1537386273","properties":{"kind":"building","category":"yes","name":null,"area_m2":246.9,"centroid":[120.451028,23.482641]},"geometry":{"type":"Polygon","coordinates":[[[120.450938,23.482698],[120.451087,23.482726],[120.451118,23.482585],[120.450969,23.482557],[120.450938,23.482698]]]}},{"type":"Feature","id":"w1549573179","properties":{"kind":"building","category":"yes","name":null,"area_m2":259.5,"centroid":[120.443533,23.477719]},"geometry":{"type":"Polygon","coordinates":[[[120.443433,23.477771],[120.443618,23.47779],[120.443633,23.477667],[120.443449,23.477648],[120.443433,23.477771]]]}},{"type":"Feature","id":"w1549573180","properties":{"kind":"building","category":"terrace","name":null,"area_m2":415.2,"centroid":[120.443262,23.47791]},"geometry":{"type":"Polygon","coordinates":[[[120.443172,23.478019],[120.44333,23.478032],[120.443352,23.477801],[120.443194,23.477788],[120.443172,23.478019]]]}},{"type":"Feature","id":"w1549573181","properties":{"kind":"building","category":"terrace","name":null,"area_m2":777.9,"centroid":[120.44365,23.47794]},"geometry":{"type":"Polygon","coordinates":[[[120.443368,23.477975],[120.443918,23.478029],[120.443932,23.477905],[120.443383,23.477851],[120.443368,23.477975]]]}},{"type":"Feature","id":"w1549573182","properties":{"kind":"building","category":"terrace","name":null,"area_m2":1557.3,"centroid":[120.4434,23.47846]},"geometry":{"type":"Polygon","coordinates":[[[120.443117,23.478491],[120.443139,23.478526],[120.443795,23.47858],[120.443815,23.478378],[120.443133,23.478323],[120.443117,23.478491]]]}},{"type":"Feature","id":"w1549573183","properties":{"kind":"building","category":"terrace","name":null,"area_m2":994.1,"centroid":[120.442596,23.478397]},"geometry":{"type":"Polygon","coordinates":[[[120.442318,23.478458],[120.442858,23.478498],[120.442873,23.478336],[120.442333,23.478296],[120.442318,23.478458]]]}},{"type":"Feature","id":"w1549573184","properties":{"kind":"building","category":"yes","name":null,"area_m2":224.9,"centroid":[120.442957,23.478427]},"geometry":{"type":"Polygon","coordinates":[[[120.442884,23.478497],[120.443017,23.478506],[120.443029,23.478357],[120.442896,23.478348],[120.442884,23.478497]]]}},{"type":"Feature","id":"w1549573185","properties":{"kind":"building","category":"yes","name":null,"area_m2":198.5,"centroid":[120.442917,23.478249]},"geometry":{"type":"Polygon","coordinates":[[[120.442822,23.47829],[120.443002,23.478304],[120.443011,23.478207],[120.442831,23.478193],[120.442822,23.47829]]]}},{"type":"Feature","id":"w1549573186","properties":{"kind":"building","category":"yes","name":null,"area_m2":199.9,"centroid":[120.442966,23.478034]},"geometry":{"type":"Polygon","coordinates":[[[120.442872,23.478076],[120.443052,23.478089],[120.443061,23.477992],[120.44288,23.477978],[120.442872,23.478076]]]}},{"type":"Feature","id":"w1549573187","properties":{"kind":"building","category":"yes","name":null,"area_m2":662.0,"centroid":[120.442408,23.478063]},"geometry":{"type":"Polygon","coordinates":[[[120.442221,23.478144],[120.442421,23.478139],[120.442578,23.478103],[120.442581,23.477974],[120.442237,23.477956],[120.442221,23.478144]]]}},{"type":"Feature","id":"w1549573188","properties":{"kind":"building","category":"yes","name":null,"area_m2":439.8,"centroid":[120.442157,23.477616]},"geometry":{"type":"Polygon","coordinates":[[[120.442054,23.477712],[120.442071,23.477507],[120.44226,23.47752],[120.442243,23.477725],[120.442054,23.477712]]]}},{"type":"Feature","id":"w1549573189","properties":{"kind":"building","category":"yes","name":null,"area_m2":444.3,"centroid":[120.442367,23.477666]},"geometry":{"type":"Polygon","coordinates":[[[120.442263,23.477763],[120.44228,23.477557],[120.44247,23.47757],[120.442453,23.477776],[120.442263,23.477763]]]}},{"type":"Feature","id":"w1549573190","properties":{"kind":"building","category":"terrace","name":null,"area_m2":1164.2,"centroid":[120.442723,23.476923]},"geometry":{"type":"Polygon","coordinates":[[[120.442235,23.476939],[120.443201,23.477014],[120.443211,23.476908],[120.442245,23.476833],[120.442235,23.476939]]]}},{"type":"Feature","id":"w1549573193","properties":{"kind":"building","category":"terrace","name":null,"area_m2":1945.7,"centroid":[120.445415,23.47829]},"geometry":{"type":"Polygon","coordinates":[[[120.445223,23.478694],[120.44537,23.478712],[120.445468,23.478517],[120.445415,23.478485],[120.445541,23.478192],[120.445475,23.478061],[120.445502,23.477833],[120.445328,23.477825],[120.445223,23.478694]]]}},{"type":"Feature","id":"w1549573194","properties":{"kind":"building","category":"terrace","name":null,"area_m2":969.2,"centroid":[120.444913,23.478594]},"geometry":{"type":"Polygon","coordinates":[[[120.44467,23.478668],[120.445141,23.478702],[120.445157,23.478521],[120.444685,23.478487],[120.44467,23.478668]]]}},{"type":"Feature","id":"w1549573195","properties":{"kind":"building","category":"terrace","name":null,"area_m2":603.6,"centroid":[120.444436,23.478549]},"geometry":{"type":"Polygon","coordinates":[[[120.444262,23.478618],[120.444599,23.478639],[120.44461,23.478481],[120.444273,23.47846],[120.444262,23.478618]]]}},{"type":"Feature","id":"w1549573196","properties":{"kind":"building","category":"terrace","name":null,"area_m2":1030.0,"centroid":[120.442549,23.478647]},"geometry":{"type":"Polygon","coordinates":[[[120.442289,23.478719],[120.442793,23.478755],[120.442808,23.478575],[120.442304,23.478539],[120.442289,23.478719]]]}},{"type":"Feature","id":"w1549573197","properties":{"kind":"building","category":"terrace","name":null,"area_m2":1111.1,"centroid":[120.443422,23.478708]},"geometry":{"type":"Polygon","coordinates":[[[120.443107,23.478764],[120.443724,23.478811],[120.443738,23.478652],[120.443121,23.478606],[120.443107,23.478764]]]}},{"type":"Feature","id":"w1557260057","properties":{"kind":"building","category":"yes","name":null,"area_m2":62.3,"centroid":[120.467571,23.463998]},"geometry":{"type":"Polygon","coordinates":[[[120.467602,23.464044],[120.467512,23.464],[120.467541,23.463952],[120.46763,23.463997],[120.467602,23.464044]]]}},{"type":"Feature","id":"w1563043390","properties":{"kind":"building","category":"yes","name":"嘉義市嘉興宮","area_m2":140.6,"centroid":[120.447967,23.472646]},"geometry":{"type":"Polygon","coordinates":[[[120.447896,23.472708],[120.447902,23.472628],[120.447934,23.47263],[120.447936,23.472602],[120.448003,23.472606],[120.448,23.472637],[120.448035,23.472639],[120.448029,23.472716],[120.447896,23.472708]]]}},{"type":"Feature","id":"w163107592","properties":{"kind":"green","category":"park","name":"中正公園","area_m2":13397.7,"centroid":[120.447689,23.481361]},"geometry":{"type":"Polygon","coordinates":[[[120.447139,23.481879],[120.447246,23.480775],[120.447336,23.48073],[120.448239,23.480806],[120.44829,23.480842],[120.448072,23.481929],[120.447997,23.482005],[120.44719,23.481925],[120.447139,23.481879]]]}},{"type":"Feature","id":"w163108598","properties":{"kind":"green","category":"park","name":"文化公園","area_m2":32597.6,"centroid":[120.450919,23.475044]},"geometry":{"type":"Polygon","coordinates":[[[120.45007,23.475912],[120.450275,23.474077],[120.450365,23.474017],[120.451691,23.474125],[120.451747,23.474201],[120.451566,23.476004],[120.451501,23.476053],[120.450136,23.475962],[120.45007,23.475912]]]}},{"type":"Feature","id":"w226959268","properties":{"kind":"building","category":"government","name":"嘉義市政府","area_m2":4364.1,"centroid":[120.453546,23.481165]},"geometry":{"type":"Polygon","coordinates":[[[120.453136,23.481256],[120.453155,23.481071],[120.453243,23.481078],[120.453255,23.480966],[120.453168,23.480958],[120.453187,23.480766],[120.454,23.48087],[120.45397,23.481053],[120.453875,23.481045],[120.453865,23.481143],[120.453964,23.481151],[120.453947,23.48132],[120.453711,23.4813],[120.453703,23.481383],[120.45358,23.481373],[120.453588,23.481291],[120.453468,23.481281],[120.453459,23.481365],[120.453316,23.481353],[120.453324,23.481272],[120.453136,23.481256]]]}},{"type":"Feature","id":"w256955013","properties":{"kind":"green","category":"park","name":"興嘉公園","area_m2":12603.6,"centroid":[120.435146,23.468248]},"geometry":{"type":"Polygon","coordinates":[[[120.434626,23.468557],[120.434571,23.468475],[120.434569,23.468409],[120.434587,23.46837],[120.434609,23.468339],[120.434711,23.468254],[120.435367,23.467784],[120.435458,23.467736],[120.435553,23.467717],[120.435647,23.467724],[120.435726,23.467795],[120.435733,23.467849],[120.435581,23.469135],[120.435311,23.469323],[120.434626,23.468557]]]}},{"type":"Feature","id":"w258112667","properties":{"kind":"building","category":"yes","name":"台電公司K書中心","area_m2":527.6,"centroid":[120.442554,23.474431]},"geometry":{"type":"Polygon","coordinates":[[[120.442589,23.474488],[120.442522,23.474483],[120.44252,23.474464],[120.442457,23.474457],[120.442459,23.474439],[120.442393,23.474432],[120.442409,23.474316],[120.442805,23.47435],[120.442793,23.474448],[120.442595,23.474428],[120.442589,23.474488]]]}},{"type":"Feature","id":"w259226125","properties":{"kind":"building","category":"temple","name":"孔廟","area_m2":610.6,"centroid":[120.466494,23.482259]},"geometry":{"type":"Polygon","coordinates":[[[120.466444,23.482106],[120.466669,23.482252],[120.466545,23.482412],[120.46632,23.482266],[120.466444,23.482106]]]}},{"type":"Feature","id":"w259226126","properties":{"kind":"building","category":"yes","name":"嘉義市早覺會","area_m2":306.6,"centroid":[120.466677,23.482489]},"geometry":{"type":"Polygon","coordinates":[[[120.466693,23.482371],[120.466798,23.482445],[120.466661,23.482607],[120.466556,23.482532],[120.466693,23.482371]]]}},{"type":"Feature","id":"w263051586","properties":{"kind":"green","category":"park","name":"義昌公園","area_m2":6554.6,"centroid":[120.445927,23.476757]},"geometry":{"type":"Polygon","coordinates":[[[120.445434,23.477038],[120.446362,23.477103],[120.446412,23.476495],[120.4455,23.476394],[120.445434,23.477038]]]}},{"type":"Feature","id":"w263052738","properties":{"kind":"building","category":"yes","name":null,"area_m2":494.3,"centroid":[120.44409,23.478496]},"geometry":{"type":"Polygon","coordinates":[[[120.444003,23.478617],[120.444018,23.47832],[120.444174,23.478332],[120.444151,23.478586],[120.444105,23.478624],[120.444003,23.478617]]]}},{"type":"Feature","id":"w263449317","properties":{"kind":"green","category":"park","name":"嘉義公園","area_m2":185890.7,"centroid":[120.466048,23.481902]},"geometry":{"type":"Polygon","coordinates":[[[120.463402,23.483031],[120.463247,23.483989],[120.463279,23.484023],[120.463341,23.484113],[120.463883,23.484189],[120.465992,23.484171],[120.466014,23.484129],[120.466256,23.483664],[120.466572,23.483591],[120.466808,23.483428],[120.46699,23.483246],[120.467264,23.482863],[120.467795,23.48244],[120.468192,23.482129],[120.468723,23.482016],[120.469538,23.48177],[120.469597,23.481652],[120.469597,23.481347],[120.469592,23.480757],[120.469714,23.480099],[120.469225,23.48006],[120.467844,23.480107],[120.467483,23.480293],[120.466718,23.480263],[120.466661,23.480361],[120.466592,23.480385],[120.466545,23.480401],[120.466266,23.480248],[120.465907,23.480149],[120.465178,23.480045],[120.465253,23.48013],[120.464898,23.480448],[120.464685,23.480565],[120.464532,23.480677],[120.465117,23.481473],[120.464236,23.481976],[120.464157,23.481998],[120.463559,23.482329],[120.463513,23.482389],[120.46367,23.482608],[120.464261,23.482627],[120.464272,23.48282],[120.463704,23.482802],[120.463402,23.483031]]]}},{"type":"Feature","id":"w263600169","properties":{"kind":"building","category":"yes","name":"臺灣嘉義地方法院","area_m2":5007.8,"centroid":[120.461796,23.487132]},"geometry":{"type":"Polygon","coordinates":[[[120.461313,23.487271],[120.4614,23.487085],[120.46145,23.487105],[120.461555,23.48688],[120.461512,23.486863],[120.461602,23.486671],[120.462255,23.486928],[120.462161,23.487128],[120.462107,23.487107],[120.462007,23.487321],[120.462073,23.487347],[120.461998,23.487508],[120.461917,23.487508],[120.461313,23.487271]]]}},{"type":"Feature","id":"w263600170","properties":{"kind":"building","category":"yes","name":"嘉義地檢署","area_m2":2526.0,"centroid":[120.462781,23.487499]},"geometry":{"type":"Polygon","coordinates":[[[120.462309,23.487641],[120.462384,23.487473],[120.462455,23.487496],[120.462518,23.487355],[120.46247,23.48734],[120.462508,23.487252],[120.462597,23.487296],[120.462609,23.487265],[120.462722,23.487306],[120.462593,23.487567],[120.462856,23.48767],[120.462994,23.487392],[120.463099,23.487429],[120.463078,23.487474],[120.46317,23.48751],[120.463127,23.487598],[120.463092,23.487582],[120.463019,23.487717],[120.463044,23.487729],[120.462974,23.487891],[120.462309,23.487641]]]}},{"type":"Feature","id":"w263608071","properties":{"kind":"green","category":"park","name":"文昌公園","area_m2":4742.6,"centroid":[120.455965,23.478569]},"geometry":{"type":"Polygon","coordinates":[[[120.455628,23.478755],[120.455643,23.478773],[120.456204,23.478818],[120.456248,23.478806],[120.456345,23.478168],[120.455721,23.478092],[120.455628,23.478755]]]}},{"type":"Feature","id":"w263609881","properties":{"kind":"green","category":"park","name":"宣信公園","area_m2":2596.3,"centroid":[120.459994,23.468843]},"geometry":{"type":"Polygon","coordinates":[[[120.459846,23.469202],[120.459791,23.469162],[120.45988,23.468481],[120.460459,23.468527],[120.459846,23.469202]]]}},{"type":"Feature","id":"w263610270","properties":{"kind":"green","category":"park","name":"崇文公園","area_m2":4334.6,"centroid":[120.452166,23.471013]},"geometry":{"type":"Polygon","coordinates":[[[120.452203,23.471285],[120.452092,23.47125],[120.452,23.471106],[120.451882,23.471022],[120.451758,23.470966],[120.451784,23.470607],[120.452473,23.470653],[120.45253,23.470693],[120.452484,23.471155],[120.452358,23.471185],[120.452259,23.471219],[120.452203,23.471285]]]}},{"type":"Feature","id":"w263684759","properties":{"kind":"green","category":"park","name":"嘉義市東區體育館","area_m2":9068.4,"centroid":[120.462185,23.473336]},"geometry":{"type":"Polygon","coordinates":[[[120.461706,23.473948],[120.462218,23.474171],[120.462709,23.473309],[120.462603,23.473248],[120.462434,23.47312],[120.462143,23.472996],[120.461878,23.472932],[120.461791,23.472966],[120.461706,23.473948]]]}},{"type":"Feature","id":"w263686402","properties":{"kind":"building","category":"yes","name":"嘉義市家庭教育中心","area_m2":529.3,"centroid":[120.464478,23.482521]},"geometry":{"type":"Polygon","coordinates":[[[120.464391,23.482476],[120.464404,23.48258],[120.46445,23.482576],[120.464457,23.482634],[120.464646,23.482615],[120.464619,23.482397],[120.464425,23.482416],[120.464431,23.482472],[120.464391,23.482476]]]}},{"type":"Feature","id":"w263740649","properties":{"kind":"building","category":"office","name":"嘉義市議會","area_m2":4168.4,"centroid":[120.432302,23.479353]},"geometry":{"type":"Polygon","coordinates":[[[120.431855,23.479293],[120.432167,23.479748],[120.432749,23.479413],[120.432437,23.478958],[120.431855,23.479293]]]}},{"type":"Feature","id":"w268004884","properties":{"kind":"building","category":"yes","name":"勞工保險局嘉義辦事處","area_m2":261.6,"centroid":[120.455194,23.463539]},"geometry":{"type":"Polygon","coordinates":[[[120.455084,23.463565],[120.455246,23.463631],[120.455303,23.463519],[120.455143,23.463441],[120.455084,23.463565]]]}},{"type":"Feature","id":"w268004885","properties":{"kind":"building","category":"yes","name":"第二分局","area_m2":1155.6,"centroid":[120.455919,23.463923]},"geometry":{"type":"Polygon","coordinates":[[[120.45578,23.464093],[120.455911,23.464153],[120.455977,23.464034],[120.455903,23.464],[120.455997,23.46383],[120.45607,23.463864],[120.456104,23.463804],[120.455973,23.463743],[120.455835,23.463679],[120.455642,23.464029],[120.45578,23.464093]]]}},{"type":"Feature","id":"w273260885","properties":{"kind":"building","category":"transportation","name":"轉運站前站","area_m2":769.7,"centroid":[120.439814,23.480101]},"geometry":{"type":"Polygon","coordinates":[[[120.440054,23.480279],[120.439783,23.479957],[120.439736,23.479901],[120.439623,23.479981],[120.439748,23.48013],[120.439941,23.480359],[120.440054,23.480279]]]}},{"type":"Feature","id":"w273260886","properties":{"kind":"building","category":"train_station","name":"轉運站後站","area_m2":2851.4,"centroid":[120.440198,23.479706]},"geometry":{"type":"Polygon","coordinates":[[[120.440214,23.480135],[120.439966,23.479833],[120.439822,23.479653],[120.440096,23.479466],[120.440124,23.479446],[120.440239,23.479586],[120.440286,23.479554],[120.440475,23.479786],[120.440564,23.479895],[120.440214,23.480135]]]}},{"type":"Feature","id":"w276924709","properties":{"kind":"building","category":"yes","name":"嘉義客運中山站 Changhua Bank / Ziake Shongshan Station (Alishan 7322)","area_m2":595.9,"centroid":[120.444891,23.479171]},"geometry":{"type":"Polygon","coordinates":[[[120.444738,23.479372],[120.444768,23.479099],[120.444816,23.479049],[120.445065,23.479056],[120.445059,23.479123],[120.444927,23.479118],[120.444887,23.479166],[120.444868,23.479384],[120.444738,23.479372]]]}},{"type":"Feature","id":"w286537045","properties":{"kind":"building","category":"kindergarten","name":null,"area_m2":1292.6,"centroid":[120.460581,23.480284]},"geometry":{"type":"Polygon","coordinates":[[[120.460845,23.4806],[120.460861,23.480474],[120.460884,23.480294],[120.460695,23.480273],[120.460535,23.480256],[120.460519,23.480271],[120.460489,23.480292],[120.46047,23.480267],[120.460449,23.480286],[120.460426,23.480277],[120.460437,23.480249],[120.460345,23.480239],[120.460361,23.480134],[120.460446,23.480144],[120.460437,23.480224],[120.46046,23.480244],[120.460484,23.480244],[120.460509,23.480228],[120.460516,23.480147],[120.461039,23.480202],[120.460995,23.480615],[120.460845,23.4806]]]}},{"type":"Feature","id":"w286537046","properties":{"kind":"building","category":"yes","name":null,"area_m2":321.9,"centroid":[120.46076,23.480384]},"geometry":{"type":"Polygon","coordinates":[[[120.460861,23.480474],[120.460817,23.480466],[120.460783,23.480454],[120.460747,23.480436],[120.460725,23.480407],[120.460707,23.480381],[120.460696,23.480348],[120.460689,23.480308],[120.460695,23.480273],[120.460884,23.480294],[120.460861,23.480474]]]}},{"type":"Feature","id":"w286805960","properties":{"kind":"building","category":"residential","name":null,"area_m2":398.9,"centroid":[120.435919,23.464764]},"geometry":{"type":"Polygon","coordinates":[[[120.435868,23.464837],[120.435873,23.464791],[120.435779,23.464783],[120.43579,23.46468],[120.435893,23.464691],[120.436057,23.464705],[120.43605,23.46477],[120.436041,23.464852],[120.435868,23.464837]]]}},{"type":"Feature","id":"w286817272","properties":{"kind":"building","category":"yes","name":"萬善公廟","area_m2":1171.2,"centroid":[120.429931,23.463711]},"geometry":{"type":"Polygon","coordinates":[[[120.430021,23.463511],[120.430094,23.463587],[120.430165,23.463661],[120.429756,23.463971],[120.42962,23.463824],[120.430021,23.463511]]]}},{"type":"Feature","id":"w286818751","properties":{"kind":"green","category":"grass","name":null,"area_m2":2557.8,"centroid":[120.438252,23.463952]},"geometry":{"type":"Polygon","coordinates":[[[120.43804,23.464129],[120.438062,23.464194],[120.438108,23.464249],[120.438153,23.464279],[120.438206,23.464293],[120.438265,23.464283],[120.43832,23.464267],[120.438367,23.464233],[120.438407,23.464198],[120.438446,23.463769],[120.438442,23.463716],[120.438413,23.463665],[120.438365,23.463635],[120.438309,23.463615],[120.438243,23.463611],[120.438188,23.463625],[120.438113,23.463665],[120.438082,23.463712],[120.43804,23.464129]]]}},{"type":"Feature","id":"w286852433","properties":{"kind":"building","category":"yes","name":null,"area_m2":121.8,"centroid":[120.436283,23.465656]},"geometry":{"type":"Polygon","coordinates":[[[120.436179,23.465678],[120.436182,23.465626],[120.436387,23.465634],[120.436384,23.465687],[120.436179,23.465678]]]}},{"type":"Feature","id":"w286852434","properties":{"kind":"building","category":"yes","name":null,"area_m2":70.8,"centroid":[120.43593,23.465612]},"geometry":{"type":"Polygon","coordinates":[[[120.435881,23.465642],[120.435887,23.465575],[120.43598,23.465582],[120.435974,23.465649],[120.435881,23.465642]]]}},{"type":"Feature","id":"w286852435","properties":{"kind":"building","category":"yes","name":null,"area_m2":577.8,"centroid":[120.436197,23.467424]},"geometry":{"type":"Polygon","coordinates":[[[120.436423,23.467511],[120.436425,23.467492],[120.436431,23.467419],[120.436348,23.467413],[120.436352,23.46737],[120.436155,23.467356],[120.436152,23.467389],[120.435957,23.467374],[120.435953,23.467417],[120.435972,23.46745],[120.436001,23.467472],[120.436423,23.467511]]]}},{"type":"Feature","id":"w286883510","properties":{"kind":"building","category":"retail","name":"新光三越","area_m2":1677.4,"centroid":[120.441167,23.473412]},"geometry":{"type":"Polygon","coordinates":[[[120.440951,23.473627],[120.440988,23.473243],[120.441187,23.473259],[120.441372,23.473274],[120.441335,23.473658],[120.440951,23.473627]]]}},{"type":"Feature","id":"w286891391","properties":{"kind":"building","category":"train_station","name":"嘉義車站","area_m2":1236.6,"centroid":[120.441189,23.479102]},"geometry":{"type":"Polygon","coordinates":[[[120.441463,23.479303],[120.441337,23.479401],[120.441312,23.479421],[120.440902,23.478978],[120.440955,23.478936],[120.440972,23.478923],[120.440998,23.478904],[120.441104,23.479018],[120.441177,23.478961],[120.441251,23.47904],[120.441334,23.47913],[120.441316,23.479144],[120.44134,23.47917],[120.441463,23.479303]]]}},{"type":"Feature","id":"w288442757","properties":{"kind":"building","category":"yes","name":"午餐廚房","area_m2":237.6,"centroid":[120.465705,23.487078]},"geometry":{"type":"Polygon","coordinates":[[[120.465604,23.487125],[120.465794,23.48714],[120.465806,23.487032],[120.465615,23.487014],[120.465604,23.487125]]]}},{"type":"Feature","id":"w288442879","properties":{"kind":"building","category":"school","name":"懿文館","area_m2":1230.3,"centroid":[120.464718,23.488094]},"geometry":{"type":"Polygon","coordinates":[[[120.464528,23.488232],[120.464684,23.488247],[120.464679,23.488291],[120.464826,23.488311],[120.464896,23.48791],[120.464788,23.487893],[120.46477,23.487947],[120.464574,23.487925],[120.464528,23.488232]]]}},{"type":"Feature","id":"w288442950","properties":{"kind":"building","category":"school","name":"懿德樓(專科大樓)","area_m2":1166.6,"centroid":[120.465162,23.488144]},"geometry":{"type":"Polygon","coordinates":[[[120.464938,23.488245],[120.465356,23.488287],[120.465388,23.488049],[120.464967,23.487997],[120.464938,23.488245]]]}},{"type":"Feature","id":"w293933324","properties":{"kind":"building","category":"hotel","name":"嘉義商旅","area_m2":1105.5,"centroid":[120.437508,23.473167]},"geometry":{"type":"Polygon","coordinates":[[[120.437332,23.473332],[120.437664,23.473356],[120.437685,23.473121],[120.437695,23.473002],[120.43756,23.473021],[120.43745,23.473083],[120.437343,23.473147],[120.437332,23.473272],[120.437332,23.473332]]]}},{"type":"Feature","id":"w294291239","properties":{"kind":"building","category":"commercial","name":"安泰大樓","area_m2":969.5,"centroid":[120.441718,23.4762]},"geometry":{"type":"Polygon","coordinates":[[[120.441598,23.476284],[120.441999,23.476302],[120.442023,23.476144],[120.44149,23.476092],[120.441479,23.476177],[120.441598,23.476284]]]}},{"type":"Feature","id":"w296203299","properties":{"kind":"green","category":"playground","name":"兒童遊園地","area_m2":635.4,"centroid":[120.463584,23.483879]},"geometry":{"type":"Polygon","coordinates":[[[120.463528,23.48376],[120.463489,23.483782],[120.46346,23.483814],[120.463443,23.483854],[120.463441,23.483896],[120.463454,23.483936],[120.46348,23.48397],[120.463517,23.483995],[120.463561,23.484008],[120.463607,23.484007],[120.46365,23.483993],[120.463684,23.483969],[120.463708,23.483937],[120.46372,23.4839],[120.46372,23.483861],[120.463708,23.483824],[120.463684,23.483792],[120.463651,23.483768],[120.463612,23.483754],[120.46357,23.483751],[120.463528,23.48376]]]}},{"type":"Feature","id":"w301911304","properties":{"kind":"building","category":"church","name":"嘉義聖教會","area_m2":238.7,"centroid":[120.434034,23.464111]},"geometry":{"type":"Polygon","coordinates":[[[120.434029,23.464219],[120.433898,23.464104],[120.434017,23.464016],[120.43406,23.464059],[120.434068,23.464097],[120.434052,23.464111],[120.434112,23.464169],[120.434029,23.464219]]]}},{"type":"Feature","id":"w302990210","properties":{"kind":"building","category":"retail","name":"農業精品館","area_m2":792.9,"centroid":[120.454168,23.486737]},"geometry":{"type":"Polygon","coordinates":[[[120.454184,23.486558],[120.454224,23.486599],[120.454285,23.486636],[120.454309,23.486714],[120.454298,23.4868],[120.454248,23.486869],[120.454197,23.486894],[120.454129,23.486902],[120.454074,23.486863],[120.454032,23.486794],[120.454021,23.486722],[120.454052,23.486642],[120.454137,23.48659],[120.454184,23.486558]]]}},{"type":"Feature","id":"w302990211","properties":{"kind":"building","category":"yes","name":null,"area_m2":172.2,"centroid":[120.4553,23.486182]},"geometry":{"type":"Polygon","coordinates":[[[120.455191,23.486206],[120.4554,23.486229],[120.455409,23.486157],[120.4552,23.486134],[120.455191,23.486206]]]}},{"type":"Feature","id":"w302990212","properties":{"kind":"building","category":"yes","name":null,"area_m2":232.7,"centroid":[120.454781,23.486155]},"geometry":{"type":"Polygon","coordinates":[[[120.454675,23.486195],[120.454874,23.486218],[120.454888,23.486116],[120.454689,23.486093],[120.454675,23.486195]]]}},{"type":"Feature","id":"w302990213","properties":{"kind":"building","category":"yes","name":null,"area_m2":258.5,"centroid":[120.455044,23.486187]},"geometry":{"type":"Polygon","coordinates":[[[120.454927,23.486226],[120.455146,23.486251],[120.45516,23.486148],[120.454941,23.486123],[120.454927,23.486226]]]}},{"type":"Feature","id":"w302990214","properties":{"kind":"building","category":"yes","name":null,"area_m2":225.6,"centroid":[120.454295,23.486302]},"geometry":{"type":"Polygon","coordinates":[[[120.454157,23.486322],[120.454423,23.486355],[120.454433,23.486281],[120.454168,23.486248],[120.454157,23.486322]]]}},{"type":"Feature","id":"w302990215","properties":{"kind":"building","category":"yes","name":null,"area_m2":251.6,"centroid":[120.454323,23.486127]},"geometry":{"type":"Polygon","coordinates":[[[120.454187,23.486152],[120.454447,23.486185],[120.45446,23.486101],[120.454199,23.486068],[120.454187,23.486152]]]}},{"type":"Feature","id":"w302990216","properties":{"kind":"building","category":"yes","name":null,"area_m2":266.5,"centroid":[120.454966,23.486382]},"geometry":{"type":"Polygon","coordinates":[[[120.454852,23.486425],[120.455068,23.486447],[120.455081,23.486339],[120.454865,23.486317],[120.454852,23.486425]]]}},{"type":"Feature","id":"w302990217","properties":{"kind":"building","category":"yes","name":null,"area_m2":185.7,"centroid":[120.45472,23.486367]},"geometry":{"type":"Polygon","coordinates":[[[120.454639,23.486415],[120.45479,23.486428],[120.454801,23.48632],[120.45465,23.486307],[120.454639,23.486415]]]}},{"type":"Feature","id":"w302990218","properties":{"kind":"building","category":"yes","name":null,"area_m2":175.0,"centroid":[120.454054,23.486128]},"geometry":{"type":"Polygon","coordinates":[[[120.453938,23.486164],[120.454112,23.486186],[120.454121,23.48613],[120.454098,23.486127],[120.454103,23.486091],[120.453952,23.486072],[120.453938,23.486164]]]}},{"type":"Feature","id":"w302990219","properties":{"kind":"building","category":"yes","name":null,"area_m2":186.2,"centroid":[120.454414,23.485583]},"geometry":{"type":"Polygon","coordinates":[[[120.454293,23.485619],[120.454478,23.485644],[120.454488,23.485584],[120.454456,23.485579],[120.454461,23.485547],[120.454308,23.485526],[120.454293,23.485619]]]}},{"type":"Feature","id":"w302990220","properties":{"kind":"building","category":"yes","name":null,"area_m2":160.0,"centroid":[120.454084,23.485882]},"geometry":{"type":"Polygon","coordinates":[[[120.45399,23.485824],[120.453978,23.485916],[120.454121,23.485931],[120.454126,23.485891],[120.454142,23.485892],[120.454148,23.48584],[120.45399,23.485824]]]}},{"type":"Feature","id":"w302990221","properties":{"kind":"building","category":"yes","name":null,"area_m2":186.9,"centroid":[120.454345,23.485922]},"geometry":{"type":"Polygon","coordinates":[[[120.45425,23.48592],[120.454278,23.485923],[120.454273,23.485957],[120.454404,23.485972],[120.454409,23.485935],[120.454438,23.485938],[120.454447,23.485878],[120.454259,23.485856],[120.45425,23.48592]]]}},{"type":"Feature","id":"w302990222","properties":{"kind":"building","category":"yes","name":null,"area_m2":151.0,"centroid":[120.45411,23.485582]},"geometry":{"type":"Polygon","coordinates":[[[120.454031,23.485588],[120.454089,23.485595],[120.454086,23.485611],[120.454119,23.485615],[120.454121,23.4856],[120.45419,23.485609],[120.454202,23.485529],[120.454043,23.485509],[120.454031,23.485588]]]}},{"type":"Feature","id":"w305959123","properties":{"kind":"building","category":"supermarket","name":"家樂福","area_m2":12589.4,"centroid":[120.431843,23.471246]},"geometry":{"type":"Polygon","coordinates":[[[120.430995,23.471188],[120.431062,23.471137],[120.431025,23.471095],[120.431424,23.470794],[120.43144,23.470735],[120.431489,23.470715],[120.432703,23.471009],[120.432689,23.47106],[120.432753,23.471076],[120.43261,23.471569],[120.432528,23.471549],[120.432505,23.471628],[120.43191,23.471483],[120.431574,23.471736],[120.431419,23.471563],[120.431367,23.471603],[120.430995,23.471188]]]}},{"type":"Feature","id":"w317467033","properties":{"kind":"building","category":"yes","name":null,"area_m2":88.2,"centroid":[120.441207,23.481496]},"geometry":{"type":"Polygon","coordinates":[[[120.441134,23.48151],[120.441242,23.481435],[120.44128,23.481481],[120.441172,23.481556],[120.441134,23.48151]]]}},{"type":"Feature","id":"w317467034","properties":{"kind":"green","category":"village_green","name":null,"area_m2":156.0,"centroid":[120.439137,23.474847]},"geometry":{"type":"Polygon","coordinates":[[[120.439019,23.47493],[120.439048,23.474889],[120.439079,23.47485],[120.439116,23.474824],[120.439158,23.474797],[120.439198,23.474769],[120.439218,23.474757],[120.439214,23.474801],[120.439206,23.47484],[120.439174,23.474874],[120.439134,23.474908],[120.439079,23.474924],[120.439019,23.47493]]]}},{"type":"Feature","id":"w317491635","properties":{"kind":"building","category":"supermarket","name":"大全聯","area_m2":10898.7,"centroid":[120.437915,23.47808]},"geometry":{"type":"Polygon","coordinates":[[[120.437406,23.478369],[120.437725,23.478768],[120.437756,23.478774],[120.437813,23.478783],[120.437841,23.478788],[120.438052,23.478636],[120.438526,23.478294],[120.438492,23.478255],[120.438679,23.47812],[120.43808,23.47742],[120.438034,23.47743],[120.437994,23.477383],[120.437945,23.477401],[120.437898,23.477341],[120.437608,23.477538],[120.437771,23.47774],[120.437739,23.478018],[120.437483,23.47819],[120.437549,23.478273],[120.437406,23.478369]]]}},{"type":"Feature","id":"w317669731","properties":{"kind":"building","category":"retail","name":"家樂福","area_m2":14976.3,"centroid":[120.455827,23.489752]},"geometry":{"type":"Polygon","coordinates":[[[120.455052,23.489317],[120.455041,23.48942],[120.455062,23.489422],[120.455034,23.489679],[120.455094,23.489684],[120.455062,23.489987],[120.455003,23.489981],[120.454983,23.49018],[120.456484,23.490312],[120.456527,23.489901],[120.456605,23.489908],[120.45662,23.489769],[120.456657,23.489772],[120.456712,23.489624],[120.456639,23.489601],[120.456654,23.489467],[120.455052,23.489317]]]}},{"type":"Feature","id":"w317669734","properties":{"kind":"building","category":"yes","name":"嘉義市選舉委員會","area_m2":444.5,"centroid":[120.454423,23.490104]},"geometry":{"type":"Polygon","coordinates":[[[120.454273,23.490027],[120.454259,23.490151],[120.454574,23.49018],[120.454587,23.490056],[120.454273,23.490027]]]}},{"type":"Feature","id":"w318375440","properties":{"kind":"green","category":"park","name":"中央廣場","area_m2":14276.6,"centroid":[120.449779,23.48163]},"geometry":{"type":"Polygon","coordinates":[[[120.45016,23.482273],[120.450465,23.481663],[120.450621,23.481321],[120.449471,23.480974],[120.449398,23.481016],[120.44915,23.482059],[120.449186,23.482102],[120.45016,23.482273]]]}},{"type":"Feature","id":"w320329907","properties":{"kind":"green","category":"park","name":"嘉義樹木園(植物園)","area_m2":101700.2,"centroid":[120.469793,23.482048]},"geometry":{"type":"Polygon","coordinates":[[[120.471213,23.484207],[120.470777,23.483912],[120.470662,23.483839],[120.470588,23.483758],[120.470327,23.483704],[120.470255,23.483605],[120.470313,23.483418],[120.470485,23.483289],[120.470424,23.483091],[120.470367,23.482778],[120.470435,23.48247],[120.470349,23.482331],[120.47036,23.482202],[120.470341,23.481975],[120.470396,23.481564],[120.470202,23.481408],[120.470343,23.481166],[120.470651,23.481085],[120.47074,23.480952],[120.470659,23.480695],[120.470609,23.480545],[120.470693,23.480275],[120.47102,23.480014],[120.471739,23.480074],[120.471992,23.479637],[120.471427,23.479555],[120.470988,23.479525],[120.470609,23.479697],[120.470236,23.480099],[120.470007,23.480164],[120.469592,23.480757],[120.469597,23.481347],[120.469597,23.481652],[120.469538,23.48177],[120.468723,23.482016],[120.468192,23.482129],[120.467795,23.48244],[120.467264,23.482863],[120.46699,23.483246],[120.466808,23.483428],[120.466572,23.483591],[120.466614,23.483871],[120.467462,23.483886],[120.467555,23.484031],[120.469198,23.484117],[120.471213,23.484207]]]}},{"type":"Feature","id":"w320329916","properties":{"kind":"building","category":"yes","name":"嘉義市史蹟資料館","area_m2":688.5,"centroid":[120.46762,23.481104]},"geometry":{"type":"Polygon","coordinates":[[[120.46767,23.481175],[120.467922,23.481138],[120.467899,23.481006],[120.467552,23.481056],[120.467544,23.48101],[120.467421,23.481028],[120.46745,23.481195],[120.467547,23.481181],[120.467538,23.481132],[120.46766,23.481115],[120.46767,23.481175]]]}},{"type":"Feature","id":"w320807049","properties":{"kind":"green","category":"park","name":"阿里山林業村林業藝術園區","area_m2":71540.3,"centroid":[120.449237,23.486841]},"geometry":{"type":"Polygon","coordinates":[[[120.449488,23.488719],[120.450035,23.488331],[120.450701,23.488448],[120.451055,23.486935],[120.451225,23.486533],[120.449459,23.485648],[120.448843,23.486567],[120.448484,23.486401],[120.448931,23.485471],[120.448364,23.485243],[120.448305,23.485263],[120.447834,23.486543],[120.447828,23.48661],[120.448842,23.487751],[120.449154,23.488155],[120.449488,23.488719]]]}},{"type":"Feature","id":"w320807051","properties":{"kind":"building","category":"yes","name":"森林之歌","area_m2":123.1,"centroid":[120.44823,23.486662]},"geometry":{"type":"Polygon","coordinates":[[[120.44829,23.486673],[120.448282,23.48669],[120.44827,23.486704],[120.448253,23.486714],[120.448233,23.486718],[120.448213,23.486717],[120.448194,23.486709],[120.448179,23.486696],[120.44817,23.486679],[120.448167,23.48666],[120.448171,23.486641],[120.448181,23.486625],[120.448197,23.486612],[120.448217,23.486606],[120.448238,23.486605],[120.448258,23.486611],[120.448273,23.486622],[120.448285,23.486637],[120.44829,23.486655],[120.44829,23.486673]]]}},{"type":"Feature","id":"w321233580","properties":{"kind":"green","category":"park","name":"阿里山森林鐵路車庫園區","area_m2":30585.3,"centroid":[120.451665,23.486096]},"geometry":{"type":"Polygon","coordinates":[[[120.45025,23.485003],[120.453017,23.486084],[120.453108,23.486279],[120.453133,23.486356],[120.453233,23.486439],[120.453256,23.486547],[120.453152,23.487085],[120.45266,23.486967],[120.451452,23.486484],[120.450019,23.485769],[120.450093,23.485636],[120.450851,23.486021],[120.451039,23.486043],[120.451059,23.486012],[120.451098,23.485944],[120.450749,23.485744],[120.450136,23.485218],[120.45025,23.485003]]]}},{"type":"Feature","id":"w321233582","properties":{"kind":"building","category":"yes","name":"阿里山林業鐵路及文化資產管理處","area_m2":660.4,"centroid":[120.44865,23.484977]},"geometry":{"type":"Polygon","coordinates":[[[120.448508,23.485109],[120.448673,23.485161],[120.448793,23.484845],[120.448627,23.484793],[120.448508,23.485109]]]}},{"type":"Feature","id":"w321233583","properties":{"kind":"building","category":"yes","name":"嘉義地方法院簡易庭","area_m2":871.2,"centroid":[120.449119,23.48517]},"geometry":{"type":"Polygon","coordinates":[[[120.448945,23.48521],[120.448979,23.485129],[120.44892,23.485108],[120.448967,23.484994],[120.44936,23.485131],[120.44931,23.48525],[120.449252,23.485229],[120.44922,23.485306],[120.448945,23.48521]]]}},{"type":"Feature","id":"w321233584","properties":{"kind":"building","category":"yes","name":"動力室木雕作品展示館","area_m2":343.6,"centroid":[120.450894,23.48667]},"geometry":{"type":"Polygon","coordinates":[[[120.45089,23.486795],[120.45077,23.486724],[120.450898,23.486545],[120.451017,23.486617],[120.45089,23.486795]]]}},{"type":"Feature","id":"w321233585","properties":{"kind":"building","category":"public","name":"嘉義市立博物館","area_m2":3757.6,"centroid":[120.451487,23.487084]},"geometry":{"type":"Polygon","coordinates":[[[120.451065,23.487256],[120.451139,23.48725],[120.45114,23.487278],[120.451459,23.487287],[120.451466,23.487171],[120.451562,23.487219],[120.451558,23.487257],[120.451587,23.487292],[120.451632,23.487291],[120.451671,23.48727],[120.451683,23.48724],[120.451711,23.487249],[120.451869,23.486961],[120.451842,23.486921],[120.451728,23.486867],[120.451753,23.486788],[120.451421,23.48666],[120.45139,23.486722],[120.451321,23.486692],[120.451168,23.487042],[120.451072,23.487044],[120.451065,23.487256]]]}},{"type":"Feature","id":"w321233590","properties":{"kind":"building","category":"hotel","name":"麗星北門大飯店原址","area_m2":5024.6,"centroid":[120.453992,23.488191]},"geometry":{"type":"Polygon","coordinates":[[[120.453613,23.488605],[120.454344,23.488685],[120.454474,23.487901],[120.454116,23.48785],[120.454086,23.487883],[120.454059,23.487946],[120.45403,23.488086],[120.453973,23.48821],[120.453858,23.488275],[120.45371,23.48827],[120.453649,23.488392],[120.453613,23.488605]]]}},{"type":"Feature","id":"w321233592","properties":{"kind":"building","category":"government","name":"嘉義市政府文化局","area_m2":2711.5,"centroid":[120.452226,23.487541]},"geometry":{"type":"Polygon","coordinates":[[[120.451972,23.487716],[120.452127,23.487727],[120.452148,23.487481],[120.452147,23.487455],[120.452396,23.487477],[120.452388,23.487519],[120.452421,23.487521],[120.452317,23.487908],[120.452483,23.48792],[120.452608,23.487277],[120.451974,23.487232],[120.45196,23.4874],[120.451999,23.487403],[120.451972,23.487716]]]}},{"type":"Feature","id":"w321233593","properties":{"kind":"building","category":"yes","name":"嘉義市政府文化局音樂廳","area_m2":2684.6,"centroid":[120.452218,23.488036]},"geometry":{"type":"Polygon","coordinates":[[[120.451922,23.48831],[120.452067,23.48832],[120.452075,23.488229],[120.452516,23.48828],[120.452571,23.487913],[120.452483,23.48792],[120.452317,23.487908],[120.452132,23.487855],[120.452135,23.487817],[120.451966,23.487805],[120.451922,23.48831]]]}},{"type":"Feature","id":"w321233594","properties":{"kind":"green","category":"park","name":"嘉義市文化廣場","area_m2":23388.8,"centroid":[120.452324,23.487718]},"geometry":{"type":"Polygon","coordinates":[[[120.452204,23.486956],[120.453116,23.487328],[120.4529,23.488962],[120.451741,23.488732],[120.451892,23.487379],[120.452089,23.486948],[120.452204,23.486956]]]}},{"type":"Feature","id":"w321238395","properties":{"kind":"building","category":"yes","name":null,"area_m2":575.2,"centroid":[120.452431,23.487137]},"geometry":{"type":"Polygon","coordinates":[[[120.452269,23.487241],[120.452597,23.487257],[120.452601,23.487143],[120.452492,23.48713],[120.452484,23.48708],[120.452409,23.487065],[120.452317,23.487047],[120.452278,23.487133],[120.452269,23.487241]]]}},{"type":"Feature","id":"w321238402","properties":{"kind":"green","category":"village_green","name":null,"area_m2":2880.3,"centroid":[120.45337,23.488087]},"geometry":{"type":"Polygon","coordinates":[[[120.453355,23.489035],[120.453145,23.489012],[120.453232,23.488383],[120.453335,23.487783],[120.453373,23.487798],[120.453385,23.487771],[120.453419,23.487782],[120.453441,23.487748],[120.453498,23.487758],[120.453517,23.487804],[120.453355,23.489035]]]}},{"type":"Feature","id":"w321770410","properties":{"kind":"building","category":"yes","name":"應天宮","area_m2":247.8,"centroid":[120.431568,23.463309]},"geometry":{"type":"Polygon","coordinates":[[[120.431516,23.463446],[120.431666,23.463261],[120.431627,23.463235],[120.43159,23.463209],[120.431439,23.463394],[120.431516,23.463446]]]}},{"type":"Feature","id":"w322430975","properties":{"kind":"building","category":"residential","name":"五樓趣","area_m2":52.7,"centroid":[120.444994,23.481369]},"geometry":{"type":"Polygon","coordinates":[[[120.444929,23.481375],[120.445051,23.481399],[120.44506,23.481363],[120.444938,23.481338],[120.444929,23.481375]]]}},{"type":"Feature","id":"w326558861","properties":{"kind":"building","category":"yes","name":"公弢樓","area_m2":216.4,"centroid":[120.454032,23.466343]},"geometry":{"type":"Polygon","coordinates":[[[120.454138,23.466419],[120.454166,23.466349],[120.453926,23.466267],[120.453897,23.466337],[120.454138,23.466419]]]}},{"type":"Feature","id":"w326558862","properties":{"kind":"building","category":"yes","name":"學員活動中心","area_m2":1193.9,"centroid":[120.453571,23.466635]},"geometry":{"type":"Polygon","coordinates":[[[120.45338,23.466614],[120.453412,23.466625],[120.453405,23.466643],[120.453535,23.466688],[120.45354,23.466677],[120.453616,23.466704],[120.453612,23.466712],[120.453952,23.46683],[120.454019,23.466667],[120.453478,23.46648],[120.453471,23.466497],[120.453434,23.466484],[120.45338,23.466614]]]}},{"type":"Feature","id":"w326558863","properties":{"kind":"building","category":"yes","name":null,"area_m2":410.5,"centroid":[120.454326,23.466442]},"geometry":{"type":"Polygon","coordinates":[[[120.45419,23.466545],[120.454203,23.466513],[120.454232,23.466523],[120.454315,23.466323],[120.454275,23.466309],[120.454284,23.466287],[120.454462,23.466349],[120.454451,23.466376],[120.454424,23.466366],[120.454348,23.466549],[120.454374,23.466558],[120.454356,23.466602],[120.45419,23.466545]]]}},{"type":"Feature","id":"w326558865","properties":{"kind":"building","category":"yes","name":null,"area_m2":355.3,"centroid":[120.453644,23.466233]},"geometry":{"type":"Polygon","coordinates":[[[120.453769,23.466331],[120.453808,23.466235],[120.453519,23.466136],[120.45348,23.466231],[120.453769,23.466331]]]}},{"type":"Feature","id":"w326558866","properties":{"kind":"building","category":"yes","name":null,"area_m2":331.3,"centroid":[120.453863,23.466062]},"geometry":{"type":"Polygon","coordinates":[[[120.453923,23.466165],[120.453981,23.466019],[120.453803,23.46596],[120.453745,23.466105],[120.453923,23.466165]]]}},{"type":"Feature","id":"w326558868","properties":{"kind":"building","category":"yes","name":null,"area_m2":353.0,"centroid":[120.453204,23.466222]},"geometry":{"type":"Polygon","coordinates":[[[120.453333,23.46632],[120.453371,23.466228],[120.453074,23.466124],[120.453036,23.466216],[120.453333,23.46632]]]}},{"type":"Feature","id":"w326558869","properties":{"kind":"building","category":"yes","name":null,"area_m2":840.8,"centroid":[120.453695,23.467562]},"geometry":{"type":"Polygon","coordinates":[[[120.453904,23.467711],[120.453959,23.467572],[120.453486,23.467413],[120.453431,23.467552],[120.453904,23.467711]]]}},{"type":"Feature","id":"w326558870","properties":{"kind":"building","category":"yes","name":null,"area_m2":469.8,"centroid":[120.454093,23.466145]},"geometry":{"type":"Polygon","coordinates":[[[120.453935,23.466174],[120.453989,23.466033],[120.454252,23.466117],[120.454198,23.466258],[120.453935,23.466174]]]}},{"type":"Feature","id":"w326558871","properties":{"kind":"building","category":"yes","name":null,"area_m2":347.8,"centroid":[120.453315,23.466533]},"geometry":{"type":"Polygon","coordinates":[[[120.453323,23.466675],[120.453417,23.466427],[120.453306,23.466392],[120.453212,23.466639],[120.453323,23.466675]]]}},{"type":"Feature","id":"w326558872","properties":{"kind":"building","category":"yes","name":null,"area_m2":970.5,"centroid":[120.453541,23.468813]},"geometry":{"type":"Polygon","coordinates":[[[120.453733,23.468939],[120.453761,23.468734],[120.453348,23.468687],[120.45332,23.468892],[120.453733,23.468939]]]}},{"type":"Feature","id":"w326558873","properties":{"kind":"building","category":"yes","name":null,"area_m2":642.5,"centroid":[120.454297,23.467126]},"geometry":{"type":"Polygon","coordinates":[[[120.454126,23.467378],[120.454249,23.467419],[120.454376,23.467103],[120.454314,23.467082],[120.454388,23.466898],[120.454327,23.466877],[120.454126,23.467378]]]}},{"type":"Feature","id":"w326558874","properties":{"kind":"building","category":"yes","name":null,"area_m2":584.7,"centroid":[120.454092,23.467562]},"geometry":{"type":"Polygon","coordinates":[[[120.454264,23.467453],[120.454072,23.467446],[120.454068,23.467525],[120.453982,23.467521],[120.453979,23.467587],[120.454059,23.467591],[120.454055,23.467682],[120.454253,23.46769],[120.454264,23.467453]]]}},{"type":"Feature","id":"w326558875","properties":{"kind":"building","category":"yes","name":"敬業樓","area_m2":2335.2,"centroid":[120.45363,23.467043]},"geometry":{"type":"Polygon","coordinates":[[[120.453932,23.466864],[120.453583,23.466743],[120.453534,23.466862],[120.453455,23.466834],[120.453346,23.4671],[120.453414,23.467123],[120.45337,23.467231],[120.453731,23.467356],[120.453787,23.46722],[120.453726,23.467199],[120.453814,23.466984],[120.453874,23.467005],[120.453932,23.466864]]]}},{"type":"Feature","id":"w328302998","properties":{"kind":"building","category":"roof","name":null,"area_m2":812.3,"centroid":[120.453956,23.468927]},"geometry":{"type":"Polygon","coordinates":[[[120.454077,23.469113],[120.454164,23.469051],[120.454004,23.468869],[120.45411,23.468762],[120.453994,23.468745],[120.453935,23.468802],[120.453914,23.468782],[120.453841,23.468856],[120.453827,23.468871],[120.453814,23.469127],[120.453894,23.469133],[120.453918,23.468976],[120.453937,23.468964],[120.454077,23.469113]]]}},{"type":"Feature","id":"w328302999","properties":{"kind":"building","category":"industrial","name":null,"area_m2":4682.7,"centroid":[120.451163,23.468114]},"geometry":{"type":"Polygon","coordinates":[[[120.451896,23.468131],[120.451915,23.468097],[120.45177,23.467704],[120.451735,23.467683],[120.451146,23.467882],[120.451209,23.468057],[120.451049,23.468117],[120.450995,23.467964],[120.450943,23.46794],[120.450799,23.468001],[120.450834,23.468098],[120.450872,23.468093],[120.450898,23.468189],[120.450929,23.468182],[120.450947,23.468254],[120.450983,23.468247],[120.451023,23.468346],[120.451072,23.468329],[120.451089,23.46837],[120.451153,23.468344],[120.451164,23.468366],[120.451896,23.468131]]]}},{"type":"Feature","id":"w328303000","properties":{"kind":"building","category":"yes","name":null,"area_m2":3110.2,"centroid":[120.454052,23.468246]},"geometry":{"type":"Polygon","coordinates":[[[120.453915,23.467838],[120.454262,23.467865],[120.454189,23.468653],[120.453842,23.468627],[120.453915,23.467838]]]}},{"type":"Feature","id":"w331957249","properties":{"kind":"building","category":"office","name":"長榮派出所","area_m2":430.0,"centroid":[120.443203,23.479107]},"geometry":{"type":"Polygon","coordinates":[[[120.44307,23.479211],[120.443322,23.47923],[120.443331,23.479128],[120.443151,23.479114],[120.443156,23.479068],[120.443251,23.479075],[120.443255,23.479023],[120.443088,23.47901],[120.44307,23.479211]]]}},{"type":"Feature","id":"w341397658","properties":{"kind":"green","category":"grass","name":"陽光草皮","area_m2":1163.7,"centroid":[120.461252,23.469]},"geometry":{"type":"Polygon","coordinates":[[[120.461425,23.469105],[120.461438,23.468941],[120.461323,23.468937],[120.46132,23.468818],[120.461136,23.468815],[120.461111,23.468957],[120.461062,23.468964],[120.461045,23.469127],[120.46127,23.469163],[120.461387,23.469174],[120.461425,23.469105]]]}},{"type":"Feature","id":"w353120128","properties":{"kind":"building","category":"train_station","name":"北門","area_m2":230.0,"centroid":[120.454663,23.487623]},"geometry":{"type":"Polygon","coordinates":[[[120.454548,23.487632],[120.454583,23.487541],[120.45478,23.487615],[120.454742,23.487705],[120.454548,23.487632]]]}},{"type":"Feature","id":"w353120303","properties":{"kind":"building","category":"yes","name":"玉山旅社","area_m2":90.4,"centroid":[120.454761,23.48709]},"geometry":{"type":"Polygon","coordinates":[[[120.454662,23.487131],[120.454656,23.487095],[120.454859,23.487048],[120.454868,23.487087],[120.454662,23.487131]]]}},{"type":"Feature","id":"w353120509","properties":{"kind":"building","category":"yes","name":"嘉義市政府警察局","area_m2":4018.0,"centroid":[120.454562,23.481264]},"geometry":{"type":"Polygon","coordinates":[[[120.454222,23.481333],[120.454291,23.480849],[120.454982,23.480922],[120.454906,23.481419],[120.454647,23.481396],[120.454644,23.481433],[120.4544,23.481406],[120.454407,23.481356],[120.454222,23.481333]]]}},{"type":"Feature","id":"w357023705","properties":{"kind":"green","category":"park","name":"埤仔頭植物園","area_m2":39999.1,"centroid":[120.448499,23.490814]},"geometry":{"type":"Polygon","coordinates":[[[120.447678,23.489734],[120.448669,23.489858],[120.449384,23.489929],[120.449612,23.490072],[120.449702,23.490368],[120.449734,23.490673],[120.44925,23.491116],[120.449033,23.491687],[120.448804,23.49219],[120.448647,23.492284],[120.447773,23.492067],[120.447668,23.4917],[120.447704,23.491307],[120.447934,23.491005],[120.447995,23.490586],[120.447897,23.490307],[120.447828,23.490033],[120.447671,23.489743],[120.447678,23.489734]]]}},{"type":"Feature","id":"w357023758","properties":{"kind":"green","category":"park","name":"北香湖公園","area_m2":240379.1,"centroid":[120.44759,23.49184]},"geometry":{"type":"Polygon","coordinates":[[[120.447671,23.489743],[120.447828,23.490033],[120.447897,23.490307],[120.447995,23.490586],[120.447934,23.491005],[120.447704,23.491307],[120.447668,23.4917],[120.447773,23.492067],[120.448647,23.492284],[120.448804,23.49219],[120.449033,23.491687],[120.44925,23.491116],[120.449734,23.490673],[120.449734,23.490812],[120.449841,23.490721],[120.449879,23.490707],[120.44989,23.492268],[120.449768,23.49304],[120.44967,23.49348],[120.449494,23.494341],[120.449242,23.49532],[120.446697,23.495029],[120.44646,23.495009],[120.444307,23.494782],[120.4442,23.494767],[120.44402,23.494709],[120.444488,23.493557],[120.445071,23.492196],[120.445649,23.490761],[120.446058,23.489747],[120.446186,23.489746],[120.446387,23.48967],[120.446438,23.489615],[120.446801,23.48968],[120.447434,23.489734],[120.447671,23.489743]]]}},{"type":"Feature","id":"w357091937","properties":{"kind":"building","category":"yes","name":null,"area_m2":78.6,"centroid":[120.46735,23.482384]},"geometry":{"type":"Polygon","coordinates":[[[120.467279,23.482424],[120.467433,23.482386],[120.467421,23.482344],[120.467266,23.482382],[120.467279,23.482424]]]}},{"type":"Feature","id":"w357092348","properties":{"kind":"green","category":"playground","name":null,"area_m2":977.7,"centroid":[120.467251,23.482039]},"geometry":{"type":"Polygon","coordinates":[[[120.467124,23.482201],[120.467429,23.482153],[120.467378,23.481877],[120.467073,23.481925],[120.467124,23.482201]]]}},{"type":"Feature","id":"w357479652","properties":{"kind":"building","category":"yes","name":null,"area_m2":186.9,"centroid":[120.453828,23.485516]},"geometry":{"type":"Polygon","coordinates":[[[120.453721,23.485543],[120.453921,23.485571],[120.453934,23.48549],[120.453734,23.485462],[120.453721,23.485543]]]}},{"type":"Feature","id":"w357479654","properties":{"kind":"building","category":"yes","name":null,"area_m2":312.0,"centroid":[120.453891,23.485228]},"geometry":{"type":"Polygon","coordinates":[[[120.45373,23.485295],[120.453976,23.485329],[120.454003,23.485161],[120.453952,23.485154],[120.453941,23.485227],[120.453746,23.4852],[120.45373,23.485295]]]}},{"type":"Feature","id":"w357479655","properties":{"kind":"building","category":"yes","name":null,"area_m2":317.2,"centroid":[120.454161,23.48529]},"geometry":{"type":"Polygon","coordinates":[[[120.454031,23.485333],[120.454276,23.485361],[120.454291,23.485248],[120.454046,23.48522],[120.454031,23.485333]]]}},{"type":"Feature","id":"w357479657","properties":{"kind":"building","category":"yes","name":null,"area_m2":185.0,"centroid":[120.45445,23.485327]},"geometry":{"type":"Polygon","coordinates":[[[120.454343,23.485353],[120.454543,23.485381],[120.454557,23.485301],[120.454357,23.485273],[120.454343,23.485353]]]}},{"type":"Feature","id":"w357479659","properties":{"kind":"building","category":"yes","name":null,"area_m2":326.6,"centroid":[120.454452,23.485019]},"geometry":{"type":"Polygon","coordinates":[[[120.454448,23.48508],[120.454582,23.485095],[120.454593,23.485005],[120.454503,23.484995],[120.45451,23.484939],[120.454339,23.48492],[120.454321,23.485052],[120.454383,23.485059],[120.454389,23.485016],[120.454456,23.485024],[120.454448,23.48508]]]}},{"type":"Feature","id":"w357479665","properties":{"kind":"building","category":"yes","name":"營林俱樂部","area_m2":187.3,"centroid":[120.454793,23.485629]},"geometry":{"type":"Polygon","coordinates":[[[120.454686,23.485655],[120.454886,23.485683],[120.4549,23.485602],[120.4547,23.485574],[120.454686,23.485655]]]}},{"type":"Feature","id":"w357479666","properties":{"kind":"building","category":"yes","name":null,"area_m2":132.3,"centroid":[120.453901,23.484899]},"geometry":{"type":"Polygon","coordinates":[[[120.45382,23.484927],[120.45397,23.484947],[120.453982,23.484871],[120.453832,23.48485],[120.45382,23.484927]]]}},{"type":"Feature","id":"w357479667","properties":{"kind":"building","category":"yes","name":null,"area_m2":380.6,"centroid":[120.453997,23.487113]},"geometry":{"type":"Polygon","coordinates":[[[120.454099,23.487222],[120.453839,23.48711],[120.453894,23.487004],[120.454154,23.487116],[120.454099,23.487222]]]}},{"type":"Feature","id":"w357479668","properties":{"kind":"building","category":"yes","name":null,"area_m2":142.6,"centroid":[120.45423,23.487219]},"geometry":{"type":"Polygon","coordinates":[[[120.454149,23.487239],[120.454269,23.487287],[120.454311,23.487199],[120.454192,23.48715],[120.454149,23.487239]]]}},{"type":"Feature","id":"w357479669","properties":{"kind":"building","category":"yes","name":null,"area_m2":170.2,"centroid":[120.454205,23.487019]},"geometry":{"type":"Polygon","coordinates":[[[120.454148,23.48709],[120.45416,23.486941],[120.454261,23.486948],[120.454249,23.487096],[120.454148,23.48709]]]}},{"type":"Feature","id":"w357625298","properties":{"kind":"building","category":"yes","name":"麥當勞","area_m2":338.1,"centroid":[120.451469,23.495383]},"geometry":{"type":"Polygon","coordinates":[[[120.451368,23.495455],[120.451551,23.495473],[120.45157,23.495311],[120.451386,23.495294],[120.451368,23.495455]]]}},{"type":"Feature","id":"w367574636","properties":{"kind":"building","category":"public","name":"嘉義市政府西區衛生所","area_m2":902.3,"centroid":[120.431105,23.480009]},"geometry":{"type":"Polygon","coordinates":[[[120.431147,23.480272],[120.430863,23.479852],[120.431,23.479774],[120.431023,23.479808],[120.431141,23.479981],[120.431276,23.480182],[120.431285,23.480194],[120.431147,23.480272]]]}},{"type":"Feature","id":"w367734675","properties":{"kind":"building","category":"government","name":"嘉義市政府稅務局","area_m2":1839.5,"centroid":[120.4544,23.481867]},"geometry":{"type":"Polygon","coordinates":[[[120.454107,23.481888],[120.454226,23.4819],[120.454281,23.481836],[120.454498,23.481866],[120.454472,23.482025],[120.454827,23.482073],[120.454874,23.481787],[120.454188,23.481693],[120.454126,23.481735],[120.454107,23.481888]]]}},{"type":"Feature","id":"w367734932","properties":{"kind":"building","category":"public","name":"嘉義市東區衛生所","area_m2":340.0,"centroid":[120.466313,23.476761]},"geometry":{"type":"Polygon","coordinates":[[[120.466144,23.476827],[120.466386,23.476882],[120.466416,23.47678],[120.466393,23.476771],[120.46641,23.476725],[120.466341,23.47671],[120.466329,23.476769],[120.466306,23.476758],[120.466318,23.476718],[120.466262,23.476708],[120.466252,23.476746],[120.466196,23.476737],[120.466144,23.476827]]]}},{"type":"Feature","id":"w367736303","properties":{"kind":"building","category":"fire_station","name":"嘉義市政府消防局蘭潭分隊","area_m2":1379.8,"centroid":[120.467306,23.472421]},"geometry":{"type":"Polygon","coordinates":[[[120.467075,23.472486],[120.467254,23.47257],[120.467297,23.472561],[120.46734,23.472581],[120.467571,23.472211],[120.467297,23.47212],[120.467075,23.472486]]]}},{"type":"Feature","id":"w367737286","properties":{"kind":"building","category":"yes","name":"嘉義市政府消防局第一分隊","area_m2":907.8,"centroid":[120.448096,23.48468]},"geometry":{"type":"Polygon","coordinates":[[[120.447997,23.484656],[120.447944,23.484774],[120.448138,23.484846],[120.44819,23.484728],[120.448229,23.484743],[120.448302,23.484578],[120.448022,23.484473],[120.447949,23.484638],[120.447997,23.484656]]]}},{"type":"Feature","id":"w367740799","properties":{"kind":"building","category":"fire_station","name":"嘉義市消防局後湖分隊","area_m2":971.7,"centroid":[120.460778,23.485947]},"geometry":{"type":"Polygon","coordinates":[[[120.460579,23.486059],[120.460967,23.486107],[120.460985,23.485983],[120.460894,23.485972],[120.4609,23.485924],[120.460663,23.485716],[120.460635,23.485911],[120.460601,23.485907],[120.460579,23.486059]]]}},{"type":"Feature","id":"w372196024","properties":{"kind":"building","category":"yes","name":null,"area_m2":262.8,"centroid":[120.439846,23.472444]},"geometry":{"type":"Polygon","coordinates":[[[120.439736,23.472482],[120.439765,23.472366],[120.439956,23.472405],[120.439927,23.472521],[120.439736,23.472482]]]}},{"type":"Feature","id":"w372196025","properties":{"kind":"building","category":"yes","name":null,"area_m2":770.2,"centroid":[120.440183,23.469998]},"geometry":{"type":"Polygon","coordinates":[[[120.440363,23.470104],[120.440381,23.469925],[120.440003,23.469893],[120.439985,23.470072],[120.440363,23.470104]]]}},{"type":"Feature","id":"w389415219","properties":{"kind":"building","category":"apartments","name":null,"area_m2":551.7,"centroid":[120.465374,23.474402]},"geometry":{"type":"Polygon","coordinates":[[[120.465581,23.474475],[120.465571,23.474364],[120.465169,23.474318],[120.465174,23.47445],[120.465581,23.474475]]]}},{"type":"Feature","id":"w390063016","properties":{"kind":"building","category":"residential","name":null,"area_m2":284.4,"centroid":[120.434292,23.463594]},"geometry":{"type":"Polygon","coordinates":[[[120.434258,23.463715],[120.434361,23.463687],[120.43433,23.463561],[120.434328,23.463486],[120.434182,23.463523],[120.434258,23.463715]]]}},{"type":"Feature","id":"w390063017","properties":{"kind":"building","category":"residential","name":null,"area_m2":289.0,"centroid":[120.434422,23.463577]},"geometry":{"type":"Polygon","coordinates":[[[120.434361,23.463687],[120.434437,23.463674],[120.434453,23.463669],[120.434462,23.463655],[120.434469,23.463637],[120.434464,23.463546],[120.434452,23.463486],[120.434442,23.463492],[120.434442,23.463456],[120.434328,23.463486],[120.43433,23.463561],[120.434361,23.463687]]]}},{"type":"Feature","id":"w390063019","properties":{"kind":"building","category":"residential","name":null,"area_m2":238.5,"centroid":[120.434495,23.464108]},"geometry":{"type":"Polygon","coordinates":[[[120.434468,23.464192],[120.434533,23.464142],[120.434545,23.464113],[120.434547,23.464087],[120.434528,23.464066],[120.434526,23.463995],[120.43437,23.464063],[120.434444,23.464203],[120.434468,23.464192]]]}},{"type":"Feature","id":"w390063020","properties":{"kind":"building","category":"residential","name":null,"area_m2":169.6,"centroid":[120.434165,23.464282]},"geometry":{"type":"Polygon","coordinates":[[[120.434129,23.464203],[120.434277,23.464308],[120.434191,23.464356],[120.434062,23.464262],[120.434129,23.464203]]]}},{"type":"Feature","id":"w390063021","properties":{"kind":"building","category":"residential","name":null,"area_m2":489.1,"centroid":[120.434318,23.464147]},"geometry":{"type":"Polygon","coordinates":[[[120.434277,23.464308],[120.434444,23.464203],[120.43437,23.464063],[120.434346,23.464028],[120.434155,23.464131],[120.434277,23.464308]]]}},{"type":"Feature","id":"w390063022","properties":{"kind":"building","category":"residential","name":null,"area_m2":342.8,"centroid":[120.433708,23.463915]},"geometry":{"type":"Polygon","coordinates":[[[120.433765,23.46401],[120.433841,23.463949],[120.433745,23.463875],[120.433721,23.463877],[120.433681,23.463849],[120.433686,23.46383],[120.433665,23.463815],[120.433545,23.463929],[120.433696,23.464021],[120.433739,23.463998],[120.433765,23.46401]]]}},{"type":"Feature","id":"w390063023","properties":{"kind":"building","category":"residential","name":null,"area_m2":247.2,"centroid":[120.43379,23.463853]},"geometry":{"type":"Polygon","coordinates":[[[120.433841,23.463949],[120.433917,23.463866],[120.433763,23.463747],[120.433686,23.46383],[120.433745,23.463875],[120.433841,23.463949]]]}},{"type":"Feature","id":"w390063024","properties":{"kind":"building","category":"residential","name":null,"area_m2":2224.1,"centroid":[120.434101,23.463417]},"geometry":{"type":"Polygon","coordinates":[[[120.434447,23.463441],[120.434465,23.463438],[120.434458,23.463404],[120.434432,23.463404],[120.434425,23.463355],[120.434456,23.46335],[120.434447,23.463298],[120.434433,23.463247],[120.434409,23.463239],[120.434366,23.463217],[120.4343,23.463226],[120.434192,23.463249],[120.434158,23.463264],[120.434157,23.463283],[120.434141,23.463291],[120.434135,23.46328],[120.434094,23.463292],[120.43409,23.463306],[120.434064,23.463313],[120.434058,23.463305],[120.433973,23.46334],[120.433981,23.46335],[120.433866,23.463393],[120.433822,23.463422],[120.433813,23.463418],[120.433773,23.463443],[120.433776,23.463452],[120.433594,23.463583],[120.43368,23.46365],[120.43372,23.463677],[120.433734,23.463668],[120.433763,23.463698],[120.433802,23.463704],[120.433867,23.463649],[120.434034,23.463582],[120.434078,23.463564],[120.434182,23.463523],[120.434328,23.463486],[120.434442,23.463456],[120.434447,23.463441]]]}},{"type":"Feature","id":"w390076990","properties":{"kind":"building","category":"yes","name":null,"area_m2":182.0,"centroid":[120.459594,23.482388]},"geometry":{"type":"Polygon","coordinates":[[[120.459535,23.482321],[120.459665,23.482332],[120.459653,23.482455],[120.459523,23.482444],[120.459535,23.482321]]]}},{"type":"Feature","id":"w390076992","properties":{"kind":"building","category":"yes","name":null,"area_m2":906.4,"centroid":[120.460534,23.484644]},"geometry":{"type":"Polygon","coordinates":[[[120.460565,23.484796],[120.460676,23.484787],[120.460711,23.484481],[120.460596,23.484469],[120.460589,23.484507],[120.46047,23.4845],[120.460446,23.484664],[120.460378,23.484664],[120.460375,23.484778],[120.460536,23.484793],[120.460565,23.484796]]]}},{"type":"Feature","id":"w390159439","properties":{"kind":"building","category":"temple","name":"嘉義道院","area_m2":493.8,"centroid":[120.459056,23.482425]},"geometry":{"type":"Polygon","coordinates":[[[120.458929,23.482506],[120.459156,23.482533],[120.459182,23.482343],[120.458956,23.482316],[120.458929,23.482506]]]}},{"type":"Feature","id":"w390159440","properties":{"kind":"building","category":"yes","name":null,"area_m2":399.8,"centroid":[120.459356,23.482542]},"geometry":{"type":"Polygon","coordinates":[[[120.459461,23.482515],[120.459327,23.482504],[120.459327,23.482477],[120.459225,23.482475],[120.459206,23.482619],[120.459471,23.482646],[120.459477,23.482558],[120.459461,23.482515]]]}},{"type":"Feature","id":"w390159441","properties":{"kind":"building","category":"yes","name":null,"area_m2":250.2,"centroid":[120.459285,23.482752]},"geometry":{"type":"Polygon","coordinates":[[[120.459388,23.482817],[120.459399,23.482714],[120.459185,23.482689],[120.45917,23.482788],[120.459388,23.482817]]]}},{"type":"Feature","id":"w390159442","properties":{"kind":"building","category":"yes","name":null,"area_m2":762.5,"centroid":[120.459583,23.482689]},"geometry":{"type":"Polygon","coordinates":[[[120.459663,23.482584],[120.459692,23.482592],[120.459794,23.482602],[120.459759,23.482848],[120.459388,23.482817],[120.459399,23.482714],[120.459485,23.482723],[120.459488,23.482693],[120.459543,23.482699],[120.459549,23.482647],[120.459655,23.482657],[120.459663,23.482584]]]}},{"type":"Feature","id":"w390159443","properties":{"kind":"building","category":"apartments","name":null,"area_m2":264.1,"centroid":[120.460223,23.482468]},"geometry":{"type":"Polygon","coordinates":[[[120.460119,23.4824],[120.460346,23.482437],[120.460327,23.482537],[120.4601,23.4825],[120.460119,23.4824]]]}},{"type":"Feature","id":"w390159444","properties":{"kind":"building","category":"apartments","name":null,"area_m2":1281.0,"centroid":[120.460249,23.482821]},"geometry":{"type":"Polygon","coordinates":[[[120.460009,23.482623],[120.460536,23.482679],[120.460503,23.482943],[120.460352,23.482927],[120.460367,23.482806],[120.460133,23.482781],[120.460116,23.482911],[120.459975,23.482896],[120.460009,23.482623]]]}},{"type":"Feature","id":"w390159445","properties":{"kind":"building","category":"apartments","name":null,"area_m2":272.4,"centroid":[120.460482,23.482492]},"geometry":{"type":"Polygon","coordinates":[[[120.460402,23.482415],[120.460582,23.482439],[120.460562,23.48257],[120.460381,23.482546],[120.460402,23.482415]]]}},{"type":"Feature","id":"w390159446","properties":{"kind":"building","category":"apartments","name":null,"area_m2":166.4,"centroid":[120.460662,23.482511]},"geometry":{"type":"Polygon","coordinates":[[[120.4606,23.48258],[120.460707,23.482584],[120.460719,23.482442],[120.460621,23.482436],[120.4606,23.48258]]]}},{"type":"Feature","id":"w390159447","properties":{"kind":"building","category":"apartments","name":null,"area_m2":180.2,"centroid":[120.460808,23.482721]},"geometry":{"type":"Polygon","coordinates":[[[120.460898,23.482671],[120.460792,23.482659],[120.460785,23.482713],[120.46075,23.482709],[120.460741,23.48278],[120.460882,23.482796],[120.460898,23.482671]]]}},{"type":"Feature","id":"w390159449","properties":{"kind":"building","category":"apartments","name":null,"area_m2":190.3,"centroid":[120.460751,23.482913]},"geometry":{"type":"Polygon","coordinates":[[[120.460762,23.482922],[120.460756,23.48298],[120.460669,23.482973],[120.460677,23.482893],[120.460707,23.482896],[120.460712,23.482846],[120.460867,23.48286],[120.46086,23.482931],[120.460762,23.482922]]]}},{"type":"Feature","id":"w390200328","properties":{"kind":"building","category":"residential","name":null,"area_m2":78.4,"centroid":[120.434592,23.46361]},"geometry":{"type":"Polygon","coordinates":[[[120.434551,23.463551],[120.434558,23.463634],[120.434576,23.463651],[120.434596,23.463659],[120.434625,23.463666],[120.434619,23.463562],[120.434619,23.463549],[120.434551,23.463551]]]}},{"type":"Feature","id":"w390200331","properties":{"kind":"building","category":"residential","name":null,"area_m2":43.6,"centroid":[120.434645,23.463621]},"geometry":{"type":"Polygon","coordinates":[[[120.434625,23.463666],[120.434662,23.463665],[120.434661,23.463652],[120.434656,23.46356],[120.434619,23.463562],[120.434625,23.463666]]]}},{"type":"Feature","id":"w390200333","properties":{"kind":"building","category":"residential","name":null,"area_m2":56.0,"centroid":[120.434676,23.463589]},"geometry":{"type":"Polygon","coordinates":[[[120.434661,23.463652],[120.434706,23.46365],[120.4347,23.46354],[120.434655,23.463542],[120.434656,23.46356],[120.434661,23.463652]]]}},{"type":"Feature","id":"w390200336","properties":{"kind":"building","category":"residential","name":null,"area_m2":60.2,"centroid":[120.434727,23.463616]},"geometry":{"type":"Polygon","coordinates":[[[120.434706,23.46365],[120.434707,23.46366],[120.434751,23.463657],[120.434749,23.463652],[120.434746,23.463537],[120.4347,23.46354],[120.434706,23.46365]]]}},{"type":"Feature","id":"w390200338","properties":{"kind":"building","category":"residential","name":null,"area_m2":111.9,"centroid":[120.434765,23.463547]},"geometry":{"type":"Polygon","coordinates":[[[120.434749,23.463652],[120.434797,23.463651],[120.434792,23.463446],[120.434743,23.463447],[120.434746,23.463537],[120.434749,23.463652]]]}},{"type":"Feature","id":"w390200340","properties":{"kind":"building","category":"residential","name":null,"area_m2":272.1,"centroid":[120.434875,23.46356]},"geometry":{"type":"Polygon","coordinates":[[[120.434797,23.463651],[120.434921,23.463651],[120.434919,23.463634],[120.434905,23.463537],[120.434914,23.463444],[120.434792,23.463446],[120.434797,23.463651]]]}},{"type":"Feature","id":"w390200342","properties":{"kind":"building","category":"residential","name":null,"area_m2":89.7,"centroid":[120.434929,23.463538]},"geometry":{"type":"Polygon","coordinates":[[[120.434919,23.463634],[120.434952,23.463634],[120.434953,23.463443],[120.434914,23.463444],[120.434905,23.463537],[120.434919,23.463634]]]}},{"type":"Feature","id":"w390200344","properties":{"kind":"building","category":"residential","name":null,"area_m2":125.7,"centroid":[120.434973,23.463568]},"geometry":{"type":"Polygon","coordinates":[[[120.434952,23.463634],[120.434953,23.463661],[120.434997,23.463661],[120.43501,23.463442],[120.434953,23.463443],[120.434952,23.463634]]]}},{"type":"Feature","id":"w390200346","properties":{"kind":"building","category":"residential","name":null,"area_m2":128.2,"centroid":[120.435038,23.463536]},"geometry":{"type":"Polygon","coordinates":[[[120.434997,23.463661],[120.435036,23.463663],[120.435072,23.463466],[120.435075,23.46345],[120.43501,23.463442],[120.434997,23.463661]]]}},{"type":"Feature","id":"w390200348","properties":{"kind":"building","category":"residential","name":null,"area_m2":85.7,"centroid":[120.435078,23.463554]},"geometry":{"type":"Polygon","coordinates":[[[120.435036,23.463663],[120.435076,23.463668],[120.435101,23.463506],[120.435107,23.463465],[120.435072,23.463466],[120.435036,23.463663]]]}},{"type":"Feature","id":"w390200350","properties":{"kind":"building","category":"residential","name":null,"area_m2":63.5,"centroid":[120.43511,23.463589]},"geometry":{"type":"Polygon","coordinates":[[[120.435076,23.463668],[120.435115,23.463671],[120.435119,23.463591],[120.435138,23.46351],[120.435101,23.463506],[120.435076,23.463668]]]}},{"type":"Feature","id":"w390200352","properties":{"kind":"building","category":"residential","name":null,"area_m2":77.0,"centroid":[120.43514,23.463592]},"geometry":{"type":"Polygon","coordinates":[[[120.435115,23.463671],[120.435158,23.463674],[120.435172,23.463516],[120.435138,23.46351],[120.435119,23.463591],[120.435115,23.463671]]]}},{"type":"Feature","id":"w390200354","properties":{"kind":"building","category":"residential","name":null,"area_m2":61.9,"centroid":[120.435182,23.463596]},"geometry":{"type":"Polygon","coordinates":[[[120.435158,23.463674],[120.435192,23.463676],[120.435207,23.463518],[120.435172,23.463516],[120.435158,23.463674]]]}},{"type":"Feature","id":"w390200356","properties":{"kind":"building","category":"residential","name":null,"area_m2":179.4,"centroid":[120.435249,23.463602]},"geometry":{"type":"Polygon","coordinates":[[[120.435192,23.463676],[120.435287,23.463687],[120.43531,23.463528],[120.435207,23.463518],[120.435192,23.463676]]]}},{"type":"Feature","id":"w390200357","properties":{"kind":"building","category":"residential","name":null,"area_m2":155.1,"centroid":[120.435379,23.463577]},"geometry":{"type":"Polygon","coordinates":[[[120.435335,23.463675],[120.435401,23.463681],[120.435425,23.46348],[120.435357,23.463471],[120.435335,23.463675]]]}},{"type":"Feature","id":"w390200359","properties":{"kind":"building","category":"residential","name":null,"area_m2":657.5,"centroid":[120.435556,23.463595]},"geometry":{"type":"Polygon","coordinates":[[[120.435401,23.463681],[120.435686,23.463711],[120.435711,23.463509],[120.435425,23.46348],[120.435401,23.463681]]]}},{"type":"Feature","id":"w390200361","properties":{"kind":"building","category":"residential","name":null,"area_m2":230.0,"centroid":[120.43467,23.463877]},"geometry":{"type":"Polygon","coordinates":[[[120.434605,23.463934],[120.434595,23.463809],[120.434626,23.463787],[120.434736,23.463786],[120.43474,23.463946],[120.434696,23.463945],[120.434694,23.463929],[120.434605,23.463934]]]}},{"type":"Feature","id":"w390200363","properties":{"kind":"building","category":"residential","name":null,"area_m2":68.9,"centroid":[120.434757,23.463866]},"geometry":{"type":"Polygon","coordinates":[[[120.43474,23.463946],[120.434777,23.463946],[120.434775,23.463785],[120.434736,23.463786],[120.43474,23.463946]]]}},{"type":"Feature","id":"w390200365","properties":{"kind":"building","category":"residential","name":null,"area_m2":284.5,"centroid":[120.434854,23.463864]},"geometry":{"type":"Polygon","coordinates":[[[120.434777,23.463946],[120.434934,23.463944],[120.43493,23.463782],[120.434775,23.463785],[120.434777,23.463946]]]}},{"type":"Feature","id":"w390200367","properties":{"kind":"building","category":"residential","name":null,"area_m2":95.7,"centroid":[120.434958,23.463863]},"geometry":{"type":"Polygon","coordinates":[[[120.434934,23.463944],[120.434985,23.463943],[120.434985,23.463785],[120.43493,23.463782],[120.434934,23.463944]]]}},{"type":"Feature","id":"w390200369","properties":{"kind":"building","category":"residential","name":null,"area_m2":119.6,"centroid":[120.435019,23.463864]},"geometry":{"type":"Polygon","coordinates":[[[120.434985,23.463943],[120.435052,23.463943],[120.435053,23.463787],[120.434985,23.463785],[120.434985,23.463943]]]}},{"type":"Feature","id":"w390200371","properties":{"kind":"building","category":"residential","name":null,"area_m2":77.5,"centroid":[120.435074,23.463865]},"geometry":{"type":"Polygon","coordinates":[[[120.435052,23.463943],[120.435096,23.463943],[120.435097,23.463787],[120.435053,23.463787],[120.435052,23.463943]]]}},{"type":"Feature","id":"w390200373","properties":{"kind":"building","category":"residential","name":null,"area_m2":126.1,"centroid":[120.434648,23.464071]},"geometry":{"type":"Polygon","coordinates":[[[120.434696,23.464126],[120.434662,23.464128],[120.434634,23.464118],[120.434613,23.464091],[120.4346,23.463987],[120.434682,23.463978],[120.434696,23.464126]]]}},{"type":"Feature","id":"w390200375","properties":{"kind":"building","category":"residential","name":null,"area_m2":51.4,"centroid":[120.434704,23.46405]},"geometry":{"type":"Polygon","coordinates":[[[120.434696,23.464126],[120.434727,23.464122],[120.434712,23.463975],[120.434682,23.463978],[120.434696,23.464126]]]}},{"type":"Feature","id":"w390200377","properties":{"kind":"building","category":"residential","name":null,"area_m2":60.6,"centroid":[120.434738,23.464049]},"geometry":{"type":"Polygon","coordinates":[[[120.434727,23.464122],[120.43476,23.464122],[120.434752,23.463975],[120.434712,23.463975],[120.434727,23.464122]]]}},{"type":"Feature","id":"w390200378","properties":{"kind":"building","category":"residential","name":null,"area_m2":60.0,"centroid":[120.434774,23.464048]},"geometry":{"type":"Polygon","coordinates":[[[120.43476,23.464122],[120.434795,23.464122],[120.434789,23.463974],[120.434752,23.463975],[120.43476,23.464122]]]}},{"type":"Feature","id":"w390200380","properties":{"kind":"building","category":"residential","name":null,"area_m2":78.7,"centroid":[120.434815,23.464048]},"geometry":{"type":"Polygon","coordinates":[[[120.434795,23.464122],[120.434839,23.464124],[120.434838,23.463972],[120.434789,23.463974],[120.434795,23.464122]]]}},{"type":"Feature","id":"w390200382","properties":{"kind":"building","category":"residential","name":null,"area_m2":108.2,"centroid":[120.434861,23.464028]},"geometry":{"type":"Polygon","coordinates":[[[120.434839,23.464124],[120.434895,23.464126],[120.434897,23.463959],[120.434838,23.463958],[120.434838,23.463972],[120.434839,23.464124]]]}},{"type":"Feature","id":"w390200384","properties":{"kind":"building","category":"residential","name":null,"area_m2":58.1,"centroid":[120.434911,23.464044]},"geometry":{"type":"Polygon","coordinates":[[[120.434895,23.464126],[120.434923,23.464128],[120.434931,23.463964],[120.434897,23.463959],[120.434895,23.464126]]]}},{"type":"Feature","id":"w390200386","properties":{"kind":"building","category":"residential","name":null,"area_m2":72.1,"centroid":[120.434947,23.464047]},"geometry":{"type":"Polygon","coordinates":[[[120.434923,23.464128],[120.43496,23.46413],[120.434972,23.463968],[120.434931,23.463964],[120.434923,23.464128]]]}},{"type":"Feature","id":"w390200388","properties":{"kind":"building","category":"residential","name":null,"area_m2":83.4,"centroid":[120.434989,23.46405]},"geometry":{"type":"Polygon","coordinates":[[[120.43496,23.46413],[120.435007,23.464132],[120.435016,23.46397],[120.434972,23.463968],[120.43496,23.46413]]]}},{"type":"Feature","id":"w390200389","properties":{"kind":"building","category":"residential","name":null,"area_m2":80.7,"centroid":[120.435034,23.464052]},"geometry":{"type":"Polygon","coordinates":[[[120.435007,23.464132],[120.435051,23.464134],[120.43506,23.463972],[120.435016,23.46397],[120.435007,23.464132]]]}},{"type":"Feature","id":"w390715078","properties":{"kind":"building","category":"residential","name":null,"area_m2":63.8,"centroid":[120.434091,23.464045]},"geometry":{"type":"Polygon","coordinates":[[[120.434085,23.464115],[120.434054,23.463964],[120.434082,23.463939],[120.434118,23.464096],[120.434117,23.46411],[120.434085,23.464115]]]}},{"type":"Feature","id":"w390715079","properties":{"kind":"building","category":"residential","name":null,"area_m2":57.4,"centroid":[120.43412,23.464025]},"geometry":{"type":"Polygon","coordinates":[[[120.434118,23.464096],[120.434149,23.46409],[120.434149,23.464082],[120.434103,23.463916],[120.434082,23.463939],[120.434118,23.464096]]]}},{"type":"Feature","id":"w390715080","properties":{"kind":"building","category":"residential","name":null,"area_m2":74.9,"centroid":[120.434145,23.463995]},"geometry":{"type":"Polygon","coordinates":[[[120.434149,23.464082],[120.434186,23.464073],[120.434141,23.463907],[120.434103,23.463916],[120.434149,23.464082]]]}},{"type":"Feature","id":"w390715081","properties":{"kind":"building","category":"residential","name":null,"area_m2":98.6,"centroid":[120.434198,23.463991]},"geometry":{"type":"Polygon","coordinates":[[[120.434186,23.464073],[120.434234,23.464062],[120.434232,23.46405],[120.434208,23.463961],[120.434189,23.463893],[120.434141,23.463907],[120.434186,23.464073]]]}},{"type":"Feature","id":"w390715082","properties":{"kind":"building","category":"residential","name":null,"area_m2":56.6,"centroid":[120.434228,23.463978]},"geometry":{"type":"Polygon","coordinates":[[[120.434232,23.46405],[120.434262,23.464043],[120.43426,23.464034],[120.434219,23.463886],[120.434189,23.463893],[120.434208,23.463961],[120.434232,23.46405]]]}},{"type":"Feature","id":"w390715083","properties":{"kind":"building","category":"residential","name":null,"area_m2":61.6,"centroid":[120.434263,23.463966]},"geometry":{"type":"Polygon","coordinates":[[[120.43426,23.464034],[120.434295,23.464026],[120.434294,23.464019],[120.434246,23.463867],[120.434219,23.463886],[120.43426,23.464034]]]}},{"type":"Feature","id":"w390715084","properties":{"kind":"building","category":"residential","name":null,"area_m2":66.6,"centroid":[120.434296,23.463951]},"geometry":{"type":"Polygon","coordinates":[[[120.434294,23.464019],[120.434329,23.46401],[120.434327,23.464002],[120.434282,23.463857],[120.434246,23.463867],[120.434294,23.464019]]]}},{"type":"Feature","id":"w390715085","properties":{"kind":"building","category":"residential","name":null,"area_m2":91.2,"centroid":[120.434333,23.463915]},"geometry":{"type":"Polygon","coordinates":[[[120.434327,23.464002],[120.434378,23.463996],[120.434342,23.463887],[120.434335,23.463833],[120.434282,23.463857],[120.434327,23.464002]]]}},{"type":"Feature","id":"w390715086","properties":{"kind":"building","category":"residential","name":null,"area_m2":80.1,"centroid":[120.434373,23.463903]},"geometry":{"type":"Polygon","coordinates":[[[120.434378,23.463996],[120.434415,23.463988],[120.434386,23.463887],[120.434383,23.463824],[120.434335,23.463833],[120.434342,23.463887],[120.434378,23.463996]]]}},{"type":"Feature","id":"w390715087","properties":{"kind":"building","category":"residential","name":null,"area_m2":179.7,"centroid":[120.434446,23.463879]},"geometry":{"type":"Polygon","coordinates":[[[120.434415,23.463988],[120.4345,23.463974],[120.434493,23.463875],[120.434489,23.46384],[120.434468,23.463826],[120.434431,23.463818],[120.434383,23.463824],[120.434386,23.463887],[120.434415,23.463988]]]}},{"type":"Feature","id":"w391737108","properties":{"kind":"building","category":"residential","name":null,"area_m2":141.6,"centroid":[120.434689,23.464253]},"geometry":{"type":"Polygon","coordinates":[[[120.434632,23.46431],[120.434743,23.464288],[120.43477,23.464282],[120.434739,23.464198],[120.434633,23.464205],[120.434619,23.464235],[120.434632,23.46431]]]}},{"type":"Feature","id":"w391737109","properties":{"kind":"building","category":"residential","name":null,"area_m2":89.6,"centroid":[120.434693,23.464343]},"geometry":{"type":"Polygon","coordinates":[[[120.434743,23.464288],[120.434746,23.464323],[120.434687,23.464404],[120.434659,23.464391],[120.434632,23.46431],[120.434743,23.464288]]]}},{"type":"Feature","id":"w391737110","properties":{"kind":"building","category":"residential","name":null,"area_m2":123.2,"centroid":[120.434759,23.464376]},"geometry":{"type":"Polygon","coordinates":[[[120.434687,23.464404],[120.434752,23.464449],[120.434761,23.464436],[120.434837,23.464344],[120.434772,23.464299],[120.434746,23.464323],[120.434687,23.464404]]]}},{"type":"Feature","id":"w391737111","properties":{"kind":"building","category":"residential","name":null,"area_m2":103.2,"centroid":[120.434831,23.464412]},"geometry":{"type":"Polygon","coordinates":[[[120.434824,23.464479],[120.434761,23.464436],[120.434837,23.464344],[120.434901,23.464389],[120.434824,23.464479]]]}},{"type":"Feature","id":"w391737112","properties":{"kind":"building","category":"residential","name":null,"area_m2":177.2,"centroid":[120.434905,23.464452]},"geometry":{"type":"Polygon","coordinates":[[[120.434812,23.464494],[120.434886,23.464545],[120.434893,23.464537],[120.434995,23.46441],[120.435015,23.464388],[120.434912,23.464376],[120.434901,23.464389],[120.434824,23.464479],[120.434812,23.464494]]]}},{"type":"Feature","id":"w391737113","properties":{"kind":"building","category":"residential","name":null,"area_m2":106.2,"centroid":[120.434973,23.464487]},"geometry":{"type":"Polygon","coordinates":[[[120.434893,23.464537],[120.434949,23.464574],[120.435012,23.464491],[120.435015,23.464422],[120.434995,23.46441],[120.434893,23.464537]]]}},{"type":"Feature","id":"w391737114","properties":{"kind":"building","category":"residential","name":null,"area_m2":148.7,"centroid":[120.435021,23.464564]},"geometry":{"type":"Polygon","coordinates":[[[120.435012,23.464632],[120.434941,23.464583],[120.434949,23.464574],[120.435012,23.464491],[120.435125,23.464495],[120.435087,23.464544],[120.435019,23.464626],[120.435012,23.464632]]]}},{"type":"Feature","id":"w391737115","properties":{"kind":"building","category":"residential","name":null,"area_m2":179.3,"centroid":[120.435143,23.464642]},"geometry":{"type":"Polygon","coordinates":[[[120.435019,23.464626],[120.435128,23.464701],[120.435161,23.464704],[120.435202,23.46466],[120.435183,23.464651],[120.435185,23.464642],[120.435183,23.46461],[120.435087,23.464544],[120.435019,23.464626]]]}},{"type":"Feature","id":"w391737116","properties":{"kind":"building","category":"residential","name":null,"area_m2":65.9,"centroid":[120.435146,23.464549]},"geometry":{"type":"Polygon","coordinates":[[[120.435183,23.46461],[120.435189,23.464545],[120.435125,23.464495],[120.435087,23.464544],[120.435183,23.46461]]]}},{"type":"Feature","id":"w391737117","properties":{"kind":"building","category":"residential","name":null,"area_m2":153.7,"centroid":[120.435115,23.464467]},"geometry":{"type":"Polygon","coordinates":[[[120.435012,23.464491],[120.435125,23.464495],[120.435209,23.464498],[120.435212,23.464429],[120.435015,23.464422],[120.435012,23.464491]]]}},{"type":"Feature","id":"w391737118","properties":{"kind":"building","category":"residential","name":null,"area_m2":22.6,"centroid":[120.435174,23.464513]},"geometry":{"type":"Polygon","coordinates":[[[120.435189,23.464545],[120.435209,23.464498],[120.435125,23.464495],[120.435189,23.464545]]]}},{"type":"Feature","id":"w391737119","properties":{"kind":"building","category":"residential","name":null,"area_m2":125.2,"centroid":[120.435124,23.464375]},"geometry":{"type":"Polygon","coordinates":[[[120.435023,23.464395],[120.435028,23.464339],[120.435225,23.464355],[120.435219,23.464411],[120.435023,23.464395]]]}},{"type":"Feature","id":"w391737120","properties":{"kind":"building","category":"residential","name":null,"area_m2":341.5,"centroid":[120.435151,23.464259]},"geometry":{"type":"Polygon","coordinates":[[[120.435018,23.464324],[120.435242,23.464344],[120.435254,23.46423],[120.435215,23.464204],[120.435027,23.464192],[120.435018,23.464324]]]}},{"type":"Feature","id":"w391737121","properties":{"kind":"building","category":"residential","name":null,"area_m2":264.8,"centroid":[120.434969,23.464288]},"geometry":{"type":"Polygon","coordinates":[[[120.434886,23.464366],[120.435014,23.464373],[120.435018,23.464324],[120.435027,23.464192],[120.434898,23.464184],[120.434886,23.464366]]]}},{"type":"Feature","id":"w391737122","properties":{"kind":"building","category":"residential","name":null,"area_m2":342.9,"centroid":[120.434425,23.464467]},"geometry":{"type":"Polygon","coordinates":[[[120.434517,23.46459],[120.434258,23.464415],[120.434341,23.464352],[120.434585,23.464512],[120.434517,23.46459]]]}},{"type":"Feature","id":"w391737123","properties":{"kind":"building","category":"residential","name":null,"area_m2":482.3,"centroid":[120.434625,23.464576]},"geometry":{"type":"Polygon","coordinates":[[[120.434512,23.464609],[120.434517,23.46459],[120.434585,23.464512],[120.43464,23.464448],[120.434809,23.464573],[120.434685,23.464725],[120.434512,23.464609]]]}},{"type":"Feature","id":"w391737124","properties":{"kind":"building","category":"residential","name":null,"area_m2":169.2,"centroid":[120.434789,23.464678]},"geometry":{"type":"Polygon","coordinates":[[[120.434748,23.464768],[120.434685,23.464725],[120.434809,23.464573],[120.434872,23.464617],[120.434868,23.464624],[120.434751,23.464763],[120.434748,23.464768]]]}},{"type":"Feature","id":"w391737125","properties":{"kind":"building","category":"residential","name":null,"area_m2":64.6,"centroid":[120.434822,23.464703]},"geometry":{"type":"Polygon","coordinates":[[[120.434751,23.464763],[120.434776,23.464781],[120.434893,23.464645],[120.434868,23.464624],[120.434751,23.464763]]]}},{"type":"Feature","id":"w391737126","properties":{"kind":"building","category":"residential","name":null,"area_m2":147.6,"centroid":[120.434842,23.464746]},"geometry":{"type":"Polygon","coordinates":[[[120.434769,23.464789],[120.434776,23.464781],[120.434893,23.464645],[120.434949,23.464684],[120.434825,23.46483],[120.434769,23.464789]]]}},{"type":"Feature","id":"w391737127","properties":{"kind":"building","category":"residential","name":null,"area_m2":159.4,"centroid":[120.434917,23.464779]},"geometry":{"type":"Polygon","coordinates":[[[120.434825,23.46483],[120.434885,23.464873],[120.435009,23.464728],[120.434949,23.464684],[120.434825,23.46483]]]}},{"type":"Feature","id":"w391737128","properties":{"kind":"building","category":"residential","name":null,"area_m2":126.7,"centroid":[120.43453,23.464337]},"geometry":{"type":"Polygon","coordinates":[[[120.434486,23.464409],[120.43443,23.46434],[120.434541,23.464265],[120.434574,23.464307],[120.434559,23.464318],[120.434581,23.464346],[120.434538,23.464375],[120.434486,23.464409]]]}},{"type":"Feature","id":"w391737129","properties":{"kind":"building","category":"residential","name":null,"area_m2":43.7,"centroid":[120.434567,23.46444]},"geometry":{"type":"Polygon","coordinates":[[[120.434571,23.464486],[120.434511,23.464416],[120.434549,23.464389],[120.434589,23.464436],[120.434582,23.464448],[120.434597,23.464464],[120.434571,23.464486]]]}},{"type":"Feature","id":"w391737130","properties":{"kind":"building","category":"residential","name":null,"area_m2":70.6,"centroid":[120.435395,23.464112]},"geometry":{"type":"Polygon","coordinates":[[[120.435342,23.46414],[120.435426,23.464147],[120.435426,23.464133],[120.435433,23.464074],[120.435348,23.464065],[120.435342,23.46414]]]}},{"type":"Feature","id":"w391737131","properties":{"kind":"building","category":"residential","name":null,"area_m2":127.4,"centroid":[120.435468,23.464078]},"geometry":{"type":"Polygon","coordinates":[[[120.435426,23.464133],[120.435532,23.464143],[120.435543,23.464037],[120.435438,23.464027],[120.435435,23.464053],[120.435433,23.464074],[120.435426,23.464133]]]}},{"type":"Feature","id":"w391737132","properties":{"kind":"building","category":"residential","name":null,"area_m2":113.4,"centroid":[120.435564,23.464116]},"geometry":{"type":"Polygon","coordinates":[[[120.435529,23.464176],[120.4356,23.464182],[120.435615,23.464043],[120.435543,23.464037],[120.435532,23.464143],[120.435529,23.464176]]]}},{"type":"Feature","id":"w391737133","properties":{"kind":"building","category":"residential","name":null,"area_m2":109.2,"centroid":[120.435678,23.464099]},"geometry":{"type":"Polygon","coordinates":[[[120.435703,23.464178],[120.435715,23.464024],[120.435653,23.46402],[120.43564,23.464174],[120.435703,23.464178]]]}},{"type":"Feature","id":"w391737134","properties":{"kind":"building","category":"residential","name":null,"area_m2":366.4,"centroid":[120.435412,23.463945]},"geometry":{"type":"Polygon","coordinates":[[[120.435339,23.464044],[120.435351,23.463943],[120.435418,23.463949],[120.435421,23.463922],[120.435349,23.463915],[120.435354,23.463869],[120.435378,23.463872],[120.435384,23.463824],[120.435535,23.463839],[120.435514,23.464019],[120.43544,23.464011],[120.435438,23.464027],[120.435435,23.464053],[120.435339,23.464044]]]}},{"type":"Feature","id":"w391737135","properties":{"kind":"building","category":"residential","name":null,"area_m2":243.9,"centroid":[120.435653,23.463918]},"geometry":{"type":"Polygon","coordinates":[[[120.435724,23.463839],[120.435707,23.464009],[120.435581,23.463998],[120.435598,23.463828],[120.435724,23.463839]]]}},{"type":"Feature","id":"w391737136","properties":{"kind":"building","category":"residential","name":null,"area_m2":196.0,"centroid":[120.435845,23.463938]},"geometry":{"type":"Polygon","coordinates":[[[120.435886,23.464029],[120.435903,23.463855],[120.435804,23.463847],[120.435787,23.464021],[120.435886,23.464029]]]}},{"type":"Feature","id":"w391737137","properties":{"kind":"building","category":"residential","name":null,"area_m2":108.4,"centroid":[120.435862,23.464118]},"geometry":{"type":"Polygon","coordinates":[[[120.435898,23.464041],[120.435887,23.464199],[120.435827,23.464195],[120.435837,23.464037],[120.435898,23.464041]]]}},{"type":"Feature","id":"w391737138","properties":{"kind":"building","category":"residential","name":null,"area_m2":246.3,"centroid":[120.436048,23.464167]},"geometry":{"type":"Polygon","coordinates":[[[120.43615,23.464138],[120.436147,23.464181],[120.43613,23.464217],[120.436084,23.464234],[120.435911,23.464222],[120.435924,23.464123],[120.435963,23.464126],[120.436057,23.464134],[120.436066,23.464132],[120.43615,23.464138]]]}},{"type":"Feature","id":"w391737139","properties":{"kind":"building","category":"residential","name":null,"area_m2":108.5,"centroid":[120.436015,23.464079]},"geometry":{"type":"Polygon","coordinates":[[[120.435963,23.464126],[120.435973,23.464024],[120.436066,23.464032],[120.436057,23.464134],[120.435963,23.464126]]]}},{"type":"Feature","id":"w391737140","properties":{"kind":"building","category":"residential","name":null,"area_m2":91.6,"centroid":[120.436112,23.464087]},"geometry":{"type":"Polygon","coordinates":[[[120.43615,23.464138],[120.436158,23.464042],[120.436074,23.464036],[120.436066,23.464132],[120.43615,23.464138]]]}},{"type":"Feature","id":"w391737141","properties":{"kind":"building","category":"residential","name":null,"area_m2":151.9,"centroid":[120.436076,23.464326]},"geometry":{"type":"Polygon","coordinates":[[[120.436138,23.464381],[120.436143,23.464328],[120.436125,23.464304],[120.436094,23.464291],[120.43598,23.464286],[120.435975,23.464369],[120.436138,23.464381]]]}},{"type":"Feature","id":"w391737142","properties":{"kind":"building","category":"residential","name":null,"area_m2":60.3,"centroid":[120.436054,23.464391]},"geometry":{"type":"Polygon","coordinates":[[[120.436134,23.464412],[120.435971,23.464403],[120.435975,23.464369],[120.436138,23.464381],[120.436134,23.464412]]]}},{"type":"Feature","id":"w391737143","properties":{"kind":"building","category":"residential","name":null,"area_m2":78.0,"centroid":[120.436051,23.464429]},"geometry":{"type":"Polygon","coordinates":[[[120.436134,23.464412],[120.436133,23.464454],[120.435968,23.464445],[120.435971,23.464403],[120.436134,23.464412]]]}},{"type":"Feature","id":"w391737144","properties":{"kind":"building","category":"residential","name":null,"area_m2":79.8,"centroid":[120.436049,23.464471]},"geometry":{"type":"Polygon","coordinates":[[[120.436133,23.464454],[120.43613,23.464495],[120.435967,23.46449],[120.435968,23.464445],[120.436133,23.464454]]]}},{"type":"Feature","id":"w391737145","properties":{"kind":"building","category":"residential","name":null,"area_m2":139.1,"centroid":[120.436017,23.464531]},"geometry":{"type":"Polygon","coordinates":[[[120.43612,23.464564],[120.436126,23.464504],[120.435912,23.4645],[120.43591,23.464556],[120.43612,23.464564]]]}},{"type":"Feature","id":"w391737146","properties":{"kind":"building","category":"residential","name":null,"area_m2":97.9,"centroid":[120.436013,23.464581]},"geometry":{"type":"Polygon","coordinates":[[[120.43612,23.464564],[120.436116,23.464606],[120.435905,23.464596],[120.43591,23.464556],[120.43612,23.464564]]]}},{"type":"Feature","id":"w391737147","properties":{"kind":"building","category":"residential","name":null,"area_m2":86.7,"centroid":[120.436009,23.464619]},"geometry":{"type":"Polygon","coordinates":[[[120.435905,23.464596],[120.435901,23.46463],[120.436115,23.464644],[120.436116,23.464606],[120.435905,23.464596]]]}},{"type":"Feature","id":"w391737148","properties":{"kind":"building","category":"residential","name":null,"area_m2":154.6,"centroid":[120.435995,23.464673]},"geometry":{"type":"Polygon","coordinates":[[[120.436115,23.464644],[120.43611,23.464708],[120.436057,23.464705],[120.435893,23.464691],[120.435897,23.46466],[120.435901,23.46463],[120.436115,23.464644]]]}},{"type":"Feature","id":"w391737149","properties":{"kind":"building","category":"residential","name":null,"area_m2":126.2,"centroid":[120.435905,23.464325]},"geometry":{"type":"Polygon","coordinates":[[[120.435832,23.464358],[120.435835,23.464286],[120.43598,23.464286],[120.435975,23.464369],[120.435832,23.464358]]]}},{"type":"Feature","id":"w391737150","properties":{"kind":"building","category":"residential","name":null,"area_m2":68.8,"centroid":[120.435784,23.46432]},"geometry":{"type":"Polygon","coordinates":[[[120.435832,23.464358],[120.435735,23.464352],[120.435737,23.464318],[120.435781,23.464284],[120.435835,23.464286],[120.435832,23.464358]]]}},{"type":"Feature","id":"w391737151","properties":{"kind":"building","category":"residential","name":null,"area_m2":208.8,"centroid":[120.435868,23.464393]},"geometry":{"type":"Polygon","coordinates":[[[120.435729,23.464429],[120.435968,23.464445],[120.435971,23.464403],[120.435975,23.464369],[120.435832,23.464358],[120.435735,23.464352],[120.435729,23.464429]]]}},{"type":"Feature","id":"w391737152","properties":{"kind":"building","category":"residential","name":null,"area_m2":123.7,"centroid":[120.435858,23.464465]},"geometry":{"type":"Polygon","coordinates":[[[120.435967,23.46449],[120.435901,23.464486],[120.435723,23.464474],[120.435729,23.464429],[120.435968,23.464445],[120.435967,23.46449]]]}},{"type":"Feature","id":"w391737153","properties":{"kind":"building","category":"residential","name":null,"area_m2":77.8,"centroid":[120.43581,23.464499]},"geometry":{"type":"Polygon","coordinates":[[[120.435901,23.464486],[120.435896,23.464526],[120.435719,23.464511],[120.435723,23.464474],[120.435901,23.464486]]]}},{"type":"Feature","id":"w391737154","properties":{"kind":"building","category":"residential","name":null,"area_m2":134.9,"centroid":[120.435803,23.464551]},"geometry":{"type":"Polygon","coordinates":[[[120.435896,23.464526],[120.43589,23.464594],[120.435707,23.464574],[120.435719,23.464511],[120.435896,23.464526]]]}},{"type":"Feature","id":"w391737155","properties":{"kind":"building","category":"residential","name":null,"area_m2":216.8,"centroid":[120.435835,23.464637]},"geometry":{"type":"Polygon","coordinates":[[[120.435905,23.464596],[120.43589,23.464594],[120.435707,23.464574],[120.435695,23.46467],[120.43579,23.46468],[120.435893,23.464691],[120.435897,23.46466],[120.435901,23.46463],[120.435905,23.464596]]]}},{"type":"Feature","id":"w392190997","properties":{"kind":"building","category":"yes","name":"Fifty Percent","area_m2":145.6,"centroid":[120.441844,23.477546]},"geometry":{"type":"Polygon","coordinates":[[[120.44189,23.477586],[120.441896,23.477512],[120.441868,23.47749],[120.441784,23.477482],[120.44177,23.477598],[120.441853,23.477606],[120.44189,23.477586]]]}},{"type":"Feature","id":"w394710262","properties":{"kind":"building","category":"residential","name":null,"area_m2":615.5,"centroid":[120.433545,23.463764]},"geometry":{"type":"Polygon","coordinates":[[[120.433535,23.463915],[120.433728,23.46373],[120.433549,23.463611],[120.433366,23.463801],[120.433535,23.463915]]]}},{"type":"Feature","id":"w394710263","properties":{"kind":"building","category":"residential","name":null,"area_m2":192.7,"centroid":[120.433397,23.463665]},"geometry":{"type":"Polygon","coordinates":[[[120.433332,23.463781],[120.433281,23.463741],[120.433463,23.463549],[120.433514,23.463589],[120.433332,23.463781]]]}},{"type":"Feature","id":"w394710264","properties":{"kind":"building","category":"residential","name":null,"area_m2":172.8,"centroid":[120.433339,23.463577]},"geometry":{"type":"Polygon","coordinates":[[[120.433305,23.463671],[120.433242,23.46362],[120.433373,23.463483],[120.433436,23.463534],[120.433305,23.463671]]]}},{"type":"Feature","id":"w394710265","properties":{"kind":"building","category":"residential","name":null,"area_m2":394.2,"centroid":[120.433185,23.463511]},"geometry":{"type":"Polygon","coordinates":[[[120.433148,23.463646],[120.433038,23.463567],[120.433226,23.463375],[120.433328,23.463455],[120.433148,23.463646]]]}},{"type":"Feature","id":"w394710266","properties":{"kind":"building","category":"residential","name":null,"area_m2":94.4,"centroid":[120.433084,23.463477]},"geometry":{"type":"Polygon","coordinates":[[[120.433175,23.463408],[120.433145,23.463385],[120.432994,23.463545],[120.433024,23.463569],[120.433175,23.463408]]]}},{"type":"Feature","id":"w394710267","properties":{"kind":"building","category":"residential","name":null,"area_m2":238.0,"centroid":[120.433045,23.463321]},"geometry":{"type":"Polygon","coordinates":[[[120.433166,23.463349],[120.432994,23.463222],[120.432924,23.463295],[120.433096,23.463419],[120.433166,23.463349]]]}},{"type":"Feature","id":"w394710268","properties":{"kind":"building","category":"residential","name":null,"area_m2":52.0,"centroid":[120.432988,23.463473]},"geometry":{"type":"Polygon","coordinates":[[[120.432986,23.46352],[120.433038,23.463464],[120.432991,23.463427],[120.432938,23.463483],[120.432986,23.46352]]]}},{"type":"Feature","id":"w394710269","properties":{"kind":"building","category":"residential","name":null,"area_m2":148.9,"centroid":[120.432828,23.463327]},"geometry":{"type":"Polygon","coordinates":[[[120.432821,23.463406],[120.432912,23.463308],[120.432834,23.463247],[120.432743,23.463345],[120.432821,23.463406]]]}},{"type":"Feature","id":"w394710270","properties":{"kind":"building","category":"residential","name":null,"area_m2":114.9,"centroid":[120.432911,23.463214]},"geometry":{"type":"Polygon","coordinates":[[[120.432924,23.463282],[120.432987,23.463218],[120.432898,23.463146],[120.432836,23.463211],[120.432924,23.463282]]]}},{"type":"Feature","id":"w394710271","properties":{"kind":"building","category":"residential","name":null,"area_m2":185.0,"centroid":[120.432645,23.463227]},"geometry":{"type":"Polygon","coordinates":[[[120.432767,23.463267],[120.432565,23.463133],[120.432524,23.463193],[120.432723,23.463316],[120.432767,23.463267]]]}},{"type":"Feature","id":"w394710272","properties":{"kind":"building","category":"residential","name":null,"area_m2":191.1,"centroid":[120.43337,23.462916]},"geometry":{"type":"Polygon","coordinates":[[[120.433406,23.46302],[120.433269,23.462859],[120.433335,23.462812],[120.433471,23.462974],[120.433406,23.46302]]]}},{"type":"Feature","id":"w394710310","properties":{"kind":"building","category":"residential","name":null,"area_m2":831.4,"centroid":[120.433494,23.463327]},"geometry":{"type":"Polygon","coordinates":[[[120.433528,23.463524],[120.4337,23.46341],[120.433544,23.463279],[120.433438,23.463145],[120.433261,23.463276],[120.433528,23.463524]]]}},{"type":"Feature","id":"w394710312","properties":{"kind":"building","category":"residential","name":null,"area_m2":410.6,"centroid":[120.433526,23.463119]},"geometry":{"type":"Polygon","coordinates":[[[120.433544,23.463279],[120.433696,23.463179],[120.433577,23.463028],[120.433537,23.463055],[120.433519,23.46304],[120.433437,23.463095],[120.433464,23.463128],[120.433438,23.463145],[120.433544,23.463279]]]}},{"type":"Feature","id":"w394710313","properties":{"kind":"building","category":"residential","name":null,"area_m2":346.6,"centroid":[120.433688,23.463303]},"geometry":{"type":"Polygon","coordinates":[[[120.4337,23.46341],[120.433811,23.463344],[120.433696,23.463179],[120.433544,23.463279],[120.4337,23.46341]]]}},{"type":"Feature","id":"w394710315","properties":{"kind":"building","category":"residential","name":null,"area_m2":220.4,"centroid":[120.433699,23.463042]},"geometry":{"type":"Polygon","coordinates":[[[120.433795,23.463088],[120.433702,23.462943],[120.433602,23.462996],[120.433695,23.463142],[120.433795,23.463088]]]}},{"type":"Feature","id":"w394710318","properties":{"kind":"building","category":"residential","name":null,"area_m2":310.9,"centroid":[120.433815,23.463228]},"geometry":{"type":"Polygon","coordinates":[[[120.433826,23.463112],[120.433927,23.463278],[120.433811,23.463344],[120.433696,23.463179],[120.433826,23.463112]]]}},{"type":"Feature","id":"w394710321","properties":{"kind":"building","category":"residential","name":null,"area_m2":519.0,"centroid":[120.434076,23.46311]},"geometry":{"type":"Polygon","coordinates":[[[120.434171,23.463167],[120.433964,23.463244],[120.433887,23.463062],[120.434126,23.462978],[120.434147,23.463083],[120.434161,23.463125],[120.434171,23.463167]]]}},{"type":"Feature","id":"w394710324","properties":{"kind":"building","category":"residential","name":null,"area_m2":618.3,"centroid":[120.433978,23.462906]},"geometry":{"type":"Polygon","coordinates":[[[120.433895,23.463045],[120.434135,23.462953],[120.434075,23.462758],[120.433806,23.462869],[120.433895,23.463045]]]}},{"type":"Feature","id":"w394710327","properties":{"kind":"building","category":"residential","name":null,"area_m2":111.9,"centroid":[120.434297,23.463114]},"geometry":{"type":"Polygon","coordinates":[[[120.434171,23.463167],[120.434397,23.46312],[120.434386,23.463078],[120.434369,23.463082],[120.434161,23.463125],[120.434171,23.463167]]]}},{"type":"Feature","id":"w394710330","properties":{"kind":"building","category":"residential","name":null,"area_m2":101.2,"centroid":[120.434238,23.463083]},"geometry":{"type":"Polygon","coordinates":[[[120.434369,23.463082],[120.43436,23.463043],[120.434154,23.463082],[120.434147,23.463083],[120.434161,23.463125],[120.434369,23.463082]]]}},{"type":"Feature","id":"w394710333","properties":{"kind":"building","category":"residential","name":null,"area_m2":320.0,"centroid":[120.434249,23.462995]},"geometry":{"type":"Polygon","coordinates":[[[120.43436,23.463043],[120.434344,23.462902],[120.43414,23.462953],[120.434154,23.463082],[120.43436,23.463043]]]}},{"type":"Feature","id":"w394710344","properties":{"kind":"building","category":"residential","name":null,"area_m2":435.3,"centroid":[120.434555,23.463023]},"geometry":{"type":"Polygon","coordinates":[[[120.434699,23.463134],[120.434709,23.462958],[120.434473,23.462947],[120.43447,23.462987],[120.434493,23.462988],[120.434486,23.463124],[120.434699,23.463134]]]}},{"type":"Feature","id":"w394710352","properties":{"kind":"building","category":"residential","name":null,"area_m2":160.3,"centroid":[120.434945,23.46308]},"geometry":{"type":"Polygon","coordinates":[[[120.434898,23.463172],[120.434918,23.462982],[120.434991,23.462987],[120.434973,23.463178],[120.434898,23.463172]]]}},{"type":"Feature","id":"w394710355","properties":{"kind":"building","category":"residential","name":null,"area_m2":79.7,"centroid":[120.435003,23.463101]},"geometry":{"type":"Polygon","coordinates":[[[120.434973,23.463178],[120.435011,23.463181],[120.435011,23.463171],[120.435027,23.462988],[120.434991,23.462987],[120.434973,23.463178]]]}},{"type":"Feature","id":"w394710357","properties":{"kind":"building","category":"residential","name":null,"area_m2":154.3,"centroid":[120.435056,23.463082]},"geometry":{"type":"Polygon","coordinates":[[[120.435011,23.463171],[120.435085,23.463177],[120.435101,23.462993],[120.435027,23.462988],[120.435011,23.463171]]]}},{"type":"Feature","id":"w394710359","properties":{"kind":"building","category":"residential","name":null,"area_m2":311.9,"centroid":[120.43517,23.463091]},"geometry":{"type":"Polygon","coordinates":[[[120.435085,23.463177],[120.435237,23.463183],[120.435257,23.463011],[120.435101,23.462993],[120.435085,23.463177]]]}},{"type":"Feature","id":"w394710361","properties":{"kind":"building","category":"residential","name":null,"area_m2":297.3,"centroid":[120.435396,23.463107]},"geometry":{"type":"Polygon","coordinates":[[[120.435316,23.463193],[120.435336,23.463007],[120.435477,23.463021],[120.435456,23.463206],[120.435316,23.463193]]]}},{"type":"Feature","id":"w394710362","properties":{"kind":"building","category":"residential","name":null,"area_m2":261.0,"centroid":[120.435688,23.463108]},"geometry":{"type":"Polygon","coordinates":[[[120.435777,23.463044],[120.435616,23.463029],[120.4356,23.463171],[120.43576,23.463187],[120.435777,23.463044]]]}},{"type":"Feature","id":"w394710366","properties":{"kind":"building","category":"residential","name":null,"area_m2":176.5,"centroid":[120.434624,23.463431]},"geometry":{"type":"Polygon","coordinates":[[[120.434565,23.463496],[120.434561,23.463369],[120.434684,23.463366],[120.434688,23.463493],[120.434565,23.463496]]]}},{"type":"Feature","id":"w394710368","properties":{"kind":"building","category":"residential","name":null,"area_m2":306.7,"centroid":[120.434621,23.463272]},"geometry":{"type":"Polygon","coordinates":[[[120.434545,23.463357],[120.434534,23.463229],[120.434563,23.463207],[120.434748,23.463217],[120.434717,23.463349],[120.434545,23.463357]]]}},{"type":"Feature","id":"w394710370","properties":{"kind":"building","category":"residential","name":null,"area_m2":650.6,"centroid":[120.434872,23.463326]},"geometry":{"type":"Polygon","coordinates":[[[120.434703,23.463432],[120.434762,23.463219],[120.435044,23.463227],[120.43498,23.463426],[120.434703,23.463432]]]}},{"type":"Feature","id":"w394710371","properties":{"kind":"building","category":"residential","name":null,"area_m2":435.6,"centroid":[120.435108,23.463337]},"geometry":{"type":"Polygon","coordinates":[[[120.43498,23.463426],[120.435196,23.463445],[120.435212,23.463251],[120.435044,23.463227],[120.43498,23.463426]]]}},{"type":"Feature","id":"w394710374","properties":{"kind":"building","category":"residential","name":null,"area_m2":292.4,"centroid":[120.435271,23.463353]},"geometry":{"type":"Polygon","coordinates":[[[120.435196,23.463445],[120.43531,23.463452],[120.435366,23.463265],[120.435212,23.463251],[120.435196,23.463445]]]}},{"type":"Feature","id":"w394710376","properties":{"kind":"building","category":"residential","name":null,"area_m2":147.7,"centroid":[120.435372,23.463363]},"geometry":{"type":"Polygon","coordinates":[[[120.43531,23.463452],[120.435393,23.463458],[120.435421,23.463276],[120.435366,23.463265],[120.43531,23.463452]]]}},{"type":"Feature","id":"w394710380","properties":{"kind":"building","category":"residential","name":null,"area_m2":169.8,"centroid":[120.435449,23.46337]},"geometry":{"type":"Polygon","coordinates":[[[120.435393,23.463458],[120.43547,23.46346],[120.435511,23.463287],[120.435421,23.463276],[120.435393,23.463458]]]}},{"type":"Feature","id":"w394710383","properties":{"kind":"building","category":"residential","name":null,"area_m2":497.0,"centroid":[120.435613,23.463383]},"geometry":{"type":"Polygon","coordinates":[[[120.43547,23.46346],[120.435725,23.463485],[120.435744,23.463302],[120.435511,23.463287],[120.43547,23.46346]]]}},{"type":"Feature","id":"w394710386","properties":{"kind":"building","category":"residential","name":null,"area_m2":238.1,"centroid":[120.435835,23.463653]},"geometry":{"type":"Polygon","coordinates":[[[120.435896,23.463734],[120.435917,23.463589],[120.435774,23.463572],[120.435753,23.463717],[120.435896,23.463734]]]}},{"type":"Feature","id":"w394710389","properties":{"kind":"building","category":"residential","name":null,"area_m2":304.6,"centroid":[120.4361,23.463577]},"geometry":{"type":"Polygon","coordinates":[[[120.436202,23.463649],[120.436216,23.463526],[120.435999,23.463505],[120.435985,23.463628],[120.436202,23.463649]]]}},{"type":"Feature","id":"w394710393","properties":{"kind":"building","category":"residential","name":null,"area_m2":312.0,"centroid":[120.435882,23.463409]},"geometry":{"type":"Polygon","coordinates":[[[120.43579,23.463484],[120.43581,23.463318],[120.435974,23.463334],[120.435954,23.463501],[120.43579,23.463484]]]}},{"type":"Feature","id":"w394710396","properties":{"kind":"building","category":"residential","name":null,"area_m2":222.2,"centroid":[120.436121,23.46338]},"geometry":{"type":"Polygon","coordinates":[[[120.436243,23.463429],[120.435992,23.463409],[120.436,23.463331],[120.43625,23.463351],[120.436243,23.463429]]]}},{"type":"Feature","id":"w394710399","properties":{"kind":"building","category":"residential","name":null,"area_m2":162.6,"centroid":[120.436138,23.463275]},"geometry":{"type":"Polygon","coordinates":[[[120.43626,23.463314],[120.436012,23.463294],[120.436017,23.463237],[120.436263,23.463255],[120.43626,23.463314]]]}},{"type":"Feature","id":"w394710404","properties":{"kind":"building","category":"residential","name":null,"area_m2":490.0,"centroid":[120.435957,23.463178]},"geometry":{"type":"Polygon","coordinates":[[[120.435815,23.463278],[120.435837,23.463058],[120.436032,23.463075],[120.436028,23.463127],[120.436017,23.463237],[120.436012,23.463294],[120.435815,23.463278]]]}},{"type":"Feature","id":"w394710408","properties":{"kind":"building","category":"residential","name":null,"area_m2":305.0,"centroid":[120.436146,23.463192]},"geometry":{"type":"Polygon","coordinates":[[[120.436263,23.463255],[120.436017,23.463237],[120.436028,23.463127],[120.436274,23.463147],[120.436263,23.463255]]]}},{"type":"Feature","id":"w394710409","properties":{"kind":"building","category":"residential","name":null,"area_m2":881.8,"centroid":[120.436139,23.462999]},"geometry":{"type":"Polygon","coordinates":[[[120.436274,23.463147],[120.436304,23.462832],[120.436059,23.462812],[120.436032,23.463075],[120.436028,23.463127],[120.436274,23.463147]]]}},{"type":"Feature","id":"w394710413","properties":{"kind":"building","category":"residential","name":null,"area_m2":585.5,"centroid":[120.435948,23.462935]},"geometry":{"type":"Polygon","coordinates":[[[120.435837,23.463058],[120.435863,23.462795],[120.436059,23.462812],[120.436032,23.463075],[120.435837,23.463058]]]}},{"type":"Feature","id":"w409567162","properties":{"kind":"building","category":"yes","name":null,"area_m2":114.6,"centroid":[120.466862,23.46773]},"geometry":{"type":"Polygon","coordinates":[[[120.466805,23.467656],[120.466952,23.467726],[120.466918,23.467786],[120.466858,23.467757],[120.466863,23.467748],[120.466776,23.467706],[120.466805,23.467656]]]}},{"type":"Feature","id":"w409636727","properties":{"kind":"building","category":"university","name":"管理學院B棟","area_m2":5892.2,"centroid":[120.441463,23.464515]},"geometry":{"type":"Polygon","coordinates":[[[120.440977,23.464826],[120.441719,23.464822],[120.442188,23.46482],[120.442182,23.464727],[120.442181,23.4647],[120.442,23.464713],[120.441993,23.464537],[120.441711,23.464531],[120.441434,23.464524],[120.44142,23.464109],[120.44136,23.464109],[120.440974,23.464112],[120.440977,23.464297],[120.440914,23.464323],[120.44091,23.464479],[120.440967,23.464485],[120.440972,23.464649],[120.440977,23.464826]]]}},{"type":"Feature","id":"w409636783","properties":{"kind":"building","category":"university","name":"管理學院A棟","area_m2":2355.8,"centroid":[120.441704,23.464016]},"geometry":{"type":"Polygon","coordinates":[[[120.44136,23.464109],[120.44136,23.463807],[120.442203,23.463825],[120.442195,23.464036],[120.441724,23.464028],[120.441728,23.464105],[120.441632,23.464106],[120.441432,23.464108],[120.44136,23.464109]]]}},{"type":"Feature","id":"w409832955","properties":{"kind":"building","category":"dormitory","name":"學生宿舍","area_m2":2040.3,"centroid":[120.442743,23.464849]},"geometry":{"type":"Polygon","coordinates":[[[120.44234,23.464959],[120.442751,23.464951],[120.443147,23.464942],[120.44314,23.464813],[120.443135,23.464716],[120.442345,23.464733],[120.442343,23.464828],[120.44234,23.464959]]]}},{"type":"Feature","id":"w409833224","properties":{"kind":"green","category":"grass","name":null,"area_m2":5393.7,"centroid":[120.442863,23.464055]},"geometry":{"type":"Polygon","coordinates":[[[120.443046,23.464331],[120.44321,23.464328],[120.443185,23.463517],[120.442535,23.463523],[120.44251,23.463873],[120.44264,23.464238],[120.4428,23.464212],[120.442819,23.464269],[120.443019,23.464204],[120.443046,23.464331]]]}},{"type":"Feature","id":"w411765413","properties":{"kind":"building","category":"residential","name":null,"area_m2":1752.8,"centroid":[120.44334,23.468901]},"geometry":{"type":"Polygon","coordinates":[[[120.442999,23.469041],[120.443612,23.469098],[120.443624,23.468988],[120.44357,23.468983],[120.443579,23.468898],[120.443567,23.468897],[120.443571,23.468865],[120.443517,23.468849],[120.44344,23.468836],[120.443391,23.468831],[120.443392,23.46882],[120.443111,23.468794],[120.443112,23.468783],[120.442989,23.468771],[120.442967,23.468978],[120.443006,23.468981],[120.442999,23.469041]]]}},{"type":"Feature","id":"w435315808","properties":{"kind":"building","category":"apartments","name":null,"area_m2":910.4,"centroid":[120.431005,23.485587]},"geometry":{"type":"Polygon","coordinates":[[[120.430969,23.48559],[120.430951,23.485588],[120.430943,23.485648],[120.430961,23.48565],[120.430949,23.485742],[120.430931,23.48574],[120.430923,23.485803],[120.430811,23.485791],[120.430861,23.485409],[120.430972,23.485423],[120.430963,23.48549],[120.430982,23.485492],[120.431169,23.485512],[120.431179,23.485439],[120.431267,23.485448],[120.431245,23.48562],[120.430969,23.48559]]]}},{"type":"Feature","id":"w439012731","properties":{"kind":"green","category":"park","name":"市政府前廣場","area_m2":6920.5,"centroid":[120.453308,23.482453]},"geometry":{"type":"Polygon","coordinates":[[[120.45268,23.482756],[120.452661,23.482671],[120.452607,23.482597],[120.452682,23.482374],[120.453035,23.482398],[120.453071,23.482271],[120.453395,23.482306],[120.453398,23.482268],[120.453493,23.482274],[120.453482,23.482315],[120.453605,23.48234],[120.453671,23.482366],[120.453726,23.482412],[120.453757,23.482456],[120.453866,23.482472],[120.453796,23.482974],[120.45268,23.482756]]]}},{"type":"Feature","id":"w440216596","properties":{"kind":"building","category":"hospital","name":"陽明醫院","area_m2":445.5,"centroid":[120.453295,23.480514]},"geometry":{"type":"Polygon","coordinates":[[[120.453423,23.480595],[120.453441,23.480456],[120.453168,23.480428],[120.45315,23.480575],[120.453423,23.480595]]]}},{"type":"Feature","id":"w440217010","properties":{"kind":"building","category":"temple","name":"福社宮","area_m2":104.9,"centroid":[120.447041,23.481458]},"geometry":{"type":"Polygon","coordinates":[[[120.447093,23.481501],[120.447101,23.481409],[120.446979,23.4814],[120.446973,23.481466],[120.447051,23.481472],[120.447048,23.481498],[120.447093,23.481501]]]}},{"type":"Feature","id":"w445893513","properties":{"kind":"building","category":"yes","name":"小麵店","area_m2":26.4,"centroid":[120.447308,23.470184]},"geometry":{"type":"Polygon","coordinates":[[[120.447291,23.470217],[120.447324,23.470218],[120.447327,23.470151],[120.447289,23.470152],[120.447291,23.470217]]]}},{"type":"Feature","id":"w464467063","properties":{"kind":"building","category":"apartments","name":"陽光大樓","area_m2":218.8,"centroid":[120.437853,23.468701]},"geometry":{"type":"Polygon","coordinates":[[[120.437729,23.46874],[120.437748,23.468649],[120.437967,23.468669],[120.437969,23.468746],[120.437729,23.46874]]]}},{"type":"Feature","id":"w465621299","properties":{"kind":"building","category":"yes","name":"萊爾富","area_m2":86.4,"centroid":[120.458327,23.469514]},"geometry":{"type":"Polygon","coordinates":[[[120.458238,23.469534],[120.458389,23.46955],[120.458401,23.469507],[120.458353,23.46949],[120.458252,23.469489],[120.458238,23.469534]]]}},{"type":"Feature","id":"w465621868","properties":{"kind":"green","category":"park","name":"南田公園","area_m2":8181.0,"centroid":[120.45605,23.470573]},"geometry":{"type":"Polygon","coordinates":[[[120.455716,23.471207],[120.455393,23.470873],[120.455572,23.470751],[120.455779,23.470585],[120.455906,23.470432],[120.456015,23.47034],[120.45605,23.470174],[120.45618,23.470171],[120.45637,23.470201],[120.456459,23.470203],[120.456446,23.470422],[120.456403,23.470861],[120.456365,23.471235],[120.455716,23.471207]]]}},{"type":"Feature","id":"w468692768","properties":{"kind":"building","category":"residential","name":null,"area_m2":539.2,"centroid":[120.433985,23.463754]},"geometry":{"type":"Polygon","coordinates":[[[120.433867,23.463649],[120.433802,23.463704],[120.433857,23.463756],[120.433869,23.463746],[120.433966,23.463845],[120.433997,23.463831],[120.434036,23.463811],[120.434071,23.463793],[120.434074,23.463792],[120.434109,23.463775],[120.434137,23.463761],[120.434034,23.463582],[120.433867,23.463649]]]}},{"type":"Feature","id":"w468692769","properties":{"kind":"building","category":"house","name":null,"area_m2":259.9,"centroid":[120.43415,23.463643]},"geometry":{"type":"Polygon","coordinates":[[[120.434258,23.463715],[120.434162,23.463752],[120.434117,23.463682],[120.434103,23.46362],[120.434078,23.463564],[120.434182,23.463523],[120.434258,23.463715]]]}},{"type":"Feature","id":"w468692770","properties":{"kind":"building","category":"yes","name":null,"area_m2":75.5,"centroid":[120.434105,23.46366]},"geometry":{"type":"Polygon","coordinates":[[[120.434162,23.463752],[120.434137,23.463761],[120.434034,23.463582],[120.434078,23.463564],[120.434103,23.46362],[120.434117,23.463682],[120.434162,23.463752]]]}},{"type":"Feature","id":"w469665979","properties":{"kind":"building","category":"yes","name":null,"area_m2":186.6,"centroid":[120.442207,23.477124]},"geometry":{"type":"Polygon","coordinates":[[[120.442137,23.477134],[120.442151,23.477021],[120.442255,23.477034],[120.442245,23.477134],[120.442265,23.477142],[120.442261,23.477187],[120.442201,23.47718],[120.442145,23.477161],[120.442137,23.477134]]]}},{"type":"Feature","id":"w472646118","properties":{"kind":"building","category":"yes","name":null,"area_m2":468.3,"centroid":[120.450668,23.474262]},"geometry":{"type":"Polygon","coordinates":[[[120.450547,23.474379],[120.450629,23.474381],[120.450634,23.474242],[120.450654,23.474243],[120.450692,23.474244],[120.450686,23.474397],[120.450781,23.4744],[120.450788,23.474215],[120.450733,23.474213],[120.450736,23.474135],[120.45063,23.474132],[120.450627,23.474214],[120.450553,23.474211],[120.450547,23.474379]]]}},{"type":"Feature","id":"w472648618","properties":{"kind":"building","category":"yes","name":"嘉義文化路郵局","area_m2":970.9,"centroid":[120.450145,23.477821]},"geometry":{"type":"Polygon","coordinates":[[[120.450281,23.477963],[120.450273,23.478075],[120.450033,23.478063],[120.450001,23.47803],[120.450037,23.477613],[120.450068,23.477585],[120.450172,23.477589],[120.450166,23.477666],[120.450226,23.477668],[120.450209,23.477822],[120.45014,23.477817],[120.450134,23.477959],[120.450281,23.477963]]]}},{"type":"Feature","id":"w473045248","properties":{"kind":"green","category":"park","name":"二二八紀念公園","area_m2":16462.6,"centroid":[120.462344,23.475917]},"geometry":{"type":"Polygon","coordinates":[[[120.461861,23.476833],[120.461939,23.476866],[120.463482,23.476684],[120.463988,23.476625],[120.46346,23.476519],[120.462794,23.476232],[120.462457,23.475916],[120.461874,23.4752],[120.461821,23.475131],[120.461747,23.475152],[120.46171,23.475162],[120.461661,23.475227],[120.461679,23.475374],[120.461861,23.476833]]]}},{"type":"Feature","id":"w484593767","properties":{"kind":"building","category":"yes","name":null,"area_m2":136.6,"centroid":[120.448034,23.474085]},"geometry":{"type":"Polygon","coordinates":[[[120.44798,23.474144],[120.447992,23.474019],[120.448088,23.474027],[120.448077,23.474151],[120.44798,23.474144]]]}},{"type":"Feature","id":"w484594478","properties":{"kind":"building","category":"retail","name":"秀泰影城","area_m2":3499.6,"centroid":[120.447655,23.485638]},"geometry":{"type":"Polygon","coordinates":[[[120.447808,23.485888],[120.447598,23.485823],[120.447614,23.485781],[120.447575,23.485768],[120.447588,23.485735],[120.447501,23.485708],[120.44753,23.485631],[120.447448,23.485606],[120.447657,23.485042],[120.448074,23.485171],[120.447817,23.485864],[120.447808,23.485888]]]}},{"type":"Feature","id":"w484594480","properties":{"kind":"building","category":"hotel","name":"嘉義亮點旅店","area_m2":346.8,"centroid":[120.442106,23.478022]},"geometry":{"type":"Polygon","coordinates":[[[120.442026,23.477929],[120.442201,23.477941],[120.442186,23.478116],[120.442011,23.478103],[120.442026,23.477929]]]}},{"type":"Feature","id":"w484595277","properties":{"kind":"building","category":"yes","name":null,"area_m2":105.7,"centroid":[120.453192,23.477841]},"geometry":{"type":"Polygon","coordinates":[[[120.45316,23.477896],[120.453253,23.477871],[120.453237,23.477797],[120.453119,23.4778],[120.45316,23.477896]]]}},{"type":"Feature","id":"w493692040","properties":{"kind":"building","category":"office","name":"雲嘉南服務中心","area_m2":375.9,"centroid":[120.453466,23.478932]},"geometry":{"type":"Polygon","coordinates":[[[120.453401,23.478837],[120.453591,23.478858],[120.453568,23.479032],[120.453379,23.479011],[120.453392,23.478921],[120.453401,23.478837]]]}},{"type":"Feature","id":"w494461129","properties":{"kind":"building","category":"hotel","name":"皇品國際酒店","area_m2":1737.4,"centroid":[120.432513,23.492702]},"geometry":{"type":"Polygon","coordinates":[[[120.432197,23.49277],[120.432645,23.49243],[120.432829,23.492634],[120.432381,23.492974],[120.432197,23.49277]]]}},{"type":"Feature","id":"w507797428","properties":{"kind":"building","category":"commercial","name":"西市場大樓","area_m2":3693.7,"centroid":[120.448038,23.479146]},"geometry":{"type":"Polygon","coordinates":[[[120.447496,23.479007],[120.447486,23.479334],[120.448411,23.479372],[120.448414,23.47932],[120.44843,23.478977],[120.448014,23.478978],[120.448012,23.479033],[120.447496,23.479007]]]}},{"type":"Feature","id":"w507797429","properties":{"kind":"building","category":"temple","name":"朝天宮","area_m2":613.2,"centroid":[120.448622,23.476844]},"geometry":{"type":"Polygon","coordinates":[[[120.448515,23.476668],[120.448697,23.476684],[120.448687,23.476785],[120.448737,23.476789],[120.448725,23.476906],[120.448648,23.476899],[120.448639,23.476989],[120.448535,23.47698],[120.448546,23.476872],[120.448495,23.476868],[120.448515,23.476668]]]}},{"type":"Feature","id":"w507797430","properties":{"kind":"building","category":"commercial","name":"臺灣土地銀行","area_m2":561.8,"centroid":[120.449832,23.479569]},"geometry":{"type":"Polygon","coordinates":[[[120.449746,23.479404],[120.449727,23.479628],[120.449738,23.479666],[120.449783,23.479695],[120.449809,23.479698],[120.449954,23.479616],[120.449896,23.479517],[120.449944,23.479488],[120.449889,23.479409],[120.449746,23.479404]]]}},{"type":"Feature","id":"w522925819","properties":{"kind":"building","category":"yes","name":null,"area_m2":432.8,"centroid":[120.449078,23.480077]},"geometry":{"type":"Polygon","coordinates":[[[120.449004,23.479956],[120.449169,23.479966],[120.449153,23.480197],[120.448988,23.480188],[120.449004,23.479956]]]}},{"type":"Feature","id":"w532988432","properties":{"kind":"building","category":"retail","name":null,"area_m2":330.6,"centroid":[120.448849,23.479621]},"geometry":{"type":"Polygon","coordinates":[[[120.448923,23.479509],[120.4488,23.479498],[120.448775,23.479733],[120.448899,23.479744],[120.448923,23.479509]]]}},{"type":"Feature","id":"w541011435","properties":{"kind":"building","category":"office","name":"東市商業大樓","area_m2":2251.6,"centroid":[120.453564,23.478948]},"geometry":{"type":"Polygon","coordinates":[[[120.4534,23.479206],[120.453781,23.479253],[120.45387,23.478649],[120.453453,23.478597],[120.453424,23.47879],[120.453603,23.478812],[120.453568,23.479032],[120.453559,23.479105],[120.453418,23.479087],[120.4534,23.479206]]]}},{"type":"Feature","id":"w544458017","properties":{"kind":"green","category":"park","name":"王田里惜福公園","area_m2":1884.1,"centroid":[120.467634,23.486599]},"geometry":{"type":"Polygon","coordinates":[[[120.467645,23.486843],[120.467355,23.486694],[120.467493,23.486217],[120.467858,23.486589],[120.467818,23.486651],[120.467645,23.486843]]]}},{"type":"Feature","id":"w544465227","properties":{"kind":"building","category":"yes","name":"王田里集會所","area_m2":137.9,"centroid":[120.46782,23.486747]},"geometry":{"type":"Polygon","coordinates":[[[120.467741,23.486798],[120.467804,23.486832],[120.4679,23.4867],[120.467837,23.486658],[120.467741,23.486798]]]}},{"type":"Feature","id":"w544481850","properties":{"kind":"green","category":"park","name":"長榮公園","area_m2":5456.1,"centroid":[120.457765,23.484851]},"geometry":{"type":"Polygon","coordinates":[[[120.457305,23.485084],[120.458145,23.485184],[120.458225,23.484618],[120.457385,23.484518],[120.457305,23.485084]]]}},{"type":"Feature","id":"w544489622","properties":{"kind":"building","category":"yes","name":"博愛游泳池","area_m2":1548.1,"centroid":[120.438454,23.490491]},"geometry":{"type":"Polygon","coordinates":[[[120.43832,23.490807],[120.438531,23.490823],[120.438587,23.490175],[120.438377,23.49016],[120.43832,23.490807]]]}},{"type":"Feature","id":"w544689722","properties":{"kind":"green","category":"park","name":"啟明公園","area_m2":9677.4,"centroid":[120.462463,23.478152]},"geometry":{"type":"Polygon","coordinates":[[[120.462973,23.479622],[120.463352,23.47966],[120.462171,23.477077],[120.461886,23.477144],[120.461934,23.477255],[120.462973,23.479622]]]}},{"type":"Feature","id":"w544706369","properties":{"kind":"building","category":"apartments","name":"林園帝國","area_m2":871.5,"centroid":[120.464872,23.484433]},"geometry":{"type":"Polygon","coordinates":[[[120.464716,23.484608],[120.464721,23.484327],[120.464838,23.484329],[120.464835,23.484468],[120.464905,23.484469],[120.464907,23.484325],[120.465028,23.484327],[120.465023,23.484613],[120.464716,23.484608]]]}},{"type":"Feature","id":"w544706372","properties":{"kind":"building","category":"retail","name":"遠東百貨","area_m2":1273.4,"centroid":[120.441185,23.472721]},"geometry":{"type":"Polygon","coordinates":[[[120.440962,23.472838],[120.440984,23.472573],[120.441408,23.472604],[120.441386,23.472868],[120.440962,23.472838]]]}},{"type":"Feature","id":"w544706378","properties":{"kind":"green","category":"park","name":"番仔溝公園","area_m2":13972.9,"centroid":[120.435173,23.474804]},"geometry":{"type":"Polygon","coordinates":[[[120.434419,23.475293],[120.434564,23.475279],[120.434639,23.47528],[120.434699,23.475291],[120.43477,23.475315],[120.435216,23.474989],[120.435378,23.474902],[120.435541,23.474816],[120.435694,23.474765],[120.435827,23.474733],[120.436116,23.474696],[120.436504,23.474677],[120.435995,23.47412],[120.435166,23.474239],[120.435131,23.474193],[120.434947,23.474271],[120.434838,23.474398],[120.434532,23.47483],[120.434307,23.475191],[120.434419,23.475293]]]}},{"type":"Feature","id":"w544706379","properties":{"kind":"green","category":"park","name":"友忠公園","area_m2":13031.2,"centroid":[120.43292,23.477014]},"geometry":{"type":"Polygon","coordinates":[[[120.43306,23.477883],[120.433879,23.477378],[120.433023,23.476491],[120.432429,23.476624],[120.43221,23.476692],[120.43306,23.477883]]]}},{"type":"Feature","id":"w544706381","properties":{"kind":"building","category":"yes","name":"救國團","area_m2":608.8,"centroid":[120.452419,23.489294]},"geometry":{"type":"Polygon","coordinates":[[[120.452446,23.489438],[120.452365,23.489296],[120.452228,23.48926],[120.452256,23.489158],[120.452629,23.489256],[120.452588,23.489359],[120.452446,23.489438]]]}},{"type":"Feature","id":"w544922686","properties":{"kind":"building","category":"no","name":"彌陀夜市","area_m2":9283.5,"centroid":[120.466208,23.464756]},"geometry":{"type":"Polygon","coordinates":[[[120.465885,23.46544],[120.466446,23.465635],[120.466381,23.465085],[120.466466,23.464914],[120.466426,23.464683],[120.46656,23.464541],[120.466328,23.464022],[120.466072,23.464004],[120.466129,23.464257],[120.465674,23.464582],[120.465926,23.465152],[120.465885,23.46544]]]}},{"type":"Feature","id":"w544968196","properties":{"kind":"building","category":"temple","name":"仁武宮","area_m2":627.1,"centroid":[120.450771,23.481536]},"geometry":{"type":"Polygon","coordinates":[[[120.450787,23.481781],[120.450755,23.481547],[120.450698,23.481552],[120.450686,23.481479],[120.450722,23.481474],[120.45071,23.481422],[120.450785,23.481411],[120.450858,23.481403],[120.450937,23.481757],[120.450787,23.481781]]]}},{"type":"Feature","id":"w544969656","properties":{"kind":"building","category":"commercial","name":"臺灣銀行","area_m2":833.9,"centroid":[120.448654,23.480102]},"geometry":{"type":"Polygon","coordinates":[[[120.448487,23.480195],[120.448505,23.480016],[120.448574,23.480022],[120.448581,23.479957],[120.44867,23.479964],[120.448769,23.479973],[120.448764,23.480027],[120.448807,23.48003],[120.44879,23.480209],[120.448712,23.480202],[120.448705,23.480269],[120.448569,23.480257],[120.448575,23.480203],[120.448487,23.480195]]]}},{"type":"Feature","id":"w544971123","properties":{"kind":"building","category":"depot","name":"台灣鐵路管理局機務處嘉義機務段","area_m2":8962.9,"centroid":[120.437671,23.476207]},"geometry":{"type":"Polygon","coordinates":[[[120.436764,23.475662],[120.43789,23.476868],[120.438203,23.476662],[120.437962,23.476396],[120.43804,23.476325],[120.437169,23.475328],[120.436764,23.475662]]]}},{"type":"Feature","id":"w545177163","properties":{"kind":"building","category":"commercial","name":"嘉年華大樓","area_m2":2154.6,"centroid":[120.441508,23.477966]},"geometry":{"type":"Polygon","coordinates":[[[120.441869,23.478064],[120.441885,23.477833],[120.441507,23.477813],[120.441533,23.477567],[120.441343,23.477558],[120.441309,23.477928],[120.441459,23.477977],[120.441458,23.47803],[120.441319,23.478142],[120.441417,23.478253],[120.441479,23.478198],[120.441503,23.478141],[120.441522,23.478056],[120.441869,23.478064]]]}},{"type":"Feature","id":"w545185147","properties":{"kind":"building","category":"temple","name":"嘉義九華山地藏庵","area_m2":965.9,"centroid":[120.456423,23.483124]},"geometry":{"type":"Polygon","coordinates":[[[120.456204,23.483162],[120.456341,23.483199],[120.456328,23.483245],[120.456451,23.483278],[120.456466,23.483311],[120.456519,23.483309],[120.456611,23.483003],[120.456559,23.482979],[120.456516,23.483005],[120.456422,23.482983],[120.456405,23.483022],[120.456259,23.482989],[120.456204,23.483162]]]}},{"type":"Feature","id":"w545189493","properties":{"kind":"building","category":"hospital","name":"聖馬爾定醫療大樓","area_m2":2642.7,"centroid":[120.467333,23.475529]},"geometry":{"type":"Polygon","coordinates":[[[120.467277,23.475848],[120.467181,23.475649],[120.467371,23.475572],[120.467311,23.475446],[120.467155,23.47551],[120.467085,23.475365],[120.46753,23.475185],[120.467756,23.475654],[120.467277,23.475848]]]}},{"type":"Feature","id":"w545192631","properties":{"kind":"building","category":"yes","name":"二二八紀念館","area_m2":1185.2,"centroid":[120.462409,23.476554]},"geometry":{"type":"Polygon","coordinates":[[[120.462224,23.476693],[120.462577,23.476711],[120.462594,23.476414],[120.462242,23.476396],[120.462224,23.476693]]]}},{"type":"Feature","id":"w545392560","properties":{"kind":"green","category":"village_green","name":"東門圓環","area_m2":861.3,"centroid":[120.456682,23.480292]},"geometry":{"type":"Polygon","coordinates":[[[120.456699,23.480145],[120.456647,23.480147],[120.456598,23.480164],[120.456558,23.480195],[120.456529,23.480238],[120.456517,23.480287],[120.456523,23.480338],[120.456547,23.480383],[120.456587,23.480419],[120.456637,23.48044],[120.456692,23.480445],[120.456746,23.480433],[120.456792,23.480405],[120.456826,23.480365],[120.456843,23.480316],[120.456842,23.480269],[120.456825,23.480223],[120.456793,23.480185],[120.45675,23.480158],[120.456699,23.480145]]]}},{"type":"Feature","id":"w547691574","properties":{"kind":"green","category":"park","name":"聖馬爾定小公園","area_m2":4444.5,"centroid":[120.46786,23.476711]},"geometry":{"type":"Polygon","coordinates":[[[120.468179,23.477115],[120.468006,23.476971],[120.467923,23.476946],[120.467708,23.476946],[120.467606,23.476881],[120.467479,23.476592],[120.467394,23.476269],[120.467535,23.476226],[120.467641,23.476184],[120.46788,23.47666],[120.467932,23.476646],[120.468019,23.476782],[120.468256,23.476675],[120.468482,23.477056],[120.468179,23.477115]]]}},{"type":"Feature","id":"w547911317","properties":{"kind":"green","category":"village_green","name":null,"area_m2":2516.4,"centroid":[120.430155,23.492863]},"geometry":{"type":"Polygon","coordinates":[[[120.429734,23.49257],[120.430408,23.493288],[120.430484,23.49329],[120.430577,23.493215],[120.430591,23.49316],[120.429897,23.492457],[120.429823,23.492422],[120.429726,23.492504],[120.429734,23.49257]]]}},{"type":"Feature","id":"w547911320","properties":{"kind":"green","category":"village_green","name":null,"area_m2":2658.5,"centroid":[120.430499,23.49257]},"geometry":{"type":"Polygon","coordinates":[[[120.430094,23.492275],[120.430068,23.492223],[120.430161,23.492123],[120.430233,23.492124],[120.430897,23.492843],[120.430956,23.492951],[120.430852,23.493036],[120.430728,23.492985],[120.430094,23.492275]]]}},{"type":"Feature","id":"w547911321","properties":{"kind":"green","category":"village_green","name":null,"area_m2":1940.7,"centroid":[120.430971,23.493733]},"geometry":{"type":"Polygon","coordinates":[[[120.430621,23.493374],[120.430711,23.493327],[120.431001,23.493627],[120.431198,23.49384],[120.431302,23.493978],[120.431239,23.494076],[120.431158,23.494105],[120.430919,23.493824],[120.430587,23.493449],[120.430621,23.493374]]]}},{"type":"Feature","id":"w547911322","properties":{"kind":"green","category":"village_green","name":null,"area_m2":1897.2,"centroid":[120.431282,23.493478]},"geometry":{"type":"Polygon","coordinates":[[[120.431013,23.493324],[120.431022,23.493277],[120.431068,23.493217],[120.431144,23.49318],[120.431199,23.493185],[120.43162,23.49364],[120.431529,23.493826],[120.431487,23.493837],[120.431455,23.49382],[120.431013,23.493324]]]}},{"type":"Feature","id":"w547911324","properties":{"kind":"green","category":"village_green","name":null,"area_m2":2200.7,"centroid":[120.431954,23.494274]},"geometry":{"type":"Polygon","coordinates":[[[120.431469,23.494294],[120.431419,23.494253],[120.431453,23.494208],[120.431531,23.494158],[120.431628,23.494136],[120.432463,23.494222],[120.432499,23.494253],[120.432484,23.494335],[120.432473,23.494409],[120.432416,23.494416],[120.431664,23.494335],[120.431469,23.494294]]]}},{"type":"Feature","id":"w547911325","properties":{"kind":"green","category":"village_green","name":null,"area_m2":1793.3,"centroid":[120.432105,23.493896]},"geometry":{"type":"Polygon","coordinates":[[[120.431703,23.49393],[120.431761,23.493751],[120.432543,23.493815],[120.432523,23.494014],[120.431993,23.493971],[120.431703,23.49393]]]}},{"type":"Feature","id":"w547911326","properties":{"kind":"green","category":"village_green","name":null,"area_m2":5652.0,"centroid":[120.434036,23.494457]},"geometry":{"type":"Polygon","coordinates":[[[120.432716,23.494449],[120.432674,23.494397],[120.432692,23.49428],[120.432794,23.494241],[120.43504,23.494454],[120.435108,23.49449],[120.435121,23.494519],[120.435116,23.494624],[120.435061,23.494657],[120.432716,23.494449]]]}},{"type":"Feature","id":"w547911327","properties":{"kind":"green","category":"village_green","name":null,"area_m2":2179.6,"centroid":[120.433192,23.493981]},"geometry":{"type":"Polygon","coordinates":[[[120.432731,23.494021],[120.432708,23.49398],[120.43271,23.493875],[120.432763,23.493832],[120.433634,23.493906],[120.433678,23.493945],[120.433684,23.494028],[120.433634,23.494079],[120.433579,23.494105],[120.432796,23.494043],[120.432731,23.494021]]]}},{"type":"Feature","id":"w547911328","properties":{"kind":"green","category":"village_green","name":null,"area_m2":3074.7,"centroid":[120.434507,23.494083]},"geometry":{"type":"Polygon","coordinates":[[[120.43389,23.494126],[120.43384,23.494059],[120.433845,23.493959],[120.433924,23.493928],[120.435142,23.494031],[120.435176,23.494088],[120.43515,23.494229],[120.435087,23.494244],[120.43389,23.494126]]]}},{"type":"Feature","id":"w547911329","properties":{"kind":"green","category":"village_green","name":null,"area_m2":6617.8,"centroid":[120.436801,23.494292]},"geometry":{"type":"Polygon","coordinates":[[[120.435413,23.49427],[120.435351,23.494222],[120.435361,23.494117],[120.435447,23.494064],[120.436047,23.494119],[120.438053,23.494296],[120.438119,23.494339],[120.438111,23.494471],[120.438077,23.494507],[120.438027,23.494516],[120.435413,23.49427]]]}},{"type":"Feature","id":"w547911330","properties":{"kind":"green","category":"village_green","name":null,"area_m2":6049.1,"centroid":[120.436667,23.494705]},"geometry":{"type":"Polygon","coordinates":[[[120.435324,23.494679],[120.435278,23.494655],[120.435291,23.494538],[120.435335,23.494483],[120.43552,23.494495],[120.437986,23.494734],[120.438056,23.494763],[120.438072,23.494801],[120.438056,23.494899],[120.437978,23.494928],[120.436436,23.494775],[120.435324,23.494679]]]}},{"type":"Feature","id":"w547911331","properties":{"kind":"green","category":"village_green","name":null,"area_m2":3415.3,"centroid":[120.439134,23.49494]},"geometry":{"type":"Polygon","coordinates":[[[120.438338,23.494916],[120.438338,23.494818],[120.438379,23.494782],[120.438463,23.49477],[120.439882,23.494921],[120.439924,23.494973],[120.439911,23.495057],[120.439872,23.495088],[120.43983,23.495107],[120.4384,23.494964],[120.438338,23.494916]]]}},{"type":"Feature","id":"w547911332","properties":{"kind":"green","category":"village_green","name":null,"area_m2":3973.2,"centroid":[120.439168,23.494519]},"geometry":{"type":"Polygon","coordinates":[[[120.438419,23.494555],[120.438374,23.494528],[120.438377,23.494435],[120.438424,23.49437],[120.438502,23.494344],[120.439919,23.494471],[120.439976,23.494509],[120.439963,23.494617],[120.439929,23.494667],[120.439793,23.494696],[120.438419,23.494555]]]}},{"type":"Feature","id":"w547911333","properties":{"kind":"green","category":"village_green","name":null,"area_m2":5017.3,"centroid":[120.440918,23.494675]},"geometry":{"type":"Polygon","coordinates":[[[120.440169,23.494715],[120.440127,23.494684],[120.440122,23.494583],[120.440156,23.494504],[120.440203,23.494497],[120.440592,23.494538],[120.442118,23.494691],[120.442165,23.494736],[120.442149,23.494844],[120.442039,23.494893],[120.440253,23.494739],[120.440169,23.494715]]]}},{"type":"Feature","id":"w547911334","properties":{"kind":"green","category":"village_green","name":null,"area_m2":4498.9,"centroid":[120.441161,23.495138]},"geometry":{"type":"Polygon","coordinates":[[[120.44012,23.495143],[120.440067,23.495103],[120.440073,23.495024],[120.440088,23.494959],[120.440156,23.494942],[120.442011,23.495114],[120.442068,23.495148],[120.442082,23.495179],[120.442082,23.495237],[120.442068,23.49527],[120.442011,23.495308],[120.441111,23.495234],[120.44012,23.495143]]]}},{"type":"Feature","id":"w547911335","properties":{"kind":"green","category":"village_green","name":null,"area_m2":2964.8,"centroid":[120.442867,23.49487]},"geometry":{"type":"Polygon","coordinates":[[[120.44355,23.495042],[120.443582,23.495023],[120.443576,23.494947],[120.443482,23.494872],[120.44337,23.494813],[120.4424,23.494717],[120.44234,23.494731],[120.442301,23.494765],[120.442288,23.494839],[120.44229,23.494889],[120.442353,23.494932],[120.44355,23.495042]]]}},{"type":"Feature","id":"w547911336","properties":{"kind":"green","category":"village_green","name":null,"area_m2":2387.7,"centroid":[120.443098,23.49532]},"geometry":{"type":"Polygon","coordinates":[[[120.442324,23.495332],[120.442308,23.495157],[120.443472,23.495258],[120.44354,23.495322],[120.443508,23.495418],[120.443438,23.495435],[120.442324,23.495332]]]}},{"type":"Feature","id":"w547938492","properties":{"kind":"building","category":"school","name":"莊敬樓","area_m2":1346.9,"centroid":[120.465836,23.472052]},"geometry":{"type":"Polygon","coordinates":[[[120.465371,23.471873],[120.465427,23.471766],[120.466302,23.472232],[120.466243,23.472337],[120.465371,23.471873]]]}},{"type":"Feature","id":"w547938495","properties":{"kind":"building","category":"school","name":"行政大樓","area_m2":1616.2,"centroid":[120.465605,23.472362]},"geometry":{"type":"Polygon","coordinates":[[[120.466038,23.472516],[120.465721,23.47235],[120.465733,23.472329],[120.465698,23.47231],[120.465712,23.472296],[120.465611,23.472235],[120.465596,23.472251],[120.465576,23.47224],[120.465549,23.472256],[120.465282,23.472112],[120.465231,23.472185],[120.465265,23.472199],[120.465219,23.472258],[120.465473,23.472384],[120.465443,23.472434],[120.465516,23.472498],[120.46561,23.472506],[120.465631,23.472477],[120.465891,23.472611],[120.465921,23.472561],[120.46599,23.47259],[120.466038,23.472516]]]}},{"type":"Feature","id":"w547938505","properties":{"kind":"building","category":"school","name":"中興樓","area_m2":1464.5,"centroid":[120.46598,23.471803]},"geometry":{"type":"Polygon","coordinates":[[[120.465533,23.471633],[120.465604,23.471516],[120.466432,23.471974],[120.466351,23.472088],[120.465533,23.471633]]]}},{"type":"Feature","id":"w548083736","properties":{"kind":"building","category":"apartments","name":null,"area_m2":1114.2,"centroid":[120.4603,23.490565]},"geometry":{"type":"Polygon","coordinates":[[[120.460178,23.490774],[120.460407,23.490787],[120.460421,23.490354],[120.460192,23.490346],[120.460178,23.490774]]]}},{"type":"Feature","id":"w548083737","properties":{"kind":"building","category":"apartments","name":null,"area_m2":351.6,"centroid":[120.460542,23.490338]},"geometry":{"type":"Polygon","coordinates":[[[120.460463,23.490436],[120.460458,23.490243],[120.460622,23.490243],[120.460626,23.490431],[120.460463,23.490436]]]}},{"type":"Feature","id":"w548083738","properties":{"kind":"building","category":"apartments","name":null,"area_m2":375.5,"centroid":[120.460794,23.490319]},"geometry":{"type":"Polygon","coordinates":[[[120.46071,23.49041],[120.460696,23.490234],[120.460883,23.490222],[120.460888,23.49041],[120.46071,23.49041]]]}},{"type":"Feature","id":"w548083739","properties":{"kind":"building","category":"apartments","name":null,"area_m2":366.0,"centroid":[120.461028,23.49029]},"geometry":{"type":"Polygon","coordinates":[[[120.460953,23.490384],[120.460934,23.490196],[120.461107,23.490192],[120.461117,23.490389],[120.460953,23.490384]]]}},{"type":"Feature","id":"w548083740","properties":{"kind":"building","category":"apartments","name":null,"area_m2":835.3,"centroid":[120.461343,23.490346]},"geometry":{"type":"Polygon","coordinates":[[[120.461182,23.490204],[120.461383,23.490157],[120.461509,23.490483],[120.461299,23.490538],[120.461182,23.490204]]]}},{"type":"Feature","id":"w549540264","properties":{"kind":"building","category":"government","name":null,"area_m2":288.2,"centroid":[120.447432,23.481052]},"geometry":{"type":"Polygon","coordinates":[[[120.447394,23.480985],[120.447419,23.480977],[120.447421,23.48094],[120.447466,23.480954],[120.447498,23.480978],[120.447524,23.481011],[120.447533,23.48106],[120.447511,23.481064],[120.447506,23.481112],[120.447484,23.48111],[120.44748,23.481168],[120.447412,23.481167],[120.447414,23.481115],[120.447393,23.481108],[120.447375,23.481096],[120.447362,23.481079],[120.447354,23.48106],[120.447353,23.48104],[120.447359,23.48102],[120.447373,23.480999],[120.447394,23.480985]]]}},{"type":"Feature","id":"w550543654","properties":{"kind":"building","category":"apartments","name":"東坡居","area_m2":979.9,"centroid":[120.457704,23.492099]},"geometry":{"type":"Polygon","coordinates":[[[120.4575,23.492149],[120.457783,23.492282],[120.457942,23.492022],[120.457592,23.491944],[120.4575,23.492149]]]}},{"type":"Feature","id":"w550630441","properties":{"kind":"building","category":"yes","name":null,"area_m2":1692.9,"centroid":[120.464303,23.486451]},"geometry":{"type":"Polygon","coordinates":[[[120.464164,23.486692],[120.464375,23.486719],[120.464387,23.486644],[120.46444,23.48665],[120.464495,23.486293],[120.464412,23.486282],[120.464424,23.486209],[120.464256,23.486187],[120.464244,23.486262],[120.464162,23.486251],[120.464107,23.486604],[120.464176,23.486613],[120.464164,23.486692]]]}},{"type":"Feature","id":"w550809979","properties":{"kind":"green","category":"forest","name":null,"area_m2":7924.6,"centroid":[120.447058,23.490394]},"geometry":{"type":"Polygon","coordinates":[[[120.446895,23.491018],[120.447254,23.4906],[120.447404,23.490423],[120.447554,23.490295],[120.447538,23.490039],[120.447434,23.489734],[120.446801,23.48968],[120.446777,23.490113],[120.4469,23.490374],[120.44682,23.490497],[120.446771,23.490551],[120.446783,23.490852],[120.446826,23.490943],[120.446895,23.491018]]]}},{"type":"Feature","id":"w551802261","properties":{"kind":"building","category":"apartments","name":"林園豪景","area_m2":619.9,"centroid":[120.465851,23.479914]},"geometry":{"type":"Polygon","coordinates":[[[120.46565,23.479956],[120.466028,23.480015],[120.466051,23.47987],[120.465674,23.479817],[120.46565,23.479956]]]}},{"type":"Feature","id":"w551802262","properties":{"kind":"building","category":"apartments","name":"林園豪景","area_m2":565.0,"centroid":[120.466213,23.479964]},"geometry":{"type":"Polygon","coordinates":[[[120.466028,23.480015],[120.466376,23.480055],[120.466397,23.479917],[120.466051,23.47987],[120.466028,23.480015]]]}},{"type":"Feature","id":"w551802263","properties":{"kind":"building","category":"temple","name":"天龍禪寺","area_m2":1326.7,"centroid":[120.466404,23.47909]},"geometry":{"type":"Polygon","coordinates":[[[120.466325,23.47938],[120.466479,23.479347],[120.46645,23.479228],[120.466573,23.479194],[120.466512,23.478908],[120.466409,23.478927],[120.466389,23.478834],[120.466227,23.478871],[120.466275,23.47912],[120.466325,23.47938]]]}},{"type":"Feature","id":"w551813243","properties":{"kind":"building","category":"school","name":"樹人堂","area_m2":1990.8,"centroid":[120.46559,23.477571]},"geometry":{"type":"Polygon","coordinates":[[[120.465435,23.477764],[120.46548,23.477768],[120.465477,23.477793],[120.465719,23.477823],[120.465721,23.477798],[120.465788,23.477806],[120.465844,23.477396],[120.4658,23.477391],[120.465804,23.477355],[120.465561,23.477322],[120.465558,23.477348],[120.465491,23.477343],[120.465484,23.477408],[120.465441,23.477404],[120.465399,23.477708],[120.465442,23.477713],[120.465435,23.477764]]]}},{"type":"Feature","id":"w551813245","properties":{"kind":"building","category":"school","name":"音樂館","area_m2":1231.8,"centroid":[120.464281,23.477902]},"geometry":{"type":"Polygon","coordinates":[[[120.464084,23.478003],[120.464403,23.47803],[120.464406,23.478013],[120.464446,23.478016],[120.464451,23.477995],[120.464469,23.477997],[120.464492,23.477811],[120.464469,23.477809],[120.46447,23.477798],[120.464426,23.477796],[120.464429,23.477769],[120.464122,23.477741],[120.464118,23.477764],[120.464058,23.477768],[120.464028,23.477975],[120.464048,23.477974],[120.464047,23.477984],[120.464085,23.477985],[120.464084,23.478003]]]}},{"type":"Feature","id":"w551813256","properties":{"kind":"building","category":"school","name":"室內體育館","area_m2":1168.8,"centroid":[120.464398,23.477063]},"geometry":{"type":"Polygon","coordinates":[[[120.464148,23.477168],[120.464198,23.477172],[120.464517,23.477196],[120.464533,23.477196],[120.464541,23.477197],[120.464574,23.476965],[120.464557,23.476957],[120.464528,23.476938],[120.464208,23.476905],[120.464172,23.476934],[120.464148,23.477168]]]}},{"type":"Feature","id":"w551813272","properties":{"kind":"green","category":"grass","name":null,"area_m2":5354.6,"centroid":[120.463968,23.478701]},"geometry":{"type":"Polygon","coordinates":[[[120.463803,23.479153],[120.463824,23.479166],[120.463846,23.479176],[120.463878,23.479187],[120.463913,23.479192],[120.463954,23.479191],[120.464001,23.479185],[120.464041,23.479172],[120.464068,23.47916],[120.464098,23.479139],[120.464124,23.479114],[120.464151,23.479079],[120.464168,23.479046],[120.464183,23.478996],[120.464257,23.478326],[120.464253,23.478273],[120.464243,23.478245],[120.464227,23.478214],[120.464207,23.47819],[120.464184,23.478166],[120.46415,23.478142],[120.464118,23.478127],[120.464089,23.478122],[120.464058,23.47812],[120.464013,23.478119],[120.463966,23.478125],[120.463919,23.478139],[120.463877,23.478165],[120.463841,23.478198],[120.463811,23.478234],[120.463791,23.478268],[120.463778,23.478304],[120.4637,23.478975],[120.4637,23.479013],[120.463709,23.479049],[120.463723,23.479076],[120.46374,23.479097],[120.463753,23.479114],[120.463771,23.47913],[120.463786,23.479141],[120.463803,23.479153]]]}},{"type":"Feature","id":"w551813274","properties":{"kind":"building","category":"school","name":"資優大樓","area_m2":594.5,"centroid":[120.465436,23.479716]},"geometry":{"type":"Polygon","coordinates":[[[120.465328,23.479889],[120.465423,23.479901],[120.465427,23.479875],[120.4655,23.479885],[120.465536,23.479601],[120.465472,23.479594],[120.465474,23.479564],[120.465395,23.479557],[120.465373,23.479579],[120.465328,23.479889]]]}},{"type":"Feature","id":"w551813276","properties":{"kind":"building","category":"dormitory","name":"陽明學苑","area_m2":1371.0,"centroid":[120.46498,23.479565]},"geometry":{"type":"Polygon","coordinates":[[[120.464621,23.479667],[120.465267,23.479742],[120.465293,23.479567],[120.465091,23.479546],[120.465099,23.479489],[120.464916,23.479471],[120.464909,23.479532],[120.464644,23.479506],[120.464621,23.479667]]]}},{"type":"Feature","id":"w551813277","properties":{"kind":"building","category":"school","name":"懷恩樓","area_m2":1178.0,"centroid":[120.465012,23.479297]},"geometry":{"type":"Polygon","coordinates":[[[120.465475,23.479419],[120.464628,23.479333],[120.464647,23.479205],[120.46482,23.479225],[120.46549,23.479304],[120.465475,23.479419]]]}},{"type":"Feature","id":"w551813278","properties":{"kind":"building","category":"school","name":"旭陵樓","area_m2":1299.3,"centroid":[120.464728,23.478878]},"geometry":{"type":"Polygon","coordinates":[[[120.464739,23.47856],[120.464929,23.478575],[120.464901,23.478776],[120.464889,23.478868],[120.464873,23.47899],[120.464851,23.479155],[120.464832,23.479153],[120.464659,23.479138],[120.464662,23.479114],[120.464666,23.479086],[120.464694,23.478876],[120.464676,23.478872],[120.464663,23.478863],[120.464659,23.478852],[120.464659,23.478842],[120.464659,23.478833],[120.464659,23.47883],[120.46466,23.478821],[120.464664,23.478811],[120.464669,23.478804],[120.464678,23.478796],[120.464687,23.47879],[120.464705,23.478788],[120.464739,23.47856]]]}},{"type":"Feature","id":"w551813279","properties":{"kind":"building","category":"school","name":"樸毅樓","area_m2":1016.5,"centroid":[120.465544,23.478953]},"geometry":{"type":"Polygon","coordinates":[[[120.465452,23.479252],[120.465594,23.479266],[120.465687,23.478654],[120.465539,23.478636],[120.46551,23.478844],[120.46548,23.479065],[120.465452,23.479252]]]}},{"type":"Feature","id":"w551813280","properties":{"kind":"building","category":"school","name":"宏觀樓","area_m2":597.3,"centroid":[120.465292,23.478511]},"geometry":{"type":"Polygon","coordinates":[[[120.464927,23.478539],[120.464952,23.478545],[120.464965,23.478433],[120.465608,23.478503],[120.465591,23.478613],[120.465663,23.47863],[120.465681,23.478458],[120.464947,23.47837],[120.464927,23.478539]]]}},{"type":"Feature","id":"w551813281","properties":{"kind":"building","category":"school","name":"進修學校","area_m2":852.9,"centroid":[120.46526,23.478256]},"geometry":{"type":"Polygon","coordinates":[[[120.465005,23.478287],[120.465488,23.478345],[120.465495,23.478295],[120.465547,23.478301],[120.46556,23.478213],[120.464993,23.478144],[120.464981,23.478229],[120.465013,23.478233],[120.465005,23.478287]]]}},{"type":"Feature","id":"w551813282","properties":{"kind":"building","category":"school","name":"嘉義高中圖書館","area_m2":847.6,"centroid":[120.465279,23.478022]},"geometry":{"type":"Polygon","coordinates":[[[120.465089,23.478097],[120.465175,23.478106],[120.465195,23.478108],[120.465198,23.478077],[120.465234,23.478081],[120.46523,23.478128],[120.465273,23.478131],[120.465278,23.478085],[120.465371,23.478092],[120.465368,23.478117],[120.465475,23.478128],[120.465495,23.477964],[120.465453,23.47796],[120.465458,23.477919],[120.46538,23.47791],[120.465239,23.477905],[120.465241,23.477894],[120.465158,23.477885],[120.465154,23.477927],[120.46511,23.477922],[120.465089,23.478097]]]}},{"type":"Feature","id":"w551813284","properties":{"kind":"building","category":"school","name":"陶藝館","area_m2":271.8,"centroid":[120.464944,23.477925]},"geometry":{"type":"Polygon","coordinates":[[[120.46486,23.477998],[120.465004,23.478014],[120.46503,23.47785],[120.464883,23.477836],[120.46486,23.477998]]]}},{"type":"Feature","id":"w551813286","properties":{"kind":"building","category":"school","name":"生活科技館","area_m2":766.8,"centroid":[120.464177,23.479529]},"geometry":{"type":"Polygon","coordinates":[[[120.464031,23.479757],[120.464231,23.47978],[120.46428,23.479427],[120.464259,23.479424],[120.464186,23.479415],[120.46418,23.479455],[120.464071,23.479446],[120.464031,23.479757]]]}},{"type":"Feature","id":"w551813288","properties":{"kind":"building","category":"school","name":"美術館","area_m2":729.0,"centroid":[120.464506,23.479672]},"geometry":{"type":"Polygon","coordinates":[[[120.464306,23.47979],[120.464586,23.479822],[120.464592,23.47979],[120.464601,23.479733],[120.464606,23.479695],[120.464524,23.479684],[120.464522,23.479667],[120.464514,23.479656],[120.464508,23.479651],[120.464504,23.479647],[120.464492,23.47964],[120.464479,23.479637],[120.4645,23.479511],[120.464346,23.47949],[120.464306,23.47979]]]}},{"type":"Feature","id":"w551813291","properties":{"kind":"building","category":"school","name":"科學館","area_m2":1279.3,"centroid":[120.463767,23.479483]},"geometry":{"type":"Polygon","coordinates":[[[120.463488,23.479663],[120.463986,23.479718],[120.464027,23.479458],[120.463977,23.479426],[120.463973,23.479403],[120.463936,23.479421],[120.46393,23.479408],[120.463907,23.479394],[120.463886,23.479388],[120.463859,23.479389],[120.463834,23.479397],[120.463815,23.479418],[120.463799,23.479447],[120.463791,23.479479],[120.4638,23.479511],[120.463823,23.479539],[120.463561,23.4795],[120.463518,23.479495],[120.463513,23.47953],[120.463484,23.479526],[120.463482,23.479555],[120.463496,23.479556],[120.463488,23.479663]]]}},{"type":"Feature","id":"w551818962","properties":{"kind":"building","category":"apartments","name":"歐洲宮廷","area_m2":275.5,"centroid":[120.465187,23.484383]},"geometry":{"type":"Polygon","coordinates":[[[120.465078,23.484439],[120.465293,23.484441],[120.465295,23.484328],[120.46508,23.484325],[120.465078,23.484439]]]}},{"type":"Feature","id":"w551822975","properties":{"kind":"building","category":"apartments","name":"經國新城","area_m2":653.1,"centroid":[120.444346,23.468985]},"geometry":{"type":"Polygon","coordinates":[[[120.44448,23.468854],[120.444214,23.46884],[120.444209,23.468927],[120.444272,23.46893],[120.444271,23.468942],[120.444307,23.468944],[120.444303,23.46902],[120.444272,23.469019],[120.444271,23.46903],[120.444202,23.469027],[120.444197,23.469117],[120.444463,23.469131],[120.444469,23.469037],[120.44443,23.469035],[120.444431,23.469026],[120.444386,23.469024],[120.44439,23.468953],[120.444434,23.468955],[120.444435,23.468939],[120.444475,23.468941],[120.44448,23.468854]]]}},{"type":"Feature","id":"w551822987","properties":{"kind":"building","category":"apartments","name":"經國新城","area_m2":655.5,"centroid":[120.444673,23.46902]},"geometry":{"type":"Polygon","coordinates":[[[120.444808,23.468889],[120.444542,23.468876],[120.444537,23.468963],[120.4446,23.468966],[120.444599,23.468978],[120.444635,23.468979],[120.444631,23.469056],[120.4446,23.469054],[120.444599,23.469066],[120.44453,23.469062],[120.444524,23.469153],[120.444791,23.469167],[120.444797,23.469073],[120.444758,23.469071],[120.444759,23.469061],[120.444714,23.469059],[120.444718,23.468988],[120.444762,23.46899],[120.444763,23.468975],[120.444803,23.468977],[120.444808,23.468889]]]}},{"type":"Feature","id":"w551822997","properties":{"kind":"building","category":"apartments","name":"經國新城","area_m2":653.5,"centroid":[120.444998,23.469078]},"geometry":{"type":"Polygon","coordinates":[[[120.445133,23.468947],[120.444867,23.468934],[120.444862,23.469021],[120.444925,23.469024],[120.444924,23.469036],[120.44496,23.469037],[120.444956,23.469114],[120.444925,23.469112],[120.444924,23.469124],[120.444855,23.46912],[120.444849,23.469211],[120.445116,23.469224],[120.445122,23.469131],[120.445083,23.469129],[120.445084,23.469119],[120.445039,23.469117],[120.445043,23.469046],[120.445087,23.469048],[120.445088,23.469033],[120.445127,23.469035],[120.445133,23.468947]]]}},{"type":"Feature","id":"w551823008","properties":{"kind":"building","category":"apartments","name":"R棟","area_m2":653.8,"centroid":[120.445033,23.468753]},"geometry":{"type":"Polygon","coordinates":[[[120.445167,23.468622],[120.444901,23.468609],[120.444896,23.468696],[120.444959,23.468699],[120.444958,23.468711],[120.444994,23.468712],[120.44499,23.468789],[120.444959,23.468787],[120.444958,23.468798],[120.444889,23.468795],[120.444884,23.468886],[120.44515,23.468899],[120.445156,23.468806],[120.445117,23.468804],[120.445118,23.468794],[120.445073,23.468792],[120.445077,23.468721],[120.445121,23.468723],[120.445122,23.468708],[120.445162,23.46871],[120.445167,23.468622]]]}},{"type":"Feature","id":"w551823017","properties":{"kind":"building","category":"apartments","name":"經國新城","area_m2":652.6,"centroid":[120.445531,23.468777]},"geometry":{"type":"Polygon","coordinates":[[[120.445666,23.468646],[120.4454,23.468633],[120.445395,23.46872],[120.445458,23.468723],[120.445457,23.468735],[120.445493,23.468736],[120.445489,23.468813],[120.445458,23.468811],[120.445457,23.468823],[120.445388,23.468819],[120.445382,23.46891],[120.445649,23.468923],[120.445654,23.46883],[120.445616,23.468828],[120.445617,23.468818],[120.445571,23.468816],[120.445576,23.468745],[120.44562,23.468747],[120.445621,23.468732],[120.44566,23.468734],[120.445666,23.468646]]]}},{"type":"Feature","id":"w551823024","properties":{"kind":"building","category":"apartments","name":"經國新城","area_m2":653.0,"centroid":[120.445941,23.468831]},"geometry":{"type":"Polygon","coordinates":[[[120.446075,23.4687],[120.44581,23.468687],[120.445804,23.468774],[120.445867,23.468777],[120.445867,23.468788],[120.445903,23.46879],[120.445898,23.468867],[120.445867,23.468865],[120.445867,23.468877],[120.445797,23.468873],[120.445792,23.468964],[120.446059,23.468977],[120.446064,23.468884],[120.446026,23.468882],[120.446026,23.468872],[120.445981,23.46887],[120.445986,23.468799],[120.44603,23.468801],[120.446031,23.468785],[120.44607,23.468788],[120.446075,23.4687]]]}},{"type":"Feature","id":"w551823034","properties":{"kind":"building","category":"apartments","name":"M棟","area_m2":654.4,"centroid":[120.445892,23.469427]},"geometry":{"type":"Polygon","coordinates":[[[120.446026,23.469296],[120.44576,23.469282],[120.445755,23.469369],[120.445818,23.469373],[120.445817,23.469384],[120.445854,23.469386],[120.445849,23.469462],[120.445818,23.469461],[120.445817,23.469472],[120.445748,23.469469],[120.445743,23.46956],[120.446009,23.469573],[120.446015,23.46948],[120.445977,23.469478],[120.445977,23.469468],[120.445932,23.469466],[120.445936,23.469395],[120.445981,23.469397],[120.445981,23.469382],[120.446021,23.469383],[120.446026,23.469296]]]}},{"type":"Feature","id":"w551823042","properties":{"kind":"building","category":"apartments","name":"經國新城","area_m2":652.8,"centroid":[120.445439,23.469642]},"geometry":{"type":"Polygon","coordinates":[[[120.445573,23.469511],[120.445307,23.469497],[120.445302,23.469584],[120.445365,23.469587],[120.445364,23.469599],[120.445401,23.469601],[120.445396,23.469677],[120.445365,23.469676],[120.445364,23.469687],[120.445295,23.469684],[120.44529,23.469774],[120.445556,23.469788],[120.445562,23.469694],[120.445524,23.469692],[120.445524,23.469683],[120.445479,23.469681],[120.445483,23.46961],[120.445528,23.469612],[120.445528,23.469596],[120.445568,23.469598],[120.445573,23.469511]]]}},{"type":"Feature","id":"w551823051","properties":{"kind":"building","category":"apartments","name":"經國新城","area_m2":654.4,"centroid":[120.445393,23.470095]},"geometry":{"type":"Polygon","coordinates":[[[120.445527,23.469964],[120.445261,23.469951],[120.445256,23.470038],[120.445319,23.470041],[120.445318,23.470053],[120.445355,23.470055],[120.44535,23.470131],[120.445319,23.470129],[120.445318,23.470141],[120.445249,23.470137],[120.445244,23.470228],[120.44551,23.470242],[120.445516,23.470148],[120.445477,23.470146],[120.445478,23.470137],[120.445433,23.470134],[120.445437,23.470063],[120.445481,23.470065],[120.445482,23.47005],[120.445522,23.470052],[120.445527,23.469964]]]}},{"type":"Feature","id":"w551823060","properties":{"kind":"building","category":"apartments","name":"J棟","area_m2":654.7,"centroid":[120.445733,23.470129]},"geometry":{"type":"Polygon","coordinates":[[[120.445868,23.469998],[120.445602,23.469985],[120.445597,23.470072],[120.44566,23.470075],[120.445659,23.470087],[120.445695,23.470089],[120.44569,23.470165],[120.44566,23.470163],[120.445659,23.470175],[120.44559,23.470171],[120.445584,23.470262],[120.445851,23.470276],[120.445856,23.470182],[120.445818,23.47018],[120.445819,23.47017],[120.445773,23.470168],[120.445778,23.470097],[120.445822,23.470099],[120.445823,23.470084],[120.445862,23.470086],[120.445868,23.469998]]]}},{"type":"Feature","id":"w551823068","properties":{"kind":"building","category":"apartments","name":"經國新城","area_m2":654.4,"centroid":[120.446058,23.47016]},"geometry":{"type":"Polygon","coordinates":[[[120.446193,23.470029],[120.445927,23.470016],[120.445922,23.470103],[120.445985,23.470106],[120.445984,23.470118],[120.44602,23.47012],[120.446016,23.470196],[120.445985,23.470194],[120.445984,23.470206],[120.445915,23.470202],[120.445909,23.470293],[120.446176,23.470307],[120.446181,23.470213],[120.446143,23.470211],[120.446144,23.470202],[120.446099,23.470199],[120.446103,23.470128],[120.446147,23.47013],[120.446148,23.470115],[120.446187,23.470117],[120.446193,23.470029]]]}},{"type":"Feature","id":"w551823097","properties":{"kind":"building","category":"apartments","name":"經國新城","area_m2":654.3,"centroid":[120.441648,23.469255]},"geometry":{"type":"Polygon","coordinates":[[[120.441783,23.469124],[120.441517,23.46911],[120.441512,23.469197],[120.441575,23.469201],[120.441574,23.469212],[120.44161,23.469214],[120.441605,23.46929],[120.441574,23.469289],[120.441574,23.4693],[120.441505,23.469297],[120.441499,23.469388],[120.441766,23.469401],[120.441771,23.469307],[120.441733,23.469306],[120.441733,23.469296],[120.441688,23.469294],[120.441693,23.469223],[120.441737,23.469225],[120.441738,23.469209],[120.441777,23.469211],[120.441783,23.469124]]]}},{"type":"Feature","id":"w551823104","properties":{"kind":"building","category":"apartments","name":"F棟","area_m2":654.5,"centroid":[120.442071,23.469288]},"geometry":{"type":"Polygon","coordinates":[[[120.442205,23.469157],[120.44194,23.469144],[120.441934,23.469231],[120.441997,23.469234],[120.441997,23.469246],[120.442033,23.469248],[120.442028,23.469324],[120.441997,23.469322],[120.441997,23.469334],[120.441927,23.46933],[120.441922,23.469421],[120.442189,23.469435],[120.442194,23.469341],[120.442156,23.469339],[120.442156,23.46933],[120.442111,23.469327],[120.442115,23.469256],[120.44216,23.469258],[120.442161,23.469243],[120.4422,23.469245],[120.442205,23.469157]]]}},{"type":"Feature","id":"w551823111","properties":{"kind":"building","category":"apartments","name":"經國新城","area_m2":653.6,"centroid":[120.442534,23.469333]},"geometry":{"type":"Polygon","coordinates":[[[120.442669,23.469202],[120.442403,23.469189],[120.442398,23.469276],[120.442461,23.469279],[120.44246,23.469291],[120.442496,23.469293],[120.442492,23.469369],[120.442461,23.469367],[120.44246,23.469379],[120.442391,23.469375],[120.442385,23.469466],[120.442652,23.469479],[120.442658,23.469386],[120.442619,23.469384],[120.44262,23.469374],[120.442575,23.469372],[120.442579,23.469301],[120.442623,23.469303],[120.442624,23.469288],[120.442663,23.46929],[120.442669,23.469202]]]}},{"type":"Feature","id":"w551823119","properties":{"kind":"building","category":"apartments","name":"經國新城","area_m2":654.5,"centroid":[120.442587,23.468856]},"geometry":{"type":"Polygon","coordinates":[[[120.442722,23.468725],[120.442456,23.468711],[120.442451,23.468798],[120.442514,23.468802],[120.442513,23.468813],[120.442549,23.468815],[120.442545,23.468891],[120.442514,23.46889],[120.442513,23.468901],[120.442444,23.468898],[120.442438,23.468989],[120.442705,23.469002],[120.44271,23.468908],[120.442672,23.468906],[120.442673,23.468897],[120.442628,23.468895],[120.442632,23.468824],[120.442676,23.468826],[120.442677,23.46881],[120.442716,23.468812],[120.442722,23.468725]]]}},{"type":"Feature","id":"w551823126","properties":{"kind":"building","category":"apartments","name":"經國新城","area_m2":654.2,"centroid":[120.442608,23.468513]},"geometry":{"type":"Polygon","coordinates":[[[120.442742,23.468382],[120.442476,23.468368],[120.442471,23.468455],[120.442534,23.468459],[120.442533,23.46847],[120.44257,23.468472],[120.442565,23.468548],[120.442534,23.468547],[120.442533,23.468558],[120.442464,23.468555],[120.442459,23.468646],[120.442725,23.468659],[120.442731,23.468565],[120.442692,23.468563],[120.442693,23.468554],[120.442648,23.468552],[120.442652,23.46848],[120.442696,23.468483],[120.442697,23.468467],[120.442737,23.468469],[120.442742,23.468382]]]}},{"type":"Feature","id":"w551823133","properties":{"kind":"building","category":"apartments","name":"P棟","area_m2":654.5,"centroid":[120.442145,23.468833]},"geometry":{"type":"Polygon","coordinates":[[[120.44228,23.468702],[120.442014,23.468688],[120.442009,23.468775],[120.442072,23.468779],[120.442071,23.46879],[120.442107,23.468792],[120.442103,23.468868],[120.442072,23.468867],[120.442071,23.468878],[120.442002,23.468875],[120.441996,23.468966],[120.442263,23.468979],[120.442268,23.468885],[120.44223,23.468884],[120.442231,23.468874],[120.442186,23.468872],[120.44219,23.468801],[120.442234,23.468803],[120.442235,23.468788],[120.442274,23.468789],[120.44228,23.468702]]]}},{"type":"Feature","id":"w551823140","properties":{"kind":"building","category":"apartments","name":"經國新城","area_m2":653.6,"centroid":[120.442175,23.468483]},"geometry":{"type":"Polygon","coordinates":[[[120.44231,23.468352],[120.442044,23.468339],[120.442039,23.468425],[120.442102,23.468429],[120.442101,23.46844],[120.442137,23.468442],[120.442133,23.468518],[120.442102,23.468517],[120.442101,23.468528],[120.442032,23.468525],[120.442026,23.468616],[120.442293,23.468629],[120.442299,23.468536],[120.44226,23.468534],[120.442261,23.468524],[120.442216,23.468522],[120.44222,23.468451],[120.442264,23.468453],[120.442265,23.468437],[120.442305,23.468439],[120.44231,23.468352]]]}},{"type":"Feature","id":"w551823146","properties":{"kind":"building","category":"apartments","name":"經國新城","area_m2":654.4,"centroid":[120.441713,23.468441]},"geometry":{"type":"Polygon","coordinates":[[[120.441847,23.46831],[120.441581,23.468297],[120.441576,23.468384],[120.441639,23.468387],[120.441638,23.468399],[120.441675,23.468401],[120.44167,23.468477],[120.441639,23.468475],[120.441638,23.468487],[120.441569,23.468483],[120.441564,23.468574],[120.44183,23.468588],[120.441836,23.468494],[120.441797,23.468492],[120.441798,23.468483],[120.441753,23.46848],[120.441757,23.468409],[120.441801,23.468411],[120.441802,23.468396],[120.441842,23.468398],[120.441847,23.46831]]]}},{"type":"Feature","id":"w551823152","properties":{"kind":"building","category":"apartments","name":"經國新城","area_m2":655.7,"centroid":[120.441687,23.468785]},"geometry":{"type":"Polygon","coordinates":[[[120.441821,23.468654],[120.441555,23.468641],[120.44155,23.468728],[120.441613,23.468731],[120.441612,23.468743],[120.441648,23.468745],[120.441644,23.468821],[120.441613,23.468819],[120.441612,23.468831],[120.441543,23.468827],[120.441537,23.468918],[120.441804,23.468932],[120.44181,23.468838],[120.441771,23.468836],[120.441772,23.468827],[120.441727,23.468824],[120.441731,23.468753],[120.441775,23.468756],[120.441776,23.46874],[120.441816,23.468742],[120.441821,23.468654]]]}},{"type":"Feature","id":"w551825415","properties":{"kind":"building","category":"apartments","name":"經國新城","area_m2":652.8,"centroid":[120.441738,23.467852]},"geometry":{"type":"Polygon","coordinates":[[[120.441872,23.467722],[120.441606,23.467708],[120.441601,23.467795],[120.441664,23.467798],[120.441663,23.46781],[120.441699,23.467812],[120.441695,23.467888],[120.441664,23.467887],[120.441663,23.467898],[120.441594,23.467895],[120.441589,23.467985],[120.441855,23.467999],[120.441861,23.467905],[120.441822,23.467903],[120.441823,23.467894],[120.441778,23.467892],[120.441782,23.46782],[120.441826,23.467823],[120.441827,23.467807],[120.441867,23.467809],[120.441872,23.467722]]]}},{"type":"Feature","id":"w551825416","properties":{"kind":"building","category":"apartments","name":"U棟","area_m2":652.3,"centroid":[120.442079,23.467879]},"geometry":{"type":"Polygon","coordinates":[[[120.442213,23.467748],[120.441948,23.467734],[120.441942,23.467821],[120.442005,23.467824],[120.442005,23.467836],[120.442041,23.467838],[120.442037,23.467914],[120.442005,23.467913],[120.442005,23.467924],[120.441936,23.467921],[120.44193,23.468011],[120.442197,23.468025],[120.442202,23.467931],[120.442164,23.467929],[120.442164,23.46792],[120.442119,23.467918],[120.442124,23.467847],[120.442168,23.467849],[120.442169,23.467833],[120.442208,23.467835],[120.442213,23.467748]]]}},{"type":"Feature","id":"w552057276","properties":{"kind":"green","category":"park","name":"芳草公園","area_m2":2177.8,"centroid":[120.465041,23.466657]},"geometry":{"type":"Polygon","coordinates":[[[120.464721,23.466742],[120.465231,23.466908],[120.465361,23.466572],[120.464851,23.466406],[120.464721,23.466742]]]}},{"type":"Feature","id":"w552326624","properties":{"kind":"green","category":"village_green","name":null,"area_m2":2842.1,"centroid":[120.431637,23.492361]},"geometry":{"type":"Polygon","coordinates":[[[120.43114,23.492836],[120.432391,23.491897],[120.432261,23.491763],[120.431209,23.492575],[120.431185,23.492732],[120.43114,23.492836]]]}},{"type":"Feature","id":"w552326625","properties":{"kind":"green","category":"village_green","name":null,"area_m2":2278.4,"centroid":[120.432052,23.49256]},"geometry":{"type":"Polygon","coordinates":[[[120.431374,23.492977],[120.431623,23.492981],[120.432652,23.492191],[120.432558,23.49209],[120.431374,23.492977]]]}},{"type":"Feature","id":"w552326627","properties":{"kind":"green","category":"village_green","name":null,"area_m2":4336.9,"centroid":[120.433732,23.491273]},"geometry":{"type":"Polygon","coordinates":[[[120.43279,23.492083],[120.434854,23.490518],[120.434602,23.490503],[120.432684,23.491986],[120.43279,23.492083]]]}},{"type":"Feature","id":"w552326629","properties":{"kind":"green","category":"village_green","name":null,"area_m2":4542.3,"centroid":[120.433411,23.49099]},"geometry":{"type":"Polygon","coordinates":[[[120.432505,23.491778],[120.432412,23.491669],[120.434257,23.490218],[120.43447,23.490296],[120.432505,23.491778]]]}},{"type":"Feature","id":"w552326631","properties":{"kind":"green","category":"village_green","name":null,"area_m2":1140.6,"centroid":[120.435146,23.490195]},"geometry":{"type":"Polygon","coordinates":[[[120.434988,23.490421],[120.435443,23.490071],[120.435334,23.489947],[120.434818,23.490343],[120.434988,23.490421]]]}},{"type":"Feature","id":"w552326632","properties":{"kind":"green","category":"village_green","name":null,"area_m2":1307.8,"centroid":[120.434811,23.489907]},"geometry":{"type":"Polygon","coordinates":[[[120.43457,23.490182],[120.435179,23.489717],[120.435078,23.489616],[120.434415,23.490112],[120.43457,23.490182]]]}},{"type":"Feature","id":"w552326638","properties":{"kind":"green","category":"village_green","name":null,"area_m2":2210.4,"centroid":[120.436245,23.488797]},"geometry":{"type":"Polygon","coordinates":[[[120.435704,23.489295],[120.436877,23.488396],[120.436786,23.488296],[120.435613,23.489201],[120.435704,23.489295]]]}},{"type":"Feature","id":"w552326641","properties":{"kind":"green","category":"village_green","name":null,"area_m2":2519.8,"centroid":[120.43654,23.489127]},"geometry":{"type":"Polygon","coordinates":[[[120.436001,23.489638],[120.43718,23.488728],[120.437079,23.488618],[120.435902,23.489523],[120.436001,23.489638]]]}},{"type":"Feature","id":"w552326644","properties":{"kind":"green","category":"village_green","name":null,"area_m2":2000.7,"centroid":[120.437668,23.488259]},"geometry":{"type":"Polygon","coordinates":[[[120.437336,23.488622],[120.438118,23.488032],[120.438001,23.487892],[120.437216,23.488489],[120.437336,23.488622]]]}},{"type":"Feature","id":"w552326645","properties":{"kind":"green","category":"village_green","name":null,"area_m2":1640.7,"centroid":[120.437373,23.487932]},"geometry":{"type":"Polygon","coordinates":[[[120.43706,23.488265],[120.437792,23.487717],[120.437683,23.48759],[120.436957,23.488155],[120.43706,23.488265]]]}},{"type":"Feature","id":"w552326647","properties":{"kind":"green","category":"village_green","name":null,"area_m2":2007.1,"centroid":[120.438667,23.487499]},"geometry":{"type":"Polygon","coordinates":[[[120.438323,23.487876],[120.439144,23.48724],[120.438995,23.48713],[120.438206,23.487752],[120.438323,23.487876]]]}},{"type":"Feature","id":"w552326648","properties":{"kind":"green","category":"village_green","name":null,"area_m2":1579.7,"centroid":[120.438341,23.487212]},"geometry":{"type":"Polygon","coordinates":[[[120.438026,23.487541],[120.438776,23.486984],[120.438655,23.486896],[120.437909,23.487428],[120.438026,23.487541]]]}},{"type":"Feature","id":"w552326650","properties":{"kind":"green","category":"village_green","name":null,"area_m2":3221.3,"centroid":[120.439642,23.486179]},"geometry":{"type":"Polygon","coordinates":[[[120.438939,23.486821],[120.440534,23.485575],[120.440269,23.485585],[120.438825,23.486734],[120.438939,23.486821]]]}},{"type":"Feature","id":"w552326651","properties":{"kind":"green","category":"village_green","name":null,"area_m2":3065.0,"centroid":[120.43999,23.486463]},"geometry":{"type":"Polygon","coordinates":[[[120.439324,23.487068],[120.440661,23.486042],[120.440757,23.485773],[120.439218,23.486967],[120.439324,23.487068]]]}},{"type":"Feature","id":"w552332389","properties":{"kind":"green","category":"village_green","name":null,"area_m2":4145.0,"centroid":[120.451994,23.494315]},"geometry":{"type":"Polygon","coordinates":[[[120.451713,23.495556],[120.451872,23.495675],[120.452171,23.493705],[120.452146,23.493657],[120.452081,23.493645],[120.451981,23.493651],[120.451713,23.495556]]]}},{"type":"Feature","id":"w552332394","properties":{"kind":"green","category":"playground","name":null,"area_m2":286.5,"centroid":[120.447316,23.481322]},"geometry":{"type":"Polygon","coordinates":[[[120.44725,23.481437],[120.447355,23.481443],[120.447383,23.481208],[120.447275,23.481199],[120.44725,23.481437]]]}},{"type":"Feature","id":"w552538734","properties":{"kind":"green","category":"village_green","name":null,"area_m2":4383.9,"centroid":[120.45239,23.494597]},"geometry":{"type":"Polygon","coordinates":[[[120.452124,23.495775],[120.452295,23.495828],[120.452622,23.493836],[120.452487,23.493769],[120.452424,23.493776],[120.452124,23.495775]]]}},{"type":"Feature","id":"w552553366","properties":{"kind":"building","category":"apartments","name":"D棟","area_m2":1469.3,"centroid":[120.444554,23.470471]},"geometry":{"type":"Polygon","coordinates":[[[120.444173,23.47057],[120.444183,23.470492],[120.444272,23.470501],[120.444285,23.470418],[120.444194,23.470405],[120.444205,23.470322],[120.444446,23.470347],[120.444434,23.470435],[120.444357,23.470427],[120.444347,23.470506],[120.444491,23.470521],[120.444499,23.470462],[120.444598,23.470473],[120.444591,23.470531],[120.444736,23.470547],[120.444748,23.470456],[120.444663,23.470446],[120.444675,23.470354],[120.44495,23.470384],[120.444937,23.470479],[120.444844,23.470468],[120.444834,23.470551],[120.444922,23.470561],[120.444911,23.470651],[120.444173,23.47057]]]}},{"type":"Feature","id":"w552827063","properties":{"kind":"building","category":"temple","name":"嘉義玉皇宮","area_m2":234.2,"centroid":[120.458351,23.477795]},"geometry":{"type":"Polygon","coordinates":[[[120.458234,23.477831],[120.458463,23.477851],[120.458465,23.47776],[120.458243,23.477739],[120.458234,23.477831]]]}},{"type":"Feature","id":"w553184700","properties":{"kind":"green","category":"village_green","name":null,"area_m2":2235.5,"centroid":[120.452235,23.492832]},"geometry":{"type":"Polygon","coordinates":[[[120.452019,23.493455],[120.452214,23.493494],[120.452282,23.493033],[120.452314,23.492737],[120.452322,23.492579],[120.452299,23.492535],[120.452259,23.49246],[120.452174,23.492366],[120.452019,23.493455]]]}},{"type":"Feature","id":"w553184701","properties":{"kind":"green","category":"village_green","name":null,"area_m2":1608.1,"centroid":[120.452631,23.493189]},"geometry":{"type":"Polygon","coordinates":[[[120.452446,23.493581],[120.452635,23.49365],[120.452717,23.493254],[120.452773,23.49287],[120.45275,23.492865],[120.45257,23.493009],[120.452524,23.493095],[120.452446,23.493581]]]}},{"type":"Feature","id":"w553184702","properties":{"kind":"green","category":"village_green","name":null,"area_m2":753.0,"centroid":[120.452773,23.492088]},"geometry":{"type":"Polygon","coordinates":[[[120.452826,23.492384],[120.452664,23.492192],[120.452707,23.491988],[120.452766,23.491915],[120.4529,23.491961],[120.452826,23.492384]]]}},{"type":"Feature","id":"w553184703","properties":{"kind":"green","category":"village_green","name":null,"area_m2":3554.1,"centroid":[120.452924,23.490914]},"geometry":{"type":"Polygon","coordinates":[[[120.452945,23.491805],[120.452737,23.491683],[120.452771,23.491442],[120.452859,23.490885],[120.452916,23.490597],[120.452958,23.490334],[120.453041,23.490281],[120.453165,23.490289],[120.452945,23.491805]]]}},{"type":"Feature","id":"w553184704","properties":{"kind":"green","category":"village_green","name":null,"area_m2":1566.2,"centroid":[120.452526,23.490964]},"geometry":{"type":"Polygon","coordinates":[[[120.452354,23.491341],[120.452507,23.491298],[120.452554,23.491222],[120.452614,23.490813],[120.45268,23.490426],[120.452448,23.490686],[120.452354,23.491341]]]}},{"type":"Feature","id":"w553205714","properties":{"kind":"building","category":"apartments","name":"經國新城","area_m2":1469.6,"centroid":[120.443186,23.470867]},"geometry":{"type":"Polygon","coordinates":[[[120.442805,23.470966],[120.442815,23.470889],[120.442904,23.470897],[120.442917,23.470814],[120.442826,23.470802],[120.442837,23.470718],[120.443078,23.470744],[120.443066,23.470831],[120.442989,23.470823],[120.442979,23.470902],[120.443124,23.470917],[120.443131,23.470858],[120.44323,23.470869],[120.443223,23.470927],[120.443368,23.470943],[120.44338,23.470852],[120.443295,23.470843],[120.443307,23.47075],[120.443582,23.47078],[120.44357,23.470875],[120.443477,23.470865],[120.443466,23.470947],[120.443554,23.470957],[120.443543,23.471047],[120.442805,23.470966]]]}},{"type":"Feature","id":"w553205715","properties":{"kind":"building","category":"apartments","name":"經國新城","area_m2":1473.8,"centroid":[120.443379,23.469878]},"geometry":{"type":"Polygon","coordinates":[[[120.442998,23.469977],[120.443008,23.469899],[120.443097,23.469908],[120.44311,23.469825],[120.443019,23.469812],[120.44303,23.469728],[120.44327,23.469754],[120.443259,23.469842],[120.443182,23.469834],[120.443172,23.469912],[120.443316,23.469928],[120.443324,23.469869],[120.443423,23.469879],[120.443416,23.469938],[120.443561,23.469953],[120.443572,23.469862],[120.443488,23.469853],[120.4435,23.46976],[120.443775,23.469791],[120.443762,23.469885],[120.443669,23.469875],[120.443659,23.469958],[120.443747,23.469967],[120.443735,23.470058],[120.442998,23.469977]]]}},{"type":"Feature","id":"w553205716","properties":{"kind":"building","category":"apartments","name":"經國新城","area_m2":1473.4,"centroid":[120.444578,23.469968]},"geometry":{"type":"Polygon","coordinates":[[[120.444197,23.470067],[120.444207,23.469989],[120.444296,23.469998],[120.444309,23.469915],[120.444217,23.469902],[120.444229,23.469818],[120.444469,23.469844],[120.444457,23.469932],[120.444381,23.469924],[120.444371,23.470002],[120.444515,23.470018],[120.444523,23.469959],[120.444622,23.469969],[120.444614,23.470028],[120.444759,23.470043],[120.444771,23.469952],[120.444687,23.469943],[120.444699,23.46985],[120.444974,23.469881],[120.444961,23.469975],[120.444868,23.469965],[120.444857,23.470048],[120.444946,23.470057],[120.444934,23.470148],[120.444197,23.470067]]]}},{"type":"Feature","id":"w553205717","properties":{"kind":"building","category":"apartments","name":"L棟","area_m2":1474.5,"centroid":[120.444628,23.469528]},"geometry":{"type":"Polygon","coordinates":[[[120.444283,23.469349],[120.444273,23.469427],[120.444362,23.469438],[120.444353,23.469522],[120.444261,23.469514],[120.44425,23.469598],[120.444491,23.469625],[120.444502,23.469537],[120.444425,23.469528],[120.444436,23.46945],[120.44458,23.469466],[120.444572,23.469525],[120.444671,23.469536],[120.444679,23.469478],[120.444824,23.469494],[120.444812,23.469585],[120.444727,23.469576],[120.444716,23.469668],[120.44499,23.469699],[120.445002,23.469604],[120.444909,23.469593],[120.44492,23.469511],[120.445009,23.469521],[120.44502,23.46943],[120.444283,23.469349]]]}},{"type":"Feature","id":"w553205718","properties":{"kind":"building","category":"apartments","name":"K棟","area_m2":1476.0,"centroid":[120.443433,23.469418]},"geometry":{"type":"Polygon","coordinates":[[[120.443089,23.469239],[120.443078,23.469317],[120.443167,23.469328],[120.443159,23.469411],[120.443066,23.469404],[120.443056,23.469488],[120.443296,23.469515],[120.443307,23.469427],[120.44323,23.469418],[120.443241,23.46934],[120.443385,23.469356],[120.443378,23.469415],[120.443477,23.469426],[120.443484,23.469368],[120.443629,23.469384],[120.443617,23.469475],[120.443533,23.469466],[120.443521,23.469558],[120.443795,23.469589],[120.443808,23.469494],[120.443715,23.469483],[120.443726,23.469401],[120.443814,23.469411],[120.443826,23.46932],[120.443089,23.469239]]]}},{"type":"Feature","id":"w553205719","properties":{"kind":"building","category":"apartments","name":"G棟","area_m2":1474.8,"centroid":[120.443303,23.470364]},"geometry":{"type":"Polygon","coordinates":[[[120.442958,23.470185],[120.442948,23.470263],[120.443037,23.470274],[120.443028,23.470358],[120.442936,23.47035],[120.442925,23.470434],[120.443166,23.470461],[120.443177,23.470373],[120.4431,23.470364],[120.443111,23.470286],[120.443255,23.470302],[120.443247,23.470361],[120.443346,23.470372],[120.443354,23.470314],[120.443499,23.47033],[120.443487,23.470421],[120.443402,23.470412],[120.44339,23.470504],[120.443665,23.470535],[120.443677,23.47044],[120.443584,23.47043],[120.443595,23.470347],[120.443684,23.470357],[120.443695,23.470266],[120.442958,23.470185]]]}},{"type":"Feature","id":"w553214646","properties":{"kind":"green","category":"village_green","name":null,"area_m2":1682.1,"centroid":[120.430685,23.463116]},"geometry":{"type":"Polygon","coordinates":[[[120.430331,23.463462],[120.431141,23.462881],[120.431039,23.462768],[120.430229,23.463354],[120.430331,23.463462]]]}},{"type":"Feature","id":"w553214647","properties":{"kind":"green","category":"village_green","name":null,"area_m2":1215.7,"centroid":[120.430344,23.462835]},"geometry":{"type":"Polygon","coordinates":[[[120.430036,23.463141],[120.430733,23.462625],[120.430642,23.462522],[120.429966,23.463053],[120.430036,23.463141]]]}},{"type":"Feature","id":"w553216130","properties":{"kind":"building","category":"church","name":"西門教會","area_m2":1021.0,"centroid":[120.447585,23.473221]},"geometry":{"type":"Polygon","coordinates":[[[120.44761,23.47323],[120.447623,23.473037],[120.447429,23.473026],[120.447404,23.473388],[120.447715,23.473406],[120.447727,23.473237],[120.44761,23.47323]]]}},{"type":"Feature","id":"w553999287","properties":{"kind":"building","category":"retail","name":"好狗運貓狗福利中心","area_m2":514.0,"centroid":[120.439818,23.467748]},"geometry":{"type":"Polygon","coordinates":[[[120.439679,23.467826],[120.439709,23.467602],[120.439911,23.467628],[120.439904,23.467771],[120.43987,23.467819],[120.439833,23.467843],[120.439679,23.467826]]]}},{"type":"Feature","id":"w553999290","properties":{"kind":"building","category":"yes","name":null,"area_m2":734.7,"centroid":[120.439704,23.467478]},"geometry":{"type":"Polygon","coordinates":[[[120.439608,23.467537],[120.439613,23.467502],[120.439551,23.467496],[120.439569,23.467358],[120.439954,23.4674],[120.439932,23.467572],[120.439608,23.467537]]]}},{"type":"Feature","id":"w554000078","properties":{"kind":"building","category":"yes","name":null,"area_m2":357.7,"centroid":[120.44051,23.466609]},"geometry":{"type":"Polygon","coordinates":[[[120.440337,23.466654],[120.440366,23.466587],[120.440408,23.466572],[120.440502,23.466572],[120.44073,23.466592],[120.440715,23.466674],[120.440337,23.466654]]]}},{"type":"Feature","id":"w554013658","properties":{"kind":"building","category":"yes","name":null,"area_m2":161.7,"centroid":[120.439887,23.467237]},"geometry":{"type":"Polygon","coordinates":[[[120.439782,23.467263],[120.439789,23.467193],[120.439992,23.46721],[120.439985,23.46728],[120.439782,23.467263]]]}},{"type":"Feature","id":"w554013660","properties":{"kind":"building","category":"yes","name":"多那之咖啡","area_m2":865.9,"centroid":[120.439842,23.46676]},"geometry":{"type":"Polygon","coordinates":[[[120.440024,23.466877],[120.440047,23.46668],[120.439661,23.466643],[120.439638,23.466839],[120.440024,23.466877]]]}},{"type":"Feature","id":"w554016355","properties":{"kind":"building","category":"yes","name":null,"area_m2":312.4,"centroid":[120.439493,23.466722]},"geometry":{"type":"Polygon","coordinates":[[[120.439434,23.466618],[120.439412,23.466813],[120.439553,23.466826],[120.439574,23.466631],[120.439434,23.466618]]]}},{"type":"Feature","id":"w554016356","properties":{"kind":"building","category":"yes","name":null,"area_m2":216.4,"centroid":[120.439457,23.467143]},"geometry":{"type":"Polygon","coordinates":[[[120.439385,23.467214],[120.439508,23.467223],[120.43953,23.467074],[120.439403,23.46706],[120.439385,23.467214]]]}},{"type":"Feature","id":"w554016357","properties":{"kind":"building","category":"yes","name":null,"area_m2":129.2,"centroid":[120.439474,23.466352]},"geometry":{"type":"Polygon","coordinates":[[[120.439564,23.46639],[120.43957,23.466329],[120.439384,23.466313],[120.439378,23.466374],[120.439564,23.46639]]]}},{"type":"Feature","id":"w554237242","properties":{"kind":"building","category":"yes","name":null,"area_m2":140.9,"centroid":[120.443208,23.467896]},"geometry":{"type":"Polygon","coordinates":[[[120.443325,23.467926],[120.443083,23.467916],[120.44309,23.467864],[120.443334,23.467876],[120.443325,23.467926]]]}},{"type":"Feature","id":"w554237243","properties":{"kind":"building","category":"church","name":null,"area_m2":422.3,"centroid":[120.442736,23.467783]},"geometry":{"type":"Polygon","coordinates":[[[120.442883,23.467853],[120.442898,23.467734],[120.442587,23.467713],[120.442575,23.467834],[120.442883,23.467853]]]}},{"type":"Feature","id":"w554237244","properties":{"kind":"building","category":"apartments","name":null,"area_m2":402.8,"centroid":[120.443087,23.468074]},"geometry":{"type":"Polygon","coordinates":[[[120.443083,23.468159],[120.443056,23.468147],[120.443036,23.46813],[120.44303,23.468114],[120.443043,23.468],[120.443051,23.467928],[120.443211,23.467943],[120.443185,23.468169],[120.443083,23.468159]]]}},{"type":"Feature","id":"w554237245","properties":{"kind":"building","category":"yes","name":null,"area_m2":107.9,"centroid":[120.443202,23.467796]},"geometry":{"type":"Polygon","coordinates":[[[120.443082,23.467805],[120.443086,23.467763],[120.443323,23.467788],[120.443318,23.467826],[120.443082,23.467805]]]}},{"type":"Feature","id":"w554237246","properties":{"kind":"building","category":"retail","name":"大九九賣場","area_m2":2063.2,"centroid":[120.442561,23.467196]},"geometry":{"type":"Polygon","coordinates":[[[120.442346,23.467506],[120.442396,23.467053],[120.44257,23.467041],[120.442573,23.467008],[120.442767,23.467022],[120.442712,23.467545],[120.442346,23.467506]]]}},{"type":"Feature","id":"w554237248","properties":{"kind":"building","category":"yes","name":null,"area_m2":200.9,"centroid":[120.443184,23.467722]},"geometry":{"type":"Polygon","coordinates":[[[120.443332,23.467775],[120.44335,23.467702],[120.443134,23.467684],[120.443108,23.467694],[120.443093,23.467722],[120.443088,23.467753],[120.443332,23.467775]]]}},{"type":"Feature","id":"w554241014","properties":{"kind":"building","category":"yes","name":null,"area_m2":447.0,"centroid":[120.443678,23.468064]},"geometry":{"type":"Polygon","coordinates":[[[120.443567,23.468159],[120.443778,23.46816],[120.443784,23.467981],[120.443583,23.467955],[120.443567,23.468159]]]}},{"type":"Feature","id":"w554242422","properties":{"kind":"building","category":"yes","name":null,"area_m2":151.9,"centroid":[120.44387,23.466442]},"geometry":{"type":"Polygon","coordinates":[[[120.44381,23.466506],[120.44377,23.466439],[120.443932,23.466375],[120.443967,23.466448],[120.44381,23.466506]]]}},{"type":"Feature","id":"w554243514","properties":{"kind":"building","category":"yes","name":null,"area_m2":106.2,"centroid":[120.445938,23.475117]},"geometry":{"type":"Polygon","coordinates":[[[120.445899,23.475179],[120.445973,23.475182],[120.445978,23.475055],[120.445904,23.475052],[120.445899,23.475179]]]}},{"type":"Feature","id":"w554243515","properties":{"kind":"building","category":"yes","name":null,"area_m2":198.4,"centroid":[120.446283,23.474741]},"geometry":{"type":"Polygon","coordinates":[[[120.446205,23.474796],[120.446352,23.474805],[120.446361,23.474686],[120.446214,23.474677],[120.446205,23.474796]]]}},{"type":"Feature","id":"w554244981","properties":{"kind":"building","category":"yes","name":null,"area_m2":73.1,"centroid":[120.445379,23.476118]},"geometry":{"type":"Polygon","coordinates":[[[120.445327,23.476148],[120.445327,23.476087],[120.445431,23.476087],[120.445432,23.47615],[120.445327,23.476148]]]}},{"type":"Feature","id":"w554244982","properties":{"kind":"building","category":"apartments","name":"金財神","area_m2":4079.2,"centroid":[120.446054,23.47608]},"geometry":{"type":"Polygon","coordinates":[[[120.445614,23.476313],[120.446229,23.476365],[120.446237,23.476284],[120.446354,23.476294],[120.446377,23.476061],[120.446311,23.476055],[120.446318,23.475981],[120.446192,23.475971],[120.446206,23.475835],[120.445596,23.475784],[120.445573,23.476008],[120.445644,23.476014],[120.445614,23.476313]]]}},{"type":"Feature","id":"w554245324","properties":{"kind":"building","category":"yes","name":null,"area_m2":412.8,"centroid":[120.446286,23.477501]},"geometry":{"type":"Polygon","coordinates":[[[120.446175,23.477582],[120.446177,23.477414],[120.446399,23.477421],[120.446392,23.477586],[120.446175,23.477582]]]}},{"type":"Feature","id":"w554245325","properties":{"kind":"building","category":"yes","name":null,"area_m2":293.4,"centroid":[120.446246,23.477225]},"geometry":{"type":"Polygon","coordinates":[[[120.44611,23.477282],[120.446117,23.477163],[120.446319,23.477179],[120.446343,23.47721],[120.44634,23.477292],[120.44611,23.477282]]]}},{"type":"Feature","id":"w554245577","properties":{"kind":"building","category":"residential","name":null,"area_m2":221.2,"centroid":[120.446366,23.479761]},"geometry":{"type":"Polygon","coordinates":[[[120.446299,23.479838],[120.446296,23.479743],[120.446355,23.479692],[120.446439,23.47969],[120.446439,23.479842],[120.446299,23.479838]]]}},{"type":"Feature","id":"w554245971","properties":{"kind":"building","category":"apartments","name":null,"area_m2":691.8,"centroid":[120.446024,23.4798]},"geometry":{"type":"Polygon","coordinates":[[[120.445881,23.479952],[120.44611,23.479958],[120.446134,23.479742],[120.446074,23.479679],[120.445919,23.479668],[120.445881,23.479952]]]}},{"type":"Feature","id":"w554246292","properties":{"kind":"building","category":"yes","name":null,"area_m2":230.2,"centroid":[120.445756,23.479423]},"geometry":{"type":"Polygon","coordinates":[[[120.445692,23.479509],[120.445707,23.479328],[120.445819,23.479336],[120.445804,23.479517],[120.445692,23.479509]]]}},{"type":"Feature","id":"w554246293","properties":{"kind":"building","category":"yes","name":null,"area_m2":181.3,"centroid":[120.445624,23.479713]},"geometry":{"type":"Polygon","coordinates":[[[120.445583,23.479622],[120.445677,23.479626],[120.445661,23.479804],[120.445575,23.4798],[120.445583,23.479622]]]}},{"type":"Feature","id":"w554246294","properties":{"kind":"building","category":"yes","name":null,"area_m2":77.5,"centroid":[120.44547,23.479661]},"geometry":{"type":"Polygon","coordinates":[[[120.445429,23.479705],[120.445506,23.479708],[120.445508,23.479615],[120.445435,23.479615],[120.445429,23.479705]]]}},{"type":"Feature","id":"w554246571","properties":{"kind":"building","category":"yes","name":null,"area_m2":395.6,"centroid":[120.445028,23.479277]},"geometry":{"type":"Polygon","coordinates":[[[120.444954,23.479143],[120.444938,23.479373],[120.445042,23.479378],[120.445095,23.479344],[120.44511,23.479148],[120.444954,23.479143]]]}},{"type":"Feature","id":"w554246617","properties":{"kind":"building","category":"yes","name":null,"area_m2":149.7,"centroid":[120.445306,23.479005]},"geometry":{"type":"Polygon","coordinates":[[[120.445232,23.479045],[120.445366,23.479061],[120.44538,23.478964],[120.445245,23.478948],[120.445232,23.479045]]]}},{"type":"Feature","id":"w554263472","properties":{"kind":"building","category":"yes","name":null,"area_m2":307.0,"centroid":[120.448258,23.480175]},"geometry":{"type":"Polygon","coordinates":[[[120.448163,23.480242],[120.448342,23.480255],[120.448357,23.480105],[120.44817,23.480096],[120.448163,23.480242]]]}},{"type":"Feature","id":"w554263473","properties":{"kind":"building","category":"residential","name":null,"area_m2":190.3,"centroid":[120.448302,23.479976]},"geometry":{"type":"Polygon","coordinates":[[[120.448298,23.480053],[120.448361,23.480052],[120.448371,23.479934],[120.448317,23.479897],[120.448233,23.479892],[120.44823,23.480001],[120.448303,23.480004],[120.448298,23.480053]]]}},{"type":"Feature","id":"w554263474","properties":{"kind":"building","category":"yes","name":null,"area_m2":85.7,"centroid":[120.44793,23.480428]},"geometry":{"type":"Polygon","coordinates":[[[120.447872,23.480458],[120.447904,23.480376],[120.447984,23.480398],[120.447961,23.480481],[120.447872,23.480458]]]}},{"type":"Feature","id":"w554263843","properties":{"kind":"building","category":"yes","name":null,"area_m2":452.9,"centroid":[120.447445,23.480295]},"geometry":{"type":"Polygon","coordinates":[[[120.447558,23.480387],[120.447581,23.48023],[120.447329,23.480201],[120.447312,23.480362],[120.447558,23.480387]]]}},{"type":"Feature","id":"w554264286","properties":{"kind":"building","category":"yes","name":null,"area_m2":256.3,"centroid":[120.446192,23.478354]},"geometry":{"type":"Polygon","coordinates":[[[120.446099,23.478412],[120.446108,23.478285],[120.446286,23.478296],[120.446277,23.478423],[120.446099,23.478412]]]}},{"type":"Feature","id":"w554908576","properties":{"kind":"building","category":"yes","name":null,"area_m2":248.2,"centroid":[120.452684,23.481014]},"geometry":{"type":"Polygon","coordinates":[[[120.452774,23.480948],[120.452666,23.480907],[120.452592,23.481079],[120.452703,23.481122],[120.452774,23.480948]]]}},{"type":"Feature","id":"w554908577","properties":{"kind":"building","category":"yes","name":null,"area_m2":275.7,"centroid":[120.452825,23.48108]},"geometry":{"type":"Polygon","coordinates":[[[120.452818,23.481167],[120.452726,23.481132],[120.452799,23.480953],[120.452912,23.481003],[120.452872,23.481143],[120.452818,23.481167]]]}},{"type":"Feature","id":"w554908578","properties":{"kind":"building","category":"yes","name":null,"area_m2":162.9,"centroid":[120.452849,23.480878]},"geometry":{"type":"Polygon","coordinates":[[[120.452897,23.480963],[120.452776,23.48091],[120.452806,23.480807],[120.452915,23.480831],[120.452897,23.480963]]]}},{"type":"Feature","id":"w554910813","properties":{"kind":"building","category":"yes","name":null,"area_m2":270.3,"centroid":[120.452246,23.481261]},"geometry":{"type":"Polygon","coordinates":[[[120.452172,23.481338],[120.452183,23.481236],[120.452234,23.481157],[120.452349,23.481211],[120.45229,23.481363],[120.452172,23.481338]]]}},{"type":"Feature","id":"w554910815","properties":{"kind":"building","category":"yes","name":null,"area_m2":63.7,"centroid":[120.452135,23.481161]},"geometry":{"type":"Polygon","coordinates":[[[120.452149,23.481209],[120.452085,23.481177],[120.452116,23.481111],[120.45219,23.481147],[120.452149,23.481209]]]}},{"type":"Feature","id":"w554912422","properties":{"kind":"building","category":"yes","name":null,"area_m2":76.4,"centroid":[120.451794,23.480704]},"geometry":{"type":"Polygon","coordinates":[[[120.45174,23.480747],[120.451792,23.480769],[120.451848,23.480662],[120.451798,23.480639],[120.45174,23.480747]]]}},{"type":"Feature","id":"w554912670","properties":{"kind":"building","category":"yes","name":null,"area_m2":53.5,"centroid":[120.452445,23.480872]},"geometry":{"type":"Polygon","coordinates":[[[120.452398,23.480895],[120.452449,23.48092],[120.452492,23.480849],[120.452441,23.480823],[120.452398,23.480895]]]}},{"type":"Feature","id":"w555154820","properties":{"kind":"building","category":"yes","name":null,"area_m2":95.2,"centroid":[120.442807,23.488958]},"geometry":{"type":"Polygon","coordinates":[[[120.442768,23.489021],[120.442836,23.489023],[120.442844,23.488896],[120.44278,23.488893],[120.442768,23.489021]]]}},{"type":"Feature","id":"w555154822","properties":{"kind":"building","category":"yes","name":null,"area_m2":380.4,"centroid":[120.442206,23.488689]},"geometry":{"type":"Polygon","coordinates":[[[120.44202,23.48873],[120.442024,23.488638],[120.442392,23.488648],[120.442388,23.488739],[120.44202,23.48873]]]}},{"type":"Feature","id":"w555154824","properties":{"kind":"building","category":"yes","name":null,"area_m2":228.8,"centroid":[120.442629,23.488936]},"geometry":{"type":"Polygon","coordinates":[[[120.442496,23.488961],[120.4425,23.488894],[120.442762,23.488901],[120.442759,23.488988],[120.442496,23.488961]]]}},{"type":"Feature","id":"w555157566","properties":{"kind":"building","category":"yes","name":null,"area_m2":99.7,"centroid":[120.442243,23.489413]},"geometry":{"type":"Polygon","coordinates":[[[120.442177,23.489441],[120.4423,23.489458],[120.442307,23.489386],[120.442189,23.489369],[120.442177,23.489441]]]}},{"type":"Feature","id":"w555157567","properties":{"kind":"building","category":"yes","name":null,"area_m2":99.7,"centroid":[120.442104,23.489396]},"geometry":{"type":"Polygon","coordinates":[[[120.442038,23.489424],[120.442161,23.489441],[120.442168,23.489369],[120.44205,23.489352],[120.442038,23.489424]]]}},{"type":"Feature","id":"w555157568","properties":{"kind":"building","category":"yes","name":null,"area_m2":164.7,"centroid":[120.442741,23.488535]},"geometry":{"type":"Polygon","coordinates":[[[120.442668,23.488571],[120.442671,23.488467],[120.442729,23.488468],[120.44273,23.488481],[120.44282,23.488482],[120.442824,23.488568],[120.442752,23.48857],[120.442751,23.488583],[120.442732,23.488584],[120.442732,23.488571],[120.442668,23.488571]]]}},{"type":"Feature","id":"w555157569","properties":{"kind":"building","category":"yes","name":null,"area_m2":118.5,"centroid":[120.442125,23.488872]},"geometry":{"type":"Polygon","coordinates":[[[120.442071,23.488924],[120.442171,23.488927],[120.442176,23.488819],[120.44208,23.488818],[120.442071,23.488924]]]}},{"type":"Feature","id":"w555176427","properties":{"kind":"building","category":"yes","name":null,"area_m2":671.6,"centroid":[120.440955,23.489145]},"geometry":{"type":"Polygon","coordinates":[[[120.440828,23.489352],[120.440965,23.489359],[120.441064,23.48913],[120.441062,23.489065],[120.440997,23.48904],[120.440916,23.48904],[120.44085,23.489031],[120.440828,23.489352]]]}},{"type":"Feature","id":"w555177051","properties":{"kind":"building","category":"yes","name":null,"area_m2":98.1,"centroid":[120.441061,23.489748]},"geometry":{"type":"Polygon","coordinates":[[[120.441008,23.489784],[120.441014,23.489697],[120.441122,23.489715],[120.441099,23.489798],[120.441008,23.489784]]]}},{"type":"Feature","id":"w555177052","properties":{"kind":"building","category":"yes","name":null,"area_m2":107.5,"centroid":[120.441174,23.489756]},"geometry":{"type":"Polygon","coordinates":[[[120.441124,23.489797],[120.441131,23.489721],[120.441132,23.489711],[120.441249,23.489736],[120.441233,23.489814],[120.441124,23.489797]]]}},{"type":"Feature","id":"w555177053","properties":{"kind":"building","category":"yes","name":null,"area_m2":208.1,"centroid":[120.440817,23.489473]},"geometry":{"type":"Polygon","coordinates":[[[120.440907,23.489467],[120.44085,23.489427],[120.440713,23.489422],[120.440707,23.48952],[120.440907,23.489529],[120.440907,23.489467]]]}},{"type":"Feature","id":"w555398328","properties":{"kind":"building","category":"yes","name":null,"area_m2":882.0,"centroid":[120.448387,23.481282]},"geometry":{"type":"Polygon","coordinates":[[[120.448251,23.481508],[120.448405,23.48154],[120.448522,23.481056],[120.448368,23.481025],[120.448251,23.481508]]]}},{"type":"Feature","id":"w555398329","properties":{"kind":"building","category":"yes","name":null,"area_m2":96.0,"centroid":[120.447855,23.48264]},"geometry":{"type":"Polygon","coordinates":[[[120.447893,23.482692],[120.4478,23.482675],[120.447816,23.482589],[120.447912,23.482604],[120.447893,23.482692]]]}},{"type":"Feature","id":"w555398331","properties":{"kind":"building","category":"yes","name":"盧亞人醫院","area_m2":200.4,"centroid":[120.447551,23.4821]},"geometry":{"type":"Polygon","coordinates":[[[120.44749,23.482198],[120.447499,23.482031],[120.447565,23.482034],[120.447605,23.482036],[120.447596,23.482203],[120.44749,23.482198]]]}},{"type":"Feature","id":"w555398332","properties":{"kind":"building","category":"yes","name":null,"area_m2":213.4,"centroid":[120.447513,23.482751]},"geometry":{"type":"Polygon","coordinates":[[[120.447555,23.482843],[120.447438,23.482811],[120.44747,23.48266],[120.447588,23.482689],[120.447555,23.482843]]]}},{"type":"Feature","id":"w555398333","properties":{"kind":"building","category":"yes","name":"米其林輪胎","area_m2":153.0,"centroid":[120.448218,23.481958]},"geometry":{"type":"Polygon","coordinates":[[[120.448274,23.482015],[120.4483,23.481907],[120.448178,23.481889],[120.448161,23.481972],[120.448175,23.482007],[120.448274,23.482015]]]}},{"type":"Feature","id":"w555398334","properties":{"kind":"building","category":"yes","name":null,"area_m2":132.0,"centroid":[120.447823,23.482843]},"geometry":{"type":"Polygon","coordinates":[[[120.447883,23.482795],[120.447873,23.482867],[120.447833,23.482896],[120.447754,23.482883],[120.447774,23.482775],[120.447883,23.482795]]]}},{"type":"Feature","id":"w555398335","properties":{"kind":"building","category":"yes","name":null,"area_m2":73.1,"centroid":[120.448155,23.482125]},"geometry":{"type":"Polygon","coordinates":[[[120.448099,23.482152],[120.448194,23.482158],[120.448223,23.482102],[120.448106,23.482089],[120.448099,23.482152]]]}},{"type":"Feature","id":"w555398336","properties":{"kind":"building","category":"yes","name":null,"area_m2":300.4,"centroid":[120.447884,23.482147]},"geometry":{"type":"Polygon","coordinates":[[[120.447796,23.482185],[120.44781,23.48206],[120.447985,23.482079],[120.44801,23.482099],[120.447993,23.48221],[120.447799,23.482197],[120.447793,23.482198],[120.447796,23.482185]]]}},{"type":"Feature","id":"w555430486","properties":{"kind":"building","category":"yes","name":null,"area_m2":217.1,"centroid":[120.447576,23.46889]},"geometry":{"type":"Polygon","coordinates":[[[120.447519,23.468985],[120.447619,23.468989],[120.447632,23.468797],[120.447534,23.46879],[120.447519,23.468985]]]}},{"type":"Feature","id":"w555430487","properties":{"kind":"building","category":"yes","name":null,"area_m2":255.2,"centroid":[120.44769,23.468897]},"geometry":{"type":"Polygon","coordinates":[[[120.447627,23.468992],[120.447736,23.469004],[120.447755,23.468799],[120.447641,23.468794],[120.447627,23.468992]]]}},{"type":"Feature","id":"w555430488","properties":{"kind":"building","category":"yes","name":null,"area_m2":489.7,"centroid":[120.447392,23.468881]},"geometry":{"type":"Polygon","coordinates":[[[120.447334,23.468972],[120.447286,23.468894],[120.447303,23.468768],[120.447527,23.468788],[120.44751,23.468982],[120.447334,23.468972]]]}},{"type":"Feature","id":"w555430489","properties":{"kind":"building","category":"yes","name":null,"area_m2":204.4,"centroid":[120.447834,23.4689]},"geometry":{"type":"Polygon","coordinates":[[[120.447769,23.468975],[120.447882,23.468983],[120.447899,23.468827],[120.447784,23.468816],[120.447769,23.468975]]]}},{"type":"Feature","id":"w555430490","properties":{"kind":"building","category":"yes","name":null,"area_m2":188.2,"centroid":[120.447247,23.46905]},"geometry":{"type":"Polygon","coordinates":[[[120.447189,23.469114],[120.447305,23.469125],[120.447308,23.468982],[120.447184,23.468979],[120.447189,23.469114]]]}},{"type":"Feature","id":"w555431168","properties":{"kind":"building","category":"yes","name":null,"area_m2":195.9,"centroid":[120.44736,23.470732]},"geometry":{"type":"Polygon","coordinates":[[[120.447283,23.470784],[120.44729,23.470669],[120.447441,23.470679],[120.447428,23.470797],[120.447283,23.470784]]]}},{"type":"Feature","id":"w555431170","properties":{"kind":"building","category":"yes","name":null,"area_m2":284.3,"centroid":[120.44737,23.470395]},"geometry":{"type":"Polygon","coordinates":[[[120.447472,23.470458],[120.447316,23.470455],[120.447286,23.470421],[120.447291,23.470317],[120.447483,23.470325],[120.447472,23.470458]]]}},{"type":"Feature","id":"w555431690","properties":{"kind":"building","category":"apartments","name":null,"area_m2":824.8,"centroid":[120.447459,23.47184]},"geometry":{"type":"Polygon","coordinates":[[[120.447292,23.471933],[120.447173,23.471922],[120.4472,23.471697],[120.447346,23.4717],[120.447342,23.471766],[120.447391,23.47177],[120.447391,23.471733],[120.447426,23.471733],[120.447426,23.471744],[120.447446,23.471744],[120.447462,23.471743],[120.447462,23.471734],[120.447492,23.471733],[120.447492,23.471755],[120.447509,23.471755],[120.44751,23.471772],[120.447533,23.471773],[120.447534,23.47176],[120.447585,23.47176],[120.447586,23.471784],[120.447611,23.471784],[120.447612,23.47179],[120.44763,23.47179],[120.44763,23.471839],[120.447613,23.471839],[120.447613,23.471876],[120.447612,23.471882],[120.447602,23.471882],[120.447602,23.471875],[120.447575,23.471874],[120.447574,23.471884],[120.447532,23.471883],[120.447521,23.471876],[120.447512,23.471875],[120.447512,23.471857],[120.447467,23.471855],[120.447467,23.471842],[120.44744,23.471841],[120.44744,23.471828],[120.447404,23.471828],[120.447401,23.471857],[120.447439,23.471862],[120.447437,23.471897],[120.447427,23.471909],[120.447427,23.471932],[120.447426,23.471951],[120.447387,23.47195],[120.447386,23.471944],[120.44737,23.471944],[120.447369,23.471952],[120.447344,23.47195],[120.447332,23.471948],[120.447332,23.471936],[120.447329,23.471922],[120.447299,23.471923],[120.447292,23.471933]]]}},{"type":"Feature","id":"w555431908","properties":{"kind":"building","category":"yes","name":null,"area_m2":217.9,"centroid":[120.446982,23.474315]},"geometry":{"type":"Polygon","coordinates":[[[120.446924,23.474236],[120.447054,23.474246],[120.44704,23.474394],[120.446911,23.474384],[120.446924,23.474236]]]}},{"type":"Feature","id":"w555431909","properties":{"kind":"building","category":"apartments","name":null,"area_m2":312.1,"centroid":[120.447044,23.473835]},"geometry":{"type":"Polygon","coordinates":[[[120.447223,23.4739],[120.446923,23.473879],[120.446928,23.473821],[120.446977,23.473824],[120.44698,23.473784],[120.447231,23.473802],[120.447223,23.4739]]]}},{"type":"Feature","id":"w555434527","properties":{"kind":"building","category":"yes","name":null,"area_m2":49.1,"centroid":[120.446928,23.475593]},"geometry":{"type":"Polygon","coordinates":[[[120.446908,23.475651],[120.446943,23.475651],[120.446951,23.475535],[120.446911,23.475535],[120.446908,23.475651]]]}},{"type":"Feature","id":"w555434528","properties":{"kind":"building","category":"yes","name":null,"area_m2":20.4,"centroid":[120.446776,23.47558]},"geometry":{"type":"Polygon","coordinates":[[[120.446795,23.475621],[120.446737,23.475557],[120.446797,23.475561],[120.446795,23.475621]]]}},{"type":"Feature","id":"w555434529","properties":{"kind":"building","category":"yes","name":null,"area_m2":106.3,"centroid":[120.446875,23.475428]},"geometry":{"type":"Polygon","coordinates":[[[120.447,23.475455],[120.447001,23.475418],[120.446751,23.475401],[120.446749,23.475439],[120.447,23.475455]]]}},{"type":"Feature","id":"w555434530","properties":{"kind":"building","category":"yes","name":null,"area_m2":113.7,"centroid":[120.446854,23.475586]},"geometry":{"type":"Polygon","coordinates":[[[120.44681,23.47564],[120.446811,23.475526],[120.446901,23.475531],[120.446894,23.475648],[120.44681,23.47564]]]}},{"type":"Feature","id":"w555706752","properties":{"kind":"building","category":"yes","name":null,"area_m2":492.6,"centroid":[120.437595,23.467523]},"geometry":{"type":"Polygon","coordinates":[[[120.437695,23.46763],[120.437472,23.46761],[120.437494,23.467419],[120.437718,23.467434],[120.437695,23.46763]]]}},{"type":"Feature","id":"w555706753","properties":{"kind":"building","category":"yes","name":null,"area_m2":289.5,"centroid":[120.437832,23.467568]},"geometry":{"type":"Polygon","coordinates":[[[120.437735,23.467646],[120.437838,23.467653],[120.437857,23.467624],[120.437874,23.467597],[120.437878,23.467571],[120.437878,23.467444],[120.437765,23.467438],[120.437735,23.467646]]]}},{"type":"Feature","id":"w555706754","properties":{"kind":"building","category":"retail","name":"啄木鳥藥妝","area_m2":612.2,"centroid":[120.437126,23.467989]},"geometry":{"type":"Polygon","coordinates":[[[120.437275,23.468094],[120.437296,23.467922],[120.436977,23.467888],[120.436956,23.468051],[120.437275,23.468094]]]}},{"type":"Feature","id":"w555706755","properties":{"kind":"building","category":"yes","name":null,"area_m2":357.1,"centroid":[120.43742,23.467294]},"geometry":{"type":"Polygon","coordinates":[[[120.437346,23.467189],[120.437508,23.467206],[120.437495,23.467393],[120.43733,23.467387],[120.437346,23.467189]]]}},{"type":"Feature","id":"w555707503","properties":{"kind":"building","category":"retail","name":null,"area_m2":784.2,"centroid":[120.436127,23.467894]},"geometry":{"type":"Polygon","coordinates":[[[120.436184,23.467987],[120.435926,23.467964],[120.435947,23.467743],[120.436267,23.467768],[120.43625,23.467953],[120.436185,23.467951],[120.436184,23.467987]]]}},{"type":"Feature","id":"w555707504","properties":{"kind":"building","category":"yes","name":null,"area_m2":180.9,"centroid":[120.436663,23.46721]},"geometry":{"type":"Polygon","coordinates":[[[120.436595,23.467303],[120.4367,23.467306],[120.43671,23.467188],[120.436679,23.467187],[120.436684,23.467141],[120.436608,23.467137],[120.436595,23.467303]]]}},{"type":"Feature","id":"w555707617","properties":{"kind":"building","category":"yes","name":null,"area_m2":368.4,"centroid":[120.436135,23.467078]},"geometry":{"type":"Polygon","coordinates":[[[120.436026,23.467141],[120.436031,23.466987],[120.436247,23.467016],[120.436235,23.467167],[120.436026,23.467141]]]}},{"type":"Feature","id":"w555707618","properties":{"kind":"building","category":"yes","name":null,"area_m2":208.1,"centroid":[120.436081,23.467211]},"geometry":{"type":"Polygon","coordinates":[[[120.435975,23.467245],[120.435977,23.467157],[120.436186,23.467178],[120.436184,23.467266],[120.435975,23.467245]]]}},{"type":"Feature","id":"w555709247","properties":{"kind":"building","category":"residential","name":null,"area_m2":129.4,"centroid":[120.437076,23.468583]},"geometry":{"type":"Polygon","coordinates":[[[120.43701,23.468618],[120.437008,23.468581],[120.437033,23.46858],[120.437031,23.468549],[120.437185,23.46855],[120.437186,23.468619],[120.43701,23.468618]]]}},{"type":"Feature","id":"w555709248","properties":{"kind":"building","category":"yes","name":null,"area_m2":316.8,"centroid":[120.436807,23.468868]},"geometry":{"type":"Polygon","coordinates":[[[120.436891,23.468946],[120.436716,23.468949],[120.436721,23.468788],[120.436898,23.468788],[120.436891,23.468946]]]}},{"type":"Feature","id":"w555709249","properties":{"kind":"building","category":"residential","name":null,"area_m2":299.1,"centroid":[120.437176,23.46927]},"geometry":{"type":"Polygon","coordinates":[[[120.437077,23.469337],[120.437076,23.469208],[120.437275,23.469199],[120.437275,23.469337],[120.437077,23.469337]]]}},{"type":"Feature","id":"w556901951","properties":{"kind":"building","category":"apartments","name":"南帝王大樓","area_m2":677.4,"centroid":[120.46644,23.467186]},"geometry":{"type":"Polygon","coordinates":[[[120.466445,23.467371],[120.466649,23.467076],[120.466456,23.466958],[120.466354,23.467101],[120.466429,23.467145],[120.466386,23.467209],[120.466413,23.467283],[120.466391,23.467347],[120.466445,23.467371]]]}},{"type":"Feature","id":"w556901952","properties":{"kind":"building","category":"apartments","name":"南帝王大樓","area_m2":1712.0,"centroid":[120.46673,23.466679]},"geometry":{"type":"Polygon","coordinates":[[[120.466669,23.467032],[120.46705,23.466411],[120.46702,23.466396],[120.466998,23.466432],[120.466913,23.466389],[120.46693,23.466361],[120.466891,23.466341],[120.466824,23.466452],[120.466942,23.466513],[120.466888,23.466601],[120.466793,23.466552],[120.466764,23.4666],[120.466854,23.466646],[120.4668,23.466735],[120.46666,23.466663],[120.46666,23.466618],[120.466475,23.466545],[120.466334,23.466846],[120.466479,23.466903],[120.466553,23.466746],[120.46668,23.466796],[120.466664,23.466831],[120.466603,23.466799],[120.466521,23.466931],[120.466604,23.466974],[120.466624,23.466942],[120.466641,23.46695],[120.46661,23.467001],[120.466669,23.467032]]]}},{"type":"Feature","id":"w557396983","properties":{"kind":"building","category":"yes","name":"露天音樂台","area_m2":1186.3,"centroid":[120.447824,23.481731]},"geometry":{"type":"Polygon","coordinates":[[[120.447837,23.481906],[120.447742,23.481871],[120.447742,23.481841],[120.447585,23.48182],[120.447593,23.481755],[120.447632,23.48168],[120.447697,23.481615],[120.447766,23.481583],[120.447858,23.48155],[120.447937,23.481542],[120.44798,23.481546],[120.447967,23.48169],[120.448,23.481738],[120.447988,23.481807],[120.447961,23.481858],[120.447892,23.481902],[120.447837,23.481906]]]}},{"type":"Feature","id":"w557397019","properties":{"kind":"building","category":"yes","name":null,"area_m2":60.2,"centroid":[120.45599,23.478361]},"geometry":{"type":"Polygon","coordinates":[[[120.455984,23.478411],[120.45604,23.47838],[120.455996,23.47831],[120.455939,23.478341],[120.455984,23.478411]]]}},{"type":"Feature","id":"w557397026","properties":{"kind":"green","category":"playground","name":null,"area_m2":193.0,"centroid":[120.45611,23.478657]},"geometry":{"type":"Polygon","coordinates":[[[120.456162,23.478721],[120.456094,23.478724],[120.456038,23.478679],[120.456037,23.478607],[120.456118,23.478589],[120.456209,23.478621],[120.456162,23.478721]]]}},{"type":"Feature","id":"w557524993","properties":{"kind":"building","category":"yes","name":"聖馬爾定醫院附設護理之家","area_m2":1970.7,"centroid":[120.463124,23.4683]},"geometry":{"type":"Polygon","coordinates":[[[120.462879,23.468436],[120.462952,23.468494],[120.463484,23.468521],[120.463491,23.46832],[120.46319,23.468299],[120.463134,23.468279],[120.463108,23.46826],[120.463087,23.46823],[120.463071,23.468063],[120.462844,23.468093],[120.462879,23.468436]]]}},{"type":"Feature","id":"w557524995","properties":{"kind":"building","category":"yes","name":"大明禪寺","area_m2":1029.7,"centroid":[120.462959,23.464869]},"geometry":{"type":"Polygon","coordinates":[[[120.462878,23.465066],[120.463207,23.464955],[120.463132,23.464726],[120.462854,23.464755],[120.462887,23.464839],[120.462798,23.464876],[120.462878,23.465066]]]}},{"type":"Feature","id":"w557902009","properties":{"kind":"building","category":"retail","name":"臺灣菸酒","area_m2":1108.4,"centroid":[120.44458,23.473013]},"geometry":{"type":"Polygon","coordinates":[[[120.444383,23.473112],[120.444636,23.473137],[120.444715,23.473145],[120.44475,23.472853],[120.444417,23.47282],[120.444383,23.473112]]]}},{"type":"Feature","id":"w558766588","properties":{"kind":"building","category":"yes","name":null,"area_m2":131.0,"centroid":[120.44676,23.469413]},"geometry":{"type":"Polygon","coordinates":[[[120.446647,23.469435],[120.446645,23.469384],[120.446875,23.469391],[120.446872,23.469442],[120.446647,23.469435]]]}},{"type":"Feature","id":"w558766589","properties":{"kind":"building","category":"yes","name":null,"area_m2":135.7,"centroid":[120.4468,23.469495]},"geometry":{"type":"Polygon","coordinates":[[[120.446689,23.469523],[120.446909,23.469523],[120.446908,23.469469],[120.446695,23.469466],[120.446689,23.469523]]]}},{"type":"Feature","id":"w558767334","properties":{"kind":"building","category":"yes","name":null,"area_m2":153.6,"centroid":[120.446726,23.469281]},"geometry":{"type":"Polygon","coordinates":[[[120.446653,23.469336],[120.446663,23.469234],[120.44679,23.469228],[120.446797,23.469327],[120.446653,23.469336]]]}},{"type":"Feature","id":"w558767432","properties":{"kind":"building","category":"yes","name":null,"area_m2":112.5,"centroid":[120.446721,23.469059]},"geometry":{"type":"Polygon","coordinates":[[[120.44675,23.468995],[120.446632,23.469032],[120.446629,23.469069],[120.446717,23.469063],[120.446787,23.469107],[120.446813,23.469086],[120.44675,23.468995]]]}},{"type":"Feature","id":"w558768018","properties":{"kind":"building","category":"yes","name":null,"area_m2":194.5,"centroid":[120.446016,23.468213]},"geometry":{"type":"Polygon","coordinates":[[[120.446139,23.468232],[120.446103,23.468137],[120.446018,23.468163],[120.445928,23.468196],[120.445946,23.46825],[120.445981,23.468237],[120.445994,23.468277],[120.446139,23.468232]]]}},{"type":"Feature","id":"w558768020","properties":{"kind":"building","category":"yes","name":null,"area_m2":195.7,"centroid":[120.445994,23.468118]},"geometry":{"type":"Polygon","coordinates":[[[120.446105,23.468127],[120.446071,23.468045],[120.445882,23.46811],[120.44592,23.468189],[120.446105,23.468127]]]}},{"type":"Feature","id":"w559319317","properties":{"kind":"building","category":"yes","name":null,"area_m2":65.9,"centroid":[120.446834,23.486232]},"geometry":{"type":"Polygon","coordinates":[[[120.44676,23.486202],[120.44692,23.486227],[120.446907,23.486262],[120.44675,23.486237],[120.44676,23.486202]]]}},{"type":"Feature","id":"w559319318","properties":{"kind":"building","category":"yes","name":null,"area_m2":111.6,"centroid":[120.446777,23.486151]},"geometry":{"type":"Polygon","coordinates":[[[120.446816,23.486095],[120.446736,23.486092],[120.446719,23.486187],[120.446736,23.48619],[120.446744,23.486156],[120.446909,23.486186],[120.446816,23.486095]]]}},{"type":"Feature","id":"w559319912","properties":{"kind":"building","category":"yes","name":null,"area_m2":224.8,"centroid":[120.447082,23.486305]},"geometry":{"type":"Polygon","coordinates":[[[120.447007,23.486275],[120.447037,23.486155],[120.447172,23.486289],[120.447152,23.486349],[120.447111,23.486343],[120.447102,23.486377],[120.447029,23.486366],[120.447045,23.486283],[120.447007,23.486275]]]}},{"type":"Feature","id":"w559323720","properties":{"kind":"building","category":"yes","name":null,"area_m2":237.6,"centroid":[120.446165,23.485659]},"geometry":{"type":"Polygon","coordinates":[[[120.446034,23.485707],[120.446072,23.485606],[120.44623,23.485604],[120.446295,23.485669],[120.446192,23.48571],[120.446034,23.485707]]]}},{"type":"Feature","id":"w559323721","properties":{"kind":"building","category":"yes","name":null,"area_m2":185.3,"centroid":[120.446024,23.48588]},"geometry":{"type":"Polygon","coordinates":[[[120.445972,23.485961],[120.446078,23.485953],[120.446077,23.485811],[120.445969,23.485796],[120.445972,23.485961]]]}},{"type":"Feature","id":"w560465495","properties":{"kind":"building","category":"residential","name":null,"area_m2":113.5,"centroid":[120.447531,23.479867]},"geometry":{"type":"Polygon","coordinates":[[[120.447496,23.479805],[120.447576,23.479812],[120.447572,23.479928],[120.447481,23.479923],[120.447496,23.479805]]]}},{"type":"Feature","id":"w560465496","properties":{"kind":"building","category":"residential","name":null,"area_m2":77.8,"centroid":[120.447385,23.47985]},"geometry":{"type":"Polygon","coordinates":[[[120.447409,23.479922],[120.447349,23.47992],[120.447356,23.479827],[120.447398,23.47979],[120.447415,23.47979],[120.447409,23.479922]]]}},{"type":"Feature","id":"w560465498","properties":{"kind":"building","category":"residential","name":null,"area_m2":107.4,"centroid":[120.447621,23.479882]},"geometry":{"type":"Polygon","coordinates":[[[120.44766,23.479937],[120.447575,23.479936],[120.44758,23.479825],[120.44767,23.479831],[120.44766,23.479937]]]}},{"type":"Feature","id":"w560465826","properties":{"kind":"building","category":"residential","name":null,"area_m2":129.0,"centroid":[120.447825,23.479922]},"geometry":{"type":"Polygon","coordinates":[[[120.447785,23.479823],[120.447873,23.479829],[120.447866,23.479931],[120.447832,23.479935],[120.447835,23.479989],[120.447799,23.479986],[120.447786,23.479964],[120.447785,23.479823]]]}},{"type":"Feature","id":"w560465827","properties":{"kind":"building","category":"yes","name":null,"area_m2":60.1,"centroid":[120.44721,23.480153]},"geometry":{"type":"Polygon","coordinates":[[[120.447271,23.480135],[120.447264,23.48018],[120.447148,23.480171],[120.447156,23.480125],[120.447271,23.480135]]]}},{"type":"Feature","id":"w560465828","properties":{"kind":"building","category":"yes","name":null,"area_m2":257.9,"centroid":[120.447414,23.480102]},"geometry":{"type":"Polygon","coordinates":[[[120.447356,23.480015],[120.447489,23.48002],[120.447473,23.480191],[120.447337,23.480182],[120.447356,23.480015]]]}},{"type":"Feature","id":"w561043951","properties":{"kind":"building","category":"yes","name":"嘉義餐飲公會職業順練中心","area_m2":738.6,"centroid":[120.430165,23.4639]},"geometry":{"type":"Polygon","coordinates":[[[120.430206,23.463728],[120.429973,23.463908],[120.430124,23.464072],[120.430357,23.463893],[120.430206,23.463728]]]}},{"type":"Feature","id":"w561222757","properties":{"kind":"building","category":"yes","name":"原設","area_m2":78.4,"centroid":[120.44699,23.481509]},"geometry":{"type":"Polygon","coordinates":[[[120.447086,23.48152],[120.446974,23.481508],[120.446976,23.481478],[120.446915,23.481473],[120.446901,23.481526],[120.447086,23.48155],[120.447086,23.48152]]]}},{"type":"Feature","id":"w561222762","properties":{"kind":"building","category":"yes","name":null,"area_m2":74.0,"centroid":[120.447055,23.481351]},"geometry":{"type":"Polygon","coordinates":[[[120.447132,23.481371],[120.447132,23.481325],[120.446988,23.481323],[120.446988,23.481368],[120.447036,23.481369],[120.447132,23.481371]]]}},{"type":"Feature","id":"w561222763","properties":{"kind":"building","category":"yes","name":"加賀食堂","area_m2":94.3,"centroid":[120.446975,23.481565]},"geometry":{"type":"Polygon","coordinates":[[[120.447073,23.48159],[120.446946,23.48159],[120.446944,23.481572],[120.446899,23.48156],[120.446901,23.481526],[120.447086,23.48155],[120.447073,23.48159]]]}},{"type":"Feature","id":"w561249631","properties":{"kind":"building","category":"yes","name":"蘭心園素食","area_m2":157.7,"centroid":[120.451283,23.48269]},"geometry":{"type":"Polygon","coordinates":[[[120.451211,23.482749],[120.451322,23.482768],[120.451359,23.482648],[120.451285,23.482631],[120.451236,23.482656],[120.451211,23.482749]]]}},{"type":"Feature","id":"w561249632","properties":{"kind":"building","category":"residential","name":null,"area_m2":114.0,"centroid":[120.451318,23.4825]},"geometry":{"type":"Polygon","coordinates":[[[120.451385,23.482555],[120.451271,23.482527],[120.451268,23.482507],[120.451275,23.48248],[120.451291,23.482448],[120.451415,23.482485],[120.451385,23.482555]]]}},{"type":"Feature","id":"w561249634","properties":{"kind":"building","category":"yes","name":null,"area_m2":174.0,"centroid":[120.451272,23.482832]},"geometry":{"type":"Polygon","coordinates":[[[120.451214,23.482764],[120.451358,23.482799],[120.451329,23.482899],[120.451185,23.482864],[120.451214,23.482764]]]}},{"type":"Feature","id":"w561249635","properties":{"kind":"building","category":"residential","name":null,"area_m2":88.4,"centroid":[120.451941,23.48257]},"geometry":{"type":"Polygon","coordinates":[[[120.451974,23.482623],[120.451923,23.48261],[120.451897,23.482583],[120.451914,23.482514],[120.451996,23.482519],[120.451974,23.482623]]]}},{"type":"Feature","id":"w561249636","properties":{"kind":"building","category":"residential","name":null,"area_m2":80.4,"centroid":[120.451788,23.482525]},"geometry":{"type":"Polygon","coordinates":[[[120.451746,23.482558],[120.451794,23.482579],[120.45182,23.482545],[120.451829,23.482466],[120.451752,23.482475],[120.451746,23.482558]]]}},{"type":"Feature","id":"w561249637","properties":{"kind":"building","category":"residential","name":null,"area_m2":176.8,"centroid":[120.451836,23.482364]},"geometry":{"type":"Polygon","coordinates":[[[120.451777,23.482452],[120.451768,23.482298],[120.451883,23.482272],[120.451878,23.482386],[120.451873,23.482411],[120.451777,23.482452]]]}},{"type":"Feature","id":"w561249638","properties":{"kind":"building","category":"residential","name":null,"area_m2":128.4,"centroid":[120.451694,23.48233]},"geometry":{"type":"Polygon","coordinates":[[[120.451647,23.482394],[120.45175,23.48239],[120.451734,23.482305],[120.451715,23.482277],[120.451626,23.482286],[120.451647,23.482394]]]}},{"type":"Feature","id":"w561249639","properties":{"kind":"building","category":"yes","name":null,"area_m2":171.2,"centroid":[120.451244,23.482933]},"geometry":{"type":"Polygon","coordinates":[[[120.451187,23.482866],[120.45133,23.482901],[120.451301,23.483],[120.451158,23.482965],[120.451187,23.482866]]]}},{"type":"Feature","id":"w561249640","properties":{"kind":"building","category":"residential","name":null,"area_m2":65.0,"centroid":[120.451791,23.482263]},"geometry":{"type":"Polygon","coordinates":[[[120.451771,23.482217],[120.451883,23.482272],[120.451768,23.482298],[120.451741,23.482265],[120.451771,23.482217]]]}},{"type":"Feature","id":"w561680638","properties":{"kind":"building","category":"yes","name":"東森寵物雲","area_m2":256.4,"centroid":[120.448134,23.484224]},"geometry":{"type":"Polygon","coordinates":[[[120.448111,23.484121],[120.448232,23.484169],[120.448157,23.484327],[120.448036,23.484279],[120.448111,23.484121]]]}},{"type":"Feature","id":"w561680639","properties":{"kind":"building","category":"yes","name":null,"area_m2":87.0,"centroid":[120.448437,23.484368]},"geometry":{"type":"Polygon","coordinates":[[[120.448428,23.484454],[120.44838,23.484437],[120.448459,23.484263],[120.44848,23.484318],[120.448428,23.484454]]]}},{"type":"Feature","id":"w561680640","properties":{"kind":"building","category":"yes","name":null,"area_m2":248.7,"centroid":[120.44837,23.484328]},"geometry":{"type":"Polygon","coordinates":[[[120.448369,23.484434],[120.448267,23.484394],[120.448351,23.484212],[120.448454,23.484253],[120.448409,23.484349],[120.448369,23.484434]]]}},{"type":"Feature","id":"w561680641","properties":{"kind":"building","category":"yes","name":null,"area_m2":196.5,"centroid":[120.447774,23.484048]},"geometry":{"type":"Polygon","coordinates":[[[120.447701,23.484106],[120.447808,23.484144],[120.447871,23.484028],[120.447751,23.483968],[120.447739,23.483992],[120.447701,23.484106]]]}},{"type":"Feature","id":"w562226526","properties":{"kind":"building","category":"apartments","name":null,"area_m2":1042.1,"centroid":[120.431644,23.48119]},"geometry":{"type":"Polygon","coordinates":[[[120.431492,23.481316],[120.43152,23.481325],[120.43155,23.481326],[120.431551,23.481336],[120.431626,23.481341],[120.431626,23.481362],[120.431866,23.481367],[120.431902,23.480817],[120.4318,23.480811],[120.431786,23.480863],[120.431774,23.480864],[120.431749,23.481263],[120.431545,23.481241],[120.431546,23.481252],[120.431488,23.481247],[120.431483,23.481305],[120.431492,23.481316]]]}},{"type":"Feature","id":"w562226527","properties":{"kind":"building","category":"apartments","name":null,"area_m2":358.6,"centroid":[120.431532,23.481086]},"geometry":{"type":"Polygon","coordinates":[[[120.431391,23.481221],[120.431721,23.481017],[120.431672,23.480951],[120.431342,23.481155],[120.431391,23.481221]]]}},{"type":"Feature","id":"w562226528","properties":{"kind":"building","category":"yes","name":null,"area_m2":203.6,"centroid":[120.430663,23.481938]},"geometry":{"type":"Polygon","coordinates":[[[120.430763,23.481948],[120.430727,23.481907],[120.430711,23.481895],[120.43068,23.48189],[120.43066,23.481901],[120.430521,23.481982],[120.430581,23.482046],[120.430763,23.481948]]]}},{"type":"Feature","id":"w562226529","properties":{"kind":"building","category":"yes","name":null,"area_m2":740.3,"centroid":[120.430679,23.482108]},"geometry":{"type":"Polygon","coordinates":[[[120.430773,23.482001],[120.430817,23.482056],[120.430846,23.482097],[120.430856,23.48216],[120.430849,23.482206],[120.430841,23.482233],[120.430521,23.482215],[120.430508,23.482127],[120.430436,23.482042],[120.430505,23.48199],[120.430591,23.482076],[120.430603,23.48209],[120.430773,23.482001]]]}},{"type":"Feature","id":"w562227018","properties":{"kind":"building","category":"apartments","name":null,"area_m2":867.7,"centroid":[120.431498,23.481814]},"geometry":{"type":"Polygon","coordinates":[[[120.431222,23.481912],[120.431804,23.481954],[120.431821,23.481754],[120.43172,23.481747],[120.431712,23.481839],[120.431577,23.48183],[120.431587,23.48182],[120.431565,23.481791],[120.431537,23.481789],[120.431504,23.481812],[120.43152,23.481826],[120.431386,23.481816],[120.431401,23.481804],[120.431378,23.481775],[120.431347,23.481773],[120.431319,23.481799],[120.431331,23.481812],[120.431231,23.481805],[120.431222,23.481912]]]}},{"type":"Feature","id":"w562247558","properties":{"kind":"building","category":"yes","name":null,"area_m2":43.1,"centroid":[120.448244,23.481841]},"geometry":{"type":"Polygon","coordinates":[[[120.448183,23.481849],[120.448301,23.481866],[120.448304,23.481835],[120.448188,23.481816],[120.448183,23.481849]]]}},{"type":"Feature","id":"w562247559","properties":{"kind":"building","category":"yes","name":null,"area_m2":55.7,"centroid":[120.448251,23.481801]},"geometry":{"type":"Polygon","coordinates":[[[120.448187,23.481811],[120.448305,23.481831],[120.448314,23.48179],[120.448198,23.481771],[120.448187,23.481811]]]}},{"type":"Feature","id":"w562247560","properties":{"kind":"building","category":"yes","name":"瀧厚冷藏熟成牛排","area_m2":114.1,"centroid":[120.448296,23.481644]},"geometry":{"type":"Polygon","coordinates":[[[120.448221,23.481669],[120.448236,23.481596],[120.44837,23.481618],[120.448355,23.481691],[120.448221,23.481669]]]}},{"type":"Feature","id":"w562247561","properties":{"kind":"building","category":"yes","name":null,"area_m2":43.3,"centroid":[120.448237,23.481876]},"geometry":{"type":"Polygon","coordinates":[[[120.448175,23.481884],[120.448293,23.481901],[120.448297,23.48187],[120.448181,23.481851],[120.448175,23.481884]]]}},{"type":"Feature","id":"w562248501","properties":{"kind":"building","category":"retail","name":"寶雅","area_m2":329.2,"centroid":[120.4485,23.48071]},"geometry":{"type":"Polygon","coordinates":[[[120.44861,23.480781],[120.448446,23.480771],[120.448411,23.48074],[120.448413,23.480625],[120.448622,23.480635],[120.44861,23.480781]]]}},{"type":"Feature","id":"w562252462","properties":{"kind":"building","category":"yes","name":"中正公園新厝","area_m2":339.5,"centroid":[120.447,23.481803]},"geometry":{"type":"Polygon","coordinates":[[[120.446943,23.48167],[120.447079,23.481685],[120.447057,23.481858],[120.447005,23.481907],[120.446914,23.481897],[120.446943,23.48167]]]}},{"type":"Feature","id":"w563377090","properties":{"kind":"green","category":"village_green","name":null,"area_m2":100.8,"centroid":[120.4532,23.48629]},"geometry":{"type":"Polygon","coordinates":[[[120.453223,23.486387],[120.453124,23.486226],[120.453254,23.486257],[120.453223,23.486387]]]}},{"type":"Feature","id":"w563377092","properties":{"kind":"green","category":"village_green","name":null,"area_m2":65.4,"centroid":[120.453409,23.485894]},"geometry":{"type":"Polygon","coordinates":[[[120.453325,23.485913],[120.453438,23.485933],[120.453464,23.485835],[120.453325,23.485913]]]}},{"type":"Feature","id":"w563377098","properties":{"kind":"green","category":"village_green","name":null,"area_m2":328.9,"centroid":[120.45368,23.486036]},"geometry":{"type":"Polygon","coordinates":[[[120.453556,23.486043],[120.453602,23.485898],[120.453699,23.485974],[120.453773,23.486088],[120.453768,23.486176],[120.453556,23.486043]]]}},{"type":"Feature","id":"w563377100","properties":{"kind":"green","category":"village_green","name":null,"area_m2":111.4,"centroid":[120.453693,23.486368]},"geometry":{"type":"Polygon","coordinates":[[[120.453606,23.486297],[120.453643,23.486359],[120.453752,23.486469],[120.453776,23.486377],[120.453689,23.486339],[120.453606,23.486297]]]}},{"type":"Feature","id":"w563401779","properties":{"kind":"green","category":"village_green","name":null,"area_m2":599.0,"centroid":[120.452683,23.492673]},"geometry":{"type":"Polygon","coordinates":[[[120.452545,23.492947],[120.452614,23.492535],[120.452659,23.492506],[120.452739,23.492608],[120.452781,23.492682],[120.452763,23.492762],[120.452545,23.492947]]]}},{"type":"Feature","id":"w563423882","properties":{"kind":"green","category":"park","name":"仁愛兒童公園","area_m2":2657.7,"centroid":[120.443341,23.467352]},"geometry":{"type":"Polygon","coordinates":[[[120.443101,23.46762],[120.443125,23.467278],[120.443261,23.467214],[120.443334,23.467188],[120.443496,23.467116],[120.443732,23.467694],[120.443101,23.46762]]]}},{"type":"Feature","id":"w563423885","properties":{"kind":"building","category":"apartments","name":null,"area_m2":1918.6,"centroid":[120.445225,23.467198]},"geometry":{"type":"Polygon","coordinates":[[[120.445293,23.467811],[120.445448,23.467837],[120.445387,23.467699],[120.445324,23.467558],[120.445207,23.467264],[120.44505,23.466936],[120.445186,23.466898],[120.445341,23.466848],[120.445305,23.4667],[120.445018,23.466791],[120.444914,23.466838],[120.445293,23.467811]]]}},{"type":"Feature","id":"w563440780","properties":{"kind":"building","category":"apartments","name":null,"area_m2":798.4,"centroid":[120.445083,23.466024]},"geometry":{"type":"Polygon","coordinates":[[[120.445052,23.466249],[120.445017,23.466136],[120.445137,23.466095],[120.445102,23.465978],[120.444987,23.466013],[120.444945,23.465901],[120.445068,23.465856],[120.445163,23.465819],[120.44528,23.466172],[120.445052,23.466249]]]}},{"type":"Feature","id":"w563440781","properties":{"kind":"building","category":"apartments","name":null,"area_m2":2081.9,"centroid":[120.445434,23.467487]},"geometry":{"type":"Polygon","coordinates":[[[120.445448,23.467837],[120.445589,23.467849],[120.445709,23.467812],[120.445341,23.466848],[120.445186,23.466898],[120.44533,23.467287],[120.445482,23.467663],[120.445387,23.467699],[120.445448,23.467837]]]}},{"type":"Feature","id":"w563637755","properties":{"kind":"building","category":"commercial","name":"中廣嘉義台","area_m2":1250.8,"centroid":[120.454618,23.470171]},"geometry":{"type":"Polygon","coordinates":[[[120.454432,23.47033],[120.454745,23.470354],[120.454811,23.470014],[120.454485,23.469986],[120.454432,23.47033]]]}},{"type":"Feature","id":"w563682127","properties":{"kind":"green","category":"village_green","name":null,"area_m2":159.6,"centroid":[120.439505,23.474972]},"geometry":{"type":"Polygon","coordinates":[[[120.43943,23.474966],[120.43944,23.474914],[120.439464,23.474851],[120.439553,23.474954],[120.439566,23.474987],[120.439564,23.475013],[120.439553,23.475037],[120.439511,23.475023],[120.439464,23.475004],[120.43943,23.474966]]]}},{"type":"Feature","id":"w563718949","properties":{"kind":"building","category":"commercial","name":null,"area_m2":577.3,"centroid":[120.442818,23.468039]},"geometry":{"type":"Polygon","coordinates":[[[120.442643,23.468097],[120.44266,23.467889],[120.442906,23.467906],[120.442892,23.468071],[120.442889,23.468094],[120.442878,23.468105],[120.442859,23.468112],[120.442643,23.468097]]]}},{"type":"Feature","id":"w564011108","properties":{"kind":"building","category":"residential","name":null,"area_m2":328.3,"centroid":[120.446756,23.4817]},"geometry":{"type":"Polygon","coordinates":[[[120.446653,23.481802],[120.446662,23.481613],[120.446789,23.481617],[120.446786,23.48168],[120.446825,23.481681],[120.44682,23.481808],[120.446653,23.481802]]]}},{"type":"Feature","id":"w564011524","properties":{"kind":"building","category":"yes","name":null,"area_m2":222.7,"centroid":[120.446543,23.481735]},"geometry":{"type":"Polygon","coordinates":[[[120.446481,23.48181],[120.446505,23.481805],[120.446562,23.481772],[120.446609,23.48177],[120.446612,23.481628],[120.446489,23.481627],[120.446481,23.48181]]]}},{"type":"Feature","id":"w564780239","properties":{"kind":"building","category":"yes","name":null,"area_m2":820.3,"centroid":[120.461314,23.475267]},"geometry":{"type":"Polygon","coordinates":[[[120.46132,23.475458],[120.461308,23.475279],[120.461168,23.475264],[120.461194,23.475078],[120.461414,23.475093],[120.461479,23.475428],[120.46132,23.475458]]]}},{"type":"Feature","id":"w564780240","properties":{"kind":"building","category":"temple","name":null,"area_m2":806.7,"centroid":[120.457856,23.476174]},"geometry":{"type":"Polygon","coordinates":[[[120.457712,23.476301],[120.457752,23.476018],[120.458,23.476047],[120.457961,23.47633],[120.457712,23.476301]]]}},{"type":"Feature","id":"w565284694","properties":{"kind":"green","category":"park","name":null,"area_m2":1893.8,"centroid":[120.461819,23.474486]},"geometry":{"type":"Polygon","coordinates":[[[120.461638,23.474721],[120.46168,23.474147],[120.462083,23.47434],[120.461874,23.474735],[120.461638,23.474721]]]}},{"type":"Feature","id":"w565284767","properties":{"kind":"building","category":"yes","name":"協天宮","area_m2":604.1,"centroid":[120.446923,23.463783]},"geometry":{"type":"Polygon","coordinates":[[[120.446788,23.463885],[120.44686,23.463633],[120.447058,23.46368],[120.446987,23.463933],[120.446788,23.463885]]]}},{"type":"Feature","id":"w565825108","properties":{"kind":"building","category":"yes","name":null,"area_m2":280.5,"centroid":[120.458539,23.469514]},"geometry":{"type":"Polygon","coordinates":[[[120.458654,23.469575],[120.458658,23.46947],[120.458433,23.469453],[120.45841,23.469558],[120.458654,23.469575]]]}},{"type":"Feature","id":"w566514896","properties":{"kind":"green","category":"park","name":"南興公園","area_m2":9345.9,"centroid":[120.456779,23.465429]},"geometry":{"type":"Polygon","coordinates":[[[120.456223,23.465563],[120.456241,23.465444],[120.456041,23.465405],[120.456127,23.465068],[120.456213,23.465094],[120.456275,23.465142],[120.456349,23.465196],[120.456377,23.465215],[120.45646,23.465184],[120.456565,23.46519],[120.456771,23.46519],[120.45699,23.465218],[120.457113,23.465275],[120.457286,23.465371],[120.4574,23.465391],[120.45748,23.465447],[120.457511,23.465535],[120.457458,23.465741],[120.45743,23.466353],[120.456986,23.466307],[120.457062,23.46569],[120.456223,23.465563]]]}},{"type":"Feature","id":"w567185990","properties":{"kind":"building","category":"commercial","name":"嘉義市農會綜合農業大樓","area_m2":812.2,"centroid":[120.452737,23.480397]},"geometry":{"type":"Polygon","coordinates":[[[120.452933,23.480541],[120.452967,23.480353],[120.452742,23.480306],[120.452718,23.480375],[120.452549,23.480333],[120.452514,23.480476],[120.452933,23.480541]]]}},{"type":"Feature","id":"w567185997","properties":{"kind":"building","category":"yes","name":null,"area_m2":345.9,"centroid":[120.45471,23.48245]},"geometry":{"type":"Polygon","coordinates":[[[120.454913,23.482434],[120.454902,23.48251],[120.454508,23.482466],[120.454518,23.482389],[120.454913,23.482434]]]}},{"type":"Feature","id":"w567185998","properties":{"kind":"building","category":"yes","name":null,"area_m2":718.1,"centroid":[120.454698,23.482605]},"geometry":{"type":"Polygon","coordinates":[[[120.454936,23.482586],[120.454925,23.48266],[120.45489,23.482656],[120.454882,23.482715],[120.454496,23.482669],[120.454503,23.482618],[120.454465,23.482613],[120.454476,23.482537],[120.454503,23.48254],[120.454506,23.48252],[120.454897,23.482567],[120.454895,23.482581],[120.454936,23.482586]]]}},{"type":"Feature","id":"w567185999","properties":{"kind":"building","category":"house","name":"嘉義市長官邸","area_m2":349.1,"centroid":[120.454211,23.48283]},"geometry":{"type":"Polygon","coordinates":[[[120.454205,23.482827],[120.454193,23.482936],[120.454297,23.482945],[120.45432,23.482734],[120.454131,23.482717],[120.45412,23.482819],[120.454205,23.482827]]]}},{"type":"Feature","id":"w567813770","properties":{"kind":"building","category":"temple","name":"南天門太子行宮","area_m2":1143.3,"centroid":[120.434611,23.479912]},"geometry":{"type":"Polygon","coordinates":[[[120.43446,23.480049],[120.434487,23.479948],[120.434565,23.479966],[120.434601,23.479834],[120.434534,23.479818],[120.434554,23.479741],[120.434887,23.479816],[120.434803,23.480127],[120.43446,23.480049]]]}},{"type":"Feature","id":"w569214014","properties":{"kind":"building","category":"commercial","name":"Toyota","area_m2":1567.0,"centroid":[120.452463,23.464629]},"geometry":{"type":"Polygon","coordinates":[[[120.452106,23.464674],[120.452203,23.464505],[120.45227,23.464485],[120.452369,23.46449],[120.452428,23.464483],[120.452451,23.464533],[120.452684,23.464607],[120.452747,23.46464],[120.452713,23.464704],[120.452642,23.464829],[120.452493,23.464757],[120.452447,23.464838],[120.452106,23.464674]]]}},{"type":"Feature","id":"w573002922","properties":{"kind":"building","category":"apartments","name":"綠芙園","area_m2":678.6,"centroid":[120.439276,23.491846]},"geometry":{"type":"Polygon","coordinates":[[[120.439126,23.491942],[120.439407,23.491963],[120.439425,23.49175],[120.439145,23.491729],[120.439126,23.491942]]]}},{"type":"Feature","id":"w583618804","properties":{"kind":"building","category":"school","name":"體育館","area_m2":1127.2,"centroid":[120.45165,23.472456]},"geometry":{"type":"Polygon","coordinates":[[[120.451411,23.472546],[120.45187,23.472582],[120.45189,23.472366],[120.451431,23.47233],[120.451411,23.472546]]]}},{"type":"Feature","id":"w583618806","properties":{"kind":"building","category":"school","name":"教學行政大樓","area_m2":1740.5,"centroid":[120.451252,23.473351]},"geometry":{"type":"Polygon","coordinates":[[[120.450668,23.473364],[120.451018,23.473388],[120.451016,23.473417],[120.451276,23.473435],[120.451279,23.473401],[120.451461,23.473413],[120.451519,23.473418],[120.451562,23.47342],[120.45182,23.473438],[120.45183,23.473319],[120.45124,23.473279],[120.451243,23.473235],[120.451084,23.473224],[120.45108,23.47327],[120.450678,23.473243],[120.450668,23.473364]]]}},{"type":"Feature","id":"w583618807","properties":{"kind":"building","category":"school","name":"科學館","area_m2":845.6,"centroid":[120.44992,23.473081]},"geometry":{"type":"Polygon","coordinates":[[[120.449649,23.47318],[120.450178,23.473219],[120.450191,23.473062],[120.450129,23.473058],[120.450127,23.47308],[120.449964,23.473068],[120.449846,23.473059],[120.449724,23.47305],[120.449727,23.47302],[120.449663,23.473015],[120.449649,23.47318]]]}},{"type":"Feature","id":"w583618808","properties":{"kind":"building","category":"school","name":"藝能館","area_m2":833.2,"centroid":[120.449875,23.473461]},"geometry":{"type":"Polygon","coordinates":[[[120.449582,23.473546],[120.450158,23.473595],[120.450173,23.473447],[120.450125,23.473443],[120.450122,23.473469],[120.449908,23.47345],[120.44979,23.47344],[120.449643,23.473428],[120.449646,23.473397],[120.449598,23.473393],[120.449582,23.473546]]]}},{"type":"Feature","id":"w583618812","properties":{"kind":"building","category":"yes","name":"圖書館","area_m2":602.4,"centroid":[120.451267,23.472306]},"geometry":{"type":"Polygon","coordinates":[[[120.45105,23.472377],[120.451309,23.472398],[120.451314,23.472339],[120.451373,23.472344],[120.451376,23.472305],[120.451319,23.472301],[120.451328,23.472202],[120.451068,23.472182],[120.45105,23.472377]]]}},{"type":"Feature","id":"w583618813","properties":{"kind":"building","category":"apartments","name":"崇文天下公寓大廈","area_m2":1284.2,"centroid":[120.452005,23.474445]},"geometry":{"type":"Polygon","coordinates":[[[120.451808,23.47454],[120.451948,23.474549],[120.451958,23.474416],[120.452016,23.47442],[120.452006,23.47455],[120.452225,23.474564],[120.452248,23.474276],[120.451831,23.474248],[120.451808,23.47454]]]}},{"type":"Feature","id":"w583618814","properties":{"kind":"building","category":"apartments","name":"崇文天下公寓大廈","area_m2":1292.8,"centroid":[120.452492,23.474482]},"geometry":{"type":"Polygon","coordinates":[[[120.45266,23.474599],[120.45253,23.47459],[120.452541,23.474463],[120.452502,23.47446],[120.452491,23.474587],[120.45225,23.474569],[120.452275,23.47428],[120.452685,23.474309],[120.45266,23.474599]]]}},{"type":"Feature","id":"w583627168","properties":{"kind":"building","category":"school","name":"游藝館","area_m2":1335.7,"centroid":[120.453571,23.472851]},"geometry":{"type":"Polygon","coordinates":[[[120.453356,23.472981],[120.453764,23.473009],[120.453787,23.47272],[120.453379,23.472693],[120.453356,23.472981]]]}},{"type":"Feature","id":"w583627170","properties":{"kind":"building","category":"storage_tank","name":null,"area_m2":473.4,"centroid":[120.45262,23.466874]},"geometry":{"type":"Polygon","coordinates":[[[120.452534,23.466799],[120.452511,23.466828],[120.4525,23.466861],[120.4525,23.466896],[120.452514,23.466932],[120.452541,23.466962],[120.452577,23.466982],[120.452618,23.466989],[120.45266,23.466983],[120.452697,23.466964],[120.452724,23.466935],[120.45274,23.466899],[120.452741,23.466861],[120.452729,23.466827],[120.452707,23.466799],[120.452675,23.466778],[120.452639,23.466767],[120.452601,23.466767],[120.452564,23.466778],[120.452534,23.466799]]]}},{"type":"Feature","id":"w583627171","properties":{"kind":"building","category":"storage_tank","name":null,"area_m2":474.0,"centroid":[120.452512,23.466583]},"geometry":{"type":"Polygon","coordinates":[[[120.452426,23.466508],[120.452403,23.466536],[120.452392,23.46657],[120.452392,23.466605],[120.452406,23.466641],[120.452433,23.466671],[120.452469,23.466691],[120.45251,23.466698],[120.452552,23.466692],[120.452589,23.466673],[120.452617,23.466644],[120.452632,23.466608],[120.452633,23.466569],[120.452621,23.466536],[120.452599,23.466508],[120.452568,23.466487],[120.452531,23.466476],[120.452493,23.466476],[120.452457,23.466487],[120.452426,23.466508]]]}},{"type":"Feature","id":"w583627172","properties":{"kind":"building","category":"storage_tank","name":null,"area_m2":270.9,"centroid":[120.452141,23.467256]},"geometry":{"type":"Polygon","coordinates":[[[120.452092,23.467184],[120.452069,23.467203],[120.452055,23.467227],[120.452049,23.467255],[120.452054,23.467282],[120.452068,23.467307],[120.45209,23.467326],[120.452117,23.467337],[120.452147,23.46734],[120.452177,23.467333],[120.452203,23.467319],[120.452221,23.467297],[120.452232,23.467271],[120.452232,23.467243],[120.452223,23.467217],[120.452205,23.467194],[120.45218,23.467179],[120.45215,23.467172],[120.45212,23.467173],[120.452092,23.467184]]]}},{"type":"Feature","id":"w583627173","properties":{"kind":"building","category":"storage_tank","name":null,"area_m2":270.5,"centroid":[120.451909,23.467336]},"geometry":{"type":"Polygon","coordinates":[[[120.45186,23.467264],[120.451837,23.467283],[120.451822,23.467307],[120.451817,23.467335],[120.451821,23.467362],[120.451836,23.467387],[120.451857,23.467406],[120.451885,23.467417],[120.451915,23.46742],[120.451944,23.467414],[120.45197,23.467399],[120.451989,23.467377],[120.451999,23.467351],[120.452,23.467323],[120.451991,23.467297],[120.451972,23.467275],[120.451947,23.467259],[120.451918,23.467252],[120.451887,23.467254],[120.45186,23.467264]]]}},{"type":"Feature","id":"w583627174","properties":{"kind":"building","category":"storage_tank","name":null,"area_m2":271.2,"centroid":[120.451817,23.467118]},"geometry":{"type":"Polygon","coordinates":[[[120.451767,23.467047],[120.451745,23.467066],[120.45173,23.46709],[120.451724,23.467117],[120.451729,23.467145],[120.451743,23.467169],[120.451765,23.467188],[120.451793,23.4672],[120.451823,23.467203],[120.451852,23.467196],[120.451878,23.467181],[120.451897,23.46716],[120.451907,23.467134],[120.451908,23.467106],[120.451898,23.467079],[120.45188,23.467057],[120.451855,23.467041],[120.451825,23.467034],[120.451795,23.467036],[120.451767,23.467047]]]}},{"type":"Feature","id":"w583627175","properties":{"kind":"building","category":"storage_tank","name":null,"area_m2":270.8,"centroid":[120.452048,23.467042]},"geometry":{"type":"Polygon","coordinates":[[[120.451998,23.466971],[120.451976,23.466989],[120.451961,23.467014],[120.451955,23.467041],[120.45196,23.467068],[120.451974,23.467093],[120.451996,23.467112],[120.452024,23.467124],[120.452054,23.467126],[120.452083,23.46712],[120.452109,23.467105],[120.452128,23.467083],[120.452138,23.467057],[120.452139,23.467029],[120.452129,23.467003],[120.452111,23.466981],[120.452086,23.466965],[120.452056,23.466958],[120.452026,23.46696],[120.451998,23.466971]]]}},{"type":"Feature","id":"w583627176","properties":{"kind":"building","category":"storage_tank","name":null,"area_m2":271.2,"centroid":[120.452614,23.467183]},"geometry":{"type":"Polygon","coordinates":[[[120.452565,23.467112],[120.452543,23.46713],[120.452528,23.467155],[120.452522,23.467182],[120.452527,23.46721],[120.452541,23.467234],[120.452563,23.467253],[120.45259,23.467265],[120.452621,23.467268],[120.45265,23.467261],[120.452676,23.467246],[120.452695,23.467225],[120.452705,23.467199],[120.452705,23.467171],[120.452696,23.467144],[120.452678,23.467122],[120.452653,23.467106],[120.452623,23.467099],[120.452593,23.467101],[120.452565,23.467112]]]}},{"type":"Feature","id":"w583627177","properties":{"kind":"building","category":"storage_tank","name":null,"area_m2":270.9,"centroid":[120.452852,23.467118]},"geometry":{"type":"Polygon","coordinates":[[[120.452802,23.467047],[120.45278,23.467066],[120.452765,23.46709],[120.45276,23.467117],[120.452764,23.467145],[120.452778,23.467169],[120.4528,23.467188],[120.452828,23.4672],[120.452858,23.467203],[120.452887,23.467196],[120.452913,23.467181],[120.452932,23.46716],[120.452942,23.467134],[120.452943,23.467106],[120.452933,23.467079],[120.452915,23.467057],[120.45289,23.467041],[120.452861,23.467034],[120.45283,23.467036],[120.452802,23.467047]]]}},{"type":"Feature","id":"w583627178","properties":{"kind":"building","category":"storage_tank","name":null,"area_m2":271.2,"centroid":[120.452929,23.467342]},"geometry":{"type":"Polygon","coordinates":[[[120.452879,23.46727],[120.452857,23.467289],[120.452842,23.467313],[120.452837,23.46734],[120.452841,23.467368],[120.452855,23.467393],[120.452877,23.467412],[120.452905,23.467423],[120.452935,23.467426],[120.452964,23.467419],[120.45299,23.467405],[120.453009,23.467383],[120.453019,23.467357],[120.45302,23.467329],[120.45301,23.467303],[120.452992,23.46728],[120.452967,23.467265],[120.452938,23.467257],[120.452907,23.467259],[120.452879,23.46727]]]}},{"type":"Feature","id":"w583627179","properties":{"kind":"building","category":"storage_tank","name":null,"area_m2":270.6,"centroid":[120.453021,23.467565]},"geometry":{"type":"Polygon","coordinates":[[[120.452972,23.467493],[120.452949,23.467512],[120.452934,23.467536],[120.452929,23.467564],[120.452934,23.467591],[120.452948,23.467616],[120.45297,23.467635],[120.452997,23.467646],[120.453027,23.467649],[120.453057,23.467643],[120.453082,23.467628],[120.453101,23.467606],[120.453112,23.46758],[120.453112,23.467552],[120.453103,23.467526],[120.453085,23.467504],[120.453059,23.467488],[120.45303,23.467481],[120.453,23.467483],[120.452972,23.467493]]]}},{"type":"Feature","id":"w583627180","properties":{"kind":"building","category":"storage_tank","name":null,"area_m2":270.8,"centroid":[120.452796,23.467641]},"geometry":{"type":"Polygon","coordinates":[[[120.452747,23.46757],[120.452724,23.467588],[120.452709,23.467613],[120.452704,23.46764],[120.452709,23.467668],[120.452723,23.467692],[120.452745,23.467711],[120.452772,23.467723],[120.452802,23.467725],[120.452832,23.467719],[120.452857,23.467704],[120.452876,23.467683],[120.452887,23.467657],[120.452887,23.467629],[120.452878,23.467602],[120.45286,23.46758],[120.452834,23.467564],[120.452805,23.467557],[120.452775,23.467559],[120.452747,23.46757]]]}},{"type":"Feature","id":"w583627181","properties":{"kind":"building","category":"storage_tank","name":null,"area_m2":270.9,"centroid":[120.452704,23.467421]},"geometry":{"type":"Polygon","coordinates":[[[120.452654,23.467349],[120.452632,23.467368],[120.452617,23.467392],[120.452612,23.46742],[120.452616,23.467447],[120.45263,23.467472],[120.452652,23.467491],[120.45268,23.467502],[120.45271,23.467505],[120.452739,23.467499],[120.452765,23.467484],[120.452784,23.467462],[120.452794,23.467436],[120.452795,23.467408],[120.452786,23.467382],[120.452767,23.46736],[120.452742,23.467344],[120.452713,23.467337],[120.452682,23.467339],[120.452654,23.467349]]]}},{"type":"Feature","id":"w583627182","properties":{"kind":"building","category":"storage_tank","name":null,"area_m2":184.3,"centroid":[120.452218,23.467477]},"geometry":{"type":"Polygon","coordinates":[[[120.452154,23.467436],[120.452143,23.467458],[120.452141,23.467482],[120.452149,23.467506],[120.452162,23.467524],[120.452181,23.467537],[120.452204,23.467544],[120.452227,23.467544],[120.45225,23.467538],[120.45227,23.467525],[120.452284,23.467508],[120.452292,23.467487],[120.452292,23.467465],[120.452285,23.467444],[120.452269,23.467425],[120.452247,23.467412],[120.452222,23.467406],[120.452196,23.467408],[120.452172,23.467419],[120.452154,23.467436]]]}},{"type":"Feature","id":"w583627183","properties":{"kind":"building","category":"storage_tank","name":null,"area_m2":183.4,"centroid":[120.452282,23.467644]},"geometry":{"type":"Polygon","coordinates":[[[120.452218,23.467603],[120.452208,23.467625],[120.452206,23.467649],[120.452213,23.467672],[120.452227,23.46769],[120.452246,23.467703],[120.452268,23.46771],[120.452292,23.46771],[120.452315,23.467704],[120.452334,23.467692],[120.452348,23.467674],[120.452356,23.467653],[120.452356,23.467631],[120.452349,23.467611],[120.452334,23.467591],[120.452312,23.467578],[120.452286,23.467572],[120.45226,23.467575],[120.452237,23.467585],[120.452218,23.467603]]]}},{"type":"Feature","id":"w583627184","properties":{"kind":"building","category":"storage_tank","name":null,"area_m2":183.6,"centroid":[120.452353,23.467813]},"geometry":{"type":"Polygon","coordinates":[[[120.452289,23.467772],[120.452279,23.467794],[120.452277,23.467818],[120.452284,23.467841],[120.452298,23.467859],[120.452316,23.467872],[120.452339,23.46788],[120.452363,23.46788],[120.452386,23.467874],[120.452405,23.467861],[120.452419,23.467844],[120.452427,23.467823],[120.452427,23.467801],[120.45242,23.46778],[120.452405,23.467761],[120.452383,23.467747],[120.452357,23.467742],[120.452331,23.467744],[120.452308,23.467755],[120.452289,23.467772]]]}},{"type":"Feature","id":"w583627185","properties":{"kind":"building","category":"storage_tank","name":null,"area_m2":184.2,"centroid":[120.452116,23.467887]},"geometry":{"type":"Polygon","coordinates":[[[120.452052,23.467846],[120.452041,23.467868],[120.452039,23.467892],[120.452047,23.467915],[120.45206,23.467933],[120.452079,23.467946],[120.452102,23.467953],[120.452125,23.467954],[120.452148,23.467947],[120.452168,23.467934],[120.452182,23.467917],[120.45219,23.467896],[120.45219,23.467875],[120.452183,23.467854],[120.452168,23.467834],[120.452146,23.467821],[120.45212,23.467815],[120.452094,23.467818],[120.45207,23.467828],[120.452052,23.467846]]]}},{"type":"Feature","id":"w583627186","properties":{"kind":"building","category":"storage_tank","name":null,"area_m2":183.5,"centroid":[120.452058,23.46772]},"geometry":{"type":"Polygon","coordinates":[[[120.451994,23.467679],[120.451983,23.467701],[120.451981,23.467725],[120.451988,23.467748],[120.452002,23.467766],[120.452021,23.467779],[120.452043,23.467786],[120.452067,23.467787],[120.45209,23.46778],[120.452109,23.467768],[120.452123,23.46775],[120.452131,23.46773],[120.452132,23.467708],[120.452124,23.467687],[120.452109,23.467668],[120.452087,23.467654],[120.452062,23.467648],[120.452035,23.467651],[120.452012,23.467661],[120.451994,23.467679]]]}},{"type":"Feature","id":"w583627187","properties":{"kind":"building","category":"storage_tank","name":null,"area_m2":184.2,"centroid":[120.45198,23.467553]},"geometry":{"type":"Polygon","coordinates":[[[120.451916,23.467512],[120.451906,23.467534],[120.451904,23.467558],[120.451911,23.467581],[120.451925,23.467599],[120.451944,23.467613],[120.451966,23.46762],[120.45199,23.46762],[120.452013,23.467614],[120.452032,23.467601],[120.452046,23.467584],[120.452054,23.467563],[120.452055,23.467541],[120.452048,23.46752],[120.452032,23.467501],[120.45201,23.467487],[120.451984,23.467482],[120.451958,23.467484],[120.451935,23.467495],[120.451916,23.467512]]]}},{"type":"Feature","id":"w583627190","properties":{"kind":"building","category":"storage_tank","name":null,"area_m2":270.3,"centroid":[120.451499,23.465886]},"geometry":{"type":"Polygon","coordinates":[[[120.45145,23.465815],[120.451427,23.465833],[120.451412,23.465858],[120.451407,23.465885],[120.451412,23.465913],[120.451426,23.465937],[120.451448,23.465956],[120.451475,23.465968],[120.451505,23.46597],[120.451535,23.465964],[120.45156,23.465949],[120.451579,23.465927],[120.45159,23.465901],[120.45159,23.465874],[120.451581,23.465847],[120.451562,23.465825],[120.451537,23.465809],[120.451508,23.465802],[120.451478,23.465804],[120.45145,23.465815]]]}},{"type":"Feature","id":"w583627193","properties":{"kind":"building","category":"storage_tank","name":null,"area_m2":271.2,"centroid":[120.451638,23.465683]},"geometry":{"type":"Polygon","coordinates":[[[120.451588,23.465611],[120.451566,23.46563],[120.451551,23.465654],[120.451546,23.465681],[120.45155,23.465709],[120.451564,23.465734],[120.451586,23.465753],[120.451614,23.465764],[120.451644,23.465767],[120.451673,23.46576],[120.451699,23.465746],[120.451718,23.465724],[120.451728,23.465698],[120.451729,23.46567],[120.451719,23.465644],[120.451701,23.465621],[120.451676,23.465606],[120.451647,23.465598],[120.451616,23.4656],[120.451588,23.465611]]]}},{"type":"Feature","id":"w583627196","properties":{"kind":"building","category":"storage_tank","name":null,"area_m2":270.3,"centroid":[120.451881,23.465759]},"geometry":{"type":"Polygon","coordinates":[[[120.451832,23.465688],[120.451809,23.465706],[120.451794,23.46573],[120.451789,23.465758],[120.451794,23.465785],[120.451808,23.46581],[120.45183,23.465829],[120.451857,23.46584],[120.451887,23.465843],[120.451917,23.465837],[120.451942,23.465822],[120.451961,23.4658],[120.451972,23.465774],[120.451972,23.465746],[120.451963,23.46572],[120.451945,23.465698],[120.451919,23.465682],[120.45189,23.465675],[120.45186,23.465677],[120.451832,23.465688]]]}},{"type":"Feature","id":"w583627199","properties":{"kind":"building","category":"storage_tank","name":null,"area_m2":271.2,"centroid":[120.451388,23.465618]},"geometry":{"type":"Polygon","coordinates":[[[120.451339,23.465546],[120.451316,23.465565],[120.451301,23.465589],[120.451296,23.465616],[120.451301,23.465644],[120.451315,23.465669],[120.451337,23.465688],[120.451364,23.465699],[120.451394,23.465702],[120.451424,23.465695],[120.451449,23.465681],[120.451468,23.465659],[120.451479,23.465633],[120.451479,23.465605],[120.45147,23.465579],[120.451452,23.465556],[120.451426,23.465541],[120.451397,23.465533],[120.451367,23.465535],[120.451339,23.465546]]]}},{"type":"Feature","id":"w583629086","properties":{"kind":"building","category":"yes","name":"光正萬教宮","area_m2":625.8,"centroid":[120.467116,23.468506]},"geometry":{"type":"Polygon","coordinates":[[[120.467062,23.46866],[120.466967,23.468419],[120.46717,23.468352],[120.467266,23.468593],[120.467062,23.46866]]]}},{"type":"Feature","id":"w584741773","properties":{"kind":"building","category":"yes","name":null,"area_m2":738.9,"centroid":[120.431978,23.473674]},"geometry":{"type":"Polygon","coordinates":[[[120.432113,23.473515],[120.431941,23.473475],[120.431844,23.473834],[120.432015,23.473874],[120.432113,23.473515]]]}},{"type":"Feature","id":"w584741809","properties":{"kind":"building","category":"yes","name":null,"area_m2":290.3,"centroid":[120.430776,23.475618]},"geometry":{"type":"Polygon","coordinates":[[[120.430706,23.475531],[120.430683,23.475686],[120.430846,23.475706],[120.430869,23.475551],[120.430706,23.475531]]]}},{"type":"Feature","id":"w584741810","properties":{"kind":"building","category":"yes","name":null,"area_m2":461.0,"centroid":[120.430591,23.47567]},"geometry":{"type":"Polygon","coordinates":[[[120.430689,23.475547],[120.430541,23.475525],[120.430494,23.475794],[120.430642,23.475816],[120.430689,23.475547]]]}},{"type":"Feature","id":"w584741856","properties":{"kind":"building","category":"yes","name":null,"area_m2":396.3,"centroid":[120.430461,23.475317]},"geometry":{"type":"Polygon","coordinates":[[[120.430589,23.475259],[120.430355,23.475228],[120.430332,23.475375],[120.430566,23.475406],[120.430589,23.475259]]]}},{"type":"Feature","id":"w584741951","properties":{"kind":"building","category":"yes","name":null,"area_m2":866.8,"centroid":[120.4307,23.471985]},"geometry":{"type":"Polygon","coordinates":[[[120.430938,23.471886],[120.430447,23.471929],[120.430463,23.472084],[120.430954,23.472041],[120.430938,23.471886]]]}},{"type":"Feature","id":"w584741966","properties":{"kind":"building","category":"yes","name":null,"area_m2":96.8,"centroid":[120.431189,23.472233]},"geometry":{"type":"Polygon","coordinates":[[[120.431242,23.472191],[120.431131,23.472197],[120.431136,23.472274],[120.431247,23.472268],[120.431242,23.472191]]]}},{"type":"Feature","id":"w584742041","properties":{"kind":"building","category":"yes","name":null,"area_m2":1517.7,"centroid":[120.432719,23.472422]},"geometry":{"type":"Polygon","coordinates":[[[120.432963,23.472291],[120.432488,23.472271],[120.432474,23.472554],[120.432949,23.472573],[120.432963,23.472291]]]}},{"type":"Feature","id":"w584742048","properties":{"kind":"building","category":"yes","name":null,"area_m2":825.4,"centroid":[120.435384,23.471724]},"geometry":{"type":"Polygon","coordinates":[[[120.435146,23.471771],[120.435593,23.471837],[120.435621,23.471677],[120.435174,23.471612],[120.435146,23.471771]]]}},{"type":"Feature","id":"w584742084","properties":{"kind":"building","category":"yes","name":null,"area_m2":353.1,"centroid":[120.434368,23.471535]},"geometry":{"type":"Polygon","coordinates":[[[120.434446,23.471426],[120.434311,23.471415],[120.43429,23.471645],[120.434425,23.471656],[120.434446,23.471426]]]}},{"type":"Feature","id":"w584742115","properties":{"kind":"building","category":"yes","name":null,"area_m2":104.5,"centroid":[120.433622,23.470625]},"geometry":{"type":"Polygon","coordinates":[[[120.433683,23.470666],[120.433689,23.470593],[120.433562,23.470585],[120.433556,23.470657],[120.433683,23.470666]]]}},{"type":"Feature","id":"w584742116","properties":{"kind":"building","category":"yes","name":null,"area_m2":329.0,"centroid":[120.433753,23.470886]},"geometry":{"type":"Polygon","coordinates":[[[120.433844,23.470805],[120.433687,23.470786],[120.433661,23.470968],[120.433819,23.470987],[120.433844,23.470805]]]}},{"type":"Feature","id":"w584742140","properties":{"kind":"building","category":"yes","name":null,"area_m2":182.7,"centroid":[120.432006,23.470318]},"geometry":{"type":"Polygon","coordinates":[[[120.432103,23.470314],[120.432036,23.470233],[120.431909,23.470321],[120.431976,23.470402],[120.432103,23.470314]]]}},{"type":"Feature","id":"w584742142","properties":{"kind":"building","category":"yes","name":null,"area_m2":225.2,"centroid":[120.429973,23.471016]},"geometry":{"type":"Polygon","coordinates":[[[120.429978,23.471113],[120.430076,23.471039],[120.429968,23.470918],[120.429869,23.470993],[120.429978,23.471113]]]}},{"type":"Feature","id":"w586089269","properties":{"kind":"building","category":"roof","name":"舊嘉義神社參集所","area_m2":110.8,"centroid":[120.467668,23.481636]},"geometry":{"type":"Polygon","coordinates":[[[120.46759,23.481678],[120.467757,23.481651],[120.467746,23.481594],[120.467579,23.481621],[120.46759,23.481678]]]}},{"type":"Feature","id":"w586089270","properties":{"kind":"building","category":"roof","name":"舊嘉義神社手水舍","area_m2":64.4,"centroid":[120.467909,23.481599]},"geometry":{"type":"Polygon","coordinates":[[[120.467866,23.481635],[120.467963,23.481619],[120.467952,23.481562],[120.467855,23.481578],[120.467866,23.481635]]]}},{"type":"Feature","id":"w587142525","properties":{"kind":"building","category":"yes","name":"公園里聯合辦公處","area_m2":221.2,"centroid":[120.463484,23.483102]},"geometry":{"type":"Polygon","coordinates":[[[120.463418,23.48318],[120.463536,23.483189],[120.46355,23.483024],[120.463432,23.483015],[120.463418,23.48318]]]}},{"type":"Feature","id":"w591376741","properties":{"kind":"building","category":"house","name":null,"area_m2":89.8,"centroid":[120.431653,23.475919]},"geometry":{"type":"Polygon","coordinates":[[[120.431615,23.475832],[120.431579,23.475855],[120.43169,23.476005],[120.431726,23.475982],[120.431615,23.475832]]]}},{"type":"Feature","id":"w591376794","properties":{"kind":"building","category":"yes","name":null,"area_m2":173.3,"centroid":[120.436109,23.47451]},"geometry":{"type":"Polygon","coordinates":[[[120.436077,23.474596],[120.436173,23.474579],[120.43614,23.474424],[120.436045,23.474441],[120.436077,23.474596]]]}},{"type":"Feature","id":"w591376798","properties":{"kind":"building","category":"yes","name":null,"area_m2":417.6,"centroid":[120.437203,23.476579]},"geometry":{"type":"Polygon","coordinates":[[[120.437177,23.476439],[120.437061,23.476522],[120.43723,23.47672],[120.437346,23.476637],[120.437177,23.476439]]]}},{"type":"Feature","id":"w591376799","properties":{"kind":"building","category":"yes","name":null,"area_m2":179.9,"centroid":[120.437349,23.476449]},"geometry":{"type":"Polygon","coordinates":[[[120.437296,23.476339],[120.437243,23.476378],[120.437403,23.47656],[120.437456,23.47652],[120.437296,23.476339]]]}},{"type":"Feature","id":"w591376800","properties":{"kind":"building","category":"residential","name":null,"area_m2":175.6,"centroid":[120.43629,23.475761]},"geometry":{"type":"Polygon","coordinates":[[[120.436328,23.475661],[120.43625,23.475662],[120.436251,23.475861],[120.436329,23.475861],[120.436328,23.475661]]]}},{"type":"Feature","id":"w592610897","properties":{"kind":"building","category":"roof","name":null,"area_m2":1142.9,"centroid":[120.45003,23.482002]},"geometry":{"type":"Polygon","coordinates":[[[120.449833,23.482153],[120.450115,23.482191],[120.450229,23.481924],[120.450112,23.481821],[120.449863,23.481919],[120.449833,23.482153]]]}},{"type":"Feature","id":"w604792788","properties":{"kind":"building","category":"residential","name":null,"area_m2":276.5,"centroid":[120.436466,23.463745]},"geometry":{"type":"Polygon","coordinates":[[[120.436425,23.463791],[120.436396,23.463772],[120.436389,23.463738],[120.436395,23.463668],[120.436604,23.463688],[120.436588,23.46381],[120.436425,23.463791]]]}},{"type":"Feature","id":"w604792789","properties":{"kind":"building","category":"residential","name":null,"area_m2":116.4,"centroid":[120.436517,23.463583]},"geometry":{"type":"Polygon","coordinates":[[[120.4364,23.463553],[120.436396,23.463596],[120.436635,23.463613],[120.436638,23.46357],[120.4364,23.463553]]]}},{"type":"Feature","id":"w604792790","properties":{"kind":"building","category":"residential","name":null,"area_m2":82.2,"centroid":[120.436492,23.463528]},"geometry":{"type":"Polygon","coordinates":[[[120.436402,23.463542],[120.436405,23.463501],[120.436582,23.463513],[120.436578,23.463554],[120.436402,23.463542]]]}},{"type":"Feature","id":"w604792791","properties":{"kind":"building","category":"residential","name":null,"area_m2":89.1,"centroid":[120.436509,23.463479]},"geometry":{"type":"Polygon","coordinates":[[[120.436406,23.46349],[120.436411,23.46345],[120.436611,23.463469],[120.436606,23.463507],[120.436406,23.46349]]]}},{"type":"Feature","id":"w604792792","properties":{"kind":"building","category":"residential","name":null,"area_m2":82.2,"centroid":[120.436513,23.463442]},"geometry":{"type":"Polygon","coordinates":[[[120.436411,23.46345],[120.436414,23.463414],[120.436615,23.463433],[120.436611,23.463469],[120.436411,23.46345]]]}},{"type":"Feature","id":"w604792793","properties":{"kind":"building","category":"residential","name":null,"area_m2":93.1,"centroid":[120.436517,23.463403]},"geometry":{"type":"Polygon","coordinates":[[[120.436414,23.463414],[120.436418,23.463374],[120.43662,23.463392],[120.436615,23.463433],[120.436414,23.463414]]]}},{"type":"Feature","id":"w604792794","properties":{"kind":"building","category":"residential","name":null,"area_m2":76.7,"centroid":[120.436521,23.463366]},"geometry":{"type":"Polygon","coordinates":[[[120.436418,23.463374],[120.436421,23.463342],[120.436626,23.463358],[120.43662,23.463392],[120.436418,23.463374]]]}},{"type":"Feature","id":"w604792795","properties":{"kind":"building","category":"residential","name":null,"area_m2":115.1,"centroid":[120.436526,23.463325]},"geometry":{"type":"Polygon","coordinates":[[[120.436421,23.463342],[120.436426,23.463292],[120.43663,23.463309],[120.436626,23.463358],[120.436421,23.463342]]]}},{"type":"Feature","id":"w604792796","properties":{"kind":"building","category":"residential","name":null,"area_m2":203.0,"centroid":[120.436524,23.463261]},"geometry":{"type":"Polygon","coordinates":[[[120.436403,23.46329],[120.43641,23.463212],[120.436424,23.463213],[120.436635,23.463229],[120.436634,23.463248],[120.436631,23.463293],[120.43663,23.463309],[120.436426,23.463292],[120.436403,23.46329]]]}},{"type":"Feature","id":"w604792797","properties":{"kind":"building","category":"residential","name":null,"area_m2":209.1,"centroid":[120.436533,23.463178]},"geometry":{"type":"Polygon","coordinates":[[[120.436431,23.463126],[120.436643,23.463142],[120.436635,23.463229],[120.436424,23.463213],[120.436431,23.463126]]]}},{"type":"Feature","id":"w604792798","properties":{"kind":"building","category":"residential","name":null,"area_m2":203.8,"centroid":[120.436726,23.463761]},"geometry":{"type":"Polygon","coordinates":[[[120.436628,23.46382],[120.436645,23.463702],[120.436706,23.463708],[120.436707,23.463696],[120.436802,23.463704],[120.436787,23.463783],[120.436779,23.463801],[120.436754,23.463813],[120.436726,23.463825],[120.436628,23.46382]]]}},{"type":"Feature","id":"w604792799","properties":{"kind":"building","category":"residential","name":null,"area_m2":131.1,"centroid":[120.436743,23.463657]},"geometry":{"type":"Polygon","coordinates":[[[120.436802,23.463704],[120.436812,23.4636],[120.436701,23.463591],[120.436691,23.463695],[120.436707,23.463696],[120.436802,23.463704]]]}},{"type":"Feature","id":"w604792800","properties":{"kind":"building","category":"yes","name":"大九九賣場","area_m2":1283.6,"centroid":[120.436482,23.464793]},"geometry":{"type":"Polygon","coordinates":[[[120.436268,23.464917],[120.436297,23.464634],[120.436696,23.464669],[120.436667,23.464951],[120.436268,23.464917]]]}},{"type":"Feature","id":"w604792801","properties":{"kind":"building","category":"yes","name":"全聯福利中心","area_m2":621.2,"centroid":[120.436515,23.464446]},"geometry":{"type":"Polygon","coordinates":[[[120.436309,23.464499],[120.436321,23.464362],[120.43672,23.464393],[120.436708,23.46453],[120.436309,23.464499]]]}},{"type":"Feature","id":"w604792802","properties":{"kind":"building","category":"residential","name":null,"area_m2":287.7,"centroid":[120.436403,23.464286]},"geometry":{"type":"Polygon","coordinates":[[[120.436521,23.46437],[120.436533,23.464247],[120.436329,23.464234],[120.436324,23.464229],[120.43631,23.464351],[120.436521,23.46437]]]}},{"type":"Feature","id":"w604792803","properties":{"kind":"building","category":"residential","name":null,"area_m2":253.6,"centroid":[120.436639,23.464312]},"geometry":{"type":"Polygon","coordinates":[[[120.436537,23.464361],[120.43655,23.464244],[120.43674,23.464262],[120.436727,23.464379],[120.436537,23.464361]]]}},{"type":"Feature","id":"w604792804","properties":{"kind":"building","category":"residential","name":null,"area_m2":257.9,"centroid":[120.436435,23.464185]},"geometry":{"type":"Polygon","coordinates":[[[120.436329,23.464234],[120.436337,23.464123],[120.436541,23.464135],[120.436533,23.464247],[120.436329,23.464234]]]}},{"type":"Feature","id":"w604792805","properties":{"kind":"building","category":"residential","name":null,"area_m2":119.9,"centroid":[120.436467,23.463977]},"geometry":{"type":"Polygon","coordinates":[[[120.436353,23.463991],[120.436577,23.46401],[120.436582,23.463963],[120.436358,23.463944],[120.436353,23.463991]]]}},{"type":"Feature","id":"w604792806","properties":{"kind":"building","category":"residential","name":null,"area_m2":201.9,"centroid":[120.436449,23.464066]},"geometry":{"type":"Polygon","coordinates":[[[120.436545,23.464119],[120.436553,23.46403],[120.436353,23.464014],[120.436344,23.464102],[120.436545,23.464119]]]}},{"type":"Feature","id":"w605022283","properties":{"kind":"building","category":"residential","name":null,"area_m2":236.9,"centroid":[120.436576,23.463031]},"geometry":{"type":"Polygon","coordinates":[[[120.436455,23.46307],[120.436464,23.462962],[120.43666,23.462978],[120.436651,23.46306],[120.436649,23.463084],[120.436455,23.46307]]]}},{"type":"Feature","id":"w605022285","properties":{"kind":"building","category":"residential","name":null,"area_m2":82.0,"centroid":[120.436729,23.463459]},"geometry":{"type":"Polygon","coordinates":[[[120.436809,23.463487],[120.436813,23.463443],[120.436649,23.463431],[120.436645,23.463475],[120.436809,23.463487]]]}},{"type":"Feature","id":"w605022286","properties":{"kind":"building","category":"residential","name":null,"area_m2":113.6,"centroid":[120.436729,23.46334]},"geometry":{"type":"Polygon","coordinates":[[[120.436832,23.463321],[120.43663,23.463309],[120.436626,23.463358],[120.436829,23.463371],[120.436832,23.463321]]]}},{"type":"Feature","id":"w605022287","properties":{"kind":"building","category":"residential","name":null,"area_m2":97.7,"centroid":[120.436714,23.463271]},"geometry":{"type":"Polygon","coordinates":[[[120.436822,23.463304],[120.436825,23.463259],[120.436656,23.463249],[120.436634,23.463248],[120.436631,23.463293],[120.436822,23.463304]]]}},{"type":"Feature","id":"w605022288","properties":{"kind":"building","category":"residential","name":null,"area_m2":89.8,"centroid":[120.436755,23.463234]},"geometry":{"type":"Polygon","coordinates":[[[120.436658,23.463208],[120.43669,23.46321],[120.436853,23.46322],[120.43685,23.463261],[120.436825,23.463259],[120.436656,23.463249],[120.436658,23.463208]]]}},{"type":"Feature","id":"w605022289","properties":{"kind":"building","category":"residential","name":null,"area_m2":70.9,"centroid":[120.436773,23.463196]},"geometry":{"type":"Polygon","coordinates":[[[120.43669,23.46321],[120.436693,23.463171],[120.436855,23.463182],[120.436853,23.46322],[120.43669,23.46321]]]}},{"type":"Feature","id":"w605022290","properties":{"kind":"building","category":"residential","name":null,"area_m2":92.7,"centroid":[120.43675,23.463157]},"geometry":{"type":"Polygon","coordinates":[[[120.436855,23.463182],[120.43686,23.463139],[120.436672,23.463125],[120.436669,23.463168],[120.436693,23.463171],[120.436855,23.463182]]]}},{"type":"Feature","id":"w605022291","properties":{"kind":"building","category":"residential","name":null,"area_m2":69.1,"centroid":[120.436767,23.463116]},"geometry":{"type":"Polygon","coordinates":[[[120.43686,23.463139],[120.436862,23.463107],[120.436676,23.463092],[120.436672,23.463125],[120.43686,23.463139]]]}},{"type":"Feature","id":"w605022292","properties":{"kind":"building","category":"residential","name":null,"area_m2":62.1,"centroid":[120.436771,23.463085]},"geometry":{"type":"Polygon","coordinates":[[[120.436862,23.463107],[120.436867,23.463079],[120.436677,23.463062],[120.436676,23.463092],[120.436862,23.463107]]]}},{"type":"Feature","id":"w605022293","properties":{"kind":"building","category":"residential","name":null,"area_m2":198.3,"centroid":[120.436733,23.463026]},"geometry":{"type":"Polygon","coordinates":[[[120.436651,23.46306],[120.436677,23.463062],[120.436867,23.463079],[120.436875,23.462997],[120.436669,23.462981],[120.43666,23.462978],[120.436651,23.46306]]]}},{"type":"Feature","id":"w605022297","properties":{"kind":"building","category":"residential","name":null,"area_m2":202.8,"centroid":[120.436732,23.464011]},"geometry":{"type":"Polygon","coordinates":[[[120.436701,23.463912],[120.436753,23.463918],[120.436776,23.46395],[120.436757,23.46414],[120.436671,23.464137],[120.436701,23.463912]]]}},{"type":"Feature","id":"w605147051","properties":{"kind":"building","category":"residential","name":null,"area_m2":59.0,"centroid":[120.43247,23.46301]},"geometry":{"type":"Polygon","coordinates":[[[120.432493,23.46306],[120.432528,23.463023],[120.432447,23.46296],[120.432412,23.462998],[120.432493,23.46306]]]}},{"type":"Feature","id":"w605259630","properties":{"kind":"building","category":"residential","name":null,"area_m2":636.4,"centroid":[120.433148,23.463112]},"geometry":{"type":"Polygon","coordinates":[[[120.433136,23.463226],[120.433281,23.463118],[120.433254,23.463096],[120.433319,23.463039],[120.433187,23.462919],[120.432975,23.463081],[120.433045,23.46315],[120.433029,23.463162],[120.433102,23.463221],[120.433136,23.463226]]]}},{"type":"Feature","id":"w606418231","properties":{"kind":"building","category":"residential","name":null,"area_m2":674.4,"centroid":[120.435296,23.464981]},"geometry":{"type":"Polygon","coordinates":[[[120.435435,23.465115],[120.435458,23.464851],[120.435292,23.464832],[120.435246,23.464857],[120.435227,23.464917],[120.435211,23.465066],[120.435231,23.465098],[120.435266,23.465111],[120.435435,23.465115]]]}},{"type":"Feature","id":"w606418233","properties":{"kind":"building","category":"residential","name":null,"area_m2":584.7,"centroid":[120.435544,23.46499]},"geometry":{"type":"Polygon","coordinates":[[[120.43563,23.465129],[120.435435,23.465115],[120.435458,23.464851],[120.435653,23.464865],[120.43563,23.465129]]]}},{"type":"Feature","id":"w606418235","properties":{"kind":"building","category":"residential","name":null,"area_m2":598.4,"centroid":[120.435741,23.465004]},"geometry":{"type":"Polygon","coordinates":[[[120.435828,23.465143],[120.43563,23.465129],[120.435653,23.464865],[120.435854,23.464879],[120.435828,23.465143]]]}},{"type":"Feature","id":"w606418237","properties":{"kind":"building","category":"residential","name":null,"area_m2":678.4,"centroid":[120.435955,23.465019]},"geometry":{"type":"Polygon","coordinates":[[[120.43608,23.464896],[120.435854,23.464879],[120.435828,23.465143],[120.436057,23.465157],[120.43608,23.464896]]]}},{"type":"Feature","id":"w606418238","properties":{"kind":"building","category":"residential","name":null,"area_m2":119.2,"centroid":[120.43632,23.46515]},"geometry":{"type":"Polygon","coordinates":[[[120.436233,23.465114],[120.436227,23.465173],[120.436409,23.465185],[120.436413,23.465128],[120.436233,23.465114]]]}},{"type":"Feature","id":"w606418240","properties":{"kind":"building","category":"residential","name":null,"area_m2":149.0,"centroid":[120.436327,23.465085]},"geometry":{"type":"Polygon","coordinates":[[[120.43624,23.46504],[120.436233,23.465114],[120.436413,23.465128],[120.436421,23.465057],[120.43624,23.46504]]]}},{"type":"Feature","id":"w606418242","properties":{"kind":"building","category":"residential","name":null,"area_m2":76.2,"centroid":[120.436333,23.46503]},"geometry":{"type":"Polygon","coordinates":[[[120.436425,23.465019],[120.436421,23.465057],[120.43624,23.46504],[120.436245,23.465004],[120.436425,23.465019]]]}},{"type":"Feature","id":"w606418244","properties":{"kind":"building","category":"residential","name":null,"area_m2":75.9,"centroid":[120.436337,23.464993]},"geometry":{"type":"Polygon","coordinates":[[[120.436429,23.464982],[120.436249,23.464967],[120.436245,23.465004],[120.436425,23.465019],[120.436429,23.464982]]]}},{"type":"Feature","id":"w606418246","properties":{"kind":"building","category":"residential","name":null,"area_m2":88.6,"centroid":[120.436463,23.465083]},"geometry":{"type":"Polygon","coordinates":[[[120.436475,23.465178],[120.436433,23.465174],[120.436452,23.464989],[120.436494,23.464993],[120.436475,23.465178]]]}},{"type":"Feature","id":"w606418248","properties":{"kind":"building","category":"residential","name":null,"area_m2":108.5,"centroid":[120.436501,23.46511]},"geometry":{"type":"Polygon","coordinates":[[[120.43652,23.465196],[120.436472,23.465191],[120.436475,23.465178],[120.436494,23.464993],[120.436543,23.464994],[120.43652,23.465196]]]}},{"type":"Feature","id":"w606418250","properties":{"kind":"building","category":"residential","name":null,"area_m2":99.6,"centroid":[120.436553,23.465096]},"geometry":{"type":"Polygon","coordinates":[[[120.436559,23.4652],[120.43652,23.465196],[120.436543,23.464994],[120.43659,23.464994],[120.436559,23.4652]]]}},{"type":"Feature","id":"w606418252","properties":{"kind":"building","category":"residential","name":null,"area_m2":66.3,"centroid":[120.436589,23.465115]},"geometry":{"type":"Polygon","coordinates":[[[120.436592,23.465184],[120.436589,23.465201],[120.436559,23.4652],[120.43659,23.464994],[120.436616,23.464995],[120.436592,23.465184]]]}},{"type":"Feature","id":"w606418254","properties":{"kind":"building","category":"residential","name":null,"area_m2":89.0,"centroid":[120.436625,23.465092]},"geometry":{"type":"Polygon","coordinates":[[[120.436631,23.465189],[120.436592,23.465184],[120.436616,23.464995],[120.436659,23.464999],[120.436631,23.465189]]]}},{"type":"Feature","id":"w606418255","properties":{"kind":"building","category":"residential","name":null,"area_m2":90.1,"centroid":[120.436666,23.465096]},"geometry":{"type":"Polygon","coordinates":[[[120.436677,23.465193],[120.436631,23.465189],[120.436659,23.464999],[120.436696,23.465003],[120.436677,23.465193]]]}},{"type":"Feature","id":"w606418257","properties":{"kind":"building","category":"residential","name":null,"area_m2":90.8,"centroid":[120.436707,23.465099]},"geometry":{"type":"Polygon","coordinates":[[[120.436718,23.465198],[120.436677,23.465193],[120.436696,23.465003],[120.436738,23.465002],[120.436718,23.465198]]]}},{"type":"Feature","id":"w606418259","properties":{"kind":"building","category":"residential","name":null,"area_m2":116.3,"centroid":[120.436754,23.465102]},"geometry":{"type":"Polygon","coordinates":[[[120.436769,23.465202],[120.436718,23.465198],[120.436738,23.465002],[120.436791,23.465004],[120.436769,23.465202]]]}},{"type":"Feature","id":"w606418261","properties":{"kind":"building","category":"residential","name":null,"area_m2":142.3,"centroid":[120.436812,23.465105]},"geometry":{"type":"Polygon","coordinates":[[[120.436854,23.465008],[120.436791,23.465004],[120.436769,23.465202],[120.436832,23.465207],[120.436854,23.465008]]]}},{"type":"Feature","id":"w606418263","properties":{"kind":"building","category":"yes","name":null,"area_m2":512.3,"centroid":[120.437053,23.465126]},"geometry":{"type":"Polygon","coordinates":[[[120.436894,23.465207],[120.43692,23.465013],[120.437131,23.465032],[120.437178,23.465065],[120.43719,23.465104],[120.437181,23.465193],[120.436967,23.465178],[120.436962,23.465213],[120.436894,23.465207]]]}},{"type":"Feature","id":"w606418265","properties":{"kind":"building","category":"residential","name":null,"area_m2":401.5,"centroid":[120.436868,23.464823]},"geometry":{"type":"Polygon","coordinates":[[[120.43694,23.464943],[120.436946,23.464706],[120.436796,23.464703],[120.43679,23.46494],[120.43694,23.464943]]]}},{"type":"Feature","id":"w606418267","properties":{"kind":"building","category":"residential","name":null,"area_m2":158.1,"centroid":[120.436884,23.464642]},"geometry":{"type":"Polygon","coordinates":[[[120.436965,23.464601],[120.436962,23.464689],[120.436803,23.464684],[120.436806,23.464596],[120.436965,23.464601]]]}},{"type":"Feature","id":"w606418269","properties":{"kind":"building","category":"residential","name":null,"area_m2":143.2,"centroid":[120.436889,23.464559]},"geometry":{"type":"Polygon","coordinates":[[[120.43697,23.464523],[120.436965,23.464601],[120.436806,23.464596],[120.436813,23.464514],[120.43697,23.464523]]]}},{"type":"Feature","id":"w606418271","properties":{"kind":"building","category":"residential","name":null,"area_m2":176.0,"centroid":[120.436895,23.464467]},"geometry":{"type":"Polygon","coordinates":[[[120.436981,23.464426],[120.43697,23.464523],[120.43681,23.464508],[120.436819,23.464413],[120.436981,23.464426]]]}},{"type":"Feature","id":"w606418273","properties":{"kind":"building","category":"residential","name":null,"area_m2":123.8,"centroid":[120.43689,23.464378]},"geometry":{"type":"Polygon","coordinates":[[[120.436989,23.46436],[120.436981,23.464426],[120.436819,23.464413],[120.436826,23.464345],[120.436834,23.464346],[120.436989,23.46436]]]}},{"type":"Feature","id":"w606418275","properties":{"kind":"building","category":"residential","name":null,"area_m2":148.6,"centroid":[120.437078,23.464806]},"geometry":{"type":"Polygon","coordinates":[[[120.437199,23.464788],[120.437194,23.464843],[120.436956,23.464824],[120.436962,23.464769],[120.437199,23.464788]]]}},{"type":"Feature","id":"w606418277","properties":{"kind":"building","category":"residential","name":null,"area_m2":155.6,"centroid":[120.437084,23.464749]},"geometry":{"type":"Polygon","coordinates":[[[120.437204,23.464731],[120.437199,23.464788],[120.436962,23.464769],[120.43697,23.46471],[120.437204,23.464731]]]}},{"type":"Feature","id":"w606418279","properties":{"kind":"building","category":"residential","name":null,"area_m2":139.0,"centroid":[120.437091,23.464694]},"geometry":{"type":"Polygon","coordinates":[[[120.437209,23.464679],[120.437204,23.464731],[120.43697,23.46471],[120.43698,23.464657],[120.437209,23.464679]]]}},{"type":"Feature","id":"w606418281","properties":{"kind":"building","category":"residential","name":null,"area_m2":122.1,"centroid":[120.437097,23.464645]},"geometry":{"type":"Polygon","coordinates":[[[120.436985,23.464612],[120.43698,23.464657],[120.437209,23.464679],[120.437216,23.464631],[120.436985,23.464612]]]}},{"type":"Feature","id":"w606418283","properties":{"kind":"building","category":"residential","name":null,"area_m2":122.6,"centroid":[120.437103,23.464598]},"geometry":{"type":"Polygon","coordinates":[[[120.436992,23.464564],[120.436985,23.464612],[120.437216,23.464631],[120.437219,23.464585],[120.436992,23.464564]]]}},{"type":"Feature","id":"w606418285","properties":{"kind":"building","category":"residential","name":null,"area_m2":105.3,"centroid":[120.437108,23.464554]},"geometry":{"type":"Polygon","coordinates":[[[120.436992,23.464564],[120.437,23.464522],[120.437222,23.464545],[120.437219,23.464585],[120.436992,23.464564]]]}},{"type":"Feature","id":"w606418287","properties":{"kind":"building","category":"residential","name":null,"area_m2":96.0,"centroid":[120.437116,23.464515]},"geometry":{"type":"Polygon","coordinates":[[[120.437,23.464522],[120.437009,23.464486],[120.437234,23.464507],[120.437222,23.464545],[120.437,23.464522]]]}},{"type":"Feature","id":"w606418289","properties":{"kind":"building","category":"residential","name":null,"area_m2":125.5,"centroid":[120.437124,23.464472]},"geometry":{"type":"Polygon","coordinates":[[[120.437009,23.464486],[120.437015,23.464437],[120.437239,23.464458],[120.437234,23.464507],[120.437009,23.464486]]]}},{"type":"Feature","id":"w606418291","properties":{"kind":"building","category":"residential","name":null,"area_m2":126.3,"centroid":[120.437131,23.464423]},"geometry":{"type":"Polygon","coordinates":[[[120.437022,23.464388],[120.437248,23.464409],[120.437239,23.464458],[120.437015,23.464437],[120.437022,23.464388]]]}},{"type":"Feature","id":"w606418293","properties":{"kind":"building","category":"residential","name":null,"area_m2":100.2,"centroid":[120.436915,23.464325]},"geometry":{"type":"Polygon","coordinates":[[[120.436989,23.46436],[120.436996,23.464304],[120.43684,23.464289],[120.436834,23.464346],[120.436989,23.46436]]]}},{"type":"Feature","id":"w606418294","properties":{"kind":"building","category":"residential","name":null,"area_m2":227.1,"centroid":[120.437145,23.4643]},"geometry":{"type":"Polygon","coordinates":[[[120.437259,23.46435],[120.437265,23.464264],[120.437032,23.46425],[120.437026,23.464336],[120.437259,23.46435]]]}},{"type":"Feature","id":"w606418297","properties":{"kind":"building","category":"residential","name":null,"area_m2":111.2,"centroid":[120.436897,23.464272]},"geometry":{"type":"Polygon","coordinates":[[[120.436826,23.464232],[120.437003,23.464249],[120.436996,23.464304],[120.43684,23.464289],[120.436819,23.464287],[120.436826,23.464232]]]}},{"type":"Feature","id":"w606418298","properties":{"kind":"building","category":"residential","name":null,"area_m2":142.1,"centroid":[120.436988,23.464117]},"geometry":{"type":"Polygon","coordinates":[[[120.436918,23.46416],[120.436926,23.464064],[120.437057,23.464074],[120.437049,23.464169],[120.436918,23.46416]]]}},{"type":"Feature","id":"w606418300","properties":{"kind":"building","category":"residential","name":null,"area_m2":52.3,"centroid":[120.437155,23.463991]},"geometry":{"type":"Polygon","coordinates":[[[120.437202,23.463968],[120.437114,23.463961],[120.437109,23.464013],[120.437196,23.464021],[120.437202,23.463968]]]}},{"type":"Feature","id":"w606418302","properties":{"kind":"building","category":"residential","name":null,"area_m2":146.4,"centroid":[120.437144,23.464097]},"geometry":{"type":"Polygon","coordinates":[[[120.437184,23.464169],[120.437197,23.464032],[120.437103,23.464025],[120.43709,23.464162],[120.437184,23.464169]]]}},{"type":"Feature","id":"w606418304","properties":{"kind":"building","category":"residential","name":null,"area_m2":194.4,"centroid":[120.437213,23.463646]},"geometry":{"type":"Polygon","coordinates":[[[120.437336,23.463619],[120.437329,23.463691],[120.43709,23.463672],[120.437097,23.463601],[120.437336,23.463619]]]}},{"type":"Feature","id":"w606418306","properties":{"kind":"building","category":"residential","name":null,"area_m2":123.0,"centroid":[120.437223,23.463525]},"geometry":{"type":"Polygon","coordinates":[[[120.437334,23.463512],[120.437329,23.463567],[120.437132,23.46355],[120.437137,23.463495],[120.437181,23.463499],[120.437334,23.463512]]]}},{"type":"Feature","id":"w606418307","properties":{"kind":"building","category":"residential","name":null,"area_m2":599.9,"centroid":[120.437092,23.463815]},"geometry":{"type":"Polygon","coordinates":[[[120.436884,23.463844],[120.436854,23.463819],[120.436866,23.463718],[120.437302,23.463756],[120.437295,23.463831],[120.437258,23.463865],[120.437187,23.463873],[120.436884,23.463844]]]}},{"type":"Feature","id":"w606418309","properties":{"kind":"building","category":"residential","name":null,"area_m2":301.0,"centroid":[120.437037,23.463583]},"geometry":{"type":"Polygon","coordinates":[[[120.436917,23.463673],[120.436931,23.463492],[120.437102,23.463503],[120.437099,23.463546],[120.437082,23.463545],[120.437076,23.463614],[120.437046,23.463612],[120.437041,23.463681],[120.436917,23.463673]]]}},{"type":"Feature","id":"w606418312","properties":{"kind":"building","category":"residential","name":null,"area_m2":75.8,"centroid":[120.436986,23.463477]},"geometry":{"type":"Polygon","coordinates":[[[120.437106,23.463467],[120.437102,23.463503],[120.436931,23.463492],[120.436918,23.463491],[120.436921,23.463455],[120.436939,23.463456],[120.437106,23.463467]]]}},{"type":"Feature","id":"w606418314","properties":{"kind":"building","category":"residential","name":null,"area_m2":50.2,"centroid":[120.437023,23.463448]},"geometry":{"type":"Polygon","coordinates":[[[120.437108,23.463441],[120.437106,23.463467],[120.436939,23.463456],[120.436941,23.463429],[120.437108,23.463441]]]}},{"type":"Feature","id":"w606418316","properties":{"kind":"building","category":"residential","name":null,"area_m2":81.2,"centroid":[120.437061,23.463268]},"geometry":{"type":"Polygon","coordinates":[[[120.436956,23.46328],[120.436958,23.46324],[120.43714,23.463248],[120.437138,23.463287],[120.437115,23.463286],[120.436956,23.46328]]]}},{"type":"Feature","id":"w606418318","properties":{"kind":"building","category":"residential","name":null,"area_m2":70.8,"centroid":[120.437035,23.463303]},"geometry":{"type":"Polygon","coordinates":[[[120.437113,23.463326],[120.437115,23.463286],[120.436956,23.46328],[120.436955,23.463319],[120.437113,23.463326]]]}},{"type":"Feature","id":"w606418320","properties":{"kind":"building","category":"residential","name":null,"area_m2":77.7,"centroid":[120.437015,23.463339]},"geometry":{"type":"Polygon","coordinates":[[[120.437111,23.463367],[120.437113,23.463326],[120.436955,23.463319],[120.436948,23.46332],[120.436946,23.463361],[120.437111,23.463367]]]}},{"type":"Feature","id":"w606418322","properties":{"kind":"building","category":"residential","name":null,"area_m2":64.6,"centroid":[120.437028,23.463381]},"geometry":{"type":"Polygon","coordinates":[[[120.43711,23.463402],[120.437111,23.463367],[120.436946,23.463361],[120.436944,23.463395],[120.43711,23.463402]]]}},{"type":"Feature","id":"w606418324","properties":{"kind":"building","category":"residential","name":null,"area_m2":68.9,"centroid":[120.437026,23.463417]},"geometry":{"type":"Polygon","coordinates":[[[120.436944,23.463395],[120.43711,23.463402],[120.437108,23.463441],[120.436941,23.463429],[120.436944,23.463395]]]}},{"type":"Feature","id":"w606418326","properties":{"kind":"building","category":"residential","name":null,"area_m2":81.8,"centroid":[120.43705,23.463224]},"geometry":{"type":"Polygon","coordinates":[[[120.436959,23.463201],[120.437143,23.463208],[120.43714,23.463248],[120.436958,23.46324],[120.436959,23.463201]]]}},{"type":"Feature","id":"w606418328","properties":{"kind":"building","category":"residential","name":null,"area_m2":291.1,"centroid":[120.437266,23.463423]},"geometry":{"type":"Polygon","coordinates":[[[120.437334,23.463512],[120.437352,23.463346],[120.437197,23.463333],[120.437181,23.463499],[120.437334,23.463512]]]}},{"type":"Feature","id":"w606418330","properties":{"kind":"building","category":"residential","name":null,"area_m2":201.6,"centroid":[120.437281,23.463281]},"geometry":{"type":"Polygon","coordinates":[[[120.437197,23.463333],[120.437212,23.463217],[120.437361,23.463229],[120.437352,23.463346],[120.437197,23.463333]]]}},{"type":"Feature","id":"w606418332","properties":{"kind":"building","category":"residential","name":null,"area_m2":362.1,"centroid":[120.437268,23.463152]},"geometry":{"type":"Polygon","coordinates":[[[120.43718,23.463216],[120.437199,23.463044],[120.437388,23.463056],[120.437361,23.463229],[120.437212,23.463217],[120.43718,23.463216]]]}},{"type":"Feature","id":"w606418334","properties":{"kind":"building","category":"residential","name":null,"area_m2":503.5,"centroid":[120.437247,23.462958]},"geometry":{"type":"Polygon","coordinates":[[[120.437165,23.462877],[120.43734,23.46289],[120.437401,23.462927],[120.437388,23.463056],[120.437199,23.463044],[120.437108,23.463038],[120.437126,23.462877],[120.437165,23.462877]]]}},{"type":"Feature","id":"w606418404","properties":{"kind":"building","category":"residential","name":null,"area_m2":113.6,"centroid":[120.431841,23.463661]},"geometry":{"type":"Polygon","coordinates":[[[120.431757,23.463645],[120.431798,23.463593],[120.431925,23.463677],[120.431883,23.463729],[120.431757,23.463645]]]}},{"type":"Feature","id":"w606418406","properties":{"kind":"building","category":"residential","name":null,"area_m2":280.2,"centroid":[120.43175,23.463535]},"geometry":{"type":"Polygon","coordinates":[[[120.431605,23.463542],[120.431691,23.463436],[120.431756,23.46348],[120.4318,23.463511],[120.431842,23.463539],[120.431798,23.463593],[120.431757,23.463645],[120.431605,23.463542]]]}},{"type":"Feature","id":"w606418408","properties":{"kind":"building","category":"residential","name":null,"area_m2":173.9,"centroid":[120.432018,23.46354]},"geometry":{"type":"Polygon","coordinates":[[[120.432033,23.463447],[120.432108,23.463497],[120.432002,23.463632],[120.431927,23.463583],[120.432033,23.463447]]]}},{"type":"Feature","id":"w606418410","properties":{"kind":"building","category":"residential","name":null,"area_m2":98.4,"centroid":[120.431959,23.463502]},"geometry":{"type":"Polygon","coordinates":[[[120.431991,23.463419],[120.432033,23.463447],[120.431927,23.463583],[120.431883,23.463559],[120.431991,23.463419]]]}},{"type":"Feature","id":"w606418412","properties":{"kind":"building","category":"residential","name":null,"area_m2":84.8,"centroid":[120.431919,23.463479]},"geometry":{"type":"Polygon","coordinates":[[[120.431959,23.463397],[120.431991,23.463419],[120.431883,23.463559],[120.431842,23.463539],[120.431959,23.463397]]]}},{"type":"Feature","id":"w606418414","properties":{"kind":"building","category":"residential","name":null,"area_m2":110.9,"centroid":[120.431878,23.463453]},"geometry":{"type":"Polygon","coordinates":[[[120.431911,23.463366],[120.431959,23.463397],[120.431842,23.463539],[120.4318,23.463511],[120.431911,23.463366]]]}},{"type":"Feature","id":"w606418415","properties":{"kind":"building","category":"residential","name":null,"area_m2":106.9,"centroid":[120.431834,23.463424]},"geometry":{"type":"Polygon","coordinates":[[[120.431869,23.463338],[120.431911,23.463366],[120.4318,23.463511],[120.431756,23.46348],[120.431869,23.463338]]]}},{"type":"Feature","id":"w606418417","properties":{"kind":"building","category":"residential","name":null,"area_m2":168.8,"centroid":[120.431778,23.463386]},"geometry":{"type":"Polygon","coordinates":[[[120.431796,23.46329],[120.431869,23.463338],[120.431756,23.46348],[120.431691,23.463436],[120.431796,23.46329]]]}},{"type":"Feature","id":"w606418419","properties":{"kind":"building","category":"yes","name":null,"area_m2":208.1,"centroid":[120.431394,23.463285]},"geometry":{"type":"Polygon","coordinates":[[[120.431496,23.463286],[120.431368,23.463195],[120.431292,23.463285],[120.431421,23.463376],[120.431496,23.463286]]]}},{"type":"Feature","id":"w606418421","properties":{"kind":"building","category":"yes","name":null,"area_m2":207.2,"centroid":[120.431507,23.463162]},"geometry":{"type":"Polygon","coordinates":[[[120.431609,23.463162],[120.431481,23.463072],[120.431405,23.463162],[120.431534,23.463252],[120.431609,23.463162]]]}},{"type":"Feature","id":"w606420494","properties":{"kind":"building","category":"yes","name":null,"area_m2":2407.3,"centroid":[120.437857,23.462939]},"geometry":{"type":"Polygon","coordinates":[[[120.437943,23.462678],[120.437991,23.462702],[120.438019,23.462746],[120.438052,23.462762],[120.438074,23.462824],[120.438091,23.462877],[120.438097,23.462933],[120.438093,23.46301],[120.438065,23.463074],[120.438023,23.46312],[120.437998,23.463134],[120.437968,23.463163],[120.437953,23.463186],[120.437908,23.463211],[120.437857,23.46322],[120.437751,23.463212],[120.437688,23.463181],[120.43767,23.463137],[120.437638,23.463089],[120.437614,23.46304],[120.437598,23.462973],[120.437609,23.462886],[120.437641,23.462823],[120.437666,23.462784],[120.437688,23.462743],[120.437729,23.462719],[120.437752,23.462682],[120.437816,23.462667],[120.437866,23.462667],[120.437943,23.462678]]]}},{"type":"Feature","id":"w607035619","properties":{"kind":"building","category":"yes","name":null,"area_m2":248.7,"centroid":[120.448185,23.478285]},"geometry":{"type":"Polygon","coordinates":[[[120.448044,23.478298],[120.448069,23.478223],[120.448175,23.478261],[120.448244,23.478258],[120.448324,23.478253],[120.448279,23.478362],[120.448162,23.47834],[120.448044,23.478298]]]}},{"type":"Feature","id":"w607035620","properties":{"kind":"building","category":"yes","name":null,"area_m2":341.5,"centroid":[120.44775,23.478194]},"geometry":{"type":"Polygon","coordinates":[[[120.447569,23.478217],[120.447594,23.478123],[120.44784,23.478131],[120.447827,23.478195],[120.447845,23.478226],[120.447828,23.478271],[120.447569,23.478217]]]}},{"type":"Feature","id":"w607035621","properties":{"kind":"building","category":"yes","name":null,"area_m2":113.9,"centroid":[120.448237,23.478459]},"geometry":{"type":"Polygon","coordinates":[[[120.448183,23.478534],[120.448192,23.478382],[120.448238,23.478384],[120.448235,23.478435],[120.44827,23.478436],[120.448267,23.478483],[120.448258,23.478483],[120.448255,23.478538],[120.448183,23.478534]]]}},{"type":"Feature","id":"w607035622","properties":{"kind":"building","category":"yes","name":null,"area_m2":447.8,"centroid":[120.448466,23.478535]},"geometry":{"type":"Polygon","coordinates":[[[120.448424,23.47848],[120.448405,23.478445],[120.448416,23.478391],[120.448553,23.478305],[120.448531,23.478603],[120.448496,23.478615],[120.448486,23.478721],[120.448419,23.478717],[120.448424,23.47848]]]}},{"type":"Feature","id":"w607035623","properties":{"kind":"building","category":"yes","name":null,"area_m2":290.5,"centroid":[120.448322,23.478609]},"geometry":{"type":"Polygon","coordinates":[[[120.44825,23.47872],[120.448399,23.47872],[120.4484,23.478491],[120.448317,23.478491],[120.448317,23.478617],[120.448251,23.478617],[120.44825,23.47872]]]}},{"type":"Feature","id":"w607035624","properties":{"kind":"building","category":"yes","name":null,"area_m2":96.3,"centroid":[120.448226,23.478647]},"geometry":{"type":"Polygon","coordinates":[[[120.448188,23.478725],[120.448189,23.478583],[120.448254,23.478589],[120.448251,23.478617],[120.44825,23.47872],[120.448188,23.478725]]]}},{"type":"Feature","id":"w607035625","properties":{"kind":"building","category":"yes","name":null,"area_m2":141.0,"centroid":[120.448133,23.478655]},"geometry":{"type":"Polygon","coordinates":[[[120.448097,23.47873],[120.448086,23.478577],[120.44818,23.478582],[120.448169,23.47873],[120.448097,23.47873]]]}},{"type":"Feature","id":"w607035626","properties":{"kind":"building","category":"yes","name":null,"area_m2":200.5,"centroid":[120.448508,23.478191]},"geometry":{"type":"Polygon","coordinates":[[[120.448455,23.478112],[120.448575,23.478122],[120.44856,23.478269],[120.448441,23.47826],[120.448455,23.478112]]]}},{"type":"Feature","id":"w607035627","properties":{"kind":"building","category":"yes","name":null,"area_m2":52.4,"centroid":[120.448421,23.478116]},"geometry":{"type":"Polygon","coordinates":[[[120.448386,23.478153],[120.4484,23.478071],[120.448456,23.47808],[120.448441,23.478161],[120.448386,23.478153]]]}},{"type":"Feature","id":"w607035628","properties":{"kind":"building","category":"yes","name":null,"area_m2":125.5,"centroid":[120.448245,23.478133]},"geometry":{"type":"Polygon","coordinates":[[[120.448187,23.478184],[120.448287,23.478192],[120.448303,23.478081],[120.448204,23.478074],[120.448187,23.478184]]]}},{"type":"Feature","id":"w607035629","properties":{"kind":"building","category":"yes","name":null,"area_m2":266.4,"centroid":[120.448124,23.47817]},"geometry":{"type":"Polygon","coordinates":[[[120.448044,23.478214],[120.448069,23.478223],[120.448175,23.478261],[120.448187,23.478184],[120.448204,23.478074],[120.448063,23.478064],[120.448044,23.478214]]]}},{"type":"Feature","id":"w607035630","properties":{"kind":"building","category":"yes","name":null,"area_m2":250.1,"centroid":[120.447971,23.478118]},"geometry":{"type":"Polygon","coordinates":[[[120.447884,23.478153],[120.447892,23.478042],[120.448063,23.478064],[120.448044,23.478214],[120.447884,23.478153]]]}},{"type":"Feature","id":"w607035631","properties":{"kind":"building","category":"yes","name":null,"area_m2":441.6,"centroid":[120.448061,23.478452]},"geometry":{"type":"Polygon","coordinates":[[[120.447961,23.478554],[120.447961,23.478325],[120.448162,23.478384],[120.44816,23.478546],[120.447961,23.478554]]]}},{"type":"Feature","id":"w607035632","properties":{"kind":"building","category":"yes","name":null,"area_m2":63.2,"centroid":[120.447922,23.478355]},"geometry":{"type":"Polygon","coordinates":[[[120.447894,23.478404],[120.447952,23.478402],[120.447949,23.478306],[120.447891,23.478307],[120.447894,23.478404]]]}},{"type":"Feature","id":"w607035633","properties":{"kind":"building","category":"yes","name":null,"area_m2":250.7,"centroid":[120.448001,23.478655]},"geometry":{"type":"Polygon","coordinates":[[[120.447936,23.478737],[120.448079,23.478727],[120.448066,23.478572],[120.447924,23.478582],[120.447936,23.478737]]]}},{"type":"Feature","id":"w607035634","properties":{"kind":"building","category":"yes","name":null,"area_m2":729.6,"centroid":[120.447785,23.478643]},"geometry":{"type":"Polygon","coordinates":[[[120.447564,23.478579],[120.447577,23.478758],[120.447936,23.478737],[120.447924,23.478582],[120.447923,23.478557],[120.447564,23.478579]]]}},{"type":"Feature","id":"w607035637","properties":{"kind":"building","category":"yes","name":null,"area_m2":97.5,"centroid":[120.447724,23.478064]},"geometry":{"type":"Polygon","coordinates":[[[120.447677,23.478018],[120.447777,23.478024],[120.447771,23.47811],[120.447671,23.478104],[120.447677,23.478018]]]}},{"type":"Feature","id":"w607035638","properties":{"kind":"building","category":"yes","name":null,"area_m2":117.6,"centroid":[120.447603,23.478051]},"geometry":{"type":"Polygon","coordinates":[[[120.44755,23.478095],[120.447553,23.478028],[120.447566,23.47801],[120.447677,23.478018],[120.447671,23.478104],[120.44755,23.478095]]]}},{"type":"Feature","id":"w617180678","properties":{"kind":"building","category":"yes","name":"嘉邑城隍廟","area_m2":793.1,"centroid":[120.454191,23.478403]},"geometry":{"type":"Polygon","coordinates":[[[120.454008,23.478446],[120.454415,23.478534],[120.454457,23.478371],[120.45405,23.478282],[120.454024,23.478383],[120.454008,23.478446]]]}},{"type":"Feature","id":"w617751222","properties":{"kind":"building","category":"school","name":"活動中心","area_m2":853.1,"centroid":[120.439402,23.471139]},"geometry":{"type":"Polygon","coordinates":[[[120.439518,23.471295],[120.439262,23.471269],[120.43928,23.470987],[120.439548,23.471004],[120.439518,23.471295]]]}},{"type":"Feature","id":"w617757042","properties":{"kind":"building","category":"yes","name":"陽光皇后","area_m2":587.7,"centroid":[120.439634,23.469889]},"geometry":{"type":"Polygon","coordinates":[[[120.439668,23.470001],[120.439516,23.469995],[120.439526,23.469741],[120.439738,23.469745],[120.439721,23.469963],[120.439668,23.470001]]]}},{"type":"Feature","id":"w617757043","properties":{"kind":"building","category":"yes","name":null,"area_m2":387.0,"centroid":[120.439616,23.469619]},"geometry":{"type":"Polygon","coordinates":[[[120.439715,23.469726],[120.439536,23.469717],[120.439543,23.469587],[120.439553,23.469525],[120.439731,23.469541],[120.439715,23.469726]]]}},{"type":"Feature","id":"w630205150","properties":{"kind":"building","category":"yes","name":null,"area_m2":472.8,"centroid":[120.430086,23.493139]},"geometry":{"type":"Polygon","coordinates":[[[120.429917,23.493033],[120.430165,23.493313],[120.430255,23.493245],[120.430007,23.492966],[120.429917,23.493033]]]}},{"type":"Feature","id":"w630207370","properties":{"kind":"building","category":"restaurant","name":"船老大喜宴餐廳","area_m2":2606.3,"centroid":[120.437281,23.480107]},"geometry":{"type":"Polygon","coordinates":[[[120.437128,23.480506],[120.436848,23.480176],[120.437007,23.480049],[120.437226,23.480047],[120.437243,23.479972],[120.43732,23.479919],[120.437437,23.47994],[120.437488,23.479994],[120.437446,23.480013],[120.437588,23.480206],[120.437362,23.48036],[120.437128,23.480506]]]}},{"type":"Feature","id":"w657110120","properties":{"kind":"building","category":"school","name":"囊螢樓","area_m2":1827.8,"centroid":[120.464674,23.471895]},"geometry":{"type":"Polygon","coordinates":[[[120.464356,23.471951],[120.464781,23.472168],[120.464818,23.472062],[120.464786,23.472041],[120.464869,23.471901],[120.464964,23.471948],[120.465009,23.471876],[120.464537,23.471605],[120.464479,23.471696],[120.464579,23.47176],[120.464496,23.471885],[120.464411,23.471842],[120.464356,23.471951]]]}},{"type":"Feature","id":"w657111204","properties":{"kind":"building","category":"school","name":"化工大樓","area_m2":649.4,"centroid":[120.464962,23.471459]},"geometry":{"type":"Polygon","coordinates":[[[120.465126,23.47162],[120.464732,23.471408],[120.464797,23.471299],[120.465194,23.471509],[120.465126,23.47162]]]}},{"type":"Feature","id":"w662685730","properties":{"kind":"green","category":"park","name":"番仔溝公園","area_m2":3581.5,"centroid":[120.433412,23.47553]},"geometry":{"type":"Polygon","coordinates":[[[120.433809,23.475028],[120.433984,23.475241],[120.433727,23.475531],[120.433523,23.475774],[120.433199,23.475982],[120.432992,23.475762],[120.433052,23.475694],[120.433141,23.475638],[120.433232,23.47564],[120.433277,23.475604],[120.433307,23.475524],[120.433375,23.475477],[120.433436,23.475458],[120.43349,23.475445],[120.433506,23.475393],[120.433549,23.475295],[120.433809,23.475028]]]}},{"type":"Feature","id":"w665667453","properties":{"kind":"building","category":"stadium","name":null,"area_m2":2489.3,"centroid":[120.465762,23.480369]},"geometry":{"type":"Polygon","coordinates":[[[120.466606,23.480612],[120.466487,23.480666],[120.466353,23.480501],[120.46617,23.480366],[120.465942,23.480294],[120.465704,23.480282],[120.465505,23.480309],[120.46532,23.480393],[120.465157,23.480521],[120.465087,23.480604],[120.465003,23.480531],[120.465064,23.48046],[120.465156,23.480365],[120.465252,23.480289],[120.465367,23.480228],[120.465526,23.480178],[120.465665,23.480154],[120.465839,23.480158],[120.465991,23.48018],[120.466128,23.480218],[120.466262,23.480273],[120.466414,23.480386],[120.466534,23.480512],[120.466606,23.480612]]]}},{"type":"Feature","id":"w665667454","properties":{"kind":"building","category":"stadium","name":null,"area_m2":8188.4,"centroid":[120.465821,23.481246]},"geometry":{"type":"Polygon","coordinates":[[[120.464806,23.480913],[120.465057,23.480767],[120.465648,23.481554],[120.465824,23.481558],[120.466533,23.480846],[120.466719,23.480983],[120.466618,23.481108],[120.466513,23.481234],[120.465965,23.481875],[120.465483,23.481852],[120.46487,23.481013],[120.464806,23.480913]]]}},{"type":"Feature","id":"w668661394","properties":{"kind":"building","category":"temple","name":"慈濟宮","area_m2":483.9,"centroid":[120.448866,23.480637]},"geometry":{"type":"Polygon","coordinates":[[[120.448724,23.480582],[120.4489,23.480499],[120.449008,23.480692],[120.448833,23.480775],[120.448724,23.480582]]]}},{"type":"Feature","id":"w670649946","properties":{"kind":"building","category":"temple","name":"南嶽殿","area_m2":232.2,"centroid":[120.45836,23.477673]},"geometry":{"type":"Polygon","coordinates":[[[120.458242,23.477717],[120.458471,23.477737],[120.458473,23.477647],[120.458363,23.477637],[120.45825,23.477625],[120.458242,23.477717]]]}},{"type":"Feature","id":"w670649947","properties":{"kind":"building","category":"temple","name":"嘉義大廈宮","area_m2":235.5,"centroid":[120.45834,23.47791]},"geometry":{"type":"Polygon","coordinates":[[[120.458223,23.477946],[120.458451,23.477966],[120.458454,23.477875],[120.458231,23.477853],[120.458223,23.477946]]]}},{"type":"Feature","id":"w670669412","properties":{"kind":"building","category":"hotel","name":"南院旅墅","area_m2":767.1,"centroid":[120.458712,23.480251]},"geometry":{"type":"Polygon","coordinates":[[[120.458505,23.480364],[120.458523,23.480237],[120.458733,23.480263],[120.458756,23.480109],[120.458899,23.480127],[120.458858,23.480407],[120.458505,23.480364]]]}},{"type":"Feature","id":"w670735640","properties":{"kind":"building","category":"yes","name":null,"area_m2":684.8,"centroid":[120.448247,23.474593]},"geometry":{"type":"Polygon","coordinates":[[[120.448147,23.474778],[120.448302,23.474793],[120.448347,23.474407],[120.44819,23.474394],[120.448147,23.474778]]]}},{"type":"Feature","id":"w670735641","properties":{"kind":"building","category":"yes","name":null,"area_m2":290.1,"centroid":[120.44806,23.474612]},"geometry":{"type":"Polygon","coordinates":[[[120.447974,23.474688],[120.448126,23.474704],[120.448146,23.474537],[120.447994,23.474521],[120.447974,23.474688]]]}},{"type":"Feature","id":"w670735642","properties":{"kind":"building","category":"yes","name":null,"area_m2":179.7,"centroid":[120.448451,23.474742]},"geometry":{"type":"Polygon","coordinates":[[[120.448386,23.474804],[120.448504,23.474813],[120.448516,23.474679],[120.448398,23.47467],[120.448386,23.474804]]]}},{"type":"Feature","id":"w670735643","properties":{"kind":"building","category":"yes","name":null,"area_m2":141.6,"centroid":[120.4522,23.478563]},"geometry":{"type":"Polygon","coordinates":[[[120.452146,23.478529],[120.45215,23.478634],[120.452243,23.478637],[120.452256,23.478513],[120.452206,23.478503],[120.452146,23.478529]]]}},{"type":"Feature","id":"w670735801","properties":{"kind":"building","category":"yes","name":null,"area_m2":366.1,"centroid":[120.448783,23.475409]},"geometry":{"type":"Polygon","coordinates":[[[120.448702,23.475516],[120.448842,23.475525],[120.448868,23.475304],[120.44872,23.47529],[120.448702,23.475516]]]}},{"type":"Feature","id":"w670735802","properties":{"kind":"building","category":"yes","name":null,"area_m2":510.8,"centroid":[120.448551,23.475427]},"geometry":{"type":"Polygon","coordinates":[[[120.448461,23.47557],[120.448611,23.475583],[120.448642,23.475284],[120.448492,23.475271],[120.448461,23.47557]]]}},{"type":"Feature","id":"w670735803","properties":{"kind":"building","category":"yes","name":null,"area_m2":300.4,"centroid":[120.448606,23.475159]},"geometry":{"type":"Polygon","coordinates":[[[120.448491,23.47521],[120.448712,23.475227],[120.448721,23.475108],[120.448499,23.47509],[120.448491,23.47521]]]}},{"type":"Feature","id":"w670735804","properties":{"kind":"building","category":"yes","name":null,"area_m2":353.4,"centroid":[120.448828,23.47511]},"geometry":{"type":"Polygon","coordinates":[[[120.448754,23.475236],[120.448873,23.475244],[120.448901,23.474984],[120.448782,23.474974],[120.448754,23.475236]]]}},{"type":"Feature","id":"w670735805","properties":{"kind":"building","category":"yes","name":null,"area_m2":329.2,"centroid":[120.44862,23.475003]},"geometry":{"type":"Polygon","coordinates":[[[120.448501,23.475056],[120.448728,23.475079],[120.448736,23.474947],[120.448514,23.47493],[120.448501,23.475056]]]}},{"type":"Feature","id":"w670736588","properties":{"kind":"building","category":"yes","name":null,"area_m2":974.1,"centroid":[120.442927,23.474221]},"geometry":{"type":"Polygon","coordinates":[[[120.442672,23.474286],[120.443162,23.474331],[120.443181,23.474157],[120.442692,23.474111],[120.442672,23.474286]]]}},{"type":"Feature","id":"w670736780","properties":{"kind":"building","category":"apartments","name":null,"area_m2":847.7,"centroid":[120.441998,23.474804]},"geometry":{"type":"Polygon","coordinates":[[[120.442193,23.47467],[120.441854,23.474652],[120.441847,23.474773],[120.441911,23.474776],[120.441908,23.474833],[120.441845,23.474829],[120.44184,23.474908],[120.442166,23.474925],[120.442171,23.474846],[120.442025,23.474838],[120.442027,23.474793],[120.442185,23.474801],[120.442193,23.47467]]]}},{"type":"Feature","id":"w670736781","properties":{"kind":"building","category":"supermarket","name":"全聯福利中心","area_m2":642.0,"centroid":[120.442076,23.474497]},"geometry":{"type":"Polygon","coordinates":[[[120.441896,23.474593],[120.442213,23.474601],[120.442218,23.474506],[120.442223,23.474417],[120.442,23.474407],[120.441904,23.474455],[120.441896,23.474593]]]}},{"type":"Feature","id":"w671952094","properties":{"kind":"building","category":"hotel","name":"兆品酒店嘉義","area_m2":2382.5,"centroid":[120.448267,23.483323]},"geometry":{"type":"Polygon","coordinates":[[[120.447939,23.483393],[120.448187,23.483432],[120.448194,23.483401],[120.448448,23.483447],[120.448438,23.483482],[120.448647,23.483516],[120.448707,23.483217],[120.44809,23.483103],[120.448025,23.483107],[120.447992,23.483133],[120.447939,23.483393]]]}},{"type":"Feature","id":"w680811691","properties":{"kind":"building","category":"public","name":"希諾奇台灣檜木博物館","area_m2":1769.6,"centroid":[120.43464,23.47956]},"geometry":{"type":"Polygon","coordinates":[[[120.434298,23.479643],[120.434952,23.479713],[120.434982,23.479477],[120.434328,23.479406],[120.434298,23.479643]]]}},{"type":"Feature","id":"w680811692","properties":{"kind":"building","category":"yes","name":"嘉義市第一分局","area_m2":1954.6,"centroid":[120.431797,23.479715]},"geometry":{"type":"Polygon","coordinates":[[[120.431741,23.479983],[120.432079,23.479796],[120.431959,23.479613],[120.431997,23.479591],[120.431894,23.479434],[120.431483,23.479662],[120.431595,23.479832],[120.431629,23.479813],[120.431741,23.479983]]]}},{"type":"Feature","id":"w680811694","properties":{"kind":"building","category":"transportation","name":null,"area_m2":812.1,"centroid":[120.465481,23.47652]},"geometry":{"type":"Polygon","coordinates":[[[120.465245,23.476588],[120.465765,23.476681],[120.465782,23.47657],[120.465398,23.476506],[120.465414,23.476396],[120.465285,23.476378],[120.465245,23.476588]]]}},{"type":"Feature","id":"w680959116","properties":{"kind":"building","category":"retail","name":null,"area_m2":656.2,"centroid":[120.454179,23.473837]},"geometry":{"type":"Polygon","coordinates":[[[120.453998,23.473967],[120.454015,23.473708],[120.454334,23.473726],[120.454334,23.473768],[120.454095,23.473763],[120.45409,23.473844],[120.454144,23.473871],[120.454305,23.473883],[120.454294,23.474001],[120.453998,23.473967]]]}},{"type":"Feature","id":"w683557661","properties":{"kind":"building","category":"school","name":null,"area_m2":1386.7,"centroid":[120.438753,23.472124]},"geometry":{"type":"Polygon","coordinates":[[[120.439234,23.472136],[120.439221,23.472273],[120.439135,23.472266],[120.439135,23.472239],[120.438352,23.47217],[120.438349,23.472199],[120.438258,23.472185],[120.438274,23.472037],[120.438657,23.472089],[120.43866,23.472047],[120.438716,23.472052],[120.438751,23.472037],[120.438786,23.47204],[120.438813,23.472054],[120.438851,23.472057],[120.438851,23.472104],[120.439234,23.472136]]]}},{"type":"Feature","id":"w683557662","properties":{"kind":"building","category":"school","name":null,"area_m2":1419.2,"centroid":[120.438789,23.471803]},"geometry":{"type":"Polygon","coordinates":[[[120.439264,23.471715],[120.439245,23.471828],[120.438902,23.471803],[120.438875,23.471816],[120.438899,23.47187],[120.438843,23.47187],[120.438834,23.471818],[120.438733,23.471806],[120.438706,23.471863],[120.438652,23.47185],[120.438679,23.471798],[120.438301,23.471762],[120.438319,23.471634],[120.439264,23.471715]]]}},{"type":"Feature","id":"w683557663","properties":{"kind":"building","category":"school","name":null,"area_m2":168.6,"centroid":[120.438282,23.470921]},"geometry":{"type":"Polygon","coordinates":[[[120.438379,23.47089],[120.438369,23.47097],[120.438185,23.470951],[120.438194,23.470871],[120.438379,23.47089]]]}},{"type":"Feature","id":"w683557666","properties":{"kind":"building","category":"school","name":null,"area_m2":107.4,"centroid":[120.440182,23.463917]},"geometry":{"type":"Polygon","coordinates":[[[120.440122,23.463912],[120.440126,23.463869],[120.440201,23.463871],[120.44024,23.463899],[120.440229,23.46398],[120.440174,23.463969],[120.440122,23.463912]]]}},{"type":"Feature","id":"w683557667","properties":{"kind":"building","category":"school","name":null,"area_m2":1477.7,"centroid":[120.43971,23.464047]},"geometry":{"type":"Polygon","coordinates":[[[120.439369,23.463831],[120.439361,23.463939],[120.439396,23.463942],[120.439436,23.463984],[120.439428,23.464077],[120.439405,23.464055],[120.439377,23.46405],[120.439348,23.46405],[120.439317,23.464072],[120.439316,23.464119],[120.439336,23.464137],[120.439373,23.464146],[120.439417,23.464129],[120.439403,23.464219],[120.43944,23.464223],[120.439452,23.464139],[120.439511,23.464109],[120.439519,23.464074],[120.439471,23.46402],[120.439471,23.463988],[120.43953,23.463949],[120.439908,23.463974],[120.439951,23.464035],[120.439946,23.46408],[120.439914,23.46408],[120.439879,23.464124],[120.439898,23.464163],[120.439922,23.464185],[120.439913,23.464272],[120.439948,23.464276],[120.439965,23.464141],[120.440037,23.464102],[120.44004,23.464072],[120.440077,23.464072],[120.440115,23.464052],[120.440125,23.464011],[120.440112,23.463979],[120.440056,23.463966],[120.440053,23.463942],[120.440007,23.463888],[120.44001,23.463843],[120.439972,23.46384],[120.43997,23.463865],[120.439726,23.463851],[120.439369,23.463831]]]}},{"type":"Feature","id":"w683557668","properties":{"kind":"building","category":"school","name":"廚房","area_m2":407.6,"centroid":[120.439804,23.463693]},"geometry":{"type":"Polygon","coordinates":[[[120.439688,23.463595],[120.439931,23.46361],[120.439916,23.46376],[120.439803,23.463754],[120.439683,23.463747],[120.439688,23.463595]]]}},{"type":"Feature","id":"w683557669","properties":{"kind":"building","category":"school","name":"創藝樓","area_m2":713.8,"centroid":[120.440111,23.463711]},"geometry":{"type":"Polygon","coordinates":[[[120.439999,23.463546],[120.440337,23.463574],[120.440323,23.463747],[120.440022,23.463719],[120.44001,23.463843],[120.439972,23.46384],[120.439999,23.463546]]]}},{"type":"Feature","id":"w683557670","properties":{"kind":"building","category":"school","name":null,"area_m2":2188.7,"centroid":[120.438914,23.465019]},"geometry":{"type":"Polygon","coordinates":[[[120.438492,23.465202],[120.438532,23.464879],[120.43861,23.464887],[120.438614,23.46486],[120.438645,23.464863],[120.438986,23.464899],[120.438983,23.46492],[120.439001,23.464922],[120.439082,23.464931],[120.439079,23.464956],[120.439078,23.464966],[120.439067,23.465041],[120.439137,23.465049],[120.439125,23.465128],[120.439054,23.465124],[120.439043,23.465236],[120.438962,23.465227],[120.438959,23.465251],[120.438492,23.465202]]]}},{"type":"Feature","id":"w689948307","properties":{"kind":"green","category":"village_green","name":null,"area_m2":323.7,"centroid":[120.439163,23.475215]},"geometry":{"type":"Polygon","coordinates":[[[120.439009,23.475106],[120.439028,23.475196],[120.439129,23.47527],[120.439216,23.475295],[120.439298,23.475299],[120.439264,23.475235],[120.439215,23.475179],[120.439149,23.475137],[120.439009,23.475106]]]}},{"type":"Feature","id":"w689948755","properties":{"kind":"building","category":"yes","name":null,"area_m2":380.6,"centroid":[120.438432,23.476212]},"geometry":{"type":"Polygon","coordinates":[[[120.438278,23.476111],[120.438508,23.476371],[120.438586,23.476313],[120.438357,23.476053],[120.438278,23.476111]]]}},{"type":"Feature","id":"w689948756","properties":{"kind":"building","category":"yes","name":null,"area_m2":1303.0,"centroid":[120.439002,23.47672]},"geometry":{"type":"Polygon","coordinates":[[[120.438751,23.476651],[120.439033,23.476958],[120.439253,23.476789],[120.438971,23.476481],[120.438751,23.476651]]]}},{"type":"Feature","id":"w689948843","properties":{"kind":"building","category":"yes","name":null,"area_m2":1400.4,"centroid":[120.43945,23.47734]},"geometry":{"type":"Polygon","coordinates":[[[120.439752,23.477331],[120.4395,23.477052],[120.439384,23.477143],[120.439224,23.477262],[120.439338,23.477391],[120.439357,23.477376],[120.439476,23.47751],[120.439503,23.47749],[120.439517,23.477506],[120.439752,23.477331]]]}},{"type":"Feature","id":"w689948875","properties":{"kind":"building","category":"yes","name":null,"area_m2":406.2,"centroid":[120.439359,23.477008]},"geometry":{"type":"Polygon","coordinates":[[[120.439217,23.476965],[120.439333,23.476873],[120.4395,23.477052],[120.439384,23.477143],[120.439217,23.476965]]]}},{"type":"Feature","id":"w689949485","properties":{"kind":"building","category":"yes","name":null,"area_m2":2555.2,"centroid":[120.438018,23.475694]},"geometry":{"type":"Polygon","coordinates":[[[120.437669,23.475531],[120.437799,23.475674],[120.43782,23.475658],[120.437855,23.475697],[120.43782,23.475724],[120.438055,23.475982],[120.438131,23.475924],[120.438144,23.475938],[120.43807,23.475995],[120.438183,23.476119],[120.438431,23.475929],[120.438218,23.475695],[120.438093,23.475791],[120.438048,23.475741],[120.438185,23.475635],[120.438088,23.475529],[120.43804,23.475565],[120.437993,23.475513],[120.438042,23.475476],[120.437946,23.47537],[120.437893,23.475411],[120.437865,23.475381],[120.437669,23.475531]]]}},{"type":"Feature","id":"w689949486","properties":{"kind":"building","category":"yes","name":null,"area_m2":973.7,"centroid":[120.440045,23.477351]},"geometry":{"type":"Polygon","coordinates":[[[120.440173,23.477605],[120.440282,23.477526],[120.440062,23.47727],[120.440131,23.477221],[120.440044,23.47712],[120.439801,23.477295],[120.439899,23.477409],[120.439965,23.477362],[120.440173,23.477605]]]}},{"type":"Feature","id":"w689949487","properties":{"kind":"building","category":"yes","name":null,"area_m2":1399.1,"centroid":[120.438901,23.475863]},"geometry":{"type":"Polygon","coordinates":[[[120.438876,23.476102],[120.439162,23.475886],[120.438922,23.475627],[120.438645,23.475835],[120.438876,23.476102]]]}},{"type":"Feature","id":"w689949488","properties":{"kind":"building","category":"yes","name":null,"area_m2":362.7,"centroid":[120.439614,23.476611]},"geometry":{"type":"Polygon","coordinates":[[[120.4397,23.476479],[120.439761,23.476548],[120.43971,23.476586],[120.439481,23.476756],[120.43942,23.476686],[120.4397,23.476479]]]}},{"type":"Feature","id":"w689949489","properties":{"kind":"building","category":"yes","name":null,"area_m2":1352.1,"centroid":[120.439735,23.476829]},"geometry":{"type":"Polygon","coordinates":[[[120.43976,23.477072],[120.439989,23.476902],[120.43971,23.476586],[120.439481,23.476756],[120.43976,23.477072]]]}},{"type":"Feature","id":"w689949625","properties":{"kind":"building","category":"yes","name":null,"area_m2":645.0,"centroid":[120.439072,23.476053]},"geometry":{"type":"Polygon","coordinates":[[[120.438983,23.476221],[120.439269,23.476005],[120.439162,23.475886],[120.438876,23.476102],[120.438983,23.476221]]]}},{"type":"Feature","id":"w689949626","properties":{"kind":"building","category":"yes","name":null,"area_m2":486.7,"centroid":[120.439409,23.47631]},"geometry":{"type":"Polygon","coordinates":[[[120.439425,23.476457],[120.439561,23.476359],[120.439393,23.476163],[120.439257,23.476261],[120.439425,23.476457]]]}},{"type":"Feature","id":"w689951543","properties":{"kind":"building","category":"yes","name":null,"area_m2":398.4,"centroid":[120.438613,23.475616]},"geometry":{"type":"Polygon","coordinates":[[[120.438465,23.475639],[120.438559,23.475744],[120.43876,23.475593],[120.438666,23.475488],[120.438465,23.475639]]]}},{"type":"Feature","id":"w689958654","properties":{"kind":"building","category":"yes","name":null,"area_m2":1420.3,"centroid":[120.446788,23.46748]},"geometry":{"type":"Polygon","coordinates":[[[120.44656,23.467671],[120.447096,23.467498],[120.447016,23.467289],[120.446479,23.467463],[120.44656,23.467671]]]}},{"type":"Feature","id":"w689959164","properties":{"kind":"building","category":"yes","name":null,"area_m2":826.0,"centroid":[120.450493,23.468504]},"geometry":{"type":"Polygon","coordinates":[[[120.450566,23.468713],[120.450633,23.46869],[120.450441,23.468169],[120.450316,23.468221],[120.450507,23.468727],[120.450566,23.468713]]]}},{"type":"Feature","id":"w689959165","properties":{"kind":"building","category":"yes","name":null,"area_m2":1179.9,"centroid":[120.450627,23.468402]},"geometry":{"type":"Polygon","coordinates":[[[120.450633,23.46869],[120.450813,23.468634],[120.450621,23.468113],[120.450441,23.468169],[120.450633,23.46869]]]}},{"type":"Feature","id":"w689959166","properties":{"kind":"building","category":"yes","name":null,"area_m2":1136.2,"centroid":[120.448368,23.468305]},"geometry":{"type":"Polygon","coordinates":[[[120.448268,23.4685],[120.448581,23.468394],[120.448468,23.468111],[120.448155,23.468216],[120.448268,23.4685]]]}},{"type":"Feature","id":"w689959167","properties":{"kind":"building","category":"yes","name":null,"area_m2":481.8,"centroid":[120.447311,23.4682]},"geometry":{"type":"Polygon","coordinates":[[[120.447267,23.468339],[120.447437,23.468287],[120.447355,23.468061],[120.447185,23.468113],[120.447267,23.468339]]]}},{"type":"Feature","id":"w689959168","properties":{"kind":"building","category":"yes","name":null,"area_m2":1171.4,"centroid":[120.450305,23.468518]},"geometry":{"type":"Polygon","coordinates":[[[120.450323,23.468785],[120.450507,23.468727],[120.450316,23.468221],[120.450133,23.468279],[120.450245,23.468576],[120.450323,23.468785]]]}},{"type":"Feature","id":"w689959169","properties":{"kind":"building","category":"yes","name":null,"area_m2":523.3,"centroid":[120.447522,23.468144]},"geometry":{"type":"Polygon","coordinates":[[[120.447475,23.468286],[120.447657,23.468228],[120.44757,23.468001],[120.447388,23.468059],[120.447475,23.468286]]]}},{"type":"Feature","id":"w689959288","properties":{"kind":"building","category":"yes","name":null,"area_m2":654.5,"centroid":[120.450103,23.468455]},"geometry":{"type":"Polygon","coordinates":[[[120.450077,23.468633],[120.450245,23.468576],[120.450133,23.468279],[120.449956,23.468332],[120.450077,23.468633]]]}},{"type":"Feature","id":"w689959394","properties":{"kind":"building","category":"yes","name":null,"area_m2":1472.6,"centroid":[120.44954,23.466799]},"geometry":{"type":"Polygon","coordinates":[[[120.449533,23.467096],[120.449754,23.467022],[120.449547,23.466501],[120.449326,23.466575],[120.449533,23.467096]]]}},{"type":"Feature","id":"w689959754","properties":{"kind":"building","category":"storage_tank","name":null,"area_m2":228.8,"centroid":[120.450287,23.464731]},"geometry":{"type":"Polygon","coordinates":[[[120.450242,23.464665],[120.450221,23.464682],[120.450207,23.464705],[120.450202,23.46473],[120.450207,23.464755],[120.45022,23.464778],[120.45024,23.464795],[120.450265,23.464806],[120.450293,23.464808],[120.45032,23.464803],[120.450343,23.464789],[120.450361,23.464769],[120.45037,23.464745],[120.450371,23.46472],[120.450362,23.464695],[120.450345,23.464675],[120.450322,23.46466],[120.450295,23.464654],[120.450267,23.464655],[120.450242,23.464665]]]}},{"type":"Feature","id":"w689959755","properties":{"kind":"building","category":"storage_tank","name":null,"area_m2":252.9,"centroid":[120.449285,23.46439]},"geometry":{"type":"Polygon","coordinates":[[[120.449237,23.464321],[120.449215,23.464339],[120.449201,23.464363],[120.449196,23.464389],[120.4492,23.464416],[120.449214,23.46444],[120.449235,23.464458],[120.449262,23.464469],[120.449291,23.464472],[120.449319,23.464465],[120.449344,23.464451],[120.449362,23.46443],[120.449372,23.464405],[120.449373,23.464378],[120.449364,23.464353],[120.449346,23.464331],[120.449322,23.464316],[120.449293,23.464309],[120.449264,23.464311],[120.449237,23.464321]]]}},{"type":"Feature","id":"w689959756","properties":{"kind":"building","category":"storage_tank","name":null,"area_m2":241.8,"centroid":[120.449989,23.464624]},"geometry":{"type":"Polygon","coordinates":[[[120.449942,23.464557],[120.449921,23.464574],[120.449907,23.464597],[120.449902,23.464623],[120.449906,23.464649],[120.449919,23.464672],[120.44994,23.46469],[120.449966,23.464701],[120.449995,23.464703],[120.450022,23.464697],[120.450047,23.464683],[120.450065,23.464663],[120.450074,23.464638],[120.450075,23.464612],[120.450066,23.464587],[120.450049,23.464566],[120.450025,23.464551],[120.449997,23.464544],[120.449968,23.464546],[120.449942,23.464557]]]}},{"type":"Feature","id":"w689959757","properties":{"kind":"building","category":"storage_tank","name":null,"area_m2":243.0,"centroid":[120.449619,23.464501]},"geometry":{"type":"Polygon","coordinates":[[[120.449573,23.464433],[120.449551,23.464451],[120.449537,23.464474],[120.449532,23.4645],[120.449536,23.464526],[120.44955,23.464549],[120.449571,23.464567],[120.449597,23.464578],[120.449625,23.464581],[120.449653,23.464575],[120.449677,23.464561],[120.449695,23.46454],[120.449705,23.464515],[120.449705,23.464489],[120.449697,23.464464],[120.449679,23.464443],[120.449656,23.464428],[120.449628,23.464421],[120.449599,23.464423],[120.449573,23.464433]]]}},{"type":"Feature","id":"w691478558","properties":{"kind":"building","category":"university","name":"樂育堂(體育館)","area_m2":1718.4,"centroid":[120.458676,23.487381]},"geometry":{"type":"Polygon","coordinates":[[[120.458404,23.487474],[120.458523,23.487154],[120.458949,23.487288],[120.45883,23.487608],[120.458404,23.487474]]]}},{"type":"Feature","id":"w691478560","properties":{"kind":"building","category":"university","name":"產學營運及推廣處","area_m2":1010.6,"centroid":[120.459477,23.487692]},"geometry":{"type":"Polygon","coordinates":[[[120.459241,23.487603],[120.459276,23.487513],[120.459754,23.487668],[120.459721,23.487754],[120.459617,23.487721],[120.459564,23.487862],[120.459296,23.487778],[120.459349,23.487637],[120.459241,23.487603]]]}},{"type":"Feature","id":"w691478561","properties":{"kind":"building","category":"university","name":"輔導大樓","area_m2":346.1,"centroid":[120.459776,23.487779]},"geometry":{"type":"Polygon","coordinates":[[[120.459682,23.487854],[120.459721,23.487754],[120.459754,23.487668],[120.4599,23.487714],[120.459825,23.487904],[120.459682,23.487854]]]}},{"type":"Feature","id":"w691478562","properties":{"kind":"building","category":"university","name":null,"area_m2":288.5,"centroid":[120.459711,23.487947]},"geometry":{"type":"Polygon","coordinates":[[[120.459621,23.488019],[120.459668,23.487895],[120.459682,23.487854],[120.459825,23.487904],[120.459761,23.488061],[120.459621,23.488019]]]}},{"type":"Feature","id":"w691478563","properties":{"kind":"building","category":"university","name":null,"area_m2":774.0,"centroid":[120.459351,23.487876]},"geometry":{"type":"Polygon","coordinates":[[[120.459564,23.487862],[120.459668,23.487895],[120.459621,23.488019],[120.45918,23.48788],[120.459165,23.48792],[120.459124,23.487907],[120.459187,23.487744],[120.459296,23.487778],[120.459564,23.487862]]]}},{"type":"Feature","id":"w691478564","properties":{"kind":"building","category":"university","name":"空大嘉義實習指導中心","area_m2":1191.8,"centroid":[120.459268,23.488397]},"geometry":{"type":"Polygon","coordinates":[[[120.458915,23.488433],[120.458985,23.488253],[120.459024,23.488266],[120.459009,23.488306],[120.459283,23.488395],[120.459294,23.488366],[120.459334,23.488379],[120.459325,23.488404],[120.459453,23.488446],[120.459464,23.488417],[120.459598,23.48846],[120.459531,23.488633],[120.458915,23.488433]]]}},{"type":"Feature","id":"w691478565","properties":{"kind":"building","category":"yes","name":"林森圖書館","area_m2":596.6,"centroid":[120.45959,23.488163]},"geometry":{"type":"Polygon","coordinates":[[[120.459471,23.488397],[120.459551,23.488176],[120.4595,23.48816],[120.459514,23.48812],[120.459563,23.488135],[120.459578,23.488093],[120.45956,23.488087],[120.459584,23.48802],[120.459751,23.48807],[120.459727,23.488137],[120.459694,23.488127],[120.459584,23.488431],[120.459471,23.488397]]]}},{"type":"Feature","id":"w691478566","properties":{"kind":"building","category":"university","name":null,"area_m2":1330.0,"centroid":[120.459061,23.487998]},"geometry":{"type":"Polygon","coordinates":[[[120.458877,23.488543],[120.458915,23.488433],[120.458985,23.488253],[120.459124,23.487907],[120.459187,23.487744],[120.459241,23.487603],[120.459276,23.487513],[120.459174,23.48748],[120.458773,23.488509],[120.458877,23.488543]]]}},{"type":"Feature","id":"w691478567","properties":{"kind":"building","category":"dormitory","name":"明德齋(男生宿舍)","area_m2":1476.2,"centroid":[120.45913,23.488724]},"geometry":{"type":"Polygon","coordinates":[[[120.458891,23.488564],[120.458927,23.488474],[120.459492,23.488664],[120.459362,23.488989],[120.458803,23.488801],[120.458843,23.488702],[120.459335,23.488868],[120.459389,23.488732],[120.458891,23.488564]]]}},{"type":"Feature","id":"w691478568","properties":{"kind":"building","category":"dormitory","name":"青雲齋(女生宿舍)","area_m2":431.0,"centroid":[120.458478,23.489191]},"geometry":{"type":"Polygon","coordinates":[[[120.458286,23.489178],[120.458326,23.489081],[120.458671,23.489204],[120.458631,23.4893],[120.458286,23.489178]]]}},{"type":"Feature","id":"w691478569","properties":{"kind":"building","category":"yes","name":"餐廳","area_m2":1226.4,"centroid":[120.45899,23.489136]},"geometry":{"type":"Polygon","coordinates":[[[120.458686,23.489135],[120.458757,23.488956],[120.459294,23.489137],[120.459223,23.489315],[120.458686,23.489135]]]}},{"type":"Feature","id":"w691984195","properties":{"kind":"green","category":"village_green","name":null,"area_m2":1863.5,"centroid":[120.453189,23.489538]},"geometry":{"type":"Polygon","coordinates":[[[120.453141,23.489159],[120.453281,23.48917],[120.453309,23.489213],[120.453201,23.490086],[120.453014,23.490064],[120.453141,23.489159]]]}},{"type":"Feature","id":"w691984196","properties":{"kind":"green","category":"village_green","name":null,"area_m2":446.7,"centroid":[120.453455,23.487501]},"geometry":{"type":"Polygon","coordinates":[[[120.453383,23.487374],[120.453463,23.487401],[120.453549,23.487444],[120.453516,23.487664],[120.453362,23.487623],[120.453383,23.487374]]]}},{"type":"Feature","id":"w691984197","properties":{"kind":"green","category":"village_green","name":null,"area_m2":1690.6,"centroid":[120.453523,23.486891]},"geometry":{"type":"Polygon","coordinates":[[[120.453432,23.487219],[120.453409,23.487131],[120.453423,23.48705],[120.453445,23.48685],[120.453483,23.486439],[120.453595,23.486525],[120.453682,23.486607],[120.453645,23.486919],[120.453595,23.487278],[120.453432,23.487219]]]}},{"type":"Feature","id":"w693020687","properties":{"kind":"building","category":"commercial","name":"嘉義市農會金融大樓","area_m2":872.2,"centroid":[120.429872,23.479932]},"geometry":{"type":"Polygon","coordinates":[[[120.429674,23.479818],[120.429935,23.479674],[120.430072,23.479912],[120.429981,23.479967],[120.429934,23.479997],[120.429892,23.480009],[120.429853,23.480005],[120.429823,23.48],[120.429789,23.479979],[120.429766,23.479956],[120.429674,23.479818]]]}},{"type":"Feature","id":"w699259875","properties":{"kind":"building","category":"yes","name":null,"area_m2":378.9,"centroid":[120.440846,23.478848]},"geometry":{"type":"Polygon","coordinates":[[[120.440665,23.47873],[120.440744,23.47867],[120.440972,23.478923],[120.440955,23.478936],[120.440894,23.478983],[120.440665,23.47873]]]}},{"type":"Feature","id":"w699259889","properties":{"kind":"green","category":"grass","name":null,"area_m2":113.8,"centroid":[120.441086,23.478565]},"geometry":{"type":"Polygon","coordinates":[[[120.441011,23.478572],[120.44114,23.478455],[120.441136,23.478562],[120.441113,23.478592],[120.441077,23.478607],[120.441037,23.478602],[120.441011,23.478572]]]}},{"type":"Feature","id":"w699263945","properties":{"kind":"building","category":"yes","name":null,"area_m2":503.0,"centroid":[120.440466,23.476859]},"geometry":{"type":"Polygon","coordinates":[[[120.440327,23.476745],[120.440455,23.476689],[120.440604,23.476972],[120.440476,23.477028],[120.440327,23.476745]]]}},{"type":"Feature","id":"w699264080","properties":{"kind":"building","category":"yes","name":null,"area_m2":503.9,"centroid":[120.440673,23.477151]},"geometry":{"type":"Polygon","coordinates":[[[120.440589,23.476999],[120.440475,23.477044],[120.440613,23.477261],[120.440693,23.47727],[120.440716,23.477272],[120.440825,23.477182],[120.440748,23.477117],[120.440716,23.477141],[120.440689,23.477102],[120.440662,23.477118],[120.440589,23.476999]]]}},{"type":"Feature","id":"w699267246","properties":{"kind":"building","category":"yes","name":null,"area_m2":395.3,"centroid":[120.449064,23.493227]},"geometry":{"type":"Polygon","coordinates":[[[120.449144,23.493272],[120.449221,23.493216],[120.449219,23.493184],[120.449189,23.49316],[120.44916,23.493153],[120.449128,23.493157],[120.449109,23.493196],[120.449067,23.493199],[120.449069,23.493175],[120.449058,23.49316],[120.449031,23.493152],[120.448986,23.493171],[120.448959,23.493191],[120.448957,23.493224],[120.448969,23.493261],[120.448988,23.493273],[120.448898,23.493282],[120.448938,23.493356],[120.449018,23.493299],[120.449039,23.493299],[120.449112,23.493326],[120.449155,23.493289],[120.449144,23.493272]]]}},{"type":"Feature","id":"w699269465","properties":{"kind":"building","category":"yes","name":null,"area_m2":277.8,"centroid":[120.4449,23.494112]},"geometry":{"type":"Polygon","coordinates":[[[120.444827,23.494235],[120.444859,23.493999],[120.444899,23.493983],[120.444947,23.494027],[120.444947,23.49418],[120.444918,23.494249],[120.444827,23.494235]]]}},{"type":"Feature","id":"w699269506","properties":{"kind":"building","category":"yes","name":null,"area_m2":315.4,"centroid":[120.444708,23.494126]},"geometry":{"type":"Polygon","coordinates":[[[120.44479,23.494219],[120.444817,23.494013],[120.444763,23.49399],[120.444693,23.494034],[120.444684,23.494118],[120.444629,23.494116],[120.444634,23.49416],[120.444661,23.494204],[120.444709,23.49418],[120.444704,23.494224],[120.44479,23.494219]]]}},{"type":"Feature","id":"w700812078","properties":{"kind":"building","category":"yes","name":null,"area_m2":205.1,"centroid":[120.441963,23.47434]},"geometry":{"type":"Polygon","coordinates":[[[120.441872,23.474283],[120.44207,23.474306],[120.442056,23.474375],[120.441855,23.474396],[120.441872,23.474283]]]}},{"type":"Feature","id":"w700812079","properties":{"kind":"building","category":"yes","name":null,"area_m2":157.7,"centroid":[120.440889,23.473302]},"geometry":{"type":"Polygon","coordinates":[[[120.44093,23.473378],[120.440833,23.473369],[120.440849,23.473226],[120.440946,23.473236],[120.44093,23.473378]]]}},{"type":"Feature","id":"w700813001","properties":{"kind":"building","category":"yes","name":null,"area_m2":157.8,"centroid":[120.442566,23.470503]},"geometry":{"type":"Polygon","coordinates":[[[120.442653,23.470548],[120.442476,23.470535],[120.442478,23.470453],[120.442658,23.470474],[120.442653,23.470548]]]}},{"type":"Feature","id":"w700813002","properties":{"kind":"building","category":"yes","name":null,"area_m2":100.8,"centroid":[120.442507,23.470877]},"geometry":{"type":"Polygon","coordinates":[[[120.44261,23.470902],[120.442403,23.470895],[120.442404,23.470852],[120.442612,23.470859],[120.44261,23.470902]]]}},{"type":"Feature","id":"w700813752","properties":{"kind":"building","category":"yes","name":null,"area_m2":81.4,"centroid":[120.442648,23.470213]},"geometry":{"type":"Polygon","coordinates":[[[120.442588,23.470241],[120.442594,23.470178],[120.442709,23.470186],[120.4427,23.470249],[120.442588,23.470241]]]}},{"type":"Feature","id":"w700813753","properties":{"kind":"building","category":"yes","name":null,"area_m2":110.7,"centroid":[120.442644,23.470117]},"geometry":{"type":"Polygon","coordinates":[[[120.442553,23.470155],[120.442561,23.470088],[120.442654,23.47009],[120.442683,23.470098],[120.442708,23.470112],[120.442704,23.470161],[120.442553,23.470155]]]}},{"type":"Feature","id":"w700816073","properties":{"kind":"building","category":"yes","name":null,"area_m2":395.7,"centroid":[120.441916,23.472813]},"geometry":{"type":"Polygon","coordinates":[[[120.441827,23.472716],[120.442028,23.472738],[120.442006,23.47291],[120.441805,23.472888],[120.441827,23.472716]]]}},{"type":"Feature","id":"w700816269","properties":{"kind":"building","category":"yes","name":null,"area_m2":131.0,"centroid":[120.444115,23.466979]},"geometry":{"type":"Polygon","coordinates":[[[120.44411,23.467055],[120.444177,23.467027],[120.444132,23.466899],[120.444041,23.466936],[120.44411,23.467055]]]}},{"type":"Feature","id":"w700816270","properties":{"kind":"building","category":"yes","name":null,"area_m2":158.1,"centroid":[120.443801,23.467115]},"geometry":{"type":"Polygon","coordinates":[[[120.443732,23.467049],[120.443803,23.467013],[120.44387,23.467185],[120.443798,23.467211],[120.443732,23.467049]]]}},{"type":"Feature","id":"w700817667","properties":{"kind":"building","category":"retail","name":"全聯福利中心","area_m2":1252.4,"centroid":[120.440696,23.467734]},"geometry":{"type":"Polygon","coordinates":[[[120.440502,23.467873],[120.440525,23.467571],[120.44089,23.467594],[120.440867,23.467897],[120.440502,23.467873]]]}},{"type":"Feature","id":"w700817668","properties":{"kind":"building","category":"commercial","name":null,"area_m2":520.8,"centroid":[120.438816,23.467666]},"geometry":{"type":"Polygon","coordinates":[[[120.43895,23.467756],[120.438655,23.467731],[120.438683,23.467575],[120.438976,23.467603],[120.43895,23.467756]]]}},{"type":"Feature","id":"w700817669","properties":{"kind":"building","category":"yes","name":null,"area_m2":153.8,"centroid":[120.437708,23.469747]},"geometry":{"type":"Polygon","coordinates":[[[120.437766,23.46969],[120.437647,23.469688],[120.43765,23.469806],[120.437767,23.469803],[120.437766,23.46969]]]}},{"type":"Feature","id":"w700817670","properties":{"kind":"building","category":"yes","name":null,"area_m2":198.9,"centroid":[120.437685,23.469599]},"geometry":{"type":"Polygon","coordinates":[[[120.437744,23.469525],[120.437627,23.469523],[120.437625,23.469675],[120.437743,23.469673],[120.437744,23.469525]]]}},{"type":"Feature","id":"w700817671","properties":{"kind":"building","category":"yes","name":null,"area_m2":116.9,"centroid":[120.438667,23.470062]},"geometry":{"type":"Polygon","coordinates":[[[120.438723,23.470017],[120.438607,23.470018],[120.43861,23.470107],[120.438728,23.470105],[120.438723,23.470017]]]}},{"type":"Feature","id":"w703477081","properties":{"kind":"building","category":"hotel","name":"嘉義智選假日飯店","area_m2":711.9,"centroid":[120.437871,23.480895]},"geometry":{"type":"Polygon","coordinates":[[[120.437929,23.480726],[120.438063,23.480878],[120.437814,23.481065],[120.437679,23.480913],[120.437929,23.480726]]]}},{"type":"Feature","id":"w703477082","properties":{"kind":"building","category":"yes","name":"城市墨苑酒店 (未開業)","area_m2":1299.9,"centroid":[120.430793,23.479315]},"geometry":{"type":"Polygon","coordinates":[[[120.430676,23.479562],[120.431099,23.47931],[120.430928,23.479069],[120.430699,23.479206],[120.430775,23.479314],[120.430582,23.479429],[120.430676,23.479562]]]}},{"type":"Feature","id":"w703477083","properties":{"kind":"building","category":"apartments","name":null,"area_m2":943.0,"centroid":[120.430585,23.477815]},"geometry":{"type":"Polygon","coordinates":[[[120.430389,23.477905],[120.430587,23.477814],[120.430695,23.477986],[120.430826,23.477932],[120.430668,23.477649],[120.430622,23.477639],[120.430311,23.47778],[120.430389,23.477905]]]}},{"type":"Feature","id":"w703477085","properties":{"kind":"building","category":"yes","name":null,"area_m2":777.8,"centroid":[120.436216,23.478834]},"geometry":{"type":"Polygon","coordinates":[[[120.435989,23.478847],[120.436137,23.479011],[120.436341,23.478884],[120.436352,23.478763],[120.43626,23.478667],[120.435989,23.478847]]]}},{"type":"Feature","id":"w703477086","properties":{"kind":"building","category":"yes","name":null,"area_m2":1139.1,"centroid":[120.436269,23.479105]},"geometry":{"type":"Polygon","coordinates":[[[120.436135,23.479343],[120.436503,23.479112],[120.436392,23.478967],[120.436323,23.478947],[120.435993,23.479154],[120.436135,23.479343]]]}},{"type":"Feature","id":"w703482087","properties":{"kind":"building","category":"yes","name":null,"area_m2":983.6,"centroid":[120.437894,23.488496]},"geometry":{"type":"Polygon","coordinates":[[[120.437635,23.488562],[120.437801,23.488737],[120.438107,23.488494],[120.438002,23.488383],[120.437941,23.488432],[120.437879,23.488367],[120.437635,23.488562]]]}},{"type":"Feature","id":"w703483101","properties":{"kind":"building","category":"yes","name":null,"area_m2":1028.0,"centroid":[120.436819,23.475304]},"geometry":{"type":"Polygon","coordinates":[[[120.436967,23.475136],[120.437095,23.475262],[120.436727,23.475573],[120.436597,23.475444],[120.436771,23.475297],[120.436741,23.475267],[120.43681,23.475209],[120.436842,23.475241],[120.436967,23.475136]]]}},{"type":"Feature","id":"w703486320","properties":{"kind":"building","category":"yes","name":"嘉南農田水利會嘉義區辦事處","area_m2":979.2,"centroid":[120.455088,23.473955]},"geometry":{"type":"Polygon","coordinates":[[[120.45488,23.474004],[120.454932,23.47401],[120.454927,23.474054],[120.455219,23.474086],[120.455224,23.474048],[120.455277,23.474054],[120.455296,23.473911],[120.455243,23.473905],[120.455251,23.473846],[120.454956,23.473813],[120.454949,23.473866],[120.454899,23.473861],[120.45488,23.474004]]]}},{"type":"Feature","id":"w703486323","properties":{"kind":"building","category":"college","name":"綜合教學大樓","area_m2":1470.5,"centroid":[120.464198,23.469115]},"geometry":{"type":"Polygon","coordinates":[[[120.46395,23.469183],[120.463968,23.469014],[120.463997,23.469017],[120.464005,23.468941],[120.464551,23.468988],[120.464527,23.469228],[120.464411,23.469218],[120.464413,23.469196],[120.464078,23.469167],[120.464075,23.469194],[120.46395,23.469183]]]}},{"type":"Feature","id":"w703490100","properties":{"kind":"building","category":"yes","name":null,"area_m2":116.3,"centroid":[120.435421,23.468642]},"geometry":{"type":"Polygon","coordinates":[[[120.435393,23.468708],[120.435498,23.468642],[120.435449,23.468575],[120.435343,23.468642],[120.435393,23.468708]]]}},{"type":"Feature","id":"w713121892","properties":{"kind":"building","category":"yes","name":null,"area_m2":311.2,"centroid":[120.441439,23.48112]},"geometry":{"type":"Polygon","coordinates":[[[120.441333,23.481043],[120.441414,23.481172],[120.441471,23.481237],[120.441567,23.481167],[120.441412,23.480979],[120.441333,23.481043]]]}},{"type":"Feature","id":"w713121893","properties":{"kind":"building","category":"yes","name":null,"area_m2":278.3,"centroid":[120.441588,23.481281]},"geometry":{"type":"Polygon","coordinates":[[[120.441567,23.481167],[120.441471,23.481237],[120.441608,23.481394],[120.441704,23.481324],[120.441567,23.481167]]]}},{"type":"Feature","id":"w713121894","properties":{"kind":"building","category":"yes","name":null,"area_m2":581.3,"centroid":[120.44177,23.481508]},"geometry":{"type":"Polygon","coordinates":[[[120.441596,23.481432],[120.441716,23.481338],[120.441945,23.481583],[120.441822,23.481679],[120.441596,23.481432]]]}},{"type":"Feature","id":"w713121895","properties":{"kind":"building","category":"yes","name":null,"area_m2":439.1,"centroid":[120.441967,23.481723]},"geometry":{"type":"Polygon","coordinates":[[[120.441822,23.481679],[120.441987,23.481862],[120.442114,23.481766],[120.441945,23.481583],[120.441822,23.481679]]]}},{"type":"Feature","id":"w713121896","properties":{"kind":"building","category":"yes","name":null,"area_m2":1340.1,"centroid":[120.442302,23.482093]},"geometry":{"type":"Polygon","coordinates":[[[120.441987,23.481862],[120.442491,23.48242],[120.442617,23.482325],[120.442114,23.481766],[120.441987,23.481862]]]}},{"type":"Feature","id":"w713121897","properties":{"kind":"building","category":"yes","name":null,"area_m2":947.4,"centroid":[120.44273,23.482567]},"geometry":{"type":"Polygon","coordinates":[[[120.442491,23.48242],[120.442844,23.482813],[120.442969,23.482708],[120.442617,23.482325],[120.442491,23.48242]]]}},{"type":"Feature","id":"w713121898","properties":{"kind":"building","category":"yes","name":null,"area_m2":621.2,"centroid":[120.443026,23.48288]},"geometry":{"type":"Polygon","coordinates":[[[120.442844,23.482813],[120.443082,23.483052],[120.443208,23.482947],[120.442969,23.482708],[120.442844,23.482813]]]}},{"type":"Feature","id":"w755392196","properties":{"kind":"building","category":"yes","name":null,"area_m2":321.7,"centroid":[120.44998,23.486964]},"geometry":{"type":"Polygon","coordinates":[[[120.449766,23.486886],[120.449804,23.486829],[120.450195,23.487047],[120.450156,23.487094],[120.449766,23.486886]]]}},{"type":"Feature","id":"w755392199","properties":{"kind":"building","category":"yes","name":null,"area_m2":354.1,"centroid":[120.450645,23.487261]},"geometry":{"type":"Polygon","coordinates":[[[120.450464,23.487219],[120.450512,23.487142],[120.450823,23.487302],[120.450781,23.487379],[120.450464,23.487219]]]}},{"type":"Feature","id":"w755392468","properties":{"kind":"building","category":"yes","name":null,"area_m2":82.3,"centroid":[120.451537,23.486389]},"geometry":{"type":"Polygon","coordinates":[[[120.451471,23.486392],[120.451504,23.486335],[120.451603,23.486385],[120.45157,23.486442],[120.451471,23.486392]]]}},{"type":"Feature","id":"w758181415","properties":{"kind":"building","category":"yes","name":"台電嘉義區營業處","area_m2":525.3,"centroid":[120.455355,23.473589]},"geometry":{"type":"Polygon","coordinates":[[[120.455123,23.473521],[120.455597,23.47356],[120.455587,23.473658],[120.455114,23.473618],[120.455123,23.473521]]]}},{"type":"Feature","id":"w758181416","properties":{"kind":"building","category":"yes","name":null,"area_m2":550.8,"centroid":[120.442121,23.473488]},"geometry":{"type":"Polygon","coordinates":[[[120.44196,23.473401],[120.442297,23.473431],[120.442282,23.473574],[120.441945,23.473545],[120.44196,23.473401]]]}},{"type":"Feature","id":"w759747843","properties":{"kind":"building","category":"hotel","name":"永悅商務大飯店","area_m2":1305.8,"centroid":[120.437011,23.467478]},"geometry":{"type":"Polygon","coordinates":[[[120.436764,23.467557],[120.437001,23.467576],[120.437235,23.467595],[120.437259,23.467351],[120.436794,23.467311],[120.436764,23.467557]]]}},{"type":"Feature","id":"w764095047","properties":{"kind":"building","category":"school","name":"培英樓","area_m2":839.8,"centroid":[120.455759,23.486332]},"geometry":{"type":"Polygon","coordinates":[[[120.456046,23.48628],[120.456039,23.486411],[120.455472,23.486384],[120.45548,23.486253],[120.456046,23.48628]]]}},{"type":"Feature","id":"w764095048","properties":{"kind":"building","category":"school","name":"群英樓","area_m2":2044.5,"centroid":[120.455621,23.485756]},"geometry":{"type":"Polygon","coordinates":[[[120.455931,23.485711],[120.455964,23.485712],[120.45596,23.485818],[120.455896,23.485817],[120.455897,23.485798],[120.455687,23.485793],[120.455681,23.485802],[120.455671,23.485809],[120.45566,23.485815],[120.455638,23.486159],[120.45546,23.486153],[120.45548,23.485758],[120.455269,23.485743],[120.455272,23.485621],[120.455292,23.485621],[120.455376,23.485622],[120.455464,23.485623],[120.455463,23.485643],[120.455523,23.485643],[120.455524,23.485601],[120.45593,23.485605],[120.455931,23.485711]]]}},{"type":"Feature","id":"w764095049","properties":{"kind":"building","category":"school","name":"育英樓","area_m2":1110.1,"centroid":[120.455453,23.485437]},"geometry":{"type":"Polygon","coordinates":[[[120.455768,23.485299],[120.455745,23.485484],[120.455667,23.485476],[120.455673,23.485426],[120.455432,23.485401],[120.455427,23.485411],[120.455415,23.48542],[120.455402,23.485422],[120.455376,23.485622],[120.455292,23.485621],[120.455295,23.48559],[120.455246,23.485585],[120.455285,23.485264],[120.455387,23.485274],[120.455389,23.485259],[120.455768,23.485299]]]}},{"type":"Feature","id":"w764095050","properties":{"kind":"building","category":"school","name":"學生活動中心","area_m2":1111.4,"centroid":[120.456846,23.485182]},"geometry":{"type":"Polygon","coordinates":[[[120.456627,23.48535],[120.457054,23.48536],[120.457059,23.485135],[120.456915,23.485132],[120.456915,23.485112],[120.456783,23.48511],[120.456782,23.485129],[120.456633,23.485125],[120.456627,23.48535]]]}},{"type":"Feature","id":"w766806658","properties":{"kind":"building","category":"school","name":"禮運樓","area_m2":2016.2,"centroid":[120.445661,23.472102]},"geometry":{"type":"Polygon","coordinates":[[[120.445093,23.472175],[120.446244,23.472271],[120.446258,23.472128],[120.445771,23.472087],[120.445776,23.47204],[120.445521,23.472019],[120.445516,23.472065],[120.445107,23.472031],[120.445093,23.472175]]]}},{"type":"Feature","id":"w766806659","properties":{"kind":"building","category":"school","name":"大同樓","area_m2":1417.2,"centroid":[120.44574,23.471518]},"geometry":{"type":"Polygon","coordinates":[[[120.44573,23.471485],[120.445913,23.471646],[120.446157,23.471663],[120.446167,23.471541],[120.445985,23.471529],[120.44579,23.47133],[120.445687,23.471323],[120.445474,23.47149],[120.445368,23.471479],[120.445353,23.4716],[120.44552,23.471616],[120.44573,23.471485]]]}},{"type":"Feature","id":"w766806660","properties":{"kind":"building","category":"school","name":"大道樓","area_m2":593.4,"centroid":[120.445193,23.471688]},"geometry":{"type":"Polygon","coordinates":[[[120.445112,23.47191],[120.445227,23.47192],[120.445274,23.471465],[120.44516,23.471455],[120.445112,23.47191]]]}},{"type":"Feature","id":"w766806661","properties":{"kind":"building","category":"school","name":"自然科教室","area_m2":719.9,"centroid":[120.446244,23.471735]},"geometry":{"type":"Polygon","coordinates":[[[120.446153,23.47195],[120.446201,23.471497],[120.446343,23.471509],[120.44628,23.471985],[120.446153,23.47195]]]}},{"type":"Feature","id":"w766806662","properties":{"kind":"building","category":"school","name":"廚房","area_m2":441.5,"centroid":[120.446309,23.471322]},"geometry":{"type":"Polygon","coordinates":[[[120.446223,23.471458],[120.446358,23.471472],[120.446394,23.471186],[120.446259,23.471172],[120.446223,23.471458]]]}},{"type":"Feature","id":"w766806663","properties":{"kind":"building","category":"school","name":"禮堂","area_m2":1049.5,"centroid":[120.445346,23.471172]},"geometry":{"type":"Polygon","coordinates":[[[120.4452,23.471343],[120.44524,23.470977],[120.445492,23.471],[120.445451,23.471366],[120.4452,23.471343]]]}},{"type":"Feature","id":"w766806664","properties":{"kind":"building","category":"school","name":"音樂教室","area_m2":245.2,"centroid":[120.445251,23.470859]},"geometry":{"type":"Polygon","coordinates":[[[120.445189,23.470961],[120.445291,23.47097],[120.445313,23.470758],[120.445212,23.470749],[120.445189,23.470961]]]}},{"type":"Feature","id":"w768791051","properties":{"kind":"building","category":"industrial","name":null,"area_m2":950.6,"centroid":[120.433531,23.488619]},"geometry":{"type":"Polygon","coordinates":[[[120.433391,23.488655],[120.433413,23.488606],[120.433362,23.488587],[120.433419,23.488458],[120.43384,23.488616],[120.433761,23.488793],[120.433391,23.488655]]]}},{"type":"Feature","id":"w776238747","properties":{"kind":"building","category":"school","name":"志道樓","area_m2":2451.6,"centroid":[120.452687,23.473265]},"geometry":{"type":"Polygon","coordinates":[[[120.452139,23.473343],[120.453675,23.473445],[120.453687,23.473282],[120.453607,23.473277],[120.453568,23.473308],[120.453087,23.473273],[120.452744,23.473247],[120.452274,23.473213],[120.452231,23.473172],[120.452153,23.473167],[120.452149,23.473221],[120.452084,23.473217],[120.45208,23.473271],[120.452144,23.473275],[120.452139,23.473343]]]}},{"type":"Feature","id":"w776238748","properties":{"kind":"building","category":"school","name":"據德樓","area_m2":2057.6,"centroid":[120.45289,23.473047]},"geometry":{"type":"Polygon","coordinates":[[[120.452157,23.47297],[120.452236,23.472976],[120.452238,23.472956],[120.452327,23.472963],[120.452323,23.473001],[120.452485,23.473013],[120.452538,23.473017],[120.452676,23.473028],[120.452681,23.472975],[120.453194,23.473013],[120.453189,23.473069],[120.453538,23.473095],[120.453541,23.473056],[120.453639,23.473064],[120.453637,23.473086],[120.453706,23.473091],[120.453697,23.473198],[120.453098,23.473154],[120.452754,23.473128],[120.452147,23.473083],[120.452157,23.47297]]]}},{"type":"Feature","id":"w776238749","properties":{"kind":"building","category":"school","name":"居學館","area_m2":308.5,"centroid":[120.453736,23.472576]},"geometry":{"type":"Polygon","coordinates":[[[120.453655,23.472664],[120.453801,23.472675],[120.453817,23.472489],[120.453671,23.472478],[120.453655,23.472664]]]}},{"type":"Feature","id":"w776238750","properties":{"kind":"building","category":"school","name":"依仁館","area_m2":610.0,"centroid":[120.452389,23.472716]},"geometry":{"type":"Polygon","coordinates":[[[120.452185,23.472772],[120.452447,23.472792],[120.452555,23.472799],[120.452563,23.472798],[120.452575,23.472657],[120.452328,23.47264],[120.452265,23.472636],[120.452197,23.472631],[120.452185,23.472772]]]}},{"type":"Feature","id":"w776238754","properties":{"kind":"building","category":"school","name":"音樂館","area_m2":579.1,"centroid":[120.452353,23.472327]},"geometry":{"type":"Polygon","coordinates":[[[120.452198,23.472362],[120.452245,23.472365],[120.45231,23.47237],[120.452572,23.472388],[120.452583,23.472252],[120.45221,23.472225],[120.452198,23.472362]]]}},{"type":"Feature","id":"w778190073","properties":{"kind":"building","category":"school","name":"司令臺","area_m2":101.3,"centroid":[120.455857,23.485333]},"geometry":{"type":"Polygon","coordinates":[[[120.45579,23.485366],[120.455923,23.485367],[120.455924,23.4853],[120.455791,23.485298],[120.45579,23.485366]]]}},{"type":"Feature","id":"w778190731","properties":{"kind":"building","category":"apartments","name":"活動中心","area_m2":939.9,"centroid":[120.454584,23.492911]},"geometry":{"type":"Polygon","coordinates":[[[120.454468,23.49309],[120.4547,23.49309],[120.454699,23.492731],[120.454467,23.492731],[120.454468,23.49309]]]}},{"type":"Feature","id":"w778191869","properties":{"kind":"building","category":"school","name":"教室","area_m2":1089.1,"centroid":[120.455245,23.493154]},"geometry":{"type":"Polygon","coordinates":[[[120.454797,23.493197],[120.4548,23.493089],[120.455693,23.493111],[120.45569,23.493219],[120.454797,23.493197]]]}},{"type":"Feature","id":"w778192377","properties":{"kind":"building","category":"school","name":"教室","area_m2":1045.0,"centroid":[120.455278,23.49275]},"geometry":{"type":"Polygon","coordinates":[[[120.454791,23.492812],[120.454796,23.492711],[120.455075,23.492712],[120.455158,23.492713],[120.455708,23.492716],[120.455711,23.49277],[120.455707,23.492817],[120.454791,23.492812]]]}},{"type":"Feature","id":"w778202438","properties":{"kind":"green","category":"grass","name":null,"area_m2":2283.8,"centroid":[120.443691,23.490212]},"geometry":{"type":"Polygon","coordinates":[[[120.443334,23.490263],[120.443326,23.490194],[120.443335,23.490148],[120.443362,23.490107],[120.443429,23.490058],[120.443952,23.490066],[120.443992,23.490087],[120.444023,23.49012],[120.444046,23.490156],[120.444057,23.490211],[120.444034,23.490278],[120.443998,23.490324],[120.443945,23.490363],[120.443452,23.490374],[120.443399,23.490338],[120.443366,23.490306],[120.443334,23.490263]]]}},{"type":"Feature","id":"w778202441","properties":{"kind":"green","category":"playground","name":"歡邦園","area_m2":1021.7,"centroid":[120.44437,23.490485]},"geometry":{"type":"Polygon","coordinates":[[[120.44422,23.490553],[120.444258,23.490317],[120.444472,23.490351],[120.444692,23.490612],[120.444209,23.490592],[120.44422,23.490553]]]}},{"type":"Feature","id":"w778202442","properties":{"kind":"building","category":"school","name":"禮堂","area_m2":781.7,"centroid":[120.443599,23.491395]},"geometry":{"type":"Polygon","coordinates":[[[120.443434,23.491287],[120.443773,23.491299],[120.443764,23.491503],[120.443425,23.491491],[120.443434,23.491287]]]}},{"type":"Feature","id":"w783886393","properties":{"kind":"building","category":"yes","name":null,"area_m2":373.6,"centroid":[120.440781,23.476771]},"geometry":{"type":"Polygon","coordinates":[[[120.440598,23.476805],[120.440956,23.476828],[120.440963,23.476736],[120.440605,23.476713],[120.440598,23.476805]]]}},{"type":"Feature","id":"w785500251","properties":{"kind":"building","category":"school","name":"學務處/教務處/教室","area_m2":2112.0,"centroid":[120.455161,23.493378]},"geometry":{"type":"Polygon","coordinates":[[[120.454434,23.493488],[120.454437,23.493359],[120.45498,23.493371],[120.454982,23.493287],[120.455126,23.49329],[120.455226,23.493292],[120.455223,23.493386],[120.455675,23.493396],[120.455765,23.493398],[120.455762,23.493518],[120.454434,23.493488]]]}},{"type":"Feature","id":"w785500253","properties":{"kind":"building","category":"school","name":"中廊","area_m2":673.5,"centroid":[120.455117,23.493072]},"geometry":{"type":"Polygon","coordinates":[[[120.455075,23.493433],[120.455158,23.49343],[120.455158,23.492713],[120.455075,23.492712],[120.455075,23.493433]]]}},{"type":"Feature","id":"w787189568","properties":{"kind":"green","category":"playground","name":"溜滑梯","area_m2":71.4,"centroid":[120.445428,23.47051]},"geometry":{"type":"Polygon","coordinates":[[[120.445393,23.470555],[120.445396,23.470462],[120.445464,23.470464],[120.445461,23.470557],[120.445393,23.470555]]]}},{"type":"Feature","id":"w787558092","properties":{"kind":"green","category":"grass","name":null,"area_m2":2694.2,"centroid":[120.453086,23.472403]},"geometry":{"type":"Polygon","coordinates":[[[120.45285,23.472551],[120.45325,23.47259],[120.453282,23.472586],[120.453311,23.472581],[120.45334,23.47257],[120.453364,23.472555],[120.453387,23.472536],[120.453402,23.47252],[120.453417,23.472497],[120.453427,23.472475],[120.453438,23.472444],[120.453443,23.472414],[120.453442,23.472382],[120.453435,23.472351],[120.453422,23.472326],[120.453404,23.472302],[120.453384,23.472281],[120.453361,23.472262],[120.453335,23.472246],[120.453304,23.472233],[120.452874,23.472196],[120.452831,23.472202],[120.452799,23.472217],[120.452765,23.472235],[120.452743,23.472258],[120.452722,23.472279],[120.45271,23.472306],[120.452699,23.472339],[120.452695,23.472376],[120.452695,23.472409],[120.452706,23.472438],[120.452722,23.472464],[120.452744,23.472489],[120.452764,23.472511],[120.452793,23.472529],[120.45282,23.472541],[120.45285,23.472551]]]}},{"type":"Feature","id":"w787558093","properties":{"kind":"green","category":"grass","name":null,"area_m2":3142.2,"centroid":[120.450374,23.472259]},"geometry":{"type":"Polygon","coordinates":[[[120.449991,23.472078],[120.450792,23.472146],[120.450826,23.472174],[120.450855,23.472211],[120.45087,23.472249],[120.450871,23.472297],[120.450868,23.47233],[120.450853,23.472362],[120.450833,23.47239],[120.450803,23.472416],[120.450768,23.472433],[120.449961,23.472375],[120.449922,23.472347],[120.449894,23.472316],[120.449879,23.472278],[120.449871,23.472227],[120.449875,23.472187],[120.449891,23.472147],[120.449914,23.472118],[120.449938,23.472093],[120.449991,23.472078]]]}},{"type":"Feature","id":"w787558094","properties":{"kind":"green","category":"grass","name":null,"area_m2":1533.1,"centroid":[120.445821,23.470657]},"geometry":{"type":"Polygon","coordinates":[[[120.445673,23.470774],[120.446001,23.470808],[120.446055,23.470789],[120.446097,23.470757],[120.446118,23.470722],[120.446129,23.470679],[120.446119,23.47063],[120.446094,23.470588],[120.446059,23.470552],[120.446022,23.470531],[120.445688,23.470506],[120.445642,23.470525],[120.445606,23.470552],[120.44558,23.470582],[120.445567,23.470615],[120.445567,23.470646],[120.445572,23.470675],[120.445586,23.470709],[120.44561,23.470739],[120.445641,23.470759],[120.445673,23.470774]]]}},{"type":"Feature","id":"w790623359","properties":{"kind":"building","category":"yes","name":"司令台","area_m2":139.9,"centroid":[120.437912,23.463929]},"geometry":{"type":"Polygon","coordinates":[[[120.437871,23.463928],[120.437862,23.464006],[120.437946,23.464015],[120.437955,23.463907],[120.437959,23.463864],[120.437879,23.463857],[120.437871,23.463928]]]}},{"type":"Feature","id":"w790623360","properties":{"kind":"building","category":"yes","name":"國際英語村","area_m2":154.2,"centroid":[120.438089,23.463257]},"geometry":{"type":"Polygon","coordinates":[[[120.438077,23.463329],[120.437994,23.463188],[120.438071,23.463179],[120.438173,23.463279],[120.43813,23.463312],[120.438077,23.463329]]]}},{"type":"Feature","id":"w790623363","properties":{"kind":"building","category":"school","name":"廚房","area_m2":314.7,"centroid":[120.437519,23.463815]},"geometry":{"type":"Polygon","coordinates":[[[120.437449,23.46393],[120.437553,23.463939],[120.437602,23.463693],[120.437472,23.4637],[120.437449,23.46393]]]}},{"type":"Feature","id":"w790623364","properties":{"kind":"building","category":"carport","name":"車棚","area_m2":283.1,"centroid":[120.43754,23.463544]},"geometry":{"type":"Polygon","coordinates":[[[120.437476,23.463658],[120.437584,23.463668],[120.437594,23.463515],[120.437508,23.463335],[120.437476,23.463658]]]}},{"type":"Feature","id":"w790726960","properties":{"kind":"green","category":"park","name":"躲避球場","area_m2":190.6,"centroid":[120.45586,23.485459]},"geometry":{"type":"Polygon","coordinates":[[[120.455804,23.485535],[120.455914,23.485536],[120.455915,23.485382],[120.455805,23.485382],[120.455804,23.485535]]]}},{"type":"Feature","id":"w790726961","properties":{"kind":"building","category":"yes","name":"1F風雨球場 2F 3F廣賢廳","area_m2":480.8,"centroid":[120.456098,23.486051]},"geometry":{"type":"Polygon","coordinates":[[[120.455984,23.486179],[120.456114,23.486182],[120.456115,23.486155],[120.456154,23.486144],[120.456165,23.485961],[120.45613,23.485947],[120.456131,23.48592],[120.455992,23.485916],[120.455984,23.486179]]]}},{"type":"Feature","id":"w790726962","properties":{"kind":"green","category":"playground","name":"新遊樂器材區","area_m2":255.7,"centroid":[120.456172,23.485733]},"geometry":{"type":"Polygon","coordinates":[[[120.456145,23.48583],[120.456239,23.485833],[120.456248,23.485625],[120.456129,23.485621],[120.456124,23.485743],[120.456148,23.485744],[120.456145,23.48583]]]}},{"type":"Feature","id":"w790726963","properties":{"kind":"green","category":"park","name":"中央大草皮","area_m2":699.4,"centroid":[120.455776,23.486083]},"geometry":{"type":"Polygon","coordinates":[[[120.455657,23.486132],[120.455672,23.485885],[120.455894,23.485896],[120.455878,23.48616],[120.455825,23.486158],[120.455824,23.486179],[120.455681,23.486172],[120.455657,23.486132]]]}},{"type":"Feature","id":"w790726964","properties":{"kind":"building","category":"school","name":"附小樹屋","area_m2":77.9,"centroid":[120.456463,23.48492]},"geometry":{"type":"Polygon","coordinates":[[[120.456423,23.484964],[120.456429,23.484871],[120.456503,23.484875],[120.456497,23.484968],[120.456423,23.484964]]]}},{"type":"Feature","id":"w790726965","properties":{"kind":"green","category":"playground","name":"舊遊樂器材區","area_m2":173.9,"centroid":[120.455378,23.484982]},"geometry":{"type":"Polygon","coordinates":[[[120.455328,23.485101],[120.455366,23.48482],[120.455416,23.484824],[120.455391,23.485057],[120.45539,23.485106],[120.455328,23.485101]]]}},{"type":"Feature","id":"w790780340","properties":{"kind":"building","category":"yes","name":"警衛室","area_m2":55.3,"centroid":[120.455676,23.486528]},"geometry":{"type":"Polygon","coordinates":[[[120.455714,23.486555],[120.455699,23.486562],[120.455671,23.486561],[120.455648,23.486554],[120.455632,23.486542],[120.455629,23.486527],[120.455633,23.486512],[120.455641,23.486502],[120.455658,23.486496],[120.455683,23.486496],[120.455704,23.486505],[120.455716,23.486514],[120.455722,23.486529],[120.455721,23.486542],[120.455714,23.486555]]]}},{"type":"Feature","id":"w790795715","properties":{"kind":"building","category":"yes","name":"蝴蝶球場","area_m2":840.9,"centroid":[120.456095,23.48547]},"geometry":{"type":"Polygon","coordinates":[[[120.455928,23.485579],[120.456253,23.485589],[120.456261,23.48536],[120.455936,23.48535],[120.455928,23.485579]]]}},{"type":"Feature","id":"w790795810","properties":{"kind":"green","category":"grass","name":null,"area_m2":2545.9,"centroid":[120.455869,23.485004]},"geometry":{"type":"Polygon","coordinates":[[[120.455642,23.485165],[120.456115,23.485182],[120.456176,23.485161],[120.456224,23.485119],[120.456252,23.485065],[120.456256,23.485005],[120.456246,23.484952],[120.456217,23.484912],[120.456178,23.484874],[120.456124,23.484848],[120.45566,23.484828],[120.455614,23.484844],[120.455568,23.484875],[120.455531,23.484919],[120.455512,23.48497],[120.455509,23.485021],[120.455525,23.48507],[120.455559,23.485113],[120.455596,23.485144],[120.455642,23.485165]]]}},{"type":"Feature","id":"w791022266","properties":{"kind":"green","category":"garden","name":"蝴蝶溫室","area_m2":219.7,"centroid":[120.438288,23.465147]},"geometry":{"type":"Polygon","coordinates":[[[120.438186,23.465194],[120.438218,23.465091],[120.438386,23.465091],[120.438363,23.465211],[120.438186,23.465194]]]}},{"type":"Feature","id":"w791035378","properties":{"kind":"building","category":"school","name":"廚房","area_m2":458.3,"centroid":[120.455798,23.492984]},"geometry":{"type":"Polygon","coordinates":[[[120.455675,23.493098],[120.45568,23.492846],[120.455827,23.492848],[120.455825,23.492953],[120.455868,23.492954],[120.455866,23.493038],[120.455821,23.493037],[120.45582,23.493101],[120.455675,23.493098]]]}},{"type":"Feature","id":"w791042737","properties":{"kind":"building","category":"school","name":"弘學樓","area_m2":1110.3,"centroid":[120.454848,23.491354]},"geometry":{"type":"Polygon","coordinates":[[[120.454521,23.491401],[120.454531,23.491254],[120.455175,23.491303],[120.455164,23.49146],[120.454521,23.491401]]]}},{"type":"Feature","id":"w791042738","properties":{"kind":"building","category":"school","name":"中正樓","area_m2":600.1,"centroid":[120.454067,23.490952]},"geometry":{"type":"Polygon","coordinates":[[[120.453957,23.49115],[120.454005,23.490742],[120.454129,23.490757],[120.454121,23.490872],[120.454103,23.491025],[120.454086,23.491165],[120.453957,23.49115]]]}},{"type":"Feature","id":"w791042739","properties":{"kind":"building","category":"school","name":"仁愛樓","area_m2":720.6,"centroid":[120.454409,23.490845]},"geometry":{"type":"Polygon","coordinates":[[[120.454121,23.490872],[120.454129,23.490757],[120.454698,23.490821],[120.454687,23.490929],[120.454121,23.490872]]]}},{"type":"Feature","id":"w791042740","properties":{"kind":"building","category":"school","name":"忠孝樓","area_m2":857.9,"centroid":[120.454371,23.491122]},"geometry":{"type":"Polygon","coordinates":[[[120.454086,23.491165],[120.454103,23.491025],[120.454655,23.491082],[120.454639,23.491214],[120.454086,23.491165]]]}},{"type":"Feature","id":"w791042892","properties":{"kind":"building","category":"school","name":"警衛室","area_m2":144.0,"centroid":[120.444205,23.49152]},"geometry":{"type":"Polygon","coordinates":[[[120.444131,23.491565],[120.444131,23.491477],[120.44428,23.491477],[120.444277,23.491562],[120.444131,23.491565]]]}},{"type":"Feature","id":"w791042893","properties":{"kind":"building","category":"school","name":"司令台","area_m2":69.1,"centroid":[120.443675,23.490505]},"geometry":{"type":"Polygon","coordinates":[[[120.443622,23.490532],[120.443625,23.490473],[120.443729,23.490478],[120.443725,23.490537],[120.443622,23.490532]]]}},{"type":"Feature","id":"w791051691","properties":{"kind":"building","category":"school","name":"南側門","area_m2":27.2,"centroid":[120.454744,23.492748]},"geometry":{"type":"Polygon","coordinates":[[[120.454723,23.49278],[120.454771,23.49278],[120.454766,23.492746],[120.454763,23.492721],[120.454731,23.492718],[120.454728,23.49274],[120.454727,23.492749],[120.454723,23.49278]]]}},{"type":"Feature","id":"w791051693","properties":{"kind":"building","category":"school","name":"司令台","area_m2":67.7,"centroid":[120.455844,23.493132]},"geometry":{"type":"Polygon","coordinates":[[[120.455822,23.493193],[120.45587,23.493195],[120.455876,23.49307],[120.455828,23.493068],[120.455825,23.493135],[120.455822,23.493193]]]}},{"type":"Feature","id":"w791062530","properties":{"kind":"green","category":"playground","name":null,"area_m2":397.2,"centroid":[120.455514,23.49298]},"geometry":{"type":"Polygon","coordinates":[[[120.455426,23.49308],[120.455602,23.49308],[120.455602,23.49288],[120.455426,23.49288],[120.455426,23.49308]]]}},{"type":"Feature","id":"w791358720","properties":{"kind":"building","category":"school","name":"福利社","area_m2":163.1,"centroid":[120.455726,23.493321]},"geometry":{"type":"Polygon","coordinates":[[[120.455675,23.493396],[120.455683,23.493242],[120.455782,23.493247],[120.455765,23.493398],[120.455675,23.493396]]]}},{"type":"Feature","id":"w791966500","properties":{"kind":"building","category":"commercial","name":null,"area_m2":449.5,"centroid":[120.449828,23.47413]},"geometry":{"type":"Polygon","coordinates":[[[120.449686,23.474126],[120.449698,23.474022],[120.450009,23.474051],[120.449997,23.474162],[120.449863,23.474149],[120.449857,23.474202],[120.449753,23.474192],[120.44976,23.474132],[120.449686,23.474126]]]}},{"type":"Feature","id":"w793349660","properties":{"kind":"building","category":"school","name":"活動中心","area_m2":1008.8,"centroid":[120.454465,23.490616]},"geometry":{"type":"Polygon","coordinates":[[[120.454312,23.490685],[120.454312,23.490703],[120.454676,23.490732],[120.454704,23.490493],[120.45432,23.490467],[120.454312,23.490685]]]}},{"type":"Feature","id":"w793349661","properties":{"kind":"building","category":"school","name":"弘道樓","area_m2":876.3,"centroid":[120.455049,23.490928]},"geometry":{"type":"Polygon","coordinates":[[[120.454733,23.490966],[120.455353,23.491015],[120.455361,23.490889],[120.454747,23.490842],[120.454733,23.490966]]]}},{"type":"Feature","id":"w793805624","properties":{"kind":"building","category":"yes","name":"ChargePoint","area_m2":32.4,"centroid":[120.449351,23.48141]},"geometry":{"type":"Polygon","coordinates":[[[120.449337,23.481371],[120.449324,23.48144],[120.449368,23.481448],[120.449374,23.481379],[120.449337,23.481371]]]}},{"type":"Feature","id":"w800702864","properties":{"kind":"green","category":"park","name":"蝴蝶館","area_m2":19.5,"centroid":[120.455325,23.485271]},"geometry":{"type":"Polygon","coordinates":[[[120.4553,23.485287],[120.455306,23.48525],[120.455352,23.485255],[120.455344,23.485293],[120.4553,23.485287]]]}},{"type":"Feature","id":"w803496484","properties":{"kind":"building","category":"college","name":"體育館","area_m2":1722.3,"centroid":[120.46346,23.469341]},"geometry":{"type":"Polygon","coordinates":[[[120.463149,23.469168],[120.463551,23.469208],[120.463556,23.469168],[120.463661,23.469179],[120.463618,23.469541],[120.463511,23.469531],[120.463516,23.469488],[120.463116,23.469448],[120.463149,23.469168]]]}},{"type":"Feature","id":"w803496485","properties":{"kind":"building","category":"college","name":"餐館樓","area_m2":843.8,"centroid":[120.463405,23.468961]},"geometry":{"type":"Polygon","coordinates":[[[120.463151,23.468946],[120.463164,23.468829],[120.463742,23.468884],[120.463728,23.469008],[120.463395,23.468976],[120.463387,23.469043],[120.463332,23.469037],[120.46334,23.468964],[120.463151,23.468946]]]}},{"type":"Feature","id":"w803496486","properties":{"kind":"building","category":"college","name":null,"area_m2":2333.7,"centroid":[120.464437,23.469665]},"geometry":{"type":"Polygon","coordinates":[[[120.463741,23.469735],[120.464519,23.46981],[120.464602,23.469148],[120.464729,23.469161],[120.464646,23.469823],[120.464771,23.469836],[120.464759,23.469953],[120.463727,23.46985],[120.463741,23.469735]]]}},{"type":"Feature","id":"w803496487","properties":{"kind":"building","category":"college","name":"圖資樓","area_m2":875.9,"centroid":[120.465032,23.46913]},"geometry":{"type":"Polygon","coordinates":[[[120.464856,23.4692],[120.464964,23.469211],[120.464961,23.469239],[120.465117,23.469254],[120.46512,23.469231],[120.465171,23.469236],[120.46518,23.469155],[120.46522,23.469159],[120.465232,23.469051],[120.465185,23.469046],[120.465187,23.469024],[120.464885,23.468995],[120.464882,23.469016],[120.464848,23.469013],[120.464836,23.469121],[120.464865,23.469123],[120.464856,23.4692]]]}},{"type":"Feature","id":"w803496488","properties":{"kind":"building","category":"dormitory","name":"女生宿舍","area_m2":533.0,"centroid":[120.463122,23.469811]},"geometry":{"type":"Polygon","coordinates":[[[120.463045,23.470078],[120.463113,23.469536],[120.463199,23.469545],[120.463131,23.470087],[120.463045,23.470078]]]}},{"type":"Feature","id":"w803496489","properties":{"kind":"building","category":"college","name":null,"area_m2":2065.1,"centroid":[120.464185,23.470212]},"geometry":{"type":"Polygon","coordinates":[[[120.464148,23.470372],[120.46433,23.470391],[120.464358,23.470157],[120.463734,23.470094],[120.463747,23.469992],[120.4639,23.470007],[120.463909,23.469932],[120.464432,23.469984],[120.464424,23.470056],[120.464507,23.470064],[120.464453,23.470515],[120.464251,23.470495],[120.464255,23.470461],[120.464139,23.470449],[120.464148,23.470372]]]}},{"type":"Feature","id":"w803599249","properties":{"kind":"building","category":"school","name":"弘道樓","area_m2":951.4,"centroid":[120.461544,23.468728]},"geometry":{"type":"Polygon","coordinates":[[[120.461198,23.468758],[120.461876,23.468822],[120.46189,23.468699],[120.461212,23.468635],[120.461198,23.468758]]]}},{"type":"Feature","id":"w803599250","properties":{"kind":"building","category":"school","name":"俊哲樓","area_m2":791.1,"centroid":[120.460925,23.468978]},"geometry":{"type":"Polygon","coordinates":[[[120.461022,23.468725],[120.460961,23.469244],[120.460827,23.469231],[120.460889,23.468712],[120.461022,23.468725]]]}},{"type":"Feature","id":"w803599251","properties":{"kind":"building","category":"school","name":"東興樓","area_m2":788.9,"centroid":[120.4617,23.46931]},"geometry":{"type":"Polygon","coordinates":[[[120.461383,23.469378],[120.461906,23.46943],[120.461927,23.469253],[120.461796,23.469239],[120.461788,23.4693],[120.461398,23.469261],[120.461383,23.469378]]]}},{"type":"Feature","id":"w803599252","properties":{"kind":"building","category":"school","name":"懷恩樓","area_m2":711.8,"centroid":[120.461084,23.469498]},"geometry":{"type":"Polygon","coordinates":[[[120.461375,23.469679],[120.460971,23.469334],[120.460922,23.469334],[120.46086,23.469389],[120.461293,23.469755],[120.461375,23.469679]]]}},{"type":"Feature","id":"w803599253","properties":{"kind":"building","category":"school","name":"春暉樓","area_m2":476.8,"centroid":[120.460649,23.468663]},"geometry":{"type":"Polygon","coordinates":[[[120.460598,23.468563],[120.460834,23.46858],[120.460817,23.468771],[120.460604,23.468755],[120.460607,23.468715],[120.460564,23.468712],[120.460569,23.468657],[120.460652,23.468663],[120.460656,23.468611],[120.460594,23.468606],[120.460598,23.468563]]]}},{"type":"Feature","id":"w803599254","properties":{"kind":"building","category":"school","name":null,"area_m2":1106.2,"centroid":[120.461709,23.469625]},"geometry":{"type":"Polygon","coordinates":[[[120.461512,23.469489],[120.461935,23.469533],[120.461906,23.469762],[120.461484,23.469718],[120.461512,23.469489]]]}},{"type":"Feature","id":"w804171767","properties":{"kind":"building","category":"yes","name":null,"area_m2":83.2,"centroid":[120.454043,23.469957]},"geometry":{"type":"Polygon","coordinates":[[[120.454122,23.469946],[120.454152,23.469984],[120.453947,23.46997],[120.453953,23.469927],[120.454122,23.469946]]]}},{"type":"Feature","id":"w804171768","properties":{"kind":"building","category":"yes","name":null,"area_m2":279.6,"centroid":[120.454102,23.469507]},"geometry":{"type":"Polygon","coordinates":[[[120.454025,23.469398],[120.454096,23.469408],[120.454175,23.469474],[120.454164,23.46957],[120.454131,23.469589],[120.454022,23.469601],[120.454025,23.469398]]]}},{"type":"Feature","id":"w805121429","properties":{"kind":"building","category":"school","name":"百齡樓","area_m2":2004.8,"centroid":[120.459624,23.471099]},"geometry":{"type":"Polygon","coordinates":[[[120.459057,23.471155],[120.459061,23.471005],[120.460194,23.471036],[120.460183,23.4712],[120.459057,23.471155]]]}},{"type":"Feature","id":"w805121430","properties":{"kind":"building","category":"school","name":"誠信樓","area_m2":1477.5,"centroid":[120.459645,23.470794]},"geometry":{"type":"Polygon","coordinates":[[[120.459146,23.470837],[120.459151,23.470712],[120.460145,23.470744],[120.46014,23.470882],[120.459146,23.470837]]]}},{"type":"Feature","id":"w805121431","properties":{"kind":"building","category":"school","name":"勤學樓","area_m2":773.7,"centroid":[120.459381,23.47229]},"geometry":{"type":"Polygon","coordinates":[[[120.459339,23.472521],[120.459359,23.472358],[120.459317,23.472358],[120.459319,23.472234],[120.459359,23.472239],[120.459376,23.47204],[120.459508,23.472046],[120.459474,23.472526],[120.459339,23.472521]]]}},{"type":"Feature","id":"w805121432","properties":{"kind":"building","category":"school","name":"活動中心","area_m2":1536.9,"centroid":[120.459269,23.471831]},"geometry":{"type":"Polygon","coordinates":[[[120.459015,23.471955],[120.459035,23.471673],[120.459525,23.471712],[120.459503,23.471984],[120.459015,23.471955]]]}},{"type":"Feature","id":"w805121437","properties":{"kind":"building","category":"school","name":"至善樓","area_m2":1786.8,"centroid":[120.458678,23.47268]},"geometry":{"type":"Polygon","coordinates":[[[120.458094,23.472617],[120.458105,23.472488],[120.459196,23.472587],[120.459189,23.472725],[120.459175,23.472745],[120.459145,23.472754],[120.459116,23.472742],[120.459103,23.472717],[120.459018,23.472708],[120.459005,23.472729],[120.458974,23.472737],[120.458947,23.472725],[120.45894,23.472701],[120.458707,23.472679],[120.458693,23.47269],[120.45867,23.472691],[120.458647,23.472685],[120.458635,23.472672],[120.458524,23.472662],[120.458515,23.47269],[120.458479,23.472699],[120.458448,23.472685],[120.458443,23.472656],[120.458169,23.472628],[120.458156,23.472653],[120.458126,23.472661],[120.458098,23.472646],[120.458094,23.472617]]]}},{"type":"Feature","id":"w805121438","properties":{"kind":"building","category":"school","name":"懿德樓","area_m2":1518.0,"centroid":[120.458562,23.473062]},"geometry":{"type":"Polygon","coordinates":[[[120.458106,23.473091],[120.459002,23.473182],[120.459014,23.473041],[120.458126,23.472934],[120.458106,23.473091]]]}},{"type":"Feature","id":"w805121439","properties":{"kind":"building","category":"school","name":"崇德樓","area_m2":743.1,"centroid":[120.45854,23.473434]},"geometry":{"type":"Polygon","coordinates":[[[120.458263,23.473473],[120.458274,23.47335],[120.458816,23.473397],[120.458806,23.473515],[120.458263,23.473473]]]}},{"type":"Feature","id":"w805121440","properties":{"kind":"building","category":"school","name":"日新樓","area_m2":417.5,"centroid":[120.458963,23.473467]},"geometry":{"type":"Polygon","coordinates":[[[120.458816,23.473397],[120.459119,23.473417],[120.459111,23.473541],[120.458806,23.473515],[120.458816,23.473397]]]}},{"type":"Feature","id":"w805121441","properties":{"kind":"building","category":"school","name":null,"area_m2":353.2,"centroid":[120.458973,23.473355]},"geometry":{"type":"Polygon","coordinates":[[[120.459119,23.473417],[120.459125,23.473317],[120.458831,23.473289],[120.458816,23.473397],[120.459119,23.473417]]]}},{"type":"Feature","id":"w806363204","properties":{"kind":"building","category":"yes","name":"嘉新大飯店","area_m2":86.6,"centroid":[120.442273,23.478374]},"geometry":{"type":"Polygon","coordinates":[[[120.442257,23.478291],[120.442304,23.478295],[120.44229,23.478457],[120.442243,23.478453],[120.442257,23.478291]]]}},{"type":"Feature","id":"w816087443","properties":{"kind":"building","category":"yes","name":null,"area_m2":675.8,"centroid":[120.440519,23.473847]},"geometry":{"type":"Polygon","coordinates":[[[120.440687,23.473768],[120.440688,23.47395],[120.440341,23.47392],[120.44036,23.473748],[120.440687,23.473768]]]}},{"type":"Feature","id":"w817305013","properties":{"kind":"green","category":"grass","name":null,"area_m2":5294.9,"centroid":[120.455877,23.491157]},"geometry":{"type":"Polygon","coordinates":[[[120.455578,23.491424],[120.45565,23.490814],[120.455702,23.490735],[120.455755,23.490684],[120.455819,23.490651],[120.455889,23.490636],[120.455959,23.490642],[120.456035,23.490677],[120.456097,23.49071],[120.456135,23.490748],[120.45617,23.490808],[120.456179,23.490848],[120.456086,23.491487],[120.456067,23.491541],[120.456035,23.491568],[120.455978,23.491598],[120.455902,23.491631],[120.455828,23.491636],[120.455749,23.491622],[120.455703,23.491595],[120.455658,23.491562],[120.455618,23.491518],[120.455588,23.491476],[120.455578,23.491424]]]}},{"type":"Feature","id":"w817882176","properties":{"kind":"building","category":"yes","name":null,"area_m2":261.5,"centroid":[120.451705,23.471148]},"geometry":{"type":"Polygon","coordinates":[[[120.451638,23.471232],[120.451643,23.471035],[120.451772,23.471082],[120.451767,23.471242],[120.451638,23.471232]]]}},{"type":"Feature","id":"w817882177","properties":{"kind":"building","category":"yes","name":null,"area_m2":53.6,"centroid":[120.451893,23.471181]},"geometry":{"type":"Polygon","coordinates":[[[120.451859,23.471214],[120.451862,23.471119],[120.451959,23.471211],[120.451859,23.471214]]]}},{"type":"Feature","id":"w817882178","properties":{"kind":"building","category":"yes","name":null,"area_m2":83.2,"centroid":[120.451532,23.471218]},"geometry":{"type":"Polygon","coordinates":[[[120.451438,23.471231],[120.451443,23.471191],[120.451623,23.471205],[120.451626,23.471245],[120.451438,23.471231]]]}},{"type":"Feature","id":"w817882179","properties":{"kind":"building","category":"yes","name":null,"area_m2":97.0,"centroid":[120.451809,23.471187]},"geometry":{"type":"Polygon","coordinates":[[[120.451785,23.471091],[120.451837,23.471122],[120.451834,23.471268],[120.45178,23.471267],[120.451785,23.471091]]]}},{"type":"Feature","id":"w817882180","properties":{"kind":"building","category":"yes","name":null,"area_m2":279.4,"centroid":[120.452344,23.470492]},"geometry":{"type":"Polygon","coordinates":[[[120.452252,23.470556],[120.45226,23.470414],[120.452439,23.470432],[120.452427,23.470568],[120.452252,23.470556]]]}},{"type":"Feature","id":"w823250087","properties":{"kind":"building","category":"yes","name":null,"area_m2":68.7,"centroid":[120.454839,23.484818]},"geometry":{"type":"Polygon","coordinates":[[[120.454791,23.484848],[120.454878,23.484857],[120.454887,23.484788],[120.4548,23.484779],[120.454791,23.484848]]]}},{"type":"Feature","id":"w823250090","properties":{"kind":"building","category":"yes","name":null,"area_m2":150.9,"centroid":[120.455063,23.484856]},"geometry":{"type":"Polygon","coordinates":[[[120.45499,23.484899],[120.455001,23.484801],[120.455136,23.484814],[120.455125,23.484912],[120.45499,23.484899]]]}},{"type":"Feature","id":"w823250166","properties":{"kind":"building","category":"yes","name":null,"area_m2":77.4,"centroid":[120.455228,23.484885]},"geometry":{"type":"Polygon","coordinates":[[[120.455166,23.484907],[120.455175,23.484848],[120.455289,23.484863],[120.45528,23.484922],[120.455166,23.484907]]]}},{"type":"Feature","id":"w823250807","properties":{"kind":"building","category":"yes","name":null,"area_m2":64.6,"centroid":[120.45508,23.48478]},"geometry":{"type":"Polygon","coordinates":[[[120.455008,23.484794],[120.455013,23.484753],[120.455151,23.484766],[120.455146,23.484807],[120.455008,23.484794]]]}},{"type":"Feature","id":"w823251477","properties":{"kind":"building","category":"yes","name":"保安警察第七總隊第七大隊嘉義分隊","area_m2":117.8,"centroid":[120.455081,23.485386]},"geometry":{"type":"Polygon","coordinates":[[[120.455016,23.485425],[120.455022,23.48534],[120.455145,23.485348],[120.455139,23.485432],[120.455016,23.485425]]]}},{"type":"Feature","id":"w823252817","properties":{"kind":"building","category":"yes","name":"嘉義分署","area_m2":942.6,"centroid":[120.453165,23.485517]},"geometry":{"type":"Polygon","coordinates":[[[120.452926,23.485557],[120.453146,23.485588],[120.453384,23.48562],[120.453413,23.485442],[120.452955,23.485379],[120.452926,23.485557]]]}},{"type":"Feature","id":"w823252911","properties":{"kind":"building","category":"yes","name":null,"area_m2":470.8,"centroid":[120.453198,23.485314]},"geometry":{"type":"Polygon","coordinates":[[[120.45341,23.48539],[120.453425,23.485297],[120.452986,23.485238],[120.452971,23.485331],[120.45341,23.48539]]]}},{"type":"Feature","id":"w823253620","properties":{"kind":"building","category":"yes","name":null,"area_m2":167.1,"centroid":[120.452706,23.485539]},"geometry":{"type":"Polygon","coordinates":[[[120.452624,23.485578],[120.452716,23.485624],[120.452789,23.4855],[120.452696,23.485454],[120.452624,23.485578]]]}},{"type":"Feature","id":"w823253702","properties":{"kind":"building","category":"yes","name":null,"area_m2":281.3,"centroid":[120.453369,23.485006]},"geometry":{"type":"Polygon","coordinates":[[[120.453297,23.485119],[120.453424,23.48513],[120.453453,23.484853],[120.453379,23.484846],[120.453358,23.485045],[120.453305,23.485041],[120.453297,23.485119]]]}},{"type":"Feature","id":"w825736412","properties":{"kind":"building","category":"yes","name":null,"area_m2":1077.5,"centroid":[120.467987,23.476458]},"geometry":{"type":"Polygon","coordinates":[[[120.467922,23.476603],[120.467862,23.476501],[120.467775,23.476331],[120.468056,23.476204],[120.468202,23.476475],[120.468138,23.476504],[120.467957,23.476587],[120.467922,23.476603]]]}},{"type":"Feature","id":"w836330074","properties":{"kind":"building","category":"yes","name":null,"area_m2":280.5,"centroid":[120.442254,23.476156]},"geometry":{"type":"Polygon","coordinates":[[[120.442173,23.476239],[120.442177,23.476116],[120.442215,23.476106],[120.442234,23.476104],[120.442368,23.476121],[120.442359,23.476247],[120.442173,23.476239]]]}},{"type":"Feature","id":"w852400460","properties":{"kind":"building","category":"yes","name":null,"area_m2":369.5,"centroid":[120.443055,23.479527]},"geometry":{"type":"Polygon","coordinates":[[[120.442969,23.479629],[120.443121,23.47964],[120.44314,23.479426],[120.442988,23.479415],[120.442969,23.479629]]]}},{"type":"Feature","id":"w853363581","properties":{"kind":"building","category":"school","name":"弘道樓","area_m2":531.8,"centroid":[120.462222,23.481853]},"geometry":{"type":"Polygon","coordinates":[[[120.462107,23.481926],[120.462367,23.48195],[120.462388,23.481769],[120.462132,23.481746],[120.462114,23.481875],[120.462107,23.481926]]]}},{"type":"Feature","id":"w853366447","properties":{"kind":"green","category":"park","name":"進思樓中庭","area_m2":1330.0,"centroid":[120.461783,23.482123]},"geometry":{"type":"Polygon","coordinates":[[[120.461371,23.482184],[120.461405,23.481956],[120.461908,23.48202],[120.461899,23.482103],[120.461874,23.48211],[120.461856,23.482128],[120.461861,23.482148],[120.461879,23.482162],[120.461895,23.482163],[120.461885,23.482255],[120.461371,23.482184]]]}},{"type":"Feature","id":"w853367293","properties":{"kind":"building","category":"school","name":"崇德樓","area_m2":942.3,"centroid":[120.462763,23.482037]},"geometry":{"type":"Polygon","coordinates":[[[120.462399,23.482054],[120.463114,23.482135],[120.463129,23.482021],[120.462412,23.481938],[120.462399,23.482054]]]}},{"type":"Feature","id":"w853368244","properties":{"kind":"building","category":"school","name":"中正堂","area_m2":1535.8,"centroid":[120.46251,23.482262]},"geometry":{"type":"Polygon","coordinates":[[[120.462349,23.482306],[120.462391,23.482312],[120.462378,23.482383],[120.462869,23.482438],[120.462901,23.482174],[120.46242,23.482117],[120.462406,23.482187],[120.462368,23.482181],[120.462349,23.482306]]]}},{"type":"Feature","id":"w853369991","properties":{"kind":"building","category":"school","name":"群力樓","area_m2":918.1,"centroid":[120.462363,23.481612]},"geometry":{"type":"Polygon","coordinates":[[[120.462051,23.481595],[120.462322,23.481621],[120.462318,23.481657],[120.462382,23.481668],[120.46238,23.48171],[120.462537,23.481723],[120.462541,23.481699],[120.462567,23.481701],[120.462577,23.48161],[120.462553,23.481599],[120.462559,23.481507],[120.46212,23.481478],[120.46212,23.4815],[120.462057,23.481494],[120.462051,23.481595]]]}},{"type":"Feature","id":"w856338479","properties":{"kind":"building","category":"residential","name":"史蹟館","area_m2":518.1,"centroid":[120.465673,23.478317]},"geometry":{"type":"Polygon","coordinates":[[[120.465573,23.478428],[120.465693,23.478444],[120.465717,23.478447],[120.465768,23.478141],[120.465616,23.478125],[120.465573,23.478428]]]}},{"type":"Feature","id":"w856338480","properties":{"kind":"building","category":"school","name":null,"area_m2":1537.8,"centroid":[120.459985,23.478834]},"geometry":{"type":"Polygon","coordinates":[[[120.459771,23.478989],[120.460151,23.479033],[120.460199,23.47868],[120.459819,23.478636],[120.459771,23.478989]]]}},{"type":"Feature","id":"w858604745","properties":{"kind":"building","category":"yes","name":null,"area_m2":103.3,"centroid":[120.451417,23.482999]},"geometry":{"type":"Polygon","coordinates":[[[120.451348,23.483023],[120.451364,23.482951],[120.451486,23.482974],[120.45147,23.483046],[120.451348,23.483023]]]}},{"type":"Feature","id":"w858604746","properties":{"kind":"building","category":"yes","name":null,"area_m2":160.3,"centroid":[120.451584,23.483115]},"geometry":{"type":"Polygon","coordinates":[[[120.451503,23.483147],[120.451543,23.483044],[120.451665,23.483083],[120.451625,23.483187],[120.451503,23.483147]]]}},{"type":"Feature","id":"w858606300","properties":{"kind":"building","category":"yes","name":null,"area_m2":160.1,"centroid":[120.45103,23.483825]},"geometry":{"type":"Polygon","coordinates":[[[120.450945,23.483856],[120.450968,23.483764],[120.451115,23.483795],[120.451093,23.483886],[120.450945,23.483856]]]}},{"type":"Feature","id":"w858606301","properties":{"kind":"building","category":"yes","name":null,"area_m2":82.8,"centroid":[120.450659,23.483921]},"geometry":{"type":"Polygon","coordinates":[[[120.450616,23.48397],[120.450636,23.483862],[120.4507,23.483873],[120.450685,23.48398],[120.450616,23.48397]]]}},{"type":"Feature","id":"w871573168","properties":{"kind":"building","category":"yes","name":"旬日本料理","area_m2":96.2,"centroid":[120.443537,23.473012]},"geometry":{"type":"Polygon","coordinates":[[[120.443494,23.473083],[120.443521,23.472936],[120.443578,23.472944],[120.443553,23.473086],[120.443494,23.473083]]]}},{"type":"Feature","id":"w871573169","properties":{"kind":"building","category":"yes","name":null,"area_m2":101.9,"centroid":[120.443623,23.473042]},"geometry":{"type":"Polygon","coordinates":[[[120.44358,23.473094],[120.443605,23.473101],[120.44363,23.473091],[120.443646,23.473067],[120.443647,23.473042],[120.443658,23.472951],[120.443596,23.472945],[120.44358,23.473094]]]}},{"type":"Feature","id":"w908636621","properties":{"kind":"building","category":"yes","name":"in89豪華嘉義影城","area_m2":1395.4,"centroid":[120.452874,23.476562]},"geometry":{"type":"Polygon","coordinates":[[[120.452651,23.476338],[120.452913,23.476354],[120.452907,23.476437],[120.453082,23.476448],[120.453057,23.476784],[120.452893,23.476774],[120.452859,23.476772],[120.452873,23.476581],[120.452634,23.476566],[120.452651,23.476338]]]}},{"type":"Feature","id":"w911290019","properties":{"kind":"building","category":"apartments","name":null,"area_m2":471.6,"centroid":[120.462926,23.474244]},"geometry":{"type":"Polygon","coordinates":[[[120.46298,23.474374],[120.463073,23.474211],[120.462872,23.474114],[120.462779,23.474277],[120.46298,23.474374]]]}},{"type":"Feature","id":"w911290020","properties":{"kind":"building","category":"apartments","name":null,"area_m2":475.2,"centroid":[120.463056,23.474021]},"geometry":{"type":"Polygon","coordinates":[[[120.463108,23.474152],[120.463204,23.473989],[120.463004,23.47389],[120.462908,23.474053],[120.463108,23.474152]]]}},{"type":"Feature","id":"w911684271","properties":{"kind":"building","category":"apartments","name":"財神帝王","area_m2":1605.6,"centroid":[120.433671,23.478505]},"geometry":{"type":"Polygon","coordinates":[[[120.433321,23.478333],[120.433698,23.478118],[120.433896,23.47841],[120.433794,23.478468],[120.433754,23.478408],[120.433703,23.478437],[120.433685,23.478411],[120.433732,23.478385],[120.433648,23.478262],[120.433609,23.478284],[120.43364,23.478329],[120.433613,23.478345],[120.433584,23.478302],[120.433479,23.478361],[120.433531,23.478438],[120.433579,23.478411],[120.433603,23.478446],[120.433558,23.478472],[120.433619,23.478563],[120.433666,23.478537],[120.433697,23.478581],[120.433645,23.47861],[120.433697,23.478687],[120.433758,23.478653],[120.433781,23.478686],[120.433752,23.478702],[120.433772,23.47873],[120.433797,23.478716],[120.433814,23.478739],[120.433727,23.478789],[120.433699,23.478747],[120.433628,23.478787],[120.433321,23.478333]]]}},{"type":"Feature","id":"w915338332","properties":{"kind":"building","category":"school","name":"博學樓","area_m2":1341.7,"centroid":[120.455261,23.475868]},"geometry":{"type":"Polygon","coordinates":[[[120.455015,23.475751],[120.455013,23.475792],[120.454958,23.475789],[120.454953,23.47588],[120.455016,23.475882],[120.455016,23.475903],[120.455396,23.475918],[120.455392,23.475997],[120.455763,23.476012],[120.45577,23.475868],[120.455419,23.475854],[120.455423,23.475768],[120.455015,23.475751]]]}},{"type":"Feature","id":"w915339343","properties":{"kind":"building","category":"school","name":"篤行樓","area_m2":1536.9,"centroid":[120.455395,23.475434]},"geometry":{"type":"Polygon","coordinates":[[[120.454966,23.475473],[120.454979,23.475271],[120.455833,23.475319],[120.455818,23.475532],[120.455699,23.475526],[120.455704,23.475453],[120.455082,23.475418],[120.455078,23.47548],[120.454966,23.475473]]]}},{"type":"Feature","id":"w915342996","properties":{"kind":"building","category":"yes","name":"道成文理補習班","area_m2":501.5,"centroid":[120.448571,23.480418]},"geometry":{"type":"Polygon","coordinates":[[[120.448443,23.480502],[120.448459,23.480318],[120.448699,23.480335],[120.448683,23.480519],[120.448443,23.480502]]]}},{"type":"Feature","id":"w916088320","properties":{"kind":"building","category":"yes","name":null,"area_m2":1119.0,"centroid":[120.440168,23.469711]},"geometry":{"type":"Polygon","coordinates":[[[120.439999,23.469857],[120.440024,23.469552],[120.440329,23.469556],[120.440322,23.469881],[120.439999,23.469857]]]}},{"type":"Feature","id":"w916106176","properties":{"kind":"building","category":"apartments","name":"雅典大廈","area_m2":326.2,"centroid":[120.451925,23.485308]},"geometry":{"type":"Polygon","coordinates":[[[120.451828,23.485333],[120.451828,23.485289],[120.451867,23.485294],[120.45187,23.485215],[120.452046,23.485245],[120.452046,23.485372],[120.451991,23.485405],[120.451828,23.485333]]]}},{"type":"Feature","id":"w916139071","properties":{"kind":"green","category":"park","name":"綠映水漾公園","area_m2":23436.7,"centroid":[120.467717,23.463647]},"geometry":{"type":"Polygon","coordinates":[[[120.466453,23.463579],[120.466464,23.463527],[120.467047,23.463218],[120.467164,23.463104],[120.467395,23.462904],[120.467247,23.462595],[120.467548,23.462498],[120.467797,23.462478],[120.467805,23.462447],[120.468214,23.462504],[120.468135,23.462772],[120.468067,23.462954],[120.467925,23.463088],[120.467894,23.463082],[120.467854,23.463055],[120.467716,23.463235],[120.467717,23.463374],[120.467941,23.463714],[120.467985,23.46384],[120.468046,23.463916],[120.468245,23.464054],[120.468367,23.464101],[120.468631,23.464242],[120.468522,23.464436],[120.468451,23.464531],[120.468304,23.464604],[120.468107,23.464768],[120.467901,23.464607],[120.468041,23.46443],[120.467916,23.46436],[120.467776,23.464387],[120.467598,23.464281],[120.467527,23.464226],[120.46732,23.464133],[120.466955,23.464082],[120.466812,23.464005],[120.466633,23.463825],[120.466453,23.463579]]]}},{"type":"Feature","id":"w917366187","properties":{"kind":"building","category":"yes","name":null,"area_m2":74.0,"centroid":[120.447055,23.4813]},"geometry":{"type":"Polygon","coordinates":[[[120.447131,23.48132],[120.447132,23.481274],[120.446988,23.481272],[120.446987,23.481317],[120.447035,23.481318],[120.447131,23.48132]]]}},{"type":"Feature","id":"w917366188","properties":{"kind":"building","category":"yes","name":null,"area_m2":54.5,"centroid":[120.447077,23.48119]},"geometry":{"type":"Polygon","coordinates":[[[120.44714,23.481209],[120.44714,23.481171],[120.447013,23.481171],[120.447013,23.481209],[120.44714,23.481209]]]}},{"type":"Feature","id":"w917366189","properties":{"kind":"building","category":"yes","name":null,"area_m2":73.2,"centroid":[120.447061,23.481246]},"geometry":{"type":"Polygon","coordinates":[[[120.447137,23.481265],[120.447138,23.481219],[120.446994,23.481218],[120.446994,23.481263],[120.447042,23.481263],[120.447137,23.481265]]]}},{"type":"Feature","id":"w917367011","properties":{"kind":"building","category":"yes","name":null,"area_m2":50.9,"centroid":[120.446955,23.48225]},"geometry":{"type":"Polygon","coordinates":[[[120.446902,23.482269],[120.446904,23.482226],[120.447009,23.482231],[120.447006,23.482274],[120.446902,23.482269]]]}},{"type":"Feature","id":"w917367012","properties":{"kind":"building","category":"yes","name":null,"area_m2":156.2,"centroid":[120.446988,23.482072]},"geometry":{"type":"Polygon","coordinates":[[[120.446934,23.482158],[120.447023,23.48216],[120.447035,23.482036],[120.447005,23.482002],[120.446943,23.482004],[120.446934,23.482158]]]}},{"type":"Feature","id":"w917367013","properties":{"kind":"building","category":"yes","name":null,"area_m2":186.3,"centroid":[120.446233,23.481058]},"geometry":{"type":"Polygon","coordinates":[[[120.446142,23.481101],[120.446148,23.481007],[120.446323,23.481016],[120.446317,23.48111],[120.446142,23.481101]]]}},{"type":"Feature","id":"w917367014","properties":{"kind":"building","category":"yes","name":null,"area_m2":55.9,"centroid":[120.44696,23.482197]},"geometry":{"type":"Polygon","coordinates":[[[120.446911,23.482221],[120.446914,23.482169],[120.447009,23.482174],[120.447006,23.482226],[120.446911,23.482221]]]}},{"type":"Feature","id":"w940768165","properties":{"kind":"building","category":"temple","name":"聖安宮","area_m2":380.0,"centroid":[120.438979,23.479729]},"geometry":{"type":"Polygon","coordinates":[[[120.438904,23.479833],[120.438873,23.479651],[120.439053,23.479625],[120.439085,23.479807],[120.438904,23.479833]]]}},{"type":"Feature","id":"w940768166","properties":{"kind":"building","category":"temple","name":"佛光山嘉義會館","area_m2":1087.4,"centroid":[120.438506,23.479529]},"geometry":{"type":"Polygon","coordinates":[[[120.438311,23.479617],[120.438525,23.479295],[120.438734,23.479424],[120.438456,23.479782],[120.438311,23.479617]]]}},{"type":"Feature","id":"w940768564","properties":{"kind":"building","category":"yes","name":null,"area_m2":235.2,"centroid":[120.439397,23.479705]},"geometry":{"type":"Polygon","coordinates":[[[120.439274,23.479727],[120.439409,23.479619],[120.439449,23.47966],[120.439493,23.479706],[120.439358,23.479814],[120.439274,23.479727]]]}},{"type":"Feature","id":"w943825242","properties":{"kind":"building","category":"yes","name":null,"area_m2":285.0,"centroid":[120.438394,23.480581]},"geometry":{"type":"Polygon","coordinates":[[[120.4383,23.4807],[120.438245,23.480635],[120.438488,23.480463],[120.438543,23.480528],[120.4383,23.4807]]]}},{"type":"Feature","id":"w943825243","properties":{"kind":"building","category":"yes","name":null,"area_m2":112.8,"centroid":[120.438496,23.480614]},"geometry":{"type":"Polygon","coordinates":[[[120.438448,23.480686],[120.438409,23.48064],[120.438544,23.480543],[120.438583,23.480589],[120.438448,23.480686]]]}},{"type":"Feature","id":"w943825244","properties":{"kind":"building","category":"yes","name":"星雲大廈","area_m2":482.1,"centroid":[120.438518,23.480729]},"geometry":{"type":"Polygon","coordinates":[[[120.438335,23.480763],[120.438582,23.480599],[120.438616,23.480645],[120.438624,23.480747],[120.438435,23.480892],[120.438335,23.480763]]]}},{"type":"Feature","id":"w943825245","properties":{"kind":"building","category":"yes","name":"聖安宮活動中心","area_m2":43.9,"centroid":[120.438827,23.479586]},"geometry":{"type":"Polygon","coordinates":[[[120.438781,23.479606],[120.438781,23.479564],[120.438874,23.479565],[120.438873,23.479607],[120.438781,23.479606]]]}},{"type":"Feature","id":"w943825246","properties":{"kind":"building","category":"yes","name":null,"area_m2":106.0,"centroid":[120.438835,23.479489]},"geometry":{"type":"Polygon","coordinates":[[[120.438783,23.479535],[120.438785,23.479442],[120.438886,23.479443],[120.438884,23.479536],[120.438783,23.479535]]]}},{"type":"Feature","id":"w943825247","properties":{"kind":"building","category":"yes","name":null,"area_m2":308.3,"centroid":[120.4386,23.47996]},"geometry":{"type":"Polygon","coordinates":[[[120.438546,23.480051],[120.438455,23.479938],[120.438691,23.479863],[120.438707,23.479988],[120.438546,23.480051]]]}},{"type":"Feature","id":"w944089873","properties":{"kind":"building","category":"yes","name":null,"area_m2":576.4,"centroid":[120.435905,23.479996]},"geometry":{"type":"Polygon","coordinates":[[[120.43574,23.479972],[120.435924,23.479844],[120.43607,23.48002],[120.435886,23.480148],[120.43574,23.479972]]]}},{"type":"Feature","id":"w944089874","properties":{"kind":"building","category":"yes","name":null,"area_m2":392.5,"centroid":[120.435416,23.479315]},"geometry":{"type":"Polygon","coordinates":[[[120.435282,23.479269],[120.435411,23.479184],[120.43555,23.479362],[120.435421,23.479447],[120.435282,23.479269]]]}},{"type":"Feature","id":"w944098035","properties":{"kind":"building","category":"apartments","name":null,"area_m2":1225.9,"centroid":[120.439103,23.481513]},"geometry":{"type":"Polygon","coordinates":[[[120.439073,23.481383],[120.438807,23.481583],[120.438826,23.481603],[120.438944,23.481736],[120.439119,23.481605],[120.43922,23.48159],[120.439342,23.481519],[120.439344,23.48148],[120.439206,23.481314],[120.439153,23.481317],[120.439073,23.481383]]]}},{"type":"Feature","id":"w944098041","properties":{"kind":"building","category":"yes","name":null,"area_m2":79.1,"centroid":[120.438977,23.481158]},"geometry":{"type":"Polygon","coordinates":[[[120.438935,23.481223],[120.439051,23.481127],[120.439019,23.481094],[120.438902,23.481189],[120.438935,23.481223]]]}},{"type":"Feature","id":"w944098042","properties":{"kind":"building","category":"yes","name":"捥君檳榔","area_m2":103.8,"centroid":[120.438901,23.481041]},"geometry":{"type":"Polygon","coordinates":[[[120.438825,23.481054],[120.438927,23.480976],[120.438976,23.481028],[120.438874,23.481107],[120.438825,23.481054]]]}},{"type":"Feature","id":"w944098043","properties":{"kind":"building","category":"yes","name":null,"area_m2":535.5,"centroid":[120.438543,23.481354]},"geometry":{"type":"Polygon","coordinates":[[[120.438376,23.481267],[120.43849,23.481184],[120.43871,23.48144],[120.438596,23.481523],[120.438376,23.481267]]]}},{"type":"Feature","id":"w944098044","properties":{"kind":"building","category":"yes","name":null,"area_m2":262.8,"centroid":[120.438608,23.481235]},"geometry":{"type":"Polygon","coordinates":[[[120.43849,23.481181],[120.438571,23.481119],[120.438725,23.48129],[120.438644,23.481351],[120.43849,23.481181]]]}},{"type":"Feature","id":"w944098045","properties":{"kind":"building","category":"yes","name":null,"area_m2":219.4,"centroid":[120.438676,23.481144]},"geometry":{"type":"Polygon","coordinates":[[[120.438573,23.481118],[120.438665,23.481047],[120.438778,23.48117],[120.438686,23.481242],[120.438573,23.481118]]]}},{"type":"Feature","id":"w944098046","properties":{"kind":"building","category":"yes","name":"立川黃金鍋","area_m2":329.5,"centroid":[120.438823,23.481048]},"geometry":{"type":"Polygon","coordinates":[[[120.438772,23.481155],[120.438675,23.481044],[120.438802,23.480939],[120.438892,23.480943],[120.438924,23.480974],[120.438815,23.481054],[120.438876,23.481116],[120.43883,23.48116],[120.438772,23.481155]]]}},{"type":"Feature","id":"w944098047","properties":{"kind":"building","category":"yes","name":null,"area_m2":266.5,"centroid":[120.439367,23.480097]},"geometry":{"type":"Polygon","coordinates":[[[120.439256,23.480077],[120.439383,23.479994],[120.439479,23.480117],[120.439351,23.4802],[120.439256,23.480077]]]}},{"type":"Feature","id":"w944293201","properties":{"kind":"building","category":"yes","name":null,"area_m2":136.6,"centroid":[120.43741,23.480739]},"geometry":{"type":"Polygon","coordinates":[[[120.437328,23.480733],[120.437432,23.480667],[120.437491,23.480746],[120.437388,23.480812],[120.437328,23.480733]]]}},{"type":"Feature","id":"w944306453","properties":{"kind":"building","category":"residential","name":null,"area_m2":365.1,"centroid":[120.438914,23.480391]},"geometry":{"type":"Polygon","coordinates":[[[120.438783,23.480356],[120.438928,23.480254],[120.439048,23.480399],[120.438935,23.480478],[120.438875,23.480467],[120.438783,23.480356]]]}},{"type":"Feature","id":"w944306454","properties":{"kind":"building","category":"yes","name":null,"area_m2":181.1,"centroid":[120.439318,23.480625]},"geometry":{"type":"Polygon","coordinates":[[[120.439204,23.480657],[120.439385,23.480535],[120.439431,23.480592],[120.43925,23.480715],[120.439204,23.480657]]]}},{"type":"Feature","id":"w944315633","properties":{"kind":"building","category":"residential","name":null,"area_m2":67.6,"centroid":[120.439703,23.482052]},"geometry":{"type":"Polygon","coordinates":[[[120.439629,23.482078],[120.439751,23.481995],[120.439777,23.482027],[120.439655,23.482109],[120.439629,23.482078]]]}},{"type":"Feature","id":"w944315634","properties":{"kind":"building","category":"retail","name":"思夢樂","area_m2":921.4,"centroid":[120.439232,23.481821]},"geometry":{"type":"Polygon","coordinates":[[[120.439159,23.482015],[120.439453,23.481792],[120.439305,23.481627],[120.43901,23.481851],[120.439159,23.482015]]]}},{"type":"Feature","id":"w944315635","properties":{"kind":"building","category":"yes","name":null,"area_m2":43.7,"centroid":[120.440064,23.481841]},"geometry":{"type":"Polygon","coordinates":[[[120.440009,23.481857],[120.440094,23.481797],[120.440118,23.481825],[120.440033,23.481886],[120.440009,23.481857]]]}},{"type":"Feature","id":"w944315636","properties":{"kind":"building","category":"residential","name":null,"area_m2":177.6,"centroid":[120.440124,23.481889]},"geometry":{"type":"Polygon","coordinates":[[[120.440026,23.481902],[120.44016,23.481804],[120.440222,23.481876],[120.440089,23.481974],[120.440026,23.481902]]]}},{"type":"Feature","id":"w944315637","properties":{"kind":"building","category":"yes","name":null,"area_m2":100.7,"centroid":[120.44002,23.481788]},"geometry":{"type":"Polygon","coordinates":[[[120.43995,23.481783],[120.440037,23.481726],[120.44009,23.481793],[120.440003,23.481851],[120.43995,23.481783]]]}},{"type":"Feature","id":"w944315638","properties":{"kind":"building","category":"yes","name":null,"area_m2":291.1,"centroid":[120.439931,23.481645]},"geometry":{"type":"Polygon","coordinates":[[[120.439819,23.481621],[120.439937,23.48153],[120.44005,23.481682],[120.439917,23.481748],[120.439819,23.481621]]]}},{"type":"Feature","id":"w944315639","properties":{"kind":"building","category":"yes","name":null,"area_m2":169.9,"centroid":[120.43985,23.481517]},"geometry":{"type":"Polygon","coordinates":[[[120.439753,23.481527],[120.439891,23.481435],[120.439947,23.481506],[120.43981,23.481599],[120.439753,23.481527]]]}},{"type":"Feature","id":"w944315640","properties":{"kind":"building","category":"yes","name":null,"area_m2":1443.0,"centroid":[120.439519,23.480815]},"geometry":{"type":"Polygon","coordinates":[[[120.439337,23.481015],[120.439176,23.480824],[120.439458,23.480616],[120.43962,23.480678],[120.439694,23.480717],[120.43976,23.480819],[120.439575,23.48095],[120.439531,23.480899],[120.439337,23.481015]]]}},{"type":"Feature","id":"w944315641","properties":{"kind":"building","category":"yes","name":null,"area_m2":331.3,"centroid":[120.438143,23.480168]},"geometry":{"type":"Polygon","coordinates":[[[120.438018,23.480129],[120.438132,23.480047],[120.438268,23.480207],[120.438155,23.480289],[120.438018,23.480129]]]}},{"type":"Feature","id":"w944315642","properties":{"kind":"building","category":"yes","name":"揚陞汽車","area_m2":68.4,"centroid":[120.438295,23.480356]},"geometry":{"type":"Polygon","coordinates":[[[120.438247,23.480413],[120.438369,23.480331],[120.438344,23.480299],[120.438221,23.48038],[120.438247,23.480413]]]}},{"type":"Feature","id":"w944315643","properties":{"kind":"building","category":"yes","name":null,"area_m2":152.1,"centroid":[120.43824,23.480313]},"geometry":{"type":"Polygon","coordinates":[[[120.438146,23.48031],[120.438279,23.480221],[120.438334,23.48029],[120.438247,23.480349],[120.43824,23.48034],[120.438195,23.48037],[120.438146,23.48031]]]}},{"type":"Feature","id":"w944315644","properties":{"kind":"building","category":"yes","name":null,"area_m2":170.7,"centroid":[120.438346,23.480418]},"geometry":{"type":"Polygon","coordinates":[[[120.438234,23.480453],[120.438365,23.480356],[120.438404,23.480363],[120.438439,23.480405],[120.438287,23.480515],[120.438234,23.480453]]]}},{"type":"Feature","id":"w944315645","properties":{"kind":"building","category":"yes","name":null,"area_m2":170.8,"centroid":[120.438348,23.480521]},"geometry":{"type":"Polygon","coordinates":[[[120.438212,23.480588],[120.43845,23.480414],[120.438484,23.480453],[120.438245,23.480627],[120.438212,23.480588]]]}},{"type":"Feature","id":"w944315646","properties":{"kind":"building","category":"yes","name":null,"area_m2":470.6,"centroid":[120.439707,23.480438]},"geometry":{"type":"Polygon","coordinates":[[[120.439561,23.480407],[120.43968,23.480328],[120.439716,23.480336],[120.439857,23.480514],[120.439719,23.480606],[120.439561,23.480407]]]}},{"type":"Feature","id":"w944315647","properties":{"kind":"building","category":"yes","name":null,"area_m2":147.6,"centroid":[120.439576,23.4805]},"geometry":{"type":"Polygon","coordinates":[[[120.439492,23.480456],[120.439559,23.480413],[120.43966,23.480544],[120.439594,23.480587],[120.439492,23.480456]]]}},{"type":"Feature","id":"w944316443","properties":{"kind":"building","category":"yes","name":null,"area_m2":642.9,"centroid":[120.440081,23.481503]},"geometry":{"type":"Polygon","coordinates":[[[120.440054,23.481678],[120.440282,23.481562],[120.440187,23.481428],[120.440151,23.48145],[120.440101,23.481375],[120.439939,23.481465],[120.439975,23.481527],[120.439958,23.481536],[120.440054,23.481678]]]}},{"type":"Feature","id":"w944323834","properties":{"kind":"building","category":"temple","name":"富義宮","area_m2":27.2,"centroid":[120.440793,23.482227]},"geometry":{"type":"Polygon","coordinates":[[[120.440791,23.48226],[120.44083,23.482228],[120.440796,23.482194],[120.440757,23.482226],[120.440791,23.48226]]]}},{"type":"Feature","id":"w944323835","properties":{"kind":"building","category":"residential","name":null,"area_m2":551.5,"centroid":[120.440102,23.482563]},"geometry":{"type":"Polygon","coordinates":[[[120.439941,23.482516],[120.440095,23.482409],[120.440263,23.482609],[120.440107,23.482716],[120.439941,23.482516]]]}},{"type":"Feature","id":"w944323836","properties":{"kind":"building","category":"residential","name":null,"area_m2":115.0,"centroid":[120.440265,23.482099]},"geometry":{"type":"Polygon","coordinates":[[[120.440183,23.482092],[120.440264,23.482029],[120.440313,23.482084],[120.440315,23.482121],[120.440248,23.482167],[120.440183,23.482092]]]}},{"type":"Feature","id":"w944323837","properties":{"kind":"building","category":"residential","name":null,"area_m2":140.4,"centroid":[120.440239,23.482]},"geometry":{"type":"Polygon","coordinates":[[[120.440139,23.482032],[120.440296,23.481919],[120.440338,23.481968],[120.440181,23.482081],[120.440139,23.482032]]]}},{"type":"Feature","id":"w944323838","properties":{"kind":"building","category":"residential","name":null,"area_m2":99.1,"centroid":[120.440179,23.481959]},"geometry":{"type":"Polygon","coordinates":[[[120.440098,23.481984],[120.440223,23.481892],[120.44026,23.481935],[120.440135,23.482027],[120.440098,23.481984]]]}},{"type":"Feature","id":"w944323839","properties":{"kind":"building","category":"residential","name":null,"area_m2":165.6,"centroid":[120.440351,23.482153]},"geometry":{"type":"Polygon","coordinates":[[[120.440253,23.48218],[120.440397,23.482065],[120.440451,23.482132],[120.440303,23.482236],[120.440253,23.48218]]]}},{"type":"Feature","id":"w944323840","properties":{"kind":"building","category":"temple","name":"嘉邑富安宮","area_m2":62.9,"centroid":[120.440566,23.482245]},"geometry":{"type":"Polygon","coordinates":[[[120.440501,23.482256],[120.440605,23.482196],[120.440632,23.482234],[120.440528,23.482294],[120.440501,23.482256]]]}},{"type":"Feature","id":"w944323842","properties":{"kind":"building","category":"residential","name":null,"area_m2":59.5,"centroid":[120.440396,23.482233]},"geometry":{"type":"Polygon","coordinates":[[[120.440327,23.482253],[120.440442,23.482181],[120.440466,23.482212],[120.44035,23.482284],[120.440327,23.482253]]]}},{"type":"Feature","id":"w944323843","properties":{"kind":"building","category":"yes","name":null,"area_m2":68.2,"centroid":[120.440432,23.482257]},"geometry":{"type":"Polygon","coordinates":[[[120.440373,23.482317],[120.440513,23.482227],[120.440491,23.482198],[120.440351,23.482288],[120.440373,23.482317]]]}},{"type":"Feature","id":"w944323844","properties":{"kind":"building","category":"yes","name":null,"area_m2":119.5,"centroid":[120.440468,23.482348]},"geometry":{"type":"Polygon","coordinates":[[[120.440383,23.482336],[120.440489,23.482265],[120.440534,23.482323],[120.440471,23.482365],[120.440487,23.482385],[120.440444,23.482413],[120.440383,23.482336]]]}},{"type":"Feature","id":"w944323845","properties":{"kind":"building","category":"yes","name":"阿宏專業手工洗車","area_m2":270.5,"centroid":[120.440712,23.482496]},"geometry":{"type":"Polygon","coordinates":[[[120.440596,23.482532],[120.440777,23.48237],[120.44084,23.482495],[120.440635,23.482588],[120.440596,23.482532]]]}},{"type":"Feature","id":"w944323846","properties":{"kind":"building","category":"yes","name":null,"area_m2":71.5,"centroid":[120.44057,23.48235]},"geometry":{"type":"Polygon","coordinates":[[[120.440507,23.482351],[120.440574,23.482299],[120.440629,23.482345],[120.440571,23.482403],[120.440507,23.482351]]]}},{"type":"Feature","id":"w944323847","properties":{"kind":"building","category":"yes","name":null,"area_m2":75.7,"centroid":[120.440515,23.482428]},"geometry":{"type":"Polygon","coordinates":[[[120.440454,23.482426],[120.440527,23.482374],[120.440576,23.482431],[120.440503,23.482483],[120.440454,23.482426]]]}},{"type":"Feature","id":"w944323848","properties":{"kind":"building","category":"residential","name":null,"area_m2":100.5,"centroid":[120.439972,23.482442]},"geometry":{"type":"Polygon","coordinates":[[[120.439863,23.482498],[120.440057,23.482357],[120.440082,23.482385],[120.439887,23.482526],[120.439863,23.482498]]]}},{"type":"Feature","id":"w944323849","properties":{"kind":"building","category":"residential","name":null,"area_m2":268.1,"centroid":[120.439947,23.482314]},"geometry":{"type":"Polygon","coordinates":[[[120.439835,23.482277],[120.439939,23.482205],[120.440058,23.482351],[120.439954,23.482423],[120.439835,23.482277]]]}},{"type":"Feature","id":"w944323850","properties":{"kind":"building","category":"residential","name":null,"area_m2":88.0,"centroid":[120.43985,23.482183]},"geometry":{"type":"Polygon","coordinates":[[[120.439781,23.482191],[120.439876,23.482124],[120.43992,23.482175],[120.439825,23.482242],[120.439781,23.482191]]]}},{"type":"Feature","id":"w944323851","properties":{"kind":"building","category":"residential","name":null,"area_m2":171.7,"centroid":[120.439769,23.482137]},"geometry":{"type":"Polygon","coordinates":[[[120.439721,23.482223],[120.439871,23.482114],[120.439818,23.482052],[120.439667,23.48216],[120.439721,23.482223]]]}},{"type":"Feature","id":"w944734432","properties":{"kind":"building","category":"residential","name":null,"area_m2":201.0,"centroid":[120.441035,23.482961]},"geometry":{"type":"Polygon","coordinates":[[[120.440982,23.483037],[120.441053,23.483],[120.441159,23.482989],[120.441113,23.482926],[120.441031,23.482938],[120.441016,23.482911],[120.440893,23.482924],[120.440982,23.483037]]]}},{"type":"Feature","id":"w944734433","properties":{"kind":"building","category":"yes","name":null,"area_m2":145.5,"centroid":[120.441635,23.48444]},"geometry":{"type":"Polygon","coordinates":[[[120.44156,23.484524],[120.441745,23.484402],[120.441709,23.484356],[120.441525,23.484477],[120.44156,23.484524]]]}},{"type":"Feature","id":"w944734434","properties":{"kind":"building","category":"yes","name":null,"area_m2":114.4,"centroid":[120.441605,23.484376]},"geometry":{"type":"Polygon","coordinates":[[[120.441548,23.484449],[120.441698,23.484348],[120.441663,23.484304],[120.441513,23.484405],[120.441548,23.484449]]]}},{"type":"Feature","id":"w944734435","properties":{"kind":"building","category":"residential","name":null,"area_m2":79.6,"centroid":[120.441596,23.484295]},"geometry":{"type":"Polygon","coordinates":[[[120.441574,23.484351],[120.44166,23.484293],[120.441617,23.48424],[120.441531,23.484298],[120.441574,23.484351]]]}},{"type":"Feature","id":"w944734436","properties":{"kind":"building","category":"residential","name":null,"area_m2":44.1,"centroid":[120.441548,23.484197]},"geometry":{"type":"Polygon","coordinates":[[[120.441557,23.484245],[120.441593,23.484223],[120.441539,23.484149],[120.441502,23.484172],[120.441557,23.484245]]]}},{"type":"Feature","id":"w944734437","properties":{"kind":"building","category":"residential","name":null,"area_m2":64.7,"centroid":[120.441503,23.484227]},"geometry":{"type":"Polygon","coordinates":[[[120.441446,23.484178],[120.441481,23.484158],[120.441561,23.484276],[120.441526,23.484296],[120.441446,23.484178]]]}},{"type":"Feature","id":"w944734438","properties":{"kind":"building","category":"yes","name":"曼黛瑪璉","area_m2":124.1,"centroid":[120.44135,23.483993]},"geometry":{"type":"Polygon","coordinates":[[[120.441269,23.483973],[120.441349,23.48392],[120.441401,23.483983],[120.441399,23.484027],[120.441333,23.484064],[120.441269,23.483973]]]}},{"type":"Feature","id":"w944734439","properties":{"kind":"building","category":"residential","name":null,"area_m2":99.8,"centroid":[120.441279,23.483914]},"geometry":{"type":"Polygon","coordinates":[[[120.441206,23.48392],[120.441303,23.483851],[120.441351,23.483908],[120.441255,23.483977],[120.441206,23.48392]]]}},{"type":"Feature","id":"w944734440","properties":{"kind":"building","category":"residential","name":null,"area_m2":69.1,"centroid":[120.441234,23.483855]},"geometry":{"type":"Polygon","coordinates":[[[120.441208,23.483908],[120.441297,23.483845],[120.441261,23.483802],[120.441172,23.483864],[120.441208,23.483908]]]}},{"type":"Feature","id":"w944734441","properties":{"kind":"building","category":"residential","name":null,"area_m2":100.1,"centroid":[120.441189,23.483799]},"geometry":{"type":"Polygon","coordinates":[[[120.441118,23.483797],[120.441207,23.483736],[120.441259,23.4838],[120.441171,23.483861],[120.441118,23.483797]]]}},{"type":"Feature","id":"w944734442","properties":{"kind":"building","category":"yes","name":"俏媽咪媽媽禮服","area_m2":140.3,"centroid":[120.441105,23.48377]},"geometry":{"type":"Polygon","coordinates":[[[120.441049,23.483739],[120.441158,23.483671],[120.441198,23.483729],[120.441102,23.483799],[120.441073,23.483847],[120.441051,23.483834],[120.441049,23.483739]]]}},{"type":"Feature","id":"w944734443","properties":{"kind":"building","category":"residential","name":null,"area_m2":78.9,"centroid":[120.441017,23.483624]},"geometry":{"type":"Polygon","coordinates":[[[120.440976,23.483657],[120.440951,23.483604],[120.441052,23.483565],[120.441081,23.483628],[120.441024,23.483651],[120.441018,23.48364],[120.440976,23.483657]]]}},{"type":"Feature","id":"w944734444","properties":{"kind":"building","category":"residential","name":null,"area_m2":24.5,"centroid":[120.440985,23.483574]},"geometry":{"type":"Polygon","coordinates":[[[120.44095,23.483601],[120.440939,23.483578],[120.44102,23.483548],[120.44103,23.483571],[120.44095,23.483601]]]}},{"type":"Feature","id":"w944734445","properties":{"kind":"building","category":"residential","name":null,"area_m2":47.1,"centroid":[120.440976,23.483539]},"geometry":{"type":"Polygon","coordinates":[[[120.440917,23.483542],[120.441018,23.483502],[120.441034,23.483537],[120.440934,23.483577],[120.440917,23.483542]]]}},{"type":"Feature","id":"w944734446","properties":{"kind":"building","category":"residential","name":null,"area_m2":33.7,"centroid":[120.440948,23.483503]},"geometry":{"type":"Polygon","coordinates":[[[120.440906,23.483498],[120.440924,23.483535],[120.440991,23.483507],[120.440973,23.48347],[120.440906,23.483498]]]}},{"type":"Feature","id":"w944734447","properties":{"kind":"building","category":"residential","name":null,"area_m2":26.4,"centroid":[120.440933,23.483469]},"geometry":{"type":"Polygon","coordinates":[[[120.440892,23.483469],[120.440959,23.483441],[120.440973,23.48347],[120.440906,23.483498],[120.440892,23.483469]]]}},{"type":"Feature","id":"w944734448","properties":{"kind":"building","category":"residential","name":null,"area_m2":44.0,"centroid":[120.440903,23.483431]},"geometry":{"type":"Polygon","coordinates":[[[120.440859,23.483418],[120.440918,23.483397],[120.440956,23.483439],[120.440879,23.483469],[120.440859,23.483418]]]}},{"type":"Feature","id":"w944734449","properties":{"kind":"building","category":"residential","name":null,"area_m2":22.3,"centroid":[120.440882,23.483386]},"geometry":{"type":"Polygon","coordinates":[[[120.440849,23.48338],[120.440898,23.483359],[120.440915,23.483392],[120.440865,23.483413],[120.440849,23.48338]]]}},{"type":"Feature","id":"w944734451","properties":{"kind":"building","category":"residential","name":null,"area_m2":191.3,"centroid":[120.440757,23.483331]},"geometry":{"type":"Polygon","coordinates":[[[120.440877,23.483345],[120.440811,23.483372],[120.440714,23.48338],[120.440692,23.483344],[120.440665,23.483299],[120.440783,23.483245],[120.440877,23.483345]]]}},{"type":"Feature","id":"w944734452","properties":{"kind":"building","category":"residential","name":null,"area_m2":86.9,"centroid":[120.440702,23.483239]},"geometry":{"type":"Polygon","coordinates":[[[120.440636,23.483251],[120.440737,23.483175],[120.440779,23.48324],[120.440655,23.483289],[120.440636,23.483251]]]}},{"type":"Feature","id":"w944734453","properties":{"kind":"building","category":"residential","name":null,"area_m2":671.4,"centroid":[120.441056,23.482814]},"geometry":{"type":"Polygon","coordinates":[[[120.440876,23.482741],[120.441221,23.482715],[120.441236,23.482886],[120.440892,23.482913],[120.440876,23.482741]]]}},{"type":"Feature","id":"w944734454","properties":{"kind":"building","category":"residential","name":null,"area_m2":111.2,"centroid":[120.440625,23.48318]},"geometry":{"type":"Polygon","coordinates":[[[120.440536,23.483195],[120.440681,23.483116],[120.440714,23.483166],[120.440569,23.483245],[120.440536,23.483195]]]}},{"type":"Feature","id":"w944734455","properties":{"kind":"building","category":"residential","name":null,"area_m2":124.4,"centroid":[120.440126,23.483141]},"geometry":{"type":"Polygon","coordinates":[[[120.440068,23.483094],[120.440184,23.483093],[120.440185,23.483188],[120.440069,23.483189],[120.440068,23.483094]]]}},{"type":"Feature","id":"w944734456","properties":{"kind":"building","category":"residential","name":null,"area_m2":170.7,"centroid":[120.440346,23.483135]},"geometry":{"type":"Polygon","coordinates":[[[120.440226,23.483101],[120.440427,23.483083],[120.440432,23.483134],[120.440377,23.483139],[120.440381,23.483172],[120.440235,23.483184],[120.440226,23.483101]]]}},{"type":"Feature","id":"w944734457","properties":{"kind":"building","category":"yes","name":null,"area_m2":62.2,"centroid":[120.440547,23.483049]},"geometry":{"type":"Polygon","coordinates":[[[120.440488,23.483066],[120.440571,23.482996],[120.440607,23.483033],[120.440523,23.483102],[120.440488,23.483066]]]}},{"type":"Feature","id":"w944734458","properties":{"kind":"building","category":"residential","name":null,"area_m2":160.4,"centroid":[120.440449,23.482942]},"geometry":{"type":"Polygon","coordinates":[[[120.440433,23.483022],[120.44036,23.482943],[120.440465,23.482862],[120.440538,23.482941],[120.440433,23.483022]]]}},{"type":"Feature","id":"w944734459","properties":{"kind":"building","category":"yes","name":null,"area_m2":25.0,"centroid":[120.440421,23.482802]},"geometry":{"type":"Polygon","coordinates":[[[120.440409,23.482833],[120.440456,23.482803],[120.440432,23.482771],[120.440385,23.482802],[120.440409,23.482833]]]}},{"type":"Feature","id":"w944741176","properties":{"kind":"building","category":"apartments","name":"博愛天下","area_m2":404.0,"centroid":[120.44173,23.483289]},"geometry":{"type":"Polygon","coordinates":[[[120.441809,23.483122],[120.44168,23.483108],[120.441649,23.483347],[120.441675,23.48335],[120.44167,23.483387],[120.441779,23.483399],[120.441793,23.483299],[120.441786,23.483298],[120.441809,23.483122]]]}},{"type":"Feature","id":"w944741177","properties":{"kind":"building","category":"residential","name":null,"area_m2":184.7,"centroid":[120.441419,23.483193]},"geometry":{"type":"Polygon","coordinates":[[[120.441444,23.483298],[120.441475,23.483099],[120.441395,23.483088],[120.441363,23.483287],[120.441444,23.483298]]]}},{"type":"Feature","id":"w944741179","properties":{"kind":"building","category":"residential","name":null,"area_m2":47.7,"centroid":[120.441219,23.483258]},"geometry":{"type":"Polygon","coordinates":[[[120.441183,23.483306],[120.441278,23.483238],[120.441255,23.48321],[120.44116,23.483278],[120.441183,23.483306]]]}},{"type":"Feature","id":"w944741180","properties":{"kind":"building","category":"residential","name":null,"area_m2":51.1,"centroid":[120.441066,23.483091]},"geometry":{"type":"Polygon","coordinates":[[[120.441053,23.483132],[120.441012,23.483069],[120.44109,23.483055],[120.44111,23.48311],[120.441053,23.483132]]]}},{"type":"Feature","id":"w944741181","properties":{"kind":"building","category":"residential","name":null,"area_m2":39.4,"centroid":[120.441108,23.483151]},"geometry":{"type":"Polygon","coordinates":[[[120.441061,23.483155],[120.44113,23.483112],[120.441155,23.483147],[120.441087,23.48319],[120.441061,23.483155]]]}},{"type":"Feature","id":"w944741182","properties":{"kind":"building","category":"residential","name":null,"area_m2":167.8,"centroid":[120.441226,23.483168]},"geometry":{"type":"Polygon","coordinates":[[[120.441099,23.483212],[120.441237,23.483113],[120.441261,23.483141],[120.441292,23.483119],[120.441319,23.48315],[120.44115,23.483272],[120.441099,23.483212]]]}},{"type":"Feature","id":"w944741183","properties":{"kind":"building","category":"residential","name":null,"area_m2":148.0,"centroid":[120.442285,23.484126]},"geometry":{"type":"Polygon","coordinates":[[[120.442203,23.484086],[120.442275,23.484041],[120.442368,23.484165],[120.442296,23.48421],[120.442203,23.484086]]]}},{"type":"Feature","id":"w945138880","properties":{"kind":"building","category":"yes","name":null,"area_m2":438.1,"centroid":[120.44401,23.48305]},"geometry":{"type":"Polygon","coordinates":[[[120.443862,23.483006],[120.443997,23.48291],[120.444151,23.483094],[120.444031,23.483189],[120.443862,23.483006]]]}},{"type":"Feature","id":"w945138881","properties":{"kind":"building","category":"yes","name":null,"area_m2":305.3,"centroid":[120.44375,23.482993]},"geometry":{"type":"Polygon","coordinates":[[[120.443693,23.483065],[120.443622,23.482988],[120.443766,23.482874],[120.443879,23.482986],[120.443789,23.483052],[120.443693,23.483065]]]}},{"type":"Feature","id":"w945138882","properties":{"kind":"building","category":"yes","name":null,"area_m2":26.8,"centroid":[120.443603,23.483085]},"geometry":{"type":"Polygon","coordinates":[[[120.443578,23.48311],[120.443573,23.483067],[120.443628,23.483061],[120.443633,23.483103],[120.443578,23.48311]]]}},{"type":"Feature","id":"w945138883","properties":{"kind":"building","category":"yes","name":"台鐵嘉義工務段工務分駐所","area_m2":152.9,"centroid":[120.44409,23.483263]},"geometry":{"type":"Polygon","coordinates":[[[120.443976,23.483308],[120.444166,23.483174],[120.444203,23.483219],[120.444014,23.483353],[120.443976,23.483308]]]}},{"type":"Feature","id":"w945138884","properties":{"kind":"building","category":"residential","name":null,"area_m2":31.3,"centroid":[120.444553,23.482841]},"geometry":{"type":"Polygon","coordinates":[[[120.444514,23.48283],[120.444549,23.482804],[120.444591,23.482852],[120.444556,23.482878],[120.444514,23.48283]]]}},{"type":"Feature","id":"w945138887","properties":{"kind":"building","category":"residential","name":null,"area_m2":120.3,"centroid":[120.444651,23.482814]},"geometry":{"type":"Polygon","coordinates":[[[120.444575,23.482811],[120.444654,23.482744],[120.444727,23.482817],[120.444647,23.482884],[120.444575,23.482811]]]}},{"type":"Feature","id":"w945139831","properties":{"kind":"building","category":"yes","name":null,"area_m2":51.0,"centroid":[120.443515,23.482935]},"geometry":{"type":"Polygon","coordinates":[[[120.443514,23.482981],[120.443465,23.48293],[120.443516,23.48289],[120.443564,23.482941],[120.443514,23.482981]]]}},{"type":"Feature","id":"w945139832","properties":{"kind":"building","category":"yes","name":null,"area_m2":69.1,"centroid":[120.443583,23.483006]},"geometry":{"type":"Polygon","coordinates":[[[120.443526,23.482984],[120.443571,23.482948],[120.443649,23.483037],[120.443586,23.483054],[120.443526,23.482984]]]}},{"type":"Feature","id":"w945149414","properties":{"kind":"building","category":"yes","name":null,"area_m2":136.7,"centroid":[120.443049,23.483391]},"geometry":{"type":"Polygon","coordinates":[[[120.442959,23.483391],[120.443101,23.483324],[120.443139,23.483392],[120.442996,23.483458],[120.442959,23.483391]]]}},{"type":"Feature","id":"w945149415","properties":{"kind":"building","category":"temple","name":"北嶽廟","area_m2":97.6,"centroid":[120.443179,23.483364]},"geometry":{"type":"Polygon","coordinates":[[[120.443118,23.483318],[120.443177,23.483292],[120.44324,23.48341],[120.44318,23.483436],[120.443118,23.483318]]]}},{"type":"Feature","id":"w945149418","properties":{"kind":"building","category":"yes","name":null,"area_m2":122.0,"centroid":[120.442628,23.483283]},"geometry":{"type":"Polygon","coordinates":[[[120.442565,23.483333],[120.442575,23.483243],[120.442645,23.483233],[120.442728,23.483322],[120.442565,23.483333]]]}},{"type":"Feature","id":"w945149420","properties":{"kind":"building","category":"residential","name":null,"area_m2":147.2,"centroid":[120.442523,23.483414]},"geometry":{"type":"Polygon","coordinates":[[[120.44243,23.483359],[120.442543,23.483355],[120.442601,23.483451],[120.442516,23.483493],[120.44243,23.483359]]]}},{"type":"Feature","id":"w945149421","properties":{"kind":"building","category":"residential","name":null,"area_m2":116.7,"centroid":[120.442661,23.483389]},"geometry":{"type":"Polygon","coordinates":[[[120.442712,23.4834],[120.442606,23.483451],[120.442548,23.483355],[120.442713,23.483358],[120.442727,23.483383],[120.442712,23.4834]]]}},{"type":"Feature","id":"w945149422","properties":{"kind":"building","category":"residential","name":null,"area_m2":15.9,"centroid":[120.441986,23.483756]},"geometry":{"type":"Polygon","coordinates":[[[120.441974,23.483779],[120.442014,23.48376],[120.441998,23.483732],[120.441958,23.483752],[120.441974,23.483779]]]}},{"type":"Feature","id":"w945149423","properties":{"kind":"building","category":"residential","name":null,"area_m2":155.2,"centroid":[120.441977,23.483703]},"geometry":{"type":"Polygon","coordinates":[[[120.442024,23.48376],[120.441999,23.483727],[120.441961,23.483741],[120.441942,23.483718],[120.4419,23.483735],[120.44186,23.483688],[120.441962,23.483633],[120.441987,23.483619],[120.442024,23.483657],[120.442031,23.483709],[120.442054,23.483743],[120.442024,23.48376]]]}},{"type":"Feature","id":"w945149424","properties":{"kind":"building","category":"residential","name":null,"area_m2":89.0,"centroid":[120.441895,23.483781]},"geometry":{"type":"Polygon","coordinates":[[[120.441822,23.483784],[120.441934,23.483725],[120.441967,23.483778],[120.441855,23.483837],[120.441822,23.483784]]]}},{"type":"Feature","id":"w945149425","properties":{"kind":"building","category":"residential","name":null,"area_m2":196.5,"centroid":[120.44221,23.483845]},"geometry":{"type":"Polygon","coordinates":[[[120.442117,23.483819],[120.442227,23.483756],[120.442304,23.483871],[120.442194,23.483933],[120.442117,23.483819]]]}},{"type":"Feature","id":"w945149426","properties":{"kind":"building","category":"residential","name":null,"area_m2":85.6,"centroid":[120.442049,23.48391]},"geometry":{"type":"Polygon","coordinates":[[[120.442048,23.483846],[120.441989,23.483878],[120.442051,23.483974],[120.442109,23.483941],[120.442048,23.483846]]]}},{"type":"Feature","id":"w945149427","properties":{"kind":"building","category":"residential","name":null,"area_m2":93.1,"centroid":[120.441986,23.483943]},"geometry":{"type":"Polygon","coordinates":[[[120.441993,23.484011],[120.441922,23.483908],[120.44198,23.483875],[120.44205,23.483978],[120.441993,23.484011]]]}},{"type":"Feature","id":"w945149428","properties":{"kind":"building","category":"residential","name":null,"area_m2":81.7,"centroid":[120.44195,23.483985]},"geometry":{"type":"Polygon","coordinates":[[[120.441877,23.483934],[120.441922,23.483908],[120.441993,23.484011],[120.442001,23.484023],[120.441956,23.484049],[120.441877,23.483934]]]}},{"type":"Feature","id":"w945149429","properties":{"kind":"building","category":"residential","name":null,"area_m2":221.3,"centroid":[120.441754,23.483802]},"geometry":{"type":"Polygon","coordinates":[[[120.441656,23.483765],[120.441766,23.483706],[120.441851,23.483839],[120.441742,23.483898],[120.441656,23.483765]]]}},{"type":"Feature","id":"w945149430","properties":{"kind":"building","category":"yes","name":null,"area_m2":85.3,"centroid":[120.442785,23.485711]},"geometry":{"type":"Polygon","coordinates":[[[120.442778,23.485784],[120.442849,23.485731],[120.442798,23.485674],[120.442787,23.485683],[120.442779,23.485674],[120.44272,23.485719],[120.442778,23.485784]]]}},{"type":"Feature","id":"w945149431","properties":{"kind":"building","category":"apartments","name":"歐帝博愛星鑽","area_m2":293.1,"centroid":[120.44255,23.485485]},"geometry":{"type":"Polygon","coordinates":[[[120.442625,23.485616],[120.442659,23.485472],[120.442572,23.485366],[120.442512,23.485403],[120.442521,23.485415],[120.442494,23.48544],[120.442547,23.485499],[120.442515,23.485557],[120.442506,23.485595],[120.442625,23.485616]]]}},{"type":"Feature","id":"w945149432","properties":{"kind":"building","category":"apartments","name":"財神福第","area_m2":362.3,"centroid":[120.442224,23.485214]},"geometry":{"type":"Polygon","coordinates":[[[120.442081,23.485372],[120.442349,23.485176],[120.442353,23.485128],[120.442316,23.485091],[120.442022,23.485302],[120.442081,23.485372]]]}},{"type":"Feature","id":"w945149433","properties":{"kind":"building","category":"yes","name":null,"area_m2":241.6,"centroid":[120.442194,23.485089]},"geometry":{"type":"Polygon","coordinates":[[[120.442074,23.485115],[120.442251,23.484988],[120.442315,23.485063],[120.442138,23.48519],[120.442074,23.485115]]]}},{"type":"Feature","id":"w945149434","properties":{"kind":"building","category":"yes","name":null,"area_m2":380.4,"centroid":[120.442079,23.484989]},"geometry":{"type":"Polygon","coordinates":[[[120.441951,23.484928],[120.442095,23.484937],[120.442187,23.484918],[120.442227,23.484977],[120.442061,23.485092],[120.441952,23.485082],[120.441951,23.484928]]]}},{"type":"Feature","id":"w945149435","properties":{"kind":"building","category":"residential","name":null,"area_m2":126.0,"centroid":[120.441838,23.483999]},"geometry":{"type":"Polygon","coordinates":[[[120.441812,23.484063],[120.441919,23.484003],[120.441874,23.483935],[120.441748,23.483996],[120.441812,23.484063]]]}},{"type":"Feature","id":"w945149436","properties":{"kind":"building","category":"residential","name":null,"area_m2":220.8,"centroid":[120.441255,23.484347]},"geometry":{"type":"Polygon","coordinates":[[[120.441255,23.484451],[120.44116,23.484291],[120.441255,23.484244],[120.441349,23.484404],[120.441255,23.484451]]]}},{"type":"Feature","id":"w945149438","properties":{"kind":"building","category":"residential","name":null,"area_m2":166.1,"centroid":[120.441385,23.484254]},"geometry":{"type":"Polygon","coordinates":[[[120.441298,23.484231],[120.441424,23.484179],[120.441472,23.484276],[120.441346,23.484328],[120.441298,23.484231]]]}},{"type":"Feature","id":"w945149439","properties":{"kind":"building","category":"residential","name":null,"area_m2":82.2,"centroid":[120.441555,23.483658]},"geometry":{"type":"Polygon","coordinates":[[[120.441492,23.483653],[120.441565,23.483601],[120.441618,23.483663],[120.441545,23.483715],[120.441492,23.483653]]]}},{"type":"Feature","id":"w945149440","properties":{"kind":"building","category":"residential","name":null,"area_m2":84.7,"centroid":[120.441488,23.483581]},"geometry":{"type":"Polygon","coordinates":[[[120.441424,23.483567],[120.441484,23.483521],[120.441551,23.483595],[120.441492,23.483641],[120.441424,23.483567]]]}},{"type":"Feature","id":"w945149441","properties":{"kind":"building","category":"residential","name":null,"area_m2":111.6,"centroid":[120.441529,23.483166]},"geometry":{"type":"Polygon","coordinates":[[[120.441476,23.483214],[120.441488,23.48311],[120.441582,23.483119],[120.44157,23.483223],[120.441476,23.483214]]]}},{"type":"Feature","id":"w945149442","properties":{"kind":"building","category":"residential","name":null,"area_m2":82.5,"centroid":[120.441514,23.483274]},"geometry":{"type":"Polygon","coordinates":[[[120.441477,23.483227],[120.441563,23.483237],[120.441551,23.483321],[120.441465,23.48331],[120.441477,23.483227]]]}},{"type":"Feature","id":"w945149443","properties":{"kind":"building","category":"residential","name":null,"area_m2":70.4,"centroid":[120.441494,23.483367]},"geometry":{"type":"Polygon","coordinates":[[[120.441435,23.48339],[120.441491,23.483412],[120.441538,23.483371],[120.441546,23.483331],[120.441462,23.483329],[120.441435,23.48339]]]}},{"type":"Feature","id":"w945149444","properties":{"kind":"building","category":"residential","name":null,"area_m2":15.9,"centroid":[120.441371,23.483478]},"geometry":{"type":"Polygon","coordinates":[[[120.441338,23.483469],[120.441402,23.483465],[120.441403,23.483487],[120.441339,23.483491],[120.441338,23.483469]]]}},{"type":"Feature","id":"w945154759","properties":{"kind":"building","category":"yes","name":null,"area_m2":349.6,"centroid":[120.445399,23.482409]},"geometry":{"type":"Polygon","coordinates":[[[120.445315,23.482351],[120.445447,23.482289],[120.445441,23.482367],[120.445472,23.482364],[120.445463,23.482533],[120.44537,23.482535],[120.445288,23.482425],[120.445315,23.482351]]]}},{"type":"Feature","id":"w945154760","properties":{"kind":"building","category":"yes","name":"藍鯨電子遊藝場","area_m2":134.1,"centroid":[120.445496,23.482583]},"geometry":{"type":"Polygon","coordinates":[[[120.44542,23.482588],[120.445469,23.482537],[120.445609,23.482549],[120.445487,23.482659],[120.44542,23.482588]]]}},{"type":"Feature","id":"w945154761","properties":{"kind":"building","category":"yes","name":null,"area_m2":111.6,"centroid":[120.445571,23.482683]},"geometry":{"type":"Polygon","coordinates":[[[120.445497,23.48268],[120.445578,23.482616],[120.445644,23.482685],[120.445564,23.48275],[120.445497,23.48268]]]}},{"type":"Feature","id":"w945154762","properties":{"kind":"building","category":"yes","name":"燒瓶子 大肆鍋","area_m2":228.1,"centroid":[120.445669,23.482785]},"geometry":{"type":"Polygon","coordinates":[[[120.445569,23.482781],[120.445616,23.482737],[120.445666,23.48269],[120.445757,23.482779],[120.44574,23.482834],[120.445665,23.482888],[120.445569,23.482781]]]}},{"type":"Feature","id":"w945154763","properties":{"kind":"building","category":"yes","name":null,"area_m2":330.6,"centroid":[120.445205,23.481912]},"geometry":{"type":"Polygon","coordinates":[[[120.445087,23.481848],[120.445325,23.481854],[120.445322,23.481977],[120.445084,23.481971],[120.445087,23.481848]]]}},{"type":"Feature","id":"w945154764","properties":{"kind":"building","category":"yes","name":null,"area_m2":154.2,"centroid":[120.445166,23.482059]},"geometry":{"type":"Polygon","coordinates":[[[120.4451,23.482014],[120.445253,23.482014],[120.445279,23.482062],[120.4451,23.482125],[120.445099,23.482081],[120.4451,23.482014]]]}},{"type":"Feature","id":"w945154765","properties":{"kind":"building","category":"yes","name":null,"area_m2":159.8,"centroid":[120.445027,23.482064]},"geometry":{"type":"Polygon","coordinates":[[[120.444942,23.482044],[120.444978,23.482009],[120.445097,23.482014],[120.445093,23.482119],[120.445023,23.482136],[120.444942,23.482044]]]}},{"type":"Feature","id":"w945154766","properties":{"kind":"building","category":"residential","name":null,"area_m2":120.9,"centroid":[120.445339,23.48314]},"geometry":{"type":"Polygon","coordinates":[[[120.445352,23.483206],[120.445413,23.483129],[120.445325,23.483065],[120.445267,23.48316],[120.445352,23.483206]]]}},{"type":"Feature","id":"w945154767","properties":{"kind":"building","category":"residential","name":null,"area_m2":123.5,"centroid":[120.445401,23.483046]},"geometry":{"type":"Polygon","coordinates":[[[120.445415,23.483127],[120.445463,23.483025],[120.445397,23.48297],[120.445328,23.483063],[120.445415,23.483127]]]}},{"type":"Feature","id":"w945154768","properties":{"kind":"building","category":"yes","name":null,"area_m2":105.3,"centroid":[120.445307,23.483036]},"geometry":{"type":"Polygon","coordinates":[[[120.445264,23.483133],[120.445387,23.482962],[120.445349,23.482939],[120.445226,23.48311],[120.445264,23.483133]]]}},{"type":"Feature","id":"w945154769","properties":{"kind":"building","category":"yes","name":null,"area_m2":162.9,"centroid":[120.444951,23.482557]},"geometry":{"type":"Polygon","coordinates":[[[120.444862,23.482542],[120.444905,23.482511],[120.444987,23.482513],[120.445051,23.482572],[120.44495,23.482646],[120.444862,23.482542]]]}},{"type":"Feature","id":"w945154770","properties":{"kind":"building","category":"residential","name":null,"area_m2":82.5,"centroid":[120.444845,23.482648]},"geometry":{"type":"Polygon","coordinates":[[[120.444773,23.482622],[120.444823,23.482584],[120.444858,23.482622],[120.444844,23.482633],[120.444905,23.4827],[120.444869,23.482727],[120.444773,23.482622]]]}},{"type":"Feature","id":"w945154771","properties":{"kind":"building","category":"residential","name":null,"area_m2":65.2,"centroid":[120.444762,23.482725]},"geometry":{"type":"Polygon","coordinates":[[[120.444695,23.482692],[120.444722,23.482669],[120.444743,23.482689],[120.44474,23.482691],[120.444847,23.482795],[120.444823,23.482816],[120.444695,23.482692]]]}},{"type":"Feature","id":"w945154772","properties":{"kind":"building","category":"residential","name":null,"area_m2":82.2,"centroid":[120.444744,23.482771]},"geometry":{"type":"Polygon","coordinates":[[[120.444667,23.482726],[120.4447,23.482698],[120.44482,23.482817],[120.444787,23.482845],[120.444667,23.482726]]]}},{"type":"Feature","id":"w945160202","properties":{"kind":"building","category":"residential","name":null,"area_m2":263.6,"centroid":[120.446523,23.483603]},"geometry":{"type":"Polygon","coordinates":[[[120.446549,23.483706],[120.446624,23.483552],[120.446497,23.483501],[120.446422,23.483654],[120.446549,23.483706]]]}},{"type":"Feature","id":"w945160203","properties":{"kind":"building","category":"residential","name":null,"area_m2":362.4,"centroid":[120.446373,23.483543]},"geometry":{"type":"Polygon","coordinates":[[[120.446417,23.483657],[120.446494,23.483493],[120.446329,23.483428],[120.446252,23.483593],[120.446417,23.483657]]]}},{"type":"Feature","id":"w945160204","properties":{"kind":"building","category":"residential","name":null,"area_m2":47.8,"centroid":[120.446158,23.483454]},"geometry":{"type":"Polygon","coordinates":[[[120.446139,23.483524],[120.446204,23.483396],[120.446177,23.483384],[120.446112,23.483512],[120.446139,23.483524]]]}},{"type":"Feature","id":"w945160205","properties":{"kind":"building","category":"residential","name":null,"area_m2":110.3,"centroid":[120.446211,23.48347]},"geometry":{"type":"Polygon","coordinates":[[[120.446217,23.483544],[120.446274,23.483424],[120.446206,23.483397],[120.446148,23.483517],[120.446217,23.483544]]]}},{"type":"Feature","id":"w945160206","properties":{"kind":"building","category":"residential","name":null,"area_m2":132.5,"centroid":[120.446104,23.483433]},"geometry":{"type":"Polygon","coordinates":[[[120.446034,23.483487],[120.446103,23.48335],[120.446174,23.48338],[120.446104,23.483517],[120.446034,23.483487]]]}},{"type":"Feature","id":"w945160207","properties":{"kind":"building","category":"residential","name":null,"area_m2":197.8,"centroid":[120.446001,23.483381]},"geometry":{"type":"Polygon","coordinates":[[[120.445912,23.483421],[120.445978,23.483293],[120.44609,23.483342],[120.446023,23.48347],[120.445912,23.483421]]]}},{"type":"Feature","id":"w945160208","properties":{"kind":"building","category":"residential","name":null,"area_m2":164.5,"centroid":[120.445895,23.483338]},"geometry":{"type":"Polygon","coordinates":[[[120.445904,23.483426],[120.445971,23.483283],[120.445885,23.483249],[120.445818,23.483392],[120.445904,23.483426]]]}},{"type":"Feature","id":"w945160209","properties":{"kind":"building","category":"yes","name":null,"area_m2":122.7,"centroid":[120.445111,23.482734]},"geometry":{"type":"Polygon","coordinates":[[[120.445032,23.48274],[120.445133,23.482664],[120.445191,23.482728],[120.44509,23.482804],[120.445032,23.48274]]]}},{"type":"Feature","id":"w945160210","properties":{"kind":"building","category":"yes","name":null,"area_m2":109.7,"centroid":[120.445034,23.482659]},"geometry":{"type":"Polygon","coordinates":[[[120.44502,23.482725],[120.444961,23.482661],[120.445048,23.482592],[120.445108,23.482657],[120.44502,23.482725]]]}},{"type":"Feature","id":"w945160211","properties":{"kind":"building","category":"commercial","name":"富邦證券","area_m2":576.7,"centroid":[120.445168,23.482947]},"geometry":{"type":"Polygon","coordinates":[[[120.444964,23.482951],[120.445195,23.482771],[120.445258,23.48284],[120.445215,23.482874],[120.445271,23.482934],[120.445229,23.482967],[120.44527,23.483012],[120.445166,23.483093],[120.445077,23.482996],[120.445036,23.483028],[120.444964,23.482951]]]}},{"type":"Feature","id":"w945160212","properties":{"kind":"building","category":"yes","name":null,"area_m2":132.6,"centroid":[120.446305,23.483064]},"geometry":{"type":"Polygon","coordinates":[[[120.44633,23.483137],[120.446377,23.48303],[120.446263,23.48299],[120.446249,23.4831],[120.44633,23.483137]]]}},{"type":"Feature","id":"w945160213","properties":{"kind":"building","category":"yes","name":null,"area_m2":91.2,"centroid":[120.446221,23.483024]},"geometry":{"type":"Polygon","coordinates":[[[120.446182,23.483078],[120.4462,23.482951],[120.446259,23.482968],[120.446244,23.483098],[120.446182,23.483078]]]}},{"type":"Feature","id":"w945160214","properties":{"kind":"building","category":"yes","name":null,"area_m2":103.9,"centroid":[120.446154,23.483002]},"geometry":{"type":"Polygon","coordinates":[[[120.446127,23.482931],[120.446198,23.482944],[120.446179,23.483078],[120.446112,23.483055],[120.446127,23.482931]]]}},{"type":"Feature","id":"w945160215","properties":{"kind":"building","category":"yes","name":null,"area_m2":280.6,"centroid":[120.446039,23.482847]},"geometry":{"type":"Polygon","coordinates":[[[120.445947,23.482777],[120.44614,23.482788],[120.446132,23.482916],[120.445938,23.482905],[120.445947,23.482777]]]}},{"type":"Feature","id":"w945160216","properties":{"kind":"building","category":"yes","name":null,"area_m2":195.6,"centroid":[120.446015,23.48297]},"geometry":{"type":"Polygon","coordinates":[[[120.44611,23.483055],[120.446122,23.482939],[120.445941,23.48291],[120.445938,23.482944],[120.445962,23.483001],[120.44611,23.483055]]]}},{"type":"Feature","id":"w945160217","properties":{"kind":"building","category":"residential","name":null,"area_m2":183.1,"centroid":[120.4458,23.483301]},"geometry":{"type":"Polygon","coordinates":[[[120.445811,23.483393],[120.445882,23.483248],[120.445788,23.48321],[120.445718,23.483354],[120.445811,23.483393]]]}},{"type":"Feature","id":"w945160218","properties":{"kind":"building","category":"yes","name":null,"area_m2":784.5,"centroid":[120.445323,23.483575]},"geometry":{"type":"Polygon","coordinates":[[[120.445137,23.48363],[120.445269,23.483403],[120.445508,23.48352],[120.445376,23.483746],[120.445137,23.48363]]]}},{"type":"Feature","id":"w945160219","properties":{"kind":"building","category":"residential","name":null,"area_m2":141.9,"centroid":[120.445673,23.483254]},"geometry":{"type":"Polygon","coordinates":[[[120.445599,23.483305],[120.445671,23.483169],[120.445746,23.483203],[120.445674,23.483338],[120.445599,23.483305]]]}},{"type":"Feature","id":"w945160220","properties":{"kind":"building","category":"residential","name":null,"area_m2":253.2,"centroid":[120.445566,23.483203]},"geometry":{"type":"Polygon","coordinates":[[[120.445466,23.48325],[120.445535,23.483105],[120.445665,23.483157],[120.445596,23.483302],[120.445466,23.48325]]]}},{"type":"Feature","id":"w945160221","properties":{"kind":"building","category":"yes","name":null,"area_m2":232.7,"centroid":[120.445701,23.482602]},"geometry":{"type":"Polygon","coordinates":[[[120.445621,23.482529],[120.44578,23.482538],[120.445772,23.482675],[120.445631,23.482667],[120.445621,23.482529]]]}},{"type":"Feature","id":"w945504763","properties":{"kind":"building","category":"yes","name":null,"area_m2":70.2,"centroid":[120.446169,23.482222]},"geometry":{"type":"Polygon","coordinates":[[[120.446116,23.482192],[120.446225,23.482195],[120.446223,23.482252],[120.446114,23.482249],[120.446116,23.482192]]]}},{"type":"Feature","id":"w945504764","properties":{"kind":"building","category":"yes","name":"美逸 SPA","area_m2":113.0,"centroid":[120.44613,23.482149]},"geometry":{"type":"Polygon","coordinates":[[[120.446028,23.482179],[120.446032,23.482118],[120.44615,23.482124],[120.446149,23.48214],[120.446211,23.482143],[120.446208,23.482188],[120.446028,23.482179]]]}},{"type":"Feature","id":"w945504765","properties":{"kind":"building","category":"yes","name":"嘉義市第三信用合作社","area_m2":94.2,"centroid":[120.446106,23.482072]},"geometry":{"type":"Polygon","coordinates":[[[120.446038,23.482032],[120.446126,23.482036],[120.446124,23.482069],[120.44616,23.482071],[120.446157,23.482115],[120.446033,23.482108],[120.446038,23.482032]]]}},{"type":"Feature","id":"w945504766","properties":{"kind":"building","category":"yes","name":null,"area_m2":80.9,"centroid":[120.446089,23.481992]},"geometry":{"type":"Polygon","coordinates":[[[120.446043,23.481953],[120.446139,23.481957],[120.446135,23.482032],[120.446039,23.482027],[120.446043,23.481953]]]}},{"type":"Feature","id":"w945504767","properties":{"kind":"building","category":"yes","name":null,"area_m2":114.4,"centroid":[120.446233,23.48052]},"geometry":{"type":"Polygon","coordinates":[[[120.446187,23.48046],[120.446291,23.480468],[120.446281,23.480573],[120.446221,23.480571],[120.446184,23.480529],[120.446187,23.48046]]]}},{"type":"Feature","id":"w945504768","properties":{"kind":"building","category":"yes","name":null,"area_m2":124.9,"centroid":[120.4462,23.480795]},"geometry":{"type":"Polygon","coordinates":[[[120.44615,23.480854],[120.446161,23.48073],[120.44625,23.480737],[120.446239,23.48086],[120.44615,23.480854]]]}},{"type":"Feature","id":"w945504769","properties":{"kind":"building","category":"yes","name":null,"area_m2":158.8,"centroid":[120.446187,23.481313]},"geometry":{"type":"Polygon","coordinates":[[[120.446117,23.481262],[120.446257,23.481264],[120.446256,23.481364],[120.446116,23.481363],[120.446117,23.481262]]]}},{"type":"Feature","id":"w945504770","properties":{"kind":"building","category":"yes","name":null,"area_m2":133.2,"centroid":[120.446223,23.481511]},"geometry":{"type":"Polygon","coordinates":[[[120.446308,23.481549],[120.446307,23.481476],[120.446095,23.481453],[120.446091,23.4815],[120.446231,23.481511],[120.44624,23.481533],[120.446287,23.481557],[120.446308,23.481549]]]}},{"type":"Feature","id":"w945504771","properties":{"kind":"building","category":"yes","name":null,"area_m2":46.9,"centroid":[120.446144,23.48153]},"geometry":{"type":"Polygon","coordinates":[[[120.446085,23.481509],[120.446205,23.481516],[120.446203,23.481551],[120.446083,23.481543],[120.446085,23.481509]]]}},{"type":"Feature","id":"w945504772","properties":{"kind":"building","category":"yes","name":null,"area_m2":58.5,"centroid":[120.446162,23.481581]},"geometry":{"type":"Polygon","coordinates":[[[120.446077,23.481598],[120.446078,23.481558],[120.44617,23.481562],[120.446169,23.48158],[120.446238,23.481583],[120.446237,23.481605],[120.446077,23.481598]]]}},{"type":"Feature","id":"w945504773","properties":{"kind":"building","category":"yes","name":null,"area_m2":206.1,"centroid":[120.446155,23.481661]},"geometry":{"type":"Polygon","coordinates":[[[120.446067,23.48171],[120.446074,23.481602],[120.446242,23.481611],[120.446236,23.481719],[120.446067,23.48171]]]}},{"type":"Feature","id":"w945504774","properties":{"kind":"building","category":"yes","name":null,"area_m2":55.0,"centroid":[120.446093,23.48178]},"geometry":{"type":"Polygon","coordinates":[[[120.446061,23.481735],[120.446135,23.481737],[120.446128,23.481813],[120.446103,23.481811],[120.446068,23.481797],[120.446063,23.481785],[120.446061,23.481735]]]}},{"type":"Feature","id":"w945504775","properties":{"kind":"building","category":"yes","name":null,"area_m2":84.2,"centroid":[120.445769,23.481546]},"geometry":{"type":"Polygon","coordinates":[[[120.445697,23.481581],[120.4457,23.481521],[120.445726,23.481516],[120.445743,23.481544],[120.445872,23.481538],[120.445875,23.481577],[120.445697,23.481581]]]}},{"type":"Feature","id":"w945504776","properties":{"kind":"building","category":"yes","name":null,"area_m2":73.5,"centroid":[120.4458,23.481694]},"geometry":{"type":"Polygon","coordinates":[[[120.445729,23.481672],[120.44587,23.481671],[120.445871,23.481717],[120.445729,23.481718],[120.445729,23.481672]]]}},{"type":"Feature","id":"w945504777","properties":{"kind":"building","category":"yes","name":null,"area_m2":169.8,"centroid":[120.445785,23.481624]},"geometry":{"type":"Polygon","coordinates":[[[120.445697,23.481668],[120.445696,23.481583],[120.445873,23.481581],[120.445874,23.481666],[120.445697,23.481668]]]}},{"type":"Feature","id":"w945504778","properties":{"kind":"building","category":"yes","name":null,"area_m2":68.6,"centroid":[120.445816,23.481751]},"geometry":{"type":"Polygon","coordinates":[[[120.445761,23.481723],[120.445871,23.481724],[120.445871,23.481779],[120.44576,23.481778],[120.445761,23.481723]]]}},{"type":"Feature","id":"w945507763","properties":{"kind":"building","category":"yes","name":null,"area_m2":199.3,"centroid":[120.446029,23.482714]},"geometry":{"type":"Polygon","coordinates":[[[120.445948,23.482766],[120.445951,23.482685],[120.446005,23.482656],[120.446133,23.482684],[120.446106,23.482779],[120.445948,23.482766]]]}},{"type":"Feature","id":"w945507764","properties":{"kind":"building","category":"yes","name":null,"area_m2":165.4,"centroid":[120.446089,23.482541]},"geometry":{"type":"Polygon","coordinates":[[[120.446213,23.482596],[120.446226,23.482531],[120.445995,23.482492],[120.445992,23.482523],[120.446021,23.482563],[120.446213,23.482596]]]}},{"type":"Feature","id":"w945507765","properties":{"kind":"building","category":"yes","name":null,"area_m2":48.1,"centroid":[120.446063,23.482476]},"geometry":{"type":"Polygon","coordinates":[[[120.446002,23.482453],[120.446129,23.482467],[120.446124,23.4825],[120.445997,23.482486],[120.446002,23.482453]]]}},{"type":"Feature","id":"w945507766","properties":{"kind":"building","category":"yes","name":null,"area_m2":324.6,"centroid":[120.446095,23.482372]},"geometry":{"type":"Polygon","coordinates":[[[120.446168,23.482466],[120.446187,23.482294],[120.446022,23.482278],[120.446003,23.482451],[120.446168,23.482466]]]}},{"type":"Feature","id":"w945507767","properties":{"kind":"building","category":"yes","name":null,"area_m2":48.1,"centroid":[120.446066,23.482207]},"geometry":{"type":"Polygon","coordinates":[[[120.446022,23.482182],[120.446112,23.482185],[120.44611,23.482232],[120.446019,23.482229],[120.446022,23.482182]]]}},{"type":"Feature","id":"w945509985","properties":{"kind":"building","category":"yes","name":null,"area_m2":94.5,"centroid":[120.44645,23.481712]},"geometry":{"type":"Polygon","coordinates":[[[120.446428,23.481622],[120.446475,23.481623],[120.446472,23.481801],[120.446425,23.4818],[120.446428,23.481622]]]}},{"type":"Feature","id":"w945512160","properties":{"kind":"building","category":"yes","name":null,"area_m2":66.2,"centroid":[120.445724,23.482433]},"geometry":{"type":"Polygon","coordinates":[[[120.445798,23.482456],[120.4458,23.482417],[120.44565,23.48241],[120.445648,23.482449],[120.445798,23.482456]]]}},{"type":"Feature","id":"w945512161","properties":{"kind":"building","category":"construction","name":null,"area_m2":126.4,"centroid":[120.445711,23.482495]},"geometry":{"type":"Polygon","coordinates":[[[120.445784,23.482535],[120.445788,23.482461],[120.445637,23.482454],[120.445633,23.482528],[120.445784,23.482535]]]}},{"type":"Feature","id":"w945512162","properties":{"kind":"building","category":"yes","name":null,"area_m2":174.6,"centroid":[120.445691,23.482361]},"geometry":{"type":"Polygon","coordinates":[[[120.445803,23.482414],[120.445807,23.482334],[120.445671,23.482328],[120.44567,23.482346],[120.445598,23.482342],[120.445594,23.482405],[120.445803,23.482414]]]}},{"type":"Feature","id":"w945512163","properties":{"kind":"building","category":"yes","name":null,"area_m2":75.9,"centroid":[120.445763,23.482291]},"geometry":{"type":"Polygon","coordinates":[[[120.445718,23.482253],[120.44581,23.482256],[120.445807,23.482329],[120.445715,23.482326],[120.445718,23.482253]]]}},{"type":"Feature","id":"w945512164","properties":{"kind":"building","category":"yes","name":null,"area_m2":105.8,"centroid":[120.447743,23.482132]},"geometry":{"type":"Polygon","coordinates":[[[120.447703,23.482202],[120.447719,23.482057],[120.447783,23.482063],[120.447767,23.482208],[120.447703,23.482202]]]}},{"type":"Feature","id":"w945514723","properties":{"kind":"building","category":"yes","name":null,"area_m2":125.5,"centroid":[120.446775,23.482059]},"geometry":{"type":"Polygon","coordinates":[[[120.446803,23.482136],[120.446821,23.481989],[120.446746,23.481981],[120.446729,23.482129],[120.446803,23.482136]]]}},{"type":"Feature","id":"w945514724","properties":{"kind":"building","category":"yes","name":null,"area_m2":216.9,"centroid":[120.446862,23.482094]},"geometry":{"type":"Polygon","coordinates":[[[120.446805,23.482194],[120.446827,23.481987],[120.446919,23.481995],[120.446897,23.482202],[120.446805,23.482194]]]}},{"type":"Feature","id":"w945514816","properties":{"kind":"building","category":"yes","name":null,"area_m2":34.2,"centroid":[120.447157,23.482064]},"geometry":{"type":"Polygon","coordinates":[[[120.44717,23.482115],[120.447174,23.482014],[120.447144,23.482013],[120.44714,23.482114],[120.44717,23.482115]]]}},{"type":"Feature","id":"w945515874","properties":{"kind":"building","category":"yes","name":null,"area_m2":116.5,"centroid":[120.446931,23.482309]},"geometry":{"type":"Polygon","coordinates":[[[120.446819,23.482325],[120.446822,23.48227],[120.447011,23.482284],[120.447005,23.482314],[120.446984,23.482315],[120.446946,23.482346],[120.446819,23.482325]]]}},{"type":"Feature","id":"w945522905","properties":{"kind":"building","category":"yes","name":null,"area_m2":68.5,"centroid":[120.447392,23.480605]},"geometry":{"type":"Polygon","coordinates":[[[120.447355,23.480649],[120.447362,23.480557],[120.447428,23.480562],[120.447421,23.480653],[120.447355,23.480649]]]}},{"type":"Feature","id":"w945522906","properties":{"kind":"building","category":"yes","name":null,"area_m2":78.8,"centroid":[120.447301,23.480611]},"geometry":{"type":"Polygon","coordinates":[[[120.447354,23.480649],[120.447358,23.480579],[120.447251,23.48057],[120.44725,23.480613],[120.447292,23.480646],[120.447354,23.480649]]]}},{"type":"Feature","id":"w945522907","properties":{"kind":"building","category":"yes","name":"加揚中正大樓","area_m2":335.4,"centroid":[120.447514,23.480574]},"geometry":{"type":"Polygon","coordinates":[[[120.44759,23.480668],[120.447607,23.480493],[120.447439,23.480479],[120.447422,23.480655],[120.44759,23.480668]]]}},{"type":"Feature","id":"w945522908","properties":{"kind":"building","category":"yes","name":null,"area_m2":296.4,"centroid":[120.448235,23.480675]},"geometry":{"type":"Polygon","coordinates":[[[120.448113,23.480719],[120.448124,23.48058],[120.448316,23.480594],[120.448306,23.480715],[120.448275,23.480712],[120.448274,23.480731],[120.448113,23.480719]]]}},{"type":"Feature","id":"w945522909","properties":{"kind":"building","category":"yes","name":null,"area_m2":253.4,"centroid":[120.44846,23.480924]},"geometry":{"type":"Polygon","coordinates":[[[120.448382,23.480999],[120.448404,23.480834],[120.448535,23.480848],[120.448519,23.481014],[120.448382,23.480999]]]}},{"type":"Feature","id":"w945522910","properties":{"kind":"building","category":"yes","name":null,"area_m2":139.3,"centroid":[120.44832,23.481566]},"geometry":{"type":"Polygon","coordinates":[[[120.448388,23.481618],[120.448404,23.48154],[120.448252,23.481514],[120.448236,23.481593],[120.448388,23.481618]]]}},{"type":"Feature","id":"w945522911","properties":{"kind":"building","category":"yes","name":null,"area_m2":82.9,"centroid":[120.447185,23.482095]},"geometry":{"type":"Polygon","coordinates":[[[120.447147,23.482147],[120.44715,23.482119],[120.447174,23.482121],[120.447185,23.482014],[120.447234,23.482018],[120.44722,23.482153],[120.447147,23.482147]]]}},{"type":"Feature","id":"w945522912","properties":{"kind":"building","category":"yes","name":null,"area_m2":288.4,"centroid":[120.44828,23.482208]},"geometry":{"type":"Polygon","coordinates":[[[120.4482,23.482298],[120.448235,23.482099],[120.44836,23.482118],[120.448326,23.482316],[120.4482,23.482298]]]}},{"type":"Feature","id":"w945523394","properties":{"kind":"building","category":"yes","name":"中正包子","area_m2":56.8,"centroid":[120.447094,23.480957]},"geometry":{"type":"Polygon","coordinates":[[[120.447052,23.480927],[120.447138,23.480929],[120.447137,23.480987],[120.447051,23.480986],[120.447052,23.480927]]]}},{"type":"Feature","id":"w945523395","properties":{"kind":"building","category":"yes","name":null,"area_m2":65.8,"centroid":[120.447093,23.481131]},"geometry":{"type":"Polygon","coordinates":[[[120.447046,23.481162],[120.447049,23.481098],[120.44714,23.4811],[120.447137,23.481164],[120.447046,23.481162]]]}},{"type":"Feature","id":"w945523396","properties":{"kind":"building","category":"yes","name":null,"area_m2":230.1,"centroid":[120.447865,23.480629]},"geometry":{"type":"Polygon","coordinates":[[[120.447885,23.480643],[120.447906,23.480524],[120.447822,23.480518],[120.447777,23.480656],[120.447811,23.480704],[120.447921,23.480714],[120.447933,23.480647],[120.447885,23.480643]]]}},{"type":"Feature","id":"w945523804","properties":{"kind":"building","category":"yes","name":null,"area_m2":208.5,"centroid":[120.44859,23.479644]},"geometry":{"type":"Polygon","coordinates":[[[120.448527,23.479671],[120.44854,23.479566],[120.448675,23.479571],[120.448664,23.47971],[120.448546,23.4797],[120.448527,23.479671]]]}},{"type":"Feature","id":"w945523805","properties":{"kind":"building","category":"yes","name":null,"area_m2":539.4,"centroid":[120.449166,23.481002]},"geometry":{"type":"Polygon","coordinates":[[[120.449027,23.481118],[120.449063,23.480898],[120.449239,23.480908],[120.44927,23.480937],[120.449229,23.481148],[120.449027,23.481118]]]}},{"type":"Feature","id":"w945524187","properties":{"kind":"building","category":"yes","name":null,"area_m2":385.8,"centroid":[120.448915,23.480062]},"geometry":{"type":"Polygon","coordinates":[[[120.448856,23.479937],[120.448999,23.479949],[120.448975,23.480186],[120.448832,23.480174],[120.448856,23.479937]]]}},{"type":"Feature","id":"w945524188","properties":{"kind":"building","category":"residential","name":null,"area_m2":130.2,"centroid":[120.448049,23.479971]},"geometry":{"type":"Polygon","coordinates":[[[120.44806,23.4801],[120.448015,23.480097],[120.448039,23.479842],[120.448084,23.479846],[120.44806,23.4801]]]}},{"type":"Feature","id":"w945524189","properties":{"kind":"building","category":"residential","name":null,"area_m2":184.5,"centroid":[120.447961,23.479904]},"geometry":{"type":"Polygon","coordinates":[[[120.447893,23.479963],[120.447903,23.479835],[120.44803,23.479844],[120.44802,23.479972],[120.447893,23.479963]]]}},{"type":"Feature","id":"w945524190","properties":{"kind":"building","category":"yes","name":null,"area_m2":397.6,"centroid":[120.448212,23.480427]},"geometry":{"type":"Polygon","coordinates":[[[120.448132,23.480471],[120.448144,23.480299],[120.448327,23.480309],[120.448314,23.480507],[120.448176,23.480499],[120.448178,23.480474],[120.448132,23.480471]]]}},{"type":"Feature","id":"w945524191","properties":{"kind":"building","category":"yes","name":null,"area_m2":141.4,"centroid":[120.448367,23.479662]},"geometry":{"type":"Polygon","coordinates":[[[120.448284,23.479616],[120.448435,23.479616],[120.448434,23.479671],[120.448397,23.479706],[120.448283,23.479699],[120.448284,23.479616]]]}},{"type":"Feature","id":"w946217582","properties":{"kind":"building","category":"yes","name":null,"area_m2":421.9,"centroid":[120.447897,23.4849]},"geometry":{"type":"Polygon","coordinates":[[[120.447996,23.484989],[120.448046,23.484865],[120.44774,23.484759],[120.447697,23.484862],[120.447955,23.484952],[120.447947,23.484972],[120.447996,23.484989]]]}},{"type":"Feature","id":"w946217583","properties":{"kind":"building","category":"yes","name":null,"area_m2":274.6,"centroid":[120.448099,23.48497]},"geometry":{"type":"Polygon","coordinates":[[[120.448001,23.485033],[120.448072,23.484862],[120.448196,23.484906],[120.448125,23.485077],[120.448001,23.485033]]]}},{"type":"Feature","id":"w946223523","properties":{"kind":"building","category":"yes","name":null,"area_m2":817.3,"centroid":[120.447434,23.485312]},"geometry":{"type":"Polygon","coordinates":[[[120.447487,23.484928],[120.447608,23.484959],[120.447439,23.485526],[120.447368,23.485508],[120.447376,23.485481],[120.447326,23.485468],[120.447487,23.484928]]]}},{"type":"Feature","id":"w946223524","properties":{"kind":"building","category":"yes","name":null,"area_m2":869.0,"centroid":[120.447648,23.484606]},"geometry":{"type":"Polygon","coordinates":[[[120.447627,23.484897],[120.447799,23.484351],[120.447669,23.484316],[120.447497,23.484862],[120.447627,23.484897]]]}},{"type":"Feature","id":"w946237719","properties":{"kind":"building","category":"yes","name":null,"area_m2":338.2,"centroid":[120.447892,23.484527]},"geometry":{"type":"Polygon","coordinates":[[[120.447789,23.484617],[120.447875,23.484397],[120.447996,23.484437],[120.447909,23.484657],[120.447789,23.484617]]]}},{"type":"Feature","id":"w946240107","properties":{"kind":"building","category":"yes","name":null,"area_m2":489.9,"centroid":[120.449708,23.485512]},"geometry":{"type":"Polygon","coordinates":[[[120.449514,23.485473],[120.449578,23.485374],[120.449902,23.485551],[120.449838,23.48565],[120.449514,23.485473]]]}},{"type":"Feature","id":"w946368946","properties":{"kind":"building","category":"yes","name":null,"area_m2":77.9,"centroid":[120.448049,23.484195]},"geometry":{"type":"Polygon","coordinates":[[[120.447993,23.484272],[120.44807,23.484105],[120.448105,23.484118],[120.448028,23.484286],[120.447993,23.484272]]]}},{"type":"Feature","id":"w946368947","properties":{"kind":"building","category":"yes","name":null,"area_m2":230.6,"centroid":[120.448252,23.484273]},"geometry":{"type":"Polygon","coordinates":[[[120.448162,23.484336],[120.448239,23.48417],[120.448343,23.48421],[120.448266,23.484377],[120.448162,23.484336]]]}},{"type":"Feature","id":"w946372249","properties":{"kind":"building","category":"yes","name":null,"area_m2":49.0,"centroid":[120.448496,23.483933]},"geometry":{"type":"Polygon","coordinates":[[[120.4485,23.483985],[120.448534,23.483895],[120.448491,23.483881],[120.448457,23.483971],[120.4485,23.483985]]]}},{"type":"Feature","id":"w946372250","properties":{"kind":"building","category":"yes","name":null,"area_m2":83.4,"centroid":[120.448436,23.483912]},"geometry":{"type":"Polygon","coordinates":[[[120.448455,23.483968],[120.44849,23.48388],[120.448416,23.483855],[120.448381,23.483943],[120.448455,23.483968]]]}},{"type":"Feature","id":"w946372251","properties":{"kind":"building","category":"yes","name":null,"area_m2":121.0,"centroid":[120.448366,23.483861]},"geometry":{"type":"Polygon","coordinates":[[[120.448283,23.483903],[120.448331,23.4838],[120.448401,23.483828],[120.448392,23.483845],[120.448415,23.483853],[120.448375,23.483939],[120.448283,23.483903]]]}},{"type":"Feature","id":"w946372252","properties":{"kind":"building","category":"yes","name":null,"area_m2":51.2,"centroid":[120.448541,23.483956]},"geometry":{"type":"Polygon","coordinates":[[[120.448502,23.483987],[120.448539,23.483895],[120.448589,23.483907],[120.448565,23.483965],[120.448533,23.483989],[120.448519,23.483991],[120.448502,23.483987]]]}},{"type":"Feature","id":"w946372253","properties":{"kind":"building","category":"yes","name":null,"area_m2":89.3,"centroid":[120.448489,23.483852]},"geometry":{"type":"Polygon","coordinates":[[[120.448577,23.483903],[120.448594,23.483858],[120.448517,23.483834],[120.448424,23.483805],[120.448415,23.483831],[120.448445,23.48384],[120.448438,23.48386],[120.448505,23.483881],[120.448577,23.483903]]]}},{"type":"Feature","id":"w946372254","properties":{"kind":"building","category":"yes","name":null,"area_m2":221.1,"centroid":[120.44847,23.483784]},"geometry":{"type":"Polygon","coordinates":[[[120.448343,23.483756],[120.44836,23.483711],[120.448612,23.483764],[120.448596,23.483852],[120.448453,23.483811],[120.448453,23.483809],[120.448343,23.483756]]]}},{"type":"Feature","id":"w946372255","properties":{"kind":"building","category":"yes","name":null,"area_m2":749.8,"centroid":[120.448413,23.48367]},"geometry":{"type":"Polygon","coordinates":[[[120.448622,23.483757],[120.448659,23.483584],[120.448301,23.483519],[120.448256,23.483723],[120.448317,23.483734],[120.448324,23.483703],[120.448622,23.483757]]]}},{"type":"Feature","id":"w946372256","properties":{"kind":"building","category":"yes","name":null,"area_m2":75.3,"centroid":[120.44877,23.484094]},"geometry":{"type":"Polygon","coordinates":[[[120.448832,23.484145],[120.448846,23.484088],[120.448704,23.484054],[120.448698,23.484087],[120.448832,23.484145]]]}},{"type":"Feature","id":"w946372257","properties":{"kind":"building","category":"yes","name":null,"area_m2":199.7,"centroid":[120.448791,23.484019]},"geometry":{"type":"Polygon","coordinates":[[[120.448857,23.484091],[120.448888,23.48399],[120.448725,23.483948],[120.448695,23.484049],[120.448857,23.484091]]]}},{"type":"Feature","id":"w946374986","properties":{"kind":"building","category":"yes","name":null,"area_m2":418.2,"centroid":[120.447292,23.483347]},"geometry":{"type":"Polygon","coordinates":[[[120.447176,23.483428],[120.447218,23.483232],[120.447348,23.483255],[120.447345,23.483269],[120.447412,23.483281],[120.447377,23.483449],[120.447231,23.483423],[120.447228,23.483437],[120.447176,23.483428]]]}},{"type":"Feature","id":"w946374987","properties":{"kind":"building","category":"yes","name":null,"area_m2":260.6,"centroid":[120.447431,23.483445]},"geometry":{"type":"Polygon","coordinates":[[[120.447356,23.483516],[120.447405,23.483426],[120.447386,23.483418],[120.447425,23.483346],[120.44755,23.483402],[120.447463,23.483564],[120.447356,23.483516]]]}},{"type":"Feature","id":"w946374988","properties":{"kind":"building","category":"yes","name":null,"area_m2":474.0,"centroid":[120.447605,23.483542]},"geometry":{"type":"Polygon","coordinates":[[[120.447678,23.483676],[120.447735,23.483457],[120.447544,23.483438],[120.447462,23.483599],[120.447678,23.483676]]]}},{"type":"Feature","id":"w946374989","properties":{"kind":"building","category":"yes","name":"嘉義樂客商旅","area_m2":544.8,"centroid":[120.447907,23.483731]},"geometry":{"type":"Polygon","coordinates":[[[120.447798,23.483713],[120.447821,23.483604],[120.448118,23.483669],[120.448063,23.483846],[120.447911,23.48379],[120.44783,23.483759],[120.447807,23.483737],[120.447798,23.483713]]]}},{"type":"Feature","id":"w946374990","properties":{"kind":"building","category":"yes","name":null,"area_m2":94.3,"centroid":[120.447959,23.484166]},"geometry":{"type":"Polygon","coordinates":[[[120.447901,23.484239],[120.447974,23.484076],[120.448018,23.484093],[120.447945,23.484255],[120.447901,23.484239]]]}},{"type":"Feature","id":"w946374991","properties":{"kind":"building","category":"yes","name":null,"area_m2":89.5,"centroid":[120.448003,23.484188]},"geometry":{"type":"Polygon","coordinates":[[[120.447946,23.484267],[120.44802,23.484095],[120.44806,23.48411],[120.447986,23.484281],[120.447946,23.484267]]]}},{"type":"Feature","id":"w946374992","properties":{"kind":"building","category":"yes","name":null,"area_m2":211.7,"centroid":[120.447562,23.484003]},"geometry":{"type":"Polygon","coordinates":[[[120.447459,23.484072],[120.44753,23.483917],[120.447577,23.483941],[120.447612,23.483977],[120.447626,23.484],[120.44757,23.484113],[120.447459,23.484072]]]}},{"type":"Feature","id":"w946374993","properties":{"kind":"building","category":"yes","name":"大恩整體自然醫學診所","area_m2":188.3,"centroid":[120.44789,23.484123]},"geometry":{"type":"Polygon","coordinates":[[[120.447808,23.484173],[120.44787,23.484034],[120.447973,23.484073],[120.44791,23.484212],[120.447808,23.484173]]]}},{"type":"Feature","id":"w946375950","properties":{"kind":"building","category":"yes","name":"FitGo 初發趣體能運動空間","area_m2":143.0,"centroid":[120.44891,23.4841]},"geometry":{"type":"Polygon","coordinates":[[[120.448937,23.484173],[120.448982,23.48406],[120.448883,23.484027],[120.448838,23.48414],[120.448937,23.484173]]]}},{"type":"Feature","id":"w946378369","properties":{"kind":"building","category":"yes","name":null,"area_m2":183.1,"centroid":[120.449864,23.484424]},"geometry":{"type":"Polygon","coordinates":[[[120.449942,23.484349],[120.449864,23.48432],[120.449786,23.484499],[120.449864,23.484528],[120.449942,23.484349]]]}},{"type":"Feature","id":"w946378370","properties":{"kind":"building","category":"yes","name":null,"area_m2":165.5,"centroid":[120.449892,23.484257]},"geometry":{"type":"Polygon","coordinates":[[[120.449741,23.484278],[120.449754,23.484213],[120.449915,23.484241],[120.449918,23.484225],[120.44996,23.484237],[120.449969,23.484254],[120.449951,23.484295],[120.449924,23.484311],[120.449741,23.484278]]]}},{"type":"Feature","id":"w946378371","properties":{"kind":"building","category":"yes","name":null,"area_m2":178.7,"centroid":[120.449764,23.484412]},"geometry":{"type":"Polygon","coordinates":[[[120.449709,23.484435],[120.449744,23.484284],[120.449851,23.484315],[120.44979,23.484449],[120.449767,23.484469],[120.449749,23.484469],[120.449735,23.484461],[120.449709,23.484435]]]}},{"type":"Feature","id":"w946378372","properties":{"kind":"building","category":"yes","name":null,"area_m2":99.1,"centroid":[120.449582,23.484354]},"geometry":{"type":"Polygon","coordinates":[[[120.449499,23.48436],[120.449518,23.484304],[120.449648,23.484336],[120.449642,23.484368],[120.449601,23.484401],[120.449499,23.48436]]]}},{"type":"Feature","id":"w946378373","properties":{"kind":"building","category":"yes","name":"全國電子","area_m2":283.9,"centroid":[120.4494,23.484262]},"geometry":{"type":"Polygon","coordinates":[[[120.449487,23.48435],[120.449529,23.484248],[120.449312,23.484174],[120.449271,23.484276],[120.449487,23.48435]]]}},{"type":"Feature","id":"w946378374","properties":{"kind":"building","category":"yes","name":"鑫隆電子遊藝場","area_m2":204.7,"centroid":[120.449214,23.484183]},"geometry":{"type":"Polygon","coordinates":[[[120.449116,23.484208],[120.449159,23.484104],[120.449312,23.484158],[120.449269,23.484261],[120.449116,23.484208]]]}},{"type":"Feature","id":"w946378375","properties":{"kind":"building","category":"yes","name":"玩很大資訊電競館","area_m2":207.7,"centroid":[120.449053,23.484128]},"geometry":{"type":"Polygon","coordinates":[[[120.449116,23.484203],[120.449153,23.484102],[120.448989,23.484052],[120.448953,23.484154],[120.449116,23.484203]]]}},{"type":"Feature","id":"w946383340","properties":{"kind":"building","category":"yes","name":null,"area_m2":273.3,"centroid":[120.450182,23.48455]},"geometry":{"type":"Polygon","coordinates":[[[120.450217,23.484651],[120.450285,23.484502],[120.450146,23.484449],[120.450079,23.484598],[120.450217,23.484651]]]}},{"type":"Feature","id":"w946383341","properties":{"kind":"building","category":"yes","name":null,"area_m2":86.4,"centroid":[120.450359,23.48469]},"geometry":{"type":"Polygon","coordinates":[[[120.450291,23.484699],[120.450319,23.484639],[120.450427,23.484681],[120.450399,23.484741],[120.450291,23.484699]]]}},{"type":"Feature","id":"w946383342","properties":{"kind":"building","category":"yes","name":null,"area_m2":110.0,"centroid":[120.451122,23.48492]},"geometry":{"type":"Polygon","coordinates":[[[120.45112,23.485025],[120.45117,23.484824],[120.451124,23.484814],[120.451074,23.485015],[120.45112,23.485025]]]}},{"type":"Feature","id":"w946383343","properties":{"kind":"building","category":"yes","name":null,"area_m2":186.8,"centroid":[120.450926,23.48483]},"geometry":{"type":"Polygon","coordinates":[[[120.450944,23.484931],[120.450993,23.484748],[120.450908,23.484728],[120.450859,23.484912],[120.450944,23.484931]]]}},{"type":"Feature","id":"w946383344","properties":{"kind":"building","category":"yes","name":null,"area_m2":245.1,"centroid":[120.450776,23.484824]},"geometry":{"type":"Polygon","coordinates":[[[120.450843,23.484912],[120.450887,23.484783],[120.450723,23.484731],[120.450698,23.484822],[120.450728,23.484872],[120.450843,23.484912]]]}},{"type":"Feature","id":"w946383345","properties":{"kind":"building","category":"yes","name":"石頭炭火燒肉","area_m2":303.7,"centroid":[120.450543,23.484713]},"geometry":{"type":"Polygon","coordinates":[[[120.450614,23.484824],[120.450676,23.484651],[120.450587,23.484624],[120.450551,23.484726],[120.450427,23.484689],[120.450401,23.484761],[120.450614,23.484824]]]}},{"type":"Feature","id":"w946383347","properties":{"kind":"building","category":"temple","name":"大眾爺公祠","area_m2":51.9,"centroid":[120.448984,23.485627]},"geometry":{"type":"Polygon","coordinates":[[[120.44894,23.485649],[120.448966,23.485584],[120.449028,23.485604],[120.449002,23.48567],[120.44894,23.485649]]]}},{"type":"Feature","id":"w946386380","properties":{"kind":"building","category":"industrial","name":"阿里山森林鐵路修理工廠","area_m2":1495.8,"centroid":[120.45204,23.486361]},"geometry":{"type":"Polygon","coordinates":[[[120.451715,23.486304],[120.451837,23.486121],[120.452365,23.486418],[120.452243,23.4866],[120.451715,23.486304]]]}},{"type":"Feature","id":"w946717294","properties":{"kind":"building","category":"residential","name":null,"area_m2":422.7,"centroid":[120.452917,23.492999]},"geometry":{"type":"Polygon","coordinates":[[[120.452817,23.493127],[120.452841,23.492979],[120.452883,23.492854],[120.452947,23.492847],[120.452979,23.492893],[120.452968,23.493013],[120.452955,23.493096],[120.452949,23.493183],[120.452817,23.493127]]]}},{"type":"Feature","id":"w946717295","properties":{"kind":"building","category":"yes","name":null,"area_m2":696.2,"centroid":[120.451872,23.492703]},"geometry":{"type":"Polygon","coordinates":[[[120.451724,23.492803],[120.451757,23.492571],[120.452019,23.492603],[120.451986,23.492834],[120.451724,23.492803]]]}},{"type":"Feature","id":"w946717296","properties":{"kind":"building","category":"hotel","name":"承億文旅","area_m2":419.6,"centroid":[120.452944,23.493666]},"geometry":{"type":"Polygon","coordinates":[[[120.452805,23.493703],[120.452869,23.493552],[120.453083,23.493628],[120.453019,23.493779],[120.452805,23.493703]]]}},{"type":"Feature","id":"w946723401","properties":{"kind":"building","category":"yes","name":null,"area_m2":749.8,"centroid":[120.452543,23.489824]},"geometry":{"type":"Polygon","coordinates":[[[120.452386,23.489798],[120.452413,23.489692],[120.452539,23.489701],[120.452535,23.489758],[120.452745,23.489769],[120.452718,23.489924],[120.452641,23.489952],[120.452532,23.489938],[120.45238,23.489887],[120.452386,23.489798]]]}},{"type":"Feature","id":"w946723403","properties":{"kind":"building","category":"yes","name":null,"area_m2":100.2,"centroid":[120.452697,23.489712]},"geometry":{"type":"Polygon","coordinates":[[[120.452641,23.489749],[120.452654,23.489661],[120.452753,23.489674],[120.45274,23.489762],[120.452641,23.489749]]]}},{"type":"Feature","id":"w946723404","properties":{"kind":"building","category":"yes","name":null,"area_m2":62.2,"centroid":[120.452707,23.48963]},"geometry":{"type":"Polygon","coordinates":[[[120.452638,23.489645],[120.452643,23.489604],[120.452776,23.489616],[120.452771,23.489657],[120.452638,23.489645]]]}},{"type":"Feature","id":"w946723405","properties":{"kind":"building","category":"yes","name":null,"area_m2":35.6,"centroid":[120.452732,23.489584]},"geometry":{"type":"Polygon","coordinates":[[[120.452784,23.489605],[120.452788,23.489576],[120.452681,23.489563],[120.452677,23.489592],[120.452784,23.489605]]]}},{"type":"Feature","id":"w946723406","properties":{"kind":"building","category":"yes","name":null,"area_m2":33.8,"centroid":[120.452758,23.489537]},"geometry":{"type":"Polygon","coordinates":[[[120.452787,23.489561],[120.452788,23.489493],[120.452699,23.489556],[120.452787,23.489561]]]}},{"type":"Feature","id":"w946723407","properties":{"kind":"building","category":"yes","name":null,"area_m2":291.5,"centroid":[120.452624,23.489491]},"geometry":{"type":"Polygon","coordinates":[[[120.45276,23.489487],[120.45254,23.489589],[120.452489,23.489499],[120.452707,23.489391],[120.45276,23.489487]]]}},{"type":"Feature","id":"w946723408","properties":{"kind":"building","category":"retail","name":"全國電子","area_m2":899.3,"centroid":[120.453314,23.492279]},"geometry":{"type":"Polygon","coordinates":[[[120.452988,23.49233],[120.453003,23.492145],[120.453398,23.492165],[120.453384,23.492258],[120.453488,23.492268],[120.453471,23.492367],[120.453392,23.492365],[120.453391,23.492336],[120.452988,23.49233]]]}},{"type":"Feature","id":"w946723409","properties":{"kind":"building","category":"retail","name":"全聯福利中心","area_m2":996.4,"centroid":[120.453345,23.492113]},"geometry":{"type":"Polygon","coordinates":[[[120.453003,23.49214],[120.453038,23.49196],[120.453321,23.491997],[120.453432,23.492025],[120.453518,23.492062],[120.453513,23.492157],[120.453486,23.492263],[120.453387,23.492255],[120.453403,23.492162],[120.453003,23.49214]]]}},{"type":"Feature","id":"w946723410","properties":{"kind":"building","category":"residential","name":null,"area_m2":258.2,"centroid":[120.453079,23.493066]},"geometry":{"type":"Polygon","coordinates":[[[120.453134,23.493201],[120.453203,23.493164],[120.453001,23.492901],[120.452976,23.492996],[120.453134,23.493201]]]}},{"type":"Feature","id":"w946723411","properties":{"kind":"building","category":"residential","name":null,"area_m2":248.7,"centroid":[120.453433,23.4932]},"geometry":{"type":"Polygon","coordinates":[[[120.453534,23.493258],[120.45343,23.49309],[120.453331,23.493142],[120.453435,23.49331],[120.453534,23.493258]]]}},{"type":"Feature","id":"w946723412","properties":{"kind":"building","category":"residential","name":null,"area_m2":157.5,"centroid":[120.453077,23.492645]},"geometry":{"type":"Polygon","coordinates":[[[120.453001,23.492685],[120.452972,23.492606],[120.453168,23.492607],[120.453165,23.492683],[120.453001,23.492685]]]}},{"type":"Feature","id":"w946723413","properties":{"kind":"building","category":"residential","name":null,"area_m2":316.0,"centroid":[120.453059,23.492514]},"geometry":{"type":"Polygon","coordinates":[[[120.452979,23.492601],[120.452979,23.492426],[120.453139,23.492426],[120.453139,23.492601],[120.452979,23.492601]]]}},{"type":"Feature","id":"w946729361","properties":{"kind":"building","category":"yes","name":"耍廢特區","area_m2":268.6,"centroid":[120.454936,23.48913]},"geometry":{"type":"Polygon","coordinates":[[[120.454986,23.489231],[120.455011,23.489043],[120.454886,23.489029],[120.454862,23.489218],[120.454986,23.489231]]]}},{"type":"Feature","id":"w946736390","properties":{"kind":"building","category":"yes","name":null,"area_m2":512.3,"centroid":[120.453566,23.488855]},"geometry":{"type":"Polygon","coordinates":[[[120.453495,23.48868],[120.453621,23.488692],[120.453602,23.488854],[120.453618,23.488881],[120.453607,23.489021],[120.453453,23.489004],[120.453495,23.48868]]]}},{"type":"Feature","id":"w946736392","properties":{"kind":"building","category":"yes","name":null,"area_m2":385.3,"centroid":[120.450637,23.489384]},"geometry":{"type":"Polygon","coordinates":[[[120.450553,23.489485],[120.450552,23.489283],[120.450721,23.489282],[120.450722,23.489484],[120.450553,23.489485]]]}},{"type":"Feature","id":"w946736393","properties":{"kind":"building","category":"yes","name":null,"area_m2":446.0,"centroid":[120.450617,23.489132]},"geometry":{"type":"Polygon","coordinates":[[[120.450545,23.488998],[120.450693,23.488999],[120.45069,23.489266],[120.450542,23.489265],[120.450545,23.488998]]]}},{"type":"Feature","id":"w946736394","properties":{"kind":"building","category":"yes","name":null,"area_m2":766.5,"centroid":[120.45066,23.488793]},"geometry":{"type":"Polygon","coordinates":[[[120.45054,23.488651],[120.450774,23.488646],[120.450781,23.488936],[120.450546,23.48894],[120.45054,23.488651]]]}},{"type":"Feature","id":"w946736395","properties":{"kind":"building","category":"yes","name":null,"area_m2":523.6,"centroid":[120.451422,23.489249]},"geometry":{"type":"Polygon","coordinates":[[[120.451471,23.489429],[120.451504,23.489079],[120.451373,23.489068],[120.451339,23.489418],[120.451471,23.489429]]]}},{"type":"Feature","id":"w946736396","properties":{"kind":"building","category":"yes","name":null,"area_m2":3390.3,"centroid":[120.450999,23.489178]},"geometry":{"type":"Polygon","coordinates":[[[120.450896,23.488687],[120.45121,23.488754],[120.451111,23.489656],[120.450781,23.489615],[120.450896,23.488687]]]}},{"type":"Feature","id":"w946736397","properties":{"kind":"building","category":"yes","name":null,"area_m2":269.0,"centroid":[120.454679,23.489137]},"geometry":{"type":"Polygon","coordinates":[[[120.454761,23.489223],[120.454782,23.489079],[120.45465,23.489066],[120.454609,23.489109],[120.454593,23.48921],[120.454761,23.489223]]]}},{"type":"Feature","id":"w946736398","properties":{"kind":"building","category":"yes","name":null,"area_m2":60.4,"centroid":[120.454626,23.489012]},"geometry":{"type":"Polygon","coordinates":[[[120.454652,23.489058],[120.454661,23.488971],[120.4546,23.488966],[120.454591,23.489053],[120.454652,23.489058]]]}},{"type":"Feature","id":"w946736399","properties":{"kind":"building","category":"yes","name":null,"area_m2":816.0,"centroid":[120.454726,23.488772]},"geometry":{"type":"Polygon","coordinates":[[[120.454815,23.488952],[120.454848,23.488603],[120.454645,23.488598],[120.454598,23.488933],[120.454815,23.488952]]]}},{"type":"Feature","id":"w946736400","properties":{"kind":"building","category":"yes","name":null,"area_m2":206.4,"centroid":[120.453416,23.489711]},"geometry":{"type":"Polygon","coordinates":[[[120.453471,23.489788],[120.453493,23.48965],[120.45336,23.489638],[120.453338,23.48977],[120.453471,23.489788]]]}},{"type":"Feature","id":"w946736401","properties":{"kind":"building","category":"yes","name":null,"area_m2":263.2,"centroid":[120.453454,23.489503]},"geometry":{"type":"Polygon","coordinates":[[[120.453509,23.489595],[120.453533,23.489427],[120.453402,23.489409],[120.453372,23.489583],[120.453509,23.489595]]]}},{"type":"Feature","id":"w946736402","properties":{"kind":"building","category":"temple","name":"上帝廟","area_m2":101.6,"centroid":[120.453476,23.489358]},"geometry":{"type":"Polygon","coordinates":[[[120.453399,23.489382],[120.453406,23.489321],[120.453552,23.489335],[120.453545,23.489396],[120.453399,23.489382]]]}},{"type":"Feature","id":"w946736403","properties":{"kind":"building","category":"temple","name":"上帝廟","area_m2":129.1,"centroid":[120.45348,23.48925]},"geometry":{"type":"Polygon","coordinates":[[[120.45341,23.489302],[120.453434,23.489225],[120.453473,23.489234],[120.453484,23.489203],[120.453553,23.489216],[120.453527,23.489323],[120.45341,23.489302]]]}},{"type":"Feature","id":"w946736404","properties":{"kind":"building","category":"yes","name":null,"area_m2":148.5,"centroid":[120.453936,23.489261]},"geometry":{"type":"Polygon","coordinates":[[[120.453887,23.489341],[120.453906,23.489174],[120.453984,23.489181],[120.453965,23.489348],[120.453887,23.489341]]]}},{"type":"Feature","id":"w946736405","properties":{"kind":"building","category":"yes","name":null,"area_m2":133.6,"centroid":[120.454019,23.489274]},"geometry":{"type":"Polygon","coordinates":[[[120.453975,23.489354],[120.453992,23.489187],[120.454062,23.489193],[120.454045,23.489361],[120.453975,23.489354]]]}},{"type":"Feature","id":"w946740023","properties":{"kind":"building","category":"yes","name":null,"area_m2":355.0,"centroid":[120.456417,23.494864]},"geometry":{"type":"Polygon","coordinates":[[[120.456257,23.494853],[120.456351,23.494748],[120.456554,23.494836],[120.45649,23.49496],[120.456432,23.494923],[120.456257,23.494853]]]}},{"type":"Feature","id":"w946740024","properties":{"kind":"building","category":"yes","name":null,"area_m2":136.4,"centroid":[120.456291,23.494343]},"geometry":{"type":"Polygon","coordinates":[[[120.456352,23.494414],[120.456388,23.494357],[120.456231,23.494272],[120.456193,23.494328],[120.456352,23.494414]]]}},{"type":"Feature","id":"w946740025","properties":{"kind":"building","category":"yes","name":null,"area_m2":283.5,"centroid":[120.456339,23.494255]},"geometry":{"type":"Polygon","coordinates":[[[120.456395,23.494355],[120.456457,23.494255],[120.456286,23.494148],[120.456218,23.494262],[120.456395,23.494355]]]}},{"type":"Feature","id":"w946740026","properties":{"kind":"building","category":"yes","name":null,"area_m2":1512.8,"centroid":[120.455836,23.494607]},"geometry":{"type":"Polygon","coordinates":[[[120.455542,23.494635],[120.455578,23.494576],[120.455822,23.494425],[120.456218,23.4946],[120.456022,23.494798],[120.455542,23.494635]]]}},{"type":"Feature","id":"w946740027","properties":{"kind":"building","category":"yes","name":null,"area_m2":114.0,"centroid":[120.456193,23.494513]},"geometry":{"type":"Polygon","coordinates":[[[120.456227,23.494575],[120.456269,23.494504],[120.456155,23.494447],[120.456123,23.494525],[120.456227,23.494575]]]}},{"type":"Feature","id":"w946740028","properties":{"kind":"building","category":"yes","name":null,"area_m2":177.3,"centroid":[120.456247,23.494428]},"geometry":{"type":"Polygon","coordinates":[[[120.456302,23.494506],[120.456348,23.494428],[120.456192,23.494351],[120.456146,23.494429],[120.456302,23.494506]]]}},{"type":"Feature","id":"w946740029","properties":{"kind":"building","category":"yes","name":null,"area_m2":146.2,"centroid":[120.456395,23.494134]},"geometry":{"type":"Polygon","coordinates":[[[120.456278,23.4941],[120.456309,23.494054],[120.456512,23.494167],[120.456481,23.494214],[120.456278,23.4941]]]}},{"type":"Feature","id":"w946740030","properties":{"kind":"building","category":"yes","name":null,"area_m2":65.7,"centroid":[120.45643,23.494091]},"geometry":{"type":"Polygon","coordinates":[[[120.456315,23.494036],[120.456332,23.494009],[120.456489,23.494119],[120.456507,23.494134],[120.456509,23.494158],[120.456315,23.494036]]]}},{"type":"Feature","id":"w946742289","properties":{"kind":"building","category":"residential","name":null,"area_m2":209.0,"centroid":[120.453186,23.49337]},"geometry":{"type":"Polygon","coordinates":[[[120.453088,23.493336],[120.453184,23.493274],[120.453283,23.493403],[120.453187,23.493465],[120.453088,23.493336]]]}},{"type":"Feature","id":"w946742291","properties":{"kind":"building","category":"yes","name":null,"area_m2":700.8,"centroid":[120.455295,23.495587]},"geometry":{"type":"Polygon","coordinates":[[[120.455125,23.495615],[120.455498,23.495389],[120.455579,23.495494],[120.455154,23.495747],[120.455117,23.495692],[120.455125,23.495615]]]}},{"type":"Feature","id":"w946742292","properties":{"kind":"building","category":"yes","name":null,"area_m2":874.0,"centroid":[120.45508,23.495277]},"geometry":{"type":"Polygon","coordinates":[[[120.454882,23.495319],[120.45517,23.495144],[120.455154,23.495127],[120.455205,23.495128],[120.455283,23.49514],[120.455345,23.495251],[120.455007,23.495443],[120.454971,23.495447],[120.454917,23.495425],[120.45487,23.495349],[120.454882,23.495319]]]}},{"type":"Feature","id":"w946742293","properties":{"kind":"building","category":"yes","name":null,"area_m2":471.2,"centroid":[120.456298,23.49498]},"geometry":{"type":"Polygon","coordinates":[[[120.456349,23.4951],[120.456395,23.494991],[120.456379,23.494982],[120.456388,23.494937],[120.456227,23.49488],[120.45605,23.494992],[120.456349,23.4951]]]}},{"type":"Feature","id":"w946742294","properties":{"kind":"building","category":"temple","name":"嘉邑代天府","area_m2":88.0,"centroid":[120.455923,23.495133]},"geometry":{"type":"Polygon","coordinates":[[[120.455939,23.495194],[120.455989,23.495057],[120.455842,23.495148],[120.455939,23.495194]]]}},{"type":"Feature","id":"w946742295","properties":{"kind":"building","category":"yes","name":null,"area_m2":540.9,"centroid":[120.456049,23.4954]},"geometry":{"type":"Polygon","coordinates":[[[120.455822,23.495206],[120.455866,23.495181],[120.456283,23.49548],[120.456188,23.495533],[120.456155,23.495483],[120.456093,23.495507],[120.45601,23.495399],[120.455976,23.495409],[120.455822,23.495206]]]}},{"type":"Feature","id":"w946742296","properties":{"kind":"building","category":"yes","name":null,"area_m2":443.0,"centroid":[120.455693,23.495345]},"geometry":{"type":"Polygon","coordinates":[[[120.45562,23.495474],[120.455534,23.495357],[120.455767,23.495216],[120.455852,23.495333],[120.45562,23.495474]]]}},{"type":"Feature","id":"w946742297","properties":{"kind":"building","category":"yes","name":null,"area_m2":203.1,"centroid":[120.456212,23.494047]},"geometry":{"type":"Polygon","coordinates":[[[120.456119,23.49409],[120.456174,23.494011],[120.456168,23.494008],[120.456206,23.493953],[120.456313,23.494015],[120.456264,23.494085],[120.456248,23.494076],[120.456204,23.49414],[120.456119,23.49409]]]}},{"type":"Feature","id":"w946758168","properties":{"kind":"building","category":"yes","name":null,"area_m2":384.0,"centroid":[120.450519,23.480016]},"geometry":{"type":"Polygon","coordinates":[[[120.450542,23.480172],[120.450656,23.47994],[120.450571,23.479905],[120.450556,23.479937],[120.450507,23.479916],[120.450435,23.480061],[120.450457,23.48007],[120.45043,23.480125],[120.450542,23.480172]]]}},{"type":"Feature","id":"w946758169","properties":{"kind":"building","category":"yes","name":null,"area_m2":605.6,"centroid":[120.450282,23.479679]},"geometry":{"type":"Polygon","coordinates":[[[120.450207,23.479636],[120.450451,23.479515],[120.450539,23.47972],[120.450255,23.479745],[120.45017,23.479769],[120.450133,23.479698],[120.45022,23.479672],[120.450207,23.479636]]]}},{"type":"Feature","id":"w946758170","properties":{"kind":"building","category":"yes","name":null,"area_m2":374.7,"centroid":[120.450011,23.480277]},"geometry":{"type":"Polygon","coordinates":[[[120.449886,23.480218],[120.449921,23.480127],[120.450139,23.480214],[120.450069,23.48039],[120.450021,23.480374],[120.450027,23.480336],[120.449886,23.480218]]]}},{"type":"Feature","id":"w946758171","properties":{"kind":"building","category":"yes","name":null,"area_m2":218.8,"centroid":[120.450148,23.480341]},"geometry":{"type":"Polygon","coordinates":[[[120.450153,23.48045],[120.450233,23.480263],[120.450143,23.480231],[120.450063,23.480418],[120.450153,23.48045]]]}},{"type":"Feature","id":"w946758172","properties":{"kind":"building","category":"yes","name":null,"area_m2":244.7,"centroid":[120.45031,23.480434]},"geometry":{"type":"Polygon","coordinates":[[[120.450354,23.480537],[120.450366,23.480512],[120.450331,23.480492],[120.450356,23.480305],[120.450304,23.480277],[120.45023,23.480423],[120.450226,23.480492],[120.450354,23.480537]]]}},{"type":"Feature","id":"w946758173","properties":{"kind":"building","category":"yes","name":null,"area_m2":123.7,"centroid":[120.45038,23.480402]},"geometry":{"type":"Polygon","coordinates":[[[120.450344,23.480488],[120.450359,23.480358],[120.450371,23.480312],[120.450447,23.480344],[120.450377,23.480508],[120.450344,23.480488]]]}},{"type":"Feature","id":"w946758174","properties":{"kind":"building","category":"yes","name":null,"area_m2":329.5,"centroid":[120.450443,23.480508]},"geometry":{"type":"Polygon","coordinates":[[[120.450389,23.480621],[120.450393,23.480556],[120.450397,23.480482],[120.450458,23.480352],[120.450573,23.480398],[120.450449,23.48064],[120.450389,23.480621]]]}},{"type":"Feature","id":"w946758175","properties":{"kind":"building","category":"yes","name":null,"area_m2":70.1,"centroid":[120.450782,23.480551]},"geometry":{"type":"Polygon","coordinates":[[[120.450789,23.480606],[120.450834,23.480521],[120.450774,23.480495],[120.45073,23.48058],[120.450789,23.480606]]]}},{"type":"Feature","id":"w946758176","properties":{"kind":"building","category":"yes","name":null,"area_m2":148.8,"centroid":[120.450693,23.480563]},"geometry":{"type":"Polygon","coordinates":[[[120.450683,23.480661],[120.450767,23.480493],[120.450702,23.480466],[120.450618,23.480634],[120.450683,23.480661]]]}},{"type":"Feature","id":"w946758177","properties":{"kind":"building","category":"yes","name":null,"area_m2":27.8,"centroid":[120.450968,23.480613]},"geometry":{"type":"Polygon","coordinates":[[[120.450967,23.480653],[120.450933,23.48064],[120.450966,23.480573],[120.450982,23.480586],[120.45099,23.480614],[120.450967,23.480653]]]}},{"type":"Feature","id":"w946758178","properties":{"kind":"building","category":"yes","name":null,"area_m2":116.6,"centroid":[120.450885,23.480581]},"geometry":{"type":"Polygon","coordinates":[[[120.450929,23.480641],[120.450963,23.48057],[120.450841,23.480521],[120.450807,23.480592],[120.450929,23.480641]]]}},{"type":"Feature","id":"w946758179","properties":{"kind":"building","category":"yes","name":"兄弟大樓","area_m2":311.6,"centroid":[120.450846,23.480231]},"geometry":{"type":"Polygon","coordinates":[[[120.450942,23.480373],[120.450998,23.480254],[120.450839,23.480191],[120.450846,23.480176],[120.450805,23.480159],[120.450786,23.480198],[120.450799,23.480203],[120.450754,23.480298],[120.450942,23.480373]]]}},{"type":"Feature","id":"w946763233","properties":{"kind":"building","category":"yes","name":null,"area_m2":291.1,"centroid":[120.452326,23.48082]},"geometry":{"type":"Polygon","coordinates":[[[120.452309,23.480825],[120.452344,23.48076],[120.452254,23.48072],[120.452271,23.480689],[120.452421,23.480757],[120.452371,23.480851],[120.452407,23.480867],[120.452346,23.480981],[120.452238,23.480933],[120.452298,23.48082],[120.452309,23.480825]]]}},{"type":"Feature","id":"w946763234","properties":{"kind":"building","category":"yes","name":null,"area_m2":86.8,"centroid":[120.451005,23.480357]},"geometry":{"type":"Polygon","coordinates":[[[120.450946,23.480378],[120.450978,23.480307],[120.451055,23.480326],[120.451041,23.480418],[120.450946,23.480378]]]}},{"type":"Feature","id":"w946763235","properties":{"kind":"building","category":"yes","name":null,"area_m2":241.9,"centroid":[120.451288,23.4803]},"geometry":{"type":"Polygon","coordinates":[[[120.451134,23.48031],[120.451149,23.480239],[120.451442,23.480291],[120.451427,23.480361],[120.451134,23.48031]]]}},{"type":"Feature","id":"w946808335","properties":{"kind":"building","category":"yes","name":null,"area_m2":23.9,"centroid":[120.460882,23.482651]},"geometry":{"type":"Polygon","coordinates":[[[120.460928,23.482663],[120.460928,23.48264],[120.460836,23.482639],[120.460836,23.482662],[120.460928,23.482663]]]}},{"type":"Feature","id":"w946808336","properties":{"kind":"building","category":"yes","name":null,"area_m2":385.5,"centroid":[120.460845,23.482541]},"geometry":{"type":"Polygon","coordinates":[[[120.460721,23.482575],[120.460731,23.482426],[120.460894,23.482444],[120.46094,23.482485],[120.46093,23.482636],[120.460847,23.482635],[120.460849,23.482586],[120.460721,23.482575]]]}},{"type":"Feature","id":"w946808338","properties":{"kind":"building","category":"yes","name":"行政執行署嘉義分署","area_m2":1194.0,"centroid":[120.458065,23.482336]},"geometry":{"type":"Polygon","coordinates":[[[120.458339,23.482406],[120.458364,23.482242],[120.457704,23.482158],[120.457677,23.482337],[120.457859,23.48236],[120.457865,23.482323],[120.458099,23.482353],[120.458096,23.482371],[120.458162,23.48238],[120.458166,23.482354],[120.458225,23.482362],[120.458221,23.482391],[120.458339,23.482406]]]}},{"type":"Feature","id":"w946808339","properties":{"kind":"building","category":"yes","name":null,"area_m2":359.0,"centroid":[120.45842,23.482532]},"geometry":{"type":"Polygon","coordinates":[[[120.458286,23.482579],[120.458306,23.482453],[120.458553,23.482485],[120.458534,23.482611],[120.458286,23.482579]]]}},{"type":"Feature","id":"w946808340","properties":{"kind":"building","category":"yes","name":"國產署嘉義辦事處","area_m2":351.8,"centroid":[120.458478,23.482315]},"geometry":{"type":"Polygon","coordinates":[[[120.458359,23.482373],[120.458582,23.482394],[120.458598,23.482256],[120.458374,23.482235],[120.458359,23.482373]]]}},{"type":"Feature","id":"w946808341","properties":{"kind":"building","category":"apartments","name":null,"area_m2":150.3,"centroid":[120.460013,23.482503]},"geometry":{"type":"Polygon","coordinates":[[[120.459942,23.482453],[120.460093,23.482467],[120.460084,23.482554],[120.459932,23.48254],[120.459942,23.482453]]]}},{"type":"Feature","id":"w946808342","properties":{"kind":"building","category":"yes","name":"嘉義縣議會會館","area_m2":409.1,"centroid":[120.456357,23.481994]},"geometry":{"type":"Polygon","coordinates":[[[120.456206,23.482061],[120.456219,23.481939],[120.456253,23.481908],[120.456547,23.481952],[120.456532,23.482014],[120.456377,23.482],[120.456366,23.482086],[120.456206,23.482061]]]}},{"type":"Feature","id":"w946810751","properties":{"kind":"building","category":"residential","name":null,"area_m2":613.3,"centroid":[120.460999,23.481016]},"geometry":{"type":"Polygon","coordinates":[[[120.460783,23.481019],[120.460803,23.480884],[120.461166,23.480928],[120.461139,23.481111],[120.461048,23.4811],[120.461055,23.481052],[120.460783,23.481019]]]}},{"type":"Feature","id":"w946810752","properties":{"kind":"building","category":"residential","name":"東洋新生商場","area_m2":353.6,"centroid":[120.46105,23.48123]},"geometry":{"type":"Polygon","coordinates":[[[120.460965,23.481336],[120.461001,23.481107],[120.461135,23.481125],[120.461099,23.481354],[120.460965,23.481336]]]}},{"type":"Feature","id":"w946810753","properties":{"kind":"building","category":"apartments","name":null,"area_m2":308.3,"centroid":[120.46086,23.481817]},"geometry":{"type":"Polygon","coordinates":[[[120.461005,23.481913],[120.461037,23.48184],[120.460715,23.481721],[120.460683,23.481794],[120.461005,23.481913]]]}},{"type":"Feature","id":"w946810754","properties":{"kind":"building","category":"yes","name":null,"area_m2":536.9,"centroid":[120.462004,23.482661]},"geometry":{"type":"Polygon","coordinates":[[[120.46171,23.482684],[120.461721,23.482571],[120.462093,23.482601],[120.462091,23.482621],[120.462137,23.482625],[120.462126,23.482738],[120.462076,23.482734],[120.462078,23.482713],[120.46171,23.482684]]]}},{"type":"Feature","id":"w946815255","properties":{"kind":"building","category":"yes","name":null,"area_m2":289.1,"centroid":[120.459958,23.477063]},"geometry":{"type":"Polygon","coordinates":[[[120.459875,23.476985],[120.460056,23.477002],[120.46004,23.477142],[120.459859,23.477125],[120.459875,23.476985]]]}},{"type":"Feature","id":"w946815256","properties":{"kind":"building","category":"yes","name":null,"area_m2":322.7,"centroid":[120.460352,23.4771]},"geometry":{"type":"Polygon","coordinates":[[[120.460235,23.477018],[120.460496,23.477032],[120.460489,23.477128],[120.460333,23.47712],[120.460331,23.477153],[120.460227,23.477147],[120.460235,23.477018]]]}},{"type":"Feature","id":"w946815257","properties":{"kind":"building","category":"yes","name":null,"area_m2":321.5,"centroid":[120.46054,23.476778]},"geometry":{"type":"Polygon","coordinates":[[[120.460435,23.476841],[120.460565,23.476855],[120.460614,23.476826],[120.460631,23.476695],[120.460457,23.476675],[120.460435,23.476841]]]}},{"type":"Feature","id":"w946815258","properties":{"kind":"building","category":"yes","name":null,"area_m2":209.0,"centroid":[120.461022,23.476073]},"geometry":{"type":"Polygon","coordinates":[[[120.460936,23.476123],[120.460951,23.476007],[120.461108,23.476024],[120.461094,23.47614],[120.460936,23.476123]]]}},{"type":"Feature","id":"w946815259","properties":{"kind":"building","category":"yes","name":null,"area_m2":526.8,"centroid":[120.461005,23.476376]},"geometry":{"type":"Polygon","coordinates":[[[120.460994,23.476158],[120.461097,23.476163],[120.461058,23.476561],[120.460931,23.476552],[120.460944,23.476446],[120.460994,23.476158]]]}},{"type":"Feature","id":"w946815260","properties":{"kind":"building","category":"yes","name":null,"area_m2":334.4,"centroid":[120.460981,23.476727]},"geometry":{"type":"Polygon","coordinates":[[[120.460947,23.47657],[120.461057,23.476578],[120.461028,23.476902],[120.460951,23.476896],[120.460968,23.476711],[120.460935,23.476708],[120.460947,23.47657]]]}},{"type":"Feature","id":"w946815262","properties":{"kind":"building","category":"yes","name":"逐鹿燒烤。","area_m2":369.6,"centroid":[120.462478,23.477168]},"geometry":{"type":"Polygon","coordinates":[[[120.462329,23.477244],[120.462347,23.477095],[120.462433,23.477096],[120.462519,23.477122],[120.46252,23.477154],[120.46258,23.477201],[120.462617,23.477261],[120.462329,23.477244]]]}},{"type":"Feature","id":"w946815263","properties":{"kind":"building","category":"yes","name":null,"area_m2":280.1,"centroid":[120.462455,23.477343]},"geometry":{"type":"Polygon","coordinates":[[[120.462352,23.477295],[120.462442,23.477261],[120.462456,23.477288],[120.4625,23.477267],[120.462561,23.477415],[120.462463,23.477454],[120.462408,23.477421],[120.462352,23.477295]]]}},{"type":"Feature","id":"w946816789","properties":{"kind":"building","category":"yes","name":null,"area_m2":117.1,"centroid":[120.460536,23.477098]},"geometry":{"type":"Polygon","coordinates":[[[120.46049,23.477173],[120.460501,23.477033],[120.460544,23.477037],[120.460576,23.477071],[120.46057,23.477177],[120.46049,23.477173]]]}},{"type":"Feature","id":"w946817626","properties":{"kind":"building","category":"yes","name":null,"area_m2":34.4,"centroid":[120.460462,23.477455]},"geometry":{"type":"Polygon","coordinates":[[[120.460518,23.477475],[120.460522,23.477449],[120.460406,23.477435],[120.460403,23.477461],[120.460518,23.477475]]]}},{"type":"Feature","id":"w946817627","properties":{"kind":"building","category":"yes","name":null,"area_m2":326.9,"centroid":[120.460425,23.477563]},"geometry":{"type":"Polygon","coordinates":[[[120.460358,23.477464],[120.460517,23.477482],[120.460493,23.477661],[120.460334,23.477644],[120.460358,23.477464]]]}},{"type":"Feature","id":"w946817628","properties":{"kind":"building","category":"yes","name":null,"area_m2":244.3,"centroid":[120.460482,23.477342]},"geometry":{"type":"Polygon","coordinates":[[[120.460525,23.477444],[120.460552,23.477255],[120.46044,23.477241],[120.460412,23.47743],[120.460525,23.477444]]]}},{"type":"Feature","id":"w946817629","properties":{"kind":"building","category":"yes","name":null,"area_m2":77.1,"centroid":[120.460511,23.477211]},"geometry":{"type":"Polygon","coordinates":[[[120.460556,23.477249],[120.460567,23.477181],[120.460469,23.477174],[120.460451,23.477238],[120.460556,23.477249]]]}},{"type":"Feature","id":"w946820053","properties":{"kind":"building","category":"apartments","name":null,"area_m2":129.4,"centroid":[120.466016,23.476783]},"geometry":{"type":"Polygon","coordinates":[[[120.465906,23.476797],[120.465924,23.476726],[120.466049,23.476752],[120.46604,23.476789],[120.466094,23.4768],[120.466085,23.476836],[120.465906,23.476797]]]}},{"type":"Feature","id":"w946820054","properties":{"kind":"building","category":"construction","name":null,"area_m2":917.8,"centroid":[120.466198,23.47558]},"geometry":{"type":"Polygon","coordinates":[[[120.465912,23.475309],[120.465999,23.47525],[120.466485,23.475852],[120.466397,23.475911],[120.465912,23.475309]]]}},{"type":"Feature","id":"w946822667","properties":{"kind":"building","category":"residential","name":null,"area_m2":364.7,"centroid":[120.467697,23.477117]},"geometry":{"type":"Polygon","coordinates":[[[120.46781,23.477212],[120.467848,23.477095],[120.467741,23.477084],[120.467559,23.477044],[120.467529,23.477148],[120.46781,23.477212]]]}},{"type":"Feature","id":"w946822668","properties":{"kind":"building","category":"residential","name":null,"area_m2":367.4,"centroid":[120.467278,23.477033]},"geometry":{"type":"Polygon","coordinates":[[[120.46709,23.477051],[120.467109,23.476966],[120.467324,23.47701],[120.467449,23.477012],[120.467417,23.477128],[120.46709,23.477051]]]}},{"type":"Feature","id":"w946822669","properties":{"kind":"building","category":"yes","name":null,"area_m2":104.2,"centroid":[120.466112,23.476747]},"geometry":{"type":"Polygon","coordinates":[[[120.466152,23.476801],[120.466172,23.476711],[120.466073,23.476693],[120.466053,23.476782],[120.466152,23.476801]]]}},{"type":"Feature","id":"w946837940","properties":{"kind":"building","category":"temple","name":null,"area_m2":104.3,"centroid":[120.460862,23.485649]},"geometry":{"type":"Polygon","coordinates":[[[120.460874,23.485714],[120.460934,23.485652],[120.460851,23.485584],[120.460791,23.485647],[120.460874,23.485714]]]}},{"type":"Feature","id":"w946849694","properties":{"kind":"building","category":"yes","name":null,"area_m2":152.3,"centroid":[120.455537,23.486813]},"geometry":{"type":"Polygon","coordinates":[[[120.455493,23.486741],[120.455591,23.486747],[120.45558,23.486884],[120.455482,23.486878],[120.455493,23.486741]]]}},{"type":"Feature","id":"w946849695","properties":{"kind":"building","category":"yes","name":null,"area_m2":138.0,"centroid":[120.455673,23.486818]},"geometry":{"type":"Polygon","coordinates":[[[120.455585,23.486867],[120.455615,23.486755],[120.455753,23.486772],[120.455739,23.486821],[120.455677,23.486816],[120.455669,23.486877],[120.455585,23.486867]]]}},{"type":"Feature","id":"w946849696","properties":{"kind":"building","category":"yes","name":null,"area_m2":84.0,"centroid":[120.455775,23.486831]},"geometry":{"type":"Polygon","coordinates":[[[120.455755,23.486773],[120.455814,23.48678],[120.455804,23.486888],[120.455728,23.486882],[120.455755,23.486773]]]}},{"type":"Feature","id":"w946849697","properties":{"kind":"building","category":"yes","name":null,"area_m2":58.9,"centroid":[120.455849,23.486822]},"geometry":{"type":"Polygon","coordinates":[[[120.455809,23.486855],[120.455822,23.486779],[120.455889,23.486789],[120.455876,23.486865],[120.455809,23.486855]]]}},{"type":"Feature","id":"w946849698","properties":{"kind":"building","category":"yes","name":null,"area_m2":168.1,"centroid":[120.456003,23.486852]},"geometry":{"type":"Polygon","coordinates":[[[120.455907,23.486881],[120.45592,23.486799],[120.456098,23.486822],[120.456085,23.486904],[120.455907,23.486881]]]}},{"type":"Feature","id":"w946849699","properties":{"kind":"building","category":"yes","name":null,"area_m2":162.4,"centroid":[120.456337,23.486922]},"geometry":{"type":"Polygon","coordinates":[[[120.456279,23.486989],[120.456296,23.486846],[120.456395,23.486856],[120.456379,23.486999],[120.456279,23.486989]]]}},{"type":"Feature","id":"w946849700","properties":{"kind":"building","category":"yes","name":null,"area_m2":77.3,"centroid":[120.456417,23.486924]},"geometry":{"type":"Polygon","coordinates":[[[120.456385,23.486988],[120.456397,23.486856],[120.456449,23.48686],[120.456436,23.486992],[120.456385,23.486988]]]}},{"type":"Feature","id":"w946849701","properties":{"kind":"building","category":"yes","name":null,"area_m2":56.2,"centroid":[120.456465,23.486928]},"geometry":{"type":"Polygon","coordinates":[[[120.456479,23.486996],[120.456489,23.486862],[120.456452,23.48686],[120.456442,23.486994],[120.456479,23.486996]]]}},{"type":"Feature","id":"w946849702","properties":{"kind":"building","category":"yes","name":null,"area_m2":367.5,"centroid":[120.45617,23.486918]},"geometry":{"type":"Polygon","coordinates":[[[120.456272,23.487011],[120.456096,23.486998],[120.456085,23.486911],[120.456105,23.486823],[120.456293,23.486846],[120.456272,23.487011]]]}},{"type":"Feature","id":"w946849703","properties":{"kind":"building","category":"yes","name":null,"area_m2":296.3,"centroid":[120.456324,23.486595]},"geometry":{"type":"Polygon","coordinates":[[[120.456223,23.486651],[120.456229,23.486525],[120.456424,23.486532],[120.456422,23.486672],[120.456223,23.486651]]]}},{"type":"Feature","id":"w946849704","properties":{"kind":"building","category":"yes","name":"建大輪胎","area_m2":234.1,"centroid":[120.456503,23.486606]},"geometry":{"type":"Polygon","coordinates":[[[120.456429,23.486677],[120.456444,23.486523],[120.456578,23.486535],[120.456563,23.486688],[120.456429,23.486677]]]}},{"type":"Feature","id":"w946849705","properties":{"kind":"building","category":"yes","name":null,"area_m2":166.0,"centroid":[120.456626,23.486622]},"geometry":{"type":"Polygon","coordinates":[[[120.456569,23.486693],[120.456585,23.486543],[120.456682,23.486552],[120.456667,23.486701],[120.456569,23.486693]]]}},{"type":"Feature","id":"w946849706","properties":{"kind":"building","category":"yes","name":null,"area_m2":132.7,"centroid":[120.456714,23.486623]},"geometry":{"type":"Polygon","coordinates":[[[120.456672,23.486704],[120.456687,23.486536],[120.456757,23.486541],[120.456741,23.486709],[120.456672,23.486704]]]}},{"type":"Feature","id":"w946849707","properties":{"kind":"building","category":"yes","name":null,"area_m2":77.2,"centroid":[120.456779,23.486631]},"geometry":{"type":"Polygon","coordinates":[[[120.456791,23.486715],[120.456808,23.48655],[120.456767,23.486546],[120.45675,23.486712],[120.456791,23.486715]]]}},{"type":"Feature","id":"w946849708","properties":{"kind":"building","category":"yes","name":null,"area_m2":60.0,"centroid":[120.456521,23.486921]},"geometry":{"type":"Polygon","coordinates":[[[120.456547,23.486965],[120.456518,23.486962],[120.456521,23.486935],[120.456486,23.486932],[120.456495,23.486861],[120.456558,23.486868],[120.456547,23.486965]]]}},{"type":"Feature","id":"w946849710","properties":{"kind":"building","category":"yes","name":null,"area_m2":84.3,"centroid":[120.456586,23.48693]},"geometry":{"type":"Polygon","coordinates":[[[120.456611,23.486991],[120.456625,23.486875],[120.456562,23.486868],[120.456547,23.486984],[120.456611,23.486991]]]}},{"type":"Feature","id":"w946849711","properties":{"kind":"building","category":"yes","name":null,"area_m2":71.7,"centroid":[120.456823,23.486626]},"geometry":{"type":"Polygon","coordinates":[[[120.456832,23.486717],[120.45685,23.486537],[120.456815,23.486534],[120.456797,23.486714],[120.456832,23.486717]]]}},{"type":"Feature","id":"w946849712","properties":{"kind":"building","category":"yes","name":null,"area_m2":67.3,"centroid":[120.456714,23.48693]},"geometry":{"type":"Polygon","coordinates":[[[120.456674,23.486968],[120.456744,23.486975],[120.456755,23.486892],[120.456684,23.486884],[120.456674,23.486968]]]}},{"type":"Feature","id":"w946849713","properties":{"kind":"building","category":"yes","name":null,"area_m2":126.3,"centroid":[120.45688,23.486633]},"geometry":{"type":"Polygon","coordinates":[[[120.456838,23.486717],[120.456858,23.486544],[120.456922,23.48655],[120.456902,23.486723],[120.456838,23.486717]]]}},{"type":"Feature","id":"w946857594","properties":{"kind":"building","category":"yes","name":null,"area_m2":87.5,"centroid":[120.453987,23.486655]},"geometry":{"type":"Polygon","coordinates":[[[120.453953,23.486653],[120.453979,23.486563],[120.454044,23.486637],[120.454006,23.48673],[120.453971,23.486685],[120.453972,23.486663],[120.453953,23.486653]]]}},{"type":"Feature","id":"w946857595","properties":{"kind":"building","category":"yes","name":null,"area_m2":16.7,"centroid":[120.454365,23.486613]},"geometry":{"type":"Polygon","coordinates":[[[120.454345,23.486631],[120.454385,23.486632],[120.454386,23.486595],[120.454346,23.486594],[120.454345,23.486631]]]}},{"type":"Feature","id":"w946857596","properties":{"kind":"building","category":"yes","name":null,"area_m2":213.3,"centroid":[120.454357,23.486762]},"geometry":{"type":"Polygon","coordinates":[[[120.454431,23.48685],[120.454384,23.486635],[120.454345,23.486635],[120.454314,23.486815],[120.45431,23.486876],[120.454431,23.48685]]]}},{"type":"Feature","id":"w946857597","properties":{"kind":"building","category":"yes","name":null,"area_m2":128.9,"centroid":[120.454684,23.486705]},"geometry":{"type":"Polygon","coordinates":[[[120.454627,23.486756],[120.45464,23.486644],[120.45474,23.486653],[120.454728,23.486766],[120.454627,23.486756]]]}},{"type":"Feature","id":"w946857598","properties":{"kind":"building","category":"yes","name":null,"area_m2":58.1,"centroid":[120.454812,23.486742]},"geometry":{"type":"Polygon","coordinates":[[[120.454806,23.486662],[120.454838,23.486666],[120.454819,23.486822],[120.454786,23.486818],[120.454806,23.486662]]]}},{"type":"Feature","id":"w946857599","properties":{"kind":"building","category":"yes","name":null,"area_m2":87.3,"centroid":[120.454764,23.486725]},"geometry":{"type":"Polygon","coordinates":[[[120.454728,23.486787],[120.454741,23.486657],[120.4548,23.486662],[120.454787,23.486792],[120.454728,23.486787]]]}},{"type":"Feature","id":"w946857600","properties":{"kind":"building","category":"yes","name":null,"area_m2":57.7,"centroid":[120.454852,23.486768]},"geometry":{"type":"Polygon","coordinates":[[[120.454827,23.48683],[120.454838,23.486703],[120.454878,23.486706],[120.454867,23.486833],[120.454827,23.48683]]]}},{"type":"Feature","id":"w946857601","properties":{"kind":"building","category":"yes","name":null,"area_m2":66.4,"centroid":[120.454911,23.486734]},"geometry":{"type":"Polygon","coordinates":[[[120.454876,23.486784],[120.454893,23.486677],[120.454947,23.486685],[120.45493,23.486791],[120.454876,23.486784]]]}},{"type":"Feature","id":"w946857602","properties":{"kind":"building","category":"yes","name":null,"area_m2":157.0,"centroid":[120.454973,23.486781]},"geometry":{"type":"Polygon","coordinates":[[[120.454919,23.486875],[120.454952,23.486686],[120.455019,23.486691],[120.455001,23.486874],[120.454919,23.486875]]]}},{"type":"Feature","id":"w946857603","properties":{"kind":"building","category":"yes","name":null,"area_m2":161.4,"centroid":[120.455219,23.486446]},"geometry":{"type":"Polygon","coordinates":[[[120.455114,23.486471],[120.455122,23.486401],[120.455324,23.486421],[120.455316,23.486491],[120.455114,23.486471]]]}},{"type":"Feature","id":"w946857604","properties":{"kind":"building","category":"yes","name":null,"area_m2":97.2,"centroid":[120.455039,23.486774]},"geometry":{"type":"Polygon","coordinates":[[[120.455005,23.486852],[120.455021,23.486691],[120.455074,23.486696],[120.455058,23.486857],[120.455005,23.486852]]]}},{"type":"Feature","id":"w946857605","properties":{"kind":"building","category":"yes","name":"黃傳益婦產科","area_m2":221.4,"centroid":[120.45513,23.4868]},"geometry":{"type":"Polygon","coordinates":[[[120.455076,23.486716],[120.4552,23.486726],[120.455185,23.486883],[120.455061,23.486873],[120.455076,23.486716]]]}},{"type":"Feature","id":"w946857606","properties":{"kind":"building","category":"yes","name":null,"area_m2":191.3,"centroid":[120.455319,23.48686]},"geometry":{"type":"Polygon","coordinates":[[[120.455249,23.486923],[120.45527,23.486783],[120.455389,23.486797],[120.455368,23.486937],[120.455249,23.486923]]]}},{"type":"Feature","id":"w946857607","properties":{"kind":"building","category":"yes","name":"魚友水族","area_m2":128.0,"centroid":[120.455437,23.486804]},"geometry":{"type":"Polygon","coordinates":[[[120.455382,23.486862],[120.455407,23.486733],[120.455492,23.486746],[120.455467,23.486876],[120.455382,23.486862]]]}},{"type":"Feature","id":"w946857608","properties":{"kind":"building","category":"yes","name":null,"area_m2":136.2,"centroid":[120.455231,23.486808]},"geometry":{"type":"Polygon","coordinates":[[[120.455214,23.48671],[120.455277,23.486718],[120.455249,23.486906],[120.455186,23.486898],[120.455214,23.48671]]]}},{"type":"Feature","id":"w946860553","properties":{"kind":"building","category":"yes","name":null,"area_m2":564.2,"centroid":[120.453784,23.485801]},"geometry":{"type":"Polygon","coordinates":[[[120.453571,23.485725],[120.453579,23.485658],[120.453833,23.485692],[120.453901,23.485744],[120.453904,23.485784],[120.453893,23.485947],[120.453826,23.485941],[120.453827,23.485902],[120.453721,23.485813],[120.453571,23.485725]]]}},{"type":"Feature","id":"w946860554","properties":{"kind":"building","category":"yes","name":null,"area_m2":210.4,"centroid":[120.452527,23.485511]},"geometry":{"type":"Polygon","coordinates":[[[120.452432,23.485554],[120.452524,23.485413],[120.452621,23.485467],[120.452529,23.485608],[120.452432,23.485554]]]}},{"type":"Feature","id":"w946860555","properties":{"kind":"building","category":"yes","name":null,"area_m2":64.4,"centroid":[120.452595,23.485549]},"geometry":{"type":"Polygon","coordinates":[[[120.452576,23.48562],[120.452541,23.485602],[120.452614,23.485478],[120.45265,23.485495],[120.452576,23.48562]]]}},{"type":"Feature","id":"w946860556","properties":{"kind":"building","category":"yes","name":null,"area_m2":44.0,"centroid":[120.452637,23.485625]},"geometry":{"type":"Polygon","coordinates":[[[120.452666,23.485662],[120.452687,23.485621],[120.452608,23.485588],[120.452588,23.485629],[120.452666,23.485662]]]}},{"type":"Feature","id":"w946860557","properties":{"kind":"building","category":"yes","name":null,"area_m2":251.4,"centroid":[120.452296,23.485439]},"geometry":{"type":"Polygon","coordinates":[[[120.452252,23.485487],[120.452223,23.485443],[120.452236,23.485343],[120.452409,23.485393],[120.452359,23.485531],[120.452252,23.485487]]]}},{"type":"Feature","id":"w946861694","properties":{"kind":"building","category":"yes","name":null,"area_m2":81.9,"centroid":[120.453495,23.475386]},"geometry":{"type":"Polygon","coordinates":[[[120.453454,23.475434],[120.453466,23.47533],[120.453535,23.475337],[120.453523,23.475441],[120.453454,23.475434]]]}},{"type":"Feature","id":"w946861695","properties":{"kind":"building","category":"yes","name":null,"area_m2":63.1,"centroid":[120.453521,23.47524]},"geometry":{"type":"Polygon","coordinates":[[[120.453472,23.475275],[120.453479,23.475203],[120.45357,23.475208],[120.453568,23.475238],[120.453515,23.475277],[120.453472,23.475275]]]}},{"type":"Feature","id":"w946861696","properties":{"kind":"building","category":"yes","name":null,"area_m2":561.4,"centroid":[120.453034,23.475631]},"geometry":{"type":"Polygon","coordinates":[[[120.452836,23.475683],[120.452845,23.475555],[120.453232,23.475578],[120.453223,23.475706],[120.452836,23.475683]]]}},{"type":"Feature","id":"w946861697","properties":{"kind":"building","category":"yes","name":null,"area_m2":265.0,"centroid":[120.453381,23.475434]},"geometry":{"type":"Polygon","coordinates":[[[120.4533,23.475461],[120.453316,23.47531],[120.453462,23.475323],[120.453446,23.475466],[120.453417,23.475464],[120.453414,23.475493],[120.453345,23.475487],[120.453347,23.475465],[120.4533,23.475461]]]}},{"type":"Feature","id":"w946861698","properties":{"kind":"building","category":"yes","name":null,"area_m2":258.5,"centroid":[120.453322,23.475595]},"geometry":{"type":"Polygon","coordinates":[[[120.453279,23.475585],[120.453288,23.475499],[120.453417,23.47551],[120.453407,23.475603],[120.453376,23.4756],[120.453367,23.475685],[120.453237,23.475674],[120.453245,23.475598],[120.453278,23.475601],[120.453279,23.475585]]]}},{"type":"Feature","id":"w946861699","properties":{"kind":"building","category":"yes","name":null,"area_m2":127.9,"centroid":[120.453221,23.47536]},"geometry":{"type":"Polygon","coordinates":[[[120.453172,23.475426],[120.453189,23.475286],[120.453269,23.475294],[120.453252,23.475434],[120.453172,23.475426]]]}},{"type":"Feature","id":"w946862194","properties":{"kind":"building","category":"yes","name":null,"area_m2":304.7,"centroid":[120.451847,23.474716]},"geometry":{"type":"Polygon","coordinates":[[[120.451902,23.474822],[120.451926,23.474622],[120.451791,23.474609],[120.451771,23.474811],[120.451902,23.474822]]]}},{"type":"Feature","id":"w963009150","properties":{"kind":"building","category":"apartments","name":null,"area_m2":493.7,"centroid":[120.444262,23.476577]},"geometry":{"type":"Polygon","coordinates":[[[120.444187,23.476757],[120.444305,23.476765],[120.444337,23.476398],[120.444218,23.47639],[120.444187,23.476757]]]}},{"type":"Feature","id":"w963009151","properties":{"kind":"building","category":"residential","name":null,"area_m2":219.5,"centroid":[120.444412,23.478166]},"geometry":{"type":"Polygon","coordinates":[[[120.444308,23.478206],[120.444505,23.478224],[120.444515,23.478126],[120.444319,23.478108],[120.444308,23.478206]]]}},{"type":"Feature","id":"w963009152","properties":{"kind":"building","category":"residential","name":null,"area_m2":245.0,"centroid":[120.443417,23.477009]},"geometry":{"type":"Polygon","coordinates":[[[120.443493,23.477081],[120.443506,23.476951],[120.443341,23.476937],[120.443327,23.477067],[120.443493,23.477081]]]}},{"type":"Feature","id":"w963009153","properties":{"kind":"building","category":"residential","name":null,"area_m2":321.8,"centroid":[120.44339,23.477235]},"geometry":{"type":"Polygon","coordinates":[[[120.44327,23.477287],[120.443497,23.477307],[120.44351,23.477182],[120.443283,23.477163],[120.44327,23.477287]]]}},{"type":"Feature","id":"w963010367","properties":{"kind":"building","category":"apartments","name":null,"area_m2":250.5,"centroid":[120.459448,23.484395]},"geometry":{"type":"Polygon","coordinates":[[[120.459327,23.484429],[120.459555,23.484457],[120.459569,23.484361],[120.45934,23.484334],[120.459327,23.484429]]]}},{"type":"Feature","id":"w963010368","properties":{"kind":"building","category":"apartments","name":null,"area_m2":711.3,"centroid":[120.458565,23.481814]},"geometry":{"type":"Polygon","coordinates":[[[120.45846,23.482005],[120.458616,23.482023],[120.45867,23.481624],[120.458515,23.481606],[120.45846,23.482005]]]}},{"type":"Feature","id":"w963010369","properties":{"kind":"building","category":"apartments","name":null,"area_m2":350.2,"centroid":[120.4584,23.481839]},"geometry":{"type":"Polygon","coordinates":[[[120.458324,23.481984],[120.458424,23.481998],[120.458476,23.481695],[120.458376,23.481681],[120.458324,23.481984]]]}},{"type":"Feature","id":"w963010370","properties":{"kind":"building","category":"apartments","name":null,"area_m2":453.7,"centroid":[120.457909,23.474929]},"geometry":{"type":"Polygon","coordinates":[[[120.457828,23.475077],[120.457958,23.475088],[120.45799,23.474781],[120.457861,23.474769],[120.457828,23.475077]]]}},{"type":"Feature","id":"w963426289","properties":{"kind":"building","category":"apartments","name":null,"area_m2":440.6,"centroid":[120.437979,23.468082]},"geometry":{"type":"Polygon","coordinates":[[[120.437853,23.467997],[120.437836,23.468141],[120.438104,23.468167],[120.438121,23.468023],[120.437853,23.467997]]]}},{"type":"Feature","id":"w963426290","properties":{"kind":"building","category":"apartments","name":null,"area_m2":290.8,"centroid":[120.437794,23.469123]},"geometry":{"type":"Polygon","coordinates":[[[120.437676,23.469068],[120.437674,23.469176],[120.437913,23.469178],[120.437914,23.46907],[120.437676,23.469068]]]}},{"type":"Feature","id":"w963426291","properties":{"kind":"building","category":"apartments","name":null,"area_m2":496.2,"centroid":[120.438316,23.468806]},"geometry":{"type":"Polygon","coordinates":[[[120.438195,23.468715],[120.438188,23.468891],[120.438438,23.468898],[120.438444,23.468722],[120.438195,23.468715]]]}},{"type":"Feature","id":"w963426292","properties":{"kind":"building","category":"apartments","name":null,"area_m2":939.3,"centroid":[120.438965,23.468666]},"geometry":{"type":"Polygon","coordinates":[[[120.438753,23.468786],[120.438855,23.468491],[120.439172,23.468515],[120.439144,23.4687],[120.438976,23.468686],[120.438893,23.468815],[120.438753,23.468786]]]}},{"type":"Feature","id":"w963426293","properties":{"kind":"building","category":"apartments","name":null,"area_m2":467.0,"centroid":[120.439353,23.468874]},"geometry":{"type":"Polygon","coordinates":[[[120.439215,23.468796],[120.439209,23.468943],[120.439491,23.468952],[120.439497,23.468806],[120.439215,23.468796]]]}},{"type":"Feature","id":"w980167035","properties":{"kind":"building","category":"yes","name":null,"area_m2":215.0,"centroid":[120.466646,23.490178]},"geometry":{"type":"Polygon","coordinates":[[[120.466746,23.490253],[120.466775,23.490179],[120.466546,23.490103],[120.466517,23.490176],[120.466746,23.490253]]]}},{"type":"Feature","id":"w980167036","properties":{"kind":"building","category":"apartments","name":null,"area_m2":531.5,"centroid":[120.467905,23.492054]},"geometry":{"type":"Polygon","coordinates":[[[120.467777,23.491951],[120.467944,23.491902],[120.468034,23.492157],[120.467866,23.492206],[120.467777,23.491951]]]}},{"type":"Feature","id":"w980167038","properties":{"kind":"building","category":"residential","name":null,"area_m2":681.8,"centroid":[120.468021,23.492417]},"geometry":{"type":"Polygon","coordinates":[[[120.467883,23.492278],[120.468053,23.492231],[120.46816,23.492556],[120.467989,23.492603],[120.467883,23.492278]]]}},{"type":"Feature","id":"w980930754","properties":{"kind":"building","category":"apartments","name":null,"area_m2":232.3,"centroid":[120.452856,23.47498]},"geometry":{"type":"Polygon","coordinates":[[[120.452783,23.474908],[120.452765,23.475031],[120.45293,23.475051],[120.452948,23.474929],[120.452783,23.474908]]]}},{"type":"Feature","id":"w980930761","properties":{"kind":"building","category":"apartments","name":null,"area_m2":604.2,"centroid":[120.432292,23.485477]},"geometry":{"type":"Polygon","coordinates":[[[120.432119,23.485331],[120.432103,23.485458],[120.432164,23.485464],[120.432156,23.485525],[120.432205,23.485531],[120.432213,23.48547],[120.432377,23.485487],[120.432368,23.485549],[120.432406,23.485553],[120.432414,23.485491],[120.432478,23.485498],[120.432495,23.485372],[120.432119,23.485331]]]}},{"type":"Feature","id":"w980930762","properties":{"kind":"building","category":"apartments","name":null,"area_m2":719.0,"centroid":[120.43503,23.485828]},"geometry":{"type":"Polygon","coordinates":[[[120.434844,23.485855],[120.435021,23.486],[120.435216,23.485801],[120.435038,23.485655],[120.434844,23.485855]]]}},{"type":"Feature","id":"w980930763","properties":{"kind":"building","category":"apartments","name":null,"area_m2":674.1,"centroid":[120.434908,23.486141]},"geometry":{"type":"Polygon","coordinates":[[[120.434696,23.486139],[120.434795,23.48622],[120.434833,23.486184],[120.434891,23.486233],[120.434954,23.486168],[120.434973,23.486189],[120.435034,23.486123],[120.435087,23.486077],[120.434912,23.485933],[120.434696,23.486139]]]}},{"type":"Feature","id":"w980930764","properties":{"kind":"building","category":"apartments","name":null,"area_m2":134.5,"centroid":[120.438141,23.484622]},"geometry":{"type":"Polygon","coordinates":[[[120.438057,23.484614],[120.438163,23.484695],[120.438224,23.48463],[120.438118,23.484548],[120.438057,23.484614]]]}},{"type":"Feature","id":"w980930765","properties":{"kind":"building","category":"apartments","name":null,"area_m2":110.2,"centroid":[120.437975,23.484695]},"geometry":{"type":"Polygon","coordinates":[[[120.437902,23.484701],[120.437974,23.484762],[120.438048,23.484689],[120.437977,23.484628],[120.437902,23.484701]]]}},{"type":"Feature","id":"w980930766","properties":{"kind":"building","category":"hotel","name":"友忠會館","area_m2":397.9,"centroid":[120.437934,23.482423]},"geometry":{"type":"Polygon","coordinates":[[[120.437785,23.482404],[120.437928,23.482564],[120.438059,23.482465],[120.437983,23.482378],[120.437916,23.482305],[120.437785,23.482404]]]}},{"type":"Feature","id":"w980930767","properties":{"kind":"building","category":"apartments","name":null,"area_m2":294.0,"centroid":[120.434978,23.483287]},"geometry":{"type":"Polygon","coordinates":[[[120.434919,23.483189],[120.434897,23.483371],[120.435038,23.483386],[120.43506,23.483203],[120.434919,23.483189]]]}},{"type":"Feature","id":"w980930768","properties":{"kind":"building","category":"apartments","name":null,"area_m2":1572.6,"centroid":[120.432128,23.483603]},"geometry":{"type":"Polygon","coordinates":[[[120.431824,23.483624],[120.431881,23.483673],[120.432366,23.483721],[120.432414,23.483685],[120.432432,23.483486],[120.43185,23.483429],[120.431824,23.483624]]]}},{"type":"Feature","id":"w980930769","properties":{"kind":"building","category":"apartments","name":null,"area_m2":502.4,"centroid":[120.431178,23.481703]},"geometry":{"type":"Polygon","coordinates":[[[120.431107,23.48186],[120.431274,23.481769],[120.431215,23.481679],[120.431266,23.48165],[120.431213,23.481569],[120.430995,23.481689],[120.431107,23.48186]]]}},{"type":"Feature","id":"w980930770","properties":{"kind":"building","category":"apartments","name":null,"area_m2":729.8,"centroid":[120.431046,23.481472]},"geometry":{"type":"Polygon","coordinates":[[[120.430865,23.481422],[120.431021,23.481644],[120.431227,23.481523],[120.431072,23.481301],[120.430865,23.481422]]]}},{"type":"Feature","id":"w980930772","properties":{"kind":"building","category":"apartments","name":null,"area_m2":427.9,"centroid":[120.440805,23.476363]},"geometry":{"type":"Polygon","coordinates":[[[120.440705,23.476268],[120.440688,23.476441],[120.440906,23.476458],[120.440922,23.476285],[120.440705,23.476268]]]}},{"type":"Feature","id":"w980930773","properties":{"kind":"building","category":"apartments","name":null,"area_m2":685.5,"centroid":[120.441906,23.47552]},"geometry":{"type":"Polygon","coordinates":[[[120.441778,23.475416],[120.442053,23.47544],[120.442082,23.475476],[120.44206,23.475646],[120.441837,23.47563],[120.44177,23.47556],[120.441759,23.475474],[120.441778,23.475416]]]}},{"type":"Feature","id":"w981463687","properties":{"kind":"building","category":"yes","name":null,"area_m2":112.4,"centroid":[120.465745,23.489844]},"geometry":{"type":"Polygon","coordinates":[[[120.465681,23.489885],[120.465735,23.489773],[120.465809,23.489802],[120.465756,23.489915],[120.465681,23.489885]]]}},{"type":"Feature","id":"w981463688","properties":{"kind":"building","category":"yes","name":null,"area_m2":206.0,"centroid":[120.465636,23.489803]},"geometry":{"type":"Polygon","coordinates":[[[120.465682,23.489879],[120.465733,23.48977],[120.465597,23.489726],[120.465531,23.489836],[120.465682,23.489879]]]}},{"type":"Feature","id":"w981463689","properties":{"kind":"building","category":"yes","name":null,"area_m2":245.7,"centroid":[120.465879,23.489889]},"geometry":{"type":"Polygon","coordinates":[[[120.465765,23.489905],[120.465811,23.489803],[120.465994,23.489873],[120.465948,23.489974],[120.465765,23.489905]]]}},{"type":"Feature","id":"w981463690","properties":{"kind":"building","category":"yes","name":null,"area_m2":102.8,"centroid":[120.466032,23.489931]},"geometry":{"type":"Polygon","coordinates":[[[120.465959,23.489962],[120.465997,23.489874],[120.466073,23.489901],[120.46608,23.489924],[120.46605,23.489995],[120.465959,23.489962]]]}},{"type":"Feature","id":"w981602867","properties":{"kind":"building","category":"yes","name":null,"area_m2":69.1,"centroid":[120.466994,23.49001]},"geometry":{"type":"Polygon","coordinates":[[[120.466993,23.490071],[120.467044,23.48997],[120.466994,23.489949],[120.466943,23.49005],[120.466993,23.490071]]]}},{"type":"Feature","id":"w981978023","properties":{"kind":"building","category":"yes","name":"教學實習大樓","area_m2":635.6,"centroid":[120.464351,23.489315]},"geometry":{"type":"Polygon","coordinates":[[[120.464089,23.489267],[120.464137,23.489168],[120.464614,23.489363],[120.464566,23.489461],[120.464089,23.489267]]]}},{"type":"Feature","id":"w981978024","properties":{"kind":"building","category":"yes","name":null,"area_m2":908.8,"centroid":[120.46445,23.489535]},"geometry":{"type":"Polygon","coordinates":[[[120.4641,23.489538],[120.46415,23.489431],[120.464537,23.489582],[120.464602,23.489443],[120.464711,23.489486],[120.464597,23.489731],[120.4641,23.489538]]]}},{"type":"Feature","id":"w982219639","properties":{"kind":"building","category":"yes","name":null,"area_m2":176.9,"centroid":[120.447809,23.484712]},"geometry":{"type":"Polygon","coordinates":[[[120.447865,23.48478],[120.44791,23.484666],[120.447783,23.484624],[120.447745,23.48472],[120.447781,23.484732],[120.447773,23.48475],[120.447865,23.48478]]]}},{"type":"Feature","id":"w982256056","properties":{"kind":"building","category":"apartments","name":"遠東貴族","area_m2":792.9,"centroid":[120.44805,23.48353]},"geometry":{"type":"Polygon","coordinates":[[[120.447833,23.483587],[120.447861,23.483418],[120.448266,23.483473],[120.448239,23.483643],[120.447833,23.483587]]]}},{"type":"Feature","id":"w983653112","properties":{"kind":"building","category":"yes","name":null,"area_m2":118.4,"centroid":[120.447353,23.483936]},"geometry":{"type":"Polygon","coordinates":[[[120.447288,23.484],[120.447359,23.483849],[120.447419,23.483871],[120.447345,23.484023],[120.447288,23.484]]]}},{"type":"Feature","id":"w983653113","properties":{"kind":"building","category":"yes","name":null,"area_m2":105.6,"centroid":[120.447415,23.48396]},"geometry":{"type":"Polygon","coordinates":[[[120.447353,23.484025],[120.447425,23.483875],[120.447479,23.483896],[120.447404,23.484045],[120.447353,23.484025]]]}},{"type":"Feature","id":"w983653114","properties":{"kind":"building","category":"yes","name":null,"area_m2":76.8,"centroid":[120.447475,23.483973]},"geometry":{"type":"Polygon","coordinates":[[[120.447421,23.484032],[120.447486,23.483898],[120.447529,23.483915],[120.447463,23.484049],[120.447421,23.484032]]]}},{"type":"Feature","id":"w987671169","properties":{"kind":"building","category":"yes","name":null,"area_m2":843.7,"centroid":[120.456844,23.485962]},"geometry":{"type":"Polygon","coordinates":[[[120.45672,23.485758],[120.457004,23.485789],[120.456945,23.486238],[120.456822,23.486225],[120.456866,23.48589],[120.456705,23.485873],[120.45672,23.485758]]]}},{"type":"Feature","id":"w987671170","properties":{"kind":"building","category":"yes","name":null,"area_m2":564.8,"centroid":[120.456331,23.486203]},"geometry":{"type":"Polygon","coordinates":[[[120.456285,23.48608],[120.456496,23.486103],[120.456464,23.486351],[120.456262,23.486329],[120.456274,23.486236],[120.456288,23.486238],[120.4563,23.486145],[120.456277,23.486142],[120.456285,23.48608]]]}},{"type":"Feature","id":"w987671171","properties":{"kind":"building","category":"yes","name":null,"area_m2":232.3,"centroid":[120.456437,23.485727]},"geometry":{"type":"Polygon","coordinates":[[[120.456536,23.485683],[120.456519,23.485795],[120.456338,23.485771],[120.456355,23.48566],[120.456536,23.485683]]]}}]}
