{"type":"FeatureCollection","name":"chiayi historic core named roads","features":[{"type":"Feature","id":435256955,"properties":{"osm_id":435256955,"name":"上海路","name_en":"Shanghai Road","highway":"tertiary","lanes":"2","oneway":"no","surface":"asphalt","source":"OpenStreetMap"},"geometry":{"type":"LineString","coordinates":[[120.4297648,23.4631083],[120.4299491,23.4633184],[120.4300444,23.463427],[120.4302239,23.4636317],[120.4304278,23.4638642],[120.4309916,23.4645069],[120.4313732,23.4649419],[120.4316291,23.4652336],[120.432124,23.4657977],[120.4322162,23.4659029],[120.4322835,23.4659796],[120.432719,23.4664761],[120.4329739,23.4667667],[120.4333438,23.4671884],[120.4333646,23.4672121],[120.4334179,23.4672729],[120.4334715,23.467334],[120.4334898,23.4673548],[120.4342589,23.4682316],[120.4343578,23.4683444],[120.434466,23.4684676],[120.4351294,23.4692239],[120.4352811,23.4693968],[120.4353216,23.4694445],[120.4355856,23.4697556]]}},{"type":"Feature","id":550253416,"properties":{"osm_id":550253416,"name":"上海路","name_en":"Shanghai Road","highway":"tertiary","lanes":"2","oneway":"no","surface":"asphalt","source":"OpenStreetMap"},"geometry":{"type":"LineString","coordinates":[[120.4355856,23.4697556],[120.4356888,23.4698916],[120.4358558,23.4700482],[120.4359994,23.470116],[120.4361485,23.470201],[120.4362505,23.4702523],[120.4365175,23.4703828],[120.4367513,23.4704785],[120.4369812,23.4705164],[120.4376198,23.4706118],[120.4381625,23.4706501],[120.438935,23.4707391],[120.4396974,23.4708287],[120.4397998,23.4709125]]}},{"type":"Feature","id":563582524,"properties":{"osm_id":563582524,"name":"世賢路一段","name_en":"Shixian Road Section 1","highway":"residential","lanes":null,"oneway":"yes","surface":"asphalt","source":"OpenStreetMap"},"geometry":{"type":"LineString","coordinates":[[120.4287068,23.4904252],[120.4294295,23.491197],[120.4298942,23.4916738],[120.4299846,23.4917569],[120.4300874,23.4918929],[120.4309108,23.4927555],[120.4310775,23.4929532],[120.4311694,23.4930609],[120.4312273,23.4931118],[120.4313581,23.4932587],[120.4317149,23.4936697],[120.4318426,23.4936991],[120.4326525,23.493785],[120.4337545,23.4938851],[120.4352715,23.4939899],[120.4367402,23.494132],[120.438289,23.494246],[120.4400839,23.49441],[120.4417698,23.4945715],[120.4422961,23.4946231],[120.4434902,23.4947332],[120.4437215,23.4947704],[120.4438943,23.4947834]]}},{"type":"Feature","id":435256973,"properties":{"osm_id":435256973,"name":"世賢路四段","name_en":null,"highway":"residential","lanes":null,"oneway":null,"surface":null,"source":"OpenStreetMap"},"geometry":{"type":"LineString","coordinates":[[120.4538903,23.4633901],[120.4538395,23.4634948],[120.4537205,23.4637433],[120.4535116,23.4641801],[120.4533074,23.4646399],[120.4530732,23.465174],[120.453037,23.4652567],[120.4529705,23.465355]]}},{"type":"Feature","id":563629985,"properties":{"osm_id":563629985,"name":"世賢路四段","name_en":"Shixian Road Section 4","highway":"primary","lanes":null,"oneway":"yes","surface":"asphalt","source":"OpenStreetMap"},"geometry":{"type":"LineString","coordinates":[[120.4546124,23.4660565],[120.4545678,23.4661479],[120.4545157,23.4661235],[120.4544872,23.4661102]]}},{"type":"Feature","id":563812019,"properties":{"osm_id":563812019,"name":"世賢路四段","name_en":"Shixian Road Section 4","highway":"primary","lanes":null,"oneway":"yes","surface":"asphalt","source":"OpenStreetMap"},"geometry":{"type":"LineString","coordinates":[[120.4510624,23.4642405],[120.4512028,23.4643124],[120.451463,23.4644434],[120.4520712,23.4647473],[120.453037,23.4652567],[120.4533602,23.4654282],[120.4545441,23.4660222],[120.4546124,23.4660565]]}},{"type":"Feature","id":689961057,"properties":{"osm_id":689961057,"name":"世賢路四段","name_en":"Shixian Road Section 4","highway":"primary","lanes":null,"oneway":"yes","surface":"asphalt","source":"OpenStreetMap"},"geometry":{"type":"LineString","coordinates":[[120.4544872,23.4661102],[120.4533163,23.4654945],[120.4530397,23.4653779],[120.4529705,23.465355],[120.4520419,23.4648553]]}},{"type":"Feature","id":28136712,"properties":{"osm_id":28136712,"name":"中山路","name_en":"Zhongshan Road","highway":"residential","lanes":"2","oneway":"no","surface":"asphalt","source":"OpenStreetMap"},"geometry":{"type":"LineString","coordinates":[[120.4641464,23.4826985],[120.4637297,23.4826714],[120.4636365,23.4826628],[120.4635401,23.482656],[120.4633833,23.4826495]]}},{"type":"Feature","id":226960770,"properties":{"osm_id":226960770,"name":"中山路","name_en":"Zhongshan Road","highway":"tertiary","lanes":"2","oneway":"no","surface":"asphalt","source":"OpenStreetMap"},"geometry":{"type":"LineString","coordinates":[[120.4493816,23.4798732],[120.4493302,23.47987],[120.4491268,23.479866],[120.4485467,23.4797918],[120.448466,23.4797815],[120.4483651,23.4797765],[120.4477714,23.4797468],[120.4473516,23.4797252],[120.4468141,23.479678],[120.4461979,23.4796297]]}},{"type":"Feature","id":317467041,"properties":{"osm_id":317467041,"name":"中山路","name_en":"Zhongshan Road","highway":"secondary","lanes":"3","oneway":"yes","surface":"asphalt","source":"OpenStreetMap"},"geometry":{"type":"LineString","coordinates":[[120.4421705,23.4792978],[120.4421201,23.4792505],[120.4418173,23.4789583]]}},{"type":"Feature","id":365158702,"properties":{"osm_id":365158702,"name":"中山路","name_en":"Zhongshan Road","highway":"tertiary","lanes":"2","oneway":"no","surface":"asphalt","source":"OpenStreetMap"},"geometry":{"type":"LineString","coordinates":[[120.4633833,23.4826495],[120.4632546,23.4826364],[120.4622762,23.4825369],[120.4622116,23.4825291],[120.4619755,23.4825074],[120.4616225,23.482475],[120.4612417,23.4824273],[120.4610628,23.4824073],[120.4609266,23.4823948],[120.4600092,23.4822885],[120.4599045,23.4822738],[120.4598135,23.4822616],[120.4588421,23.4821553]]}},{"type":"Feature","id":545177164,"properties":{"osm_id":545177164,"name":"中山路","name_en":"Zhongshan Road","highway":"secondary","lanes":"2","oneway":"yes","surface":"asphalt","source":"OpenStreetMap"},"geometry":{"type":"LineString","coordinates":[[120.4401349,23.4768994],[120.4400603,23.4767523],[120.4400196,23.4766649],[120.4399892,23.4765977],[120.4398892,23.4763763],[120.439863,23.4763184],[120.439846,23.4762812],[120.4397563,23.4761038],[120.4393886,23.4753768],[120.4392602,23.4750722]]}},{"type":"Feature","id":545198913,"properties":{"osm_id":545198913,"name":"中山路","name_en":"Zhongshan Road","highway":"secondary","lanes":"3","oneway":"yes","surface":"asphalt","source":"OpenStreetMap"},"geometry":{"type":"LineString","coordinates":[[120.4418361,23.4787616],[120.4422224,23.4791778],[120.4423263,23.4792566]]}},{"type":"Feature","id":545198914,"properties":{"osm_id":545198914,"name":"中山路","name_en":"Zhongshan Road","highway":"secondary","lanes":"2","oneway":"yes","surface":"asphalt","source":"OpenStreetMap"},"geometry":{"type":"LineString","coordinates":[[120.4418173,23.4789583],[120.4414319,23.4785576],[120.4413762,23.4784873],[120.4413494,23.4784536],[120.4412282,23.4783218],[120.4412018,23.478293],[120.4406558,23.4776788],[120.4406194,23.4776315],[120.440573,23.4775927],[120.4404258,23.4774482],[120.4404101,23.477429],[120.4403534,23.4773598],[120.4402946,23.4772652],[120.4402463,23.4771706],[120.4401512,23.4769517],[120.4401349,23.4768994]]}},{"type":"Feature","id":549182167,"properties":{"osm_id":549182167,"name":"中山路","name_en":"Zhongshan Road","highway":"tertiary","lanes":"2","oneway":"no","surface":"asphalt","source":"OpenStreetMap"},"geometry":{"type":"LineString","coordinates":[[120.4528987,23.4813704],[120.4527146,23.4812823],[120.4524414,23.4811515],[120.4520687,23.4809753],[120.4519746,23.4809308],[120.4519032,23.4809032],[120.4510564,23.4805532],[120.4499464,23.4800544],[120.4498056,23.4799896]]}},{"type":"Feature","id":550253419,"properties":{"osm_id":550253419,"name":"中山路","name_en":"Zhongshan Road","highway":"secondary","lanes":"2","oneway":"yes","surface":"asphalt","source":"OpenStreetMap"},"geometry":{"type":"LineString","coordinates":[[120.4402572,23.4768472],[120.4402816,23.4769062],[120.4403368,23.4770395],[120.4403803,23.4771335],[120.4404369,23.4772359],[120.4404842,23.4773029],[120.4405719,23.477395],[120.4406827,23.477507],[120.4407179,23.4775472],[120.4407618,23.4775913],[120.4413019,23.4781996],[120.4415235,23.4784302],[120.4415842,23.4784951],[120.4418361,23.4787616]]}},{"type":"Feature","id":550253420,"properties":{"osm_id":550253420,"name":"中山路","name_en":"Zhongshan Road","highway":"tertiary","lanes":"2","oneway":"no","surface":"asphalt","source":"OpenStreetMap"},"geometry":{"type":"LineString","coordinates":[[120.4587309,23.4821411],[120.4576947,23.4819846],[120.457622,23.4819736],[120.4575203,23.4819663],[120.4568026,23.4819146],[120.456178,23.4818533],[120.4554301,23.4817371],[120.4551519,23.4816981],[120.4541858,23.4816047],[120.4540541,23.481592]]}},{"type":"Feature","id":563440789,"properties":{"osm_id":563440789,"name":"中山路","name_en":"Zhongshan Road","highway":"secondary","lanes":"2","oneway":"yes","surface":"asphalt","source":"OpenStreetMap"},"geometry":{"type":"LineString","coordinates":[[120.440133,23.4766091],[120.4401802,23.4766995],[120.4402572,23.4768472]]}},{"type":"Feature","id":563682120,"properties":{"osm_id":563682120,"name":"中山路","name_en":"Zhongshan Road","highway":"secondary","lanes":"2","oneway":"yes","surface":"asphalt","source":"OpenStreetMap"},"geometry":{"type":"LineString","coordinates":[[120.4393833,23.4750882],[120.4395235,23.4753674],[120.4398677,23.476053],[120.4399648,23.4762463],[120.4400009,23.4763241],[120.4401035,23.4765453],[120.440133,23.4766091]]}},{"type":"Feature","id":804085580,"properties":{"osm_id":804085580,"name":"中山路","name_en":"Zhongshan Road","highway":"tertiary","lanes":"2","oneway":"no","surface":"asphalt","source":"OpenStreetMap"},"geometry":{"type":"LineString","coordinates":[[120.4588421,23.4821553],[120.4587309,23.4821411]]}},{"type":"Feature","id":804978249,"properties":{"osm_id":804978249,"name":"中山路","name_en":"Zhongshan Road","highway":"tertiary","lanes":null,"oneway":"no","surface":"asphalt","source":"OpenStreetMap"},"geometry":{"type":"LineString","coordinates":[[120.4461979,23.4796297],[120.4451033,23.4794735]]}},{"type":"Feature","id":805209945,"properties":{"osm_id":805209945,"name":"中山路","name_en":"Zhongshan Road","highway":"tertiary","lanes":"2","oneway":"no","surface":"asphalt","source":"OpenStreetMap"},"geometry":{"type":"LineString","coordinates":[[120.4451033,23.4794735],[120.4441191,23.4793818],[120.4430646,23.4793012],[120.442996,23.4792911],[120.4429241,23.4792874],[120.4424865,23.4792649],[120.4423263,23.4792566]]}},{"type":"Feature","id":806363192,"properties":{"osm_id":806363192,"name":"中山路","name_en":"Zhongshan Road","highway":"tertiary","lanes":"4","oneway":"no","surface":"asphalt","source":"OpenStreetMap"},"geometry":{"type":"LineString","coordinates":[[120.4540541,23.481592],[120.4539737,23.4815802],[120.4531721,23.4814626],[120.4530837,23.4814328],[120.4528987,23.4813704]]}},{"type":"Feature","id":945809285,"properties":{"osm_id":945809285,"name":"中山路","name_en":"Zhongshan Road","highway":"tertiary","lanes":null,"oneway":"no","surface":"asphalt","source":"OpenStreetMap"},"geometry":{"type":"LineString","coordinates":[[120.4423263,23.4792566],[120.4421705,23.4792978]]}},{"type":"Feature","id":802634417,"properties":{"osm_id":802634417,"name":"中山路圓環","name_en":"Zhongshan Road Roundabout","highway":"tertiary","lanes":"2","oneway":"yes","surface":"asphalt","source":"OpenStreetMap"},"geometry":{"type":"LineString","coordinates":[[120.4498056,23.4799896],[120.4497321,23.4800477],[120.4496712,23.4800737],[120.4496044,23.4800806],[120.44955,23.4800722],[120.4494934,23.4800549],[120.4494473,23.480033],[120.4494108,23.4799874],[120.4493818,23.4799245],[120.4493816,23.4798732]]}},{"type":"Feature","id":1267838951,"properties":{"osm_id":1267838951,"name":"中山路圓環","name_en":"Zhongshan Road Roundabout","highway":"tertiary","lanes":"2","oneway":"yes","surface":"asphalt","source":"OpenStreetMap"},"geometry":{"type":"LineString","coordinates":[[120.4493816,23.4798732],[120.4494167,23.4797958],[120.4494592,23.4797502],[120.4495125,23.4797185],[120.4495668,23.4797045],[120.4496365,23.4796967],[120.4496797,23.4797087],[120.4497299,23.479731],[120.449778,23.4797575],[120.449806,23.4797824],[120.4498367,23.4798422],[120.4498453,23.479889]]}},{"type":"Feature","id":1267912930,"properties":{"osm_id":1267912930,"name":"中山路圓環","name_en":"Zhongshan Road Roundabout","highway":"tertiary","lanes":"2","oneway":"yes","surface":"asphalt","source":"OpenStreetMap"},"geometry":{"type":"LineString","coordinates":[[120.4498453,23.479889],[120.4498277,23.4799573],[120.4498056,23.4799896]]}},{"type":"Feature","id":163106943,"properties":{"osm_id":163106943,"name":"中正路","name_en":"Zhongzheng Road","highway":"residential","lanes":null,"oneway":"yes","surface":"asphalt","source":"OpenStreetMap"},"geometry":{"type":"LineString","coordinates":[[120.4418745,23.4784588],[120.4422053,23.4784914],[120.4430634,23.478576],[120.4438083,23.4786361],[120.4442018,23.4786678],[120.4446352,23.4787028],[120.4451842,23.4787244],[120.4453875,23.4787391],[120.4463007,23.4788372],[120.4466548,23.4788219],[120.4474608,23.4787858],[120.4485559,23.4787476],[120.4491572,23.4787921],[120.449722,23.4788508],[120.4497586,23.478854],[120.4512862,23.4789949],[120.452206,23.4791012],[120.4531344,23.479194],[120.453244,23.4792049]]}},{"type":"Feature","id":545392562,"properties":{"osm_id":545392562,"name":"中正路","name_en":"Zhongzheng Road","highway":"residential","lanes":null,"oneway":null,"surface":"asphalt","source":"OpenStreetMap"},"geometry":{"type":"LineString","coordinates":[[120.453244,23.4792049],[120.453822,23.4792795],[120.4540566,23.4793066],[120.4542614,23.4793308],[120.454405,23.4793475],[120.4554978,23.479481],[120.4561999,23.4795683],[120.4568989,23.4796448],[120.4579235,23.479783],[120.4589514,23.4798814],[120.4590246,23.479887],[120.4591403,23.4798982],[120.460232,23.4800443]]}},{"type":"Feature","id":273260883,"properties":{"osm_id":273260883,"name":"中興路","name_en":"Zhongxing Road","highway":"tertiary","lanes":"2","oneway":"yes","surface":"asphalt","source":"OpenStreetMap"},"geometry":{"type":"LineString","coordinates":[[120.4397178,23.4802116],[120.4390675,23.4806608],[120.4389873,23.4807147]]}},{"type":"Feature","id":364965290,"properties":{"osm_id":364965290,"name":"中興路","name_en":"Zhongxing Road","highway":"tertiary","lanes":"2","oneway":"yes","surface":"asphalt","source":"OpenStreetMap"},"geometry":{"type":"LineString","coordinates":[[120.4376823,23.481622],[120.4375893,23.4816803],[120.4375259,23.4817216],[120.4368011,23.482219],[120.4365456,23.4823936],[120.4364638,23.4824511],[120.4362926,23.4825509]]}},{"type":"Feature","id":364965292,"properties":{"osm_id":364965292,"name":"中興路","name_en":"Zhongxing Road","highway":"tertiary","lanes":"2","oneway":"yes","surface":"asphalt","source":"OpenStreetMap"},"geometry":{"type":"LineString","coordinates":[[120.437697,23.4814859],[120.4377859,23.4814183],[120.4378329,23.4813794],[120.4381266,23.4811767],[120.4387262,23.4807664],[120.4388203,23.4806947]]}},{"type":"Feature","id":365158703,"properties":{"osm_id":365158703,"name":"中興路","name_en":"Zhongxing Road","highway":"tertiary","lanes":"2","oneway":"yes","surface":"asphalt","source":"OpenStreetMap"},"geometry":{"type":"LineString","coordinates":[[120.4389085,23.4806177],[120.4389836,23.4805622],[120.4396399,23.4801202]]}},{"type":"Feature","id":365158704,"properties":{"osm_id":365158704,"name":"中興路","name_en":"Zhongxing Road","highway":"tertiary","lanes":"2","oneway":"yes","surface":"asphalt","source":"OpenStreetMap"},"geometry":{"type":"LineString","coordinates":[[120.4388953,23.4807836],[120.4387963,23.4808513],[120.4382909,23.4812058],[120.437931,23.4814583],[120.4379052,23.4814758],[120.4378524,23.481509],[120.437765,23.4815703]]}},{"type":"Feature","id":382987310,"properties":{"osm_id":382987310,"name":"中興路","name_en":"Zhongxing Road","highway":"tertiary","lanes":"2","oneway":"yes","surface":"asphalt","source":"OpenStreetMap"},"geometry":{"type":"LineString","coordinates":[[120.4388203,23.4806947],[120.4389085,23.4806177]]}},{"type":"Feature","id":407732059,"properties":{"osm_id":407732059,"name":"中興路","name_en":null,"highway":"residential","lanes":null,"oneway":null,"surface":"asphalt","source":"OpenStreetMap"},"geometry":{"type":"LineString","coordinates":[[120.4400393,23.4805892],[120.4400787,23.4805654],[120.44033,23.480413],[120.4404998,23.4803262]]}},{"type":"Feature","id":549150835,"properties":{"osm_id":549150835,"name":"中興路","name_en":"Zhongxing Road","highway":"tertiary","lanes":"2","oneway":"yes","surface":"asphalt","source":"OpenStreetMap"},"geometry":{"type":"LineString","coordinates":[[120.4310674,23.4820395],[120.4312033,23.48205],[120.4318559,23.4821001],[120.4331883,23.4822166],[120.4336368,23.4822535],[120.433845,23.4822242],[120.4340901,23.4822498],[120.4344808,23.4822905],[120.435689,23.4823738],[120.436286,23.4824448]]}},{"type":"Feature","id":549150836,"properties":{"osm_id":549150836,"name":"中興路","name_en":"Zhongxing Road","highway":"tertiary","lanes":"2","oneway":"yes","surface":"asphalt","source":"OpenStreetMap"},"geometry":{"type":"LineString","coordinates":[[120.436286,23.4824448],[120.4364829,23.4823136],[120.4374112,23.4816794],[120.4374618,23.4816449],[120.4375217,23.4816051],[120.4376177,23.4815406]]}},{"type":"Feature","id":549150838,"properties":{"osm_id":549150838,"name":"中興路","name_en":"Zhongxing Road","highway":"tertiary","lanes":"2","oneway":"yes","surface":"asphalt","source":"OpenStreetMap"},"geometry":{"type":"LineString","coordinates":[[120.4362926,23.4825509],[120.4360063,23.4825244],[120.4356822,23.4824945],[120.4354624,23.482475],[120.4346775,23.4824053],[120.4340787,23.4823564],[120.4338355,23.4823366],[120.4336289,23.4823426],[120.4318508,23.482193],[120.4316936,23.4821856],[120.4311941,23.4821496],[120.4310839,23.4821417],[120.4309752,23.4821127]]}},{"type":"Feature","id":801749492,"properties":{"osm_id":801749492,"name":"中興路","name_en":"Zhongxing Road","highway":"tertiary","lanes":null,"oneway":"yes","surface":"asphalt","source":"OpenStreetMap"},"geometry":{"type":"LineString","coordinates":[[120.4389873,23.4807147],[120.4388953,23.4807836]]}},{"type":"Feature","id":1071945375,"properties":{"osm_id":1071945375,"name":"中興路","name_en":"Zhongxing Road","highway":"tertiary","lanes":"2","oneway":"yes","surface":"asphalt","source":"OpenStreetMap"},"geometry":{"type":"LineString","coordinates":[[120.4376177,23.4815406],[120.437697,23.4814859]]}},{"type":"Feature","id":1322936712,"properties":{"osm_id":1322936712,"name":"中興路","name_en":"Zhongxing Road","highway":"tertiary","lanes":"2","oneway":"yes","surface":"asphalt","source":"OpenStreetMap"},"geometry":{"type":"LineString","coordinates":[[120.437765,23.4815703],[120.4376823,23.481622]]}},{"type":"Feature","id":167758377,"properties":{"osm_id":167758377,"name":"五顯街","name_en":"Wuxian Street","highway":"unclassified","lanes":null,"oneway":null,"surface":"asphalt","source":"OpenStreetMap"},"geometry":{"type":"LineString","coordinates":[[120.444193,23.4846563],[120.4448522,23.4847092],[120.445101,23.4847291],[120.4452205,23.4847454],[120.4452744,23.4847672],[120.4452705,23.4848271],[120.4452972,23.484889],[120.4452665,23.4849722],[120.4451045,23.4854128],[120.4449194,23.4860573],[120.444865,23.4862667],[120.4448535,23.4863111],[120.4448098,23.4864795],[120.4447907,23.4865531],[120.4446489,23.487002],[120.4445673,23.4872367],[120.4445521,23.4872564],[120.4444863,23.487342],[120.4444753,23.4874646]]}},{"type":"Feature","id":263761754,"properties":{"osm_id":263761754,"name":"仁愛路","name_en":"Ren-ai Road","highway":"residential","lanes":null,"oneway":"no","surface":"asphalt","source":"OpenStreetMap"},"geometry":{"type":"LineString","coordinates":[[120.4401763,23.4664803],[120.4402853,23.4664879],[120.4404626,23.466493],[120.4410199,23.466509],[120.441639,23.4664534],[120.4416851,23.4664481],[120.4420405,23.4664014],[120.4424365,23.4663447],[120.4426881,23.4662688],[120.4429564,23.4669337],[120.4430415,23.4672578],[120.4430164,23.4676394],[120.4429564,23.468239],[120.4429006,23.4687215],[120.4428764,23.4690989],[120.442817,23.4696098],[120.4427761,23.470072],[120.4427319,23.4704445],[120.4427126,23.4706085],[120.4426568,23.4710651],[120.4426501,23.4711122],[120.4426273,23.4713126],[120.4425982,23.4715749],[120.4425765,23.4717366],[120.4425512,23.4720159],[120.4425417,23.4721274],[120.4425254,23.4723212],[120.4425128,23.4724205],[120.4425014,23.4725052],[120.4424937,23.4725826],[120.4424508,23.4729616],[120.4424467,23.472998],[120.4424346,23.4731053],[120.4424209,23.4732746],[120.4424139,23.4733972],[120.4424098,23.4734531],[120.442328,23.4742128],[120.4423215,23.4742731],[120.4423155,23.4743328],[120.442214,23.4753428],[120.4421349,23.4760788],[120.4420665,23.4767729],[120.4420258,23.4772015],[120.4419944,23.4774687],[120.4418745,23.4784588]]}},{"type":"Feature","id":563448703,"properties":{"osm_id":563448703,"name":"仁愛路","name_en":"Ren-ai Road","highway":"residential","lanes":"3","oneway":"yes","surface":"asphalt","source":"OpenStreetMap"},"geometry":{"type":"LineString","coordinates":[[120.4418745,23.4784588],[120.4418473,23.4786731],[120.4418361,23.4787616]]}},{"type":"Feature","id":167771930,"properties":{"osm_id":167771930,"name":"仁愛路261巷","name_en":null,"highway":"residential","lanes":null,"oneway":null,"surface":"asphalt","source":"OpenStreetMap"},"geometry":{"type":"LineString","coordinates":[[120.4414656,23.4705389],[120.4414576,23.4709498],[120.4414574,23.4710889],[120.4414626,23.4712425],[120.4414818,23.4715872],[120.4414361,23.4719588]]}},{"type":"Feature","id":567813755,"properties":{"osm_id":567813755,"name":"保安一路","name_en":"Bao'an 1st Road","highway":"residential","lanes":"2","oneway":null,"surface":"asphalt","source":"OpenStreetMap"},"geometry":{"type":"LineString","coordinates":[[120.430171,23.4899032],[120.4302681,23.4898955],[120.4303151,23.4898691],[120.4303584,23.4898527],[120.4304553,23.4898161],[120.4306501,23.4898271],[120.4308439,23.4899269],[120.4309956,23.4900885],[120.4312199,23.490375],[120.4314366,23.4906626],[120.4318745,23.4911673],[120.4320312,23.4913381],[120.4323,23.4916696],[120.4324809,23.4918784],[120.43258,23.4919758],[120.4327845,23.4921684],[120.4330897,23.4924226],[120.4334835,23.4927246],[120.4339295,23.4928989],[120.4348213,23.4930458],[120.4353662,23.4931359],[120.4359156,23.4931837],[120.4363944,23.4932254],[120.4368355,23.4932638],[120.4370992,23.4932867],[120.4377585,23.4933441],[120.4384213,23.4933493],[120.4390996,23.4934041],[120.4401924,23.4935065],[120.4402471,23.4935106],[120.4407965,23.4935579],[120.4413701,23.4936091],[120.4418672,23.4936599],[120.4419996,23.4936689],[120.4424338,23.4936985]]}},{"type":"Feature","id":436657419,"properties":{"osm_id":436657419,"name":"保安二路","name_en":"Bao'an 2nd Road","highway":"residential","lanes":"4","oneway":null,"surface":"asphalt","source":"OpenStreetMap"},"geometry":{"type":"LineString","coordinates":[[120.4381992,23.4949812],[120.4382251,23.49476],[120.4382322,23.4946996],[120.4382447,23.4945931],[120.438257,23.4944884],[120.438289,23.494246],[120.4383393,23.4938346],[120.4384213,23.4933493],[120.4384659,23.4930045],[120.4385569,23.4921779],[120.4385752,23.4920381],[120.4386049,23.4916409],[120.4386126,23.4915922],[120.4386452,23.4913891],[120.4386671,23.4912069],[120.4386695,23.4911565],[120.4387081,23.4908368],[120.4387885,23.4901178],[120.4387947,23.4900631],[120.4388055,23.4899899],[120.4389143,23.4892559],[120.4389707,23.4888766],[120.4389951,23.4887107]]}},{"type":"Feature","id":550041176,"properties":{"osm_id":550041176,"name":"保安四路","name_en":null,"highway":"residential","lanes":"2","oneway":null,"surface":"asphalt","source":"OpenStreetMap"},"geometry":{"type":"LineString","coordinates":[[120.436694,23.4906768],[120.4365615,23.4907787],[120.436405,23.4909087],[120.4363687,23.4909441],[120.436266,23.4910441],[120.4359825,23.4913804],[120.4358471,23.4914979],[120.4356327,23.4917789],[120.4355838,23.4918752],[120.4354681,23.4922994],[120.4354146,23.4927976],[120.4353662,23.4931359]]}},{"type":"Feature","id":567813760,"properties":{"osm_id":567813760,"name":"保安四路","name_en":null,"highway":"residential","lanes":null,"oneway":null,"surface":"asphalt","source":"OpenStreetMap"},"geometry":{"type":"LineString","coordinates":[[120.4353662,23.4931359],[120.4353103,23.4936396],[120.4352715,23.4939899],[120.4352492,23.4941905],[120.4352359,23.4943101],[120.4352242,23.4944157],[120.4352184,23.494468],[120.4351922,23.4947041]]}},{"type":"Feature","id":239827699,"properties":{"osm_id":239827699,"name":"信興街","name_en":null,"highway":"residential","lanes":null,"oneway":null,"surface":"asphalt","source":"OpenStreetMap"},"geometry":{"type":"LineString","coordinates":[[120.4588441,23.4682783],[120.4589429,23.4671325],[120.4589839,23.4668796],[120.4590078,23.4666525],[120.45902,23.4665365],[120.4590315,23.4664253],[120.459039,23.4663533],[120.4590748,23.4658405],[120.4590827,23.4657781],[120.4591269,23.4652114],[120.4591281,23.4651741]]}},{"type":"Feature","id":268535844,"properties":{"osm_id":268535844,"name":"信興街","name_en":null,"highway":"residential","lanes":null,"oneway":null,"surface":"asphalt","source":"OpenStreetMap"},"geometry":{"type":"LineString","coordinates":[[120.458702,23.469754],[120.4587095,23.4696455],[120.458743,23.469159],[120.4587901,23.4688004],[120.458804,23.4686204],[120.4588441,23.4682783]]}},{"type":"Feature","id":1117958254,"properties":{"osm_id":1117958254,"name":"信興街","name_en":null,"highway":"residential","lanes":null,"oneway":null,"surface":"asphalt","source":"OpenStreetMap"},"geometry":{"type":"LineString","coordinates":[[120.459143,23.4650806],[120.4591579,23.4650244],[120.4591683,23.4649899],[120.4591757,23.4647232]]}},{"type":"Feature","id":1117958255,"properties":{"osm_id":1117958255,"name":"信興街","name_en":null,"highway":"residential","lanes":null,"oneway":null,"surface":"asphalt","source":"OpenStreetMap"},"geometry":{"type":"LineString","coordinates":[[120.4591281,23.4651741],[120.459143,23.4650806]]}},{"type":"Feature","id":268535868,"properties":{"osm_id":268535868,"name":"信興街73巷","name_en":null,"highway":"residential","lanes":null,"oneway":null,"surface":"asphalt","source":"OpenStreetMap"},"geometry":{"type":"LineString","coordinates":[[120.4591579,23.4650244],[120.4591096,23.4650669],[120.4589582,23.4652026],[120.4584962,23.465729],[120.4583286,23.4658544],[120.4581566,23.4659166],[120.4578455,23.4658693],[120.4575139,23.4658032]]}},{"type":"Feature","id":459318107,"properties":{"osm_id":459318107,"name":"信興街73巷3弄","name_en":null,"highway":"residential","lanes":null,"oneway":null,"surface":"asphalt","source":"OpenStreetMap"},"geometry":{"type":"LineString","coordinates":[[120.4590321,23.4652064],[120.4589582,23.4652026],[120.45871,23.4651545],[120.4585652,23.4651645],[120.458029,23.4654796]]}},{"type":"Feature","id":1556803084,"properties":{"osm_id":1556803084,"name":"信興街78巷","name_en":null,"highway":"residential","lanes":null,"oneway":null,"surface":"asphalt","source":"OpenStreetMap"},"geometry":{"type":"LineString","coordinates":[[120.4610071,23.4652731],[120.4602657,23.4653195],[120.460035,23.465334],[120.4599878,23.465334],[120.4597613,23.465334],[120.4594454,23.4652882],[120.4591269,23.4652114]]}},{"type":"Feature","id":805199742,"properties":{"osm_id":805199742,"name":"信興街78巷28弄","name_en":null,"highway":"residential","lanes":null,"oneway":null,"surface":"asphalt","source":"OpenStreetMap"},"geometry":{"type":"LineString","coordinates":[[120.4602657,23.4653195],[120.4602871,23.4648899]]}},{"type":"Feature","id":435266674,"properties":{"osm_id":435266674,"name":"僑和街","name_en":null,"highway":"residential","lanes":null,"oneway":null,"surface":"asphalt","source":"OpenStreetMap"},"geometry":{"type":"LineString","coordinates":[[120.4311651,23.486229],[120.4312373,23.4862382],[120.4317432,23.4862625],[120.4324956,23.4863086],[120.4326443,23.4862931],[120.4327181,23.4862448],[120.4327682,23.4859875],[120.4327417,23.4858979],[120.4321991,23.4858566],[120.4317622,23.4858233],[120.4311981,23.4858012],[120.4311635,23.4858189],[120.4311427,23.4858449],[120.4311373,23.4859831],[120.4311321,23.4861605],[120.431139,23.4861977],[120.4311651,23.486229]]}},{"type":"Feature","id":435266728,"properties":{"osm_id":435266728,"name":"僑安街","name_en":null,"highway":"residential","lanes":null,"oneway":null,"surface":"asphalt","source":"OpenStreetMap"},"geometry":{"type":"LineString","coordinates":[[120.4326959,23.487815],[120.432822,23.487506],[120.4328056,23.4873674],[120.4327492,23.4870941],[120.4326794,23.4867218],[120.4326306,23.4866691],[120.4325673,23.486663],[120.4324708,23.4866849],[120.4317347,23.4868253]]}},{"type":"Feature","id":176604466,"properties":{"osm_id":176604466,"name":"光仁街","name_en":null,"highway":"residential","lanes":null,"oneway":null,"surface":"asphalt","source":"OpenStreetMap"},"geometry":{"type":"LineString","coordinates":[[120.4691919,23.470037],[120.468541,23.4698637],[120.4679352,23.4695689],[120.4673948,23.4692898],[120.4669635,23.469073],[120.4661442,23.4686055],[120.4660308,23.4685451],[120.4659491,23.4685012],[120.4658236,23.4684975]]}},{"type":"Feature","id":165928921,"properties":{"osm_id":165928921,"name":"光彩街","name_en":"Guangcai Street","highway":"residential","lanes":null,"oneway":"no","surface":"asphalt","source":"OpenStreetMap"},"geometry":{"type":"LineString","coordinates":[[120.462981,23.4796813],[120.4629073,23.4796543],[120.4626036,23.4796138],[120.4614644,23.4794704],[120.4603304,23.4793317]]}},{"type":"Feature","id":563423864,"properties":{"osm_id":563423864,"name":"光彩街","name_en":"Guangcai Street","highway":"residential","lanes":null,"oneway":"yes","surface":"asphalt","source":"OpenStreetMap"},"geometry":{"type":"LineString","coordinates":[[120.4603304,23.4793317],[120.4593066,23.4792084],[120.4592291,23.4791954],[120.4591227,23.4791821],[120.459059,23.4791747],[120.458023,23.4790722],[120.4571294,23.4789644],[120.4562884,23.4788502],[120.4555949,23.478788],[120.4545041,23.4786686],[120.4541026,23.478614],[120.4539281,23.4785903],[120.4533405,23.4785056],[120.4522923,23.4784167],[120.4513637,23.4783289],[120.4506643,23.4782628],[120.4505787,23.4782547],[120.4503269,23.4782309],[120.4497912,23.4781803],[120.4492338,23.4781275],[120.4486203,23.4780695],[120.4475375,23.4779635],[120.4464051,23.4778595],[120.4452957,23.4777612],[120.4451981,23.4777526],[120.444305,23.4776734],[120.4442616,23.4776696],[120.4437036,23.4776201],[120.4431763,23.4775734],[120.4419944,23.4774687],[120.4409665,23.4773781]]}},{"type":"Feature","id":1331890572,"properties":{"osm_id":1331890572,"name":"光彩街","name_en":"Guangcai Street","highway":"residential","lanes":"4","oneway":"no","surface":"asphalt","source":"OpenStreetMap"},"geometry":{"type":"LineString","coordinates":[[120.4643539,23.479868],[120.4634591,23.4797426],[120.462981,23.4796813]]}},{"type":"Feature","id":563614420,"properties":{"osm_id":563614420,"name":"光華路","name_en":"Guanghua Road","highway":"residential","lanes":"2","oneway":null,"surface":"asphalt","source":"OpenStreetMap"},"geometry":{"type":"LineString","coordinates":[[120.4512862,23.4789949],[120.4505701,23.4793795],[120.4499679,23.4796943],[120.449806,23.4797824]]}},{"type":"Feature","id":717901633,"properties":{"osm_id":717901633,"name":"光華路","name_en":"Guanghua Road","highway":"residential","lanes":null,"oneway":null,"surface":"asphalt","source":"OpenStreetMap"},"geometry":{"type":"LineString","coordinates":[[120.4559191,23.4765321],[120.4555992,23.4767489],[120.454685,23.4772133],[120.4534309,23.4778167]]}},{"type":"Feature","id":1453012211,"properties":{"osm_id":1453012211,"name":"光華路","name_en":"Guanghua Road","highway":"residential","lanes":"2","oneway":null,"surface":"asphalt","source":"OpenStreetMap"},"geometry":{"type":"LineString","coordinates":[[120.4534309,23.4778167],[120.4522923,23.4784167],[120.4512862,23.4789949]]}},{"type":"Feature","id":372793010,"properties":{"osm_id":372793010,"name":"公園街","name_en":null,"highway":"residential","lanes":null,"oneway":null,"surface":"asphalt","source":"OpenStreetMap"},"geometry":{"type":"LineString","coordinates":[[120.4641464,23.4826985],[120.4641522,23.4826165],[120.464192,23.4822636],[120.4642008,23.4819473],[120.4641999,23.4818767],[120.4641889,23.4810607],[120.464188,23.4809907],[120.4642477,23.4804559],[120.4642838,23.4803431],[120.4643123,23.4801307],[120.4643539,23.479868]]}},{"type":"Feature","id":1484479340,"properties":{"osm_id":1484479340,"name":"公園街","name_en":null,"highway":"residential","lanes":null,"oneway":null,"surface":"asphalt","source":"OpenStreetMap"},"geometry":{"type":"LineString","coordinates":[[120.4643539,23.479868],[120.4652805,23.47999],[120.4655103,23.4800363],[120.4665641,23.4802088],[120.4667876,23.4802159],[120.4669313,23.4802197],[120.466948,23.4802209],[120.4674881,23.4802883]]}},{"type":"Feature","id":163167051,"properties":{"osm_id":163167051,"name":"公明路","name_en":"Gongming Road","highway":"tertiary","lanes":null,"oneway":null,"surface":"asphalt","source":"OpenStreetMap"},"geometry":{"type":"LineString","coordinates":[[120.4531602,23.4798482],[120.4521183,23.4797814],[120.4511754,23.4798272],[120.4507085,23.4798456],[120.4500185,23.47988],[120.4498453,23.479889]]}},{"type":"Feature","id":258133268,"properties":{"osm_id":258133268,"name":"公明路","name_en":"Gongming Road","highway":"tertiary","lanes":null,"oneway":null,"surface":"asphalt","source":"OpenStreetMap"},"geometry":{"type":"LineString","coordinates":[[120.4566415,23.4805033],[120.4565773,23.4804825],[120.4565231,23.4804447],[120.4564841,23.4803934],[120.4564641,23.4803337],[120.4564651,23.4802712],[120.4564837,23.4802177],[120.4565177,23.4801709],[120.4565645,23.4801346],[120.4566203,23.4801116],[120.4566809,23.4801035],[120.4567812,23.4801177],[120.4567975,23.4801338],[120.4568445,23.4801697],[120.4568789,23.480216],[120.456898,23.4802693],[120.4569004,23.4803253],[120.4568892,23.4803717],[120.4568664,23.4804144],[120.4568334,23.480451],[120.4567919,23.4804796],[120.4567443,23.4804984],[120.4566932,23.4805065],[120.4566415,23.4805033]]}},{"type":"Feature","id":258133270,"properties":{"osm_id":258133270,"name":"公明路","name_en":"Gongming Road","highway":"tertiary","lanes":null,"oneway":null,"surface":"asphalt","source":"OpenStreetMap"},"geometry":{"type":"LineString","coordinates":[[120.4564651,23.4802712],[120.4561046,23.480229],[120.4554012,23.4801468]]}},{"type":"Feature","id":564780237,"properties":{"osm_id":564780237,"name":"公明路","name_en":"Gongming Road","highway":"tertiary","lanes":null,"oneway":null,"surface":"asphalt","source":"OpenStreetMap"},"geometry":{"type":"LineString","coordinates":[[120.4612815,23.4808258],[120.461138,23.4808101],[120.4605384,23.4807327],[120.4601608,23.480686],[120.459476,23.4806076],[120.4591399,23.4805662],[120.4590377,23.4805536]]}},{"type":"Feature","id":717901645,"properties":{"osm_id":717901645,"name":"公明路","name_en":"Gongming Road","highway":"tertiary","lanes":null,"oneway":null,"surface":"asphalt","source":"OpenStreetMap"},"geometry":{"type":"LineString","coordinates":[[120.4554012,23.4801468],[120.4548304,23.4800837],[120.4543066,23.4800258],[120.4537131,23.4799414],[120.4531602,23.4798482]]}},{"type":"Feature","id":807913059,"properties":{"osm_id":807913059,"name":"公明路","name_en":"Gongming Road","highway":"tertiary","lanes":null,"oneway":null,"surface":"asphalt","source":"OpenStreetMap"},"geometry":{"type":"LineString","coordinates":[[120.4590377,23.4805536],[120.4589384,23.4805432],[120.4588448,23.4805344],[120.4578819,23.4804432],[120.457832,23.4804372],[120.4577583,23.4804283],[120.4569004,23.4803253]]}},{"type":"Feature","id":807913060,"properties":{"osm_id":807913060,"name":"公明路","name_en":"Gongming Road","highway":"tertiary","lanes":null,"oneway":null,"surface":"asphalt","source":"OpenStreetMap"},"geometry":{"type":"LineString","coordinates":[[120.4635815,23.4810923],[120.4634371,23.4810805],[120.4633978,23.4810773],[120.462435,23.4809407],[120.4615565,23.480856],[120.4614106,23.48084],[120.4612815,23.4808258]]}},{"type":"Feature","id":545192632,"properties":{"osm_id":545192632,"name":"公義路","name_en":null,"highway":"residential","lanes":null,"oneway":"yes","surface":"asphalt","source":"OpenStreetMap"},"geometry":{"type":"LineString","coordinates":[[120.4615502,23.4748075],[120.4617287,23.4749678],[120.4618337,23.4750645],[120.4619083,23.4751734],[120.4621945,23.4755481],[120.4624588,23.4758678],[120.462671,23.4760361],[120.4628119,23.4761471],[120.4631304,23.4763146],[120.4633513,23.4764027],[120.4638054,23.4764705],[120.4644963,23.4766463],[120.4645607,23.476711]]}},{"type":"Feature","id":564796520,"properties":{"osm_id":564796520,"name":"公義路","name_en":"Gongyi Road","highway":"unclassified","lanes":null,"oneway":"yes","surface":"asphalt","source":"OpenStreetMap"},"geometry":{"type":"LineString","coordinates":[[120.4621243,23.4749669],[120.462083,23.4750383],[120.4620526,23.4750827],[120.4620382,23.4751601],[120.4620368,23.4752135],[120.4621306,23.4753726],[120.4621945,23.4755481]]}},{"type":"Feature","id":165928873,"properties":{"osm_id":165928873,"name":"共和路","name_en":"Gonghe Road","highway":"residential","lanes":null,"oneway":null,"surface":"asphalt","source":"OpenStreetMap"},"geometry":{"type":"LineString","coordinates":[[120.4559638,23.4759942],[120.4559451,23.4761738],[120.4559191,23.4765321],[120.4558661,23.4769019],[120.4558082,23.4773426],[120.4557963,23.4774249],[120.455694,23.4780681],[120.4555949,23.478788],[120.4554978,23.479481],[120.4554012,23.4801468],[120.4552932,23.4808862],[120.4551519,23.4816981],[120.4550805,23.4823779],[120.4549649,23.4831764],[120.4549099,23.4835278],[120.4548705,23.4837797],[120.4548104,23.4841642],[120.4547782,23.4843698],[120.4546956,23.484898],[120.4546912,23.4849261]]}},{"type":"Feature","id":357024850,"properties":{"osm_id":357024850,"name":"共和路","name_en":"Gonghe Road","highway":"living_street","lanes":null,"oneway":null,"surface":"asphalt","source":"OpenStreetMap"},"geometry":{"type":"LineString","coordinates":[[120.4546912,23.4849261],[120.4546072,23.4855097],[120.4545344,23.4860153],[120.4545247,23.4860829],[120.4544758,23.4864227],[120.4544537,23.4865395]]}},{"type":"Feature","id":1453005122,"properties":{"osm_id":1453005122,"name":"共和路","name_en":"Gonghe Road","highway":"residential","lanes":"2","oneway":null,"surface":"asphalt","source":"OpenStreetMap"},"geometry":{"type":"LineString","coordinates":[[120.4561399,23.47431],[120.4561278,23.4744432],[120.4561178,23.4745353],[120.4561133,23.4745863],[120.4560138,23.4755127],[120.4559638,23.4759942]]}},{"type":"Feature","id":860300048,"properties":{"osm_id":860300048,"name":"共和路356巷","name_en":null,"highway":"residential","lanes":null,"oneway":null,"surface":"asphalt","source":"OpenStreetMap"},"geometry":{"type":"LineString","coordinates":[[120.4546956,23.484898],[120.455242,23.4849649]]}},{"type":"Feature","id":545177167,"properties":{"osm_id":545177167,"name":"力行街","name_en":"Lixing Street","highway":"residential","lanes":null,"oneway":null,"surface":"asphalt","source":"OpenStreetMap"},"geometry":{"type":"LineString","coordinates":[[120.4379382,23.4748494],[120.4379765,23.4744703],[120.4380332,23.4739088],[120.4381093,23.4730454],[120.4381162,23.4729673],[120.4381209,23.4729137],[120.438102,23.4728686]]}},{"type":"Feature","id":563573846,"properties":{"osm_id":563573846,"name":"北安路","name_en":null,"highway":"residential","lanes":null,"oneway":null,"surface":"asphalt","source":"OpenStreetMap"},"geometry":{"type":"LineString","coordinates":[[120.4342667,23.4901513],[120.4337663,23.4899719],[120.4335269,23.4899059],[120.433236,23.4898094],[120.4330227,23.4897386],[120.4328474,23.4896653],[120.4325579,23.4895442],[120.4324406,23.4894951],[120.4323681,23.4894494],[120.4319874,23.4892094],[120.4316034,23.4890461],[120.4313015,23.4888653],[120.4309384,23.4887556],[120.4307486,23.488696],[120.4304794,23.4886606],[120.4303954,23.4886495],[120.4303142,23.4886317]]}},{"type":"Feature","id":163164510,"properties":{"osm_id":163164510,"name":"北榮街","name_en":"Beirong Street","highway":"unclassified","lanes":"1","oneway":"yes","surface":"asphalt","source":"OpenStreetMap"},"geometry":{"type":"LineString","coordinates":[[120.4526739,23.4821167],[120.4521117,23.4818799],[120.4516183,23.4816838],[120.4511684,23.4815145],[120.4506975,23.4813204],[120.4497338,23.4810103],[120.4493805,23.4808694],[120.4483591,23.4807703],[120.4477047,23.4807437],[120.4472104,23.4806946],[120.4467281,23.4806497],[120.4461138,23.4805926],[120.4450056,23.48046],[120.444032,23.4803829],[120.4432902,23.4803172]]}},{"type":"Feature","id":263634869,"properties":{"osm_id":263634869,"name":"北榮街","name_en":null,"highway":"residential","lanes":null,"oneway":null,"surface":"asphalt","source":"OpenStreetMap"},"geometry":{"type":"LineString","coordinates":[[120.4522958,23.4815579],[120.4517852,23.4813311],[120.451364,23.4811501],[120.4509047,23.4809405]]}},{"type":"Feature","id":437074748,"properties":{"osm_id":437074748,"name":"北榮街44巷","name_en":null,"highway":"residential","lanes":null,"oneway":null,"surface":"asphalt","source":"OpenStreetMap"},"geometry":{"type":"LineString","coordinates":[[120.4511684,23.4815145],[120.451364,23.4811501]]}},{"type":"Feature","id":28192435,"properties":{"osm_id":28192435,"name":"北港路","name_en":"Beigang Road","highway":"tertiary","lanes":null,"oneway":"no","surface":"asphalt","source":"OpenStreetMap"},"geometry":{"type":"LineString","coordinates":[[120.4356501,23.4768574],[120.4355815,23.4769005],[120.4346142,23.4774837],[120.434562,23.4775079]]}},{"type":"Feature","id":163715240,"properties":{"osm_id":163715240,"name":"北港路","name_en":"Beigang Road","highway":"unclassified","lanes":null,"oneway":"no","surface":"asphalt","source":"OpenStreetMap"},"geometry":{"type":"LineString","coordinates":[[120.4354131,23.4751718],[120.4355749,23.4760833],[120.4356615,23.4766082],[120.4357018,23.4767264],[120.43573,23.4768094]]}},{"type":"Feature","id":275729408,"properties":{"osm_id":275729408,"name":"北港路","name_en":"Beigang Road","highway":"unclassified","lanes":null,"oneway":null,"surface":"asphalt","source":"OpenStreetMap"},"geometry":{"type":"LineString","coordinates":[[120.4356501,23.4768574],[120.43573,23.4768094],[120.4357587,23.4767936],[120.4361565,23.4765741],[120.4368443,23.4761812],[120.4370835,23.4760446]]}},{"type":"Feature","id":281045788,"properties":{"osm_id":281045788,"name":"北港路","name_en":"Beigang Road","highway":"tertiary","lanes":null,"oneway":"no","surface":"asphalt","source":"OpenStreetMap"},"geometry":{"type":"LineString","coordinates":[[120.434562,23.4775079],[120.434412,23.4775152]]}},{"type":"Feature","id":364788641,"properties":{"osm_id":364788641,"name":"北港路","name_en":"Beigang Road","highway":"secondary","lanes":null,"oneway":"yes","surface":"asphalt","source":"OpenStreetMap"},"geometry":{"type":"LineString","coordinates":[[120.4297964,23.4801632],[120.4298662,23.4801234],[120.4309668,23.4795136],[120.4310531,23.4794648],[120.4313652,23.4792857],[120.4330627,23.4782905],[120.4331447,23.4782424],[120.4332303,23.4781922],[120.4341227,23.4776689],[120.4342139,23.4776008]]}},{"type":"Feature","id":563243155,"properties":{"osm_id":563243155,"name":"北港路","name_en":"Beigang Road","highway":"secondary","lanes":null,"oneway":"yes","surface":"asphalt","source":"OpenStreetMap"},"geometry":{"type":"LineString","coordinates":[[120.434412,23.4775152],[120.4343672,23.4776211]]}},{"type":"Feature","id":703477854,"properties":{"osm_id":703477854,"name":"北港路","name_en":"Beigang Road","highway":"secondary","lanes":"2","oneway":"yes","surface":"asphalt","source":"OpenStreetMap"},"geometry":{"type":"LineString","coordinates":[[120.4342548,23.4776538],[120.4341591,23.4777299],[120.4336774,23.4780136],[120.4332733,23.4782517],[120.4331628,23.4783146],[120.4331073,23.4783474],[120.4329239,23.4784556],[120.4311,23.4795321],[120.4310159,23.4795818],[120.4303041,23.4800007],[120.4299352,23.4802178],[120.4298648,23.4802599],[120.4297531,23.4803284]]}},{"type":"Feature","id":703477855,"properties":{"osm_id":703477855,"name":"北港路","name_en":"Beigang Road","highway":"secondary","lanes":null,"oneway":"yes","surface":"asphalt","source":"OpenStreetMap"},"geometry":{"type":"LineString","coordinates":[[120.4342139,23.4776008],[120.4342868,23.4775233],[120.4343148,23.4774131]]}},{"type":"Feature","id":1322936709,"properties":{"osm_id":1322936709,"name":"北港路","name_en":"Beigang Road","highway":"secondary","lanes":null,"oneway":"yes","surface":"asphalt","source":"OpenStreetMap"},"geometry":{"type":"LineString","coordinates":[[120.4343672,23.4776211],[120.4342548,23.4776538]]}},{"type":"Feature","id":563265550,"properties":{"osm_id":563265550,"name":"北興街","name_en":"Beixing Street","highway":"residential","lanes":"2","oneway":null,"surface":"asphalt","source":"OpenStreetMap"},"geometry":{"type":"LineString","coordinates":[[120.4319874,23.4892094],[120.4329006,23.4886184],[120.433467,23.4882636],[120.4338098,23.4880541],[120.4339839,23.4879459],[120.43418,23.4878239],[120.4351913,23.4872449],[120.4353803,23.4871579],[120.4355704,23.4870613],[120.4358972,23.4868953],[120.4359712,23.4868577],[120.4363538,23.4866612],[120.4367249,23.4864686],[120.4368281,23.4864139],[120.4369236,23.4863667],[120.4376668,23.4859892],[120.4382002,23.4857317],[120.4390125,23.4853002],[120.4390439,23.4852857],[120.4395102,23.4850699],[120.4400618,23.4847597],[120.4401139,23.4847304],[120.4402368,23.484668],[120.4403209,23.4846275],[120.440428,23.4845884],[120.4404702,23.4845605],[120.4412607,23.4841852],[120.4414674,23.4840616],[120.4415798,23.4840079],[120.4416789,23.4839663],[120.4417505,23.4839369],[120.4423759,23.4836341],[120.4426095,23.4835196],[120.4428397,23.4834003],[120.4430576,23.4833011],[120.4432524,23.4832125],[120.4435492,23.4831478],[120.4436686,23.4831623]]}},{"type":"Feature","id":563690272,"properties":{"osm_id":563690272,"name":"北興街411巷","name_en":null,"highway":"residential","lanes":null,"oneway":null,"surface":"asphalt","source":"OpenStreetMap"},"geometry":{"type":"LineString","coordinates":[[120.4338151,23.4873709],[120.4343788,23.4873654],[120.4346435,23.4873139],[120.435098,23.487253],[120.4351913,23.4872449]]}},{"type":"Feature","id":1037243604,"properties":{"osm_id":1037243604,"name":"北興街503巷","name_en":null,"highway":"residential","lanes":null,"oneway":null,"surface":null,"source":"OpenStreetMap"},"geometry":{"type":"LineString","coordinates":[[120.4322655,23.4879843],[120.4325125,23.48799],[120.4325113,23.4880907],[120.4329006,23.4886184]]}},{"type":"Feature","id":99540275,"properties":{"osm_id":99540275,"name":"北興陸橋","name_en":"Beixing Viaduct","highway":"tertiary","lanes":null,"oneway":"yes","surface":"asphalt","source":"OpenStreetMap"},"geometry":{"type":"LineString","coordinates":[[120.442633,23.4840942],[120.4447751,23.4824315],[120.4448612,23.4823807],[120.4456956,23.4820204]]}},{"type":"Feature","id":545181162,"properties":{"osm_id":545181162,"name":"北興陸橋","name_en":"Beixing Viaduct","highway":"tertiary","lanes":null,"oneway":"yes","surface":"asphalt","source":"OpenStreetMap"},"geometry":{"type":"LineString","coordinates":[[120.4457172,23.4820722],[120.4449432,23.4824015],[120.4448311,23.4824588],[120.4426704,23.4841363]]}},{"type":"Feature","id":545181163,"properties":{"osm_id":545181163,"name":"北興陸橋","name_en":"Beixing Viaduct","highway":"tertiary","lanes":null,"oneway":"yes","surface":"asphalt","source":"OpenStreetMap"},"geometry":{"type":"LineString","coordinates":[[120.4456956,23.4820204],[120.445968,23.4819649]]}},{"type":"Feature","id":945809284,"properties":{"osm_id":945809284,"name":"北興陸橋","name_en":"Beixing Viaduct","highway":"tertiary","lanes":null,"oneway":"yes","surface":"asphalt","source":"OpenStreetMap"},"geometry":{"type":"LineString","coordinates":[[120.445968,23.4819649],[120.4457172,23.4820722]]}},{"type":"Feature","id":1133519722,"properties":{"osm_id":1133519722,"name":"北興陸橋(機慢車道)","name_en":null,"highway":"unclassified","lanes":null,"oneway":"yes","surface":null,"source":"OpenStreetMap"},"geometry":{"type":"LineString","coordinates":[[120.4426448,23.4840303],[120.4431486,23.4836351],[120.4436925,23.4832193],[120.4442482,23.4827921],[120.4444439,23.4826404],[120.4447053,23.4824209],[120.4447554,23.4823872],[120.4449215,23.4823117],[120.4456805,23.4819958]]}},{"type":"Feature","id":1133519723,"properties":{"osm_id":1133519723,"name":"北興陸橋(機慢車道)","name_en":null,"highway":"unclassified","lanes":null,"oneway":"yes","surface":null,"source":"OpenStreetMap"},"geometry":{"type":"LineString","coordinates":[[120.4457378,23.4821033],[120.4456853,23.4821266],[120.4448716,23.4824858],[120.4448139,23.4825242],[120.4444519,23.4828205],[120.4427304,23.4841531]]}},{"type":"Feature","id":435266702,"properties":{"osm_id":435266702,"name":"北鎮街25巷","name_en":null,"highway":"residential","lanes":null,"oneway":null,"surface":"asphalt","source":"OpenStreetMap"},"geometry":{"type":"LineString","coordinates":[[120.4316544,23.4884026],[120.4320783,23.4884516],[120.4321534,23.4884381],[120.4321996,23.4883807],[120.4322519,23.4881188],[120.4322655,23.4879843],[120.4323236,23.4876149]]}},{"type":"Feature","id":166117965,"properties":{"osm_id":166117965,"name":"北門街","name_en":"Beimen Street","highway":"residential","lanes":null,"oneway":null,"surface":"asphalt","source":"OpenStreetMap"},"geometry":{"type":"LineString","coordinates":[[120.448696,23.4837939],[120.4497773,23.4840221],[120.4508222,23.4842343],[120.4517531,23.4844241],[120.452236,23.4845424]]}},{"type":"Feature","id":226959266,"properties":{"osm_id":226959266,"name":"北門街","name_en":"Beimen Street","highway":"residential","lanes":null,"oneway":null,"surface":"asphalt","source":"OpenStreetMap"},"geometry":{"type":"LineString","coordinates":[[120.452236,23.4845424],[120.4536315,23.4847771],[120.4546956,23.484898]]}},{"type":"Feature","id":791966504,"properties":{"osm_id":791966504,"name":"北門驛廣場","name_en":null,"highway":"pedestrian","lanes":null,"oneway":null,"surface":null,"source":"OpenStreetMap"},"geometry":{"type":"LineString","coordinates":[[120.4548906,23.4876592],[120.454915,23.4876014],[120.4549658,23.4874355],[120.4549373,23.4873908],[120.4547804,23.4872936],[120.4546406,23.4873311],[120.4545227,23.4874801],[120.4548906,23.4876592]]}},{"type":"Feature","id":548856085,"properties":{"osm_id":548856085,"name":"南京路","name_en":"Nanjing Road","highway":"tertiary","lanes":"2","oneway":"no","surface":"asphalt","source":"OpenStreetMap"},"geometry":{"type":"LineString","coordinates":[[120.4358458,23.4675861],[120.4358286,23.4677298],[120.4356792,23.468975],[120.4356579,23.4691529],[120.4355856,23.4697556]]}},{"type":"Feature","id":548856087,"properties":{"osm_id":548856087,"name":"南京路","name_en":"Nanjing Road","highway":"tertiary","lanes":"2","oneway":"no","surface":"asphalt","source":"OpenStreetMap"},"geometry":{"type":"LineString","coordinates":[[120.4365362,23.4613627],[120.4365246,23.4614399],[120.4365205,23.4614618],[120.4365067,23.4616222],[120.4364982,23.4616974],[120.4364757,23.4618957],[120.4364179,23.4624061],[120.4363753,23.4627817],[120.4362672,23.4637352],[120.4362538,23.4638526],[120.4362469,23.4639142],[120.4362087,23.4642511],[120.4361371,23.4648821],[120.4361298,23.4649468],[120.4361023,23.465189],[120.4360958,23.4652465]]}},{"type":"Feature","id":563812003,"properties":{"osm_id":563812003,"name":"南京路","name_en":"Nanjing Road","highway":"tertiary","lanes":"2","oneway":"no","surface":"asphalt","source":"OpenStreetMap"},"geometry":{"type":"LineString","coordinates":[[120.4360709,23.465426],[120.436062,23.4655115],[120.4359633,23.4664588],[120.435956,23.4665282],[120.4358999,23.4670673],[120.4358654,23.4674059],[120.4358458,23.4675861]]}},{"type":"Feature","id":563812004,"properties":{"osm_id":563812004,"name":"南京路","name_en":"Nanjing Road","highway":"tertiary","lanes":"2","oneway":"no","surface":"asphalt","source":"OpenStreetMap"},"geometry":{"type":"LineString","coordinates":[[120.4360958,23.4652465],[120.4360709,23.465426]]}},{"type":"Feature","id":163964421,"properties":{"osm_id":163964421,"name":"南京路457巷","name_en":null,"highway":"residential","lanes":null,"oneway":null,"surface":"asphalt","source":"OpenStreetMap"},"geometry":{"type":"LineString","coordinates":[[120.4344389,23.465725],[120.4352699,23.4659956],[120.4355149,23.4661525],[120.4358676,23.4663811],[120.4359633,23.4664588]]}},{"type":"Feature","id":268535867,"properties":{"osm_id":268535867,"name":"南田路","name_en":"Nantian Road","highway":"residential","lanes":null,"oneway":null,"surface":"asphalt","source":"OpenStreetMap"},"geometry":{"type":"LineString","coordinates":[[120.4572251,23.4681287],[120.4572101,23.4684978],[120.4572031,23.4686618],[120.4571691,23.4689979],[120.457161,23.4695023],[120.4571593,23.4696052],[120.4571009,23.4700724],[120.4570929,23.4702481],[120.45708,23.4704122],[120.4570582,23.4707502],[120.4570505,23.4709217],[120.4570272,23.4712453],[120.4570151,23.4713624],[120.4569895,23.4717613],[120.4569573,23.472422]]}},{"type":"Feature","id":147699384,"properties":{"osm_id":147699384,"name":"南興路","name_en":"Nanxing Road","highway":"residential","lanes":null,"oneway":"no","surface":"asphalt","source":"OpenStreetMap"},"geometry":{"type":"LineString","coordinates":[[120.462017,23.4668368],[120.4611872,23.4667502],[120.4607306,23.4667026],[120.4603736,23.4666715],[120.4591,23.4665444],[120.45902,23.4665365],[120.4589441,23.4665289],[120.4586917,23.4665038],[120.4582052,23.46647],[120.4576801,23.4664334],[120.4574742,23.4664191],[120.4565091,23.4663264],[120.4560315,23.4662827],[120.4559655,23.4662767],[120.455834,23.4662622],[120.4553099,23.4662044],[120.4548567,23.4661543],[120.4547895,23.4660978],[120.4546669,23.4660867],[120.4546124,23.4660565]]}},{"type":"Feature","id":566514898,"properties":{"osm_id":566514898,"name":"南興路199巷","name_en":null,"highway":"unclassified","lanes":null,"oneway":null,"surface":"asphalt","source":"OpenStreetMap"},"geometry":{"type":"LineString","coordinates":[[120.4575475,23.4654979],[120.4575475,23.465594],[120.457526,23.4656646],[120.4574948,23.4657519]]}},{"type":"Feature","id":1556803090,"properties":{"osm_id":1556803090,"name":"南興路199巷","name_en":null,"highway":"residential","lanes":null,"oneway":null,"surface":"asphalt","source":"OpenStreetMap"},"geometry":{"type":"LineString","coordinates":[[120.4574948,23.4657519],[120.4575139,23.4658032],[120.4575201,23.4659259],[120.4574742,23.4664191]]}},{"type":"Feature","id":268796265,"properties":{"osm_id":268796265,"name":"南興路216巷","name_en":null,"highway":"residential","lanes":null,"oneway":null,"surface":"asphalt","source":"OpenStreetMap"},"geometry":{"type":"LineString","coordinates":[[120.4559655,23.4662767],[120.4559507,23.4663515],[120.4564567,23.4665756],[120.4569868,23.4667365]]}},{"type":"Feature","id":1558540482,"properties":{"osm_id":1558540482,"name":"南興路218巷","name_en":null,"highway":"residential","lanes":null,"oneway":null,"surface":null,"source":"OpenStreetMap"},"geometry":{"type":"LineString","coordinates":[[120.4566076,23.4668875],[120.4563785,23.4668658],[120.4558285,23.4668193],[120.4547139,23.4667252]]}},{"type":"Feature","id":1558540491,"properties":{"osm_id":1558540491,"name":"南興路218巷","name_en":null,"highway":"residential","lanes":null,"oneway":null,"surface":"asphalt","source":"OpenStreetMap"},"geometry":{"type":"LineString","coordinates":[[120.4563273,23.4672096],[120.4563718,23.4669153],[120.4563785,23.4668658],[120.4563637,23.4667825],[120.4564567,23.4665756]]}},{"type":"Feature","id":147699387,"properties":{"osm_id":147699387,"name":"南門路","name_en":"Nanmen Road","highway":"residential","lanes":null,"oneway":null,"surface":"asphalt","source":"OpenStreetMap"},"geometry":{"type":"LineString","coordinates":[[120.4561406,23.47623],[120.4563014,23.4755488],[120.4565018,23.4745928],[120.4565136,23.4745452],[120.4565245,23.4744791]]}},{"type":"Feature","id":223521708,"properties":{"osm_id":223521708,"name":"博愛路一段","name_en":null,"highway":"primary","lanes":null,"oneway":"yes","surface":"asphalt","source":"OpenStreetMap"},"geometry":{"type":"LineString","coordinates":[[120.4416789,23.4839663],[120.4417268,23.4840256],[120.4419249,23.4842712]]}},{"type":"Feature","id":306117997,"properties":{"osm_id":306117997,"name":"博愛路一段","name_en":"Bo'ai Road Section 1","highway":"primary","lanes":"2","oneway":"yes","surface":"asphalt","source":"OpenStreetMap"},"geometry":{"type":"LineString","coordinates":[[120.4528215,23.4901526],[120.4525574,23.4901399]]}},{"type":"Feature","id":563300597,"properties":{"osm_id":563300597,"name":"博愛路一段","name_en":"Bo'ai Road Section 1","highway":"primary","lanes":null,"oneway":"yes","surface":"asphalt","source":"OpenStreetMap"},"geometry":{"type":"LineString","coordinates":[[120.4458477,23.489089],[120.4453237,23.4884534],[120.4444753,23.4874646],[120.4441132,23.4870294],[120.4437752,23.4866442],[120.4433525,23.486123],[120.4429824,23.4856824],[120.4427908,23.4854413],[120.4425765,23.4851918],[120.4425168,23.4851225],[120.4422977,23.4848561],[120.442105,23.4846276]]}},{"type":"Feature","id":563300598,"properties":{"osm_id":563300598,"name":"博愛路一段","name_en":"Bo'ai Road Section 1","highway":"primary","lanes":null,"oneway":"yes","surface":"asphalt","source":"OpenStreetMap"},"geometry":{"type":"LineString","coordinates":[[120.4463191,23.4894054],[120.4464992,23.4894368],[120.4466546,23.4894443]]}},{"type":"Feature","id":563312731,"properties":{"osm_id":563312731,"name":"博愛路一段","name_en":"Bo'ai Road Section 1","highway":"primary","lanes":null,"oneway":"yes","surface":"asphalt","source":"OpenStreetMap"},"geometry":{"type":"LineString","coordinates":[[120.4466457,23.4895018],[120.4464827,23.4894861],[120.4463926,23.4894816],[120.4462172,23.4894649],[120.4461466,23.4894251],[120.4460572,23.489338],[120.4460261,23.4892942],[120.4459769,23.489233],[120.4459014,23.4891408],[120.4458477,23.489089]]}},{"type":"Feature","id":563312734,"properties":{"osm_id":563312734,"name":"博愛路一段","name_en":"Bo'ai Road Section 1","highway":"primary","lanes":null,"oneway":"yes","surface":"asphalt","source":"OpenStreetMap"},"geometry":{"type":"LineString","coordinates":[[120.445928,23.4890356],[120.4460096,23.4891072],[120.4460974,23.4892105],[120.4461439,23.4892713],[120.44623,23.4893333],[120.4463191,23.4894054]]}},{"type":"Feature","id":563377072,"properties":{"osm_id":563377072,"name":"博愛路一段","name_en":"Bo'ai Road Section 1","highway":"primary","lanes":"4","oneway":"yes","surface":"asphalt","source":"OpenStreetMap"},"geometry":{"type":"LineString","coordinates":[[120.4532586,23.4901957],[120.453049,23.4901756],[120.4529544,23.4901666],[120.4528215,23.4901526]]}},{"type":"Feature","id":563377076,"properties":{"osm_id":563377076,"name":"博愛路一段","name_en":"Bo'ai Road Section 1","highway":"primary","lanes":"2","oneway":"yes","surface":"asphalt","source":"OpenStreetMap"},"geometry":{"type":"LineString","coordinates":[[120.4524662,23.4900732],[120.4528243,23.4901012],[120.4529614,23.4901102]]}},{"type":"Feature","id":570487313,"properties":{"osm_id":570487313,"name":"博愛路一段","name_en":"Bo'ai Road Section 1","highway":"primary","lanes":null,"oneway":"yes","surface":"asphalt","source":"OpenStreetMap"},"geometry":{"type":"LineString","coordinates":[[120.4419249,23.4842712],[120.4421162,23.4844938],[120.4421744,23.4845672],[120.4423642,23.4848025],[120.4426005,23.4850895],[120.4430363,23.4856128],[120.4436152,23.4862951],[120.4438215,23.4865588],[120.4444863,23.487342],[120.4457793,23.4888691],[120.445928,23.4890356]]}},{"type":"Feature","id":668211867,"properties":{"osm_id":668211867,"name":"博愛路一段","name_en":"Bo'ai Road Section 1","highway":"primary","lanes":"4","oneway":"yes","surface":"asphalt","source":"OpenStreetMap"},"geometry":{"type":"LineString","coordinates":[[120.4529614,23.4901102],[120.4532671,23.4901352]]}},{"type":"Feature","id":801749503,"properties":{"osm_id":801749503,"name":"博愛路一段","name_en":null,"highway":"primary","lanes":null,"oneway":"yes","surface":"asphalt","source":"OpenStreetMap"},"geometry":{"type":"LineString","coordinates":[[120.442105,23.4846276],[120.4420319,23.4845515],[120.4418546,23.4843248],[120.4416444,23.4840824],[120.4415798,23.4840079]]}},{"type":"Feature","id":894507286,"properties":{"osm_id":894507286,"name":"博愛路一段","name_en":"Bo'ai Road Section 1","highway":"primary","lanes":null,"oneway":"yes","surface":"asphalt","source":"OpenStreetMap"},"geometry":{"type":"LineString","coordinates":[[120.4525574,23.4901399],[120.4524592,23.490129]]}},{"type":"Feature","id":163715910,"properties":{"osm_id":163715910,"name":"博愛路二段","name_en":"Bo’ai Road Section 2","highway":"primary","lanes":null,"oneway":"yes","surface":"asphalt","source":"OpenStreetMap"},"geometry":{"type":"LineString","coordinates":[[120.4415798,23.4840079],[120.441498,23.483905],[120.4412355,23.4835751],[120.4410024,23.4833035],[120.4404473,23.4826533],[120.4404066,23.4826057],[120.4401944,23.4823326],[120.4400158,23.4821142],[120.4392631,23.4812083],[120.4391933,23.4811213],[120.4389595,23.480852],[120.4388953,23.4807836]]}},{"type":"Feature","id":365158716,"properties":{"osm_id":365158716,"name":"博愛路二段","name_en":"Bo’ai Road Section 2","highway":"primary","lanes":null,"oneway":"yes","surface":"asphalt","source":"OpenStreetMap"},"geometry":{"type":"LineString","coordinates":[[120.4388953,23.4807836],[120.4388203,23.4806947]]}},{"type":"Feature","id":365158718,"properties":{"osm_id":365158718,"name":"博愛路二段","name_en":"Bo'ai Road Section 2","highway":"primary","lanes":"2","oneway":"yes","surface":"asphalt","source":"OpenStreetMap"},"geometry":{"type":"LineString","coordinates":[[120.4345553,23.4756548],[120.4343037,23.4754007],[120.434245,23.4753287]]}},{"type":"Feature","id":365158719,"properties":{"osm_id":365158719,"name":"博愛路二段","name_en":"Bo’ai Road Section 2","highway":"primary","lanes":null,"oneway":"yes","surface":"asphalt","source":"OpenStreetMap"},"geometry":{"type":"LineString","coordinates":[[120.4389873,23.4807147],[120.4390519,23.4807919],[120.4392862,23.4810802],[120.4398727,23.4818056],[120.4403318,23.4823548],[120.4404921,23.4825383],[120.4405243,23.4825778],[120.4411461,23.4833393],[120.4412501,23.4834525],[120.4413587,23.483585],[120.4415804,23.483849],[120.4416789,23.4839663]]}},{"type":"Feature","id":365158720,"properties":{"osm_id":365158720,"name":"博愛路二段","name_en":"Bo'ai Road Section 2","highway":"primary","lanes":null,"oneway":"yes","surface":"asphalt","source":"OpenStreetMap"},"geometry":{"type":"LineString","coordinates":[[120.434684,23.4756428],[120.4348318,23.4758147],[120.43573,23.4768094]]}},{"type":"Feature","id":382987311,"properties":{"osm_id":382987311,"name":"博愛路二段","name_en":"Bo'ai Road Section 2","highway":"primary","lanes":null,"oneway":"yes","surface":"asphalt","source":"OpenStreetMap"},"geometry":{"type":"LineString","coordinates":[[120.4388203,23.4806947],[120.4387476,23.4805997],[120.4377898,23.4794309],[120.4375435,23.4791227],[120.4375047,23.4790742],[120.4374497,23.4790098],[120.4372188,23.4787392],[120.4371775,23.4786909],[120.4365265,23.4779002],[120.4356501,23.4768574]]}},{"type":"Feature","id":563274027,"properties":{"osm_id":563274027,"name":"博愛路二段","name_en":"Bo'ai Road Section 2","highway":"primary","lanes":"2","oneway":"yes","surface":"asphalt","source":"OpenStreetMap"},"geometry":{"type":"LineString","coordinates":[[120.4336661,23.4747208],[120.4335917,23.4746332],[120.4327335,23.4736846],[120.4325738,23.473528],[120.432356,23.4732872],[120.4323164,23.47324],[120.4306055,23.4712387],[120.4305537,23.4711881]]}},{"type":"Feature","id":563274030,"properties":{"osm_id":563274030,"name":"博愛路二段","name_en":"Bo'ai Road Section 2","highway":"primary","lanes":"2","oneway":"yes","surface":"asphalt","source":"OpenStreetMap"},"geometry":{"type":"LineString","coordinates":[[120.434294,23.4752481],[120.434433,23.4753746],[120.4346021,23.4755656]]}},{"type":"Feature","id":563300570,"properties":{"osm_id":563300570,"name":"博愛路二段","name_en":"Bo'ai Road Section 2","highway":"primary","lanes":"2","oneway":"yes","surface":"asphalt","source":"OpenStreetMap"},"geometry":{"type":"LineString","coordinates":[[120.4306439,23.4711101],[120.4306953,23.4711655],[120.432435,23.47324],[120.4328072,23.4736301],[120.4330922,23.4739556],[120.4336686,23.4745813],[120.4341099,23.4750496]]}},{"type":"Feature","id":563377051,"properties":{"osm_id":563377051,"name":"博愛路二段","name_en":"Bo'ai Road Section 2","highway":"primary","lanes":"2","oneway":"yes","surface":"asphalt","source":"OpenStreetMap"},"geometry":{"type":"LineString","coordinates":[[120.4341403,23.4752059],[120.4341214,23.4751878],[120.4336661,23.4747208]]}},{"type":"Feature","id":563377052,"properties":{"osm_id":563377052,"name":"博愛路二段","name_en":"Bo'ai Road Section 2","highway":"primary","lanes":"2","oneway":"yes","surface":"asphalt","source":"OpenStreetMap"},"geometry":{"type":"LineString","coordinates":[[120.4341099,23.4750496],[120.434185,23.4751419]]}},{"type":"Feature","id":573661968,"properties":{"osm_id":573661968,"name":"博愛路二段","name_en":"Bo'ai Road Section 2","highway":"primary","lanes":null,"oneway":"yes","surface":"asphalt","source":"OpenStreetMap"},"geometry":{"type":"LineString","coordinates":[[120.4356501,23.4768574],[120.4347578,23.4758769],[120.4346252,23.4757318]]}},{"type":"Feature","id":573661969,"properties":{"osm_id":573661969,"name":"博愛路二段","name_en":"Bo'ai Road Section 2","highway":"primary","lanes":null,"oneway":"yes","surface":"asphalt","source":"OpenStreetMap"},"geometry":{"type":"LineString","coordinates":[[120.43573,23.4768094],[120.4361266,23.4772858],[120.43652,23.4777648],[120.4372066,23.4785753],[120.4372964,23.478683],[120.4375247,23.4789573],[120.4375784,23.4790218],[120.4376348,23.4790902],[120.4383416,23.4799474],[120.4388439,23.4805364],[120.4389085,23.4806177]]}},{"type":"Feature","id":801749491,"properties":{"osm_id":801749491,"name":"博愛路二段","name_en":"Bo’ai Road Section 2","highway":"primary","lanes":null,"oneway":"yes","surface":"asphalt","source":"OpenStreetMap"},"geometry":{"type":"LineString","coordinates":[[120.4389085,23.4806177],[120.4389873,23.4807147]]}},{"type":"Feature","id":804978227,"properties":{"osm_id":804978227,"name":"博愛路二段","name_en":"Bo'ai Road Section 2","highway":"primary","lanes":"2","oneway":"yes","surface":"asphalt","source":"OpenStreetMap"},"geometry":{"type":"LineString","coordinates":[[120.4346021,23.4755656],[120.434684,23.4756428]]}},{"type":"Feature","id":804978238,"properties":{"osm_id":804978238,"name":"博愛路二段","name_en":"Bo'ai Road Section 2","highway":"primary","lanes":"2","oneway":"yes","surface":"asphalt","source":"OpenStreetMap"},"geometry":{"type":"LineString","coordinates":[[120.4346252,23.4757318],[120.4345553,23.4756548]]}},{"type":"Feature","id":1002919320,"properties":{"osm_id":1002919320,"name":"博愛路二段","name_en":"Bo'ai Road Section 2","highway":"primary","lanes":"2","oneway":"yes","surface":"asphalt","source":"OpenStreetMap"},"geometry":{"type":"LineString","coordinates":[[120.4342234,23.4753029],[120.4341403,23.4752059]]}},{"type":"Feature","id":1002919321,"properties":{"osm_id":1002919321,"name":"博愛路二段","name_en":"Bo'ai Road Section 2","highway":"primary","lanes":"2","oneway":"yes","surface":"asphalt","source":"OpenStreetMap"},"geometry":{"type":"LineString","coordinates":[[120.434245,23.4753287],[120.4342234,23.4753029]]}},{"type":"Feature","id":1002919322,"properties":{"osm_id":1002919322,"name":"博愛路二段","name_en":"Bo'ai Road Section 2","highway":"primary","lanes":"2","oneway":"yes","surface":"asphalt","source":"OpenStreetMap"},"geometry":{"type":"LineString","coordinates":[[120.43427,23.4752249],[120.434294,23.4752481]]}},{"type":"Feature","id":1002919323,"properties":{"osm_id":1002919323,"name":"博愛路二段","name_en":"Bo'ai Road Section 2","highway":"primary","lanes":"2","oneway":"yes","surface":"asphalt","source":"OpenStreetMap"},"geometry":{"type":"LineString","coordinates":[[120.434185,23.4751419],[120.43427,23.4752249]]}},{"type":"Feature","id":28192431,"properties":{"osm_id":28192431,"name":"博愛陸橋","name_en":"Bo'ai Viaduct","highway":"primary","lanes":null,"oneway":"yes","surface":"asphalt","source":"OpenStreetMap"},"geometry":{"type":"LineString","coordinates":[[120.4524592,23.490129],[120.4521592,23.4901011],[120.4510288,23.4899965],[120.4500384,23.4899045],[120.449157,23.4898054],[120.4481993,23.4896832],[120.4466457,23.4895018]]}},{"type":"Feature","id":250262932,"properties":{"osm_id":250262932,"name":"博愛陸橋","name_en":"Bo'ai Viaduct","highway":"primary","lanes":null,"oneway":"yes","surface":"asphalt","source":"OpenStreetMap"},"geometry":{"type":"LineString","coordinates":[[120.4466546,23.4894443],[120.4500426,23.4898453],[120.4510635,23.4899369],[120.4524662,23.4900732]]}},{"type":"Feature","id":1133522498,"properties":{"osm_id":1133522498,"name":"博愛陸橋(機慢車道)","name_en":null,"highway":"unclassified","lanes":null,"oneway":"yes","surface":null,"source":"OpenStreetMap"},"geometry":{"type":"LineString","coordinates":[[120.4524542,23.4901694],[120.4496048,23.489905],[120.4482294,23.4897338],[120.446747,23.4895647],[120.446637,23.4895543]]}},{"type":"Feature","id":1133522499,"properties":{"osm_id":1133522499,"name":"博愛陸橋(機慢車道)","name_en":null,"highway":"unclassified","lanes":null,"oneway":"yes","surface":null,"source":"OpenStreetMap"},"geometry":{"type":"LineString","coordinates":[[120.4466567,23.489404],[120.4474259,23.4894785],[120.4480875,23.4895543],[120.4494015,23.4897276],[120.4497173,23.4897649],[120.4501418,23.4898054],[120.4509285,23.4898787],[120.452081,23.489985],[120.4524788,23.4900278]]}},{"type":"Feature","id":435841993,"properties":{"osm_id":435841993,"name":"博東路","name_en":"Bodong Road","highway":"tertiary","lanes":null,"oneway":"no","surface":"asphalt","source":"OpenStreetMap"},"geometry":{"type":"LineString","coordinates":[[120.4568978,23.4905274],[120.4567352,23.490508]]}},{"type":"Feature","id":435841994,"properties":{"osm_id":435841994,"name":"博東路","name_en":"Bodong Road","highway":"tertiary","lanes":"4","oneway":"no","surface":"asphalt","source":"OpenStreetMap"},"geometry":{"type":"LineString","coordinates":[[120.4567352,23.490508],[120.4564628,23.490482],[120.4548311,23.4903156]]}},{"type":"Feature","id":563377073,"properties":{"osm_id":563377073,"name":"博東路","name_en":"Bodong Road","highway":"tertiary","lanes":"4","oneway":null,"surface":"asphalt","source":"OpenStreetMap"},"geometry":{"type":"LineString","coordinates":[[120.4548311,23.4903156],[120.4541548,23.4902452],[120.4538237,23.4902189],[120.4537024,23.4902093]]}},{"type":"Feature","id":563377074,"properties":{"osm_id":563377074,"name":"博東路","name_en":"Bodong Road","highway":"tertiary","lanes":null,"oneway":"yes","surface":"asphalt","source":"OpenStreetMap"},"geometry":{"type":"LineString","coordinates":[[120.4537024,23.4902093],[120.4536108,23.4902261],[120.4532586,23.4901957]]}},{"type":"Feature","id":563393533,"properties":{"osm_id":563393533,"name":"博東路","name_en":"Bodong Road","highway":"tertiary","lanes":null,"oneway":"no","surface":"asphalt","source":"OpenStreetMap"},"geometry":{"type":"LineString","coordinates":[[120.463587,23.4888058],[120.4635366,23.4889207],[120.4632126,23.4896599],[120.4632009,23.489783],[120.4631673,23.489876],[120.4630214,23.4900988],[120.4626712,23.490285],[120.4619365,23.4904734],[120.4618133,23.4905024],[120.4604402,23.4908734],[120.4601354,23.4908786],[120.4595509,23.490823],[120.4587874,23.4907141],[120.4582859,23.4906691],[120.4582296,23.4906641],[120.4578314,23.4906284],[120.4572686,23.4905809],[120.4568978,23.4905274]]}},{"type":"Feature","id":563401764,"properties":{"osm_id":563401764,"name":"博東路","name_en":"Bodong Road","highway":"tertiary","lanes":null,"oneway":"yes","surface":"asphalt","source":"OpenStreetMap"},"geometry":{"type":"LineString","coordinates":[[120.4532671,23.4901352],[120.4535802,23.4901685],[120.4536269,23.4901835],[120.4537024,23.4902093]]}},{"type":"Feature","id":275729406,"properties":{"osm_id":275729406,"name":"友信街","name_en":null,"highway":"residential","lanes":null,"oneway":null,"surface":"asphalt","source":"OpenStreetMap"},"geometry":{"type":"LineString","coordinates":[[120.4373484,23.4808888],[120.4372487,23.4809699],[120.4371803,23.4810277],[120.4370818,23.4810725],[120.4370307,23.481129],[120.4366753,23.4813922],[120.4361762,23.481699],[120.4358809,23.4817918],[120.4356499,23.4818409],[120.4345343,23.4817731],[120.4340754,23.4817378],[120.4339315,23.4817267]]}},{"type":"Feature","id":189645677,"properties":{"osm_id":189645677,"name":"友和路","name_en":"Youhe Road","highway":"residential","lanes":null,"oneway":"no","surface":"asphalt","source":"OpenStreetMap"},"geometry":{"type":"LineString","coordinates":[[120.4319067,23.4806907],[120.4322814,23.480587],[120.4326876,23.4806209],[120.433299,23.480686],[120.4339218,23.4807292],[120.4340465,23.4807379],[120.4341828,23.4807576],[120.4346212,23.480821],[120.4354613,23.4808704],[120.435986,23.4805055],[120.4363245,23.4802602],[120.4363698,23.4802273],[120.4364835,23.4801446],[120.436554,23.4800924],[120.4366616,23.4800243]]}},{"type":"Feature","id":163716698,"properties":{"osm_id":163716698,"name":"友孝路","name_en":"Youxiao Road","highway":"unclassified","lanes":null,"oneway":null,"surface":"asphalt","source":"OpenStreetMap"},"geometry":{"type":"LineString","coordinates":[[120.4354348,23.4798256],[120.4353827,23.4802438]]}},{"type":"Feature","id":166114772,"properties":{"osm_id":166114772,"name":"友孝路","name_en":"Youxiao Road","highway":"residential","lanes":null,"oneway":null,"surface":"asphalt","source":"OpenStreetMap"},"geometry":{"type":"LineString","coordinates":[[120.4347681,23.4891149],[120.4349197,23.4890004],[120.4350887,23.4888581],[120.4351793,23.4888152],[120.4352739,23.4882678],[120.4353164,23.4878244],[120.4353464,23.4875114],[120.4353803,23.4871579],[120.4353592,23.4865074],[120.4353597,23.4863064],[120.4353615,23.4855806],[120.4353617,23.4854957],[120.4353697,23.4853968],[120.4354114,23.4848803],[120.4354532,23.4844969],[120.4355067,23.4839733],[120.4355234,23.4838245],[120.4355517,23.4835718],[120.4356014,23.483128],[120.4356694,23.4825946],[120.4356822,23.4824945],[120.435689,23.4823738]]}},{"type":"Feature","id":703487932,"properties":{"osm_id":703487932,"name":"友孝路","name_en":"Youxiao Road","highway":"unclassified","lanes":null,"oneway":null,"surface":"asphalt","source":"OpenStreetMap"},"geometry":{"type":"LineString","coordinates":[[120.4353827,23.4802438],[120.4354613,23.4808704],[120.4355793,23.4813286],[120.4356499,23.4818409],[120.4356839,23.4823046],[120.435689,23.4823738]]}},{"type":"Feature","id":189645624,"properties":{"osm_id":189645624,"name":"友平街","name_en":null,"highway":"residential","lanes":null,"oneway":null,"surface":"asphalt","source":"OpenStreetMap"},"geometry":{"type":"LineString","coordinates":[[120.4340945,23.4801655],[120.4342252,23.4801734],[120.434483,23.4801891],[120.4353827,23.4802438]]}},{"type":"Feature","id":163715346,"properties":{"osm_id":163715346,"name":"友忠路","name_en":"Youzhong Road","highway":"tertiary","lanes":"2","oneway":"yes","surface":"asphalt","source":"OpenStreetMap"},"geometry":{"type":"LineString","coordinates":[[120.4250748,23.4669919],[120.4252267,23.4672076],[120.425354,23.4673769],[120.4253916,23.4674198],[120.4274552,23.4697718],[120.4292936,23.4719048],[120.4293288,23.4719456],[120.4294085,23.4720362],[120.4294539,23.4720889],[120.4301032,23.4728431],[120.4301628,23.4729167],[120.4303406,23.4731188],[120.4323235,23.4753365],[120.4328505,23.4758578],[120.43309,23.4761114]]}},{"type":"Feature","id":273259343,"properties":{"osm_id":273259343,"name":"友忠路","name_en":"Youzhong Road","highway":"tertiary","lanes":null,"oneway":"yes","surface":"asphalt","source":"OpenStreetMap"},"geometry":{"type":"LineString","coordinates":[[120.4427338,23.4917345],[120.4427314,23.4915565],[120.4427352,23.4914855],[120.4427392,23.4914115],[120.4429932,23.4892743]]}},{"type":"Feature","id":273259983,"properties":{"osm_id":273259983,"name":"友忠路","name_en":"Youzhong Road","highway":"residential","lanes":null,"oneway":"yes","surface":"asphalt","source":"OpenStreetMap"},"geometry":{"type":"LineString","coordinates":[[120.4427044,23.4919234],[120.4426643,23.491729],[120.4426393,23.4915481],[120.4426316,23.4914764],[120.442625,23.4914155],[120.4428525,23.4895035],[120.4428886,23.4892338]]}},{"type":"Feature","id":364965297,"properties":{"osm_id":364965297,"name":"友忠路","name_en":"Youzhong Road","highway":"tertiary","lanes":"2","oneway":"yes","surface":"asphalt","source":"OpenStreetMap"},"geometry":{"type":"LineString","coordinates":[[120.4376177,23.4815406],[120.4375751,23.481487],[120.4371803,23.4810277],[120.4365646,23.4802371],[120.4364835,23.4801446],[120.4346537,23.4779188]]}},{"type":"Feature","id":364965300,"properties":{"osm_id":364965300,"name":"友忠路","name_en":null,"highway":"tertiary","lanes":"2","oneway":"yes","surface":"asphalt","source":"OpenStreetMap"},"geometry":{"type":"LineString","coordinates":[[120.437765,23.4815703],[120.4378102,23.4816233],[120.4386425,23.4826363],[120.4386651,23.4826637],[120.4387158,23.4827254],[120.4387679,23.4827872],[120.43945,23.4835962],[120.4395045,23.4836609],[120.4402795,23.4845785],[120.4403209,23.4846275],[120.4403839,23.4847061],[120.4408198,23.4852504],[120.4408674,23.4853005],[120.4408752,23.4853087]]}},{"type":"Feature","id":541308767,"properties":{"osm_id":541308767,"name":"友忠路","name_en":"Youzhong Road","highway":"residential","lanes":null,"oneway":"yes","surface":"asphalt","source":"OpenStreetMap"},"geometry":{"type":"LineString","coordinates":[[120.4326678,23.4759838],[120.4326,23.4759302],[120.4321631,23.4754455]]}},{"type":"Feature","id":541308768,"properties":{"osm_id":541308768,"name":"友忠路","name_en":"Youzhong Road","highway":"residential","lanes":null,"oneway":"yes","surface":"asphalt","source":"OpenStreetMap"},"geometry":{"type":"LineString","coordinates":[[120.4333901,23.4762812],[120.4342464,23.4771459]]}},{"type":"Feature","id":541308770,"properties":{"osm_id":541308770,"name":"友忠路","name_en":"Youzhong Road","highway":"residential","lanes":null,"oneway":"yes","surface":"asphalt","source":"OpenStreetMap"},"geometry":{"type":"LineString","coordinates":[[120.4321631,23.4754455],[120.4312834,23.4745486],[120.4308907,23.4740586],[120.4305497,23.4736738],[120.4301158,23.4731442],[120.4299004,23.4728656],[120.4298113,23.4727711],[120.4293347,23.4722434],[120.4292585,23.4721591]]}},{"type":"Feature","id":541308772,"properties":{"osm_id":541308772,"name":"友忠路","name_en":"Youzhong Road","highway":"residential","lanes":null,"oneway":"yes","surface":"asphalt","source":"OpenStreetMap"},"geometry":{"type":"LineString","coordinates":[[120.4324294,23.4752708],[120.4329318,23.4757941],[120.4332162,23.4761064]]}},{"type":"Feature","id":548390756,"properties":{"osm_id":548390756,"name":"友忠路","name_en":"Youzhong Road","highway":"residential","lanes":null,"oneway":"yes","surface":"asphalt","source":"OpenStreetMap"},"geometry":{"type":"LineString","coordinates":[[120.4252267,23.4672076],[120.4253754,23.4672224],[120.4254365,23.4673119],[120.4254748,23.4673539],[120.4260228,23.4679544],[120.4262418,23.4681948],[120.4275574,23.4696818],[120.428153,23.4703586],[120.4285373,23.4708071],[120.4287308,23.471033],[120.4287663,23.4710744],[120.428994,23.4713395],[120.4293902,23.4718131],[120.4294257,23.4718555],[120.4295016,23.4719581],[120.4295399,23.4720041],[120.430207,23.4728067],[120.4303411,23.4729567],[120.4304968,23.4731438],[120.4316374,23.4743955],[120.4324294,23.4752708]]}},{"type":"Feature","id":563243158,"properties":{"osm_id":563243158,"name":"友忠路","name_en":null,"highway":"tertiary","lanes":"2","oneway":"yes","surface":"asphalt","source":"OpenStreetMap"},"geometry":{"type":"LineString","coordinates":[[120.436621,23.4801697],[120.4372487,23.4809699],[120.4376142,23.4813944],[120.4376502,23.4814362],[120.437697,23.4814859]]}},{"type":"Feature","id":563243159,"properties":{"osm_id":563243159,"name":"友忠路","name_en":null,"highway":"tertiary","lanes":null,"oneway":"yes","surface":"asphalt","source":"OpenStreetMap"},"geometry":{"type":"LineString","coordinates":[[120.4347196,23.47785],[120.436554,23.4800924],[120.436621,23.4801697]]}},{"type":"Feature","id":563243160,"properties":{"osm_id":563243160,"name":"友忠路","name_en":"Youzhong Road","highway":"residential","lanes":null,"oneway":"yes","surface":"asphalt","source":"OpenStreetMap"},"geometry":{"type":"LineString","coordinates":[[120.4339831,23.477342],[120.4331316,23.476467],[120.4330669,23.4764258],[120.4329864,23.4763319]]}},{"type":"Feature","id":563243161,"properties":{"osm_id":563243161,"name":"友忠路","name_en":"Youzhong Road","highway":"residential","lanes":"1","oneway":"yes","surface":"asphalt","source":"OpenStreetMap"},"geometry":{"type":"LineString","coordinates":[[120.4347941,23.4777721],[120.4354814,23.4786168],[120.4361356,23.4793991],[120.4366616,23.4800243],[120.4367798,23.4801787],[120.4373484,23.4808888],[120.437708,23.4813176],[120.4377485,23.481366],[120.4377859,23.4814183],[120.4378524,23.481509],[120.437895,23.4815605],[120.4386194,23.4824369],[120.4387249,23.4825637],[120.4387553,23.4826002],[120.4388051,23.48266],[120.4388567,23.482721],[120.4395285,23.4835141],[120.4395803,23.4835753],[120.4403827,23.4845343],[120.440428,23.4845884],[120.4404881,23.4846601],[120.4409481,23.485209],[120.4409651,23.4852287],[120.4410414,23.4853169],[120.4411153,23.4854083],[120.4411375,23.4854346],[120.4419405,23.4863887]]}},{"type":"Feature","id":563243163,"properties":{"osm_id":563243163,"name":"友忠路","name_en":"Youzhong Road","highway":"residential","lanes":null,"oneway":"yes","surface":"asphalt","source":"OpenStreetMap"},"geometry":{"type":"LineString","coordinates":[[120.4342464,23.4771459],[120.434337,23.477236],[120.4344188,23.4773348],[120.434562,23.4775079],[120.4347941,23.4777721]]}},{"type":"Feature","id":563243166,"properties":{"osm_id":563243166,"name":"友忠路","name_en":"Youzhong Road","highway":"tertiary","lanes":"2","oneway":"yes","surface":"asphalt","source":"OpenStreetMap"},"geometry":{"type":"LineString","coordinates":[[120.4341222,23.4773209],[120.4340706,23.4772681],[120.4331918,23.4763693],[120.4331157,23.4762891]]}},{"type":"Feature","id":563265509,"properties":{"osm_id":563265509,"name":"友忠路","name_en":null,"highway":"tertiary","lanes":null,"oneway":"yes","surface":"asphalt","source":"OpenStreetMap"},"geometry":{"type":"LineString","coordinates":[[120.4410631,23.4855279],[120.4418546,23.4864643]]}},{"type":"Feature","id":563265514,"properties":{"osm_id":563265514,"name":"友忠路","name_en":null,"highway":"tertiary","lanes":null,"oneway":"yes","surface":"asphalt","source":"OpenStreetMap"},"geometry":{"type":"LineString","coordinates":[[120.4428273,23.491424],[120.4428054,23.4914916],[120.4427835,23.4915595],[120.4427338,23.4917345]]}},{"type":"Feature","id":563265516,"properties":{"osm_id":563265516,"name":"友忠路","name_en":null,"highway":"tertiary","lanes":null,"oneway":"yes","surface":"asphalt","source":"OpenStreetMap"},"geometry":{"type":"LineString","coordinates":[[120.4428335,23.4876032],[120.4428898,23.4876724],[120.4429307,23.4877371],[120.4430501,23.4879193],[120.4430926,23.4880104],[120.4431226,23.4881015],[120.4431569,23.4882595],[120.4431786,23.4884175],[120.4431622,23.4886475],[120.4431303,23.4889814]]}},{"type":"Feature","id":563265521,"properties":{"osm_id":563265521,"name":"友忠路","name_en":null,"highway":"tertiary","lanes":null,"oneway":"yes","surface":"asphalt","source":"OpenStreetMap"},"geometry":{"type":"LineString","coordinates":[[120.4430973,23.4892759],[120.4428273,23.491424]]}},{"type":"Feature","id":563265523,"properties":{"osm_id":563265523,"name":"友忠路","name_en":"Youzhong Road","highway":"tertiary","lanes":null,"oneway":"yes","surface":"asphalt","source":"OpenStreetMap"},"geometry":{"type":"LineString","coordinates":[[120.4430278,23.4889624],[120.4430553,23.4887054],[120.4430678,23.4884921],[120.4430551,23.4883679],[120.4430269,23.488197],[120.4429885,23.4880634],[120.4429443,23.487946],[120.4428517,23.4877985],[120.4427934,23.4877205],[120.4427338,23.4876378]]}},{"type":"Feature","id":563265526,"properties":{"osm_id":563265526,"name":"友忠路","name_en":"Youzhong Road","highway":"residential","lanes":null,"oneway":"yes","surface":"asphalt","source":"OpenStreetMap"},"geometry":{"type":"LineString","coordinates":[[120.4429148,23.4889683],[120.4429157,23.4888085],[120.4429482,23.4884277],[120.4429358,23.4882734],[120.4429215,23.4882019],[120.4428818,23.4880879],[120.4427874,23.4879082],[120.442712,23.4877923]]}},{"type":"Feature","id":563265528,"properties":{"osm_id":563265528,"name":"友忠路","name_en":"Youzhong Road","highway":"tertiary","lanes":null,"oneway":"yes","surface":"asphalt","source":"OpenStreetMap"},"geometry":{"type":"LineString","coordinates":[[120.4427338,23.4876378],[120.4426598,23.4875759],[120.4421664,23.4870085],[120.4417674,23.48653],[120.4410114,23.4855951]]}},{"type":"Feature","id":563265531,"properties":{"osm_id":563265531,"name":"友忠路","name_en":"Youzhong Road","highway":"residential","lanes":null,"oneway":"yes","surface":"asphalt","source":"OpenStreetMap"},"geometry":{"type":"LineString","coordinates":[[120.4426249,23.4876811],[120.4416763,23.4865812],[120.4412023,23.4860428]]}},{"type":"Feature","id":563265535,"properties":{"osm_id":563265535,"name":"友忠路","name_en":"Youzhong Road","highway":"tertiary","lanes":"2","oneway":"yes","surface":"asphalt","source":"OpenStreetMap"},"geometry":{"type":"LineString","coordinates":[[120.4407512,23.4852945],[120.4402989,23.4847436],[120.4402368,23.484668],[120.4401916,23.4846161],[120.4394336,23.4837459],[120.4393749,23.4836748],[120.4387267,23.4828907],[120.4386895,23.4828457],[120.4386393,23.4827849],[120.4385854,23.4827197],[120.4377613,23.4817212],[120.4377316,23.4816853],[120.4376823,23.481622]]}},{"type":"Feature","id":563265543,"properties":{"osm_id":563265543,"name":"友忠路","name_en":null,"highway":"residential","lanes":null,"oneway":"yes","surface":"asphalt","source":"OpenStreetMap"},"geometry":{"type":"LineString","coordinates":[[120.442712,23.4877923],[120.4426249,23.4876811]]}},{"type":"Feature","id":563265545,"properties":{"osm_id":563265545,"name":"友忠路","name_en":null,"highway":"tertiary","lanes":null,"oneway":"yes","surface":"asphalt","source":"OpenStreetMap"},"geometry":{"type":"LineString","coordinates":[[120.4418546,23.4864643],[120.4423345,23.4870111],[120.4427627,23.4875253],[120.4428335,23.4876032]]}},{"type":"Feature","id":563265548,"properties":{"osm_id":563265548,"name":"友忠路","name_en":"Youzhong Road","highway":"residential","lanes":null,"oneway":"yes","surface":"asphalt","source":"OpenStreetMap"},"geometry":{"type":"LineString","coordinates":[[120.4410362,23.485826],[120.4408982,23.4856579],[120.440879,23.4856364],[120.4408442,23.4855974],[120.4407774,23.4855218],[120.4407141,23.4854453],[120.4406983,23.4854248],[120.4405741,23.4852638],[120.4403429,23.4850203],[120.4401695,23.4848008],[120.4401139,23.4847304]]}},{"type":"Feature","id":563265553,"properties":{"osm_id":563265553,"name":"友忠路","name_en":"Youzhong Road","highway":"residential","lanes":"1","oneway":"yes","surface":"asphalt","source":"OpenStreetMap"},"geometry":{"type":"LineString","coordinates":[[120.4401139,23.4847304],[120.4400643,23.4846706],[120.4399242,23.4845019],[120.439362,23.4838248],[120.4393008,23.4837523],[120.4386251,23.4829519],[120.438595,23.4829161],[120.4385451,23.4828571],[120.438489,23.4827876],[120.4376807,23.4817878],[120.4376434,23.4817418],[120.4375893,23.4816803],[120.4375217,23.4816051],[120.4374798,23.4815562],[120.4370818,23.4810725],[120.4363698,23.4802273],[120.4357764,23.4794921],[120.4354634,23.4791038],[120.4352104,23.4788014],[120.4347381,23.4782143],[120.4345771,23.4780141],[120.4345328,23.4779661],[120.4343583,23.4777771],[120.4342548,23.4776538],[120.4342139,23.4776008],[120.4339831,23.477342]]}},{"type":"Feature","id":563265564,"properties":{"osm_id":563265564,"name":"友忠路","name_en":null,"highway":"residential","lanes":null,"oneway":"yes","surface":"asphalt","source":"OpenStreetMap"},"geometry":{"type":"LineString","coordinates":[[120.4412023,23.4860428],[120.4410362,23.485826]]}},{"type":"Feature","id":563274000,"properties":{"osm_id":563274000,"name":"友忠路","name_en":null,"highway":"tertiary","lanes":null,"oneway":"yes","surface":"asphalt","source":"OpenStreetMap"},"geometry":{"type":"LineString","coordinates":[[120.4410114,23.4855951],[120.4409809,23.4855609],[120.4409419,23.485524],[120.4408732,23.4854472]]}},{"type":"Feature","id":563274001,"properties":{"osm_id":563274001,"name":"友忠路","name_en":null,"highway":"tertiary","lanes":null,"oneway":"yes","surface":"asphalt","source":"OpenStreetMap"},"geometry":{"type":"LineString","coordinates":[[120.4408752,23.4853087],[120.4409305,23.4853742],[120.4409455,23.4853895],[120.4410208,23.4854771],[120.4410349,23.4854964],[120.4410458,23.4855086],[120.4410631,23.4855279]]}},{"type":"Feature","id":563274005,"properties":{"osm_id":563274005,"name":"友忠路","name_en":null,"highway":"residential","lanes":null,"oneway":"yes","surface":"asphalt","source":"OpenStreetMap"},"geometry":{"type":"LineString","coordinates":[[120.4428886,23.4892338],[120.4428968,23.4891685],[120.4429088,23.4890722],[120.4429148,23.4889683]]}},{"type":"Feature","id":563274006,"properties":{"osm_id":563274006,"name":"友忠路","name_en":null,"highway":"tertiary","lanes":null,"oneway":"yes","surface":"asphalt","source":"OpenStreetMap"},"geometry":{"type":"LineString","coordinates":[[120.4429932,23.4892743],[120.4430056,23.4891784],[120.4430183,23.4890805],[120.4430278,23.4889624]]}},{"type":"Feature","id":563274007,"properties":{"osm_id":563274007,"name":"友忠路","name_en":null,"highway":"tertiary","lanes":null,"oneway":"yes","surface":"asphalt","source":"OpenStreetMap"},"geometry":{"type":"LineString","coordinates":[[120.4431303,23.4889814],[120.4431185,23.4890924],[120.4431075,23.4891877],[120.4430973,23.4892759]]}},{"type":"Feature","id":563274025,"properties":{"osm_id":563274025,"name":"友忠路","name_en":null,"highway":"tertiary","lanes":null,"oneway":"yes","surface":"asphalt","source":"OpenStreetMap"},"geometry":{"type":"LineString","coordinates":[[120.4346537,23.4779188],[120.4346299,23.477894],[120.4343672,23.4776211]]}},{"type":"Feature","id":563274026,"properties":{"osm_id":563274026,"name":"友忠路","name_en":null,"highway":"tertiary","lanes":null,"oneway":"yes","surface":"asphalt","source":"OpenStreetMap"},"geometry":{"type":"LineString","coordinates":[[120.4343148,23.4774131],[120.434412,23.4775152],[120.4347069,23.4778368],[120.4347196,23.47785]]}},{"type":"Feature","id":563274031,"properties":{"osm_id":563274031,"name":"友忠路","name_en":"Youzhong Road","highway":"residential","lanes":null,"oneway":"yes","surface":"asphalt","source":"OpenStreetMap"},"geometry":{"type":"LineString","coordinates":[[120.4328912,23.4762298],[120.4326678,23.4759838]]}},{"type":"Feature","id":563274032,"properties":{"osm_id":563274032,"name":"友忠路","name_en":"Youzhong Road","highway":"residential","lanes":null,"oneway":"yes","surface":"asphalt","source":"OpenStreetMap"},"geometry":{"type":"LineString","coordinates":[[120.4329864,23.4763319],[120.4328912,23.4762298]]}},{"type":"Feature","id":563274033,"properties":{"osm_id":563274033,"name":"友忠路","name_en":"Youzhong Road","highway":"residential","lanes":null,"oneway":"yes","surface":"asphalt","source":"OpenStreetMap"},"geometry":{"type":"LineString","coordinates":[[120.4333041,23.4762049],[120.4333901,23.4762812]]}},{"type":"Feature","id":563274034,"properties":{"osm_id":563274034,"name":"友忠路","name_en":"Youzhong Road","highway":"residential","lanes":null,"oneway":"yes","surface":"asphalt","source":"OpenStreetMap"},"geometry":{"type":"LineString","coordinates":[[120.4332162,23.4761064],[120.4333041,23.4762049]]}},{"type":"Feature","id":563377053,"properties":{"osm_id":563377053,"name":"友忠路","name_en":"Youzhong Road","highway":"tertiary","lanes":null,"oneway":"yes","surface":"asphalt","source":"OpenStreetMap"},"geometry":{"type":"LineString","coordinates":[[120.43309,23.4761114],[120.433216,23.4762409]]}},{"type":"Feature","id":563377054,"properties":{"osm_id":563377054,"name":"友忠路","name_en":"Youzhong Road","highway":"tertiary","lanes":"2","oneway":"yes","surface":"asphalt","source":"OpenStreetMap"},"geometry":{"type":"LineString","coordinates":[[120.4329975,23.4761571],[120.4327677,23.4759139],[120.4322393,23.4753881],[120.4302405,23.4731055],[120.4300625,23.4728973],[120.4299915,23.4728211],[120.4293961,23.4721557],[120.4293419,23.4720952],[120.429264,23.4720067],[120.4292279,23.4719651],[120.4273819,23.4698357],[120.4253205,23.4674789],[120.4252836,23.4674367],[120.4251394,23.4672625],[120.4249542,23.4670745],[120.4247948,23.4669301]]}},{"type":"Feature","id":563377055,"properties":{"osm_id":563377055,"name":"友忠路","name_en":"Youzhong Road","highway":"tertiary","lanes":null,"oneway":"yes","surface":"asphalt","source":"OpenStreetMap"},"geometry":{"type":"LineString","coordinates":[[120.4331157,23.4762891],[120.4329975,23.4761571]]}},{"type":"Feature","id":563377056,"properties":{"osm_id":563377056,"name":"友忠路","name_en":"Youzhong Road","highway":"tertiary","lanes":"2","oneway":"yes","surface":"asphalt","source":"OpenStreetMap"},"geometry":{"type":"LineString","coordinates":[[120.433216,23.4762409],[120.433289,23.476317],[120.4341402,23.4772117],[120.4341546,23.4772269]]}},{"type":"Feature","id":573661965,"properties":{"osm_id":573661965,"name":"友忠路","name_en":"Youzhong Road","highway":"residential","lanes":null,"oneway":"yes","surface":"asphalt","source":"OpenStreetMap"},"geometry":{"type":"LineString","coordinates":[[120.4419405,23.4863887],[120.4422198,23.4867176],[120.4423901,23.4869097],[120.4426789,23.4872544],[120.4429317,23.4875649],[120.4430937,23.4877745],[120.4431595,23.4878855],[120.4432127,23.4879982],[120.4432584,23.4881404],[120.4432878,23.4882825],[120.4433001,23.4884305],[120.4432998,23.4885784],[120.4432556,23.4889879],[120.4432286,23.4891044],[120.4432176,23.4891977],[120.4429544,23.4914357],[120.4429284,23.4915023],[120.4429022,23.4915693],[120.4428066,23.4917434],[120.4427044,23.4919234]]}},{"type":"Feature","id":717901640,"properties":{"osm_id":717901640,"name":"友忠路","name_en":null,"highway":"tertiary","lanes":null,"oneway":"yes","surface":"asphalt","source":"OpenStreetMap"},"geometry":{"type":"LineString","coordinates":[[120.4408732,23.4854472],[120.4408399,23.4854088],[120.4407964,23.4853527],[120.4407512,23.4852945]]}},{"type":"Feature","id":1071945376,"properties":{"osm_id":1071945376,"name":"友忠路","name_en":null,"highway":"tertiary","lanes":"2","oneway":"yes","surface":"asphalt","source":"OpenStreetMap"},"geometry":{"type":"LineString","coordinates":[[120.437697,23.4814859],[120.437765,23.4815703]]}},{"type":"Feature","id":1071945377,"properties":{"osm_id":1071945377,"name":"友忠路","name_en":null,"highway":"tertiary","lanes":null,"oneway":"yes","surface":"asphalt","source":"OpenStreetMap"},"geometry":{"type":"LineString","coordinates":[[120.4341546,23.4772269],[120.4343148,23.4774131]]}},{"type":"Feature","id":1322936710,"properties":{"osm_id":1322936710,"name":"友忠路","name_en":null,"highway":"tertiary","lanes":null,"oneway":"yes","surface":"asphalt","source":"OpenStreetMap"},"geometry":{"type":"LineString","coordinates":[[120.4343672,23.4776211],[120.4342868,23.4775233],[120.4341222,23.4773209]]}},{"type":"Feature","id":1322936711,"properties":{"osm_id":1322936711,"name":"友忠路","name_en":"Youzhong Road","highway":"tertiary","lanes":"2","oneway":"yes","surface":"asphalt","source":"OpenStreetMap"},"geometry":{"type":"LineString","coordinates":[[120.4376823,23.481622],[120.4376177,23.4815406]]}},{"type":"Feature","id":275729404,"properties":{"osm_id":275729404,"name":"友忠路546巷","name_en":null,"highway":"unclassified","lanes":null,"oneway":null,"surface":"asphalt","source":"OpenStreetMap"},"geometry":{"type":"LineString","coordinates":[[120.4361356,23.4793991],[120.4361908,23.4793799],[120.4365207,23.4791502],[120.4366022,23.4791372],[120.4371212,23.4787446],[120.4371775,23.4786909],[120.4372066,23.4785753]]}},{"type":"Feature","id":166117585,"properties":{"osm_id":166117585,"name":"友忠路827巷13弄","name_en":null,"highway":"unclassified","lanes":null,"oneway":null,"surface":"asphalt","source":"OpenStreetMap"},"geometry":{"type":"LineString","coordinates":[[120.4404489,23.4868394],[120.440526,23.4868247],[120.4410844,23.4869126],[120.4416062,23.4870021]]}},{"type":"Feature","id":163715474,"properties":{"osm_id":163715474,"name":"友愛路","name_en":"You'ai Road","highway":"tertiary","lanes":"6","oneway":"no","surface":"asphalt","source":"OpenStreetMap"},"geometry":{"type":"LineString","coordinates":[[120.442435,23.4917107],[120.4409512,23.4915885],[120.4408671,23.4915804],[120.4407813,23.4915731],[120.4396997,23.491482],[120.4387559,23.4913994],[120.4386452,23.4913891],[120.4384759,23.49138],[120.4380639,23.4913566],[120.4379868,23.4913523]]}},{"type":"Feature","id":273256845,"properties":{"osm_id":273256845,"name":"友愛路","name_en":"You'ai Road","highway":"residential","lanes":null,"oneway":"yes","surface":"asphalt","source":"OpenStreetMap"},"geometry":{"type":"LineString","coordinates":[[120.4335441,23.4853522],[120.4335687,23.4854069],[120.4336587,23.4854916],[120.433689,23.4855202],[120.4337267,23.4855956],[120.4336984,23.4859312],[120.4336161,23.4866986],[120.4336346,23.4869287],[120.4337013,23.4871282],[120.4338151,23.4873709],[120.4339604,23.487583],[120.43418,23.4878239]]}},{"type":"Feature","id":273256846,"properties":{"osm_id":273256846,"name":"友愛路","name_en":"You'ai Road","highway":"residential","lanes":null,"oneway":"yes","surface":"asphalt","source":"OpenStreetMap"},"geometry":{"type":"LineString","coordinates":[[120.4450127,23.4921145],[120.4449035,23.4921069],[120.4442553,23.4920619],[120.4437438,23.492012],[120.4428956,23.4919398],[120.4427044,23.4919234],[120.4425048,23.4919066],[120.4409405,23.4917746],[120.4408711,23.4917662],[120.4396379,23.4916768],[120.4387303,23.4916019],[120.4386126,23.4915922]]}},{"type":"Feature","id":317491641,"properties":{"osm_id":317491641,"name":"友愛路","name_en":"You'ai Road","highway":"secondary","lanes":null,"oneway":"yes","surface":"asphalt","source":"OpenStreetMap"},"geometry":{"type":"LineString","coordinates":[[120.4346252,23.4757318],[120.4345925,23.4759482],[120.4345766,23.4760277],[120.4345694,23.4760574],[120.4344515,23.4771298],[120.4344451,23.4771881],[120.4344188,23.4773348],[120.434412,23.4775152]]}},{"type":"Feature","id":549150848,"properties":{"osm_id":549150848,"name":"友愛路","name_en":"You'ai Road","highway":"tertiary","lanes":"6","oneway":"no","surface":"asphalt","source":"OpenStreetMap"},"geometry":{"type":"LineString","coordinates":[[120.4335441,23.4853522],[120.4335642,23.4851918],[120.433622,23.4847318],[120.4336512,23.4843499],[120.4336767,23.4840967],[120.4337984,23.4829724],[120.4338298,23.4824336],[120.4338355,23.4823366],[120.433845,23.4822242],[120.4338704,23.4820783],[120.4339315,23.4817267],[120.4340293,23.480886],[120.4340465,23.4807379],[120.4340597,23.4805767],[120.4340791,23.4803358],[120.4340945,23.4801655],[120.4341588,23.4796648],[120.4341919,23.4793122],[120.4342175,23.4790249],[120.4342878,23.4784006],[120.4342969,23.4783133],[120.4343261,23.4780328],[120.4343304,23.4779949],[120.4343583,23.4777771],[120.4343672,23.4776211]]}},{"type":"Feature","id":550041172,"properties":{"osm_id":550041172,"name":"友愛路","name_en":"You'ai Road","highway":"residential","lanes":null,"oneway":"yes","surface":"asphalt","source":"OpenStreetMap"},"geometry":{"type":"LineString","coordinates":[[120.436694,23.4906768],[120.4367462,23.4907229],[120.436982,23.4909311],[120.4372388,23.4910712],[120.437544,23.4911284],[120.4379316,23.491153],[120.4380051,23.4911577],[120.4380852,23.4911637],[120.4384923,23.491194],[120.4386671,23.4912069]]}},{"type":"Feature","id":550041174,"properties":{"osm_id":550041174,"name":"友愛路","name_en":"You'ai Road","highway":"tertiary","lanes":"6","oneway":"yes","surface":"asphalt","source":"OpenStreetMap"},"geometry":{"type":"LineString","coordinates":[[120.4365615,23.4907787],[120.4364886,23.4906993],[120.4363148,23.4905096],[120.4357206,23.4898835],[120.4355268,23.4896572],[120.435434,23.4895574],[120.4352472,23.4893558],[120.4349197,23.4890004],[120.4339839,23.4879459]]}},{"type":"Feature","id":550041175,"properties":{"osm_id":550041175,"name":"友愛路","name_en":"You'ai Road","highway":"residential","lanes":null,"oneway":"yes","surface":"asphalt","source":"OpenStreetMap"},"geometry":{"type":"LineString","coordinates":[[120.436405,23.4909087],[120.4363212,23.4908262],[120.4360133,23.4905232],[120.4355659,23.4899993],[120.4353697,23.4897931],[120.4352704,23.4896857],[120.4350943,23.4894908],[120.4347681,23.4891149],[120.4338098,23.4880541]]}},{"type":"Feature","id":550041178,"properties":{"osm_id":550041178,"name":"友愛路","name_en":"You'ai Road","highway":"residential","lanes":null,"oneway":"yes","surface":"asphalt","source":"OpenStreetMap"},"geometry":{"type":"LineString","coordinates":[[120.43418,23.4878239],[120.4350887,23.4888581],[120.4351662,23.4889394],[120.4354204,23.4892199],[120.4355974,23.4894081],[120.4356897,23.4895275],[120.4358871,23.4897614],[120.43645,23.490416],[120.4366211,23.4905989],[120.436694,23.4906768]]}},{"type":"Feature","id":550041180,"properties":{"osm_id":550041180,"name":"友愛路","name_en":"You'ai Road","highway":"tertiary","lanes":null,"oneway":"no","surface":"asphalt","source":"OpenStreetMap"},"geometry":{"type":"LineString","coordinates":[[120.4339839,23.4879459],[120.4337071,23.487642],[120.4336238,23.4875061],[120.4335748,23.4873901],[120.4334933,23.4872267],[120.433455,23.4870716],[120.4334325,23.4869449],[120.4334149,23.4868005],[120.433415,23.4863471],[120.4334664,23.485851],[120.4335241,23.4854809],[120.4335441,23.4853522]]}},{"type":"Feature","id":550041181,"properties":{"osm_id":550041181,"name":"友愛路","name_en":"You'ai Road","highway":"residential","lanes":null,"oneway":"yes","surface":"asphalt","source":"OpenStreetMap"},"geometry":{"type":"LineString","coordinates":[[120.4338098,23.4880541],[120.4336689,23.4879061],[120.4335423,23.4877427],[120.4334184,23.4875312],[120.4333553,23.4873721],[120.4332699,23.4871539],[120.4332276,23.4869855],[120.4332103,23.4867201],[120.4332487,23.4862361],[120.4333148,23.4855384],[120.4333793,23.4854809],[120.4333973,23.4854707],[120.4335106,23.4854067],[120.4335441,23.4853522]]}},{"type":"Feature","id":563599362,"properties":{"osm_id":563599362,"name":"友愛路","name_en":"You'ai Road","highway":"residential","lanes":null,"oneway":"yes","surface":"asphalt","source":"OpenStreetMap"},"geometry":{"type":"LineString","coordinates":[[120.4386126,23.4915922],[120.4384581,23.4915828],[120.438043,23.4915451],[120.4379678,23.4915383],[120.4378925,23.4915328],[120.4374311,23.4914992],[120.4372049,23.4914537],[120.436835,23.4913048],[120.4366311,23.4911715],[120.4364502,23.4909612],[120.436405,23.4909087]]}},{"type":"Feature","id":563599367,"properties":{"osm_id":563599367,"name":"友愛路","name_en":"You'ai Road","highway":"residential","lanes":null,"oneway":"yes","surface":"asphalt","source":"OpenStreetMap"},"geometry":{"type":"LineString","coordinates":[[120.4386671,23.4912069],[120.438779,23.4912164],[120.4397241,23.4912964],[120.4407962,23.4913884],[120.4408729,23.491395],[120.4409619,23.4914013],[120.4413049,23.4914253],[120.4425388,23.4915388],[120.4426393,23.4915481],[120.4427314,23.4915565],[120.4427835,23.4915595],[120.4429022,23.4915693],[120.4429776,23.4915734],[120.4430249,23.4915759],[120.4450579,23.49175],[120.4451497,23.4917836]]}},{"type":"Feature","id":563599370,"properties":{"osm_id":563599370,"name":"友愛路","name_en":"You'ai Road","highway":"tertiary","lanes":"6","oneway":"no","surface":"asphalt","source":"OpenStreetMap"},"geometry":{"type":"LineString","coordinates":[[120.4379868,23.4913523],[120.4379119,23.4913441],[120.4377003,23.4913209],[120.4373814,23.4912777],[120.4371976,23.4912414],[120.4370408,23.4911771],[120.4368861,23.4910974],[120.4367487,23.4909778],[120.4366112,23.4908316],[120.4365615,23.4907787]]}},{"type":"Feature","id":567813751,"properties":{"osm_id":567813751,"name":"友愛路","name_en":"You'ai Road","highway":"secondary","lanes":null,"oneway":"yes","surface":"asphalt","source":"OpenStreetMap"},"geometry":{"type":"LineString","coordinates":[[120.4343148,23.4774131],[120.434337,23.477236],[120.4343337,23.4771836],[120.4343395,23.4771242],[120.4344424,23.4760709],[120.4344786,23.4759376],[120.4345553,23.4756548]]}},{"type":"Feature","id":717901638,"properties":{"osm_id":717901638,"name":"友愛路","name_en":"You'ai Road","highway":"tertiary","lanes":"6","oneway":"no","surface":"asphalt","source":"OpenStreetMap"},"geometry":{"type":"LineString","coordinates":[[120.4450759,23.4919452],[120.4449773,23.4919364],[120.4429369,23.4917554],[120.4428066,23.4917434],[120.4427338,23.4917345],[120.4426643,23.491729],[120.4425223,23.4917176],[120.442435,23.4917107]]}},{"type":"Feature","id":804978237,"properties":{"osm_id":804978237,"name":"友愛路","name_en":"You’ai Road","highway":"secondary","lanes":"2","oneway":"yes","surface":"asphalt","source":"OpenStreetMap"},"geometry":{"type":"LineString","coordinates":[[120.434684,23.4756428],[120.4346252,23.4757318]]}},{"type":"Feature","id":273256847,"properties":{"osm_id":273256847,"name":"友愛路317巷","name_en":null,"highway":"residential","lanes":null,"oneway":null,"surface":"asphalt","source":"OpenStreetMap"},"geometry":{"type":"LineString","coordinates":[[120.4323556,23.4871834],[120.4325706,23.4871346],[120.4327492,23.4870941],[120.4332276,23.4869855]]}},{"type":"Feature","id":1037243606,"properties":{"osm_id":1037243606,"name":"友愛路317巷11弄","name_en":null,"highway":"residential","lanes":null,"oneway":null,"surface":null,"source":"OpenStreetMap"},"geometry":{"type":"LineString","coordinates":[[120.4324956,23.4863086],[120.4324708,23.4866849],[120.4325706,23.4871346]]}},{"type":"Feature","id":563690271,"properties":{"osm_id":563690271,"name":"友愛路335巷","name_en":null,"highway":"residential","lanes":null,"oneway":null,"surface":"asphalt","source":"OpenStreetMap"},"geometry":{"type":"LineString","coordinates":[[120.43172,23.4872725],[120.4320612,23.4872469],[120.4323556,23.4871834],[120.4325177,23.4872802],[120.4326845,23.4873403],[120.4328056,23.4873674],[120.4333553,23.4873721],[120.4335748,23.4873901],[120.4338151,23.4873709]]}},{"type":"Feature","id":1037243615,"properties":{"osm_id":1037243615,"name":"友直街","name_en":null,"highway":"residential","lanes":null,"oneway":null,"surface":"asphalt","source":"OpenStreetMap"},"geometry":{"type":"LineString","coordinates":[[120.435986,23.4805055],[120.4363394,23.4809602],[120.4363854,23.4810194],[120.4366753,23.4813922]]}},{"type":"Feature","id":166117236,"properties":{"osm_id":166117236,"name":"友竹街","name_en":null,"highway":"residential","lanes":null,"oneway":null,"surface":"asphalt","source":"OpenStreetMap"},"geometry":{"type":"LineString","coordinates":[[120.4388051,23.48266],[120.4387158,23.4827254],[120.4386393,23.4827849],[120.4385451,23.4828571],[120.4385047,23.4828931],[120.4384675,23.4829278],[120.438303,23.4830809],[120.4378013,23.4837614],[120.4375038,23.4841584],[120.437203,23.4845702],[120.4367137,23.48524]]}},{"type":"Feature","id":275729407,"properties":{"osm_id":275729407,"name":"友義街","name_en":null,"highway":"residential","lanes":null,"oneway":null,"surface":"asphalt","source":"OpenStreetMap"},"geometry":{"type":"LineString","coordinates":[[120.4345853,23.4812146],[120.4355793,23.4813286],[120.4360781,23.4811852],[120.4363394,23.4809602]]}},{"type":"Feature","id":435266666,"properties":{"osm_id":435266666,"name":"友諒街","name_en":null,"highway":"residential","lanes":null,"oneway":null,"surface":"asphalt","source":"OpenStreetMap"},"geometry":{"type":"LineString","coordinates":[[120.4345853,23.4812146],[120.4345662,23.481424],[120.4345343,23.4817731]]}},{"type":"Feature","id":273256848,"properties":{"osm_id":273256848,"name":"友順街","name_en":"Youshun Street","highway":"residential","lanes":null,"oneway":null,"surface":"asphalt","source":"OpenStreetMap"},"geometry":{"type":"LineString","coordinates":[[120.4334325,23.4869449],[120.4336346,23.4869287],[120.4341263,23.4867861],[120.4347276,23.4866502],[120.4349337,23.4866036],[120.4353592,23.4865074]]}},{"type":"Feature","id":166117643,"properties":{"osm_id":166117643,"name":"台斗街","name_en":"Tai Dou Steet","highway":"residential","lanes":null,"oneway":null,"surface":"asphalt","source":"OpenStreetMap"},"geometry":{"type":"LineString","coordinates":[[120.4516122,23.4901256],[120.4515542,23.4905098]]}},{"type":"Feature","id":545185154,"properties":{"osm_id":545185154,"name":"台斗街","name_en":"Tai Dou Steet","highway":"residential","lanes":null,"oneway":null,"surface":"asphalt","source":"OpenStreetMap"},"geometry":{"type":"LineString","coordinates":[[120.4515156,23.4907126],[120.4514925,23.490891],[120.4514093,23.4915852],[120.4513338,23.4923666],[120.4512703,23.4931877],[120.4512266,23.4935152],[120.4511945,23.4936524],[120.4511234,23.4941695],[120.4510815,23.4946106],[120.4510569,23.4948506],[120.4510525,23.4950205],[120.4510125,23.4954606]]}},{"type":"Feature","id":545185156,"properties":{"osm_id":545185156,"name":"台斗街","name_en":"Tai Dou Steet","highway":"residential","lanes":null,"oneway":null,"surface":"asphalt","source":"OpenStreetMap"},"geometry":{"type":"LineString","coordinates":[[120.4515542,23.4905098],[120.4515156,23.4907126]]}},{"type":"Feature","id":410875729,"properties":{"osm_id":410875729,"name":"台斗街75巷","name_en":"Lane 75, Tai Dou Street","highway":"residential","lanes":null,"oneway":null,"surface":"asphalt","source":"OpenStreetMap"},"geometry":{"type":"LineString","coordinates":[[120.4513338,23.4923666],[120.4505439,23.4923509],[120.4505466,23.4922009],[120.4502462,23.4921492],[120.4503052,23.4919278]]}},{"type":"Feature","id":410875731,"properties":{"osm_id":410875731,"name":"台斗街75巷","name_en":"Lane 75, Tai Dou Street","highway":"residential","lanes":null,"oneway":null,"surface":"asphalt","source":"OpenStreetMap"},"geometry":{"type":"LineString","coordinates":[[120.4505439,23.4923509],[120.4505159,23.4925517],[120.4504935,23.4927126],[120.4504339,23.4931405],[120.4508292,23.4931628],[120.4512703,23.4931877]]}},{"type":"Feature","id":57722709,"properties":{"osm_id":57722709,"name":"台林街","name_en":"Tailin Street","highway":"residential","lanes":"2","oneway":"no","surface":"asphalt","source":"OpenStreetMap"},"geometry":{"type":"LineString","coordinates":[[120.4526191,23.4922265],[120.4528695,23.4926232],[120.4531983,23.4930772],[120.4535455,23.4935835],[120.4538144,23.4940055],[120.4540658,23.4942733],[120.4542828,23.4946939],[120.4543896,23.4948678],[120.4545651,23.4951137],[120.4549909,23.4956428]]}},{"type":"Feature","id":550534462,"properties":{"osm_id":550534462,"name":"台林街","name_en":null,"highway":"residential","lanes":null,"oneway":null,"surface":"asphalt","source":"OpenStreetMap"},"geometry":{"type":"LineString","coordinates":[[120.4531983,23.4930772],[120.4533846,23.492934],[120.4533976,23.4928774],[120.4534482,23.4926115],[120.4535904,23.4920382]]}},{"type":"Feature","id":807351391,"properties":{"osm_id":807351391,"name":"台林街","name_en":"Tailin Street","highway":"residential","lanes":"2","oneway":null,"surface":"asphalt","source":"OpenStreetMap"},"geometry":{"type":"LineString","coordinates":[[120.4525003,23.4921459],[120.4526191,23.4922265]]}},{"type":"Feature","id":807351392,"properties":{"osm_id":807351392,"name":"台林街","name_en":"Tailin Street","highway":"residential","lanes":"2","oneway":null,"surface":"asphalt","source":"OpenStreetMap"},"geometry":{"type":"LineString","coordinates":[[120.4522091,23.492043],[120.4525003,23.4921459]]}},{"type":"Feature","id":264576673,"properties":{"osm_id":264576673,"name":"合江街","name_en":null,"highway":"residential","lanes":null,"oneway":null,"surface":"asphalt","source":"OpenStreetMap"},"geometry":{"type":"LineString","coordinates":[[120.4408558,23.4921262],[120.4403903,23.4921626],[120.4402734,23.4921715],[120.4396027,23.4921711],[120.4392765,23.4921767]]}},{"type":"Feature","id":550807788,"properties":{"osm_id":550807788,"name":"合江街","name_en":null,"highway":"residential","lanes":"2","oneway":null,"surface":"asphalt","source":"OpenStreetMap"},"geometry":{"type":"LineString","coordinates":[[120.4392765,23.4921767],[120.4385569,23.4921779]]}},{"type":"Feature","id":551802260,"properties":{"osm_id":551802260,"name":"合江街","name_en":null,"highway":"residential","lanes":"2","oneway":null,"surface":"asphalt","source":"OpenStreetMap"},"geometry":{"type":"LineString","coordinates":[[120.4408558,23.4921262],[120.4418716,23.4920833],[120.441977,23.4920788],[120.44208,23.4920744],[120.4421804,23.4920701],[120.4422753,23.492066],[120.4426921,23.4920482]]}},{"type":"Feature","id":563582532,"properties":{"osm_id":563582532,"name":"合江街","name_en":null,"highway":"residential","lanes":"1","oneway":null,"surface":"asphalt","source":"OpenStreetMap"},"geometry":{"type":"LineString","coordinates":[[120.4426921,23.4920482],[120.4433469,23.4920751],[120.4437438,23.492012]]}},{"type":"Feature","id":166116647,"properties":{"osm_id":166116647,"name":"吉林街","name_en":null,"highway":"unclassified","lanes":null,"oneway":null,"surface":"asphalt","source":"OpenStreetMap"},"geometry":{"type":"LineString","coordinates":[[120.4341796,23.4923558],[120.4339574,23.4928272],[120.4339295,23.4928989],[120.4337953,23.493478],[120.4338955,23.4934898],[120.4339954,23.4934964],[120.4353103,23.4936396],[120.435884,23.4937048],[120.4367873,23.493783],[120.4376839,23.4938027]]}},{"type":"Feature","id":563599372,"properties":{"osm_id":563599372,"name":"吉林街","name_en":null,"highway":"unclassified","lanes":null,"oneway":null,"surface":"asphalt","source":"OpenStreetMap"},"geometry":{"type":"LineString","coordinates":[[120.4380051,23.4911577],[120.4379868,23.4913523],[120.4379678,23.4915383],[120.4379645,23.4915735],[120.4379226,23.492008],[120.4378914,23.4922914],[120.4378203,23.4928834],[120.4377585,23.4933441],[120.4376839,23.4938027]]}},{"type":"Feature","id":166116406,"properties":{"osm_id":166116406,"name":"向榮街","name_en":"Xiangrong Street","highway":"unclassified","lanes":null,"oneway":null,"surface":"asphalt","source":"OpenStreetMap"},"geometry":{"type":"LineString","coordinates":[[120.4444863,23.487342],[120.4447746,23.4875115],[120.4447916,23.4875234],[120.4448504,23.4875646],[120.4453455,23.4879114],[120.445816,23.4883298],[120.4461976,23.4886075],[120.4463755,23.4887431],[120.4465093,23.4888602],[120.4468138,23.4890614],[120.4468637,23.4890934],[120.4470876,23.4892371],[120.4472557,23.4893459],[120.4473737,23.489438]]}},{"type":"Feature","id":563423853,"properties":{"osm_id":563423853,"name":"向榮街39巷","name_en":null,"highway":"unclassified","lanes":null,"oneway":null,"surface":"asphalt","source":"OpenStreetMap"},"geometry":{"type":"LineString","coordinates":[[120.4482772,23.4887949],[120.4482773,23.4892304],[120.4482193,23.4895277]]}},{"type":"Feature","id":563423857,"properties":{"osm_id":563423857,"name":"向榮街39巷","name_en":null,"highway":"unclassified","lanes":null,"oneway":null,"surface":"asphalt","source":"OpenStreetMap"},"geometry":{"type":"LineString","coordinates":[[120.448186,23.4878016],[120.4483133,23.487967],[120.4484196,23.4880723],[120.4484699,23.4881327],[120.4484154,23.4883067],[120.4483715,23.4884681],[120.4483072,23.4886688],[120.4482772,23.4887949]]}},{"type":"Feature","id":76703867,"properties":{"osm_id":76703867,"name":"吳鳳北路","name_en":"Wufeng North Road","highway":"tertiary","lanes":"2","oneway":"no","surface":"asphalt","source":"OpenStreetMap"},"geometry":{"type":"LineString","coordinates":[[120.4521361,23.4855313],[120.452236,23.4845424],[120.4522864,23.4837567],[120.4523649,23.4831167],[120.4523793,23.4829992],[120.4524073,23.4827709],[120.4524702,23.4825915],[120.4526739,23.4821167],[120.452756,23.4817771],[120.452873,23.4814436],[120.4528987,23.4813704]]}},{"type":"Feature","id":545392563,"properties":{"osm_id":545392563,"name":"吳鳳北路","name_en":"Wufeng North Road","highway":"tertiary","lanes":"4","oneway":"no","surface":"asphalt","source":"OpenStreetMap"},"geometry":{"type":"LineString","coordinates":[[120.4534309,23.4778167],[120.4534482,23.4776631],[120.4535047,23.4771554],[120.4535149,23.4770637],[120.4535265,23.4769556],[120.4535793,23.4764666],[120.4535925,23.4763065]]}},{"type":"Feature","id":549182168,"properties":{"osm_id":549182168,"name":"吳鳳北路","name_en":"Wufeng North Road","highway":"tertiary","lanes":"4","oneway":null,"surface":"asphalt","source":"OpenStreetMap"},"geometry":{"type":"LineString","coordinates":[[120.4528987,23.4813704],[120.4529274,23.4812218],[120.4530301,23.4806898],[120.4530477,23.4806046],[120.4530672,23.4805008],[120.4530941,23.4802911],[120.4531602,23.4798482]]}},{"type":"Feature","id":717901644,"properties":{"osm_id":717901644,"name":"吳鳳北路","name_en":"Wufeng North Road","highway":"tertiary","lanes":"4","oneway":"no","surface":"asphalt","source":"OpenStreetMap"},"geometry":{"type":"LineString","coordinates":[[120.4531602,23.4798482],[120.4532288,23.4792896],[120.453244,23.4792049],[120.4532619,23.4791091],[120.4533405,23.4785056],[120.4533747,23.4782453],[120.4534072,23.4779978],[120.4534309,23.4778167]]}},{"type":"Feature","id":802004246,"properties":{"osm_id":802004246,"name":"吳鳳北路","name_en":"Wufeng North Road","highway":"tertiary","lanes":"2","oneway":"no","surface":"asphalt","source":"OpenStreetMap"},"geometry":{"type":"LineString","coordinates":[[120.4521267,23.4856826],[120.4521361,23.4855313]]}},{"type":"Feature","id":813446299,"properties":{"osm_id":813446299,"name":"吳鳳北路","name_en":"Wufeng North Road","highway":"tertiary","lanes":"4","oneway":"no","surface":"asphalt","source":"OpenStreetMap"},"geometry":{"type":"LineString","coordinates":[[120.4535925,23.4763065],[120.453609,23.4761469],[120.45363,23.4759627],[120.4537044,23.475308],[120.4537426,23.4749374],[120.4537973,23.4743986],[120.4538009,23.4743561],[120.453812,23.4742334]]}},{"type":"Feature","id":549182171,"properties":{"osm_id":549182171,"name":"吳鳳南路","name_en":"Wufeng South Road","highway":"tertiary","lanes":"4","oneway":"yes","surface":"asphalt","source":"OpenStreetMap"},"geometry":{"type":"LineString","coordinates":[[120.4541062,23.4721733],[120.4539867,23.4729796],[120.4538899,23.473912]]}},{"type":"Feature","id":549182172,"properties":{"osm_id":549182172,"name":"吳鳳南路","name_en":"Wufeng South Road","highway":"unclassified","lanes":"1","oneway":"yes","surface":"asphalt","source":"OpenStreetMap"},"geometry":{"type":"LineString","coordinates":[[120.4538198,23.4740966],[120.45374,23.4739752],[120.453729,23.4739274],[120.4538391,23.4729655],[120.4539547,23.4721628],[120.4540118,23.4716253],[120.4540727,23.4711059]]}},{"type":"Feature","id":549182173,"properties":{"osm_id":549182173,"name":"吳鳳南路","name_en":"Wufeng South Road","highway":"unclassified","lanes":"1","oneway":"yes","surface":"asphalt","source":"OpenStreetMap"},"geometry":{"type":"LineString","coordinates":[[120.4544856,23.4667207],[120.4545273,23.4662416],[120.4545357,23.4662221],[120.4545678,23.4661479]]}},{"type":"Feature","id":549182175,"properties":{"osm_id":549182175,"name":"吳鳳南路","name_en":"Wufeng South Road","highway":"unclassified","lanes":"1","oneway":"yes","surface":"asphalt","source":"OpenStreetMap"},"geometry":{"type":"LineString","coordinates":[[120.4547139,23.4667252],[120.4546382,23.4673934],[120.4545924,23.4677983],[120.4545812,23.4678973],[120.454574,23.4679799],[120.4545096,23.4687226],[120.4544577,23.4691903],[120.4544428,23.4693253],[120.4544357,23.4694754],[120.4543795,23.4699502],[120.4543604,23.4701028],[120.4543327,23.4703564],[120.4542944,23.4710937],[120.4542696,23.4713136],[120.4542525,23.4715049],[120.4542375,23.4716593],[120.4541876,23.4721805],[120.4541466,23.4724514],[120.4541075,23.4727092],[120.454065,23.4729857],[120.4540253,23.473335],[120.4539622,23.4739073],[120.4539297,23.4739893],[120.4538198,23.4740966]]}},{"type":"Feature","id":563614424,"properties":{"osm_id":563614424,"name":"吳鳳南路","name_en":"Wufeng South Road","highway":"tertiary","lanes":"4","oneway":"yes","surface":"asphalt","source":"OpenStreetMap"},"geometry":{"type":"LineString","coordinates":[[120.4543724,23.4693237],[120.4543557,23.4694673],[120.4542821,23.4701001],[120.454259,23.4703558],[120.4542217,23.4710941],[120.4541986,23.4713088],[120.4541757,23.4714995],[120.454157,23.4716547],[120.4541062,23.4721733]]}},{"type":"Feature","id":563629975,"properties":{"osm_id":563629975,"name":"吳鳳南路","name_en":"Wufeng South Road","highway":"primary","lanes":"2","oneway":"no","surface":"asphalt","source":"OpenStreetMap"},"geometry":{"type":"LineString","coordinates":[[120.4546749,23.4659452],[120.4546767,23.465936],[120.4546898,23.4658684],[120.4547491,23.4655739],[120.4548108,23.4653006]]}},{"type":"Feature","id":563629979,"properties":{"osm_id":563629979,"name":"吳鳳南路","name_en":"Wufeng South Road","highway":"primary","lanes":"2","oneway":"no","surface":"asphalt","source":"OpenStreetMap"},"geometry":{"type":"LineString","coordinates":[[120.4548108,23.4653006],[120.454829,23.4652119]]}},{"type":"Feature","id":563629988,"properties":{"osm_id":563629988,"name":"吳鳳南路","name_en":"Wufeng South Road","highway":"unclassified","lanes":"1","oneway":"yes","surface":"asphalt","source":"OpenStreetMap"},"geometry":{"type":"LineString","coordinates":[[120.4546749,23.4659452],[120.4547895,23.4660978],[120.4547909,23.4661921],[120.454793,23.4662446],[120.4547933,23.4662524],[120.4547139,23.4667252]]}},{"type":"Feature","id":563637746,"properties":{"osm_id":563637746,"name":"吳鳳南路","name_en":"Wufeng South Road","highway":"tertiary","lanes":null,"oneway":"yes","surface":"asphalt","source":"OpenStreetMap"},"geometry":{"type":"LineString","coordinates":[[120.4540328,23.4721684],[120.4541496,23.4710994],[120.4542191,23.4703531],[120.4543088,23.4694626],[120.4543233,23.4693243]]}},{"type":"Feature","id":563637747,"properties":{"osm_id":563637747,"name":"吳鳳南路","name_en":"Wufeng South Road","highway":"tertiary","lanes":null,"oneway":"yes","surface":"asphalt","source":"OpenStreetMap"},"geometry":{"type":"LineString","coordinates":[[120.4543233,23.4693243],[120.4543372,23.4691773],[120.4544514,23.4679713],[120.4544585,23.4678847],[120.4544686,23.467791],[120.4545807,23.4667162],[120.4546212,23.4662408],[120.4546236,23.4662298],[120.4546349,23.4661781],[120.4546669,23.4660867]]}},{"type":"Feature","id":563637752,"properties":{"osm_id":563637752,"name":"吳鳳南路","name_en":"Wufeng South Road","highway":"unclassified","lanes":"1","oneway":"yes","surface":"asphalt","source":"OpenStreetMap"},"geometry":{"type":"LineString","coordinates":[[120.4540727,23.4711059],[120.4541107,23.4707653],[120.4541478,23.4703484],[120.4541897,23.4699378],[120.4542364,23.4694552],[120.4542491,23.4693242],[120.454264,23.4691694],[120.45438,23.4679644],[120.4543898,23.4678749],[120.4543962,23.4677868],[120.4544856,23.4667207]]}},{"type":"Feature","id":599380884,"properties":{"osm_id":599380884,"name":"吳鳳南路","name_en":null,"highway":"tertiary","lanes":null,"oneway":"yes","surface":"asphalt","source":"OpenStreetMap"},"geometry":{"type":"LineString","coordinates":[[120.4538198,23.4740966],[120.4538293,23.4739819],[120.4538281,23.4739009]]}},{"type":"Feature","id":703486321,"properties":{"osm_id":703486321,"name":"吳鳳南路","name_en":null,"highway":"tertiary","lanes":null,"oneway":"yes","surface":"asphalt","source":"OpenStreetMap"},"geometry":{"type":"LineString","coordinates":[[120.4538281,23.4739009],[120.453937,23.4729774],[120.4540328,23.4721684]]}},{"type":"Feature","id":703486322,"properties":{"osm_id":703486322,"name":"吳鳳南路","name_en":"Wufeng South Road","highway":"tertiary","lanes":"4","oneway":"yes","surface":"asphalt","source":"OpenStreetMap"},"geometry":{"type":"LineString","coordinates":[[120.4538899,23.473912],[120.4538776,23.4739854],[120.4538198,23.4740966]]}},{"type":"Feature","id":801749471,"properties":{"osm_id":801749471,"name":"吳鳳南路","name_en":"Wufeng South Road","highway":"tertiary","lanes":"4","oneway":"yes","surface":"asphalt","source":"OpenStreetMap"},"geometry":{"type":"LineString","coordinates":[[120.4546749,23.4659452],[120.4546669,23.4660867]]}},{"type":"Feature","id":801749479,"properties":{"osm_id":801749479,"name":"吳鳳南路","name_en":"Wufeng South Road","highway":"tertiary","lanes":"4","oneway":"yes","surface":"asphalt","source":"OpenStreetMap"},"geometry":{"type":"LineString","coordinates":[[120.4546669,23.4660867],[120.4546868,23.4661872],[120.4546881,23.4662354],[120.4546885,23.4662486],[120.4546239,23.4667185],[120.4545009,23.4677929],[120.4544989,23.4678911],[120.4544957,23.4679761],[120.4543853,23.4691825],[120.4543724,23.4693237]]}},{"type":"Feature","id":801749480,"properties":{"osm_id":801749480,"name":"吳鳳南路","name_en":"Wufeng South Road","highway":"primary","lanes":"2","oneway":"no","surface":"asphalt","source":"OpenStreetMap"},"geometry":{"type":"LineString","coordinates":[[120.4546124,23.4660565],[120.4546749,23.4659452]]}},{"type":"Feature","id":801749481,"properties":{"osm_id":801749481,"name":"吳鳳南路","name_en":"Wufeng South Road","highway":"primary","lanes":"2","oneway":"no","surface":"asphalt","source":"OpenStreetMap"},"geometry":{"type":"LineString","coordinates":[[120.454829,23.4652119],[120.4549716,23.4648018],[120.4551233,23.4644553],[120.4553311,23.4640688],[120.4553753,23.4639989],[120.4556021,23.4636335],[120.455855,23.4632205],[120.4560013,23.4629519],[120.456118,23.4627391],[120.4564163,23.4622464]]}},{"type":"Feature","id":268535832,"properties":{"osm_id":268535832,"name":"吳鳳南路25巷","name_en":null,"highway":"residential","lanes":null,"oneway":null,"surface":"asphalt","source":"OpenStreetMap"},"geometry":{"type":"LineString","coordinates":[[120.4538391,23.4729655],[120.453937,23.4729774],[120.4539867,23.4729796],[120.454065,23.4729857],[120.4551638,23.4731135],[120.4566755,23.4732715]]}},{"type":"Feature","id":1559135090,"properties":{"osm_id":1559135090,"name":"吳鳳南路32巷","name_en":null,"highway":"unclassified","lanes":null,"oneway":null,"surface":"asphalt","source":"OpenStreetMap"},"geometry":{"type":"LineString","coordinates":[[120.4532239,23.471167],[120.4540727,23.4711059]]}},{"type":"Feature","id":1556803089,"properties":{"osm_id":1556803089,"name":"吳鳳南路345巷55弄","name_en":null,"highway":"residential","lanes":null,"oneway":null,"surface":"asphalt","source":"OpenStreetMap"},"geometry":{"type":"LineString","coordinates":[[120.4572063,23.4649283],[120.4572021,23.4652307],[120.4572718,23.465356],[120.4573579,23.4655209],[120.4574948,23.4657519]]}},{"type":"Feature","id":268535833,"properties":{"osm_id":268535833,"name":"吳鳳南路37巷","name_en":null,"highway":"residential","lanes":null,"oneway":null,"surface":"asphalt","source":"OpenStreetMap"},"geometry":{"type":"LineString","coordinates":[[120.4541075,23.4727092],[120.4552014,23.4728243],[120.4561562,23.4729147],[120.4567275,23.4729688]]}},{"type":"Feature","id":263634868,"properties":{"osm_id":263634868,"name":"吳鳳南路48巷","name_en":null,"highway":"unclassified","lanes":null,"oneway":null,"surface":"asphalt","source":"OpenStreetMap"},"geometry":{"type":"LineString","coordinates":[[120.4533839,23.470303],[120.4531785,23.4702811],[120.4526249,23.4702238],[120.4518672,23.4701519],[120.451324,23.4701014]]}},{"type":"Feature","id":263634871,"properties":{"osm_id":263634871,"name":"吳鳳南路48巷","name_en":null,"highway":"residential","lanes":null,"oneway":null,"surface":"asphalt","source":"OpenStreetMap"},"geometry":{"type":"LineString","coordinates":[[120.4526249,23.4702238],[120.4525792,23.4706451],[120.4525201,23.47122]]}},{"type":"Feature","id":1559135088,"properties":{"osm_id":1559135088,"name":"吳鳳南路48巷","name_en":null,"highway":"unclassified","lanes":null,"oneway":null,"surface":"asphalt","source":"OpenStreetMap"},"geometry":{"type":"LineString","coordinates":[[120.4525792,23.4706451],[120.4531332,23.4707067],[120.4541107,23.4707653]]}},{"type":"Feature","id":258133271,"properties":{"osm_id":258133271,"name":"和平路","name_en":"Heping Road","highway":"residential","lanes":null,"oneway":null,"surface":"asphalt","source":"OpenStreetMap"},"geometry":{"type":"LineString","coordinates":[[120.4567812,23.4801177],[120.4568989,23.4796448],[120.4571294,23.4789644],[120.4573474,23.4782678],[120.4574237,23.4777911],[120.4574616,23.4775281],[120.4575056,23.4772428],[120.4575653,23.4766801],[120.4576581,23.4759389],[120.457692,23.4756615],[120.4577885,23.4747408],[120.4577935,23.4746981],[120.4577973,23.4745944],[120.4578131,23.4744638],[120.457824,23.4743649],[120.4578311,23.4743023],[120.4579076,23.4736724],[120.4579274,23.4735135],[120.458039,23.4725591],[120.4581522,23.4714332]]}},{"type":"Feature","id":550253421,"properties":{"osm_id":550253421,"name":"和平路","name_en":"Heping Road","highway":"residential","lanes":null,"oneway":null,"surface":"asphalt","source":"OpenStreetMap"},"geometry":{"type":"LineString","coordinates":[[120.4558359,23.484293],[120.4559266,23.483653],[120.45598,23.4832937],[120.4560888,23.4825087],[120.4561428,23.4821496],[120.4561505,23.4820985],[120.456178,23.4818533],[120.4564594,23.4810241],[120.4565904,23.4806494],[120.4566415,23.4805033]]}},{"type":"Feature","id":176604163,"properties":{"osm_id":176604163,"name":"啟明路","name_en":"Qiming Road","highway":"tertiary","lanes":"2","oneway":"no","surface":"asphalt","source":"OpenStreetMap"},"geometry":{"type":"LineString","coordinates":[[120.4633833,23.4826495],[120.4633862,23.4825265],[120.4633879,23.4824529],[120.4635523,23.4812973],[120.4635656,23.4812044],[120.4635815,23.4810923]]}},{"type":"Feature","id":259226124,"properties":{"osm_id":259226124,"name":"啟明路","name_en":"Qiming Road","highway":"tertiary","lanes":"3","oneway":"no","surface":"asphalt","source":"OpenStreetMap"},"geometry":{"type":"LineString","coordinates":[[120.4633833,23.4826495],[120.4633679,23.4827617],[120.4633618,23.4828061],[120.4633454,23.4829254],[120.4632852,23.483364],[120.4631877,23.4840141],[120.4631667,23.4841537]]}},{"type":"Feature","id":286467940,"properties":{"osm_id":286467940,"name":"啟明路","name_en":"Qiming Road","highway":"residential","lanes":"2","oneway":"no","surface":"asphalt","source":"OpenStreetMap"},"geometry":{"type":"LineString","coordinates":[[120.4631667,23.4841537],[120.4631603,23.4842126],[120.4630914,23.4848481],[120.4630848,23.4848856],[120.463052,23.4850733],[120.4629992,23.4851535]]}},{"type":"Feature","id":365158721,"properties":{"osm_id":365158721,"name":"啟明路","name_en":"Qiming Road","highway":"tertiary","lanes":"2","oneway":"no","surface":"asphalt","source":"OpenStreetMap"},"geometry":{"type":"LineString","coordinates":[[120.461548,23.4749341],[120.4615502,23.4748075]]}},{"type":"Feature","id":564780236,"properties":{"osm_id":564780236,"name":"啟明路","name_en":"Qiming Road","highway":"tertiary","lanes":"2","oneway":"no","surface":"asphalt","source":"OpenStreetMap"},"geometry":{"type":"LineString","coordinates":[[120.462981,23.4796813],[120.4629446,23.4796],[120.4626134,23.4788809],[120.4625822,23.478813],[120.4625497,23.4787365],[120.4620826,23.477638],[120.4619225,23.477284],[120.4618518,23.4771628],[120.4617825,23.4770446]]}},{"type":"Feature","id":801749484,"properties":{"osm_id":801749484,"name":"啟明路","name_en":"Qiming Road","highway":"tertiary","lanes":"2","oneway":"no","surface":"asphalt","source":"OpenStreetMap"},"geometry":{"type":"LineString","coordinates":[[120.4617825,23.4770446],[120.4617452,23.4768615],[120.4617383,23.4768262],[120.4616502,23.476051],[120.4616448,23.4760036],[120.4616386,23.475952],[120.4615537,23.475124],[120.4615495,23.4750506],[120.461548,23.4749341]]}},{"type":"Feature","id":1331890573,"properties":{"osm_id":1331890573,"name":"啟明路","name_en":"Qiming Road","highway":"tertiary","lanes":"2","oneway":"no","surface":"asphalt","source":"OpenStreetMap"},"geometry":{"type":"LineString","coordinates":[[120.4635815,23.4810923],[120.4635501,23.4809606],[120.4635384,23.4809114],[120.4633039,23.4803828],[120.462981,23.4796813]]}},{"type":"Feature","id":241572584,"properties":{"osm_id":241572584,"name":"嘉北街","name_en":"Jiabei Street","highway":"residential","lanes":null,"oneway":null,"surface":"asphalt","source":"OpenStreetMap"},"geometry":{"type":"LineString","coordinates":[[120.4566849,23.4941585],[120.4562327,23.4938928],[120.4561926,23.4938706],[120.4558478,23.4937319],[120.454327,23.4936654]]}},{"type":"Feature","id":281043329,"properties":{"osm_id":281043329,"name":"嘉北街","name_en":"Jiabei Street","highway":"residential","lanes":null,"oneway":null,"surface":"asphalt","source":"OpenStreetMap"},"geometry":{"type":"LineString","coordinates":[[120.454327,23.4936654],[120.45429,23.4937587],[120.4538144,23.4940055],[120.4531891,23.4939557],[120.4529345,23.4938861],[120.452688,23.4937866]]}},{"type":"Feature","id":412852583,"properties":{"osm_id":412852583,"name":"嘉北街","name_en":"Jiabei Street","highway":"residential","lanes":null,"oneway":null,"surface":"asphalt","source":"OpenStreetMap"},"geometry":{"type":"LineString","coordinates":[[120.4519637,23.49357],[120.4517458,23.493579],[120.4516039,23.4935646],[120.4512266,23.4935152]]}},{"type":"Feature","id":412852585,"properties":{"osm_id":412852585,"name":"嘉北街","name_en":"Jiabei Street","highway":"residential","lanes":null,"oneway":null,"surface":"asphalt","source":"OpenStreetMap"},"geometry":{"type":"LineString","coordinates":[[120.452688,23.4937866],[120.4523817,23.4936426],[120.4522778,23.4936029],[120.4519637,23.49357]]}},{"type":"Feature","id":1156628030,"properties":{"osm_id":1156628030,"name":"嘉北街12巷","name_en":null,"highway":"residential","lanes":null,"oneway":null,"surface":"asphalt","source":"OpenStreetMap"},"geometry":{"type":"LineString","coordinates":[[120.4551951,23.4947759],[120.4554127,23.4946427],[120.4555578,23.4945615],[120.4557949,23.4944287],[120.4558656,23.4943683],[120.4559157,23.4943488],[120.4562327,23.4938928]]}},{"type":"Feature","id":817263057,"properties":{"osm_id":817263057,"name":"嘉北街13巷","name_en":null,"highway":"residential","lanes":null,"oneway":null,"surface":"asphalt","source":"OpenStreetMap"},"geometry":{"type":"LineString","coordinates":[[120.4565703,23.4929591],[120.4565152,23.4931436],[120.456419,23.4934657],[120.4562327,23.4938928]]}},{"type":"Feature","id":241572593,"properties":{"osm_id":241572593,"name":"嘉北街66巷","name_en":null,"highway":"residential","lanes":null,"oneway":null,"surface":"asphalt","source":"OpenStreetMap"},"geometry":{"type":"LineString","coordinates":[[120.454327,23.4936654],[120.4547779,23.4942687],[120.455052,23.4946354],[120.4551566,23.494762],[120.4551951,23.4947759]]}},{"type":"Feature","id":270365125,"properties":{"osm_id":270365125,"name":"嘉北街97巷","name_en":null,"highway":"residential","lanes":null,"oneway":null,"surface":"asphalt","source":"OpenStreetMap"},"geometry":{"type":"LineString","coordinates":[[120.454327,23.4936654],[120.4543181,23.4931621],[120.4543303,23.4926475],[120.454332,23.4925789]]}},{"type":"Feature","id":256568335,"properties":{"osm_id":256568335,"name":"嘉南街","name_en":"Jia'nan Street","highway":"residential","lanes":null,"oneway":null,"surface":"asphalt","source":"OpenStreetMap"},"geometry":{"type":"LineString","coordinates":[[120.454332,23.4925789],[120.4544013,23.4925815],[120.454946,23.4926014],[120.4560252,23.4926341],[120.4561186,23.4925892],[120.4562247,23.4921697]]}},{"type":"Feature","id":563401777,"properties":{"osm_id":563401777,"name":"嘉南街","name_en":"Jia'nan Street","highway":"residential","lanes":null,"oneway":null,"surface":"asphalt","source":"OpenStreetMap"},"geometry":{"type":"LineString","coordinates":[[120.454332,23.4925789],[120.4542993,23.4925445],[120.4541232,23.4923586],[120.4538309,23.4921587],[120.4535904,23.4920382],[120.4530071,23.4918956]]}},{"type":"Feature","id":263601357,"properties":{"osm_id":263601357,"name":"嘉工街","name_en":"Jiagong Street","highway":"residential","lanes":null,"oneway":null,"surface":"asphalt","source":"OpenStreetMap"},"geometry":{"type":"LineString","coordinates":[[120.4651981,23.4694963],[120.4653204,23.469532],[120.465413,23.4695571],[120.4655097,23.4695926],[120.4655641,23.4696171],[120.46561,23.4696378],[120.4664295,23.4701137],[120.4672909,23.4705867],[120.4677778,23.4708412],[120.468121,23.4710207],[120.4686398,23.4712893]]}},{"type":"Feature","id":410977261,"properties":{"osm_id":410977261,"name":"嘉惠二村","name_en":null,"highway":"residential","lanes":null,"oneway":null,"surface":"asphalt","source":"OpenStreetMap"},"geometry":{"type":"LineString","coordinates":[[120.4501022,23.4933941],[120.4504386,23.4934009],[120.4508328,23.4934088],[120.4510838,23.4934138]]}},{"type":"Feature","id":545177166,"properties":{"osm_id":545177166,"name":"嘉雄陸橋","name_en":"Jiaxiong Pedestrian Bridge","highway":"secondary","lanes":"2","oneway":"yes","surface":"asphalt","source":"OpenStreetMap"},"geometry":{"type":"LineString","coordinates":[[120.4349272,23.475319],[120.4352088,23.4751113],[120.4353735,23.4750156],[120.4355959,23.4749282],[120.4357541,23.4748795],[120.435906,23.4748457],[120.436135,23.4748204],[120.4363133,23.4748217],[120.4366012,23.4748403],[120.4372801,23.4748951],[120.4376171,23.4749149],[120.4379422,23.4749225],[120.4387905,23.4749786]]}},{"type":"Feature","id":545177170,"properties":{"osm_id":545177170,"name":"嘉雄陸橋","name_en":null,"highway":"secondary","lanes":"2","oneway":"yes","surface":"asphalt","source":"OpenStreetMap"},"geometry":{"type":"LineString","coordinates":[[120.4387957,23.4750457],[120.4383883,23.4750136],[120.437975,23.4749914],[120.4375543,23.474973],[120.4365638,23.4749033],[120.4361873,23.4748717],[120.4360336,23.4748836],[120.4359177,23.4749016],[120.4358026,23.4749282],[120.4356386,23.4749798],[120.4354737,23.475046],[120.4353775,23.4750884],[120.4352848,23.4751391],[120.4349739,23.4753558]]}},{"type":"Feature","id":1133517896,"properties":{"osm_id":1133517896,"name":"嘉雄陸橋(機慢車道)","name_en":null,"highway":"unclassified","lanes":null,"oneway":"yes","surface":null,"source":"OpenStreetMap"},"geometry":{"type":"LineString","coordinates":[[120.4388278,23.47508],[120.4365544,23.474942],[120.4363477,23.4749295],[120.4361409,23.4749269],[120.4360308,23.4749354],[120.4359157,23.474953],[120.4357474,23.4749927],[120.4356223,23.4750318],[120.4355008,23.4750787],[120.435368,23.4751498],[120.4352067,23.4752527],[120.4349979,23.4753987]]}},{"type":"Feature","id":1133517897,"properties":{"osm_id":1133517897,"name":"嘉雄陸橋(機慢車道)","name_en":null,"highway":"unclassified","lanes":null,"oneway":"yes","surface":null,"source":"OpenStreetMap"},"geometry":{"type":"LineString","coordinates":[[120.4349012,23.4753068],[120.4349957,23.4752175],[120.4351662,23.4750892],[120.4353119,23.4750025],[120.4354973,23.4749217],[120.4356621,23.4748591],[120.435807,23.4748265],[120.4359605,23.4747946],[120.4361793,23.4747725],[120.4362482,23.4747725],[120.4364129,23.4747849],[120.436552,23.4747954],[120.4371121,23.4748376],[120.4388392,23.4749425]]}},{"type":"Feature","id":27989541,"properties":{"osm_id":27989541,"name":"國華街","name_en":"Guohua Street","highway":"residential","lanes":null,"oneway":"yes","surface":"asphalt","source":"OpenStreetMap"},"geometry":{"type":"LineString","coordinates":[[120.4477396,23.4837896],[120.4479041,23.4829372],[120.447975,23.4825114],[120.4480765,23.4820383],[120.4483591,23.4807703],[120.4483694,23.4805317],[120.4484086,23.480201],[120.448454,23.4798693],[120.448466,23.4797815],[120.448474,23.479699],[120.4485104,23.4793247],[120.4485143,23.4792814],[120.448516,23.479262],[120.4485182,23.479232],[120.4485412,23.478924],[120.4485559,23.4787476],[120.4485816,23.4784854],[120.4486203,23.4780695],[120.4487207,23.4773564],[120.4487322,23.477244],[120.4487914,23.4766704],[120.4488367,23.4763153],[120.4488785,23.4759371],[120.4489417,23.4753703],[120.4489915,23.4748803],[120.4490032,23.4747574],[120.4490321,23.4744804],[120.4490527,23.4742775],[120.4490726,23.4740432],[120.4490835,23.4739177],[120.4490926,23.4738202]]}},{"type":"Feature","id":240216135,"properties":{"osm_id":240216135,"name":"國華街","name_en":"Guohua Street","highway":"unclassified","lanes":null,"oneway":null,"surface":"asphalt","source":"OpenStreetMap"},"geometry":{"type":"LineString","coordinates":[[120.4477396,23.4837896],[120.4477219,23.4839128],[120.44764,23.4841458],[120.447626,23.4841888],[120.4476048,23.4842536],[120.4474055,23.4848624],[120.4471203,23.4858094]]}},{"type":"Feature","id":563423866,"properties":{"osm_id":563423866,"name":"國華街","name_en":"Guohua Street","highway":"residential","lanes":null,"oneway":null,"surface":"asphalt","source":"OpenStreetMap"},"geometry":{"type":"LineString","coordinates":[[120.4490926,23.4738202],[120.4491088,23.4736651],[120.4491237,23.4735548],[120.4491263,23.4735256],[120.4492162,23.4726507],[120.4492621,23.4721609],[120.449309,23.4717257],[120.4493578,23.4712724],[120.4494224,23.4707777],[120.4494722,23.4703368],[120.4494926,23.4701499],[120.4495012,23.4700881],[120.4495213,23.4699329],[120.4495708,23.4695175],[120.4496522,23.468881]]}},{"type":"Feature","id":793097253,"properties":{"osm_id":793097253,"name":"國華街","name_en":"Guohua Street","highway":"unclassified","lanes":null,"oneway":null,"surface":"asphalt","source":"OpenStreetMap"},"geometry":{"type":"LineString","coordinates":[[120.4470125,23.4861596],[120.4468582,23.4868149],[120.4467987,23.487098],[120.4466756,23.4876842],[120.4466065,23.4882214],[120.4464677,23.4885914],[120.4463755,23.4887431]]}},{"type":"Feature","id":263634866,"properties":{"osm_id":263634866,"name":"國華街16巷","name_en":null,"highway":"unclassified","lanes":null,"oneway":null,"surface":"asphalt","source":"OpenStreetMap"},"geometry":{"type":"LineString","coordinates":[[120.4494722,23.4703368],[120.4513743,23.4705158],[120.4525792,23.4706451]]}},{"type":"Feature","id":55214605,"properties":{"osm_id":55214605,"name":"圓福街","name_en":"Yuanfu Street","highway":"unclassified","lanes":null,"oneway":null,"surface":null,"source":"OpenStreetMap"},"geometry":{"type":"LineString","coordinates":[[120.4650533,23.489432],[120.4648963,23.4890875],[120.4646506,23.4886112],[120.4645601,23.4884527]]}},{"type":"Feature","id":241572553,"properties":{"osm_id":241572553,"name":"圓福街","name_en":"Yuanfu Street","highway":"residential","lanes":null,"oneway":"yes","surface":"asphalt","source":"OpenStreetMap"},"geometry":{"type":"LineString","coordinates":[[120.4642926,23.4849289],[120.4642646,23.4848297],[120.4642465,23.4847656],[120.4642332,23.4846911],[120.4641617,23.4844687],[120.4641539,23.4844256],[120.4641458,23.4843811],[120.4641323,23.4842868],[120.4641236,23.4842346]]}},{"type":"Feature","id":274194563,"properties":{"osm_id":274194563,"name":"圓福街","name_en":"Yuanfu Street","highway":"unclassified","lanes":null,"oneway":null,"surface":"asphalt","source":"OpenStreetMap"},"geometry":{"type":"LineString","coordinates":[[120.4645601,23.4884527],[120.463913,23.488348],[120.4638462,23.4882961],[120.4638944,23.4877992],[120.4639789,23.4872382],[120.4640456,23.4868485]]}},{"type":"Feature","id":274194565,"properties":{"osm_id":274194565,"name":"圓福街","name_en":"Yuanfu Street","highway":"unclassified","lanes":null,"oneway":null,"surface":"asphalt","source":"OpenStreetMap"},"geometry":{"type":"LineString","coordinates":[[120.4640456,23.4868485],[120.4640991,23.4868048],[120.4648042,23.4868788],[120.4647063,23.4866102],[120.4645275,23.4861195],[120.4644704,23.485853]]}},{"type":"Feature","id":563393522,"properties":{"osm_id":563393522,"name":"圓福街","name_en":"Yuanfu Street","highway":"unclassified","lanes":null,"oneway":null,"surface":"asphalt","source":"OpenStreetMap"},"geometry":{"type":"LineString","coordinates":[[120.4644597,23.4857518],[120.4644311,23.4854325],[120.4642906,23.4851784]]}},{"type":"Feature","id":563393531,"properties":{"osm_id":563393531,"name":"圓福街","name_en":"Yuanfu Street","highway":"residential","lanes":null,"oneway":null,"surface":"asphalt","source":"OpenStreetMap"},"geometry":{"type":"LineString","coordinates":[[120.463587,23.4888058],[120.4636285,23.488691],[120.4637098,23.4884661],[120.4637417,23.4882937],[120.4638132,23.4877878],[120.46386,23.4875772],[120.4639051,23.4872838],[120.4639596,23.4869429],[120.463971,23.4862985],[120.4640973,23.4860864],[120.4641463,23.4859268],[120.4641652,23.4858429],[120.4642373,23.4855912],[120.4642653,23.4852892],[120.4642906,23.4851784],[120.4643041,23.4850232],[120.4642926,23.4849289],[120.464329,23.4848245],[120.4643506,23.4847627],[120.4644646,23.4842243]]}},{"type":"Feature","id":263601092,"properties":{"osm_id":263601092,"name":"圓福街118巷","name_en":null,"highway":"residential","lanes":null,"oneway":null,"surface":"asphalt","source":"OpenStreetMap"},"geometry":{"type":"LineString","coordinates":[[120.4645601,23.4884527],[120.4656212,23.4885789],[120.4658387,23.4885944]]}},{"type":"Feature","id":1551345001,"properties":{"osm_id":1551345001,"name":"圓福街118巷2弄","name_en":null,"highway":"residential","lanes":null,"oneway":null,"surface":"asphalt","source":"OpenStreetMap"},"geometry":{"type":"LineString","coordinates":[[120.4658387,23.4885944],[120.4661697,23.4885347],[120.4663435,23.4884939],[120.4665048,23.4884591],[120.4666501,23.4884034],[120.4667545,23.4883413],[120.4668403,23.4882813],[120.4669348,23.4881889],[120.4670293,23.4880709]]}},{"type":"Feature","id":435266585,"properties":{"osm_id":435266585,"name":"坤明街","name_en":null,"highway":"residential","lanes":null,"oneway":null,"surface":"asphalt","source":"OpenStreetMap"},"geometry":{"type":"LineString","coordinates":[[120.4382002,23.4857317],[120.4383666,23.4860281],[120.4384082,23.4860773],[120.4384668,23.4860925],[120.4385611,23.4860748],[120.439203,23.4857326],[120.4394424,23.4856049],[120.4395666,23.4854861],[120.4396181,23.4853766],[120.4395837,23.4852425],[120.4395102,23.4850699]]}},{"type":"Feature","id":273259352,"properties":{"osm_id":273259352,"name":"垂楊大橋","name_en":"Chuiyang Bridge","highway":"tertiary","lanes":null,"oneway":"yes","surface":"asphalt","source":"OpenStreetMap"},"geometry":{"type":"LineString","coordinates":[[120.4379261,23.4728186],[120.4377595,23.4728311],[120.4376956,23.4728387],[120.4375172,23.4728802],[120.4373802,23.4729441],[120.4372216,23.4730497],[120.4370118,23.4731899],[120.4365119,23.4735939],[120.4360004,23.4740121],[120.4357742,23.474179],[120.4354119,23.4744143],[120.4350226,23.474616],[120.434692,23.4748159],[120.4345312,23.4749235],[120.4343614,23.475054],[120.4340805,23.4752905],[120.4338989,23.4754383],[120.433646,23.475631],[120.4332974,23.4758504],[120.4313931,23.4769807],[120.4309739,23.4772377]]}},{"type":"Feature","id":573661961,"properties":{"osm_id":573661961,"name":"垂楊大橋","name_en":"Chuiyang Bridge","highway":"tertiary","lanes":null,"oneway":"yes","surface":"asphalt","source":"OpenStreetMap"},"geometry":{"type":"LineString","coordinates":[[120.4308732,23.4771543],[120.4310487,23.4770619],[120.4313801,23.4768795],[120.4334051,23.4757007],[120.4337711,23.4754499],[120.4340345,23.4752327],[120.4343332,23.4749941],[120.4344774,23.4748867],[120.4346851,23.4747435],[120.4350417,23.4745377],[120.4353187,23.4743869],[120.4355407,23.4742538],[120.4359074,23.4739891],[120.4361098,23.47384],[120.4368087,23.4732575],[120.4372619,23.4729262],[120.4373542,23.4728707],[120.4375343,23.4727949],[120.4376383,23.4727694],[120.4377194,23.4727549],[120.4379128,23.4727304]]}},{"type":"Feature","id":1133517890,"properties":{"osm_id":1133517890,"name":"垂楊大橋(機慢車道)","name_en":null,"highway":"unclassified","lanes":null,"oneway":"yes","surface":null,"source":"OpenStreetMap"},"geometry":{"type":"LineString","coordinates":[[120.4379202,23.4728677],[120.4378729,23.4728671],[120.4377483,23.4728799],[120.4375928,23.4729117],[120.4374538,23.4729617],[120.4373609,23.4730035],[120.4372304,23.4730895],[120.4369262,23.4733255],[120.4364806,23.4736858],[120.435989,23.4740733],[120.4356827,23.4742984],[120.4354072,23.4744649],[120.4348664,23.4747675],[120.4346653,23.4748917],[120.4343575,23.4751175],[120.4340681,23.4753697],[120.4338654,23.4755309],[120.4337012,23.4756492],[120.4335523,23.4757605],[120.4327754,23.4762201],[120.4324668,23.4764012],[120.4321392,23.4765869],[120.4313923,23.4770157],[120.4312111,23.4771356],[120.4309873,23.4772945]]}},{"type":"Feature","id":1133517893,"properties":{"osm_id":1133517893,"name":"垂楊大橋(機慢車道)","name_en":null,"highway":"unclassified","lanes":null,"oneway":"yes","surface":null,"source":"OpenStreetMap"},"geometry":{"type":"LineString","coordinates":[[120.4308456,23.4771294],[120.4311909,23.4769375],[120.4326141,23.4761198],[120.4327851,23.4760216],[120.4332929,23.4757139],[120.4337812,23.4753823],[120.4343109,23.4749421],[120.4345365,23.4747732],[120.4347232,23.4746546],[120.4353577,23.4743028],[120.4355866,23.4741494],[120.4359195,23.4739037],[120.4363318,23.4735643],[120.4369544,23.4730761],[120.4371741,23.472911],[120.4373481,23.4728173],[120.4375374,23.472739],[120.4377334,23.4727049],[120.437926,23.4726917]]}},{"type":"Feature","id":273259358,"properties":{"osm_id":273259358,"name":"垂楊路","name_en":"Chuiyang Road","highway":"tertiary","lanes":"4","oneway":"yes","surface":"asphalt","source":"OpenStreetMap"},"geometry":{"type":"LineString","coordinates":[[120.438102,23.4728686],[120.4379261,23.4728186]]}},{"type":"Feature","id":365158722,"properties":{"osm_id":365158722,"name":"垂楊路","name_en":"Chuiyang Road","highway":"tertiary","lanes":"4","oneway":"yes","surface":"asphalt","source":"OpenStreetMap"},"geometry":{"type":"LineString","coordinates":[[120.4538198,23.4740966],[120.4540015,23.4741133],[120.4543295,23.4741435],[120.4548333,23.4741898],[120.4548822,23.4741943],[120.4549721,23.4742026],[120.4550582,23.4742105],[120.4556603,23.4742659],[120.4559933,23.4742965],[120.456051,23.4743018],[120.4561399,23.47431],[120.4562273,23.474318],[120.4564319,23.4743368],[120.4564716,23.4743405],[120.4565394,23.4743467],[120.4566073,23.4743529],[120.4570765,23.4743961],[120.4576338,23.4744473],[120.4576832,23.4744519],[120.4578131,23.4744638],[120.4578924,23.4744711],[120.4584528,23.4745227],[120.4585241,23.4745292],[120.4586003,23.4745362],[120.458687,23.4745442],[120.458985,23.4745716],[120.4595523,23.4746238],[120.4596205,23.47463],[120.4597208,23.4746393],[120.4598152,23.4746479],[120.4601316,23.474677],[120.4608201,23.4747404],[120.4608744,23.4747454],[120.4609644,23.4747536],[120.4610607,23.4747625],[120.4613271,23.474787],[120.4613973,23.4747934],[120.4615502,23.4748075]]}},{"type":"Feature","id":365158723,"properties":{"osm_id":365158723,"name":"垂楊路","name_en":"Chuiyang Road","highway":"tertiary","lanes":null,"oneway":"yes","surface":"asphalt","source":"OpenStreetMap"},"geometry":{"type":"LineString","coordinates":[[120.4395619,23.4730167],[120.4394385,23.4730032],[120.4393527,23.4729946],[120.4382682,23.4728853],[120.4382114,23.4728796],[120.438102,23.4728686]]}},{"type":"Feature","id":502262344,"properties":{"osm_id":502262344,"name":"垂楊路","name_en":"Chuiyang Road","highway":"tertiary","lanes":"4","oneway":"yes","surface":"asphalt","source":"OpenStreetMap"},"geometry":{"type":"LineString","coordinates":[[120.4380508,23.4727244],[120.4382153,23.4727201],[120.4393343,23.4728332],[120.4393736,23.4728371],[120.4394574,23.472844]]}},{"type":"Feature","id":545362529,"properties":{"osm_id":545362529,"name":"垂楊路","name_en":"Chuiyang Road","highway":"tertiary","lanes":null,"oneway":"yes","surface":"asphalt","source":"OpenStreetMap"},"geometry":{"type":"LineString","coordinates":[[120.461548,23.4749341],[120.461379,23.4749188],[120.4611018,23.4748937],[120.4610442,23.4748884],[120.4609518,23.4748801],[120.4608626,23.474872],[120.4598666,23.4747818],[120.4598046,23.4747762],[120.459707,23.4747673],[120.4596157,23.4747591],[120.4587266,23.4746785],[120.4586796,23.4746743],[120.4585979,23.4746669],[120.4585148,23.4746593],[120.4579794,23.4746109],[120.4578881,23.4746026],[120.4577973,23.4745944],[120.4576774,23.4745835],[120.4568593,23.4745094],[120.456664,23.4744917],[120.4565951,23.4744855],[120.4565245,23.4744791],[120.456463,23.4744735],[120.4562569,23.4744548],[120.4562097,23.4744506],[120.4561278,23.4744432],[120.4560414,23.4744353],[120.4551206,23.4743519],[120.4550464,23.4743452],[120.4549566,23.4743371],[120.4548737,23.4743296],[120.4540299,23.4742531],[120.4539891,23.4742494],[120.453812,23.4742334]]}},{"type":"Feature","id":564780223,"properties":{"osm_id":564780223,"name":"垂楊路","name_en":"Chuiyang Road","highway":"tertiary","lanes":null,"oneway":"yes","surface":"asphalt","source":"OpenStreetMap"},"geometry":{"type":"LineString","coordinates":[[120.4468516,23.473624],[120.4467101,23.4736127],[120.4458827,23.4735885],[120.4458376,23.4735843],[120.4457168,23.473573],[120.4455997,23.4735621],[120.4453119,23.4735353],[120.444885,23.4734955],[120.4448557,23.4734927],[120.4447664,23.4734844],[120.444665,23.4734741],[120.4437427,23.4733806],[120.443712,23.4733775],[120.4436222,23.4733673],[120.4435162,23.4733553],[120.4425926,23.4732871],[120.4425613,23.4732848],[120.4424209,23.4732746],[120.4422973,23.473261],[120.4415262,23.4731936],[120.4414986,23.4731912],[120.4413945,23.4731821],[120.4413161,23.4731732],[120.4409047,23.4731357],[120.4408672,23.4731322],[120.4407594,23.4731224],[120.4407032,23.4731171],[120.4406835,23.4731152],[120.4404754,23.4730972],[120.4404396,23.4730941],[120.4403496,23.4730863],[120.4402342,23.4730761],[120.4397699,23.4730351],[120.4396912,23.4730281],[120.4395619,23.4730167]]}},{"type":"Feature","id":806363191,"properties":{"osm_id":806363191,"name":"垂楊路","name_en":"Chuiyang Road","highway":"tertiary","lanes":"4","oneway":"yes","surface":"asphalt","source":"OpenStreetMap"},"geometry":{"type":"LineString","coordinates":[[120.4394574,23.472844],[120.4395859,23.472853],[120.439705,23.4728662],[120.4401332,23.4729077],[120.4402122,23.4729153],[120.4402532,23.4729193],[120.4403623,23.4729298],[120.4404577,23.4729385],[120.4406881,23.4729595],[120.4407155,23.472962],[120.4407857,23.4729683],[120.4408839,23.4729756],[120.4409122,23.472978],[120.4412976,23.473011],[120.4413262,23.4730135],[120.4414093,23.4730206],[120.4415131,23.4730292],[120.4422765,23.4730922],[120.4423098,23.473095],[120.4424346,23.4731053],[120.4425749,23.4731173],[120.443489,23.4731957],[120.4435311,23.4731993],[120.4436508,23.4732095],[120.4437266,23.4732173],[120.4441888,23.4732647],[120.4446311,23.4733079],[120.4446761,23.4733123],[120.4447869,23.4733232],[120.4448621,23.4733314],[120.4455595,23.473407],[120.4456172,23.4734132],[120.4457412,23.4734267],[120.4458547,23.473437],[120.4466907,23.4734669],[120.4467323,23.4734639],[120.4468707,23.4734601]]}},{"type":"Feature","id":808895754,"properties":{"osm_id":808895754,"name":"垂楊路","name_en":"Chuiyang Road","highway":"tertiary","lanes":"4","oneway":"yes","surface":"asphalt","source":"OpenStreetMap"},"geometry":{"type":"LineString","coordinates":[[120.4468707,23.4734601],[120.4470047,23.4734723],[120.4478103,23.4735461],[120.4478621,23.4735509],[120.4479708,23.4735608],[120.4480608,23.4735691],[120.4485976,23.4736182],[120.4487835,23.4736353],[120.4489833,23.4736536],[120.449035,23.4736583],[120.4491088,23.4736651],[120.4491797,23.4736716],[120.4501067,23.4737565],[120.450148,23.4737603],[120.4502505,23.4737697],[120.4503668,23.4737803],[120.4516763,23.4739003],[120.4517113,23.4739035],[120.4518343,23.4739147],[120.451949,23.4739252],[120.4526803,23.4739922],[120.4527212,23.473996],[120.4528007,23.4740032],[120.4528793,23.4740105],[120.4535912,23.4740757],[120.4536485,23.4740809],[120.4538198,23.4740966]]}},{"type":"Feature","id":808895755,"properties":{"osm_id":808895755,"name":"垂楊路","name_en":"Chuiyang Road","highway":"tertiary","lanes":null,"oneway":"yes","surface":"asphalt","source":"OpenStreetMap"},"geometry":{"type":"LineString","coordinates":[[120.453812,23.4742334],[120.4536324,23.4742177],[120.4529024,23.4741538],[120.4528649,23.4741505],[120.4527881,23.4741438],[120.4527119,23.4741371],[120.4519711,23.4740722],[120.4519364,23.4740692],[120.451817,23.4740587],[120.4516998,23.4740485],[120.4504444,23.4739386],[120.4503959,23.4739343],[120.4503555,23.4739308],[120.4502325,23.4739203],[120.4501366,23.4739116],[120.4495594,23.4738611],[120.449215,23.4738309],[120.4491676,23.4738268],[120.4490926,23.4738202],[120.4490173,23.4738136],[120.4480799,23.4737315],[120.4480478,23.4737287],[120.4479624,23.4737213],[120.4478462,23.4737111],[120.4470343,23.47364],[120.4469893,23.4736361],[120.4468516,23.473624]]}},{"type":"Feature","id":1100564838,"properties":{"osm_id":1100564838,"name":"垂楊路","name_en":"Chuiyang Road","highway":"tertiary","lanes":"4","oneway":"yes","surface":"asphalt","source":"OpenStreetMap"},"geometry":{"type":"LineString","coordinates":[[120.4379128,23.4727304],[120.4380508,23.4727244]]}},{"type":"Feature","id":167768831,"properties":{"osm_id":167768831,"name":"垂楊路557巷","name_en":null,"highway":"unclassified","lanes":null,"oneway":null,"surface":"asphalt","source":"OpenStreetMap"},"geometry":{"type":"LineString","coordinates":[[120.4411737,23.4719358],[120.4410426,23.4721373],[120.4409948,23.4722585],[120.4408973,23.4725418],[120.4408268,23.4728073],[120.4408186,23.4728394],[120.4408104,23.4728715],[120.4407857,23.4729683],[120.4407594,23.4731224]]}},{"type":"Feature","id":1554079875,"properties":{"osm_id":1554079875,"name":"大同新村","name_en":null,"highway":"residential","lanes":null,"oneway":null,"surface":"asphalt","source":"OpenStreetMap"},"geometry":{"type":"LineString","coordinates":[[120.4671675,23.487122],[120.4671012,23.4870925],[120.4670447,23.4870674],[120.4666899,23.4870101],[120.4665005,23.4869921],[120.4663535,23.4869879],[120.4661016,23.4870086],[120.4655466,23.4869362],[120.4654382,23.4869654],[120.4648042,23.4868788]]}},{"type":"Feature","id":163716022,"properties":{"osm_id":163716022,"name":"大同路","name_en":null,"highway":"tertiary","lanes":"4","oneway":null,"surface":"asphalt","source":"OpenStreetMap"},"geometry":{"type":"LineString","coordinates":[[120.4336686,23.4745813],[120.4335917,23.4746332],[120.4335006,23.4746922],[120.4324759,23.4752438],[120.4324294,23.4752708]]}},{"type":"Feature","id":541308769,"properties":{"osm_id":541308769,"name":"大同路","name_en":null,"highway":"tertiary","lanes":"4","oneway":null,"surface":"asphalt","source":"OpenStreetMap"},"geometry":{"type":"LineString","coordinates":[[120.4321631,23.4754455],[120.4321136,23.4754789],[120.4313732,23.4759016],[120.43075,23.4762499],[120.4300921,23.4766053],[120.430044,23.4766271],[120.4297179,23.4767497],[120.4292624,23.47689],[120.4279566,23.4772286],[120.4278487,23.4772527],[120.4277103,23.4772663]]}},{"type":"Feature","id":541308771,"properties":{"osm_id":541308771,"name":"大同路","name_en":null,"highway":"tertiary","lanes":"4","oneway":null,"surface":"asphalt","source":"OpenStreetMap"},"geometry":{"type":"LineString","coordinates":[[120.4324294,23.4752708],[120.4323235,23.4753365],[120.4322393,23.4753881],[120.4321631,23.4754455]]}},{"type":"Feature","id":564796522,"properties":{"osm_id":564796522,"name":"大雅路二段","name_en":"Daya Road Section 2","highway":"secondary","lanes":null,"oneway":"no","surface":"asphalt","source":"OpenStreetMap"},"geometry":{"type":"LineString","coordinates":[[120.4645607,23.476711],[120.4642225,23.4767164],[120.4622184,23.4769557],[120.4619684,23.4770085],[120.4617825,23.4770446]]}},{"type":"Feature","id":802634414,"properties":{"osm_id":802634414,"name":"大雅路二段","name_en":"Daya Road Section 2","highway":"secondary","lanes":null,"oneway":"no","surface":"asphalt","source":"OpenStreetMap"},"geometry":{"type":"LineString","coordinates":[[120.4650546,23.4767724],[120.464864,23.4767403],[120.4645607,23.476711]]}},{"type":"Feature","id":1293773759,"properties":{"osm_id":1293773759,"name":"大雅路二段","name_en":"Daya Road Section 2","highway":"secondary","lanes":"4","oneway":"no","surface":"asphalt","source":"OpenStreetMap"},"geometry":{"type":"LineString","coordinates":[[120.4698346,23.4777435],[120.4696987,23.4777217],[120.4689558,23.4775775],[120.4685356,23.4774883],[120.4681225,23.4773963],[120.4680123,23.4773718],[120.4678945,23.477349],[120.4673533,23.4772444],[120.4672879,23.4772318],[120.4672193,23.4772175],[120.4671032,23.4771934],[120.467001,23.4771719],[120.4665119,23.4770776],[120.4651929,23.4767968],[120.4650546,23.4767724]]}},{"type":"Feature","id":545124540,"properties":{"osm_id":545124540,"name":"安和橋","name_en":null,"highway":"residential","lanes":null,"oneway":null,"surface":"asphalt","source":"OpenStreetMap"},"geometry":{"type":"LineString","coordinates":[[120.4571883,23.4890773],[120.4573123,23.4891061]]}},{"type":"Feature","id":163225606,"properties":{"osm_id":163225606,"name":"安和街","name_en":"Anhe Street","highway":"residential","lanes":null,"oneway":null,"surface":"asphalt","source":"OpenStreetMap"},"geometry":{"type":"LineString","coordinates":[[120.4569162,23.4868411],[120.456999,23.4862815],[120.4570245,23.4861091],[120.4570792,23.4857396],[120.4571115,23.4855211],[120.4571189,23.485471],[120.4571674,23.4851435],[120.4572708,23.4844447],[120.4572957,23.4842672],[120.4574198,23.4834668],[120.4574764,23.483013],[120.4575181,23.4826786],[120.457586,23.4822342],[120.4576088,23.4820683],[120.457622,23.4819736],[120.457635,23.4818759],[120.4577294,23.481169],[120.4578181,23.4805361],[120.457832,23.4804372],[120.4578501,23.4803079],[120.4579017,23.4799386],[120.4579235,23.479783],[120.4579741,23.4794214],[120.4579873,23.4793271],[120.458023,23.4790722],[120.4581184,23.4783945],[120.4582286,23.4776122],[120.4583417,23.4767499],[120.4584011,23.476389],[120.4584899,23.4757558],[120.4585799,23.4748147],[120.4585854,23.4747717],[120.4585979,23.4746669],[120.4586003,23.4745362]]}},{"type":"Feature","id":273390673,"properties":{"osm_id":273390673,"name":"安東一街","name_en":null,"highway":"residential","lanes":null,"oneway":null,"surface":"asphalt","source":"OpenStreetMap"},"geometry":{"type":"LineString","coordinates":[[120.4319895,23.4927569],[120.4323402,23.4931109],[120.4324875,23.4932911],[120.4325727,23.4933481],[120.4329067,23.4934052],[120.4329359,23.4933873],[120.4329951,23.4933511],[120.4334835,23.4927246]]}},{"type":"Feature","id":273390672,"properties":{"osm_id":273390672,"name":"安東三街","name_en":null,"highway":"residential","lanes":null,"oneway":null,"surface":"asphalt","source":"OpenStreetMap"},"geometry":{"type":"LineString","coordinates":[[120.4349434,23.4925751],[120.4342224,23.4923806],[120.4341796,23.4923558],[120.4337799,23.4921247],[120.4336821,23.4920682],[120.4335643,23.4920583],[120.4330897,23.4924226],[120.4323402,23.4931109]]}},{"type":"Feature","id":263369019,"properties":{"osm_id":263369019,"name":"安樂街","name_en":"Anle Street","highway":"residential","lanes":"2","oneway":null,"surface":"asphalt","source":"OpenStreetMap"},"geometry":{"type":"LineString","coordinates":[[120.4632852,23.483364],[120.4621041,23.4832312],[120.4611015,23.4830967],[120.4609589,23.4830811],[120.4608607,23.4830725],[120.4598068,23.4829466],[120.4587564,23.4828227],[120.4586539,23.4828115],[120.4575181,23.4826786],[120.4568283,23.482596],[120.4564829,23.4825547],[120.4560888,23.4825087],[120.4550805,23.4823779],[120.4539847,23.4822606]]}},{"type":"Feature","id":255923192,"properties":{"osm_id":255923192,"name":"宣信街","name_en":"Xuanxin Street","highway":"residential","lanes":null,"oneway":null,"surface":"asphalt","source":"OpenStreetMap"},"geometry":{"type":"LineString","coordinates":[[120.4565394,23.4743467],[120.4565499,23.474259],[120.4565476,23.4742335],[120.4566101,23.4737786],[120.4566361,23.4735927],[120.4566755,23.4732715],[120.4567275,23.4729688],[120.4567934,23.4726771],[120.4569115,23.4724823],[120.4569573,23.472422],[120.4579008,23.4714096],[120.457981,23.4713144],[120.4582189,23.4710482],[120.4583892,23.4708776],[120.4589644,23.4702352],[120.459249,23.4699285],[120.4593527,23.4698168],[120.4594467,23.4697121],[120.4598312,23.4692835],[120.4603343,23.4687472],[120.4605942,23.4684401],[120.4608589,23.468138],[120.4615196,23.467384],[120.462017,23.4668368],[120.4625445,23.466329],[120.4627151,23.4662569],[120.4629713,23.4661486],[120.4630788,23.4660808],[120.463301,23.4658951],[120.463552,23.4655932],[120.4636388,23.4652727],[120.4637052,23.4649779],[120.4637446,23.4647702],[120.4638199,23.4644092],[120.4639102,23.4643146],[120.4639495,23.4642823],[120.4641846,23.4641161],[120.4643164,23.4639844],[120.4643296,23.4639544],[120.4643691,23.4638648],[120.4643625,23.4636341],[120.4644142,23.4630079],[120.4644618,23.4628366],[120.4644855,23.4625948],[120.4644976,23.4624707],[120.4666773,23.4625247]]}},{"type":"Feature","id":268535830,"properties":{"osm_id":268535830,"name":"宣信街111巷","name_en":null,"highway":"residential","lanes":null,"oneway":null,"surface":"asphalt","source":"OpenStreetMap"},"geometry":{"type":"LineString","coordinates":[[120.4626399,23.4644041],[120.4626073,23.4644579],[120.4625044,23.4644993],[120.4619509,23.4645858],[120.4619948,23.4650074],[120.4617867,23.4651528],[120.4616537,23.4651884],[120.4615827,23.4651977],[120.4610071,23.4652731]]}},{"type":"Feature","id":436648326,"properties":{"osm_id":436648326,"name":"宣信街470巷","name_en":null,"highway":"residential","lanes":null,"oneway":null,"surface":"asphalt","source":"OpenStreetMap"},"geometry":{"type":"LineString","coordinates":[[120.4566361,23.4735927],[120.4570621,23.4736208],[120.4579076,23.4736724]]}},{"type":"Feature","id":226969299,"properties":{"osm_id":226969299,"name":"崇文街","name_en":"Chongwen Street","highway":"residential","lanes":null,"oneway":null,"surface":"asphalt","source":"OpenStreetMap"},"geometry":{"type":"LineString","coordinates":[[120.4470934,23.4714253],[120.447801,23.4715182]]}},{"type":"Feature","id":436648435,"properties":{"osm_id":436648435,"name":"崇文街","name_en":"Chongwen Street","highway":"residential","lanes":null,"oneway":null,"surface":"asphalt","source":"OpenStreetMap"},"geometry":{"type":"LineString","coordinates":[[120.447801,23.4715182],[120.449309,23.4717257],[120.4501234,23.4718133],[120.4506876,23.4718739],[120.4514245,23.4719531],[120.4520237,23.4720176]]}},{"type":"Feature","id":563614423,"properties":{"osm_id":563614423,"name":"崇文街","name_en":"Chongwen Street","highway":"residential","lanes":null,"oneway":null,"surface":"asphalt","source":"OpenStreetMap"},"geometry":{"type":"LineString","coordinates":[[120.4520237,23.4720176],[120.4520485,23.4720194],[120.4520664,23.4720214],[120.4531963,23.4721033],[120.4539547,23.4721628],[120.4540328,23.4721684],[120.4541062,23.4721733],[120.4541876,23.4721805],[120.4552604,23.4722994],[120.4561776,23.472401],[120.4569115,23.4724823],[120.458039,23.4725591]]}},{"type":"Feature","id":239827692,"properties":{"osm_id":239827692,"name":"市宅街","name_en":"Shizhai Street","highway":"residential","lanes":null,"oneway":null,"surface":"asphalt","source":"OpenStreetMap"},"geometry":{"type":"LineString","coordinates":[[120.4579274,23.4735135],[120.4588168,23.4735853],[120.4590874,23.4736071],[120.4598675,23.473675],[120.4602588,23.4737089],[120.4616125,23.4738262]]}},{"type":"Feature","id":550253418,"properties":{"osm_id":550253418,"name":"市宅街40巷","name_en":null,"highway":"residential","lanes":null,"oneway":null,"surface":"asphalt","source":"OpenStreetMap"},"geometry":{"type":"LineString","coordinates":[[120.458985,23.4745716],[120.4589908,23.4744894],[120.4590874,23.4736071]]}},{"type":"Feature","id":163812191,"properties":{"osm_id":163812191,"name":"平等街","name_en":"Pingdeng Street","highway":"residential","lanes":null,"oneway":null,"surface":"asphalt","source":"OpenStreetMap"},"geometry":{"type":"LineString","coordinates":[[120.4358384,23.471699],[120.4359618,23.4709933],[120.4360162,23.4705287],[120.4360535,23.470315],[120.4361485,23.470201]]}},{"type":"Feature","id":275729416,"properties":{"osm_id":275729416,"name":"平等街","name_en":"Pingdeng Street","highway":"residential","lanes":null,"oneway":null,"surface":"asphalt","source":"OpenStreetMap"},"geometry":{"type":"LineString","coordinates":[[120.4356439,23.4730656],[120.4357102,23.472575],[120.4357534,23.4722796],[120.4358384,23.471699]]}},{"type":"Feature","id":163193695,"properties":{"osm_id":163193695,"name":"康樂街","name_en":"Kangle Street","highway":"residential","lanes":null,"oneway":"yes","surface":"asphalt","source":"OpenStreetMap"},"geometry":{"type":"LineString","coordinates":[[120.4446499,23.4745199],[120.4456305,23.4746017],[120.4459469,23.4746295],[120.4467287,23.4746571],[120.4478635,23.4747855],[120.4489915,23.4748803],[120.4500089,23.4749658],[120.4501189,23.474975]]}},{"type":"Feature","id":167771134,"properties":{"osm_id":167771134,"name":"康樂街","name_en":"Kangle Street","highway":"unclassified","lanes":null,"oneway":"yes","surface":"asphalt","source":"OpenStreetMap"},"geometry":{"type":"LineString","coordinates":[[120.4423215,23.4742731],[120.44299,23.4743565],[120.4435239,23.4744068],[120.4446499,23.4745199]]}},{"type":"Feature","id":221050134,"properties":{"osm_id":221050134,"name":"康樂街","name_en":"Kangle Street","highway":"residential","lanes":null,"oneway":"yes","surface":"asphalt","source":"OpenStreetMap"},"geometry":{"type":"LineString","coordinates":[[120.4394547,23.4740407],[120.4402438,23.4741139],[120.440759,23.4741656],[120.4412974,23.4742131],[120.4416564,23.4742402],[120.4423215,23.4742731]]}},{"type":"Feature","id":226962095,"properties":{"osm_id":226962095,"name":"康樂街","name_en":"Kangle Street","highway":"residential","lanes":null,"oneway":"yes","surface":"asphalt","source":"OpenStreetMap"},"geometry":{"type":"LineString","coordinates":[[120.4516902,23.4751251],[120.4522306,23.4751763],[120.4526813,23.4752049],[120.4532943,23.4752792],[120.4537044,23.475308]]}},{"type":"Feature","id":860300044,"properties":{"osm_id":860300044,"name":"康樂街","name_en":"Kangle Street","highway":"residential","lanes":null,"oneway":null,"surface":"asphalt","source":"OpenStreetMap"},"geometry":{"type":"LineString","coordinates":[[120.4394547,23.4740407],[120.4393494,23.4740333],[120.4383987,23.4739434],[120.4380332,23.4739088],[120.4376483,23.4738797],[120.4372483,23.4738494],[120.4365953,23.4737889],[120.4365372,23.4737486],[120.4365082,23.4737284],[120.4362929,23.473579]]}},{"type":"Feature","id":435256908,"properties":{"osm_id":435256908,"name":"廣寧街","name_en":null,"highway":"unclassified","lanes":"1","oneway":"yes","surface":"asphalt","source":"OpenStreetMap"},"geometry":{"type":"LineString","coordinates":[[120.4409665,23.4773781],[120.4409788,23.4773248],[120.4409884,23.4771105],[120.4410284,23.4766901],[120.44111,23.4759925],[120.4411856,23.475236],[120.4412285,23.4748874],[120.4412395,23.4747793],[120.4412974,23.4742131],[120.441389,23.4732903],[120.4413913,23.4732445],[120.4413945,23.4731821],[120.4414093,23.4730206]]}},{"type":"Feature","id":165928971,"properties":{"osm_id":165928971,"name":"延平街","name_en":"Yanping Street","highway":"residential","lanes":null,"oneway":"yes","surface":"asphalt","source":"OpenStreetMap"},"geometry":{"type":"LineString","coordinates":[[120.4593937,23.4776797],[120.4582286,23.4776122],[120.4574616,23.4775281],[120.4565089,23.477424],[120.4558082,23.4773426],[120.454685,23.4772133],[120.4536302,23.4770776],[120.4535149,23.4770637],[120.45287,23.4770137],[120.4524738,23.476983],[120.4515011,23.4769009],[120.4499371,23.4767679],[120.4487914,23.4766704],[120.4476722,23.4765644],[120.4467185,23.4764875],[120.4465546,23.4764592],[120.4464275,23.4764484],[120.4454359,23.4763493],[120.4444493,23.4762837],[120.4433278,23.4761827],[120.4421349,23.4760788]]}},{"type":"Feature","id":250256751,"properties":{"osm_id":250256751,"name":"延平街","name_en":"Yanping Street","highway":"residential","lanes":null,"oneway":null,"surface":"asphalt","source":"OpenStreetMap"},"geometry":{"type":"LineString","coordinates":[[120.4593937,23.4776797],[120.4604747,23.4777722],[120.4605519,23.4777771]]}},{"type":"Feature","id":1378768982,"properties":{"osm_id":1378768982,"name":"延平街","name_en":"Yanping Street","highway":"residential","lanes":"1","oneway":"yes","surface":"asphalt","source":"OpenStreetMap"},"geometry":{"type":"LineString","coordinates":[[120.4405895,23.4759604],[120.440056,23.4759276]]}},{"type":"Feature","id":1378769155,"properties":{"osm_id":1378769155,"name":"延平街","name_en":"Yanping Street","highway":"residential","lanes":"1","oneway":"yes","surface":"asphalt","source":"OpenStreetMap"},"geometry":{"type":"LineString","coordinates":[[120.44111,23.4759925],[120.4405895,23.4759604]]}},{"type":"Feature","id":1489301481,"properties":{"osm_id":1489301481,"name":"延平街","name_en":"Yanping Street","highway":"residential","lanes":null,"oneway":"yes","surface":"asphalt","source":"OpenStreetMap"},"geometry":{"type":"LineString","coordinates":[[120.4421349,23.4760788],[120.4414539,23.4760215]]}},{"type":"Feature","id":1489301482,"properties":{"osm_id":1489301482,"name":"延平街","name_en":"Yanping Street","highway":"residential","lanes":null,"oneway":"yes","surface":"asphalt","source":"OpenStreetMap"},"geometry":{"type":"LineString","coordinates":[[120.4414539,23.4760215],[120.44111,23.4759925]]}},{"type":"Feature","id":166113735,"properties":{"osm_id":166113735,"name":"建國路","name_en":null,"highway":"unclassified","lanes":null,"oneway":null,"surface":"asphalt","source":"OpenStreetMap"},"geometry":{"type":"LineString","coordinates":[[120.436286,23.4824448],[120.4362926,23.4825509]]}},{"type":"Feature","id":549150837,"properties":{"osm_id":549150837,"name":"建國路","name_en":"Jianguo Road","highway":"residential","lanes":null,"oneway":null,"surface":"asphalt","source":"OpenStreetMap"},"geometry":{"type":"LineString","coordinates":[[120.4362926,23.4825509],[120.4363336,23.4826502],[120.4363033,23.4829592],[120.4362911,23.4831735],[120.4362551,23.4834152],[120.4362269,23.4836736],[120.4361968,23.4839722],[120.4361619,23.4843201],[120.4361153,23.4848285],[120.4360379,23.4854027],[120.4360103,23.4855645]]}},{"type":"Feature","id":163714672,"properties":{"osm_id":163714672,"name":"建成街","name_en":null,"highway":"unclassified","lanes":null,"oneway":null,"surface":"asphalt","source":"OpenStreetMap"},"geometry":{"type":"LineString","coordinates":[[120.4397998,23.4709125],[120.4400849,23.4710318],[120.4402049,23.4710827],[120.4404206,23.4711741],[120.4404989,23.4712052],[120.440722,23.4712936],[120.4407786,23.4715138],[120.4408649,23.4716796],[120.4409547,23.4717974],[120.4411737,23.4719358],[120.4414361,23.4719588],[120.4417514,23.4720159],[120.4421888,23.472077],[120.4425417,23.4721274]]}},{"type":"Feature","id":221050332,"properties":{"osm_id":221050332,"name":"建成街170巷","name_en":null,"highway":"residential","lanes":null,"oneway":null,"surface":"asphalt","source":"OpenStreetMap"},"geometry":{"type":"LineString","coordinates":[[120.4373966,23.4694859],[120.4374434,23.4690119],[120.4374538,23.4688014]]}},{"type":"Feature","id":435254046,"properties":{"osm_id":435254046,"name":"建成街206巷","name_en":null,"highway":"residential","lanes":null,"oneway":null,"surface":"asphalt","source":"OpenStreetMap"},"geometry":{"type":"LineString","coordinates":[[120.4369074,23.4682646],[120.436876,23.4686276],[120.4368279,23.4686355],[120.4363445,23.4686317]]}},{"type":"Feature","id":321239034,"properties":{"osm_id":321239034,"name":"彌陀路","name_en":"Mituo Road","highway":"tertiary","lanes":"2","oneway":"yes","surface":"asphalt","source":"OpenStreetMap"},"geometry":{"type":"LineString","coordinates":[[120.4618279,23.4748205],[120.4619137,23.4748305],[120.4620259,23.4747758],[120.4621131,23.4746814],[120.4622623,23.4744314],[120.4624979,23.4740479],[120.4629087,23.4734091],[120.4629575,23.473334],[120.4630013,23.4732615],[120.4632862,23.4727901],[120.4635105,23.4724252],[120.4635506,23.4723599],[120.4638183,23.4719369],[120.4638467,23.471892],[120.4638824,23.4718342],[120.4640551,23.4715564],[120.4640949,23.4714901],[120.4644293,23.4709533],[120.4645124,23.4708126],[120.4645981,23.47067],[120.4647841,23.4703886],[120.4648105,23.4703431],[120.4648398,23.4702927],[120.465282,23.4696003],[120.4653204,23.469532],[120.4653579,23.4694655],[120.4655876,23.469077],[120.4656428,23.468994],[120.4656967,23.4689122],[120.4658819,23.4686199],[120.4659491,23.4685012],[120.4666739,23.467339],[120.4673476,23.4662657],[120.4674005,23.4661765],[120.4674626,23.4660545],[120.4680709,23.4650929],[120.4681412,23.4650029],[120.4682985,23.4648339],[120.4684055,23.4647422],[120.4685699,23.4646712],[120.468913,23.4645741],[120.4690841,23.4645114],[120.4692976,23.4644342],[120.469592,23.4643018],[120.4700588,23.4640827],[120.4703106,23.4639244],[120.4705633,23.4637009],[120.4707382,23.4634995],[120.4708805,23.4633153],[120.4710522,23.4629871],[120.4710575,23.4628907]]}},{"type":"Feature","id":321239037,"properties":{"osm_id":321239037,"name":"彌陀路","name_en":"Mituo Road","highway":"unclassified","lanes":"1","oneway":"yes","surface":"asphalt","source":"OpenStreetMap"},"geometry":{"type":"LineString","coordinates":[[120.464423,23.4707683],[120.4645017,23.470619],[120.4646804,23.4703407],[120.4647208,23.4702935],[120.4647628,23.4702407],[120.4651527,23.4695694],[120.4651981,23.4694963],[120.4652461,23.4694232],[120.4654713,23.4690496],[120.4655307,23.4689513],[120.4655946,23.4688513],[120.4657829,23.468567],[120.4658236,23.4684975],[120.4659473,23.4682931],[120.4663966,23.4675819],[120.4665804,23.467288],[120.4672595,23.4661484],[120.4673156,23.4660576]]}},{"type":"Feature","id":564780241,"properties":{"osm_id":564780241,"name":"彌陀路","name_en":"Mituo Road","highway":"unclassified","lanes":"2","oneway":"yes","surface":"asphalt","source":"OpenStreetMap"},"geometry":{"type":"LineString","coordinates":[[120.4675256,23.4663345],[120.4674686,23.4664271],[120.4668592,23.4674393],[120.4662451,23.4684388],[120.4661442,23.4686055],[120.466059,23.4687144],[120.4658667,23.4690136],[120.4658389,23.4690753],[120.4658129,23.4691299],[120.4655406,23.4695348],[120.4655097,23.4695926],[120.4654852,23.4696489],[120.4650155,23.4704114],[120.4649936,23.4704446],[120.4649728,23.4704758],[120.4647713,23.4707617],[120.4646824,23.4709034]]}},{"type":"Feature","id":659327903,"properties":{"osm_id":659327903,"name":"彌陀路","name_en":"Mituo Road","highway":"tertiary","lanes":"2","oneway":"yes","surface":"asphalt","source":"OpenStreetMap"},"geometry":{"type":"LineString","coordinates":[[120.4711665,23.4629745],[120.4709724,23.4633292],[120.4707883,23.463588],[120.4704822,23.4639141],[120.4700797,23.4641889],[120.4691603,23.4645788],[120.4691249,23.4645914],[120.4689591,23.4646476],[120.4686164,23.4647509],[120.4684743,23.4648258],[120.468334,23.4649189],[120.4682165,23.4650552],[120.4681608,23.4651566],[120.4675284,23.4661515],[120.4674637,23.4662497],[120.4674044,23.4663412],[120.4667645,23.4673961],[120.4660308,23.4685451],[120.465959,23.468661],[120.4657704,23.4689561],[120.4657254,23.4690323],[120.4656887,23.4691007],[120.4654505,23.4695006],[120.465413,23.4695571],[120.4653674,23.4696207],[120.4649178,23.4703455],[120.4648904,23.4703874],[120.4648637,23.4704254],[120.4646843,23.4707157],[120.4646013,23.4708612],[120.4645192,23.4709997],[120.4641797,23.4715331],[120.4641363,23.4716051],[120.4639724,23.4718798],[120.4639354,23.471942],[120.4639014,23.471994],[120.4636311,23.4724223],[120.4635862,23.4724936],[120.4630775,23.4733024],[120.4630319,23.4733749],[120.4629884,23.4734496],[120.4625646,23.474177],[120.4621511,23.4748123],[120.4620678,23.4748853],[120.4620209,23.474919],[120.4619265,23.4749515],[120.4617992,23.4749835]]}},{"type":"Feature","id":801749485,"properties":{"osm_id":801749485,"name":"彌陀路","name_en":"Mituo Road","highway":"unclassified","lanes":"1","oneway":"yes","surface":"asphalt","source":"OpenStreetMap"},"geometry":{"type":"LineString","coordinates":[[120.4646824,23.4709034],[120.4646019,23.4710424],[120.4642679,23.4715781],[120.4642206,23.4716556],[120.4640702,23.4719254],[120.4640188,23.4719883],[120.4639769,23.4720663],[120.4637052,23.4725118],[120.4636697,23.472569],[120.4631809,23.4733578],[120.4631335,23.4734343],[120.4630945,23.4735036],[120.4626529,23.4742175],[120.4624439,23.4745369],[120.4621685,23.4749457],[120.4621243,23.4749669],[120.4620626,23.4750034],[120.4619854,23.4750377],[120.4619102,23.4750426],[120.4617992,23.4749835]]}},{"type":"Feature","id":801749490,"properties":{"osm_id":801749490,"name":"彌陀路","name_en":"Mituo Road","highway":"tertiary","lanes":null,"oneway":"yes","surface":"asphalt","source":"OpenStreetMap"},"geometry":{"type":"LineString","coordinates":[[120.4615502,23.4748075],[120.4617128,23.4748242],[120.4618279,23.4748205]]}},{"type":"Feature","id":801749505,"properties":{"osm_id":801749505,"name":"彌陀路","name_en":"Mituo Road","highway":"tertiary","lanes":null,"oneway":"yes","surface":"asphalt","source":"OpenStreetMap"},"geometry":{"type":"LineString","coordinates":[[120.4617992,23.4749835],[120.4617287,23.4749678],[120.461548,23.4749341]]}},{"type":"Feature","id":802634415,"properties":{"osm_id":802634415,"name":"彌陀路","name_en":"Mituo Road","highway":"unclassified","lanes":"1","oneway":"yes","surface":"asphalt","source":"OpenStreetMap"},"geometry":{"type":"LineString","coordinates":[[120.4618279,23.4748205],[120.461969,23.4746851],[120.4622237,23.4742838],[120.4624048,23.473997],[120.4628108,23.4733594],[120.4628533,23.4732961],[120.4629043,23.4732096],[120.4632103,23.4727326],[120.4634289,23.4723515],[120.4634588,23.4722993],[120.4637108,23.4718848],[120.4637444,23.4718295],[120.4637752,23.4717798],[120.4639534,23.4714955],[120.4639897,23.4714351],[120.464343,23.4709088],[120.464423,23.4707683]]}},{"type":"Feature","id":268535849,"properties":{"osm_id":268535849,"name":"彌陀路201巷","name_en":null,"highway":"residential","lanes":null,"oneway":null,"surface":"asphalt","source":"OpenStreetMap"},"geometry":{"type":"LineString","coordinates":[[120.4657446,23.4663847],[120.4657531,23.4666635],[120.4657507,23.4670015]]}},{"type":"Feature","id":414205490,"properties":{"osm_id":414205490,"name":"彌陀路225巷","name_en":null,"highway":"residential","lanes":null,"oneway":null,"surface":"asphalt","source":"OpenStreetMap"},"geometry":{"type":"LineString","coordinates":[[120.46617,23.4675685],[120.4659179,23.467548],[120.465943,23.468235],[120.4659473,23.4682931]]}},{"type":"Feature","id":1556521918,"properties":{"osm_id":1556521918,"name":"彌陀路225巷","name_en":null,"highway":"residential","lanes":null,"oneway":null,"surface":"asphalt","source":"OpenStreetMap"},"geometry":{"type":"LineString","coordinates":[[120.4648705,23.4663465],[120.4654324,23.4665675],[120.4657531,23.4666635],[120.4661229,23.4667684]]}},{"type":"Feature","id":1556521919,"properties":{"osm_id":1556521919,"name":"彌陀路225巷","name_en":null,"highway":"residential","lanes":null,"oneway":null,"surface":"asphalt","source":"OpenStreetMap"},"geometry":{"type":"LineString","coordinates":[[120.4657507,23.4670015],[120.4658377,23.4670032],[120.4658326,23.4675388],[120.4659179,23.467548]]}},{"type":"Feature","id":718122511,"properties":{"osm_id":718122511,"name":"彌陀路238巷","name_en":null,"highway":"residential","lanes":"2","oneway":"no","surface":"asphalt","source":"OpenStreetMap"},"geometry":{"type":"LineString","coordinates":[[120.4655736,23.4743147],[120.4651351,23.4742806],[120.4650183,23.4742768],[120.4644939,23.4741704],[120.4639921,23.4739247],[120.4635002,23.4736297],[120.4631335,23.4734343],[120.4630319,23.4733749]]}},{"type":"Feature","id":544689754,"properties":{"osm_id":544689754,"name":"彌陀路238巷56弄","name_en":null,"highway":"residential","lanes":"1","oneway":null,"surface":"asphalt","source":"OpenStreetMap"},"geometry":{"type":"LineString","coordinates":[[120.4648577,23.4731486],[120.4644939,23.4741704]]}},{"type":"Feature","id":718122510,"properties":{"osm_id":718122510,"name":"彌陀路238巷59弄","name_en":null,"highway":"residential","lanes":null,"oneway":null,"surface":"asphalt","source":"OpenStreetMap"},"geometry":{"type":"LineString","coordinates":[[120.4644939,23.4741704],[120.4644081,23.4745424],[120.4643261,23.4748978]]}},{"type":"Feature","id":435256951,"properties":{"osm_id":435256951,"name":"彌陀路238巷66弄","name_en":null,"highway":"residential","lanes":null,"oneway":null,"surface":"asphalt","source":"OpenStreetMap"},"geometry":{"type":"LineString","coordinates":[[120.4650116,23.4732213],[120.4653803,23.4734401],[120.4654184,23.473536],[120.4652863,23.4738779],[120.4651351,23.4742806]]}},{"type":"Feature","id":718122509,"properties":{"osm_id":718122509,"name":"彌陀路238巷66弄","name_en":null,"highway":"residential","lanes":null,"oneway":null,"surface":"asphalt","source":"OpenStreetMap"},"geometry":{"type":"LineString","coordinates":[[120.4667079,23.4730443],[120.4664061,23.4734398],[120.4660493,23.4737018],[120.4658208,23.4738175],[120.4657041,23.4739546],[120.4656786,23.4740014],[120.4656294,23.4740917],[120.4656107,23.4741688],[120.465592,23.4742545],[120.4655736,23.4743147]]}},{"type":"Feature","id":409567163,"properties":{"osm_id":409567163,"name":"彌陀路241巷","name_en":null,"highway":"residential","lanes":null,"oneway":null,"surface":"asphalt","source":"OpenStreetMap"},"geometry":{"type":"LineString","coordinates":[[120.4656575,23.4686604],[120.4656229,23.4670044],[120.4657507,23.4670015]]}},{"type":"Feature","id":275174572,"properties":{"osm_id":275174572,"name":"彌陀路289巷","name_en":null,"highway":"unclassified","lanes":null,"oneway":null,"surface":"asphalt","source":"OpenStreetMap"},"geometry":{"type":"LineString","coordinates":[[120.4625754,23.4711369],[120.4633345,23.4711813],[120.4639075,23.4714691],[120.4639187,23.4714747]]}},{"type":"Feature","id":275174574,"properties":{"osm_id":275174574,"name":"彌陀路327巷","name_en":null,"highway":"unclassified","lanes":null,"oneway":null,"surface":"asphalt","source":"OpenStreetMap"},"geometry":{"type":"LineString","coordinates":[[120.4625217,23.4719132],[120.4630462,23.4721389],[120.4633984,23.472287]]}},{"type":"Feature","id":166117115,"properties":{"osm_id":166117115,"name":"後驛街","name_en":"Houyi Street","highway":"residential","lanes":null,"oneway":null,"surface":"asphalt","source":"OpenStreetMap"},"geometry":{"type":"LineString","coordinates":[[120.4423623,23.4828797],[120.4418005,23.4829146],[120.4417051,23.4829008],[120.4416619,23.4828437],[120.4415545,23.4827327],[120.4413834,23.4825259],[120.4410048,23.4821055],[120.4408628,23.4819019],[120.4401634,23.4810184],[120.4401045,23.4809043],[120.4400903,23.4808457],[120.4400774,23.4807757],[120.4400604,23.4806431],[120.4400393,23.4805892]]}},{"type":"Feature","id":189645323,"properties":{"osm_id":189645323,"name":"後驛街","name_en":"Houyi Street","highway":"residential","lanes":null,"oneway":null,"surface":"asphalt","source":"OpenStreetMap"},"geometry":{"type":"LineString","coordinates":[[120.4393978,23.4798357],[120.439296,23.4798122],[120.4391036,23.4795584],[120.4390062,23.4793886],[120.4389718,23.4793176],[120.4387639,23.4789702],[120.4376725,23.4789809],[120.4376297,23.4789995],[120.4375784,23.4790218],[120.4375047,23.4790742]]}},{"type":"Feature","id":364788642,"properties":{"osm_id":364788642,"name":"後驛街","name_en":"Houyi Street","highway":"residential","lanes":null,"oneway":"yes","surface":"asphalt","source":"OpenStreetMap"},"geometry":{"type":"LineString","coordinates":[[120.4396399,23.4801202],[120.4395824,23.4800524],[120.4395114,23.4799692]]}},{"type":"Feature","id":364788643,"properties":{"osm_id":364788643,"name":"後驛街","name_en":"Houyi Street","highway":"residential","lanes":null,"oneway":null,"surface":"asphalt","source":"OpenStreetMap"},"geometry":{"type":"LineString","coordinates":[[120.4399233,23.4804529],[120.4399888,23.4805298],[120.4400393,23.4805892]]}},{"type":"Feature","id":364788644,"properties":{"osm_id":364788644,"name":"後驛街","name_en":"Houyi Street","highway":"residential","lanes":null,"oneway":"yes","surface":"asphalt","source":"OpenStreetMap"},"geometry":{"type":"LineString","coordinates":[[120.4397178,23.4802116],[120.4396399,23.4801202]]}},{"type":"Feature","id":364788645,"properties":{"osm_id":364788645,"name":"後驛街","name_en":"Houyi Street","highway":"residential","lanes":null,"oneway":"yes","surface":"asphalt","source":"OpenStreetMap"},"geometry":{"type":"LineString","coordinates":[[120.4399233,23.4804529],[120.4397538,23.4802539],[120.4397178,23.4802116]]}},{"type":"Feature","id":407732056,"properties":{"osm_id":407732056,"name":"後驛街","name_en":"Houyi Street","highway":"residential","lanes":null,"oneway":"yes","surface":"asphalt","source":"OpenStreetMap"},"geometry":{"type":"LineString","coordinates":[[120.4395114,23.4799692],[120.4394603,23.4799091],[120.4393978,23.4798357]]}},{"type":"Feature","id":407732060,"properties":{"osm_id":407732060,"name":"後驛街","name_en":"Houyi Street","highway":"residential","lanes":null,"oneway":null,"surface":"asphalt","source":"OpenStreetMap"},"geometry":{"type":"LineString","coordinates":[[120.4417051,23.4829008],[120.4416041,23.4833879],[120.4415343,23.4834413],[120.4414181,23.4835364],[120.4413587,23.483585]]}},{"type":"Feature","id":163964329,"properties":{"osm_id":163964329,"name":"徐州三街","name_en":null,"highway":"residential","lanes":null,"oneway":null,"surface":"asphalt","source":"OpenStreetMap"},"geometry":{"type":"LineString","coordinates":[[120.4390846,23.4667436],[120.4379886,23.4666858],[120.4366118,23.4665694],[120.435956,23.4665282]]}},{"type":"Feature","id":163963995,"properties":{"osm_id":163963995,"name":"徐州六街","name_en":null,"highway":"residential","lanes":null,"oneway":null,"surface":"asphalt","source":"OpenStreetMap"},"geometry":{"type":"LineString","coordinates":[[120.4380737,23.4656381],[120.438024,23.4661898],[120.4379886,23.4666858],[120.4379535,23.4671768],[120.4379203,23.4676317],[120.4379157,23.467761]]}},{"type":"Feature","id":263740650,"properties":{"osm_id":263740650,"name":"德安路","name_en":"De'an Road","highway":"tertiary","lanes":null,"oneway":"no","surface":"asphalt","source":"OpenStreetMap"},"geometry":{"type":"LineString","coordinates":[[120.4336767,23.4840967],[120.4335572,23.4840847],[120.4330011,23.4840287],[120.4324227,23.4839672],[120.431707,23.4838905],[120.430974,23.4838192],[120.4308878,23.4838091],[120.430789,23.4837986]]}},{"type":"Feature","id":259491428,"properties":{"osm_id":259491428,"name":"志昇街","name_en":null,"highway":"residential","lanes":null,"oneway":null,"surface":"asphalt","source":"OpenStreetMap"},"geometry":{"type":"LineString","coordinates":[[120.4413693,23.4689855],[120.4414049,23.4689887],[120.4418678,23.469023],[120.442308,23.4690561],[120.442761,23.4690902],[120.4428764,23.4690989]]}},{"type":"Feature","id":563718946,"properties":{"osm_id":563718946,"name":"志昇街","name_en":null,"highway":"residential","lanes":"2","oneway":null,"surface":"asphalt","source":"OpenStreetMap"},"geometry":{"type":"LineString","coordinates":[[120.4452209,23.4693084],[120.44515,23.469302],[120.4440576,23.4692035],[120.4436433,23.4691819],[120.4428764,23.4690989]]}},{"type":"Feature","id":28192429,"properties":{"osm_id":28192429,"name":"忠孝路","name_en":"Zhongxiao Road","highway":"residential","lanes":null,"oneway":"no","surface":"asphalt","source":"OpenStreetMap"},"geometry":{"type":"LineString","coordinates":[[120.4548213,23.4764211],[120.454685,23.4772133],[120.4546365,23.4775469],[120.4546052,23.4779203],[120.4545041,23.4786686],[120.4544557,23.4790002],[120.4544362,23.4791338],[120.4544228,23.4792257],[120.454405,23.4793475],[120.4543066,23.4800258],[120.4541967,23.4807781],[120.4540776,23.4814581],[120.4540541,23.481592]]}},{"type":"Feature","id":210603058,"properties":{"osm_id":210603058,"name":"忠孝路","name_en":"Zhongxiao Road","highway":"primary","lanes":"2","oneway":"yes","surface":"asphalt","source":"OpenStreetMap"},"geometry":{"type":"LineString","coordinates":[[120.4526191,23.4922265],[120.4525251,23.492722],[120.4524392,23.4932324],[120.4523817,23.4936426],[120.4520798,23.4958707],[120.4520583,23.4959804]]}},{"type":"Feature","id":210604379,"properties":{"osm_id":210604379,"name":"忠孝路","name_en":"Zhongxiao Road","highway":"primary","lanes":"2","oneway":"yes","surface":"asphalt","source":"OpenStreetMap"},"geometry":{"type":"LineString","coordinates":[[120.4532586,23.4901957],[120.4531789,23.4908002]]}},{"type":"Feature","id":226965174,"properties":{"osm_id":226965174,"name":"忠孝路","name_en":"Zhongxiao Road","highway":"tertiary","lanes":"2","oneway":"yes","surface":"asphalt","source":"OpenStreetMap"},"geometry":{"type":"LineString","coordinates":[[120.4526032,23.4904466],[120.4527226,23.490352],[120.4528215,23.4901526]]}},{"type":"Feature","id":226965178,"properties":{"osm_id":226965178,"name":"忠孝路","name_en":"Zhongxiao Road","highway":"tertiary","lanes":"2","oneway":"yes","surface":"asphalt","source":"OpenStreetMap"},"geometry":{"type":"LineString","coordinates":[[120.4534375,23.4861411],[120.4534837,23.4862906],[120.45344,23.4864584],[120.453417,23.4866283],[120.4533724,23.48716],[120.4533454,23.4872102],[120.4533688,23.4873272],[120.4533086,23.4876391],[120.453111,23.4890956]]}},{"type":"Feature","id":226965179,"properties":{"osm_id":226965179,"name":"忠孝路","name_en":"Zhongxiao Road","highway":"residential","lanes":null,"oneway":"yes","surface":"asphalt","source":"OpenStreetMap"},"geometry":{"type":"LineString","coordinates":[[120.4538084,23.4863268],[120.4537657,23.4865422],[120.4537538,23.4866021],[120.453683,23.4871551],[120.4536654,23.4872793],[120.4536548,23.4873371],[120.4536386,23.4874464],[120.4535906,23.4877134],[120.4534128,23.4891144],[120.4533171,23.4897836],[120.4532776,23.4900596],[120.4532671,23.4901352]]}},{"type":"Feature","id":382987309,"properties":{"osm_id":382987309,"name":"忠孝路","name_en":"Zhongxiao Road","highway":"primary","lanes":"2","oneway":"yes","surface":"asphalt","source":"OpenStreetMap"},"geometry":{"type":"LineString","coordinates":[[120.4471633,23.5059187],[120.4473918,23.5049503],[120.4475191,23.5046036],[120.4475793,23.5044637],[120.4476436,23.5043314],[120.4477228,23.504183],[120.4477979,23.5040524],[120.4479647,23.5038114],[120.4481792,23.5034466],[120.4490965,23.5018847],[120.4498147,23.5006892],[120.4498732,23.5005922],[120.4500134,23.5003371],[120.4501338,23.5001231],[120.4504752,23.4995842],[120.4505311,23.499468],[120.4506539,23.4992272],[120.4508005,23.4989098],[120.4508643,23.4987762],[120.4510454,23.4984131],[120.4513133,23.4977153],[120.4516162,23.4969278],[120.4517162,23.4966633],[120.4518374,23.4963972],[120.4518616,23.4961773],[120.4518825,23.4960625],[120.4519009,23.4959846],[120.4519605,23.4958524],[120.4522778,23.4936029],[120.4523954,23.4927675],[120.4525003,23.4921459]]}},{"type":"Feature","id":563401765,"properties":{"osm_id":563401765,"name":"忠孝路","name_en":"Zhongxiao Road","highway":"primary","lanes":null,"oneway":"yes","surface":"asphalt","source":"OpenStreetMap"},"geometry":{"type":"LineString","coordinates":[[120.4532671,23.4901352],[120.4532586,23.4901957]]}},{"type":"Feature","id":563401766,"properties":{"osm_id":563401766,"name":"忠孝路","name_en":"Zhongxiao Road","highway":"primary","lanes":"3","oneway":"yes","surface":"asphalt","source":"OpenStreetMap"},"geometry":{"type":"LineString","coordinates":[[120.4529614,23.4901102],[120.4529544,23.4901666],[120.4527318,23.4914939]]}},{"type":"Feature","id":563401767,"properties":{"osm_id":563401767,"name":"忠孝路","name_en":"Zhongxiao Road","highway":"tertiary","lanes":"2","oneway":"yes","surface":"asphalt","source":"OpenStreetMap"},"geometry":{"type":"LineString","coordinates":[[120.4528215,23.4901526],[120.4528243,23.4901012],[120.4528317,23.4900461],[120.4529564,23.4891969],[120.4529729,23.4890795],[120.4532119,23.4872511],[120.4532292,23.487162],[120.453237,23.4871015],[120.453326,23.4865274],[120.4533306,23.4864962]]}},{"type":"Feature","id":563401769,"properties":{"osm_id":563401769,"name":"忠孝路","name_en":"Zhongxiao Road","highway":"tertiary","lanes":"3","oneway":"yes","surface":"asphalt","source":"OpenStreetMap"},"geometry":{"type":"LineString","coordinates":[[120.453111,23.4890956],[120.453014,23.4898421],[120.4529845,23.4900044],[120.4529614,23.4901102]]}},{"type":"Feature","id":563401770,"properties":{"osm_id":563401770,"name":"忠孝路","name_en":"Zhongxiao Road","highway":"primary","lanes":"2","oneway":"yes","surface":"asphalt","source":"OpenStreetMap"},"geometry":{"type":"LineString","coordinates":[[120.4531417,23.4910376],[120.4530071,23.4918956]]}},{"type":"Feature","id":563401771,"properties":{"osm_id":563401771,"name":"忠孝路","name_en":"Zhongxiao Road","highway":"primary","lanes":"2","oneway":"yes","surface":"asphalt","source":"OpenStreetMap"},"geometry":{"type":"LineString","coordinates":[[120.4531789,23.4908002],[120.4531417,23.4910376]]}},{"type":"Feature","id":563401775,"properties":{"osm_id":563401775,"name":"忠孝路","name_en":"Zhongxiao Road","highway":"primary","lanes":"2","oneway":"yes","surface":"asphalt","source":"OpenStreetMap"},"geometry":{"type":"LineString","coordinates":[[120.4525067,23.490542],[120.4526032,23.4904466],[120.4526333,23.4903034],[120.4526333,23.4901999],[120.4525902,23.4901529],[120.4525574,23.4901399]]}},{"type":"Feature","id":563401776,"properties":{"osm_id":563401776,"name":"忠孝路","name_en":"Zhongxiao Road","highway":"primary","lanes":"2","oneway":"yes","surface":"asphalt","source":"OpenStreetMap"},"geometry":{"type":"LineString","coordinates":[[120.4530071,23.4918956],[120.4528695,23.4926232],[120.4528623,23.4927009],[120.452688,23.4937866],[120.4526239,23.4942037],[120.4524952,23.4950027],[120.452418,23.4954724],[120.4523461,23.4959045],[120.4523341,23.4960004]]}},{"type":"Feature","id":563614385,"properties":{"osm_id":563614385,"name":"忠孝路","name_en":"Zhongxiao Road","highway":"residential","lanes":null,"oneway":"no","surface":"asphalt","source":"OpenStreetMap"},"geometry":{"type":"LineString","coordinates":[[120.4538899,23.4830575],[120.4538457,23.4832998],[120.4537623,23.4840305],[120.4536315,23.4847771],[120.4535388,23.4853799],[120.4535003,23.4857616],[120.4534887,23.48581],[120.4534375,23.4861411]]}},{"type":"Feature","id":563693978,"properties":{"osm_id":563693978,"name":"忠孝路","name_en":"Zhongxiao Road","highway":"primary","lanes":"2","oneway":"yes","surface":"asphalt","source":"OpenStreetMap"},"geometry":{"type":"LineString","coordinates":[[120.4515793,23.4958302],[120.4516415,23.4955786],[120.4516557,23.4954962],[120.4516914,23.4952763],[120.4518032,23.4946383],[120.4519637,23.49357],[120.4520234,23.493163],[120.4521656,23.4922409],[120.4522091,23.492043],[120.4522363,23.4918557],[120.4523897,23.490766]]}},{"type":"Feature","id":802004238,"properties":{"osm_id":802004238,"name":"忠孝路","name_en":"Zhongxiao Road","highway":"tertiary","lanes":"2","oneway":"yes","surface":"asphalt","source":"OpenStreetMap"},"geometry":{"type":"LineString","coordinates":[[120.4533306,23.4864962],[120.4533883,23.4862532],[120.4534375,23.4861411]]}},{"type":"Feature","id":806363193,"properties":{"osm_id":806363193,"name":"忠孝路","name_en":"Zhongxiao Road","highway":"residential","lanes":null,"oneway":"no","surface":"asphalt","source":"OpenStreetMap"},"geometry":{"type":"LineString","coordinates":[[120.4540541,23.481592],[120.4540461,23.481661],[120.453987,23.4822317],[120.4539847,23.4822606],[120.4538899,23.4830575]]}},{"type":"Feature","id":807351389,"properties":{"osm_id":807351389,"name":"忠孝路","name_en":"Zhongxiao Road","highway":"primary","lanes":"2","oneway":"yes","surface":"asphalt","source":"OpenStreetMap"},"geometry":{"type":"LineString","coordinates":[[120.4527318,23.4914939],[120.4527038,23.491676],[120.4526191,23.4922265]]}},{"type":"Feature","id":807351390,"properties":{"osm_id":807351390,"name":"忠孝路","name_en":"Zhongxiao Road","highway":"primary","lanes":"2","oneway":"yes","surface":"asphalt","source":"OpenStreetMap"},"geometry":{"type":"LineString","coordinates":[[120.4525003,23.4921459],[120.4526169,23.491457],[120.452789,23.4903561],[120.4528215,23.4901526]]}},{"type":"Feature","id":263450310,"properties":{"osm_id":263450310,"name":"忠孝路346巷","name_en":null,"highway":"residential","lanes":null,"oneway":null,"surface":"asphalt","source":"OpenStreetMap"},"geometry":{"type":"LineString","coordinates":[[120.4534128,23.4891144],[120.453631,23.4891337],[120.4543002,23.4892041],[120.4545484,23.489224],[120.4548218,23.4892417],[120.454955,23.4892505],[120.4553898,23.4892889],[120.4554408,23.4892986],[120.4568501,23.4894178],[120.4570437,23.4894419]]}},{"type":"Feature","id":281043331,"properties":{"osm_id":281043331,"name":"忠孝路396巷","name_en":null,"highway":"residential","lanes":null,"oneway":"yes","surface":"asphalt","source":"OpenStreetMap"},"geometry":{"type":"LineString","coordinates":[[120.4562247,23.4921697],[120.4556035,23.4921626],[120.4552253,23.4921069],[120.4543076,23.4916359],[120.4531417,23.4910376]]}},{"type":"Feature","id":163164948,"properties":{"osm_id":163164948,"name":"忠義街","name_en":"Zhongyi Street","highway":"residential","lanes":null,"oneway":"yes","surface":"asphalt","source":"OpenStreetMap"},"geometry":{"type":"LineString","coordinates":[[120.4479708,23.4735608],[120.4479624,23.4737213],[120.4479527,23.4738601],[120.4479487,23.4739457],[120.4479385,23.4741658],[120.4479181,23.4743308]]}},{"type":"Feature","id":563401788,"properties":{"osm_id":563401788,"name":"忠義街","name_en":"Zhongyi Street","highway":"residential","lanes":null,"oneway":null,"surface":"asphalt","source":"OpenStreetMap"},"geometry":{"type":"LineString","coordinates":[[120.4469135,23.4834467],[120.446852,23.483557]]}},{"type":"Feature","id":563401789,"properties":{"osm_id":563401789,"name":"忠義街","name_en":"Zhongyi Street","highway":"residential","lanes":null,"oneway":"yes","surface":"asphalt","source":"OpenStreetMap"},"geometry":{"type":"LineString","coordinates":[[120.4479181,23.4743308],[120.4478635,23.4747855],[120.4478152,23.4752346],[120.4477511,23.4758305],[120.4476722,23.4765644],[120.4476263,23.4769446],[120.4475993,23.4772489],[120.4475375,23.4779635],[120.4474608,23.4787858],[120.4473516,23.4797252],[120.4472104,23.4806946],[120.4471982,23.480842],[120.4471449,23.4813749],[120.4471086,23.4818746],[120.4471036,23.4819432],[120.4470973,23.4820142],[120.4470631,23.4823981],[120.447009,23.4827651],[120.4469135,23.4834467]]}},{"type":"Feature","id":440217632,"properties":{"osm_id":440217632,"name":"忠義街177巷","name_en":null,"highway":"residential","lanes":null,"oneway":null,"surface":"asphalt","source":"OpenStreetMap"},"geometry":{"type":"LineString","coordinates":[[120.4471449,23.4813749],[120.4471208,23.481381],[120.446959,23.4813853],[120.4468695,23.4813867],[120.4466415,23.4814045]]}},{"type":"Feature","id":189646448,"properties":{"osm_id":189646448,"name":"忠順一街","name_en":null,"highway":"residential","lanes":null,"oneway":null,"surface":"asphalt","source":"OpenStreetMap"},"geometry":{"type":"LineString","coordinates":[[120.4344322,23.4847862],[120.4344681,23.4844279],[120.4345134,23.4838924],[120.43456,23.483467],[120.4346059,23.4830477],[120.4346198,23.4827759]]}},{"type":"Feature","id":435266661,"properties":{"osm_id":435266661,"name":"忠順三街","name_en":null,"highway":"residential","lanes":null,"oneway":null,"surface":"asphalt","source":"OpenStreetMap"},"geometry":{"type":"LineString","coordinates":[[120.4355067,23.4839733],[120.4345134,23.4838924]]}},{"type":"Feature","id":1037243610,"properties":{"osm_id":1037243610,"name":"忠順二街","name_en":null,"highway":"residential","lanes":null,"oneway":null,"surface":null,"source":"OpenStreetMap"},"geometry":{"type":"LineString","coordinates":[[120.43456,23.483467],[120.4355517,23.4835718]]}},{"type":"Feature","id":163166265,"properties":{"osm_id":163166265,"name":"成仁街","name_en":"Chengren Street","highway":"residential","lanes":null,"oneway":null,"surface":"asphalt","source":"OpenStreetMap"},"geometry":{"type":"LineString","coordinates":[[120.4525514,23.4762242],[120.4525463,23.4763249],[120.4524738,23.476983],[120.4523826,23.4777073],[120.4522923,23.4784167],[120.452206,23.4791012],[120.4521747,23.4793483],[120.4521183,23.4797814],[120.4520289,23.4805012],[120.4519746,23.4809308]]}},{"type":"Feature","id":165929210,"properties":{"osm_id":165929210,"name":"成仁街","name_en":"Chengren Street","highway":"unclassified","lanes":null,"oneway":"yes","surface":"asphalt","source":"OpenStreetMap"},"geometry":{"type":"LineString","coordinates":[[120.4525514,23.4762242],[120.4525633,23.4761337],[120.4525919,23.4758901],[120.4525938,23.4758752],[120.4526813,23.4752049],[120.4527202,23.4748548],[120.4527459,23.474634],[120.4527626,23.4743807],[120.4527757,23.4742473],[120.4527881,23.4741438]]}},{"type":"Feature","id":563377104,"properties":{"osm_id":563377104,"name":"成仁街","name_en":"Chengren Street","highway":"residential","lanes":null,"oneway":"yes","surface":"asphalt","source":"OpenStreetMap"},"geometry":{"type":"LineString","coordinates":[[120.4506534,23.4849305],[120.4508222,23.4842343],[120.4508971,23.4838923],[120.4509797,23.4835151],[120.4512032,23.4825485],[120.4514378,23.4820651],[120.4516183,23.4816838],[120.4517852,23.4813311],[120.4519419,23.4809999],[120.4519746,23.4809308]]}},{"type":"Feature","id":566514899,"properties":{"osm_id":566514899,"name":"成仁街","name_en":"Chengren Street","highway":"unclassified","lanes":null,"oneway":null,"surface":"asphalt","source":"OpenStreetMap"},"geometry":{"type":"LineString","coordinates":[[120.4527881,23.4741438],[120.4528007,23.4740032]]}},{"type":"Feature","id":163963462,"properties":{"osm_id":163963462,"name":"成功東街","name_en":null,"highway":"unclassified","lanes":null,"oneway":null,"surface":"asphalt","source":"OpenStreetMap"},"geometry":{"type":"LineString","coordinates":[[120.4492162,23.4726507],[120.4482309,23.4725831],[120.4469684,23.472469]]}},{"type":"Feature","id":563423874,"properties":{"osm_id":563423874,"name":"成功街","name_en":null,"highway":"unclassified","lanes":null,"oneway":null,"surface":"asphalt","source":"OpenStreetMap"},"geometry":{"type":"LineString","coordinates":[[120.4469684,23.472469],[120.4459186,23.4723579],[120.4449046,23.4722553]]}},{"type":"Feature","id":273390660,"properties":{"osm_id":273390660,"name":"撫順一街","name_en":"Fushun 1st Street","highway":"residential","lanes":null,"oneway":null,"surface":"asphalt","source":"OpenStreetMap"},"geometry":{"type":"LineString","coordinates":[[120.4402661,23.4888289],[120.4402508,23.4889273],[120.4401869,23.4893488],[120.4401032,23.4900847],[120.4400894,23.4901779],[120.4398447,23.4909009],[120.4397392,23.4912573],[120.4397241,23.4912964],[120.4396997,23.491482]]}},{"type":"Feature","id":273390663,"properties":{"osm_id":273390663,"name":"撫順三街","name_en":"Fushun 3rd Street","highway":"residential","lanes":null,"oneway":null,"surface":"asphalt","source":"OpenStreetMap"},"geometry":{"type":"LineString","coordinates":[[120.4410116,23.4894273],[120.4401869,23.4893488],[120.4395927,23.4893216],[120.4394799,23.4901128],[120.4394047,23.4908586]]}},{"type":"Feature","id":273390664,"properties":{"osm_id":273390664,"name":"撫順三街","name_en":"Fushun 3rd Street","highway":"residential","lanes":null,"oneway":null,"surface":"asphalt","source":"OpenStreetMap"},"geometry":{"type":"LineString","coordinates":[[120.4387081,23.4908368],[120.4394047,23.4908586],[120.4398447,23.4909009],[120.4402625,23.4909617],[120.4408743,23.490956],[120.4412817,23.4909358],[120.441758,23.491051]]}},{"type":"Feature","id":436657417,"properties":{"osm_id":436657417,"name":"撫順二街","name_en":"Fushun 2nd Street","highway":"residential","lanes":null,"oneway":null,"surface":"asphalt","source":"OpenStreetMap"},"geometry":{"type":"LineString","coordinates":[[120.4387947,23.4900631],[120.4394799,23.4901128],[120.4401032,23.4900847],[120.440789,23.4902217],[120.4409093,23.4902913]]}},{"type":"Feature","id":435307118,"properties":{"osm_id":435307118,"name":"文中街","name_en":"Wenzhong Street","highway":"residential","lanes":null,"oneway":null,"surface":"asphalt","source":"OpenStreetMap"},"geometry":{"type":"LineString","coordinates":[[120.4454855,23.4866197],[120.4455816,23.4866125],[120.4460604,23.4866955],[120.4464017,23.486781],[120.4466418,23.4867933],[120.4468582,23.4868149]]}},{"type":"Feature","id":435307120,"properties":{"osm_id":435307120,"name":"文中街","name_en":"Wenzhong Street","highway":"residential","lanes":null,"oneway":null,"surface":"asphalt","source":"OpenStreetMap"},"geometry":{"type":"LineString","coordinates":[[120.4455602,23.4856118],[120.4454914,23.4859169],[120.44548,23.4859993],[120.4454874,23.4860559],[120.4455162,23.4860848],[120.4455766,23.486107],[120.4455981,23.486134],[120.4455981,23.4861691],[120.4455306,23.4864394],[120.4454855,23.4866197]]}},{"type":"Feature","id":226960769,"properties":{"osm_id":226960769,"name":"文化路","name_en":"Wenhua Road","highway":"tertiary","lanes":"4","oneway":"no","surface":"asphalt","source":"OpenStreetMap"},"geometry":{"type":"LineString","coordinates":[[120.44955,23.4800722],[120.4495291,23.4801574],[120.449393,23.4808087],[120.4493805,23.4808694]]}},{"type":"Feature","id":240216136,"properties":{"osm_id":240216136,"name":"文化路","name_en":"Wenhua Road","highway":"tertiary","lanes":"4","oneway":"no","surface":"asphalt","source":"OpenStreetMap"},"geometry":{"type":"LineString","coordinates":[[120.4479316,23.4859601],[120.447811,23.4862768],[120.4475059,23.4871015]]}},{"type":"Feature","id":549182162,"properties":{"osm_id":549182162,"name":"文化路","name_en":"Wenhua Road","highway":"tertiary","lanes":"4","oneway":"no","surface":"asphalt","source":"OpenStreetMap"},"geometry":{"type":"LineString","coordinates":[[120.4486303,23.4841363],[120.448599,23.4842565],[120.4484931,23.4844915],[120.4484448,23.4845896],[120.4482464,23.4851575],[120.4479316,23.4859601]]}},{"type":"Feature","id":563300596,"properties":{"osm_id":563300596,"name":"文化路","name_en":"Wenhua Road","highway":"tertiary","lanes":"2","oneway":null,"surface":"asphalt","source":"OpenStreetMap"},"geometry":{"type":"LineString","coordinates":[[120.4475059,23.4871015],[120.4471933,23.4878171],[120.4471811,23.4878433],[120.447135,23.4879261],[120.4468961,23.4883205],[120.4466929,23.488596],[120.4465093,23.4888602],[120.4463155,23.489119],[120.4462408,23.4892332],[120.44623,23.4893333],[120.4461466,23.4894251],[120.4460091,23.4897043],[120.4459912,23.4897491],[120.4459868,23.4897602],[120.4458967,23.4899861],[120.44579,23.4902577],[120.4455963,23.4907511],[120.4453056,23.4914083],[120.4451685,23.4917384],[120.4451497,23.4917836],[120.4451115,23.4918618],[120.4450759,23.4919452],[120.4450127,23.4921145],[120.4449674,23.4922056],[120.4448536,23.4924648],[120.4446825,23.4929016],[120.444515,23.4932989],[120.4445051,23.4933322],[120.4441943,23.4941133],[120.4440004,23.494554],[120.4438943,23.4947834],[120.4438119,23.4950504],[120.4437859,23.4951133],[120.4437357,23.4952348],[120.44366,23.4954116],[120.4436283,23.4954857],[120.4435605,23.4956438],[120.4431394,23.4963203],[120.4427044,23.4970626],[120.4426842,23.4970971],[120.4422228,23.4978448],[120.4421893,23.497898],[120.4421182,23.4980108],[120.4418107,23.4984992],[120.4417551,23.498588],[120.4414549,23.4990679],[120.4411687,23.4995593],[120.4408201,23.5001423],[120.4402085,23.5010917],[120.4400879,23.5013054],[120.4400458,23.50138],[120.4398115,23.5017952],[120.4393301,23.5025407],[120.4392429,23.5026758],[120.4391329,23.5028869],[120.4386755,23.5036782],[120.4383779,23.504185],[120.4383477,23.5042322],[120.4379449,23.5048622],[120.4375481,23.5055539],[120.4372458,23.5060507],[120.4368915,23.5066254],[120.4364926,23.5073218],[120.4360743,23.5080313],[120.4358132,23.5084888],[120.4354126,23.5089881]]}},{"type":"Feature","id":563384978,"properties":{"osm_id":563384978,"name":"文化路","name_en":"Wenhua Road","highway":"tertiary","lanes":"4","oneway":"no","surface":"asphalt","source":"OpenStreetMap"},"geometry":{"type":"LineString","coordinates":[[120.4493805,23.4808694],[120.4493658,23.4809271],[120.449334,23.4810522],[120.4493043,23.4811818]]}},{"type":"Feature","id":563384980,"properties":{"osm_id":563384980,"name":"文化路","name_en":"Wenhua Road","highway":"tertiary","lanes":"4","oneway":"no","surface":"asphalt","source":"OpenStreetMap"},"geometry":{"type":"LineString","coordinates":[[120.449068,23.4821541],[120.449058,23.4822012],[120.4489668,23.4826315],[120.44893,23.482784],[120.448855,23.4830787],[120.4488445,23.4831201],[120.4488335,23.483168],[120.4487548,23.4835129],[120.448696,23.4837939]]}},{"type":"Feature","id":563384983,"properties":{"osm_id":563384983,"name":"文化路","name_en":"Wenhua Road","highway":"tertiary","lanes":"4","oneway":"no","surface":"asphalt","source":"OpenStreetMap"},"geometry":{"type":"LineString","coordinates":[[120.448696,23.4837939],[120.4486628,23.4839516],[120.4486303,23.4841363]]}},{"type":"Feature","id":563384984,"properties":{"osm_id":563384984,"name":"文化路","name_en":"Wenhua Road","highway":"tertiary","lanes":null,"oneway":null,"surface":"asphalt","source":"OpenStreetMap"},"geometry":{"type":"LineString","coordinates":[[120.449068,23.4821541],[120.4491103,23.4819902],[120.4491918,23.4816742],[120.4493043,23.4811818]]}},{"type":"Feature","id":563384988,"properties":{"osm_id":563384988,"name":"文化路","name_en":"Wenhua Road","highway":"living_street","lanes":"4","oneway":"no","surface":"asphalt","source":"OpenStreetMap"},"geometry":{"type":"LineString","coordinates":[[120.4500208,23.4760007],[120.4500066,23.4760951],[120.4500019,23.4761403],[120.4499568,23.4765768],[120.4499467,23.4766744],[120.4499371,23.4767679],[120.449933,23.4768076],[120.4498728,23.4773907],[120.449865,23.4774661],[120.4498608,23.4775064],[120.4497962,23.4781318],[120.4497912,23.4781803],[120.4497873,23.4782183],[120.4497595,23.4784878],[120.4497468,23.4786108],[120.449722,23.4788508],[120.4497131,23.4789369],[120.4496727,23.4793281],[120.449653,23.4795191],[120.4496412,23.4796333],[120.4496365,23.4796967]]}},{"type":"Feature","id":599380866,"properties":{"osm_id":599380866,"name":"文化路","name_en":"Wenhua Road","highway":"living_street","lanes":"2","oneway":"no","surface":"asphalt","source":"OpenStreetMap"},"geometry":{"type":"LineString","coordinates":[[120.4502505,23.4737697],[120.4502325,23.4739203],[120.4502234,23.4740095],[120.4502074,23.4741757],[120.4501867,23.4743495],[120.4501189,23.474975],[120.4500653,23.4754551],[120.4500282,23.4758585],[120.4500242,23.4759049],[120.4500208,23.4760007]]}},{"type":"Feature","id":946223522,"properties":{"osm_id":946223522,"name":"文化路297巷","name_en":null,"highway":"pedestrian","lanes":null,"oneway":null,"surface":"asphalt","source":"OpenStreetMap"},"geometry":{"type":"LineString","coordinates":[[120.4474055,23.4848624],[120.4474953,23.4848988],[120.4476457,23.4849507],[120.447671,23.4849603],[120.4482464,23.4851575]]}},{"type":"Feature","id":563423858,"properties":{"osm_id":563423858,"name":"文化路378巷","name_en":null,"highway":"unclassified","lanes":null,"oneway":null,"surface":"asphalt","source":"OpenStreetMap"},"geometry":{"type":"LineString","coordinates":[[120.4475617,23.4871683],[120.4476601,23.4871755],[120.4478073,23.4871861],[120.4479234,23.487188],[120.4480181,23.4871915]]}},{"type":"Feature","id":563423859,"properties":{"osm_id":563423859,"name":"文化路378巷","name_en":null,"highway":"unclassified","lanes":null,"oneway":null,"surface":"asphalt","source":"OpenStreetMap"},"geometry":{"type":"LineString","coordinates":[[120.4480181,23.4871915],[120.4482901,23.487527],[120.448261,23.4876006],[120.4482201,23.487691],[120.448186,23.4878016],[120.4481543,23.4879018],[120.4480806,23.4882647]]}},{"type":"Feature","id":275173144,"properties":{"osm_id":275173144,"name":"文化路432巷","name_en":null,"highway":"unclassified","lanes":null,"oneway":null,"surface":"asphalt","source":"OpenStreetMap"},"geometry":{"type":"LineString","coordinates":[[120.4468961,23.4883205],[120.4474112,23.4885168],[120.447552,23.4885683],[120.4482772,23.4887949],[120.448939,23.4889509],[120.4492275,23.4889143]]}},{"type":"Feature","id":563423856,"properties":{"osm_id":563423856,"name":"文化路432巷","name_en":null,"highway":"unclassified","lanes":null,"oneway":null,"surface":"asphalt","source":"OpenStreetMap"},"geometry":{"type":"LineString","coordinates":[[120.447552,23.4885683],[120.4476981,23.4882859],[120.4478049,23.4880734],[120.4479551,23.4878269],[120.4480291,23.4877354],[120.448186,23.4878016]]}},{"type":"Feature","id":563423854,"properties":{"osm_id":563423854,"name":"文化路446巷","name_en":null,"highway":"unclassified","lanes":null,"oneway":null,"surface":"asphalt","source":"OpenStreetMap"},"geometry":{"type":"LineString","coordinates":[[120.4466929,23.488596],[120.4468949,23.4886864],[120.4470049,23.4887405],[120.4471632,23.4887626],[120.4473402,23.4887725]]}},{"type":"Feature","id":286816330,"properties":{"osm_id":286816330,"name":"文山街","name_en":null,"highway":"residential","lanes":null,"oneway":null,"surface":"asphalt","source":"OpenStreetMap"},"geometry":{"type":"LineString","coordinates":[[120.4327421,23.4652918],[120.4330213,23.4655087],[120.4330153,23.4655758],[120.4329588,23.4658474],[120.4332113,23.4661137],[120.4334621,23.4663975],[120.4335439,23.4664901],[120.4341544,23.4663991],[120.4343136,23.4663794],[120.4348377,23.4664439],[120.4354375,23.4665049]]}},{"type":"Feature","id":165928894,"properties":{"osm_id":165928894,"name":"文昌街","name_en":"Wenchang Street","highway":"residential","lanes":null,"oneway":null,"surface":"asphalt","source":"OpenStreetMap"},"geometry":{"type":"LineString","coordinates":[[120.4568593,23.4745094],[120.4568484,23.4746108],[120.4567312,23.4755787],[120.4566654,23.4761926],[120.4566265,23.4765957],[120.4565089,23.477424],[120.4563947,23.4781537],[120.4562884,23.4788502],[120.4561999,23.4795683],[120.4561046,23.480229]]}},{"type":"Feature","id":273251546,"properties":{"osm_id":273251546,"name":"文海街","name_en":null,"highway":"residential","lanes":null,"oneway":null,"surface":"asphalt","source":"OpenStreetMap"},"geometry":{"type":"LineString","coordinates":[[120.4343195,23.4658947],[120.4340839,23.4658342],[120.4335053,23.4659227],[120.4332113,23.4661137],[120.433156,23.4661496],[120.432719,23.4664761]]}},{"type":"Feature","id":167759857,"properties":{"osm_id":167759857,"name":"文華街","name_en":"Wenhua Street","highway":"unclassified","lanes":null,"oneway":null,"surface":"asphalt","source":"OpenStreetMap"},"geometry":{"type":"LineString","coordinates":[[120.4446489,23.487002],[120.4452734,23.4872426],[120.4459181,23.4874622],[120.4463039,23.4875808],[120.4466756,23.4876842],[120.446925,23.4877688],[120.4471811,23.4878433]]}},{"type":"Feature","id":167759034,"properties":{"osm_id":167759034,"name":"文華街41巷","name_en":null,"highway":"residential","lanes":null,"oneway":null,"surface":"asphalt","source":"OpenStreetMap"},"geometry":{"type":"LineString","coordinates":[[120.4460604,23.4866955],[120.4460164,23.4870126],[120.4460072,23.4870544],[120.4459181,23.4874622]]}},{"type":"Feature","id":448221080,"properties":{"osm_id":448221080,"name":"文華街67巷","name_en":null,"highway":"residential","lanes":null,"oneway":null,"surface":"asphalt","source":"OpenStreetMap"},"geometry":{"type":"LineString","coordinates":[[120.4452734,23.4872426],[120.4453924,23.4869145],[120.4454077,23.4868724],[120.4454646,23.4866865],[120.4454855,23.4866197]]}},{"type":"Feature","id":163714886,"properties":{"osm_id":163714886,"name":"新建街","name_en":"Xinjian Street","highway":"residential","lanes":null,"oneway":null,"surface":"asphalt","source":"OpenStreetMap"},"geometry":{"type":"LineString","coordinates":[[120.4388369,23.4678771],[120.4387221,23.4684422],[120.4385608,23.4689991],[120.4384562,23.469288],[120.4383714,23.4694881],[120.4382522,23.4697569],[120.4382216,23.4699796],[120.4381992,23.4701804],[120.4381625,23.4706501]]}},{"type":"Feature","id":221050267,"properties":{"osm_id":221050267,"name":"新建街","name_en":"Xinjian Street","highway":"residential","lanes":null,"oneway":null,"surface":"asphalt","source":"OpenStreetMap"},"geometry":{"type":"LineString","coordinates":[[120.4381625,23.4706501],[120.438082,23.4718505],[120.4380538,23.4721672],[120.4380344,23.4725467],[120.4380314,23.4725997],[120.4380279,23.4726611],[120.4380508,23.4727244],[120.438102,23.4728686]]}},{"type":"Feature","id":221050350,"properties":{"osm_id":221050350,"name":"新建街75巷","name_en":null,"highway":"unclassified","lanes":null,"oneway":null,"surface":"asphalt","source":"OpenStreetMap"},"geometry":{"type":"LineString","coordinates":[[120.4383714,23.4694881],[120.4378345,23.4694869],[120.4376052,23.4694864]]}},{"type":"Feature","id":688844330,"properties":{"osm_id":688844330,"name":"新建街75巷","name_en":null,"highway":"unclassified","lanes":null,"oneway":null,"surface":"asphalt","source":"OpenStreetMap"},"geometry":{"type":"LineString","coordinates":[[120.4376052,23.4694864],[120.4373966,23.4694859]]}},{"type":"Feature","id":563423875,"properties":{"osm_id":563423875,"name":"新榮路","name_en":"Xinrong Road","highway":"residential","lanes":null,"oneway":null,"surface":"asphalt","source":"OpenStreetMap"},"geometry":{"type":"LineString","coordinates":[[120.4452209,23.4693084],[120.4452145,23.4693712],[120.4451697,23.46981],[120.4451273,23.4702223],[120.4451208,23.4702855],[120.4451153,23.4703354],[120.4450684,23.4707624],[120.4450011,23.4712766],[120.4449739,23.4718115],[120.4449046,23.4722553],[120.4448516,23.4727265],[120.4447991,23.4732105],[120.4447956,23.4732431],[120.4447869,23.4733232],[120.4447664,23.4734844],[120.4447538,23.4735961],[120.4447469,23.4736573],[120.4446998,23.4740762],[120.4446499,23.4745199],[120.4446256,23.474736],[120.4445694,23.4752356],[120.4445518,23.4754017],[120.4445415,23.4754991],[120.4445275,23.4756183],[120.4444493,23.4762837],[120.444387,23.4769731],[120.444305,23.4776734],[120.4442636,23.4780872],[120.4442018,23.4786678],[120.4441654,23.478937],[120.4441191,23.4793818],[120.4440732,23.4799095],[120.444032,23.4803829],[120.4439923,23.4809313],[120.4439679,23.4810846]]}},{"type":"Feature","id":317467025,"properties":{"osm_id":317467025,"name":"新民路","name_en":"Xinmin Road","highway":"tertiary","lanes":null,"oneway":"yes","surface":"asphalt","source":"OpenStreetMap"},"geometry":{"type":"LineString","coordinates":[[120.4392475,23.4750007],[120.4392797,23.4746946],[120.4392916,23.4745817],[120.4393494,23.4740333],[120.4394227,23.4731856],[120.4394304,23.4730966],[120.4394385,23.4730032],[120.4394574,23.472844]]}},{"type":"Feature","id":365158724,"properties":{"osm_id":365158724,"name":"新民路","name_en":"Xinmin Road","highway":"tertiary","lanes":"2","oneway":"yes","surface":"asphalt","source":"OpenStreetMap"},"geometry":{"type":"LineString","coordinates":[[120.4394574,23.472844],[120.43947,23.4727358],[120.4396023,23.471633],[120.4396974,23.4708287],[120.4397038,23.4707361],[120.4397542,23.4701293],[120.4397677,23.470023],[120.4398741,23.4689849],[120.4399773,23.4681527],[120.4399818,23.4681161],[120.4399984,23.4679824]]}},{"type":"Feature","id":365158725,"properties":{"osm_id":365158725,"name":"新民路","name_en":"Xinmin Road","highway":"tertiary","lanes":null,"oneway":"yes","surface":"asphalt","source":"OpenStreetMap"},"geometry":{"type":"LineString","coordinates":[[120.4395619,23.4730167],[120.4395549,23.4731034],[120.4394547,23.4740407],[120.4393893,23.4747047],[120.4393588,23.4750118]]}},{"type":"Feature","id":548856088,"properties":{"osm_id":548856088,"name":"新民路","name_en":"Xinmin Road","highway":"tertiary","lanes":null,"oneway":"yes","surface":"asphalt","source":"OpenStreetMap"},"geometry":{"type":"LineString","coordinates":[[120.4408527,23.4616178],[120.4408417,23.4617156],[120.4408312,23.4618527],[120.440681,23.4629559],[120.4406616,23.4631053],[120.4404842,23.4646982],[120.4404776,23.464761],[120.4404743,23.4647924],[120.4404478,23.4650454],[120.4404111,23.4653881],[120.4404037,23.465485]]}},{"type":"Feature","id":563682129,"properties":{"osm_id":563682129,"name":"新民路","name_en":"Xinmin Road","highway":"tertiary","lanes":"2","oneway":"yes","surface":"asphalt","source":"OpenStreetMap"},"geometry":{"type":"LineString","coordinates":[[120.4403826,23.4656545],[120.4403811,23.4656647],[120.4403778,23.465688],[120.4403635,23.4657854],[120.4403512,23.4658921],[120.4403008,23.4663256],[120.4402957,23.4663793],[120.4402853,23.4664879],[120.4402743,23.4665937],[120.4402401,23.4669236],[120.4402182,23.4671345],[120.4401933,23.4673749],[120.4401453,23.4677977],[120.4401423,23.4678239],[120.4401233,23.4679915],[120.4401098,23.4681271],[120.4400305,23.4689205],[120.4400234,23.468982],[120.4399632,23.4695014],[120.4398864,23.4701364],[120.4397998,23.4709125],[120.4397158,23.4716375],[120.4396119,23.4726016],[120.4395963,23.472747],[120.4395859,23.472853],[120.4395619,23.4730167]]}},{"type":"Feature","id":563682131,"properties":{"osm_id":563682131,"name":"新民路","name_en":"Xinmin Road","highway":"tertiary","lanes":null,"oneway":"yes","surface":"asphalt","source":"OpenStreetMap"},"geometry":{"type":"LineString","coordinates":[[120.4404037,23.465485],[120.4403826,23.4656545]]}},{"type":"Feature","id":563812007,"properties":{"osm_id":563812007,"name":"新民路","name_en":"Xinmin Road","highway":"tertiary","lanes":null,"oneway":"yes","surface":"asphalt","source":"OpenStreetMap"},"geometry":{"type":"LineString","coordinates":[[120.4402664,23.4656516],[120.4402837,23.4654797]]}},{"type":"Feature","id":563812008,"properties":{"osm_id":563812008,"name":"新民路","name_en":"Xinmin Road","highway":"tertiary","lanes":"2","oneway":"yes","surface":"asphalt","source":"OpenStreetMap"},"geometry":{"type":"LineString","coordinates":[[120.4402837,23.4654797],[120.4403565,23.4648333],[120.4403623,23.4647816],[120.4403658,23.4647513],[120.4404634,23.4638854],[120.4406082,23.4625914],[120.4406806,23.4619571],[120.4406968,23.4618483],[120.4407179,23.4617042]]}},{"type":"Feature","id":570487312,"properties":{"osm_id":570487312,"name":"新民路","name_en":"Xinmin Road","highway":"tertiary","lanes":"2","oneway":"yes","surface":"asphalt","source":"OpenStreetMap"},"geometry":{"type":"LineString","coordinates":[[120.4399984,23.4679824],[120.4400176,23.4678165],[120.4400683,23.4673792],[120.4401235,23.4669199],[120.440159,23.4666242],[120.440164,23.4665828],[120.4401763,23.4664803],[120.4401859,23.4663695],[120.4401883,23.4663414],[120.4402335,23.4659277],[120.4402382,23.4658842],[120.4402502,23.4657771],[120.4402641,23.465681],[120.4402664,23.4656516]]}},{"type":"Feature","id":163714746,"properties":{"osm_id":163714746,"name":"新民路707巷","name_en":null,"highway":"unclassified","lanes":null,"oneway":null,"surface":"asphalt","source":"OpenStreetMap"},"geometry":{"type":"LineString","coordinates":[[120.4393412,23.4679262],[120.4392518,23.4684833],[120.4391786,23.4690142],[120.4390401,23.469991],[120.4390368,23.4700144],[120.4389757,23.4704456]]}},{"type":"Feature","id":462531402,"properties":{"osm_id":462531402,"name":"新民路707巷","name_en":null,"highway":"residential","lanes":null,"oneway":null,"surface":"asphalt","source":"OpenStreetMap"},"geometry":{"type":"LineString","coordinates":[[120.4385608,23.4689991],[120.4391786,23.4690142],[120.4398741,23.4689849],[120.4400234,23.468982]]}},{"type":"Feature","id":259491429,"properties":{"osm_id":259491429,"name":"新民路728巷","name_en":null,"highway":"residential","lanes":null,"oneway":null,"surface":"asphalt","source":"OpenStreetMap"},"geometry":{"type":"LineString","coordinates":[[120.4412686,23.4699527],[120.4413105,23.4695423],[120.4413693,23.4689855],[120.44141,23.4685884],[120.4414649,23.468105]]}},{"type":"Feature","id":167769508,"properties":{"osm_id":167769508,"name":"新民路848巷","name_en":null,"highway":"unclassified","lanes":null,"oneway":null,"surface":"asphalt","source":"OpenStreetMap"},"geometry":{"type":"LineString","coordinates":[[120.4396023,23.471633],[120.4397158,23.4716375],[120.4398598,23.4716562],[120.4400101,23.4717161],[120.4404284,23.4719765],[120.4404705,23.4720027],[120.4410426,23.4721373]]}},{"type":"Feature","id":563614404,"properties":{"osm_id":563614404,"name":"新生路","name_en":"Xinsheng Road","highway":"tertiary","lanes":"4","oneway":"no","surface":"asphalt","source":"OpenStreetMap"},"geometry":{"type":"LineString","coordinates":[[120.457217,23.4933554],[120.4575558,23.4928448],[120.4579576,23.4922276],[120.4580932,23.4920301],[120.4581996,23.4918793],[120.4583271,23.4916775],[120.4583882,23.4915672],[120.4585749,23.4911682],[120.4587874,23.4907141],[120.458978,23.4902279],[120.4590014,23.4901685],[120.4592036,23.4896012],[120.4592176,23.4895744],[120.4594474,23.4891337],[120.4599355,23.4880041],[120.4601249,23.4874929],[120.460379,23.486979],[120.4604231,23.4868273],[120.4604602,23.4866396],[120.4606217,23.4856154],[120.4606418,23.4854999],[120.4606514,23.4854231],[120.4607043,23.4850452],[120.460714,23.4849729],[120.4607162,23.4849415]]}},{"type":"Feature","id":563614407,"properties":{"osm_id":563614407,"name":"新生路","name_en":"Xinsheng Road","highway":"tertiary","lanes":"4","oneway":null,"surface":"asphalt","source":"OpenStreetMap"},"geometry":{"type":"LineString","coordinates":[[120.4549909,23.4956428],[120.4554909,23.4953295],[120.4557614,23.4951635],[120.4559166,23.4950681],[120.456223,23.4947942],[120.4565246,23.4944159],[120.4566849,23.4941585],[120.4570558,23.4935924],[120.4571231,23.4934873],[120.457217,23.4933554]]}},{"type":"Feature","id":807913061,"properties":{"osm_id":807913061,"name":"新生路","name_en":"Xinsheng Road","highway":"tertiary","lanes":null,"oneway":"no","surface":"asphalt","source":"OpenStreetMap"},"geometry":{"type":"LineString","coordinates":[[120.4612815,23.4808258],[120.4613023,23.4806754],[120.4613699,23.4801738],[120.4613814,23.4800964],[120.4614529,23.4795408],[120.4614644,23.4794704],[120.4614718,23.4794027],[120.461554,23.4787712],[120.4615635,23.4786981],[120.4615739,23.4786175],[120.4617431,23.4773035],[120.4617599,23.4771776],[120.4617825,23.4770446]]}},{"type":"Feature","id":1458469433,"properties":{"osm_id":1458469433,"name":"新生路","name_en":"Xinsheng Road","highway":"tertiary","lanes":"4","oneway":"no","surface":"asphalt","source":"OpenStreetMap"},"geometry":{"type":"LineString","coordinates":[[120.4607204,23.484883],[120.460722,23.4848604],[120.4608469,23.4839362],[120.4608573,23.4838591],[120.4608677,23.4837846],[120.4609042,23.4835215],[120.4609506,23.4831456],[120.4609589,23.4830811],[120.4609667,23.4830326],[120.4610489,23.4824875],[120.4610628,23.4824073],[120.4610845,23.4822702],[120.4611923,23.4815276],[120.4612644,23.4809607],[120.4612815,23.4808258]]}},{"type":"Feature","id":1458469434,"properties":{"osm_id":1458469434,"name":"新生路","name_en":"Xinsheng Road","highway":"tertiary","lanes":"4","oneway":"no","surface":"asphalt","source":"OpenStreetMap"},"geometry":{"type":"LineString","coordinates":[[120.4607162,23.4849415],[120.4607204,23.484883]]}},{"type":"Feature","id":275729419,"properties":{"osm_id":275729419,"name":"新西街","name_en":"Xinxi Street","highway":"residential","lanes":null,"oneway":null,"surface":"asphalt","source":"OpenStreetMap"},"geometry":{"type":"LineString","coordinates":[[120.4371086,23.4729111],[120.4370901,23.4728645],[120.4369619,23.4725413],[120.4368615,23.4722243],[120.436913,23.4718943],[120.4369291,23.4717908]]}},{"type":"Feature","id":275729418,"properties":{"osm_id":275729418,"name":"新雅街","name_en":"Xinya Street","highway":"residential","lanes":null,"oneway":null,"surface":"asphalt","source":"OpenStreetMap"},"geometry":{"type":"LineString","coordinates":[[120.4357534,23.4722796],[120.4361563,23.47231],[120.4368615,23.4722243]]}},{"type":"Feature","id":443172387,"properties":{"osm_id":443172387,"name":"新龍街","name_en":"Xinlong Street","highway":"residential","lanes":null,"oneway":null,"surface":"asphalt","source":"OpenStreetMap"},"geometry":{"type":"LineString","coordinates":[[120.4419305,23.4889895],[120.4419274,23.4890801],[120.4419066,23.4893853],[120.4418436,23.4899568],[120.4417623,23.4904097]]}},{"type":"Feature","id":147700032,"properties":{"osm_id":147700032,"name":"日新街","name_en":"RIxin Street","highway":"residential","lanes":"2","oneway":"no","surface":"asphalt","source":"OpenStreetMap"},"geometry":{"type":"LineString","coordinates":[[120.4684327,23.4664877],[120.4686093,23.467021],[120.4686445,23.4671339],[120.4687381,23.4674343],[120.4688233,23.4676513],[120.4689312,23.4679264],[120.4690127,23.4681579],[120.4690814,23.4683717],[120.4691834,23.4687987],[120.4692114,23.4689788],[120.4692451,23.469196],[120.4692624,23.4695042],[120.4692637,23.4695275],[120.4692417,23.4697447],[120.4692358,23.4698032],[120.4691919,23.470037],[120.4691358,23.4703148],[120.4690869,23.4704565],[120.4688724,23.4708578],[120.4686398,23.4712893],[120.4681622,23.4722337],[120.4680536,23.4724401],[120.468029,23.47248],[120.4677936,23.4728617],[120.4673316,23.4734997],[120.4672763,23.4735701],[120.4670278,23.4738068],[120.4668598,23.4739037],[120.4664811,23.474122],[120.466064,23.4742543],[120.4655736,23.4743147]]}},{"type":"Feature","id":163225148,"properties":{"osm_id":163225148,"name":"朝陽街","name_en":"Chaoyang Street","highway":"residential","lanes":null,"oneway":null,"surface":"asphalt","source":"OpenStreetMap"},"geometry":{"type":"LineString","coordinates":[[120.4560138,23.4755127],[120.4563014,23.4755488],[120.4567312,23.4755787],[120.457692,23.4756615],[120.4580762,23.4757079],[120.4584899,23.4757558],[120.4590044,23.4757992],[120.4595923,23.4758333],[120.4600182,23.4758929],[120.460399,23.4759346],[120.4607978,23.4759706],[120.4611241,23.4759952],[120.4615219,23.4760052],[120.4616448,23.4760036]]}},{"type":"Feature","id":563573821,"properties":{"osm_id":563573821,"name":"杭州一街","name_en":null,"highway":"unclassified","lanes":null,"oneway":null,"surface":"asphalt","source":"OpenStreetMap"},"geometry":{"type":"LineString","coordinates":[[120.4459792,23.467737],[120.4460677,23.4677157],[120.4462292,23.4676604],[120.4463312,23.4676255]]}},{"type":"Feature","id":263761751,"properties":{"osm_id":263761751,"name":"杭州三街","name_en":null,"highway":"residential","lanes":null,"oneway":null,"surface":"asphalt","source":"OpenStreetMap"},"geometry":{"type":"LineString","coordinates":[[120.4458108,23.4662384],[120.4454084,23.4663638],[120.4447921,23.4666106],[120.4441666,23.4668432],[120.4434933,23.4670773],[120.4430415,23.4672578]]}},{"type":"Feature","id":263761761,"properties":{"osm_id":263761761,"name":"杭州五街","name_en":null,"highway":"residential","lanes":null,"oneway":null,"surface":"asphalt","source":"OpenStreetMap"},"geometry":{"type":"LineString","coordinates":[[120.4403635,23.4657854],[120.4404465,23.4658222],[120.4404817,23.4658378],[120.4405983,23.4658541],[120.440768,23.4658703],[120.4409797,23.4658734],[120.4413661,23.4658295],[120.4415476,23.465801],[120.4419639,23.465761],[120.4424635,23.4657053],[120.4436591,23.465701],[120.443797,23.4656926],[120.4444395,23.4656458],[120.4450957,23.4655127],[120.4455076,23.4654258]]}},{"type":"Feature","id":563573819,"properties":{"osm_id":563573819,"name":"杭州五街","name_en":null,"highway":"unclassified","lanes":null,"oneway":null,"surface":"asphalt","source":"OpenStreetMap"},"geometry":{"type":"LineString","coordinates":[[120.4426881,23.4662688],[120.4437431,23.4658938]]}},{"type":"Feature","id":87902376,"properties":{"osm_id":87902376,"name":"松江一街","name_en":"Songjiang 1st Street","highway":"residential","lanes":null,"oneway":"no","surface":"asphalt","source":"OpenStreetMap"},"geometry":{"type":"LineString","coordinates":[[120.4421951,23.4953565],[120.4422236,23.4951504],[120.4422317,23.4950922],[120.4422479,23.4949658],[120.4422655,23.4948516],[120.4422961,23.4946231],[120.4424338,23.4936985],[120.4424705,23.4934836],[120.442508,23.4932083],[120.4425466,23.492955],[120.4425781,23.4927476],[120.4426921,23.4920482],[120.4427044,23.4919234],[120.4427338,23.4917345]]}},{"type":"Feature","id":264576672,"properties":{"osm_id":264576672,"name":"松江三街","name_en":null,"highway":"residential","lanes":null,"oneway":null,"surface":"asphalt","source":"OpenStreetMap"},"geometry":{"type":"LineString","coordinates":[[120.4408372,23.4927484],[120.4414261,23.4927654],[120.4425781,23.4927476],[120.4431519,23.4927388],[120.4441147,23.4928367],[120.4446825,23.4929016]]}},{"type":"Feature","id":544965042,"properties":{"osm_id":544965042,"name":"松江二街","name_en":null,"highway":"residential","lanes":null,"oneway":null,"surface":"asphalt","source":"OpenStreetMap"},"geometry":{"type":"LineString","coordinates":[[120.4413701,23.4936091],[120.4414308,23.4931114],[120.4417103,23.4931365],[120.4420474,23.4931669],[120.4421088,23.4931724],[120.4423324,23.4931925],[120.442508,23.4932083]]}},{"type":"Feature","id":563393528,"properties":{"osm_id":563393528,"name":"林森東路","name_en":"Linsen East Road","highway":"secondary","lanes":"4","oneway":"no","surface":"asphalt","source":"OpenStreetMap"},"geometry":{"type":"LineString","coordinates":[[120.4621607,23.4882395],[120.4619419,23.488153],[120.4604312,23.4875993],[120.4601249,23.4874929],[120.4596635,23.4872436],[120.4595195,23.4871879],[120.4581492,23.4869667],[120.4580603,23.4869582]]}},{"type":"Feature","id":563393537,"properties":{"osm_id":563393537,"name":"林森東路","name_en":null,"highway":"secondary","lanes":null,"oneway":null,"surface":"asphalt","source":"OpenStreetMap"},"geometry":{"type":"LineString","coordinates":[[120.4621607,23.4882395],[120.4634384,23.4887457],[120.4634922,23.4887675],[120.463587,23.4888058]]}},{"type":"Feature","id":563393539,"properties":{"osm_id":563393539,"name":"林森東路","name_en":null,"highway":"secondary","lanes":null,"oneway":null,"surface":"asphalt","source":"OpenStreetMap"},"geometry":{"type":"LineString","coordinates":[[120.463587,23.4888058],[120.4637082,23.4888571],[120.4642551,23.4890884]]}},{"type":"Feature","id":563393544,"properties":{"osm_id":563393544,"name":"林森東路","name_en":"Linsen East Road","highway":"secondary","lanes":"4","oneway":null,"surface":"asphalt","source":"OpenStreetMap"},"geometry":{"type":"LineString","coordinates":[[120.4690294,23.4911449],[120.4680213,23.4905896],[120.4673342,23.4903031],[120.4671707,23.4902333],[120.4670214,23.4901673],[120.4665873,23.4900111],[120.4661451,23.489858],[120.4655902,23.4896399],[120.4653804,23.4895596],[120.4650533,23.489432],[120.4642551,23.4890884]]}},{"type":"Feature","id":804085582,"properties":{"osm_id":804085582,"name":"林森東路","name_en":"Linsen East Road","highway":"secondary","lanes":null,"oneway":"no","surface":"asphalt","source":"OpenStreetMap"},"geometry":{"type":"LineString","coordinates":[[120.4580603,23.4869582],[120.4579104,23.4869429],[120.4569162,23.4868411],[120.4567948,23.4868247],[120.4566639,23.4868087],[120.4557283,23.4866879],[120.4549194,23.4865937],[120.4547552,23.4865746],[120.4544537,23.4865395],[120.4538084,23.4863268],[120.4534375,23.4861411]]}},{"type":"Feature","id":163104664,"properties":{"osm_id":163104664,"name":"林森西路","name_en":"Linsen West Road","highway":"residential","lanes":null,"oneway":null,"surface":"asphalt","source":"OpenStreetMap"},"geometry":{"type":"LineString","coordinates":[[120.4505948,23.48507],[120.4506534,23.4849305]]}},{"type":"Feature","id":317467042,"properties":{"osm_id":317467042,"name":"林森西路","name_en":"Linsen West Road","highway":"secondary","lanes":"2","oneway":"yes","surface":"asphalt","source":"OpenStreetMap"},"geometry":{"type":"LineString","coordinates":[[120.4423263,23.4792566],[120.442414,23.479347],[120.4432902,23.4803172],[120.4439679,23.4810846],[120.4445617,23.4817413],[120.4446265,23.4818118],[120.4449524,23.4821886]]}},{"type":"Feature","id":549182161,"properties":{"osm_id":549182161,"name":"林森西路","name_en":"Linsen West Road","highway":"secondary","lanes":null,"oneway":"yes","surface":"asphalt","source":"OpenStreetMap"},"geometry":{"type":"LineString","coordinates":[[120.4486303,23.4841363],[120.4496451,23.4845456]]}},{"type":"Feature","id":563377064,"properties":{"osm_id":563377064,"name":"林森西路","name_en":"Linsen West Road","highway":"secondary","lanes":null,"oneway":"yes","surface":"asphalt","source":"OpenStreetMap"},"geometry":{"type":"LineString","coordinates":[[120.4451639,23.4824356],[120.4455268,23.4828268],[120.445639,23.4829142],[120.4456809,23.4829524],[120.4457755,23.482997],[120.4458564,23.483028],[120.4469135,23.4834467]]}},{"type":"Feature","id":563377065,"properties":{"osm_id":563377065,"name":"林森西路","name_en":"Linsen West Road","highway":"secondary","lanes":null,"oneway":"yes","surface":"asphalt","source":"OpenStreetMap"},"geometry":{"type":"LineString","coordinates":[[120.4449524,23.4821886],[120.4451639,23.4824356]]}},{"type":"Feature","id":563377066,"properties":{"osm_id":563377066,"name":"林森西路","name_en":"Linsen West Road","highway":"secondary","lanes":null,"oneway":"yes","surface":"asphalt","source":"OpenStreetMap"},"geometry":{"type":"LineString","coordinates":[[120.4451129,23.4824783],[120.4448792,23.4822298]]}},{"type":"Feature","id":563377067,"properties":{"osm_id":563377067,"name":"林森西路","name_en":"Linsen West Road","highway":"secondary","lanes":"2","oneway":"yes","surface":"asphalt","source":"OpenStreetMap"},"geometry":{"type":"LineString","coordinates":[[120.4448792,23.4822298],[120.4445753,23.4819053],[120.4444785,23.4818019],[120.4442958,23.4815998],[120.443928,23.4812141],[120.4436666,23.4809349],[120.4430664,23.480294],[120.4422166,23.4793491],[120.4421705,23.4792978]]}},{"type":"Feature","id":563377071,"properties":{"osm_id":563377071,"name":"林森西路","name_en":"Linsen West Road","highway":"secondary","lanes":"2","oneway":"yes","surface":"asphalt","source":"OpenStreetMap"},"geometry":{"type":"LineString","coordinates":[[120.4521267,23.4856826],[120.4518647,23.4855741],[120.4505948,23.48507],[120.4496011,23.4846679],[120.448599,23.4842565],[120.4477219,23.4839128],[120.4472147,23.4837062],[120.446852,23.483557],[120.4463464,23.4833511],[120.4459991,23.4832105],[120.4459858,23.4832051],[120.4458577,23.4831629],[120.4458064,23.483142],[120.4457054,23.4830628],[120.4456035,23.4830079],[120.4454323,23.4828109],[120.4452304,23.4826012],[120.4451129,23.4824783]]}},{"type":"Feature","id":563377081,"properties":{"osm_id":563377081,"name":"林森西路","name_en":"Linsen West Road","highway":"secondary","lanes":null,"oneway":null,"surface":"asphalt","source":"OpenStreetMap"},"geometry":{"type":"LineString","coordinates":[[120.4534375,23.4861411],[120.4533149,23.4860555]]}},{"type":"Feature","id":563377082,"properties":{"osm_id":563377082,"name":"林森西路","name_en":"Linsen West Road","highway":"secondary","lanes":null,"oneway":"yes","surface":"asphalt","source":"OpenStreetMap"},"geometry":{"type":"LineString","coordinates":[[120.4533149,23.4860555],[120.4530518,23.4860636]]}},{"type":"Feature","id":563377085,"properties":{"osm_id":563377085,"name":"林森西路","name_en":"Linsen West Road","highway":"secondary","lanes":null,"oneway":"yes","surface":"asphalt","source":"OpenStreetMap"},"geometry":{"type":"LineString","coordinates":[[120.4521361,23.4855313],[120.4531444,23.4859113],[120.4531932,23.4859328],[120.4532642,23.485964],[120.4533149,23.4860555]]}},{"type":"Feature","id":563377101,"properties":{"osm_id":563377101,"name":"林森西路","name_en":"Linsen West Road","highway":"residential","lanes":null,"oneway":null,"surface":"asphalt","source":"OpenStreetMap"},"geometry":{"type":"LineString","coordinates":[[120.4496451,23.4845456],[120.4496011,23.4846679]]}},{"type":"Feature","id":563377102,"properties":{"osm_id":563377102,"name":"林森西路","name_en":"Linsen West Road","highway":"secondary","lanes":null,"oneway":"yes","surface":"asphalt","source":"OpenStreetMap"},"geometry":{"type":"LineString","coordinates":[[120.4496451,23.4845456],[120.4506534,23.4849305]]}},{"type":"Feature","id":563377108,"properties":{"osm_id":563377108,"name":"林森西路","name_en":"Linsen West Road","highway":"secondary","lanes":null,"oneway":"yes","surface":"asphalt","source":"OpenStreetMap"},"geometry":{"type":"LineString","coordinates":[[120.4506534,23.4849305],[120.4521361,23.4855313]]}},{"type":"Feature","id":563401787,"properties":{"osm_id":563401787,"name":"林森西路","name_en":"Linsen West Road","highway":"secondary","lanes":"2","oneway":"yes","surface":"asphalt","source":"OpenStreetMap"},"geometry":{"type":"LineString","coordinates":[[120.4469135,23.4834467],[120.447155,23.4835548],[120.4477396,23.4837896],[120.4486303,23.4841363]]}},{"type":"Feature","id":802004237,"properties":{"osm_id":802004237,"name":"林森西路","name_en":"Linsen West Road","highway":"secondary","lanes":null,"oneway":"yes","surface":"asphalt","source":"OpenStreetMap"},"geometry":{"type":"LineString","coordinates":[[120.4530518,23.4860636],[120.4521267,23.4856826]]}},{"type":"Feature","id":545124541,"properties":{"osm_id":545124541,"name":"樂利橋","name_en":null,"highway":"residential","lanes":null,"oneway":null,"surface":"asphalt","source":"OpenStreetMap"},"geometry":{"type":"LineString","coordinates":[[120.4569062,23.4899148],[120.4570796,23.4899518]]}},{"type":"Feature","id":273251543,"properties":{"osm_id":273251543,"name":"武昌街","name_en":null,"highway":"residential","lanes":null,"oneway":null,"surface":"asphalt","source":"OpenStreetMap"},"geometry":{"type":"LineString","coordinates":[[120.4325593,23.4654982],[120.4327246,23.4655623],[120.4328836,23.4655857],[120.4330153,23.4655758],[120.4336818,23.4654151],[120.4338428,23.4653791],[120.4342971,23.4653967],[120.4344112,23.4653293],[120.4345359,23.4652189],[120.434649,23.4651253]]}},{"type":"Feature","id":563423863,"properties":{"osm_id":563423863,"name":"民國路","name_en":"Minguo Road","highway":"residential","lanes":null,"oneway":null,"surface":"asphalt","source":"OpenStreetMap"},"geometry":{"type":"LineString","coordinates":[[120.4609644,23.4747536],[120.4609518,23.4748801],[120.4609383,23.4749837],[120.4609374,23.4750374],[120.4608126,23.4758441],[120.4607978,23.4759706],[120.4606704,23.4768558],[120.4606616,23.4769578],[120.4606501,23.4770586],[120.4605581,23.4777214],[120.4605519,23.4777771],[120.4605439,23.4778322],[120.4604563,23.4784365],[120.4604449,23.4785146]]}},{"type":"Feature","id":1235205527,"properties":{"osm_id":1235205527,"name":"民國路","name_en":"Minguo Road","highway":"residential","lanes":"2","oneway":null,"surface":"asphalt","source":"OpenStreetMap"},"geometry":{"type":"LineString","coordinates":[[120.460232,23.4800443],[120.4602253,23.4800967],[120.4601608,23.480686],[120.4600497,23.4814033],[120.4599187,23.4821661],[120.4599045,23.4822738],[120.4598935,23.4823476],[120.4598068,23.4829466],[120.4597133,23.4836547],[120.459705,23.4837177],[120.4596963,23.4837878],[120.4596587,23.4840916],[120.4596457,23.4841818],[120.4595573,23.4847158]]}},{"type":"Feature","id":1331890575,"properties":{"osm_id":1331890575,"name":"民國路","name_en":"Minguo Road","highway":"residential","lanes":"2","oneway":null,"surface":"asphalt","source":"OpenStreetMap"},"geometry":{"type":"LineString","coordinates":[[120.4604449,23.4785146],[120.460436,23.4785785],[120.4603304,23.4793317],[120.4602371,23.4800047],[120.460232,23.4800443]]}},{"type":"Feature","id":28136710,"properties":{"osm_id":28136710,"name":"民族路","name_en":"Minzu Road","highway":"secondary","lanes":null,"oneway":"yes","surface":"asphalt","source":"OpenStreetMap"},"geometry":{"type":"LineString","coordinates":[[120.4387905,23.4749786],[120.4388665,23.4749848],[120.4389464,23.4749921]]}},{"type":"Feature","id":317491636,"properties":{"osm_id":317491636,"name":"民族路","name_en":"Minzu Road","highway":"secondary","lanes":null,"oneway":"yes","surface":"asphalt","source":"OpenStreetMap"},"geometry":{"type":"LineString","coordinates":[[120.4349739,23.4753558],[120.4348948,23.475485],[120.434684,23.4756428]]}},{"type":"Feature","id":317491640,"properties":{"osm_id":317491640,"name":"民族路","name_en":"Minzu Road","highway":"secondary","lanes":null,"oneway":"yes","surface":"asphalt","source":"OpenStreetMap"},"geometry":{"type":"LineString","coordinates":[[120.4346021,23.4755656],[120.4347016,23.4754971],[120.4348368,23.4753927],[120.4349272,23.475319]]}},{"type":"Feature","id":365158726,"properties":{"osm_id":365158726,"name":"民族路","name_en":"Minzu Road","highway":"secondary","lanes":null,"oneway":"yes","surface":"asphalt","source":"OpenStreetMap"},"geometry":{"type":"LineString","coordinates":[[120.4392475,23.4750007],[120.4393588,23.4750118]]}},{"type":"Feature","id":435256934,"properties":{"osm_id":435256934,"name":"民族路","name_en":"Minzu Road","highway":"secondary","lanes":null,"oneway":"yes","surface":"asphalt","source":"OpenStreetMap"},"geometry":{"type":"LineString","coordinates":[[120.4393588,23.4750118],[120.4395801,23.4750683],[120.4396625,23.4751106]]}},{"type":"Feature","id":545177171,"properties":{"osm_id":545177171,"name":"民族路","name_en":null,"highway":"secondary","lanes":null,"oneway":"yes","surface":"asphalt","source":"OpenStreetMap"},"geometry":{"type":"LineString","coordinates":[[120.4395235,23.4753674],[120.4395278,23.4752578],[120.4395515,23.4752104],[120.4395882,23.4751491],[120.4396625,23.4751106],[120.4393833,23.4750882]]}},{"type":"Feature","id":545177172,"properties":{"osm_id":545177172,"name":"民族路","name_en":"Minzu Road","highway":"secondary","lanes":null,"oneway":"no","surface":"asphalt","source":"OpenStreetMap"},"geometry":{"type":"LineString","coordinates":[[120.4396625,23.4751106],[120.4401383,23.4751407],[120.4408118,23.4752031],[120.4411856,23.475236],[120.442214,23.4753428],[120.4433874,23.4754442],[120.4437915,23.4754792],[120.4444557,23.4754968],[120.4445415,23.4754991],[120.4446411,23.4755123],[120.4455217,23.4756287],[120.4461239,23.4756807],[120.4464406,23.4757081],[120.446633,23.4757247]]}},{"type":"Feature","id":563300594,"properties":{"osm_id":563300594,"name":"民族路","name_en":"Minzu Road","highway":"secondary","lanes":null,"oneway":"yes","surface":"asphalt","source":"OpenStreetMap"},"geometry":{"type":"LineString","coordinates":[[120.4389464,23.4749921],[120.4392475,23.4750007]]}},{"type":"Feature","id":563384987,"properties":{"osm_id":563384987,"name":"民族路","name_en":"Minzu Road","highway":"secondary","lanes":"2","oneway":"no","surface":"asphalt","source":"OpenStreetMap"},"geometry":{"type":"LineString","coordinates":[[120.4559191,23.4765321],[120.456317,23.4765679],[120.4566265,23.4765957],[120.4575653,23.4766801],[120.4583417,23.4767499],[120.4594827,23.4768525],[120.4605693,23.4769502],[120.4606616,23.4769578],[120.4607414,23.4769656],[120.4610383,23.4769923],[120.4615893,23.4770419],[120.4617825,23.4770446]]}},{"type":"Feature","id":563682122,"properties":{"osm_id":563682122,"name":"民族路","name_en":null,"highway":"secondary","lanes":null,"oneway":"yes","surface":"asphalt","source":"OpenStreetMap"},"geometry":{"type":"LineString","coordinates":[[120.4393833,23.4750882],[120.4392602,23.4750722]]}},{"type":"Feature","id":563682126,"properties":{"osm_id":563682126,"name":"民族路","name_en":null,"highway":"secondary","lanes":null,"oneway":"yes","surface":"asphalt","source":"OpenStreetMap"},"geometry":{"type":"LineString","coordinates":[[120.4392602,23.4750722],[120.4389429,23.4750606]]}},{"type":"Feature","id":570487316,"properties":{"osm_id":570487316,"name":"民族路","name_en":"Minzu Road","highway":"secondary","lanes":null,"oneway":"no","surface":"asphalt","source":"OpenStreetMap"},"geometry":{"type":"LineString","coordinates":[[120.446633,23.4757247],[120.4467626,23.475737],[120.4477511,23.4758305],[120.4482749,23.47588],[120.4488785,23.4759371],[120.4498443,23.4759871],[120.4499327,23.4759927],[120.4500208,23.4760007]]}},{"type":"Feature","id":804978228,"properties":{"osm_id":804978228,"name":"民族路","name_en":"Minzu Road","highway":"secondary","lanes":"2","oneway":"yes","surface":"asphalt","source":"OpenStreetMap"},"geometry":{"type":"LineString","coordinates":[[120.4345553,23.4756548],[120.4346021,23.4755656]]}},{"type":"Feature","id":813446298,"properties":{"osm_id":813446298,"name":"民族路","name_en":"Minzu Road","highway":"secondary","lanes":null,"oneway":"no","surface":"asphalt","source":"OpenStreetMap"},"geometry":{"type":"LineString","coordinates":[[120.4500208,23.4760007],[120.4501378,23.4760096],[120.450169,23.4760136],[120.4515293,23.4761258],[120.4515804,23.4761296],[120.4516428,23.4761357],[120.4524877,23.4762178],[120.4525514,23.4762242],[120.4526143,23.4762291],[120.4530547,23.476266],[120.4534494,23.4762991],[120.4535925,23.4763065]]}},{"type":"Feature","id":1453005302,"properties":{"osm_id":1453005302,"name":"民族路","name_en":"Minzu Road","highway":"secondary","lanes":"2","oneway":"no","surface":"asphalt","source":"OpenStreetMap"},"geometry":{"type":"LineString","coordinates":[[120.4535925,23.4763065],[120.4537193,23.4763136],[120.4539907,23.47634],[120.4548213,23.4764211],[120.4552298,23.4764496]]}},{"type":"Feature","id":1458476345,"properties":{"osm_id":1458476345,"name":"民族路","name_en":"Minzu Road","highway":"secondary","lanes":"2","oneway":"no","surface":"asphalt","source":"OpenStreetMap"},"geometry":{"type":"LineString","coordinates":[[120.4552298,23.4764496],[120.4555352,23.4765121],[120.4559191,23.4765321]]}},{"type":"Feature","id":226959267,"properties":{"osm_id":226959267,"name":"民樂街","name_en":"Minle Street","highway":"residential","lanes":null,"oneway":null,"surface":"asphalt","source":"OpenStreetMap"},"geometry":{"type":"LineString","coordinates":[[120.4520289,23.4805012],[120.4528003,23.4805827],[120.4530477,23.4806046],[120.4538901,23.4807302],[120.4541967,23.4807781],[120.4552932,23.4808862],[120.4555749,23.4809195],[120.4564594,23.4810241],[120.4577294,23.481169],[120.4582892,23.4812329],[120.4587591,23.481271],[120.4588365,23.4812773],[120.4589457,23.4812861]]}},{"type":"Feature","id":263447339,"properties":{"osm_id":263447339,"name":"民樂街","name_en":null,"highway":"residential","lanes":null,"oneway":null,"surface":"asphalt","source":"OpenStreetMap"},"geometry":{"type":"LineString","coordinates":[[120.4589457,23.4812861],[120.4600497,23.4814033],[120.4611923,23.4815276]]}},{"type":"Feature","id":30997424,"properties":{"osm_id":30997424,"name":"民權路","name_en":"Minquan Road","highway":"residential","lanes":null,"oneway":"no","surface":"asphalt","source":"OpenStreetMap"},"geometry":{"type":"LineString","coordinates":[[120.4631667,23.4841537],[120.463235,23.484162],[120.4634589,23.4841894],[120.4639325,23.4842324],[120.4641236,23.4842346],[120.4644646,23.4842243]]}},{"type":"Feature","id":263370043,"properties":{"osm_id":263370043,"name":"民權路","name_en":"Minquan Road","highway":"residential","lanes":null,"oneway":"yes","surface":"asphalt","source":"OpenStreetMap"},"geometry":{"type":"LineString","coordinates":[[120.4459783,23.4818676],[120.4465934,23.4819128],[120.4470208,23.4819383],[120.4471036,23.4819432]]}},{"type":"Feature","id":286467895,"properties":{"osm_id":286467895,"name":"民權路","name_en":"Minquan Road","highway":"residential","lanes":null,"oneway":"yes","surface":"asphalt","source":"OpenStreetMap"},"geometry":{"type":"LineString","coordinates":[[120.4471036,23.4819432],[120.4471694,23.4819485],[120.4473181,23.4819755],[120.4480765,23.4820383],[120.4486027,23.4821019],[120.4489872,23.482145],[120.449068,23.4821541]]}},{"type":"Feature","id":286467939,"properties":{"osm_id":286467939,"name":"民權路","name_en":"Minquan Road","highway":"residential","lanes":null,"oneway":"no","surface":"asphalt","source":"OpenStreetMap"},"geometry":{"type":"LineString","coordinates":[[120.4631667,23.4841537],[120.46205,23.4840073],[120.4608573,23.4838591],[120.4604382,23.4838289],[120.459705,23.4837177],[120.4596372,23.4837121],[120.4591312,23.4836707],[120.4586411,23.4836099],[120.4585416,23.4836011],[120.45807,23.4835477],[120.4574198,23.4834668],[120.4567102,23.4833873],[120.45598,23.4832937],[120.4549649,23.4831764],[120.4547406,23.4831485],[120.4538899,23.4830575],[120.4526253,23.482813],[120.4524073,23.4827709]]}},{"type":"Feature","id":443213385,"properties":{"osm_id":443213385,"name":"民權路","name_en":"Minquan Road","highway":"residential","lanes":null,"oneway":"yes","surface":"asphalt","source":"OpenStreetMap"},"geometry":{"type":"LineString","coordinates":[[120.4444785,23.4818019],[120.4445617,23.4817413],[120.4448553,23.4817592],[120.4452473,23.4818005],[120.4459783,23.4818676]]}},{"type":"Feature","id":549182163,"properties":{"osm_id":549182163,"name":"民權路","name_en":"Minquan Road","highway":"residential","lanes":null,"oneway":"yes","surface":"asphalt","source":"OpenStreetMap"},"geometry":{"type":"LineString","coordinates":[[120.449068,23.4821541],[120.4491726,23.4821734],[120.4498308,23.482295],[120.449932,23.4823137],[120.4500845,23.4823419],[120.4501583,23.4823555],[120.4506758,23.4824511],[120.4512032,23.4825485],[120.4515886,23.4826197],[120.4518188,23.4826622],[120.4521697,23.482727],[120.4524073,23.4827709]]}},{"type":"Feature","id":563384990,"properties":{"osm_id":563384990,"name":"民權路","name_en":"Minquan Road","highway":"residential","lanes":null,"oneway":null,"surface":"asphalt","source":"OpenStreetMap"},"geometry":{"type":"LineString","coordinates":[[120.4659211,23.4842165],[120.4660248,23.484214],[120.4661363,23.4842104],[120.4662324,23.4842103],[120.4662908,23.4842156],[120.4664314,23.484206],[120.4673775,23.4841204],[120.4678118,23.4841028]]}},{"type":"Feature","id":659327902,"properties":{"osm_id":659327902,"name":"民權路","name_en":"Minquan Road","highway":"residential","lanes":null,"oneway":"no","surface":"asphalt","source":"OpenStreetMap"},"geometry":{"type":"LineString","coordinates":[[120.4644646,23.4842243],[120.4651559,23.4842182],[120.4654628,23.4842111],[120.4659211,23.4842165]]}},{"type":"Feature","id":541005095,"properties":{"osm_id":541005095,"name":"民權路58巷","name_en":null,"highway":"residential","lanes":"2","oneway":null,"surface":"asphalt","source":"OpenStreetMap"},"geometry":{"type":"LineString","coordinates":[[120.46205,23.4840073],[120.4619147,23.4848443],[120.4620275,23.4850257]]}},{"type":"Feature","id":263752673,"properties":{"osm_id":263752673,"name":"民生北路","name_en":"Minsheng North Road","highway":"secondary","lanes":"4","oneway":null,"surface":"asphalt","source":"OpenStreetMap"},"geometry":{"type":"LineString","coordinates":[[120.445968,23.4819649],[120.4459783,23.4818676],[120.4460818,23.4808933],[120.4461138,23.4805926],[120.4461705,23.4800583],[120.4461979,23.4796297]]}},{"type":"Feature","id":507797427,"properties":{"osm_id":507797427,"name":"民生北路","name_en":"Minsheng North Road","highway":"secondary","lanes":"4","oneway":null,"surface":"asphalt","source":"OpenStreetMap"},"geometry":{"type":"LineString","coordinates":[[120.4461979,23.4796297],[120.4463007,23.4788372],[120.4463617,23.4782656],[120.4464051,23.4778595],[120.4464657,23.4772098],[120.446472,23.4771425],[120.4464768,23.477103],[120.4465497,23.4765051],[120.4465546,23.4764592],[120.44662,23.4758463],[120.446633,23.4757247]]}},{"type":"Feature","id":563377059,"properties":{"osm_id":563377059,"name":"民生北路","name_en":"Minsheng North Road","highway":"secondary","lanes":null,"oneway":null,"surface":"asphalt","source":"OpenStreetMap"},"geometry":{"type":"LineString","coordinates":[[120.4458654,23.4829193],[120.4458725,23.4828397],[120.4458939,23.4826052],[120.4459354,23.4822469],[120.445968,23.4819649]]}},{"type":"Feature","id":563448709,"properties":{"osm_id":563448709,"name":"民生北路","name_en":"Minsheng North Road","highway":"secondary","lanes":null,"oneway":null,"surface":"asphalt","source":"OpenStreetMap"},"geometry":{"type":"LineString","coordinates":[[120.4458654,23.4829193],[120.4458564,23.483028],[120.4458064,23.483142]]}},{"type":"Feature","id":564780226,"properties":{"osm_id":564780226,"name":"民生北路","name_en":"Minsheng North Road","highway":"secondary","lanes":null,"oneway":null,"surface":"asphalt","source":"OpenStreetMap"},"geometry":{"type":"LineString","coordinates":[[120.4468516,23.473624],[120.4468707,23.4734601]]}},{"type":"Feature","id":570487317,"properties":{"osm_id":570487317,"name":"民生北路","name_en":"Minsheng North Road","highway":"secondary","lanes":null,"oneway":null,"surface":"asphalt","source":"OpenStreetMap"},"geometry":{"type":"LineString","coordinates":[[120.446633,23.4757247],[120.4466506,23.4755568],[120.4466788,23.4752871],[120.4467075,23.4750128],[120.4467282,23.4747072],[120.4467287,23.4746571],[120.4467335,23.4746035],[120.4467866,23.4742565],[120.4467941,23.4741852],[120.4468076,23.4740552],[120.4468266,23.4738736],[120.4468396,23.4737125],[120.4468516,23.473624]]}},{"type":"Feature","id":263746557,"properties":{"osm_id":263746557,"name":"民生南路","name_en":"Minsheng South Road","highway":"secondary","lanes":"4","oneway":"no","surface":"asphalt","source":"OpenStreetMap"},"geometry":{"type":"LineString","coordinates":[[120.4466974,23.4685906],[120.4466456,23.4684625],[120.4466247,23.4684108],[120.446349,23.4676731],[120.4463312,23.4676255],[120.4463089,23.4675652],[120.4460815,23.4669494],[120.4460547,23.4668767],[120.4458108,23.4662384],[120.4457746,23.4661414],[120.4455076,23.4654258],[120.4454811,23.4653569],[120.4454033,23.4651543]]}},{"type":"Feature","id":548856093,"properties":{"osm_id":548856093,"name":"民生南路","name_en":"Minsheng South Road","highway":"secondary","lanes":"4","oneway":null,"surface":"asphalt","source":"OpenStreetMap"},"geometry":{"type":"LineString","coordinates":[[120.4472087,23.4704791],[120.4472005,23.470255],[120.4471955,23.4701263],[120.4471807,23.4699988],[120.4468372,23.4690029],[120.4467858,23.4688537],[120.4467401,23.4687176],[120.4466974,23.4685906]]}},{"type":"Feature","id":563423873,"properties":{"osm_id":563423873,"name":"民生南路","name_en":"Minsheng South Road","highway":"secondary","lanes":null,"oneway":null,"surface":"asphalt","source":"OpenStreetMap"},"geometry":{"type":"LineString","coordinates":[[120.4469684,23.472469],[120.4470054,23.4721961],[120.4470297,23.4719826],[120.4470934,23.4714253],[120.4472087,23.4704791]]}},{"type":"Feature","id":563461874,"properties":{"osm_id":563461874,"name":"民生南路","name_en":"Minsheng South Road","highway":"secondary","lanes":null,"oneway":"no","surface":"asphalt","source":"OpenStreetMap"},"geometry":{"type":"LineString","coordinates":[[120.4453486,23.465014],[120.4452828,23.4648486],[120.445259,23.4647888],[120.4452049,23.464653],[120.4449699,23.4640625],[120.4449351,23.463975],[120.4448946,23.4638731],[120.4447445,23.463496],[120.4441761,23.4620678],[120.4441477,23.4619964],[120.4441,23.4618765]]}},{"type":"Feature","id":564780228,"properties":{"osm_id":564780228,"name":"民生南路","name_en":"Minsheng South Road","highway":"secondary","lanes":"4","oneway":null,"surface":"asphalt","source":"OpenStreetMap"},"geometry":{"type":"LineString","coordinates":[[120.4468707,23.4734601],[120.4468794,23.4733649],[120.4468839,23.4733162],[120.4469361,23.4727955],[120.4469684,23.472469]]}},{"type":"Feature","id":259491432,"properties":{"osm_id":259491432,"name":"民生南路120巷","name_en":null,"highway":"residential","lanes":null,"oneway":null,"surface":"asphalt","source":"OpenStreetMap"},"geometry":{"type":"LineString","coordinates":[[120.4451697,23.46981],[120.4457796,23.4699095],[120.4468158,23.4699926],[120.4470076,23.4699984],[120.4471807,23.4699988]]}},{"type":"Feature","id":465357729,"properties":{"osm_id":465357729,"name":"民生南路70巷","name_en":null,"highway":"residential","lanes":null,"oneway":null,"surface":"asphalt","source":"OpenStreetMap"},"geometry":{"type":"LineString","coordinates":[[120.4470054,23.4721961],[120.4467572,23.4721642]]}},{"type":"Feature","id":273390669,"properties":{"osm_id":273390669,"name":"永吉一街","name_en":null,"highway":"residential","lanes":null,"oneway":null,"surface":"asphalt","source":"OpenStreetMap"},"geometry":{"type":"LineString","coordinates":[[120.4374628,23.4919013],[120.4374299,23.4921525],[120.4373865,23.492534],[120.4373662,23.4927118],[120.4373641,23.4927955],[120.4374087,23.492856],[120.4375701,23.4928891],[120.4378203,23.4928834]]}},{"type":"Feature","id":273390665,"properties":{"osm_id":273390665,"name":"永吉三街","name_en":null,"highway":"residential","lanes":null,"oneway":null,"surface":"asphalt","source":"OpenStreetMap"},"geometry":{"type":"LineString","coordinates":[[120.4372049,23.4914537],[120.4370384,23.4917415],[120.4369467,23.4918932],[120.4366451,23.4922529],[120.4365398,23.4923786],[120.4364837,23.49257],[120.4363944,23.4932254]]}},{"type":"Feature","id":273390668,"properties":{"osm_id":273390668,"name":"永吉三街","name_en":null,"highway":"residential","lanes":null,"oneway":null,"surface":"asphalt","source":"OpenStreetMap"},"geometry":{"type":"LineString","coordinates":[[120.4370384,23.4917415],[120.4374628,23.4919013],[120.4379226,23.492008]]}},{"type":"Feature","id":221050051,"properties":{"osm_id":221050051,"name":"永和街","name_en":null,"highway":"unclassified","lanes":null,"oneway":"yes","surface":"asphalt","source":"OpenStreetMap"},"geometry":{"type":"LineString","coordinates":[[120.4403623,23.4729298],[120.4403496,23.4730863],[120.4403447,23.4731337],[120.4402978,23.473589],[120.4402438,23.4741139],[120.4401894,23.4745707],[120.4401858,23.4746008],[120.4401383,23.4751407]]}},{"type":"Feature","id":221050208,"properties":{"osm_id":221050208,"name":"永和街","name_en":null,"highway":"unclassified","lanes":null,"oneway":null,"surface":"asphalt","source":"OpenStreetMap"},"geometry":{"type":"LineString","coordinates":[[120.4399648,23.4762463],[120.4400428,23.4760516]]}},{"type":"Feature","id":563715929,"properties":{"osm_id":563715929,"name":"永和街","name_en":null,"highway":"unclassified","lanes":null,"oneway":"yes","surface":"asphalt","source":"OpenStreetMap"},"geometry":{"type":"LineString","coordinates":[[120.4401383,23.4751407],[120.440056,23.4759276],[120.4400428,23.4760516]]}},{"type":"Feature","id":808367974,"properties":{"osm_id":808367974,"name":"永和街22巷","name_en":null,"highway":"residential","lanes":null,"oneway":null,"surface":"asphalt","source":"OpenStreetMap"},"geometry":{"type":"LineString","coordinates":[[120.4408122,23.4736216],[120.4402978,23.473589]]}},{"type":"Feature","id":163224687,"properties":{"osm_id":163224687,"name":"永安街","name_en":null,"highway":"unclassified","lanes":null,"oneway":null,"surface":"asphalt","source":"OpenStreetMap"},"geometry":{"type":"LineString","coordinates":[[120.4494224,23.4707777],[120.4507851,23.4709274],[120.4513701,23.4709578],[120.4514208,23.4709614],[120.4515807,23.4709925],[120.4517624,23.4710419],[120.4519092,23.4711491],[120.4520371,23.4712843],[120.4521048,23.4713976],[120.4521026,23.4714783],[120.4520722,23.4715587],[120.4520664,23.4720214]]}},{"type":"Feature","id":163963497,"properties":{"osm_id":163963497,"name":"永安街","name_en":null,"highway":"unclassified","lanes":null,"oneway":null,"surface":"asphalt","source":"OpenStreetMap"},"geometry":{"type":"LineString","coordinates":[[120.4494224,23.4707777],[120.4484103,23.4705914],[120.4481304,23.4705558],[120.447406,23.4704948],[120.4472087,23.4704791]]}},{"type":"Feature","id":552553357,"properties":{"osm_id":552553357,"name":"永安街","name_en":null,"highway":"unclassified","lanes":null,"oneway":null,"surface":"asphalt","source":"OpenStreetMap"},"geometry":{"type":"LineString","coordinates":[[120.4412686,23.4699527],[120.4409914,23.4700761],[120.4406805,23.4701512],[120.4398864,23.4701364],[120.4397542,23.4701293]]}},{"type":"Feature","id":563573824,"properties":{"osm_id":563573824,"name":"永安街","name_en":null,"highway":"unclassified","lanes":null,"oneway":null,"surface":"asphalt","source":"OpenStreetMap"},"geometry":{"type":"LineString","coordinates":[[120.4427761,23.470072],[120.4420688,23.4700147],[120.4417935,23.4699934],[120.4414959,23.4699703],[120.4412686,23.4699527]]}},{"type":"Feature","id":226969300,"properties":{"osm_id":226969300,"name":"永安街15巷","name_en":null,"highway":"unclassified","lanes":null,"oneway":null,"surface":"asphalt","source":"OpenStreetMap"},"geometry":{"type":"LineString","coordinates":[[120.4521048,23.4713976],[120.4522675,23.4712672],[120.4525201,23.47122],[120.4532239,23.471167]]}},{"type":"Feature","id":241924190,"properties":{"osm_id":241924190,"name":"溫州一街","name_en":"Wenzhou 1st Street","highway":"residential","lanes":"2","oneway":"no","surface":"asphalt","source":"OpenStreetMap"},"geometry":{"type":"LineString","coordinates":[[120.4375648,23.4614612],[120.4375573,23.4615906],[120.4375504,23.4617098],[120.4375219,23.4619777],[120.4374283,23.4628729],[120.437327,23.4639446],[120.4372252,23.4650078],[120.4372006,23.4652651],[120.4371943,23.4653302]]}},{"type":"Feature","id":563812005,"properties":{"osm_id":563812005,"name":"溫州一街","name_en":null,"highway":"residential","lanes":"2","oneway":"no","surface":"asphalt","source":"OpenStreetMap"},"geometry":{"type":"LineString","coordinates":[[120.4371822,23.465493],[120.4371775,23.4655816]]}},{"type":"Feature","id":563812006,"properties":{"osm_id":563812006,"name":"溫州一街","name_en":null,"highway":"residential","lanes":"2","oneway":"no","surface":"asphalt","source":"OpenStreetMap"},"geometry":{"type":"LineString","coordinates":[[120.4371943,23.4653302],[120.4371871,23.4654134],[120.4371822,23.465493]]}},{"type":"Feature","id":563812013,"properties":{"osm_id":563812013,"name":"漢口路","name_en":"Hankou Road","highway":"residential","lanes":null,"oneway":"no","surface":"asphalt","source":"OpenStreetMap"},"geometry":{"type":"LineString","coordinates":[[120.4336006,23.4642953],[120.4335423,23.4643692],[120.4331649,23.4647928],[120.4327421,23.4652918],[120.4325593,23.4654982],[120.4322162,23.4659029],[120.4317272,23.4662621],[120.4308616,23.4668889],[120.4303967,23.4672019]]}},{"type":"Feature","id":567451186,"properties":{"osm_id":567451186,"name":"玉山路","name_en":"Yushan Road","highway":"tertiary","lanes":"4","oneway":null,"surface":"asphalt","source":"OpenStreetMap"},"geometry":{"type":"LineString","coordinates":[[120.4290571,23.4726858],[120.4292031,23.4727174],[120.4296659,23.4728042],[120.429856,23.4728524],[120.4299004,23.4728656],[120.4300625,23.4728973],[120.4301628,23.4729167],[120.4303411,23.4729567],[120.4306378,23.4730266],[120.4322562,23.4734659],[120.4325738,23.473528],[120.4328072,23.4736301]]}},{"type":"Feature","id":383575576,"properties":{"osm_id":383575576,"name":"福全街","name_en":null,"highway":"residential","lanes":null,"oneway":null,"surface":"asphalt","source":"OpenStreetMap"},"geometry":{"type":"LineString","coordinates":[[120.4328493,23.4778454],[120.4321801,23.478279],[120.4317966,23.4784863],[120.4313911,23.4785844],[120.4301499,23.478933],[120.4299519,23.4789967],[120.4298391,23.4790254],[120.4292422,23.4792434],[120.4291667,23.4792645],[120.4290719,23.4792961]]}},{"type":"Feature","id":241572567,"properties":{"osm_id":241572567,"name":"福嘉街","name_en":null,"highway":"residential","lanes":null,"oneway":null,"surface":"asphalt","source":"OpenStreetMap"},"geometry":{"type":"LineString","coordinates":[[120.4331628,23.4783146],[120.4331447,23.4782424],[120.4330901,23.4781606],[120.4330608,23.4781166],[120.4328493,23.4778454],[120.4321174,23.4767271],[120.4320852,23.4766691]]}},{"type":"Feature","id":286816329,"properties":{"osm_id":286816329,"name":"福州八街","name_en":null,"highway":"residential","lanes":null,"oneway":null,"surface":"asphalt","source":"OpenStreetMap"},"geometry":{"type":"LineString","coordinates":[[120.4327421,23.4652918],[120.432285,23.4649323],[120.431458,23.4641768],[120.4308623,23.4635534]]}},{"type":"Feature","id":410977267,"properties":{"osm_id":410977267,"name":"秀園新村","name_en":null,"highway":"residential","lanes":null,"oneway":null,"surface":"asphalt","source":"OpenStreetMap"},"geometry":{"type":"LineString","coordinates":[[120.4501319,23.4936386],[120.4501404,23.4941111],[120.4502765,23.4941247],[120.4511234,23.4941695]]}},{"type":"Feature","id":916135162,"properties":{"osm_id":916135162,"name":"立仁街60巷","name_en":null,"highway":"residential","lanes":null,"oneway":null,"surface":"asphalt","source":"OpenStreetMap"},"geometry":{"type":"LineString","coordinates":[[120.4652888,23.4653087],[120.4648705,23.4663465]]}},{"type":"Feature","id":176604464,"properties":{"osm_id":176604464,"name":"立仁路","name_en":"LiRen Road","highway":"residential","lanes":null,"oneway":null,"surface":"asphalt","source":"OpenStreetMap"},"geometry":{"type":"LineString","coordinates":[[120.4673156,23.4660576],[120.467284,23.4660149],[120.4672594,23.4659779],[120.4664819,23.4657139],[120.4657798,23.4654755],[120.4652888,23.4653087],[120.4644385,23.4650112],[120.4637446,23.4647702],[120.4629726,23.4644958],[120.4626399,23.4644041],[120.4624377,23.4643345],[120.4606198,23.4637079],[120.4603891,23.4636284],[120.4593172,23.4632449],[120.4587524,23.4630572],[120.4572911,23.4625362]]}},{"type":"Feature","id":805199758,"properties":{"osm_id":805199758,"name":"立仁路42巷","name_en":null,"highway":"residential","lanes":null,"oneway":null,"surface":"asphalt","source":"OpenStreetMap"},"geometry":{"type":"LineString","coordinates":[[120.4657367,23.4663092],[120.4657101,23.4660561],[120.4657369,23.4656674],[120.4657798,23.4654755]]}},{"type":"Feature","id":166112156,"properties":{"osm_id":166112156,"name":"竹圍路","name_en":"Zhuwei Road","highway":"unclassified","lanes":null,"oneway":null,"surface":"asphalt","source":"OpenStreetMap"},"geometry":{"type":"LineString","coordinates":[[120.4246588,23.4870807],[120.424715,23.4870389],[120.4249017,23.4869],[120.4250059,23.4868113],[120.4250977,23.4867299],[120.4252062,23.4866338],[120.4253804,23.4865077],[120.4255265,23.4864193],[120.4257955,23.4863302],[120.4268161,23.4863933],[120.427393,23.4864354],[120.4275954,23.4864567],[120.4277948,23.4864717],[120.4283243,23.4865078],[120.4291636,23.4865854],[120.4293587,23.4865998],[120.4299041,23.4866373],[120.4299571,23.4866413],[120.4304573,23.486689],[120.4305245,23.4866914],[120.4306188,23.4867036],[120.4306856,23.4867097],[120.4307375,23.486732],[120.4312547,23.4870168],[120.4315397,23.4871711],[120.43172,23.4872725],[120.4319426,23.4873951],[120.432133,23.487491],[120.4323236,23.4876149],[120.4326959,23.487815],[120.4330572,23.4880123],[120.433467,23.4882636]]}},{"type":"Feature","id":1037243605,"properties":{"osm_id":1037243605,"name":"竹圍路13巷","name_en":null,"highway":"residential","lanes":null,"oneway":null,"surface":null,"source":"OpenStreetMap"},"geometry":{"type":"LineString","coordinates":[[120.4330572,23.4880123],[120.4333116,23.4876587],[120.4331347,23.4875601]]}},{"type":"Feature","id":275173140,"properties":{"osm_id":275173140,"name":"竹文街","name_en":null,"highway":"unclassified","lanes":null,"oneway":null,"surface":"asphalt","source":"OpenStreetMap"},"geometry":{"type":"LineString","coordinates":[[120.4413583,23.4818078],[120.4417612,23.4822311],[120.4423623,23.4828797],[120.4428397,23.4834003]]}},{"type":"Feature","id":944323833,"properties":{"osm_id":944323833,"name":"竹文街","name_en":null,"highway":"residential","lanes":null,"oneway":null,"surface":"asphalt","source":"OpenStreetMap"},"geometry":{"type":"LineString","coordinates":[[120.4413583,23.4818078],[120.4410048,23.4821055],[120.4406592,23.482396],[120.4405373,23.4825021],[120.4404921,23.4825383]]}},{"type":"Feature","id":558645921,"properties":{"osm_id":558645921,"name":"維和路","name_en":null,"highway":"residential","lanes":null,"oneway":null,"surface":"asphalt","source":"OpenStreetMap"},"geometry":{"type":"LineString","coordinates":[[120.4546406,23.4873311],[120.4547804,23.4872936],[120.4549174,23.4872901],[120.4552661,23.4872495],[120.4554874,23.4872466],[120.4557221,23.4872876],[120.4559989,23.4873859],[120.4562756,23.4874842],[120.4566501,23.4876173],[120.4567657,23.4876583],[120.4569192,23.4877],[120.4571988,23.4877967],[120.4574851,23.4878958]]}},{"type":"Feature","id":435274735,"properties":{"osm_id":435274735,"name":"維忠街","name_en":null,"highway":"residential","lanes":"2","oneway":null,"surface":"asphalt","source":"OpenStreetMap"},"geometry":{"type":"LineString","coordinates":[[120.46205,23.4840073],[120.4621041,23.4832312],[120.4621989,23.4826124],[120.4622116,23.4825291]]}},{"type":"Feature","id":147700034,"properties":{"osm_id":147700034,"name":"維新路","name_en":"Weixin Road","highway":"tertiary","lanes":null,"oneway":"yes","surface":"asphalt","source":"OpenStreetMap"},"geometry":{"type":"LineString","coordinates":[[120.4588421,23.4821553],[120.4587564,23.4828227],[120.4586411,23.4836099],[120.4584857,23.4845689],[120.4584813,23.484627],[120.4584701,23.4847768],[120.45841,23.4851867],[120.4584019,23.485242],[120.4583962,23.4852809],[120.4583895,23.4853263],[120.4582606,23.4862067],[120.4581492,23.4869667]]}},{"type":"Feature","id":281043330,"properties":{"osm_id":281043330,"name":"維新路","name_en":null,"highway":"residential","lanes":null,"oneway":"yes","surface":"asphalt","source":"OpenStreetMap"},"geometry":{"type":"LineString","coordinates":[[120.4531789,23.4908002],[120.4543784,23.4914427],[120.4553684,23.4919731],[120.4560643,23.4919902],[120.4562363,23.4919234]]}},{"type":"Feature","id":544970069,"properties":{"osm_id":544970069,"name":"維新路","name_en":"Weixin Road","highway":"tertiary","lanes":null,"oneway":"yes","surface":"asphalt","source":"OpenStreetMap"},"geometry":{"type":"LineString","coordinates":[[120.4582843,23.4850061],[120.4583617,23.4846109],[120.4583744,23.4845516],[120.4585416,23.4836011],[120.4586539,23.4828115],[120.4587309,23.4821411]]}},{"type":"Feature","id":545124536,"properties":{"osm_id":545124536,"name":"維新路","name_en":null,"highway":"residential","lanes":null,"oneway":"no","surface":"asphalt","source":"OpenStreetMap"},"geometry":{"type":"LineString","coordinates":[[120.4562363,23.4919234],[120.4562979,23.4915312],[120.4564628,23.490482],[120.4566915,23.4898537],[120.4568501,23.4894178],[120.4569844,23.4889985],[120.4570697,23.4887323],[120.4570985,23.4886739],[120.4574851,23.4878958],[120.4578491,23.4871467],[120.4580603,23.4869582]]}},{"type":"Feature","id":802634419,"properties":{"osm_id":802634419,"name":"維新路","name_en":"Weixin Road","highway":"tertiary","lanes":null,"oneway":"yes","surface":"asphalt","source":"OpenStreetMap"},"geometry":{"type":"LineString","coordinates":[[120.4590377,23.4805536],[120.4590209,23.4806877],[120.4589516,23.4812385],[120.4589457,23.4812861],[120.4589401,23.481333],[120.4588421,23.4821553]]}},{"type":"Feature","id":802634421,"properties":{"osm_id":802634421,"name":"維新路","name_en":"Weixin Road","highway":"tertiary","lanes":null,"oneway":"yes","surface":"asphalt","source":"OpenStreetMap"},"geometry":{"type":"LineString","coordinates":[[120.4592291,23.4791954],[120.459223,23.4792475],[120.4591452,23.4798501],[120.4591403,23.4798982],[120.4591353,23.4799443],[120.459056,23.4804393],[120.4590377,23.4805536]]}},{"type":"Feature","id":804085581,"properties":{"osm_id":804085581,"name":"維新路","name_en":"Weixin Road","highway":"tertiary","lanes":null,"oneway":"yes","surface":"asphalt","source":"OpenStreetMap"},"geometry":{"type":"LineString","coordinates":[[120.4587309,23.4821411],[120.4588309,23.4813232],[120.4588365,23.4812773],[120.4588438,23.4812305],[120.4588896,23.4809334],[120.4589216,23.4806773],[120.4589384,23.4805432],[120.4589534,23.4804293],[120.4590187,23.4799323],[120.4590246,23.479887],[120.4590288,23.4798402],[120.4591158,23.479238],[120.4591227,23.4791821]]}},{"type":"Feature","id":1382327304,"properties":{"osm_id":1382327304,"name":"維新路","name_en":"Weixin Road","highway":"tertiary","lanes":null,"oneway":"yes","surface":"asphalt","source":"OpenStreetMap"},"geometry":{"type":"LineString","coordinates":[[120.4580603,23.4869582],[120.4581642,23.4861997],[120.4582522,23.4853125],[120.4582566,23.4852686],[120.4582598,23.4852241],[120.4582843,23.4850061]]}},{"type":"Feature","id":547932009,"properties":{"osm_id":547932009,"name":"維新路130巷","name_en":null,"highway":"residential","lanes":null,"oneway":null,"surface":"asphalt","source":"OpenStreetMap"},"geometry":{"type":"LineString","coordinates":[[120.4604954,23.4850687],[120.460166,23.4850212],[120.4595184,23.4849279],[120.4593072,23.4848975],[120.4584701,23.4847768]]}},{"type":"Feature","id":547932008,"properties":{"osm_id":547932008,"name":"維新路134巷","name_en":null,"highway":"residential","lanes":null,"oneway":null,"surface":"asphalt","source":"OpenStreetMap"},"geometry":{"type":"LineString","coordinates":[[120.4606418,23.4854999],[120.4604776,23.4854578],[120.4604481,23.485454],[120.4601155,23.4854104],[120.4592515,23.4852971],[120.45841,23.4851867]]}},{"type":"Feature","id":545124538,"properties":{"osm_id":545124538,"name":"維新路216巷","name_en":null,"highway":"residential","lanes":null,"oneway":null,"surface":"asphalt","source":"OpenStreetMap"},"geometry":{"type":"LineString","coordinates":[[120.4562979,23.4915312],[120.4564125,23.4915586]]}},{"type":"Feature","id":550543653,"properties":{"osm_id":550543653,"name":"維新路216巷","name_en":null,"highway":"residential","lanes":null,"oneway":null,"surface":"asphalt","source":"OpenStreetMap"},"geometry":{"type":"LineString","coordinates":[[120.4565855,23.4916],[120.4574818,23.4918931],[120.4580932,23.4920301]]}},{"type":"Feature","id":563393523,"properties":{"osm_id":563393523,"name":"義士橋","name_en":"Yishi Bridge","highway":"unclassified","lanes":null,"oneway":null,"surface":"asphalt","source":"OpenStreetMap"},"geometry":{"type":"LineString","coordinates":[[120.4644704,23.485853],[120.4644597,23.4857518]]}},{"type":"Feature","id":82022709,"properties":{"osm_id":82022709,"name":"義教西路","name_en":null,"highway":"residential","lanes":"2","oneway":null,"surface":"asphalt","source":"OpenStreetMap"},"geometry":{"type":"LineString","coordinates":[[120.4668917,23.4950846],[120.4667072,23.4945472],[120.4665508,23.4941474],[120.4663083,23.4935444],[120.4661711,23.4932089],[120.4659506,23.4926573],[120.4658774,23.4924617],[120.46593,23.4923321],[120.466066,23.4921501],[120.4664488,23.4916838],[120.466571,23.4915769],[120.4667079,23.4914097],[120.4668827,23.49102],[120.4669584,23.4908504],[120.4670211,23.4907101],[120.4670827,23.4905887],[120.4671182,23.4904901]]}},{"type":"Feature","id":82250957,"properties":{"osm_id":82250957,"name":"義教西路18巷","name_en":null,"highway":"residential","lanes":null,"oneway":null,"surface":null,"source":"OpenStreetMap"},"geometry":{"type":"LineString","coordinates":[[120.4664482,23.492134],[120.4660988,23.4925973],[120.4659506,23.4926573]]}},{"type":"Feature","id":275729411,"properties":{"osm_id":275729411,"name":"老吸街","name_en":"Laoxi Street","highway":"residential","lanes":null,"oneway":null,"surface":"asphalt","source":"OpenStreetMap"},"geometry":{"type":"LineString","coordinates":[[120.4336506,23.4710165],[120.4338701,23.4711621],[120.4341924,23.4712863],[120.4346131,23.471391],[120.4347187,23.4714173],[120.4349428,23.471473],[120.4351687,23.4715293],[120.4354334,23.4715943],[120.4358384,23.471699],[120.4362913,23.471738],[120.4367104,23.471774],[120.4368169,23.4717832],[120.4369291,23.4717908],[120.4371323,23.4718045],[120.4375718,23.4718364],[120.438082,23.4718505]]}},{"type":"Feature","id":273034137,"properties":{"osm_id":273034137,"name":"自由路","name_en":"Ziyou Road","highway":"tertiary","lanes":null,"oneway":"yes","surface":"asphalt","source":"OpenStreetMap"},"geometry":{"type":"LineString","coordinates":[[120.4426704,23.4841363],[120.4424657,23.4843181],[120.4423954,23.4843814],[120.4423461,23.4844367],[120.4421744,23.4845672],[120.442105,23.4846276]]}},{"type":"Feature","id":273255622,"properties":{"osm_id":273255622,"name":"自由路","name_en":"Ziyou Road","highway":"residential","lanes":null,"oneway":"yes","surface":"asphalt","source":"OpenStreetMap"},"geometry":{"type":"LineString","coordinates":[[120.4309108,23.4927555],[120.4311694,23.4925435],[120.4312371,23.4924805],[120.4323,23.4916696],[120.4327549,23.4913184],[120.4339695,23.4903807],[120.4342667,23.4901513]]}},{"type":"Feature","id":273255623,"properties":{"osm_id":273255623,"name":"自由路","name_en":"Ziyou Road","highway":"residential","lanes":null,"oneway":"yes","surface":"asphalt","source":"OpenStreetMap"},"geometry":{"type":"LineString","coordinates":[[120.4401857,23.4855953],[120.4403062,23.4855473],[120.4405077,23.4855452],[120.4405985,23.4855105],[120.4406667,23.4854716],[120.4407074,23.4854483],[120.4407141,23.4854453],[120.4408399,23.4854088],[120.4409305,23.4853742],[120.4410414,23.4853169]]}},{"type":"Feature","id":275173141,"properties":{"osm_id":275173141,"name":"自由路","name_en":"Ziyou Road","highway":"unclassified","lanes":null,"oneway":"yes","surface":"asphalt","source":"OpenStreetMap"},"geometry":{"type":"LineString","coordinates":[[120.4424219,23.484256],[120.4426206,23.4840439],[120.442632,23.484005],[120.4428538,23.4838327],[120.4436686,23.4831623],[120.4438663,23.4830249],[120.4440151,23.4831964]]}},{"type":"Feature","id":275173142,"properties":{"osm_id":275173142,"name":"自由路","name_en":"Ziyou Road","highway":"unclassified","lanes":null,"oneway":"yes","surface":"asphalt","source":"OpenStreetMap"},"geometry":{"type":"LineString","coordinates":[[120.4434389,23.4836507],[120.4431215,23.4838914],[120.442878,23.4840834],[120.4427736,23.4841587],[120.4424657,23.4843181]]}},{"type":"Feature","id":364965302,"properties":{"osm_id":364965302,"name":"自由路","name_en":"Ziyou Road","highway":"tertiary","lanes":"3","oneway":"yes","surface":"asphalt","source":"OpenStreetMap"},"geometry":{"type":"LineString","coordinates":[[120.4308212,23.4931495],[120.4310485,23.4929754],[120.4310775,23.4929532],[120.4324809,23.4918784],[120.4345659,23.4902817],[120.4352704,23.4896857],[120.435434,23.4895574],[120.4355974,23.4894081],[120.4370239,23.4883992],[120.4379082,23.4877219],[120.4379903,23.487659],[120.4380805,23.4875899],[120.4389511,23.4869232],[120.4407269,23.4855591],[120.4407774,23.4855218]]}},{"type":"Feature","id":364965306,"properties":{"osm_id":364965306,"name":"自由路","name_en":"Ziyou Road","highway":"tertiary","lanes":null,"oneway":"yes","surface":"asphalt","source":"OpenStreetMap"},"geometry":{"type":"LineString","coordinates":[[120.4410414,23.4853169],[120.4410816,23.4852952],[120.4417729,23.4847597],[120.4420319,23.4845515],[120.4421162,23.4844938],[120.4422916,23.4843579]]}},{"type":"Feature","id":545181167,"properties":{"osm_id":545181167,"name":"自由路","name_en":"Ziyou Road","highway":"unclassified","lanes":null,"oneway":"yes","surface":"asphalt","source":"OpenStreetMap"},"geometry":{"type":"LineString","coordinates":[[120.4436686,23.4831623],[120.4438282,23.483342]]}},{"type":"Feature","id":545181168,"properties":{"osm_id":545181168,"name":"自由路","name_en":"Ziyou Road","highway":"unclassified","lanes":null,"oneway":"yes","surface":"asphalt","source":"OpenStreetMap"},"geometry":{"type":"LineString","coordinates":[[120.4440151,23.4831964],[120.4438282,23.483342],[120.4434389,23.4836507]]}},{"type":"Feature","id":563265512,"properties":{"osm_id":563265512,"name":"自由路","name_en":"Ziyou Road","highway":"residential","lanes":null,"oneway":"yes","surface":"asphalt","source":"OpenStreetMap"},"geometry":{"type":"LineString","coordinates":[[120.4411153,23.4854083],[120.4410349,23.4854964],[120.4409809,23.4855609],[120.4408982,23.4856579],[120.4408554,23.4857005],[120.4407857,23.4857872],[120.4407132,23.486086]]}},{"type":"Feature","id":563265538,"properties":{"osm_id":563265538,"name":"自由路","name_en":"Ziyou Road","highway":"tertiary","lanes":"3","oneway":"yes","surface":"asphalt","source":"OpenStreetMap"},"geometry":{"type":"LineString","coordinates":[[120.4408442,23.4855974],[120.4407987,23.4856385],[120.4390398,23.486996],[120.4381604,23.4876746],[120.4380672,23.4877466],[120.4379887,23.4878072],[120.4371052,23.4884889],[120.4369023,23.4886454],[120.4356897,23.4895275],[120.4355268,23.4896572],[120.4353697,23.4897931],[120.434705,23.490341]]}},{"type":"Feature","id":563265539,"properties":{"osm_id":563265539,"name":"自由路","name_en":"Ziyou Road","highway":"residential","lanes":null,"oneway":"yes","surface":"asphalt","source":"OpenStreetMap"},"geometry":{"type":"LineString","coordinates":[[120.4410362,23.485826],[120.4409964,23.4858683],[120.4407132,23.486086],[120.439294,23.4871784],[120.4383661,23.4878927],[120.4382736,23.4879639],[120.4381943,23.4880249],[120.4373052,23.4887093],[120.4369455,23.4889861],[120.4358871,23.4897614],[120.4357206,23.4898835],[120.4355659,23.4899993],[120.4350007,23.4904831]]}},{"type":"Feature","id":563265566,"properties":{"osm_id":563265566,"name":"自由路","name_en":null,"highway":"tertiary","lanes":null,"oneway":"yes","surface":"asphalt","source":"OpenStreetMap"},"geometry":{"type":"LineString","coordinates":[[120.4408732,23.4854472],[120.4409455,23.4853895],[120.4410414,23.4853169]]}},{"type":"Feature","id":563265571,"properties":{"osm_id":563265571,"name":"自由路","name_en":null,"highway":"tertiary","lanes":null,"oneway":"yes","surface":"asphalt","source":"OpenStreetMap"},"geometry":{"type":"LineString","coordinates":[[120.4411153,23.4854083],[120.4410208,23.4854771],[120.4409419,23.485524],[120.4408442,23.4855974]]}},{"type":"Feature","id":563573844,"properties":{"osm_id":563573844,"name":"自由路","name_en":"Ziyou Road","highway":"residential","lanes":null,"oneway":"yes","surface":"asphalt","source":"OpenStreetMap"},"geometry":{"type":"LineString","coordinates":[[120.4342667,23.4901513],[120.4350943,23.4894908],[120.4352472,23.4893558],[120.4354204,23.4892199],[120.4368313,23.4881869],[120.4377068,23.4875085],[120.4377991,23.487437],[120.4378803,23.4873777],[120.4387228,23.4867616],[120.4401857,23.4855953],[120.4405328,23.485299],[120.4405741,23.4852638]]}},{"type":"Feature","id":563599401,"properties":{"osm_id":563599401,"name":"自由路","name_en":"Ziyou Road","highway":"tertiary","lanes":null,"oneway":"yes","surface":"asphalt","source":"OpenStreetMap"},"geometry":{"type":"LineString","coordinates":[[120.434705,23.490341],[120.43258,23.4919758],[120.4319039,23.4924958],[120.4311694,23.4930609],[120.4311424,23.4930817],[120.4309216,23.4932515]]}},{"type":"Feature","id":563599405,"properties":{"osm_id":563599405,"name":"自由路","name_en":"Ziyou Road","highway":"residential","lanes":null,"oneway":"yes","surface":"asphalt","source":"OpenStreetMap"},"geometry":{"type":"LineString","coordinates":[[120.4350007,23.4904831],[120.4339006,23.4912964],[120.4327845,23.4921684],[120.4319895,23.4927569],[120.4316452,23.4930317],[120.4313581,23.4932587]]}},{"type":"Feature","id":570487314,"properties":{"osm_id":570487314,"name":"自由路","name_en":"Ziyou Road","highway":"tertiary","lanes":null,"oneway":"yes","surface":"asphalt","source":"OpenStreetMap"},"geometry":{"type":"LineString","coordinates":[[120.4422916,23.4843579],[120.4423408,23.4843261],[120.4424219,23.484256],[120.442633,23.4840942]]}},{"type":"Feature","id":717901641,"properties":{"osm_id":717901641,"name":"自由路","name_en":null,"highway":"tertiary","lanes":null,"oneway":"yes","surface":"asphalt","source":"OpenStreetMap"},"geometry":{"type":"LineString","coordinates":[[120.4407774,23.4855218],[120.4408732,23.4854472]]}},{"type":"Feature","id":801749504,"properties":{"osm_id":801749504,"name":"自由路","name_en":"Ziyou Road","highway":"tertiary","lanes":null,"oneway":"yes","surface":"asphalt","source":"OpenStreetMap"},"geometry":{"type":"LineString","coordinates":[[120.442105,23.4846276],[120.4418412,23.4848358],[120.4411631,23.4853718],[120.4411471,23.4853845],[120.4411153,23.4854083]]}},{"type":"Feature","id":163193629,"properties":{"osm_id":163193629,"name":"興中街","name_en":"Xingzhong Street","highway":"residential","lanes":null,"oneway":"yes","surface":"asphalt","source":"OpenStreetMap"},"geometry":{"type":"LineString","coordinates":[[120.451817,23.4740587],[120.451807,23.4741731],[120.4517637,23.4745339],[120.4517604,23.4745601],[120.4516902,23.4751251],[120.4516833,23.4751805],[120.4515906,23.4760353],[120.4515804,23.4761296],[120.4515011,23.4769009],[120.4514358,23.4776166],[120.4513637,23.4783289],[120.4512862,23.4789949],[120.4512481,23.47918],[120.4512163,23.4794532],[120.4511754,23.4798272],[120.4510564,23.4805532],[120.4509047,23.4809405],[120.4506975,23.4813204],[120.4505228,23.4816906],[120.4505012,23.4817299],[120.4501583,23.4823555],[120.4499516,23.4833225],[120.4497773,23.4840221],[120.4496451,23.4845456]]}},{"type":"Feature","id":563423868,"properties":{"osm_id":563423868,"name":"興中街","name_en":"Xingzhong Street","highway":"unclassified","lanes":null,"oneway":null,"surface":"asphalt","source":"OpenStreetMap"},"geometry":{"type":"LineString","coordinates":[[120.4520664,23.4720214],[120.4519345,23.4728699],[120.4518488,23.47376],[120.4518498,23.473806],[120.4518343,23.4739147],[120.451817,23.4740587]]}},{"type":"Feature","id":286468001,"properties":{"osm_id":286468001,"name":"興業東路","name_en":"Xingye East Road","highway":"tertiary","lanes":"4","oneway":"no","surface":"asphalt","source":"OpenStreetMap"},"geometry":{"type":"LineString","coordinates":[[120.4543724,23.4693237],[120.4544428,23.4693253],[120.4545146,23.4693336],[120.455432,23.4694396],[120.455609,23.4694564],[120.4560994,23.4695029],[120.4571593,23.4696052],[120.4578722,23.469674],[120.4584479,23.4697295],[120.458702,23.469754],[120.4590918,23.4697916],[120.4591514,23.4697974],[120.4593527,23.4698168],[120.4595523,23.4698367],[120.4609615,23.4699773],[120.4610936,23.4699922]]}},{"type":"Feature","id":550253417,"properties":{"osm_id":550253417,"name":"興業東路","name_en":"Xingye East Road","highway":"tertiary","lanes":"4","oneway":"no","surface":"asphalt","source":"OpenStreetMap"},"geometry":{"type":"LineString","coordinates":[[120.4610936,23.4699922],[120.4612504,23.4700023],[120.4619149,23.4700501],[120.4620214,23.4700543],[120.4621682,23.4700728],[120.4628224,23.4701742],[120.4631854,23.4702423],[120.4636031,23.4703766],[120.4637807,23.4704395],[120.4639768,23.4705334],[120.464423,23.4707683]]}},{"type":"Feature","id":801749477,"properties":{"osm_id":801749477,"name":"興業東路","name_en":"Xingye East Road","highway":"tertiary","lanes":"4","oneway":"no","surface":"asphalt","source":"OpenStreetMap"},"geometry":{"type":"LineString","coordinates":[[120.4543233,23.4693243],[120.4543724,23.4693237]]}},{"type":"Feature","id":801749478,"properties":{"osm_id":801749478,"name":"興業東路","name_en":"Xingye East Road","highway":"tertiary","lanes":"4","oneway":"no","surface":"asphalt","source":"OpenStreetMap"},"geometry":{"type":"LineString","coordinates":[[120.4466974,23.4685906],[120.4469125,23.4686151],[120.4480799,23.4687477],[120.4487899,23.4688075],[120.449581,23.4688741],[120.4496522,23.468881],[120.4512859,23.4690386],[120.4519522,23.4691029],[120.4527485,23.4691797],[120.4541468,23.4693143],[120.4542491,23.4693242],[120.4543233,23.4693243]]}},{"type":"Feature","id":802634416,"properties":{"osm_id":802634416,"name":"興業東路","name_en":"Xingye East Road","highway":"tertiary","lanes":"4","oneway":"no","surface":"asphalt","source":"OpenStreetMap"},"geometry":{"type":"LineString","coordinates":[[120.464423,23.4707683],[120.4645124,23.4708126],[120.4646013,23.4708612],[120.4646824,23.4709034]]}},{"type":"Feature","id":1559135087,"properties":{"osm_id":1559135087,"name":"興業東路175巷","name_en":null,"highway":"residential","lanes":null,"oneway":null,"surface":"asphalt","source":"OpenStreetMap"},"geometry":{"type":"LineString","coordinates":[[120.4527485,23.4691797],[120.4526707,23.4697958],[120.4526249,23.4702238]]}},{"type":"Feature","id":462474909,"properties":{"osm_id":462474909,"name":"興業東路297巷","name_en":null,"highway":"residential","lanes":null,"oneway":null,"surface":"asphalt","source":"OpenStreetMap"},"geometry":{"type":"LineString","coordinates":[[120.4560994,23.4695029],[120.4559736,23.4701129]]}},{"type":"Feature","id":239827693,"properties":{"osm_id":239827693,"name":"興業東路86巷","name_en":null,"highway":"residential","lanes":null,"oneway":null,"surface":"asphalt","source":"OpenStreetMap"},"geometry":{"type":"LineString","coordinates":[[120.4562518,23.4680388],[120.4562047,23.4685232],[120.4561673,23.4689078],[120.4561106,23.4694052],[120.4560994,23.4695029]]}},{"type":"Feature","id":87902377,"properties":{"osm_id":87902377,"name":"興業西路","name_en":null,"highway":"tertiary","lanes":"2","oneway":"yes","surface":"asphalt","source":"OpenStreetMap"},"geometry":{"type":"LineString","coordinates":[[120.4320317,23.4700536],[120.4309062,23.4709045]]}},{"type":"Feature","id":435254050,"properties":{"osm_id":435254050,"name":"興業西路","name_en":"Xingye West Road","highway":"tertiary","lanes":"4","oneway":"yes","surface":"asphalt","source":"OpenStreetMap"},"geometry":{"type":"LineString","coordinates":[[120.4341924,23.468518],[120.4337281,23.4688463],[120.4326387,23.4696151]]}},{"type":"Feature","id":548856084,"properties":{"osm_id":548856084,"name":"興業西路","name_en":"Xingye West Road","highway":"tertiary","lanes":"4","oneway":"no","surface":"asphalt","source":"OpenStreetMap"},"geometry":{"type":"LineString","coordinates":[[120.4358458,23.4675861],[120.4359724,23.4675906],[120.4365117,23.4676274],[120.4365697,23.4676331],[120.4373396,23.4677055],[120.4378063,23.4677566],[120.4379157,23.467761],[120.4380306,23.4677749],[120.4388369,23.4678771],[120.4389995,23.4678887],[120.4393412,23.4679262],[120.4398436,23.4679692],[120.4398852,23.4679727],[120.4399984,23.4679824]]}},{"type":"Feature","id":563300574,"properties":{"osm_id":563300574,"name":"興業西路","name_en":"Xingye West Road","highway":"residential","lanes":null,"oneway":"yes","surface":"asphalt","source":"OpenStreetMap"},"geometry":{"type":"LineString","coordinates":[[120.4325605,23.4697591],[120.432437,23.4696252]]}},{"type":"Feature","id":563300578,"properties":{"osm_id":563300578,"name":"興業西路","name_en":"Xingye West Road","highway":"tertiary","lanes":"4","oneway":"yes","surface":"asphalt","source":"OpenStreetMap"},"geometry":{"type":"LineString","coordinates":[[120.4342516,23.468416],[120.4341924,23.468518]]}},{"type":"Feature","id":563300579,"properties":{"osm_id":563300579,"name":"興業西路","name_en":"Xingye West Road","highway":"tertiary","lanes":null,"oneway":"yes","surface":"asphalt","source":"OpenStreetMap"},"geometry":{"type":"LineString","coordinates":[[120.4341604,23.4684394],[120.4342516,23.468416]]}},{"type":"Feature","id":563300580,"properties":{"osm_id":563300580,"name":"興業西路","name_en":"Xingye West Road","highway":"tertiary","lanes":"4","oneway":null,"surface":"asphalt","source":"OpenStreetMap"},"geometry":{"type":"LineString","coordinates":[[120.4342516,23.468416],[120.4343578,23.4683444],[120.4344906,23.4682526],[120.4346125,23.4681617],[120.4346895,23.4681068],[120.4353222,23.4676561],[120.4354542,23.4676067],[120.4356013,23.4675865],[120.4356517,23.4675864],[120.435665,23.4675864],[120.4358458,23.4675861]]}},{"type":"Feature","id":563300583,"properties":{"osm_id":563300583,"name":"興業西路","name_en":"Xingye West Road","highway":"tertiary","lanes":null,"oneway":"yes","surface":"asphalt","source":"OpenStreetMap"},"geometry":{"type":"LineString","coordinates":[[120.4326076,23.4695584],[120.4334101,23.4690107],[120.4337007,23.4687842],[120.4338892,23.4686428],[120.4341604,23.4684394]]}},{"type":"Feature","id":570487311,"properties":{"osm_id":570487311,"name":"興業西路","name_en":"Xingye West Road","highway":"tertiary","lanes":"4","oneway":"no","surface":"asphalt","source":"OpenStreetMap"},"geometry":{"type":"LineString","coordinates":[[120.4399984,23.4679824],[120.4401233,23.4679915],[120.440251,23.4680025],[120.4403017,23.4680068],[120.44068,23.4680393],[120.4414649,23.468105],[120.4419484,23.4681512],[120.4423838,23.4681922],[120.4429564,23.468239],[120.4441447,23.4683667],[120.4445182,23.4684073],[120.4452446,23.4684624],[120.4453247,23.4684685],[120.4454073,23.4684737],[120.4462971,23.4685482],[120.4464994,23.4685696],[120.4466974,23.4685906]]}},{"type":"Feature","id":504745123,"properties":{"osm_id":504745123,"name":"興業西路13巷","name_en":null,"highway":"unclassified","lanes":null,"oneway":null,"surface":"asphalt","source":"OpenStreetMap"},"geometry":{"type":"LineString","coordinates":[[120.4459792,23.467737],[120.4460349,23.4677969],[120.4462971,23.4685482]]}},{"type":"Feature","id":256691474,"properties":{"osm_id":256691474,"name":"興業西路地下道","name_en":null,"highway":"tertiary","lanes":"2","oneway":"yes","surface":"asphalt","source":"OpenStreetMap"},"geometry":{"type":"LineString","coordinates":[[120.4326387,23.4696151],[120.4323224,23.4698481],[120.4320317,23.4700536]]}},{"type":"Feature","id":563300582,"properties":{"osm_id":563300582,"name":"興業西路地下道","name_en":null,"highway":"tertiary","lanes":null,"oneway":"yes","surface":"asphalt","source":"OpenStreetMap"},"geometry":{"type":"LineString","coordinates":[[120.4319948,23.4700103],[120.4326076,23.4695584]]}},{"type":"Feature","id":189646515,"properties":{"osm_id":189646515,"name":"興通路","name_en":"Xingtong Road","highway":"residential","lanes":null,"oneway":null,"surface":"asphalt","source":"OpenStreetMap"},"geometry":{"type":"LineString","coordinates":[[120.433622,23.4847318],[120.4337704,23.4847418],[120.4344322,23.4847862],[120.4354114,23.4848803]]}},{"type":"Feature","id":549150843,"properties":{"osm_id":549150843,"name":"興達路","name_en":"Xingda Road","highway":"residential","lanes":null,"oneway":null,"surface":"asphalt","source":"OpenStreetMap"},"geometry":{"type":"LineString","coordinates":[[120.4360103,23.4855645],[120.436652,23.4862185],[120.4368281,23.4864139],[120.4377991,23.487437],[120.4379903,23.487659],[120.4380672,23.4877466],[120.4382736,23.4879639],[120.4389951,23.4887107]]}},{"type":"Feature","id":549150847,"properties":{"osm_id":549150847,"name":"興達路","name_en":"Xingda Road","highway":"residential","lanes":null,"oneway":null,"surface":"asphalt","source":"OpenStreetMap"},"geometry":{"type":"LineString","coordinates":[[120.4335441,23.4853522],[120.4338459,23.485376],[120.4353617,23.4854957],[120.4357744,23.4855273],[120.4360103,23.4855645]]}},{"type":"Feature","id":563265519,"properties":{"osm_id":563265519,"name":"興達路","name_en":"Xingda Road","highway":"residential","lanes":null,"oneway":null,"surface":"asphalt","source":"OpenStreetMap"},"geometry":{"type":"LineString","coordinates":[[120.4427955,23.4890655],[120.4419305,23.4889895],[120.4411858,23.4889149]]}},{"type":"Feature","id":563265533,"properties":{"osm_id":563265533,"name":"興達路","name_en":"Xingda Road","highway":"residential","lanes":null,"oneway":null,"surface":"asphalt","source":"OpenStreetMap"},"geometry":{"type":"LineString","coordinates":[[120.4411858,23.4889149],[120.4402661,23.4888289],[120.4389951,23.4887107]]}},{"type":"Feature","id":563274004,"properties":{"osm_id":563274004,"name":"興達路","name_en":"Xingda Road","highway":"residential","lanes":null,"oneway":"no","surface":"asphalt","source":"OpenStreetMap"},"geometry":{"type":"LineString","coordinates":[[120.4427955,23.4890655],[120.44283,23.4890664],[120.4429088,23.4890722],[120.4430183,23.4890805],[120.4431185,23.4890924],[120.4432286,23.4891044]]}},{"type":"Feature","id":563312716,"properties":{"osm_id":563312716,"name":"興達路","name_en":"Xingda Road","highway":"residential","lanes":null,"oneway":null,"surface":"asphalt","source":"OpenStreetMap"},"geometry":{"type":"LineString","coordinates":[[120.44623,23.4893333],[120.4460572,23.489338],[120.4457528,23.4893375],[120.4433012,23.4891089],[120.4432286,23.4891044]]}},{"type":"Feature","id":563599393,"properties":{"osm_id":563599393,"name":"興達路","name_en":"Xingda Road","highway":"residential","lanes":null,"oneway":null,"surface":"asphalt","source":"OpenStreetMap"},"geometry":{"type":"LineString","coordinates":[[120.4275664,23.4848296],[120.4277612,23.4848407],[120.4279659,23.4848575],[120.4285743,23.4848833],[120.42954,23.4849559],[120.4300859,23.4850055],[120.4305837,23.48504],[120.4306992,23.4850483],[120.4307891,23.4850563],[120.4309524,23.4850682],[120.4318069,23.4851579],[120.4333101,23.4853283],[120.4335441,23.4853522]]}},{"type":"Feature","id":166113966,"properties":{"osm_id":166113966,"name":"興雅路","name_en":"Xingya Road","highway":"residential","lanes":null,"oneway":null,"surface":"asphalt","source":"OpenStreetMap"},"geometry":{"type":"LineString","coordinates":[[120.4318341,23.4827467],[120.4325742,23.4828171],[120.4331506,23.4828885],[120.4336912,23.4829585],[120.4337984,23.4829724],[120.4339362,23.4829853],[120.4346059,23.4830477],[120.4356014,23.483128],[120.4359436,23.48315],[120.4361625,23.4831648],[120.4362911,23.4831735]]}},{"type":"Feature","id":176604463,"properties":{"osm_id":176604463,"name":"芳安路","name_en":"Fang'an Road","highway":"residential","lanes":"2","oneway":"no","surface":"asphalt","source":"OpenStreetMap"},"geometry":{"type":"LineString","coordinates":[[120.4658389,23.4690753],[120.4657254,23.4690323],[120.4656428,23.468994],[120.4655307,23.4689513],[120.4654269,23.4689365],[120.4649207,23.4688865],[120.4638668,23.4687907],[120.4638014,23.4687857],[120.4622818,23.468622],[120.4619644,23.4685878],[120.4605942,23.4684401],[120.460215,23.468405],[120.4598516,23.4683714],[120.4596826,23.4683558],[120.4593283,23.4683231],[120.4588441,23.4682783],[120.4572251,23.4681287],[120.4571782,23.4681244],[120.4567983,23.4680893],[120.4564711,23.4680591],[120.4562518,23.4680388],[120.4557215,23.4679898],[120.455568,23.4679756],[120.4551727,23.467939],[120.4550203,23.4679283],[120.4546476,23.4679022],[120.4545812,23.4678973],[120.4544989,23.4678911],[120.4544585,23.4678847],[120.4543898,23.4678749]]}},{"type":"Feature","id":268535855,"properties":{"osm_id":268535855,"name":"芳安路17巷","name_en":null,"highway":"residential","lanes":null,"oneway":null,"surface":"asphalt","source":"OpenStreetMap"},"geometry":{"type":"LineString","coordinates":[[120.4654324,23.4665675],[120.4652883,23.4669395],[120.4652632,23.4676379],[120.4647777,23.4676689]]}},{"type":"Feature","id":268535865,"properties":{"osm_id":268535865,"name":"芳安路17巷","name_en":null,"highway":"residential","lanes":null,"oneway":null,"surface":"asphalt","source":"OpenStreetMap"},"geometry":{"type":"LineString","coordinates":[[120.4648705,23.4663465],[120.4646283,23.4669122],[120.4647218,23.4672845],[120.4647777,23.4676689],[120.4647903,23.4679574],[120.4648582,23.4682648],[120.4649192,23.4684223],[120.4649487,23.4685774],[120.4650071,23.4688411]]}},{"type":"Feature","id":435256944,"properties":{"osm_id":435256944,"name":"芳安路337巷","name_en":null,"highway":"residential","lanes":null,"oneway":null,"surface":"asphalt","source":"OpenStreetMap"},"geometry":{"type":"LineString","coordinates":[[120.4562518,23.4680388],[120.4563235,23.4672512]]}},{"type":"Feature","id":239827698,"properties":{"osm_id":239827698,"name":"芳德街","name_en":"Fangde Street","highway":"residential","lanes":null,"oneway":null,"surface":"asphalt","source":"OpenStreetMap"},"geometry":{"type":"LineString","coordinates":[[120.4615196,23.467384],[120.4606606,23.467285],[120.4603167,23.4672453],[120.4601698,23.4672332],[120.4596672,23.467192],[120.4589429,23.4671325],[120.4582748,23.4670435],[120.4573744,23.4669714],[120.457349,23.4670298],[120.4573014,23.4672543],[120.4569847,23.4672513]]}},{"type":"Feature","id":261721417,"properties":{"osm_id":261721417,"name":"芳興街","name_en":null,"highway":"residential","lanes":null,"oneway":null,"surface":"asphalt","source":"OpenStreetMap"},"geometry":{"type":"LineString","coordinates":[[120.462017,23.4668368],[120.4623295,23.4670624],[120.4624605,23.4671493],[120.4626875,23.4672998],[120.4630362,23.4675521],[120.4630661,23.467734],[120.463143,23.468201],[120.4636268,23.4682391],[120.4640493,23.4682724],[120.4641615,23.4679058]]}},{"type":"Feature","id":268535838,"properties":{"osm_id":268535838,"name":"芳興街","name_en":null,"highway":"residential","lanes":null,"oneway":null,"surface":"asphalt","source":"OpenStreetMap"},"geometry":{"type":"LineString","coordinates":[[120.4641615,23.4679058],[120.4645874,23.4679407],[120.4647903,23.4679574]]}},{"type":"Feature","id":1556521925,"properties":{"osm_id":1556521925,"name":"草地尾","name_en":null,"highway":"residential","lanes":null,"oneway":null,"surface":"asphalt","source":"OpenStreetMap"},"geometry":{"type":"LineString","coordinates":[[120.4641615,23.4679058],[120.4640237,23.4674218],[120.463928,23.4672018],[120.4637989,23.4668818],[120.4636809,23.4668007],[120.4632605,23.4665115],[120.463123,23.4664169],[120.46304,23.466309],[120.4629713,23.4661486]]}},{"type":"Feature","id":263608070,"properties":{"osm_id":263608070,"name":"蘭井街","name_en":"Lanjing Street","highway":"residential","lanes":null,"oneway":null,"surface":"asphalt","source":"OpenStreetMap"},"geometry":{"type":"LineString","coordinates":[[120.4573474,23.4782678],[120.4576989,23.4783243],[120.4581184,23.4783945]]}},{"type":"Feature","id":563440788,"properties":{"osm_id":563440788,"name":"蘭井街","name_en":"Lanjing Street","highway":"residential","lanes":null,"oneway":"yes","surface":"asphalt","source":"OpenStreetMap"},"geometry":{"type":"LineString","coordinates":[[120.440133,23.4766091],[120.4410284,23.4766901],[120.4420665,23.4767729],[120.4432503,23.4768905],[120.444387,23.4769731],[120.4450709,23.4770426],[120.4453703,23.4770572],[120.4463456,23.4771313],[120.4463749,23.4771335],[120.446472,23.4771425],[120.4475993,23.4772489],[120.4487207,23.4773564],[120.449865,23.4774661],[120.4514358,23.4776166],[120.4523826,23.4777073],[120.4534309,23.4778167],[120.4546052,23.4779203],[120.455694,23.4780681],[120.4563947,23.4781537],[120.4573474,23.4782678]]}},{"type":"Feature","id":273251541,"properties":{"osm_id":273251541,"name":"蘭州一街","name_en":null,"highway":"residential","lanes":null,"oneway":null,"surface":"asphalt","source":"OpenStreetMap"},"geometry":{"type":"LineString","coordinates":[[120.4338892,23.4686428],[120.4335189,23.4682342],[120.4329514,23.4676096],[120.4320899,23.4666613],[120.4317272,23.4662621],[120.4313548,23.4658521],[120.4308701,23.4653186],[120.4304925,23.464903],[120.429923,23.4642761]]}},{"type":"Feature","id":285171613,"properties":{"osm_id":285171613,"name":"蘭州二街","name_en":null,"highway":"residential","lanes":null,"oneway":null,"surface":"asphalt","source":"OpenStreetMap"},"geometry":{"type":"LineString","coordinates":[[120.4316492,23.4669827],[120.4325317,23.4679196]]}},{"type":"Feature","id":286816335,"properties":{"osm_id":286816335,"name":"蘭州五街","name_en":null,"highway":"residential","lanes":null,"oneway":null,"surface":"asphalt","source":"OpenStreetMap"},"geometry":{"type":"LineString","coordinates":[[120.4316372,23.4685818],[120.4321969,23.4692113]]}},{"type":"Feature","id":273251538,"properties":{"osm_id":273251538,"name":"蘭州四街","name_en":"Lanzhou 4th Street","highway":"residential","lanes":null,"oneway":null,"surface":"asphalt","source":"OpenStreetMap"},"geometry":{"type":"LineString","coordinates":[[120.4288581,23.4646782],[120.4290782,23.4649456],[120.429632,23.4655459],[120.4299676,23.4659127],[120.4304995,23.4664953],[120.4308616,23.4668889],[120.4311977,23.4672781],[120.4317311,23.4678943],[120.4320807,23.468254],[120.4326183,23.4689038]]}},{"type":"Feature","id":163225097,"properties":{"osm_id":163225097,"name":"融和街","name_en":null,"highway":"residential","lanes":null,"oneway":null,"surface":"asphalt","source":"OpenStreetMap"},"geometry":{"type":"LineString","coordinates":[[120.4597208,23.4746393],[120.459707,23.4747673],[120.4596954,23.4748755],[120.4596829,23.4749913],[120.4596625,23.4751815],[120.4595923,23.4758333],[120.4594827,23.4768525],[120.4593937,23.4776797]]}},{"type":"Feature","id":163106323,"properties":{"osm_id":163106323,"name":"西榮街","name_en":"Xirong Street","highway":"residential","lanes":null,"oneway":"yes","surface":"asphalt","source":"OpenStreetMap"},"geometry":{"type":"LineString","coordinates":[[120.4451033,23.4794735],[120.4451842,23.4787244],[120.4452521,23.4781732],[120.4452957,23.4777612],[120.4453703,23.4770572],[120.4454359,23.4763493],[120.4455217,23.4756287],[120.4455666,23.4752044],[120.4455728,23.475146],[120.4456305,23.4746017],[120.4456644,23.4741748],[120.4456999,23.4737276],[120.4457033,23.4736839],[120.4457168,23.473573]]}},{"type":"Feature","id":163714545,"properties":{"osm_id":163714545,"name":"西榮街","name_en":"Xirong Street","highway":"unclassified","lanes":null,"oneway":null,"surface":"asphalt","source":"OpenStreetMap"},"geometry":{"type":"LineString","coordinates":[[120.4451033,23.4794735],[120.4450488,23.4800536],[120.4450056,23.48046],[120.4449581,23.4809146],[120.4449181,23.4812058],[120.4448553,23.4817592]]}},{"type":"Feature","id":163106118,"properties":{"osm_id":163106118,"name":"西門街","name_en":"Ximen Street","highway":"residential","lanes":null,"oneway":"yes","surface":"asphalt","source":"OpenStreetMap"},"geometry":{"type":"LineString","coordinates":[[120.4433874,23.4754442],[120.4433278,23.4761827],[120.4432503,23.4768905],[120.4432076,23.4772938],[120.4431763,23.4775734],[120.4430634,23.478576],[120.4430539,23.4786894],[120.4430456,23.4787886],[120.4430071,23.479178],[120.442996,23.4792911]]}},{"type":"Feature","id":163224398,"properties":{"osm_id":163224398,"name":"西門街","name_en":"Ximen Street","highway":"residential","lanes":"2","oneway":null,"surface":"asphalt","source":"OpenStreetMap"},"geometry":{"type":"LineString","coordinates":[[120.4441447,23.4683667],[120.4441086,23.4687043],[120.4440576,23.4692035],[120.4440066,23.4697216],[120.4439533,23.4701956]]}},{"type":"Feature","id":552553360,"properties":{"osm_id":552553360,"name":"西門街","name_en":"Ximen Street","highway":"unclassified","lanes":null,"oneway":"yes","surface":"asphalt","source":"OpenStreetMap"},"geometry":{"type":"LineString","coordinates":[[120.4436222,23.4733673],[120.4436101,23.4734952],[120.443608,23.4735179],[120.4435239,23.4744068],[120.4433874,23.4754442]]}},{"type":"Feature","id":552553363,"properties":{"osm_id":552553363,"name":"西門街","name_en":"Ximen Street","highway":"residential","lanes":null,"oneway":null,"surface":"asphalt","source":"OpenStreetMap"},"geometry":{"type":"LineString","coordinates":[[120.4437388,23.4724728],[120.4436587,23.4731289],[120.4436586,23.4731571],[120.4436508,23.4732095],[120.4436222,23.4733673]]}},{"type":"Feature","id":689958030,"properties":{"osm_id":689958030,"name":"西門街","name_en":"Ximen Street","highway":"residential","lanes":null,"oneway":"yes","surface":"asphalt","source":"OpenStreetMap"},"geometry":{"type":"LineString","coordinates":[[120.4439533,23.4701956],[120.4440291,23.470284],[120.4439855,23.4707035],[120.4439349,23.47119],[120.4438811,23.4717074],[120.4438356,23.472148],[120.4438087,23.4724035],[120.4437388,23.4724728]]}},{"type":"Feature","id":689958034,"properties":{"osm_id":689958034,"name":"西門街","name_en":"Ximen Street","highway":"residential","lanes":null,"oneway":"yes","surface":"asphalt","source":"OpenStreetMap"},"geometry":{"type":"LineString","coordinates":[[120.4437388,23.4724728],[120.4436833,23.4724053],[120.4437107,23.4721354],[120.4437537,23.4716983],[120.4438055,23.4711778],[120.4438539,23.4706922],[120.4438973,23.4702564],[120.4439533,23.4701956]]}},{"type":"Feature","id":285171606,"properties":{"osm_id":285171606,"name":"貴州街","name_en":"Guizhou Street","highway":"residential","lanes":null,"oneway":null,"surface":"asphalt","source":"OpenStreetMap"},"geometry":{"type":"LineString","coordinates":[[120.4358999,23.4670673],[120.4353704,23.4670289],[120.4341609,23.466957],[120.4339851,23.4669636],[120.4338512,23.4669921],[120.4337517,23.4670363],[120.4335169,23.4672027],[120.4334936,23.4672193],[120.4334179,23.4672729],[120.4333345,23.4673331],[120.4333008,23.4673574],[120.4329514,23.4676096],[120.4325317,23.4679196],[120.4320807,23.468254],[120.4316372,23.4685818]]}},{"type":"Feature","id":286816331,"properties":{"osm_id":286816331,"name":"貴州街11巷","name_en":null,"highway":"residential","lanes":null,"oneway":null,"surface":"asphalt","source":"OpenStreetMap"},"geometry":{"type":"LineString","coordinates":[[120.4353704,23.4670289],[120.4354375,23.4665049],[120.4355149,23.4661525]]}},{"type":"Feature","id":259491431,"properties":{"osm_id":259491431,"name":"賢雅街","name_en":null,"highway":"unclassified","lanes":null,"oneway":null,"surface":"asphalt","source":"OpenStreetMap"},"geometry":{"type":"LineString","coordinates":[[120.4426568,23.4710651],[120.4438055,23.4711778],[120.4439349,23.47119],[120.4450011,23.4712766]]}},{"type":"Feature","id":163964445,"properties":{"osm_id":163964445,"name":"車店街","name_en":"Chedian Street","highway":"residential","lanes":null,"oneway":null,"surface":"asphalt","source":"OpenStreetMap"},"geometry":{"type":"LineString","coordinates":[[120.4350632,23.4654336],[120.434947,23.4655167],[120.4344389,23.465725],[120.4343195,23.4658947],[120.4342829,23.4659469],[120.434154,23.4663749],[120.4341544,23.4663991],[120.434158,23.4666479],[120.434162,23.4669226],[120.4341609,23.466957],[120.4341484,23.4673411],[120.4341406,23.467582],[120.4346125,23.4681617]]}},{"type":"Feature","id":563812000,"properties":{"osm_id":563812000,"name":"車店街","name_en":"Chedian Street","highway":"residential","lanes":null,"oneway":null,"surface":"asphalt","source":"OpenStreetMap"},"geometry":{"type":"LineString","coordinates":[[120.4351045,23.4653222],[120.4350632,23.4654336]]}},{"type":"Feature","id":550809969,"properties":{"osm_id":550809969,"name":"通化一街","name_en":null,"highway":"residential","lanes":null,"oneway":null,"surface":"asphalt","source":"OpenStreetMap"},"geometry":{"type":"LineString","coordinates":[[120.4350377,23.4922214],[120.4349434,23.4925751],[120.4348213,23.4930458]]}},{"type":"Feature","id":273390671,"properties":{"osm_id":273390671,"name":"通化三街","name_en":null,"highway":"residential","lanes":"2","oneway":null,"surface":"asphalt","source":"OpenStreetMap"},"geometry":{"type":"LineString","coordinates":[[120.4354681,23.4922994],[120.4350377,23.4922214]]}},{"type":"Feature","id":273390674,"properties":{"osm_id":273390674,"name":"通化二街","name_en":null,"highway":"residential","lanes":null,"oneway":null,"surface":"asphalt","source":"OpenStreetMap"},"geometry":{"type":"LineString","coordinates":[[120.4358471,23.4914979],[120.4355064,23.4913565],[120.4351966,23.4912216],[120.43505,23.4911698],[120.4349852,23.4911854],[120.4342338,23.4917393],[120.4342254,23.4917911],[120.4343607,23.4919255],[120.4350377,23.4922214]]}},{"type":"Feature","id":166116567,"properties":{"osm_id":166116567,"name":"通化四街","name_en":null,"highway":"unclassified","lanes":null,"oneway":null,"surface":"asphalt","source":"OpenStreetMap"},"geometry":{"type":"LineString","coordinates":[[120.4357313,23.4907467],[120.4353921,23.4906243],[120.4350007,23.4904831]]}},{"type":"Feature","id":563599407,"properties":{"osm_id":563599407,"name":"通化四街","name_en":null,"highway":"unclassified","lanes":null,"oneway":null,"surface":"asphalt","source":"OpenStreetMap"},"geometry":{"type":"LineString","coordinates":[[120.4357313,23.4907467],[120.4360805,23.4908327],[120.436266,23.4910441]]}},{"type":"Feature","id":563461873,"properties":{"osm_id":563461873,"name":"道圳橋","name_en":null,"highway":"secondary","lanes":null,"oneway":"no","surface":"asphalt","source":"OpenStreetMap"},"geometry":{"type":"LineString","coordinates":[[120.4454033,23.4651543],[120.4453486,23.465014]]}},{"type":"Feature","id":166115033,"properties":{"osm_id":166115033,"name":"遠東街","name_en":"Yuandong Street","highway":"residential","lanes":null,"oneway":null,"surface":"asphalt","source":"OpenStreetMap"},"geometry":{"type":"LineString","coordinates":[[120.4411858,23.4889149],[120.4411854,23.4888359],[120.4411982,23.4887638],[120.4411863,23.4886679]]}},{"type":"Feature","id":549150841,"properties":{"osm_id":549150841,"name":"遠東街","name_en":"Yuandong Street","highway":"residential","lanes":null,"oneway":null,"surface":"asphalt","source":"OpenStreetMap"},"geometry":{"type":"LineString","coordinates":[[120.4411863,23.4886679],[120.440991,23.4884569],[120.4399006,23.4876113],[120.439294,23.4871784],[120.4390398,23.486996],[120.4389511,23.4869232],[120.4387228,23.4867616],[120.4382326,23.4864031],[120.4381487,23.4863417],[120.4378002,23.4860868],[120.4376668,23.4859892],[120.4374567,23.4858009],[120.4367137,23.48524],[120.436205,23.4848902],[120.4361153,23.4848285],[120.4359814,23.4847139],[120.4358071,23.4845646],[120.4356702,23.4845227],[120.4354532,23.4844969],[120.4344681,23.4844279],[120.4341445,23.4843941],[120.4338385,23.4843621],[120.4338064,23.48436],[120.4336512,23.4843499]]}},{"type":"Feature","id":273256849,"properties":{"osm_id":273256849,"name":"遠東街11巷","name_en":null,"highway":"residential","lanes":null,"oneway":null,"surface":"asphalt","source":"OpenStreetMap"},"geometry":{"type":"LineString","coordinates":[[120.4399006,23.4876113],[120.4399728,23.4874956],[120.4404489,23.4868394]]}},{"type":"Feature","id":544965031,"properties":{"osm_id":544965031,"name":"遼寧一街","name_en":null,"highway":"residential","lanes":null,"oneway":null,"surface":"asphalt","source":"OpenStreetMap"},"geometry":{"type":"LineString","coordinates":[[120.4392765,23.4921767],[120.4392187,23.4925593],[120.4391571,23.4929633],[120.4391364,23.4930891],[120.4390996,23.4934041],[120.4390434,23.4938902],[120.4401452,23.4939939],[120.4407383,23.4940426],[120.4418131,23.4941382],[120.4418672,23.4936599]]}},{"type":"Feature","id":573002919,"properties":{"osm_id":573002919,"name":"遼寧二街","name_en":null,"highway":"residential","lanes":null,"oneway":null,"surface":"asphalt","source":"OpenStreetMap"},"geometry":{"type":"LineString","coordinates":[[120.4392187,23.4925593],[120.4403354,23.4926893],[120.4402918,23.4930775],[120.4391571,23.4929633]]}},{"type":"Feature","id":163963852,"properties":{"osm_id":163963852,"name":"重慶路","name_en":"Chongqing Road","highway":"tertiary","lanes":"2","oneway":"no","surface":"asphalt","source":"OpenStreetMap"},"geometry":{"type":"LineString","coordinates":[[120.4403635,23.4657854],[120.4402502,23.4657771],[120.4401521,23.4657683],[120.4401224,23.4657665],[120.4391935,23.4657087],[120.4381298,23.4656416],[120.4380737,23.4656381],[120.4371775,23.4655816],[120.4366724,23.4655497],[120.436062,23.4655115],[120.4360234,23.4655088],[120.4350632,23.4654336],[120.434649,23.4651253],[120.4339465,23.4646428],[120.4336118,23.4644163],[120.4335423,23.4643692],[120.4334346,23.464298],[120.4322967,23.4635454],[120.4322151,23.4634885],[120.4321631,23.4634523],[120.4315195,23.4630037],[120.4313094,23.4628572],[120.4312247,23.4627982],[120.4310387,23.4626581],[120.4309413,23.4625779],[120.4308578,23.4625081],[120.4307416,23.4623685]]}},{"type":"Feature","id":390063013,"properties":{"osm_id":390063013,"name":"重慶路","name_en":"Chongqing Road","highway":"unclassified","lanes":null,"oneway":"yes","surface":"asphalt","source":"OpenStreetMap"},"geometry":{"type":"LineString","coordinates":[[120.4315404,23.4626559],[120.4318725,23.4628764],[120.4324015,23.4632404],[120.4337312,23.4641553],[120.4341529,23.4644454],[120.435143,23.4651192],[120.4352914,23.4651477],[120.4361023,23.465189],[120.4372006,23.4652651],[120.4381648,23.4653339],[120.4384672,23.4653547],[120.4391797,23.4654036],[120.440197,23.4654734],[120.4402837,23.4654797]]}},{"type":"Feature","id":443172388,"properties":{"osm_id":443172388,"name":"重新街12巷","name_en":null,"highway":"residential","lanes":null,"oneway":null,"surface":"asphalt","source":"OpenStreetMap"},"geometry":{"type":"LineString","coordinates":[[120.4419305,23.4889895],[120.4419417,23.4889018],[120.441954,23.4887591],[120.4419928,23.4885239],[120.442007,23.4884108],[120.4420197,23.4883671],[120.4421376,23.4880071],[120.4421815,23.4878556]]}},{"type":"Feature","id":166117454,"properties":{"osm_id":166117454,"name":"重興街","name_en":"Chongxing Street","highway":"residential","lanes":null,"oneway":null,"surface":"asphalt","source":"OpenStreetMap"},"geometry":{"type":"LineString","coordinates":[[120.4399728,23.4874956],[120.4405508,23.4875729],[120.4410028,23.4876283],[120.4411476,23.487646],[120.4412492,23.4876585],[120.4416676,23.4876794],[120.4421815,23.4878556],[120.4423435,23.4878183],[120.4425103,23.4877267],[120.442562,23.487715],[120.4426249,23.4876811],[120.4427338,23.4876378],[120.4428335,23.4876032],[120.4429317,23.4875649]]}},{"type":"Feature","id":163964632,"properties":{"osm_id":163964632,"name":"錦州二街","name_en":"Jinzhou 2nd Street","highway":"residential","lanes":null,"oneway":null,"surface":"asphalt","source":"OpenStreetMap"},"geometry":{"type":"LineString","coordinates":[[120.4353231,23.4637744],[120.4353168,23.4638474],[120.4352873,23.4641841],[120.4352216,23.4648122],[120.435143,23.4651192]]}},{"type":"Feature","id":550253415,"properties":{"osm_id":550253415,"name":"錦州二街","name_en":null,"highway":"residential","lanes":null,"oneway":null,"surface":"asphalt","source":"OpenStreetMap"},"geometry":{"type":"LineString","coordinates":[[120.435143,23.4651192],[120.4351348,23.4651643]]}},{"type":"Feature","id":563811999,"properties":{"osm_id":563811999,"name":"錦州二街","name_en":"Jinzhou 2nd Street","highway":"residential","lanes":null,"oneway":null,"surface":"asphalt","source":"OpenStreetMap"},"geometry":{"type":"LineString","coordinates":[[120.4351348,23.4651643],[120.4351045,23.4653222]]}},{"type":"Feature","id":166117023,"properties":{"osm_id":166117023,"name":"長安街","name_en":"Chang'an Street","highway":"unclassified","lanes":null,"oneway":null,"surface":"asphalt","source":"OpenStreetMap"},"geometry":{"type":"LineString","coordinates":[[120.4470125,23.4861596],[120.4469016,23.4860463],[120.4466463,23.4857732],[120.4465191,23.4856388],[120.4464352,23.4857026],[120.4462919,23.4857744],[120.4461657,23.4857958],[120.4459752,23.4857744],[120.4459068,23.4857507],[120.4457933,23.4857113],[120.4455602,23.4856118],[120.4455122,23.4855913],[120.4451045,23.4854128],[120.4449272,23.4853481],[120.4447765,23.4852931],[120.4441349,23.4852205],[120.4437363,23.4851817],[120.4436286,23.4851762],[120.4430967,23.4855683],[120.4430363,23.4856128],[120.4429824,23.4856824]]}},{"type":"Feature","id":545181169,"properties":{"osm_id":545181169,"name":"長安街109巷","name_en":null,"highway":"unclassified","lanes":null,"oneway":null,"surface":"asphalt","source":"OpenStreetMap"},"geometry":{"type":"LineString","coordinates":[[120.4434389,23.4836507],[120.4434986,23.4836545],[120.4435413,23.4836573],[120.4440471,23.484221],[120.4441394,23.4843238],[120.4441982,23.4843855],[120.444193,23.4846563],[120.4441349,23.4852205]]}},{"type":"Feature","id":273390661,"properties":{"osm_id":273390661,"name":"長春一街","name_en":"Changchun 1st Street","highway":"residential","lanes":null,"oneway":null,"surface":"asphalt","source":"OpenStreetMap"},"geometry":{"type":"LineString","coordinates":[[120.4363148,23.4905096],[120.43645,23.490416],[120.4370504,23.4899222],[120.4371171,23.4899551],[120.4377025,23.4899859],[120.4386867,23.4900587],[120.4387947,23.4900631]]}},{"type":"Feature","id":496902057,"properties":{"osm_id":496902057,"name":"長春三街","name_en":"Changchun 3rd Street","highway":"residential","lanes":null,"oneway":null,"surface":"asphalt","source":"OpenStreetMap"},"geometry":{"type":"LineString","coordinates":[[120.4377025,23.4899859],[120.4377355,23.489569],[120.4377463,23.4893908],[120.4376645,23.4891604],[120.4375301,23.4889745],[120.4373052,23.4887093],[120.4371052,23.4884889],[120.4370239,23.4883992],[120.4368313,23.4881869]]}},{"type":"Feature","id":163105044,"properties":{"osm_id":163105044,"name":"長榮街","name_en":"Changrong Street","highway":"residential","lanes":null,"oneway":"no","surface":"asphalt","source":"OpenStreetMap"},"geometry":{"type":"LineString","coordinates":[[120.4458939,23.4826052],[120.447009,23.4827651],[120.4479041,23.4829372],[120.4488445,23.4831201],[120.4495874,23.4832529],[120.4499516,23.4833225],[120.4509797,23.4835151],[120.4513609,23.4835849],[120.4522864,23.4837567],[120.4537623,23.4840305],[120.4540712,23.4840699],[120.4542452,23.4840921],[120.4548104,23.4841642],[120.4556313,23.4842673],[120.4558359,23.484293],[120.4560273,23.4843132],[120.4561713,23.4843285],[120.4572708,23.4844447],[120.4583744,23.4845516],[120.4584857,23.4845689],[120.4595573,23.4847158],[120.460345,23.4848136],[120.460722,23.4848604]]}},{"type":"Feature","id":166117151,"properties":{"osm_id":166117151,"name":"雙竹街","name_en":"Shuangzhu Street","highway":"residential","lanes":null,"oneway":null,"surface":"asphalt","source":"OpenStreetMap"},"geometry":{"type":"LineString","coordinates":[[120.4362551,23.4834152],[120.4363532,23.483431],[120.4368781,23.4835155],[120.4369941,23.4835335],[120.4371434,23.483564],[120.4374153,23.4836196],[120.437495,23.4836388],[120.4376175,23.4836683],[120.4378013,23.4837614],[120.4386033,23.484677],[120.4390125,23.4853002]]}},{"type":"Feature","id":275729413,"properties":{"osm_id":275729413,"name":"青年街","name_en":"Qingnian Street","highway":"residential","lanes":null,"oneway":null,"surface":"asphalt","source":"OpenStreetMap"},"geometry":{"type":"LineString","coordinates":[[120.4341924,23.4712863],[120.434302,23.4708614],[120.4343371,23.4707252],[120.4344585,23.4703739],[120.4344676,23.4703324],[120.4345193,23.4700955],[120.4345239,23.4699241],[120.4351614,23.4694802],[120.4352811,23.4693968],[120.4356579,23.4691529],[120.436281,23.4689964],[120.4371251,23.4690081],[120.4374434,23.4690119],[120.437835,23.4690047],[120.4379763,23.4690025],[120.438044,23.4690021],[120.4385608,23.4689991]]}},{"type":"Feature","id":463034549,"properties":{"osm_id":463034549,"name":"青年街35巷","name_en":null,"highway":"residential","lanes":null,"oneway":null,"surface":"asphalt","source":"OpenStreetMap"},"geometry":{"type":"LineString","coordinates":[[120.437086,23.4686633],[120.4370975,23.4687664],[120.4371206,23.4688914],[120.4371251,23.4690081]]}},{"type":"Feature","id":239827695,"properties":{"osm_id":239827695,"name":"頂福街","name_en":"Dingfu Street","highway":"residential","lanes":null,"oneway":null,"surface":"asphalt","source":"OpenStreetMap"},"geometry":{"type":"LineString","coordinates":[[120.4586917,23.4665038],[120.458393,23.4668718],[120.4582748,23.4670435],[120.4572251,23.4681287]]}},{"type":"Feature","id":239827696,"properties":{"osm_id":239827696,"name":"體育路","name_en":"Tiyu Road","highway":"residential","lanes":null,"oneway":null,"surface":"asphalt","source":"OpenStreetMap"},"geometry":{"type":"LineString","coordinates":[[120.4609226,23.4716664],[120.4604732,23.4716514],[120.4600728,23.4716037],[120.4581522,23.4714332],[120.4579008,23.4714096],[120.4570151,23.4713624]]}},{"type":"Feature","id":275174570,"properties":{"osm_id":275174570,"name":"體育路","name_en":"Tiyu Road","highway":"unclassified","lanes":null,"oneway":null,"surface":"asphalt","source":"OpenStreetMap"},"geometry":{"type":"LineString","coordinates":[[120.461759,23.4724419],[120.4619332,23.472385],[120.4620931,23.4723185],[120.4622426,23.4722552],[120.4623473,23.4721674],[120.4624122,23.472087],[120.4625217,23.4719132],[120.4625754,23.4711369],[120.4625691,23.4708941],[120.462517,23.4707041],[120.4624124,23.4706017],[120.4622089,23.4704591],[120.4619922,23.4703887],[120.4616427,23.4704289],[120.4613136,23.4704618],[120.4611063,23.4705665],[120.4610315,23.4705706]]}},{"type":"Feature","id":549544750,"properties":{"osm_id":549544750,"name":"體育路","name_en":"Tiyu Road","highway":"residential","lanes":null,"oneway":null,"surface":"asphalt","source":"OpenStreetMap"},"geometry":{"type":"LineString","coordinates":[[120.4610936,23.4699922],[120.4610858,23.4700867],[120.4610315,23.4705706],[120.4609899,23.4709719],[120.4609394,23.4714129],[120.4609226,23.4716664],[120.4609329,23.471945],[120.4609903,23.4720947],[120.4611067,23.4722296],[120.4611407,23.4722461],[120.4612964,23.4723286],[120.4614649,23.4724037],[120.461759,23.4724419],[120.4617289,23.472858],[120.4616586,23.4734429],[120.4616125,23.4738262],[120.4615971,23.4740063],[120.4615695,23.4742762],[120.4615504,23.474626],[120.4615493,23.4746897],[120.4615502,23.4748075]]}},{"type":"Feature","id":273259354,"properties":{"osm_id":273259354,"name":"高鐵大道","name_en":"High Speed Rail Boulevard","highway":"residential","lanes":null,"oneway":"yes","surface":"asphalt","source":"OpenStreetMap"},"geometry":{"type":"LineString","coordinates":[[120.4320852,23.4766691],[120.4316978,23.4768916],[120.4313379,23.477107],[120.4309719,23.4773212],[120.4306531,23.4775088]]}},{"type":"Feature","id":407732064,"properties":{"osm_id":407732064,"name":"高鐵大道","name_en":"High Speed Rail Boulevard","highway":"residential","lanes":null,"oneway":"yes","surface":"asphalt","source":"OpenStreetMap"},"geometry":{"type":"LineString","coordinates":[[120.4333901,23.4762812],[120.433289,23.476317],[120.4331918,23.4763693],[120.4330669,23.4764258],[120.4329633,23.4764491],[120.4326322,23.4765041],[120.4322408,23.4766034],[120.4320852,23.4766691]]}},{"type":"Feature","id":563243169,"properties":{"osm_id":563243169,"name":"高鐵大道","name_en":"High Speed Rail Boulevard","highway":"residential","lanes":null,"oneway":"yes","surface":"asphalt","source":"OpenStreetMap"},"geometry":{"type":"LineString","coordinates":[[120.4305433,23.477333],[120.4306775,23.4771336],[120.4308194,23.4770524],[120.4318105,23.4764732],[120.4325869,23.4760314],[120.4326678,23.4759838]]}},{"type":"Feature","id":885481477,"properties":{"osm_id":885481477,"name":"高鐵大道","name_en":"High Speed Rail Boulevard","highway":"residential","lanes":null,"oneway":"yes","surface":"asphalt","source":"OpenStreetMap"},"geometry":{"type":"LineString","coordinates":[[120.4326678,23.4759838],[120.4327677,23.4759139],[120.4328505,23.4758578],[120.4329318,23.4757941]]}},{"type":"Feature","id":436657421,"properties":{"osm_id":436657421,"name":"龍江街","name_en":"Longjiang Street","highway":"residential","lanes":null,"oneway":null,"surface":"asphalt","source":"OpenStreetMap"},"geometry":{"type":"LineString","coordinates":[[120.4407965,23.4935579],[120.4408372,23.4927484],[120.4408558,23.4921262],[120.4408711,23.4917662],[120.4408671,23.4915804],[120.4408729,23.491395],[120.4408743,23.490956],[120.4409093,23.4902913],[120.4409456,23.4901246],[120.440975,23.4895607],[120.4410116,23.4894273],[120.4411461,23.4890089],[120.4411858,23.4889149]]}},{"type":"Feature","id":436657422,"properties":{"osm_id":436657422,"name":"龍江街74巷","name_en":null,"highway":"residential","lanes":null,"oneway":null,"surface":"asphalt","source":"OpenStreetMap"},"geometry":{"type":"LineString","coordinates":[[120.4409093,23.4902913],[120.4417623,23.4904097],[120.4421479,23.490505]]}}]}
