{"type":"FeatureCollection","name":"kaohsiung urban-form","features":[{"type":"Feature","id":"w1000206353","properties":{"kind":"building","category":"yes","name":"壽山小白宮","area_m2":31.7,"centroid":[120.278093,22.635403]},"geometry":{"type":"Polygon","coordinates":[[[120.27807,22.635433],[120.278071,22.635425],[120.278077,22.635364],[120.278093,22.635366],[120.278117,22.635368],[120.278112,22.635427],[120.278112,22.635436],[120.27807,22.635433]]]}},{"type":"Feature","id":"w1002866131","properties":{"kind":"building","category":"yes","name":null,"area_m2":178.9,"centroid":[120.299161,22.625955]},"geometry":{"type":"Polygon","coordinates":[[[120.299124,22.626078],[120.299111,22.626006],[120.299115,22.625945],[120.299134,22.625893],[120.299158,22.625834],[120.299222,22.625854],[120.299205,22.625893],[120.299182,22.625953],[120.299176,22.626014],[120.299186,22.626076],[120.299124,22.626078]]]}},{"type":"Feature","id":"w1012504575","properties":{"kind":"building","category":"yes","name":"鼓山地嶽殿","area_m2":179.7,"centroid":[120.282754,22.636171]},"geometry":{"type":"Polygon","coordinates":[[[120.2827,22.636263],[120.28278,22.636273],[120.282808,22.636078],[120.282728,22.636069],[120.2827,22.636263]]]}},{"type":"Feature","id":"w1013525980","properties":{"kind":"building","category":"apartments","name":null,"area_m2":445.9,"centroid":[120.303112,22.627703]},"geometry":{"type":"Polygon","coordinates":[[[120.302935,22.627756],[120.303287,22.627761],[120.303289,22.62765],[120.302937,22.627644],[120.302935,22.627756]]]}},{"type":"Feature","id":"w1016084576","properties":{"kind":"building","category":"apartments","name":null,"area_m2":721.1,"centroid":[120.292705,22.625243]},"geometry":{"type":"Polygon","coordinates":[[[120.292625,22.625089],[120.292535,22.625312],[120.292785,22.625398],[120.292875,22.625175],[120.292625,22.625089]]]}},{"type":"Feature","id":"w1016084577","properties":{"kind":"building","category":"apartments","name":null,"area_m2":328.7,"centroid":[120.292208,22.624677]},"geometry":{"type":"Polygon","coordinates":[[[120.292147,22.624546],[120.292257,22.624584],[120.292239,22.624629],[120.292253,22.624634],[120.292236,22.624677],[120.292253,22.624683],[120.29223,22.624742],[120.292213,22.624736],[120.292191,22.62479],[120.292066,22.624747],[120.292147,22.624546]]]}},{"type":"Feature","id":"w1016084578","properties":{"kind":"building","category":"apartments","name":null,"area_m2":227.2,"centroid":[120.291876,22.625387]},"geometry":{"type":"Polygon","coordinates":[[[120.291769,22.625437],[120.29192,22.62549],[120.291958,22.625397],[120.291884,22.625372],[120.291902,22.625326],[120.291825,22.625299],[120.291769,22.625437]]]}},{"type":"Feature","id":"w1016084579","properties":{"kind":"building","category":"apartments","name":null,"area_m2":206.1,"centroid":[120.291203,22.625351]},"geometry":{"type":"Polygon","coordinates":[[[120.29114,22.62527],[120.291271,22.625306],[120.291299,22.625355],[120.291268,22.625432],[120.291161,22.625402],[120.29117,22.625357],[120.29111,22.625338],[120.29114,22.62527]]]}},{"type":"Feature","id":"w1016084580","properties":{"kind":"building","category":"apartments","name":null,"area_m2":540.4,"centroid":[120.290734,22.62531]},"geometry":{"type":"Polygon","coordinates":[[[120.29066,22.625178],[120.290586,22.625368],[120.290808,22.625442],[120.290882,22.625253],[120.29066,22.625178]]]}},{"type":"Feature","id":"w1016084581","properties":{"kind":"building","category":"apartments","name":null,"area_m2":577.7,"centroid":[120.290469,22.625169]},"geometry":{"type":"Polygon","coordinates":[[[120.290316,22.625229],[120.290548,22.625305],[120.290622,22.62511],[120.29039,22.625034],[120.290316,22.625229]]]}},{"type":"Feature","id":"w1016084582","properties":{"kind":"building","category":"apartments","name":null,"area_m2":561.6,"centroid":[120.290151,22.625112]},"geometry":{"type":"Polygon","coordinates":[[[120.289994,22.625162],[120.290238,22.625242],[120.290307,22.625062],[120.290063,22.624982],[120.289994,22.625162]]]}},{"type":"Feature","id":"w1016093348","properties":{"kind":"building","category":"retail","name":null,"area_m2":111.8,"centroid":[120.303581,22.637516]},"geometry":{"type":"Polygon","coordinates":[[[120.303553,22.637585],[120.30363,22.637581],[120.303619,22.637434],[120.303551,22.637465],[120.303551,22.637516],[120.303553,22.637585]]]}},{"type":"Feature","id":"w1016093349","properties":{"kind":"building","category":"house","name":null,"area_m2":109.9,"centroid":[120.302779,22.637344]},"geometry":{"type":"Polygon","coordinates":[[[120.302666,22.637329],[120.302669,22.637372],[120.302893,22.637358],[120.30289,22.637315],[120.302666,22.637329]]]}},{"type":"Feature","id":"w1016093350","properties":{"kind":"building","category":"house","name":null,"area_m2":107.3,"centroid":[120.302776,22.637301]},"geometry":{"type":"Polygon","coordinates":[[[120.302663,22.637287],[120.302666,22.637329],[120.30289,22.637315],[120.302887,22.637273],[120.302663,22.637287]]]}},{"type":"Feature","id":"w1016093351","properties":{"kind":"building","category":"house","name":null,"area_m2":109.9,"centroid":[120.302774,22.637258]},"geometry":{"type":"Polygon","coordinates":[[[120.30266,22.637244],[120.302663,22.637287],[120.302887,22.637273],[120.302884,22.63723],[120.30266,22.637244]]]}},{"type":"Feature","id":"w1016093352","properties":{"kind":"building","category":"house","name":null,"area_m2":108.6,"centroid":[120.302771,22.637216]},"geometry":{"type":"Polygon","coordinates":[[[120.302657,22.637202],[120.30266,22.637244],[120.302884,22.63723],[120.302881,22.637187],[120.302657,22.637202]]]}},{"type":"Feature","id":"w1016093353","properties":{"kind":"building","category":"house","name":null,"area_m2":108.5,"centroid":[120.302767,22.637173]},"geometry":{"type":"Polygon","coordinates":[[[120.302654,22.637159],[120.302657,22.637202],[120.302881,22.637187],[120.302877,22.637145],[120.302654,22.637159]]]}},{"type":"Feature","id":"w1016093354","properties":{"kind":"building","category":"house","name":null,"area_m2":108.5,"centroid":[120.302764,22.637131]},"geometry":{"type":"Polygon","coordinates":[[[120.30265,22.637117],[120.302654,22.637159],[120.302877,22.637145],[120.302874,22.637102],[120.30265,22.637117]]]}},{"type":"Feature","id":"w1016093355","properties":{"kind":"building","category":"house","name":null,"area_m2":108.6,"centroid":[120.302761,22.637088]},"geometry":{"type":"Polygon","coordinates":[[[120.302647,22.637074],[120.30265,22.637117],[120.302874,22.637102],[120.302871,22.63706],[120.302647,22.637074]]]}},{"type":"Feature","id":"w1016093356","properties":{"kind":"building","category":"house","name":null,"area_m2":109.9,"centroid":[120.302757,22.637045]},"geometry":{"type":"Polygon","coordinates":[[[120.302644,22.637031],[120.302647,22.637074],[120.302871,22.63706],[120.302868,22.637017],[120.302644,22.637031]]]}},{"type":"Feature","id":"w1016093357","properties":{"kind":"building","category":"house","name":null,"area_m2":107.3,"centroid":[120.302754,22.637003]},"geometry":{"type":"Polygon","coordinates":[[[120.302641,22.636989],[120.302644,22.637031],[120.302868,22.637017],[120.302865,22.636975],[120.302641,22.636989]]]}},{"type":"Feature","id":"w1016093358","properties":{"kind":"building","category":"apartments","name":null,"area_m2":586.7,"centroid":[120.302814,22.636916]},"geometry":{"type":"Polygon","coordinates":[[[120.302641,22.636989],[120.302865,22.636975],[120.302972,22.636968],[120.302961,22.636813],[120.302629,22.636834],[120.302641,22.636989]]]}},{"type":"Feature","id":"w1016093360","properties":{"kind":"building","category":"house","name":null,"area_m2":705.2,"centroid":[120.303843,22.637348]},"geometry":{"type":"Polygon","coordinates":[[[120.303762,22.637577],[120.303925,22.637565],[120.303909,22.637384],[120.303908,22.637342],[120.303906,22.637285],[120.303902,22.637149],[120.303751,22.637156],[120.303759,22.63725],[120.303769,22.637427],[120.303762,22.637577]]]}},{"type":"Feature","id":"w1016093361","properties":{"kind":"building","category":"house","name":null,"area_m2":73.3,"centroid":[120.303744,22.637503]},"geometry":{"type":"Polygon","coordinates":[[[120.303727,22.637579],[120.303762,22.637577],[120.303769,22.637427],[120.303718,22.637429],[120.303727,22.637579]]]}},{"type":"Feature","id":"w1016093362","properties":{"kind":"building","category":"house","name":null,"area_m2":77.5,"centroid":[120.3037,22.63749]},"geometry":{"type":"Polygon","coordinates":[[[120.303681,22.637581],[120.303727,22.637579],[120.303718,22.637429],[120.303701,22.63743],[120.303673,22.637432],[120.303681,22.637581]]]}},{"type":"Feature","id":"w1016093363","properties":{"kind":"building","category":"house","name":null,"area_m2":88.4,"centroid":[120.303651,22.637507]},"geometry":{"type":"Polygon","coordinates":[[[120.30363,22.637581],[120.303681,22.637581],[120.303673,22.637432],[120.303619,22.637434],[120.30363,22.637581]]]}},{"type":"Feature","id":"w1016093364","properties":{"kind":"building","category":"house","name":null,"area_m2":233.0,"centroid":[120.304274,22.637413]},"geometry":{"type":"Polygon","coordinates":[[[120.304233,22.637528],[120.304331,22.637524],[120.304319,22.637441],[120.30431,22.637321],[120.30425,22.63733],[120.304199,22.637335],[120.304233,22.637528]]]}},{"type":"Feature","id":"w1016093365","properties":{"kind":"building","category":"house","name":null,"area_m2":124.8,"centroid":[120.304188,22.637435]},"geometry":{"type":"Polygon","coordinates":[[[120.304173,22.637536],[120.304233,22.637528],[120.304199,22.637335],[120.304148,22.63734],[120.304173,22.637536]]]}},{"type":"Feature","id":"w1016093366","properties":{"kind":"building","category":"house","name":null,"area_m2":75.2,"centroid":[120.304144,22.63744]},"geometry":{"type":"Polygon","coordinates":[[[120.304136,22.637542],[120.304173,22.637536],[120.304148,22.63734],[120.304119,22.637341],[120.304136,22.637542]]]}},{"type":"Feature","id":"w1016093368","properties":{"kind":"building","category":"house","name":null,"area_m2":227.6,"centroid":[120.304079,22.63744]},"geometry":{"type":"Polygon","coordinates":[[[120.304038,22.637551],[120.304134,22.637538],[120.304119,22.637341],[120.304023,22.637331],[120.304038,22.637551]]]}},{"type":"Feature","id":"w1016093369","properties":{"kind":"building","category":"apartments","name":null,"area_m2":494.1,"centroid":[120.304392,22.637353]},"geometry":{"type":"Polygon","coordinates":[[[120.304336,22.637522],[120.304467,22.637515],[120.304447,22.637184],[120.304316,22.637191],[120.304336,22.637522]]]}},{"type":"Feature","id":"w1030915480","properties":{"kind":"building","category":"yes","name":null,"area_m2":221.9,"centroid":[120.273201,22.625482]},"geometry":{"type":"Polygon","coordinates":[[[120.273171,22.625571],[120.273303,22.625501],[120.27323,22.625389],[120.273099,22.625468],[120.273171,22.625571]]]}},{"type":"Feature","id":"w1032776714","properties":{"kind":"building","category":"yes","name":"佳適旅舍 站前館","area_m2":233.8,"centroid":[120.301905,22.635295]},"geometry":{"type":"Polygon","coordinates":[[[120.301757,22.63535],[120.301748,22.635268],[120.302003,22.635248],[120.302007,22.635285],[120.302012,22.635326],[120.301757,22.63535]]]}},{"type":"Feature","id":"w1050099540","properties":{"kind":"building","category":"yes","name":null,"area_m2":293.4,"centroid":[120.304626,22.637828]},"geometry":{"type":"Polygon","coordinates":[[[120.304591,22.637963],[120.304689,22.637954],[120.304661,22.637693],[120.304563,22.637702],[120.304591,22.637963]]]}},{"type":"Feature","id":"w1050529073","properties":{"kind":"green","category":"grass","name":null,"area_m2":2301.2,"centroid":[120.303501,22.625699]},"geometry":{"type":"Polygon","coordinates":[[[120.303169,22.625739],[120.303683,22.625913],[120.303749,22.625913],[120.303808,22.625901],[120.303855,22.625865],[120.303885,22.625811],[120.303885,22.625767],[120.303883,22.625724],[120.303858,22.625683],[120.303278,22.625478],[120.303239,22.625486],[120.303195,22.625504],[120.303156,22.625537],[120.30312,22.625565],[120.303117,22.625621],[120.303131,22.625673],[120.303169,22.625739]]]}},{"type":"Feature","id":"w1052237465","properties":{"kind":"building","category":"yes","name":"城市商旅駁二館","area_m2":403.2,"centroid":[120.285308,22.620117]},"geometry":{"type":"Polygon","coordinates":[[[120.285261,22.620238],[120.285389,22.620178],[120.285402,22.620126],[120.285324,22.619984],[120.285162,22.62006],[120.285261,22.620238]]]}},{"type":"Feature","id":"w1056803926","properties":{"kind":"building","category":"yes","name":"光榮碼頭","area_m2":65.8,"centroid":[120.293111,22.616755]},"geometry":{"type":"Polygon","coordinates":[[[120.293129,22.616829],[120.293164,22.616813],[120.293093,22.61668],[120.293058,22.616696],[120.293129,22.616829]]]}},{"type":"Feature","id":"w1056803927","properties":{"kind":"building","category":"yes","name":"光榮碼頭","area_m2":65.1,"centroid":[120.293173,22.61673]},"geometry":{"type":"Polygon","coordinates":[[[120.293191,22.616805],[120.293226,22.616789],[120.293154,22.616656],[120.29312,22.616672],[120.293191,22.616805]]]}},{"type":"Feature","id":"w1056803928","properties":{"kind":"building","category":"yes","name":"駁二大義","area_m2":80.2,"centroid":[120.284139,22.61858]},"geometry":{"type":"Polygon","coordinates":[[[120.284078,22.618632],[120.284057,22.618592],[120.2842,22.618528],[120.284221,22.618568],[120.284078,22.618632]]]}},{"type":"Feature","id":"w1056803929","properties":{"kind":"building","category":"yes","name":"駁二大義","area_m2":78.6,"centroid":[120.284108,22.618524]},"geometry":{"type":"Polygon","coordinates":[[[120.284047,22.618576],[120.284026,22.618537],[120.284169,22.618473],[120.28419,22.618512],[120.284047,22.618576]]]}},{"type":"Feature","id":"w1056803930","properties":{"kind":"building","category":"transporation","name":"駁二蓬萊","area_m2":74.2,"centroid":[120.27983,22.620452]},"geometry":{"type":"Polygon","coordinates":[[[120.279766,22.620503],[120.279747,22.620467],[120.279893,22.6204],[120.279912,22.620436],[120.279766,22.620503]]]}},{"type":"Feature","id":"w1056803931","properties":{"kind":"building","category":"transporation","name":"駁二蓬萊","area_m2":72.5,"centroid":[120.279859,22.620508]},"geometry":{"type":"Polygon","coordinates":[[[120.279795,22.620559],[120.279776,22.620524],[120.279922,22.620457],[120.279941,22.620492],[120.279795,22.620559]]]}},{"type":"Feature","id":"w1056803932","properties":{"kind":"building","category":"transportation","name":"哈瑪星","area_m2":141.6,"centroid":[120.275756,22.621534]},"geometry":{"type":"Polygon","coordinates":[[[120.275814,22.621707],[120.275846,22.621695],[120.275698,22.621361],[120.275666,22.621373],[120.275814,22.621707]]]}},{"type":"Feature","id":"w1056803933","properties":{"kind":"building","category":"roof","name":"壽山公園","area_m2":83.1,"centroid":[120.278608,22.626527]},"geometry":{"type":"Polygon","coordinates":[[[120.27863,22.626601],[120.278672,22.626576],[120.278586,22.626453],[120.278544,22.626478],[120.27863,22.626601]]]}},{"type":"Feature","id":"w1056803934","properties":{"kind":"building","category":"transportation","name":"壽山公園","area_m2":81.2,"centroid":[120.278699,22.626472]},"geometry":{"type":"Polygon","coordinates":[[[120.278721,22.626545],[120.278762,22.62652],[120.278676,22.626398],[120.278635,22.626423],[120.278721,22.626545]]]}},{"type":"Feature","id":"w1056803935","properties":{"kind":"building","category":"transportation","name":"文武聖殿","area_m2":71.3,"centroid":[120.280647,22.629601]},"geometry":{"type":"Polygon","coordinates":[[[120.280672,22.629675],[120.280708,22.629655],[120.280621,22.629527],[120.280586,22.629547],[120.280672,22.629675]]]}},{"type":"Feature","id":"w1056803936","properties":{"kind":"building","category":"transportation","name":"文武聖殿","area_m2":70.6,"centroid":[120.280709,22.629566]},"geometry":{"type":"Polygon","coordinates":[[[120.280735,22.62964],[120.28077,22.62962],[120.280683,22.629492],[120.280648,22.629512],[120.280735,22.62964]]]}},{"type":"Feature","id":"w1056803937","properties":{"kind":"building","category":"yes","name":null,"area_m2":65.4,"centroid":[120.282559,22.635934]},"geometry":{"type":"Polygon","coordinates":[[[120.282521,22.636003],[120.282558,22.636012],[120.282598,22.635865],[120.282561,22.635857],[120.282521,22.636003]]]}},{"type":"Feature","id":"w1059381761","properties":{"kind":"building","category":"apartments","name":null,"area_m2":475.6,"centroid":[120.303679,22.626968]},"geometry":{"type":"Polygon","coordinates":[[[120.303539,22.627049],[120.303646,22.62705],[120.303647,22.626992],[120.303679,22.626993],[120.303678,22.62705],[120.30384,22.627052],[120.303842,22.626931],[120.303734,22.626929],[120.303736,22.626858],[120.303635,22.626856],[120.303634,22.626929],[120.303541,22.626928],[120.303539,22.627049]]]}},{"type":"Feature","id":"w1059381762","properties":{"kind":"building","category":"apartments","name":null,"area_m2":331.8,"centroid":[120.304865,22.628004]},"geometry":{"type":"Polygon","coordinates":[[[120.304878,22.627977],[120.304874,22.62791],[120.304776,22.627915],[120.304783,22.628035],[120.304813,22.628034],[120.304817,22.628099],[120.304994,22.62809],[120.304987,22.627972],[120.304878,22.627977]]]}},{"type":"Feature","id":"w1059381763","properties":{"kind":"building","category":"apartments","name":null,"area_m2":828.4,"centroid":[120.302437,22.628224]},"geometry":{"type":"Polygon","coordinates":[[[120.302454,22.628395],[120.302597,22.628381],[120.302556,22.628037],[120.302282,22.628064],[120.302302,22.628239],[120.302434,22.628225],[120.302454,22.628395]]]}},{"type":"Feature","id":"w1059381764","properties":{"kind":"building","category":"apartments","name":null,"area_m2":1085.4,"centroid":[120.304257,22.630188]},"geometry":{"type":"Polygon","coordinates":[[[120.304201,22.630045],[120.304205,22.630103],[120.304111,22.630109],[120.304125,22.630291],[120.30422,22.630284],[120.304223,22.630331],[120.304495,22.630313],[120.304473,22.630026],[120.304201,22.630045]]]}},{"type":"Feature","id":"w1059381772","properties":{"kind":"building","category":"apartments","name":null,"area_m2":133.3,"centroid":[120.306288,22.632367]},"geometry":{"type":"Polygon","coordinates":[[[120.306351,22.632412],[120.306342,22.632312],[120.306225,22.632321],[120.306235,22.632421],[120.306351,22.632412]]]}},{"type":"Feature","id":"w1059381773","properties":{"kind":"building","category":"apartments","name":null,"area_m2":290.4,"centroid":[120.305887,22.631843]},"geometry":{"type":"Polygon","coordinates":[[[120.305983,22.631907],[120.305966,22.631762],[120.305792,22.631778],[120.305808,22.631923],[120.305983,22.631907]]]}},{"type":"Feature","id":"w1059381774","properties":{"kind":"building","category":"apartments","name":null,"area_m2":397.1,"centroid":[120.304066,22.632627]},"geometry":{"type":"Polygon","coordinates":[[[120.303948,22.632614],[120.304085,22.632606],[120.304096,22.63277],[120.304173,22.632766],[120.304154,22.632497],[120.303941,22.63251],[120.303948,22.632614]]]}},{"type":"Feature","id":"w1059381775","properties":{"kind":"building","category":"apartments","name":null,"area_m2":353.4,"centroid":[120.304643,22.633868]},"geometry":{"type":"Polygon","coordinates":[[[120.304526,22.63394],[120.30477,22.633922],[120.30476,22.633796],[120.304515,22.633813],[120.304526,22.63394]]]}},{"type":"Feature","id":"w1059381776","properties":{"kind":"building","category":"apartments","name":null,"area_m2":342.0,"centroid":[120.304693,22.634038]},"geometry":{"type":"Polygon","coordinates":[[[120.304547,22.634099],[120.304849,22.634075],[120.30484,22.633976],[120.304538,22.634],[120.304547,22.634099]]]}},{"type":"Feature","id":"w1059381777","properties":{"kind":"building","category":"apartments","name":null,"area_m2":486.2,"centroid":[120.304012,22.633821]},"geometry":{"type":"Polygon","coordinates":[[[120.303916,22.63393],[120.30413,22.63391],[120.304108,22.633712],[120.303894,22.633732],[120.303916,22.63393]]]}},{"type":"Feature","id":"w1059381778","properties":{"kind":"building","category":"apartments","name":null,"area_m2":609.5,"centroid":[120.304034,22.634151]},"geometry":{"type":"Polygon","coordinates":[[[120.303887,22.634248],[120.304195,22.634227],[120.30418,22.634053],[120.303873,22.634075],[120.303887,22.634248]]]}},{"type":"Feature","id":"w1059381779","properties":{"kind":"building","category":"apartments","name":null,"area_m2":877.1,"centroid":[120.305247,22.634922]},"geometry":{"type":"Polygon","coordinates":[[[120.305102,22.635061],[120.305413,22.635036],[120.305384,22.634781],[120.305088,22.634811],[120.305102,22.635061]]]}},{"type":"Feature","id":"w1059381780","properties":{"kind":"building","category":"apartments","name":null,"area_m2":636.6,"centroid":[120.305238,22.635268]},"geometry":{"type":"Polygon","coordinates":[[[120.305109,22.63516],[120.305132,22.635396],[120.305368,22.635376],[120.305344,22.63514],[120.305109,22.63516]]]}},{"type":"Feature","id":"w1059381781","properties":{"kind":"building","category":"apartments","name":null,"area_m2":497.1,"centroid":[120.30783,22.634981]},"geometry":{"type":"Polygon","coordinates":[[[120.307728,22.635088],[120.307952,22.635068],[120.307931,22.634874],[120.307708,22.634894],[120.307728,22.635088]]]}},{"type":"Feature","id":"w1059381782","properties":{"kind":"building","category":"apartments","name":null,"area_m2":447.1,"centroid":[120.307868,22.635855]},"geometry":{"type":"Polygon","coordinates":[[[120.30776,22.635949],[120.307888,22.635943],[120.307885,22.635886],[120.307968,22.635882],[120.30796,22.635731],[120.307749,22.63574],[120.30776,22.635949]]]}},{"type":"Feature","id":"w1059389437","properties":{"kind":"building","category":"apartments","name":null,"area_m2":452.9,"centroid":[120.307514,22.617283]},"geometry":{"type":"Polygon","coordinates":[[[120.307429,22.617417],[120.307542,22.617455],[120.307651,22.617173],[120.307511,22.617127],[120.307461,22.617258],[120.307487,22.617266],[120.307429,22.617417]]]}},{"type":"Feature","id":"w1059389442","properties":{"kind":"building","category":"apartments","name":null,"area_m2":202.6,"centroid":[120.295077,22.614805]},"geometry":{"type":"Polygon","coordinates":[[[120.295002,22.614776],[120.294977,22.614845],[120.295136,22.614895],[120.295183,22.614772],[120.295091,22.614743],[120.295071,22.614798],[120.295002,22.614776]]]}},{"type":"Feature","id":"w1059389443","properties":{"kind":"building","category":"apartments","name":null,"area_m2":344.4,"centroid":[120.296237,22.61591]},"geometry":{"type":"Polygon","coordinates":[[[120.296176,22.615805],[120.296118,22.615955],[120.296297,22.616014],[120.296356,22.615865],[120.296176,22.615805]]]}},{"type":"Feature","id":"w1059389444","properties":{"kind":"building","category":"apartments","name":null,"area_m2":744.2,"centroid":[120.294024,22.6132]},"geometry":{"type":"Polygon","coordinates":[[[120.293991,22.613405],[120.294219,22.6133],[120.294144,22.61316],[120.294032,22.613212],[120.293937,22.613035],[120.29382,22.613088],[120.293991,22.613405]]]}},{"type":"Feature","id":"w1059389445","properties":{"kind":"building","category":"apartments","name":null,"area_m2":357.4,"centroid":[120.295233,22.612463]},"geometry":{"type":"Polygon","coordinates":[[[120.295093,22.612456],[120.295158,22.612572],[120.295372,22.61247],[120.295308,22.612354],[120.295093,22.612456]]]}},{"type":"Feature","id":"w1059389446","properties":{"kind":"building","category":"apartments","name":null,"area_m2":426.6,"centroid":[120.297003,22.615146]},"geometry":{"type":"Polygon","coordinates":[[[120.296881,22.615029],[120.296827,22.615181],[120.297071,22.615249],[120.297099,22.615171],[120.297057,22.615159],[120.297084,22.615084],[120.296881,22.615029]]]}},{"type":"Feature","id":"w1059389447","properties":{"kind":"building","category":"apartments","name":null,"area_m2":949.0,"centroid":[120.295701,22.614829]},"geometry":{"type":"Polygon","coordinates":[[[120.295639,22.614635],[120.295524,22.61495],[120.295762,22.615024],[120.295877,22.614708],[120.295639,22.614635]]]}},{"type":"Feature","id":"w1059389448","properties":{"kind":"building","category":"apartments","name":null,"area_m2":815.6,"centroid":[120.269244,22.622433]},"geometry":{"type":"Polygon","coordinates":[[[120.269162,22.622726],[120.269306,22.622729],[120.269318,22.622293],[120.269256,22.622209],[120.269177,22.622209],[120.269162,22.622726]]]}},{"type":"Feature","id":"w1059389449","properties":{"kind":"building","category":"apartments","name":null,"area_m2":335.5,"centroid":[120.279547,22.622846]},"geometry":{"type":"Polygon","coordinates":[[[120.279437,22.622756],[120.279551,22.622983],[120.279658,22.622937],[120.279544,22.62271],[120.279437,22.622756]]]}},{"type":"Feature","id":"w1059389450","properties":{"kind":"building","category":"apartments","name":null,"area_m2":179.3,"centroid":[120.280357,22.623697]},"geometry":{"type":"Polygon","coordinates":[[[120.280323,22.623731],[120.280345,22.623772],[120.280452,22.623721],[120.280387,22.623604],[120.28028,22.623655],[120.280323,22.623731]]]}},{"type":"Feature","id":"w1059389451","properties":{"kind":"building","category":"apartments","name":null,"area_m2":189.1,"centroid":[120.280306,22.623807]},"geometry":{"type":"Polygon","coordinates":[[[120.280207,22.623786],[120.28027,22.6239],[120.280386,22.623845],[120.280345,22.623772],[120.280323,22.623731],[120.280207,22.623786]]]}},{"type":"Feature","id":"w1059389452","properties":{"kind":"building","category":"apartments","name":null,"area_m2":180.3,"centroid":[120.280754,22.623015]},"geometry":{"type":"Polygon","coordinates":[[[120.280688,22.623096],[120.280862,22.623002],[120.280819,22.622934],[120.280645,22.623028],[120.280688,22.623096]]]}},{"type":"Feature","id":"w1059389453","properties":{"kind":"building","category":"apartments","name":null,"area_m2":283.1,"centroid":[120.280843,22.62313]},"geometry":{"type":"Polygon","coordinates":[[[120.280787,22.62323],[120.280963,22.623139],[120.280898,22.623031],[120.280722,22.623122],[120.280787,22.62323]]]}},{"type":"Feature","id":"w1059389454","properties":{"kind":"building","category":"apartments","name":null,"area_m2":323.5,"centroid":[120.280919,22.623261]},"geometry":{"type":"Polygon","coordinates":[[[120.280865,22.623388],[120.28106,22.623287],[120.280978,22.623151],[120.280886,22.623198],[120.280915,22.623245],[120.280811,22.623299],[120.280865,22.623388]]]}},{"type":"Feature","id":"w1059389455","properties":{"kind":"building","category":"apartments","name":null,"area_m2":418.2,"centroid":[120.28415,22.6248]},"geometry":{"type":"Polygon","coordinates":[[[120.284255,22.624685],[120.283987,22.624804],[120.284046,22.624916],[120.284313,22.624796],[120.284255,22.624685]]]}},{"type":"Feature","id":"w1059389456","properties":{"kind":"building","category":"apartments","name":null,"area_m2":301.7,"centroid":[120.284605,22.626527]},"geometry":{"type":"Polygon","coordinates":[[[120.284715,22.626585],[120.284615,22.626411],[120.284496,22.626469],[120.284595,22.626643],[120.284715,22.626585]]]}},{"type":"Feature","id":"w1059389457","properties":{"kind":"building","category":"apartments","name":null,"area_m2":143.3,"centroid":[120.285343,22.627447]},"geometry":{"type":"Polygon","coordinates":[[[120.285292,22.627534],[120.285425,22.627472],[120.285312,22.627335],[120.285292,22.627534]]]}},{"type":"Feature","id":"w1059389458","properties":{"kind":"building","category":"apartments","name":null,"area_m2":325.3,"centroid":[120.284814,22.628839]},"geometry":{"type":"Polygon","coordinates":[[[120.284746,22.62894],[120.284941,22.62886],[120.284882,22.628737],[120.284687,22.628818],[120.284746,22.62894]]]}},{"type":"Feature","id":"w1059389459","properties":{"kind":"building","category":"apartments","name":null,"area_m2":278.6,"centroid":[120.288221,22.630384]},"geometry":{"type":"Polygon","coordinates":[[[120.288127,22.630474],[120.288226,22.63051],[120.288316,22.630294],[120.288217,22.630259],[120.288127,22.630474]]]}},{"type":"Feature","id":"w1059389460","properties":{"kind":"building","category":"apartments","name":null,"area_m2":502.8,"centroid":[120.288046,22.630324]},"geometry":{"type":"Polygon","coordinates":[[[120.288084,22.630467],[120.288179,22.630242],[120.288008,22.630181],[120.287913,22.630406],[120.288084,22.630467]]]}},{"type":"Feature","id":"w1059389461","properties":{"kind":"building","category":"apartments","name":null,"area_m2":751.6,"centroid":[120.287932,22.630914]},"geometry":{"type":"Polygon","coordinates":[[[120.288003,22.630965],[120.287978,22.630958],[120.288047,22.630772],[120.287853,22.630711],[120.287745,22.631003],[120.287964,22.631072],[120.288003,22.630965]]]}},{"type":"Feature","id":"w1059389462","properties":{"kind":"building","category":"apartments","name":null,"area_m2":727.2,"centroid":[120.288093,22.630964]},"geometry":{"type":"Polygon","coordinates":[[[120.287964,22.631072],[120.288178,22.631138],[120.288285,22.630846],[120.288098,22.630788],[120.28803,22.630974],[120.288003,22.630965],[120.287964,22.631072]]]}},{"type":"Feature","id":"w1059389463","properties":{"kind":"building","category":"apartments","name":null,"area_m2":352.0,"centroid":[120.289849,22.631453]},"geometry":{"type":"Polygon","coordinates":[[[120.289863,22.63159],[120.289952,22.631354],[120.289834,22.631317],[120.289746,22.631552],[120.289863,22.63159]]]}},{"type":"Feature","id":"w1059389465","properties":{"kind":"building","category":"apartments","name":"星河匯","area_m2":385.5,"centroid":[120.292461,22.631483]},"geometry":{"type":"Polygon","coordinates":[[[120.292338,22.631535],[120.292523,22.631594],[120.292584,22.63143],[120.292399,22.631371],[120.292338,22.631535]]]}},{"type":"Feature","id":"w1059389466","properties":{"kind":"building","category":"commercial","name":null,"area_m2":921.7,"centroid":[120.297064,22.633912]},"geometry":{"type":"Polygon","coordinates":[[[120.296848,22.633956],[120.297201,22.634072],[120.297279,22.633867],[120.296927,22.633752],[120.296848,22.633956]]]}},{"type":"Feature","id":"w1059389467","properties":{"kind":"building","category":"apartments","name":null,"area_m2":590.2,"centroid":[120.299414,22.634631]},"geometry":{"type":"Polygon","coordinates":[[[120.299269,22.634711],[120.299471,22.634778],[120.29956,22.634551],[120.299358,22.634483],[120.299269,22.634711]]]}},{"type":"Feature","id":"w1059389469","properties":{"kind":"building","category":"apartments","name":null,"area_m2":214.5,"centroid":[120.307667,22.627904]},"geometry":{"type":"Polygon","coordinates":[[[120.307771,22.627944],[120.307764,22.627851],[120.307562,22.627865],[120.307569,22.627958],[120.307771,22.627944]]]}},{"type":"Feature","id":"w1059399328","properties":{"kind":"building","category":"apartments","name":null,"area_m2":847.8,"centroid":[120.307588,22.616941]},"geometry":{"type":"Polygon","coordinates":[[[120.307413,22.617033],[120.307667,22.617112],[120.307763,22.616848],[120.307509,22.616769],[120.307413,22.617033]]]}},{"type":"Feature","id":"w1059399329","properties":{"kind":"building","category":"apartments","name":null,"area_m2":482.9,"centroid":[120.30807,22.617034]},"geometry":{"type":"Polygon","coordinates":[[[120.307918,22.617055],[120.308051,22.617101],[120.308061,22.617078],[120.308219,22.617132],[120.308267,22.617014],[120.308007,22.616924],[120.307966,22.616936],[120.307918,22.617055]]]}},{"type":"Feature","id":"w1059399330","properties":{"kind":"building","category":"apartments","name":null,"area_m2":422.7,"centroid":[120.308039,22.617153]},"geometry":{"type":"Polygon","coordinates":[[[120.307867,22.617179],[120.308159,22.61728],[120.3082,22.617178],[120.308042,22.617124],[120.308051,22.617101],[120.307918,22.617055],[120.307867,22.617179]]]}},{"type":"Feature","id":"w1059399339","properties":{"kind":"building","category":"apartments","name":null,"area_m2":336.5,"centroid":[120.304891,22.623887]},"geometry":{"type":"Polygon","coordinates":[[[120.304827,22.623941],[120.304971,22.623987],[120.305031,22.623826],[120.30486,22.623771],[120.304815,22.623893],[120.304842,22.623901],[120.304827,22.623941]]]}},{"type":"Feature","id":"w1059399340","properties":{"kind":"building","category":"apartments","name":null,"area_m2":432.8,"centroid":[120.304616,22.621485]},"geometry":{"type":"Polygon","coordinates":[[[120.304488,22.621546],[120.304666,22.62161],[120.304744,22.621424],[120.304566,22.62136],[120.304488,22.621546]]]}},{"type":"Feature","id":"w1059399374","properties":{"kind":"building","category":"apartments","name":null,"area_m2":458.2,"centroid":[120.289115,22.633855]},"geometry":{"type":"Polygon","coordinates":[[[120.289279,22.63384],[120.289004,22.633743],[120.288951,22.633871],[120.289226,22.633968],[120.289279,22.63384]]]}},{"type":"Feature","id":"w1059399375","properties":{"kind":"building","category":"apartments","name":null,"area_m2":470.6,"centroid":[120.286374,22.638581]},"geometry":{"type":"Polygon","coordinates":[[[120.286438,22.63843],[120.28637,22.63861],[120.286454,22.638638],[120.286416,22.638737],[120.28623,22.638676],[120.286336,22.638397],[120.286438,22.63843]]]}},{"type":"Feature","id":"w1059399376","properties":{"kind":"building","category":"apartments","name":null,"area_m2":772.8,"centroid":[120.28632,22.638257]},"geometry":{"type":"Polygon","coordinates":[[[120.286336,22.638397],[120.2864,22.638232],[120.286303,22.6382],[120.286265,22.638298],[120.28611,22.638248],[120.286179,22.638069],[120.286532,22.638184],[120.286438,22.63843],[120.286336,22.638397]]]}},{"type":"Feature","id":"w1059399377","properties":{"kind":"building","category":"apartments","name":null,"area_m2":633.3,"centroid":[120.284727,22.64004]},"geometry":{"type":"Polygon","coordinates":[[[120.284556,22.64011],[120.284744,22.639783],[120.284856,22.639838],[120.284742,22.640037],[120.284807,22.640069],[120.284749,22.640171],[120.284689,22.640141],[120.284673,22.640168],[120.284556,22.64011]]]}},{"type":"Feature","id":"w1059399380","properties":{"kind":"building","category":"apartments","name":null,"area_m2":392.0,"centroid":[120.285949,22.639513]},"geometry":{"type":"Polygon","coordinates":[[[120.286066,22.639616],[120.28611,22.639507],[120.285832,22.639411],[120.285787,22.639519],[120.286066,22.639616]]]}},{"type":"Feature","id":"w1059399381","properties":{"kind":"building","category":"apartments","name":null,"area_m2":300.5,"centroid":[120.286194,22.639599]},"geometry":{"type":"Polygon","coordinates":[[[120.286278,22.63969],[120.286323,22.639581],[120.28611,22.639507],[120.286066,22.639616],[120.286278,22.63969]]]}},{"type":"Feature","id":"w1059399382","properties":{"kind":"building","category":"apartments","name":null,"area_m2":219.9,"centroid":[120.286326,22.639654]},"geometry":{"type":"Polygon","coordinates":[[[120.286255,22.639747],[120.286341,22.639777],[120.286421,22.639579],[120.286335,22.639549],[120.286323,22.639581],[120.286278,22.63969],[120.286255,22.639747]]]}},{"type":"Feature","id":"w1059400265","properties":{"kind":"building","category":"apartments","name":null,"area_m2":272.8,"centroid":[120.296925,22.632319]},"geometry":{"type":"Polygon","coordinates":[[[120.29693,22.632442],[120.297019,22.63223],[120.296921,22.632195],[120.296831,22.632407],[120.29693,22.632442]]]}},{"type":"Feature","id":"w1059400266","properties":{"kind":"building","category":"apartments","name":null,"area_m2":303.0,"centroid":[120.296766,22.632513]},"geometry":{"type":"Polygon","coordinates":[[[120.296907,22.632506],[120.296663,22.632423],[120.296625,22.63252],[120.296869,22.632602],[120.296907,22.632506]]]}},{"type":"Feature","id":"w1059400267","properties":{"kind":"building","category":"apartments","name":null,"area_m2":184.1,"centroid":[120.296635,22.632582]},"geometry":{"type":"Polygon","coordinates":[[[120.296697,22.632653],[120.296731,22.63256],[120.296574,22.632511],[120.29654,22.632603],[120.296697,22.632653]]]}},{"type":"Feature","id":"w1059400268","properties":{"kind":"building","category":"apartments","name":null,"area_m2":1221.9,"centroid":[120.296869,22.63158]},"geometry":{"type":"Polygon","coordinates":[[[120.297186,22.631598],[120.296622,22.631396],[120.296553,22.631562],[120.297116,22.631764],[120.297186,22.631598]]]}},{"type":"Feature","id":"w1059400269","properties":{"kind":"building","category":"apartments","name":null,"area_m2":1309.5,"centroid":[120.296774,22.630742]},"geometry":{"type":"Polygon","coordinates":[[[120.297025,22.630923],[120.297092,22.630742],[120.296523,22.630561],[120.296455,22.630742],[120.297025,22.630923]]]}},{"type":"Feature","id":"w1059400270","properties":{"kind":"building","category":"apartments","name":null,"area_m2":389.2,"centroid":[120.2947,22.630424]},"geometry":{"type":"Polygon","coordinates":[[[120.294764,22.630535],[120.294819,22.630364],[120.294635,22.630313],[120.29458,22.630484],[120.294764,22.630535]]]}},{"type":"Feature","id":"w1059400271","properties":{"kind":"building","category":"apartments","name":null,"area_m2":430.4,"centroid":[120.290239,22.630741]},"geometry":{"type":"Polygon","coordinates":[[[120.290097,22.630636],[120.290057,22.63074],[120.290382,22.630845],[120.290421,22.630741],[120.290097,22.630636]]]}},{"type":"Feature","id":"w1059400272","properties":{"kind":"building","category":"apartments","name":null,"area_m2":186.7,"centroid":[120.2837,22.630624]},"geometry":{"type":"Polygon","coordinates":[[[120.283784,22.630675],[120.283708,22.630532],[120.283615,22.630574],[120.283692,22.630717],[120.283784,22.630675]]]}},{"type":"Feature","id":"w1059400273","properties":{"kind":"building","category":"apartments","name":null,"area_m2":474.0,"centroid":[120.284636,22.630192]},"geometry":{"type":"Polygon","coordinates":[[[120.284566,22.630319],[120.284787,22.630217],[120.284705,22.630066],[120.284484,22.630168],[120.284566,22.630319]]]}},{"type":"Feature","id":"w1059400274","properties":{"kind":"building","category":"apartments","name":null,"area_m2":740.4,"centroid":[120.284928,22.629899]},"geometry":{"type":"Polygon","coordinates":[[[120.285126,22.630011],[120.285016,22.629804],[120.2849,22.629857],[120.28486,22.629783],[120.284759,22.629829],[120.284909,22.63011],[120.285126,22.630011]]]}},{"type":"Feature","id":"w1059400275","properties":{"kind":"building","category":"apartments","name":null,"area_m2":547.5,"centroid":[120.283761,22.629814]},"geometry":{"type":"Polygon","coordinates":[[[120.283902,22.629908],[120.283779,22.629655],[120.28362,22.629721],[120.283743,22.629973],[120.283902,22.629908]]]}},{"type":"Feature","id":"w1059400276","properties":{"kind":"building","category":"apartments","name":null,"area_m2":1113.9,"centroid":[120.28387,22.63015]},"geometry":{"type":"Polygon","coordinates":[[[120.284102,22.630182],[120.283969,22.629953],[120.283637,22.630117],[120.28377,22.630347],[120.284102,22.630182]]]}},{"type":"Feature","id":"w1059400277","properties":{"kind":"building","category":"apartments","name":null,"area_m2":89.6,"centroid":[120.282256,22.62956]},"geometry":{"type":"Polygon","coordinates":[[[120.282338,22.629546],[120.282311,22.629503],[120.282174,22.629574],[120.282201,22.629618],[120.282338,22.629546]]]}},{"type":"Feature","id":"w1059400278","properties":{"kind":"building","category":"apartments","name":null,"area_m2":163.7,"centroid":[120.282629,22.629439]},"geometry":{"type":"Polygon","coordinates":[[[120.282744,22.629413],[120.282709,22.629358],[120.282513,22.629465],[120.282548,22.629519],[120.282744,22.629413]]]}},{"type":"Feature","id":"w1059400279","properties":{"kind":"building","category":"apartments","name":null,"area_m2":196.4,"centroid":[120.281732,22.628649]},"geometry":{"type":"Polygon","coordinates":[[[120.281835,22.628616],[120.281767,22.628554],[120.281629,22.628681],[120.281697,22.628744],[120.281835,22.628616]]]}},{"type":"Feature","id":"w1059400280","properties":{"kind":"building","category":"apartments","name":null,"area_m2":171.0,"centroid":[120.282117,22.627762]},"geometry":{"type":"Polygon","coordinates":[[[120.28207,22.627838],[120.282212,22.627767],[120.282164,22.627685],[120.282022,22.627756],[120.28207,22.627838]]]}},{"type":"Feature","id":"w1059400281","properties":{"kind":"building","category":"apartments","name":null,"area_m2":852.5,"centroid":[120.282291,22.62747]},"geometry":{"type":"Polygon","coordinates":[[[120.28222,22.627473],[120.282182,22.627491],[120.282311,22.627722],[120.282504,22.62763],[120.282375,22.627399],[120.282331,22.62742],[120.282258,22.627288],[120.282146,22.627341],[120.28222,22.627473]]]}},{"type":"Feature","id":"w1059400282","properties":{"kind":"building","category":"apartments","name":null,"area_m2":484.7,"centroid":[120.282333,22.625993]},"geometry":{"type":"Polygon","coordinates":[[[120.282502,22.625997],[120.282437,22.625869],[120.282164,22.625988],[120.28223,22.626116],[120.282502,22.625997]]]}},{"type":"Feature","id":"w1059400283","properties":{"kind":"building","category":"apartments","name":null,"area_m2":402.4,"centroid":[120.280984,22.625737]},"geometry":{"type":"Polygon","coordinates":[[[120.28113,22.625747],[120.281058,22.625621],[120.280838,22.625728],[120.28091,22.625854],[120.28113,22.625747]]]}},{"type":"Feature","id":"w1059400284","properties":{"kind":"building","category":"apartments","name":null,"area_m2":348.2,"centroid":[120.283648,22.62215]},"geometry":{"type":"Polygon","coordinates":[[[120.283575,22.62226],[120.283787,22.622151],[120.283721,22.62204],[120.283509,22.62215],[120.283575,22.62226]]]}},{"type":"Feature","id":"w1059400288","properties":{"kind":"building","category":"apartments","name":null,"area_m2":305.0,"centroid":[120.272746,22.620172]},"geometry":{"type":"Polygon","coordinates":[[[120.272864,22.620195],[120.27277,22.620063],[120.272628,22.620149],[120.272721,22.620281],[120.272864,22.620195]]]}},{"type":"Feature","id":"w1059400289","properties":{"kind":"building","category":"apartments","name":null,"area_m2":287.7,"centroid":[120.272836,22.6203]},"geometry":{"type":"Polygon","coordinates":[[[120.272952,22.62032],[120.272864,22.620195],[120.272721,22.620281],[120.272809,22.620405],[120.272952,22.62032]]]}},{"type":"Feature","id":"w1059400290","properties":{"kind":"building","category":"apartments","name":null,"area_m2":359.6,"centroid":[120.273065,22.620636]},"geometry":{"type":"Polygon","coordinates":[[[120.273114,22.620524],[120.272938,22.620605],[120.273016,22.620749],[120.273192,22.620668],[120.273114,22.620524]]]}},{"type":"Feature","id":"w1059400291","properties":{"kind":"building","category":"apartments","name":null,"area_m2":402.6,"centroid":[120.27359,22.620446]},"geometry":{"type":"Polygon","coordinates":[[[120.273717,22.620513],[120.273601,22.620311],[120.273464,22.620378],[120.27358,22.62058],[120.273717,22.620513]]]}},{"type":"Feature","id":"w1061323441","properties":{"kind":"green","category":"park","name":"府北公園","area_m2":2357.2,"centroid":[120.285323,22.628778]},"geometry":{"type":"Polygon","coordinates":[[[120.28544,22.628993],[120.285603,22.628536],[120.285433,22.628484],[120.284985,22.628671],[120.285125,22.628958],[120.285353,22.629028],[120.28544,22.628993]]]}},{"type":"Feature","id":"w1062339859","properties":{"kind":"building","category":"transportation","name":null,"area_m2":8746.1,"centroid":[120.274846,22.621469]},"geometry":{"type":"Polygon","coordinates":[[[120.273344,22.622281],[120.274602,22.621563],[120.274779,22.621462],[120.275114,22.621271],[120.275359,22.621636],[120.275482,22.621567],[120.275458,22.621529],[120.275572,22.621468],[120.275501,22.621341],[120.275522,22.621331],[120.275469,22.621236],[120.275606,22.621182],[120.275553,22.621063],[120.27622,22.620654],[120.276124,22.620509],[120.275399,22.620926],[120.273573,22.621977],[120.273428,22.621748],[120.273148,22.62191],[120.273252,22.622071],[120.273251,22.622117],[120.273344,22.622281]]]}},{"type":"Feature","id":"w1062344473","properties":{"kind":"building","category":"transportation","name":null,"area_m2":6512.8,"centroid":[120.283943,22.623849]},"geometry":{"type":"Polygon","coordinates":[[[120.283367,22.622692],[120.284316,22.624413],[120.284384,22.624422],[120.284651,22.624295],[120.28471,22.624407],[120.284552,22.624479],[120.284584,22.624553],[120.284556,22.624565],[120.284591,22.624635],[120.28448,22.624692],[120.284634,22.62499],[120.284482,22.625067],[120.283519,22.623291],[120.283343,22.623377],[120.283241,22.623182],[120.283276,22.623164],[120.283198,22.623023],[120.283225,22.623012],[120.283178,22.62293],[120.28329,22.622873],[120.283228,22.622757],[120.283367,22.622692]]]}},{"type":"Feature","id":"w1062346807","properties":{"kind":"building","category":"transportation","name":null,"area_m2":7615.5,"centroid":[120.294793,22.628972]},"geometry":{"type":"Polygon","coordinates":[[[120.293591,22.629093],[120.293733,22.629138],[120.29385,22.628864],[120.294351,22.62902],[120.294379,22.628962],[120.294925,22.629143],[120.294888,22.629236],[120.295346,22.629376],[120.29538,22.629296],[120.295427,22.629308],[120.295399,22.629366],[120.295578,22.629427],[120.295557,22.629473],[120.295594,22.62949],[120.295573,22.629543],[120.295635,22.629556],[120.295698,22.629397],[120.295608,22.629367],[120.295668,22.629194],[120.295733,22.629211],[120.295776,22.629056],[120.295726,22.629041],[120.295707,22.629093],[120.295659,22.629082],[120.295645,22.629118],[120.295489,22.629077],[120.295459,22.629133],[120.295401,22.62911],[120.295424,22.629049],[120.295011,22.628928],[120.294984,22.628976],[120.29446,22.628812],[120.294479,22.62876],[120.294129,22.628659],[120.294103,22.628628],[120.294161,22.628473],[120.294104,22.628454],[120.294096,22.628471],[120.293789,22.628375],[120.293808,22.628331],[120.293739,22.628309],[120.293718,22.628344],[120.293658,22.628324],[120.29361,22.628442],[120.293828,22.628515],[120.293713,22.628835],[120.293689,22.62883],[120.293591,22.629093]]]}},{"type":"Feature","id":"w1062352122","properties":{"kind":"building","category":"transportation","name":null,"area_m2":35061.4,"centroid":[120.302526,22.631784]},"geometry":{"type":"Polygon","coordinates":[[[120.302102,22.630839],[120.302031,22.630824],[120.30196,22.630814],[120.301923,22.630455],[120.301694,22.630477],[120.301701,22.630546],[120.301635,22.630556],[120.301662,22.63085],[120.301579,22.630887],[120.301478,22.63095],[120.3014,22.631017],[120.301335,22.631105],[120.301255,22.631294],[120.301246,22.631497],[120.30131,22.631692],[120.301437,22.631855],[120.301615,22.631972],[120.301748,22.632008],[120.301799,22.632514],[120.301833,22.632851],[120.301924,22.632845],[120.301976,22.633446],[120.302165,22.635736],[120.302333,22.635718],[120.302148,22.633428],[120.302125,22.633066],[120.302118,22.632964],[120.302114,22.632895],[120.302109,22.632746],[120.302113,22.632624],[120.302122,22.632477],[120.302128,22.63241],[120.302223,22.6324],[120.302189,22.632049],[120.302204,22.631992],[120.302244,22.631949],[120.302411,22.63182],[120.302524,22.631648],[120.302546,22.631583],[120.302562,22.631521],[120.304761,22.631367],[120.304757,22.63134],[120.305174,22.631307],[120.305173,22.631266],[120.30599,22.631205],[120.305978,22.631054],[120.304569,22.631151],[120.304558,22.631101],[120.304485,22.631104],[120.304485,22.631058],[120.302514,22.631187],[120.302453,22.63107],[120.302299,22.630925],[120.302166,22.630863],[120.302102,22.630839]]]}},{"type":"Feature","id":"w1062493123","properties":{"kind":"building","category":"transportation","name":null,"area_m2":12512.2,"centroid":[120.300912,22.625029]},"geometry":{"type":"Polygon","coordinates":[[[120.301416,22.625958],[120.301464,22.625948],[120.301184,22.623624],[120.301114,22.623633],[120.301146,22.623991],[120.300834,22.624014],[120.3007,22.624024],[120.300702,22.624085],[120.300627,22.62409],[120.300634,22.624155],[120.300706,22.624149],[120.30071,22.624212],[120.300849,22.624205],[120.300878,22.62455],[120.300333,22.624831],[120.300339,22.625021],[120.300803,22.625147],[120.300818,22.625255],[120.301062,22.625235],[120.301121,22.625695],[120.301015,22.625708],[120.300979,22.625755],[120.300816,22.625776],[120.300822,22.625828],[120.300775,22.625834],[120.300782,22.625886],[120.30083,22.625881],[120.300847,22.625997],[120.301309,22.625929],[120.30128,22.625753],[120.301385,22.625739],[120.301416,22.625958]]]}},{"type":"Feature","id":"w1065920187","properties":{"kind":"building","category":"yes","name":null,"area_m2":165.3,"centroid":[120.278225,22.635407]},"geometry":{"type":"Polygon","coordinates":[[[120.278112,22.635436],[120.278112,22.635427],[120.278117,22.635368],[120.278189,22.635372],[120.278201,22.635372],[120.278323,22.635381],[120.278323,22.635417],[120.278323,22.635437],[120.278323,22.635451],[120.278112,22.635436]]]}},{"type":"Feature","id":"w1066019298","properties":{"kind":"building","category":"transportation","name":null,"area_m2":10822.7,"centroid":[120.304481,22.613912]},"geometry":{"type":"Polygon","coordinates":[[[120.304506,22.61457],[120.304557,22.614588],[120.304695,22.614244],[120.304627,22.614221],[120.304559,22.614368],[120.30449,22.614343],[120.304585,22.614109],[120.304625,22.614124],[120.3047,22.613953],[120.304808,22.613985],[120.305119,22.614012],[120.30513,22.613896],[120.304794,22.613871],[120.304918,22.613508],[120.304863,22.61346],[120.304946,22.613218],[120.304885,22.613201],[120.304818,22.613385],[120.30477,22.613374],[120.30484,22.613176],[120.304619,22.613112],[120.304709,22.612856],[120.304652,22.61284],[120.304467,22.613328],[120.304344,22.613298],[120.30421,22.613396],[120.304324,22.613433],[120.304303,22.61348],[120.304259,22.613463],[120.304222,22.613548],[120.304266,22.613562],[120.304207,22.613701],[120.304363,22.613752],[120.304342,22.613816],[120.304307,22.613801],[120.304231,22.614005],[120.30429,22.614022],[120.304231,22.614203],[120.304145,22.614176],[120.304006,22.614544],[120.304048,22.614556],[120.303958,22.614813],[120.303996,22.614824],[120.303952,22.614926],[120.304246,22.615015],[120.304291,22.614877],[120.304389,22.614906],[120.304506,22.61457]]]}},{"type":"Feature","id":"w1066287673","properties":{"kind":"building","category":"yes","name":null,"area_m2":31.3,"centroid":[120.278332,22.637998]},"geometry":{"type":"Polygon","coordinates":[[[120.278357,22.638044],[120.27838,22.638035],[120.278344,22.637988],[120.278301,22.637946],[120.278285,22.637975],[120.278327,22.638002],[120.278357,22.638044]]]}},{"type":"Feature","id":"w1067025826","properties":{"kind":"building","category":"yes","name":null,"area_m2":82.3,"centroid":[120.278718,22.635407]},"geometry":{"type":"Polygon","coordinates":[[[120.278643,22.635421],[120.278759,22.635351],[120.278792,22.635392],[120.278678,22.635464],[120.278643,22.635421]]]}},{"type":"Feature","id":"w1068233141","properties":{"kind":"building","category":"yes","name":"南塔","area_m2":613.8,"centroid":[120.278305,22.638269]},"geometry":{"type":"Polygon","coordinates":[[[120.278342,22.638426],[120.278149,22.63834],[120.278268,22.638113],[120.278461,22.638199],[120.278342,22.638426]]]}},{"type":"Feature","id":"w1068233143","properties":{"kind":"building","category":"yes","name":"法師室","area_m2":614.5,"centroid":[120.27782,22.639864]},"geometry":{"type":"Polygon","coordinates":[[[120.277656,22.639915],[120.277913,22.639999],[120.277985,22.639812],[120.277728,22.639728],[120.277656,22.639915]]]}},{"type":"Feature","id":"w1070269088","properties":{"kind":"building","category":"yes","name":"共興堂","area_m2":150.3,"centroid":[120.26764,22.61941]},"geometry":{"type":"Polygon","coordinates":[[[120.267552,22.619411],[120.267652,22.619482],[120.267732,22.619411],[120.267625,22.619335],[120.267552,22.619411]]]}},{"type":"Feature","id":"w1072750095","properties":{"kind":"building","category":"apartments","name":null,"area_m2":340.5,"centroid":[120.304231,22.636065]},"geometry":{"type":"Polygon","coordinates":[[[120.304116,22.635948],[120.304123,22.636086],[120.304173,22.636084],[120.304174,22.636106],[120.304279,22.636101],[120.30428,22.636126],[120.304314,22.636125],[120.304311,22.636068],[120.304305,22.63594],[120.304116,22.635948]]]}},{"type":"Feature","id":"w1073467535","properties":{"kind":"building","category":"yes","name":"相思亭","area_m2":36.0,"centroid":[120.270567,22.639759]},"geometry":{"type":"Polygon","coordinates":[[[120.270551,22.639796],[120.270611,22.639757],[120.270583,22.639722],[120.270524,22.63976],[120.270551,22.639796]]]}},{"type":"Feature","id":"w108126654","properties":{"kind":"green","category":"park","name":"中央公園","area_m2":110117.3,"centroid":[120.299375,22.624274]},"geometry":{"type":"Polygon","coordinates":[[[120.297471,22.625627],[120.297503,22.625637],[120.297731,22.625714],[120.300641,22.626687],[120.300784,22.626599],[120.301101,22.626404],[120.300808,22.623534],[120.30079,22.623373],[120.300629,22.623195],[120.299153,22.622716],[120.29908,22.6228],[120.298944,22.622899],[120.29878,22.622953],[120.298651,22.622977],[120.298564,22.622998],[120.297471,22.625627]]]}},{"type":"Feature","id":"w108234967","properties":{"kind":"building","category":"retail","name":"原大統五福店 (拆除中)","area_m2":3210.7,"centroid":[120.301554,22.623717]},"geometry":{"type":"Polygon","coordinates":[[[120.301284,22.624008],[120.301547,22.623987],[120.301518,22.623721],[120.30192,22.623861],[120.302015,22.623608],[120.301358,22.623389],[120.301233,22.623447],[120.301284,22.624008]]]}},{"type":"Feature","id":"w1103150042","properties":{"kind":"building","category":"apartments","name":null,"area_m2":2492.9,"centroid":[120.283597,22.63239]},"geometry":{"type":"Polygon","coordinates":[[[120.283398,22.632585],[120.283246,22.632297],[120.283702,22.632099],[120.283775,22.632216],[120.283804,22.632222],[120.283933,22.632445],[120.283488,22.632672],[120.283429,22.632582],[120.283398,22.632585]]]}},{"type":"Feature","id":"w1103150043","properties":{"kind":"building","category":"house","name":null,"area_m2":483.7,"centroid":[120.284199,22.631608]},"geometry":{"type":"Polygon","coordinates":[[[120.284095,22.631736],[120.284012,22.631599],[120.284242,22.631486],[120.284324,22.631589],[120.284322,22.631628],[120.284095,22.631736]]]}},{"type":"Feature","id":"w1105092884","properties":{"kind":"building","category":"apartments","name":"中華新都","area_m2":865.5,"centroid":[120.293219,22.634408]},"geometry":{"type":"Polygon","coordinates":[[[120.293323,22.634576],[120.293028,22.634466],[120.293113,22.634247],[120.293414,22.634345],[120.293323,22.634576]]]}},{"type":"Feature","id":"w1115673690","properties":{"kind":"green","category":"grass","name":null,"area_m2":502.9,"centroid":[120.303295,22.637854]},"geometry":{"type":"Polygon","coordinates":[[[120.302836,22.637769],[120.303245,22.637837],[120.303328,22.637857],[120.303382,22.637882],[120.30341,22.637919],[120.303442,22.637983],[120.303421,22.637732],[120.302836,22.637769]]]}},{"type":"Feature","id":"w111732275","properties":{"kind":"building","category":"retail","name":"遠東百貨高雄大遠百","area_m2":4811.6,"centroid":[120.304323,22.612983]},"geometry":{"type":"Polygon","coordinates":[[[120.30398,22.613185],[120.304086,22.612903],[120.304298,22.612334],[120.304355,22.612353],[120.304678,22.61246],[120.304764,22.612489],[120.304546,22.613097],[120.304502,22.613131],[120.30445,22.613166],[120.304399,22.613195],[120.304348,22.61322],[120.304267,22.613247],[120.304207,22.613253],[120.30415,22.613246],[120.304103,22.613236],[120.304031,22.613211],[120.30398,22.613185]]]}},{"type":"Feature","id":"w1117542470","properties":{"kind":"building","category":"service","name":null,"area_m2":54.1,"centroid":[120.294655,22.639572]},"geometry":{"type":"Polygon","coordinates":[[[120.294659,22.639622],[120.294701,22.639546],[120.294651,22.639523],[120.294609,22.639599],[120.294659,22.639622]]]}},{"type":"Feature","id":"w1117542471","properties":{"kind":"building","category":"service","name":null,"area_m2":196.3,"centroid":[120.294268,22.639401]},"geometry":{"type":"Polygon","coordinates":[[[120.294401,22.639395],[120.294227,22.639309],[120.294201,22.639354],[120.294227,22.639367],[120.294222,22.639377],[120.294248,22.63939],[120.294231,22.639418],[120.294291,22.639447],[120.294284,22.639459],[120.294346,22.63949],[120.294401,22.639395]]]}},{"type":"Feature","id":"w1117542472","properties":{"kind":"building","category":"service","name":null,"area_m2":131.8,"centroid":[120.294465,22.639481]},"geometry":{"type":"Polygon","coordinates":[[[120.294377,22.639482],[120.294414,22.639415],[120.294552,22.639481],[120.294515,22.639547],[120.294377,22.639482]]]}},{"type":"Feature","id":"w1117542473","properties":{"kind":"building","category":"service","name":null,"area_m2":32.7,"centroid":[120.294571,22.63953]},"geometry":{"type":"Polygon","coordinates":[[[120.294534,22.63956],[120.294579,22.639485],[120.294608,22.6395],[120.294564,22.639575],[120.294534,22.63956]]]}},{"type":"Feature","id":"w1117542474","properties":{"kind":"building","category":"train_station","name":"三塊厝","area_m2":530.0,"centroid":[120.293914,22.63924]},"geometry":{"type":"Polygon","coordinates":[[[120.294153,22.639412],[120.294216,22.639304],[120.293955,22.639175],[120.293909,22.639253],[120.293777,22.639187],[120.293788,22.639168],[120.293699,22.639124],[120.293671,22.639172],[120.294057,22.639364],[120.294153,22.639412]]]}},{"type":"Feature","id":"w1117542481","properties":{"kind":"building","category":"service","name":null,"area_m2":545.4,"centroid":[120.292842,22.638719]},"geometry":{"type":"Polygon","coordinates":[[[120.293137,22.638898],[120.293171,22.638838],[120.292548,22.638539],[120.292513,22.6386],[120.293137,22.638898]]]}},{"type":"Feature","id":"w1118897582","properties":{"kind":"green","category":"park","name":"綠川里公園","area_m2":1725.4,"centroid":[120.284058,22.63674]},"geometry":{"type":"Polygon","coordinates":[[[120.283823,22.63707],[120.28423,22.636918],[120.284277,22.636689],[120.284184,22.636597],[120.283931,22.636566],[120.283904,22.636602],[120.283823,22.63707]]]}},{"type":"Feature","id":"w1118897586","properties":{"kind":"building","category":"temple","name":"三保宮","area_m2":238.1,"centroid":[120.283142,22.637656]},"geometry":{"type":"Polygon","coordinates":[[[120.283206,22.637735],[120.283225,22.637595],[120.283077,22.637578],[120.283059,22.637718],[120.283206,22.637735]]]}},{"type":"Feature","id":"w114252577","properties":{"kind":"building","category":"industrial","name":null,"area_m2":519.5,"centroid":[120.271415,22.618329]},"geometry":{"type":"Polygon","coordinates":[[[120.271184,22.618332],[120.27121,22.618231],[120.271647,22.618328],[120.271621,22.618425],[120.271184,22.618332]]]}},{"type":"Feature","id":"w114252589","properties":{"kind":"building","category":"yes","name":"新濱町海洋廚房","area_m2":2327.2,"centroid":[120.270167,22.619192]},"geometry":{"type":"Polygon","coordinates":[[[120.270037,22.619531],[120.270235,22.619539],[120.270239,22.619453],[120.270241,22.619412],[120.270285,22.618506],[120.270087,22.618498],[120.270043,22.619406],[120.270037,22.619531]]]}},{"type":"Feature","id":"w1143923086","properties":{"kind":"building","category":"yes","name":"高雄市莊姓宗親會館","area_m2":72.6,"centroid":[120.267939,22.619491]},"geometry":{"type":"Polygon","coordinates":[[[120.267911,22.619538],[120.267898,22.619446],[120.267972,22.619444],[120.267975,22.619537],[120.267911,22.619538]]]}},{"type":"Feature","id":"w1151143680","properties":{"kind":"green","category":"forest","name":"榕園(紫槓學姊)","area_m2":1167.8,"centroid":[120.294004,22.621425]},"geometry":{"type":"Polygon","coordinates":[[[120.294152,22.621597],[120.294157,22.621256],[120.293856,22.621252],[120.293851,22.621594],[120.294152,22.621597]]]}},{"type":"Feature","id":"w1151925118","properties":{"kind":"building","category":"apartments","name":"hai chen building","area_m2":207.1,"centroid":[120.270422,22.624075]},"geometry":{"type":"Polygon","coordinates":[[[120.270516,22.624112],[120.270417,22.624169],[120.270327,22.624037],[120.270427,22.62398],[120.270516,22.624112]]]}},{"type":"Feature","id":"w1153183708","properties":{"kind":"building","category":"apartments","name":null,"area_m2":699.7,"centroid":[120.303194,22.636885]},"geometry":{"type":"Polygon","coordinates":[[[120.303351,22.636979],[120.303338,22.636775],[120.303037,22.636791],[120.30305,22.636995],[120.303351,22.636979]]]}},{"type":"Feature","id":"w1153183709","properties":{"kind":"building","category":"apartments","name":null,"area_m2":642.5,"centroid":[120.303234,22.637202]},"geometry":{"type":"Polygon","coordinates":[[[120.30309,22.637107],[120.303103,22.637312],[120.303378,22.637297],[120.303365,22.637092],[120.30309,22.637107]]]}},{"type":"Feature","id":"w1153220172","properties":{"kind":"building","category":"apartments","name":null,"area_m2":294.7,"centroid":[120.283496,22.628071]},"geometry":{"type":"Polygon","coordinates":[[[120.283647,22.628061],[120.283609,22.627978],[120.283344,22.628082],[120.283382,22.628165],[120.283647,22.628061]]]}},{"type":"Feature","id":"w1153220173","properties":{"kind":"building","category":"commercial","name":null,"area_m2":595.6,"centroid":[120.284351,22.629598]},"geometry":{"type":"Polygon","coordinates":[[[120.284171,22.629628],[120.284121,22.629518],[120.284186,22.629452],[120.284377,22.629522],[120.284363,22.629568],[120.284391,22.629612],[120.284473,22.629551],[120.2846,22.629743],[120.284488,22.629779],[120.284382,22.62963],[120.284339,22.629604],[120.284318,22.629573],[120.284171,22.629628]]]}},{"type":"Feature","id":"w1153220174","properties":{"kind":"building","category":"apartments","name":null,"area_m2":1593.7,"centroid":[120.284505,22.631288]},"geometry":{"type":"Polygon","coordinates":[[[120.284454,22.631561],[120.284748,22.631419],[120.284761,22.631351],[120.284543,22.630968],[120.284366,22.631054],[120.284526,22.631336],[120.28446,22.631368],[120.284391,22.631245],[120.2843,22.631289],[120.284454,22.631561]]]}},{"type":"Feature","id":"w1153220175","properties":{"kind":"building","category":"apartments","name":null,"area_m2":615.1,"centroid":[120.285605,22.629515]},"geometry":{"type":"Polygon","coordinates":[[[120.285529,22.629628],[120.285701,22.629685],[120.285791,22.629454],[120.28553,22.629368],[120.285494,22.629462],[120.285583,22.629491],[120.285529,22.629628]]]}},{"type":"Feature","id":"w1153220176","properties":{"kind":"building","category":"apartments","name":null,"area_m2":461.4,"centroid":[120.285081,22.629292]},"geometry":{"type":"Polygon","coordinates":[[[120.285124,22.629396],[120.285214,22.629151],[120.285136,22.629126],[120.285102,22.629219],[120.28503,22.629197],[120.284947,22.629422],[120.285034,22.629449],[120.285061,22.629376],[120.285124,22.629396]]]}},{"type":"Feature","id":"w1153220177","properties":{"kind":"building","category":"apartments","name":null,"area_m2":374.5,"centroid":[120.285273,22.629221]},"geometry":{"type":"Polygon","coordinates":[[[120.285297,22.629354],[120.28538,22.629129],[120.285248,22.629088],[120.285166,22.629313],[120.285297,22.629354]]]}},{"type":"Feature","id":"w1153220178","properties":{"kind":"building","category":"apartments","name":null,"area_m2":498.8,"centroid":[120.285904,22.628711]},"geometry":{"type":"Polygon","coordinates":[[[120.286049,22.628659],[120.285823,22.628588],[120.285759,22.628762],[120.285986,22.628833],[120.286049,22.628659]]]}},{"type":"Feature","id":"w1153220179","properties":{"kind":"building","category":"apartments","name":null,"area_m2":891.0,"centroid":[120.281252,22.626792]},"geometry":{"type":"Polygon","coordinates":[[[120.281047,22.626653],[120.281239,22.627033],[120.28146,22.626938],[120.281358,22.626737],[120.28125,22.626784],[120.281159,22.626605],[120.281047,22.626653]]]}},{"type":"Feature","id":"w1153231181","properties":{"kind":"building","category":"apartments","name":null,"area_m2":825.5,"centroid":[120.279713,22.626547]},"geometry":{"type":"Polygon","coordinates":[[[120.279606,22.626716],[120.279899,22.626568],[120.279913,22.626506],[120.279837,22.626377],[120.279505,22.626545],[120.27952,22.62657],[120.279606,22.626716]]]}},{"type":"Feature","id":"w1153231182","properties":{"kind":"building","category":"apartments","name":null,"area_m2":603.0,"centroid":[120.280331,22.626164]},"geometry":{"type":"Polygon","coordinates":[[[120.280279,22.626291],[120.280507,22.626177],[120.28051,22.626131],[120.280436,22.626006],[120.280163,22.626143],[120.2802,22.626206],[120.280222,22.626194],[120.280279,22.626291]]]}},{"type":"Feature","id":"w1153231183","properties":{"kind":"building","category":"apartments","name":null,"area_m2":585.0,"centroid":[120.284415,22.623578]},"geometry":{"type":"Polygon","coordinates":[[[120.284213,22.62368],[120.284417,22.623586],[120.284445,22.623638],[120.284655,22.623541],[120.284587,22.623416],[120.284173,22.623607],[120.284213,22.62368]]]}},{"type":"Feature","id":"w1153231184","properties":{"kind":"building","category":"apartments","name":null,"area_m2":401.9,"centroid":[120.295004,22.618755]},"geometry":{"type":"Polygon","coordinates":[[[120.294954,22.618605],[120.294886,22.61878],[120.294936,22.618797],[120.29493,22.618813],[120.295017,22.618842],[120.295051,22.618755],[120.295107,22.618774],[120.295148,22.61867],[120.294954,22.618605]]]}},{"type":"Feature","id":"w1153231185","properties":{"kind":"building","category":"yes","name":null,"area_m2":283.8,"centroid":[120.294034,22.614165]},"geometry":{"type":"Polygon","coordinates":[[[120.294133,22.6141],[120.294006,22.614056],[120.293936,22.614229],[120.294062,22.614273],[120.294133,22.6141]]]}},{"type":"Feature","id":"w1153231186","properties":{"kind":"building","category":"yes","name":null,"area_m2":798.4,"centroid":[120.293727,22.614325]},"geometry":{"type":"Polygon","coordinates":[[[120.293759,22.614406],[120.293901,22.61434],[120.293857,22.614258],[120.293832,22.61427],[120.293753,22.614125],[120.293492,22.614245],[120.293622,22.614486],[120.293697,22.614452],[120.293642,22.614349],[120.293712,22.614317],[120.293759,22.614406]]]}},{"type":"Feature","id":"w1153231187","properties":{"kind":"building","category":"yes","name":null,"area_m2":316.9,"centroid":[120.293307,22.614477]},"geometry":{"type":"Polygon","coordinates":[[[120.293323,22.614616],[120.293418,22.614573],[120.293291,22.614337],[120.293196,22.614381],[120.293323,22.614616]]]}},{"type":"Feature","id":"w1153231188","properties":{"kind":"building","category":"apartments","name":null,"area_m2":464.4,"centroid":[120.295305,22.615734]},"geometry":{"type":"Polygon","coordinates":[[[120.295153,22.615847],[120.295331,22.615905],[120.295377,22.615786],[120.29528,22.615754],[120.295309,22.61568],[120.295353,22.615695],[120.295381,22.615622],[120.295256,22.615581],[120.295153,22.615847]]]}},{"type":"Feature","id":"w1153233820","properties":{"kind":"building","category":"roof","name":"高雄港牌樓","area_m2":154.2,"centroid":[120.279698,22.621726]},"geometry":{"type":"Polygon","coordinates":[[[120.27954,22.62178],[120.27956,22.621816],[120.279857,22.621672],[120.279837,22.621636],[120.27954,22.62178]]]}},{"type":"Feature","id":"w1153241212","properties":{"kind":"building","category":"apartments","name":null,"area_m2":882.7,"centroid":[120.306185,22.622887]},"geometry":{"type":"Polygon","coordinates":[[[120.305925,22.622943],[120.306365,22.623086],[120.306399,22.622997],[120.306364,22.622986],[120.306416,22.622849],[120.306291,22.622809],[120.306233,22.62296],[120.306046,22.622899],[120.306065,22.62285],[120.306087,22.622857],[120.306097,22.62283],[120.306133,22.622841],[120.306157,22.622779],[120.306006,22.62273],[120.305925,22.622943]]]}},{"type":"Feature","id":"w1153241214","properties":{"kind":"building","category":"apartments","name":null,"area_m2":477.9,"centroid":[120.307983,22.612661]},"geometry":{"type":"Polygon","coordinates":[[[120.307921,22.612789],[120.308132,22.612691],[120.308045,22.612532],[120.307834,22.61263],[120.307921,22.612789]]]}},{"type":"Feature","id":"w1153241215","properties":{"kind":"building","category":"commercial","name":null,"area_m2":593.2,"centroid":[120.307817,22.612254]},"geometry":{"type":"Polygon","coordinates":[[[120.307724,22.612392],[120.307927,22.612299],[120.307945,22.612261],[120.307863,22.612104],[120.307627,22.612212],[120.307724,22.612392]]]}},{"type":"Feature","id":"w1153241216","properties":{"kind":"building","category":"apartments","name":null,"area_m2":340.8,"centroid":[120.303576,22.614376]},"geometry":{"type":"Polygon","coordinates":[[[120.303659,22.614473],[120.303706,22.614347],[120.303494,22.614279],[120.303446,22.614405],[120.303659,22.614473]]]}},{"type":"Feature","id":"w1153241217","properties":{"kind":"building","category":"apartments","name":null,"area_m2":896.1,"centroid":[120.30294,22.614194]},"geometry":{"type":"Polygon","coordinates":[[[120.302993,22.614387],[120.303111,22.614073],[120.302887,22.614001],[120.302769,22.614316],[120.302993,22.614387]]]}},{"type":"Feature","id":"w1153241218","properties":{"kind":"building","category":"apartments","name":null,"area_m2":667.5,"centroid":[120.285776,22.62776]},"geometry":{"type":"Polygon","coordinates":[[[120.285794,22.628031],[120.285911,22.62774],[120.285814,22.627513],[120.285743,22.627542],[120.285781,22.627614],[120.285721,22.627653],[120.285772,22.627759],[120.285697,22.627964],[120.28575,22.628027],[120.285794,22.628031]]]}},{"type":"Feature","id":"w1153241219","properties":{"kind":"building","category":"apartments","name":null,"area_m2":508.2,"centroid":[120.283382,22.622154]},"geometry":{"type":"Polygon","coordinates":[[[120.283445,22.622356],[120.28354,22.622306],[120.283319,22.621952],[120.283224,22.622003],[120.283445,22.622356]]]}},{"type":"Feature","id":"w1153241220","properties":{"kind":"building","category":"apartments","name":null,"area_m2":555.2,"centroid":[120.283237,22.622228]},"geometry":{"type":"Polygon","coordinates":[[[120.283289,22.622436],[120.283394,22.622385],[120.283186,22.62202],[120.283081,22.62207],[120.283289,22.622436]]]}},{"type":"Feature","id":"w1153241279","properties":{"kind":"building","category":"apartments","name":null,"area_m2":755.3,"centroid":[120.28337,22.619818]},"geometry":{"type":"Polygon","coordinates":[[[120.283194,22.619751],[120.283322,22.619989],[120.283546,22.619886],[120.283418,22.619648],[120.283194,22.619751]]]}},{"type":"Feature","id":"w1153241280","properties":{"kind":"building","category":"apartments","name":null,"area_m2":176.5,"centroid":[120.296251,22.622031]},"geometry":{"type":"Polygon","coordinates":[[[120.296272,22.622123],[120.296304,22.622048],[120.296261,22.622032],[120.296291,22.621962],[120.29622,22.621937],[120.296159,22.622083],[120.296272,22.622123]]]}},{"type":"Feature","id":"w1153241281","properties":{"kind":"building","category":"apartments","name":null,"area_m2":542.1,"centroid":[120.296404,22.621922]},"geometry":{"type":"Polygon","coordinates":[[[120.296384,22.621765],[120.296341,22.621873],[120.296361,22.62188],[120.29633,22.621957],[120.29637,22.62197],[120.296329,22.622077],[120.29644,22.622114],[120.296548,22.621846],[120.296536,22.621816],[120.296384,22.621765]]]}},{"type":"Feature","id":"w1153241282","properties":{"kind":"building","category":"apartments","name":null,"area_m2":876.3,"centroid":[120.296132,22.621813]},"geometry":{"type":"Polygon","coordinates":[[[120.296168,22.621692],[120.295996,22.621629],[120.295901,22.621856],[120.296156,22.621947],[120.296173,22.621905],[120.296225,22.621923],[120.296302,22.621738],[120.296168,22.621692]]]}},{"type":"Feature","id":"w1153241284","properties":{"kind":"building","category":"apartments","name":null,"area_m2":271.5,"centroid":[120.279068,22.621486]},"geometry":{"type":"Polygon","coordinates":[[[120.278966,22.621435],[120.279046,22.621591],[120.279171,22.621536],[120.279091,22.62138],[120.278966,22.621435]]]}},{"type":"Feature","id":"w1153241285","properties":{"kind":"building","category":"apartments","name":null,"area_m2":217.5,"centroid":[120.279141,22.621264]},"geometry":{"type":"Polygon","coordinates":[[[120.279235,22.621314],[120.279144,22.621164],[120.279047,22.621214],[120.279137,22.621364],[120.279235,22.621314]]]}},{"type":"Feature","id":"w1153241286","properties":{"kind":"building","category":"apartments","name":null,"area_m2":217.0,"centroid":[120.279231,22.621414]},"geometry":{"type":"Polygon","coordinates":[[[120.279325,22.621463],[120.279235,22.621314],[120.279137,22.621364],[120.279227,22.621513],[120.279325,22.621463]]]}},{"type":"Feature","id":"w1153241287","properties":{"kind":"building","category":"apartments","name":null,"area_m2":267.4,"centroid":[120.27904,22.621097]},"geometry":{"type":"Polygon","coordinates":[[[120.278935,22.621029],[120.279047,22.621214],[120.279144,22.621164],[120.279032,22.620979],[120.278935,22.621029]]]}},{"type":"Feature","id":"w1153241288","properties":{"kind":"building","category":"apartments","name":null,"area_m2":321.8,"centroid":[120.2789,22.621159]},"geometry":{"type":"Polygon","coordinates":[[[120.278885,22.621279],[120.27901,22.621224],[120.278915,22.621039],[120.27879,22.621095],[120.278885,22.621279]]]}},{"type":"Feature","id":"w1153241289","properties":{"kind":"building","category":"apartments","name":null,"area_m2":272.1,"centroid":[120.278988,22.62133]},"geometry":{"type":"Polygon","coordinates":[[[120.278885,22.621279],[120.278966,22.621435],[120.279091,22.62138],[120.27901,22.621224],[120.278885,22.621279]]]}},{"type":"Feature","id":"w1153241290","properties":{"kind":"building","category":"apartments","name":null,"area_m2":178.0,"centroid":[120.279277,22.621876]},"geometry":{"type":"Polygon","coordinates":[[[120.279195,22.621824],[120.27927,22.621968],[120.279358,22.621928],[120.279283,22.621784],[120.279195,22.621824]]]}},{"type":"Feature","id":"w1153241291","properties":{"kind":"building","category":"apartments","name":null,"area_m2":218.7,"centroid":[120.280026,22.631925]},"geometry":{"type":"Polygon","coordinates":[[[120.279936,22.631876],[120.279998,22.632017],[120.280115,22.631974],[120.280053,22.631832],[120.279936,22.631876]]]}},{"type":"Feature","id":"w1153241292","properties":{"kind":"building","category":"apartments","name":null,"area_m2":142.0,"centroid":[120.279547,22.63128]},"geometry":{"type":"Polygon","coordinates":[[[120.279558,22.631368],[120.279469,22.631228],[120.279534,22.631193],[120.279626,22.631331],[120.279558,22.631368]]]}},{"type":"Feature","id":"w1153241293","properties":{"kind":"building","category":"apartments","name":null,"area_m2":149.7,"centroid":[120.279637,22.631419]},"geometry":{"type":"Polygon","coordinates":[[[120.279647,22.631508],[120.279558,22.631368],[120.279626,22.631331],[120.279719,22.63147],[120.279647,22.631508]]]}},{"type":"Feature","id":"w1153241294","properties":{"kind":"building","category":"apartments","name":null,"area_m2":182.3,"centroid":[120.279722,22.631259]},"geometry":{"type":"Polygon","coordinates":[[[120.27973,22.631353],[120.279632,22.631213],[120.279713,22.631165],[120.279811,22.631304],[120.27973,22.631353]]]}},{"type":"Feature","id":"w1153241295","properties":{"kind":"building","category":"apartments","name":null,"area_m2":183.3,"centroid":[120.27982,22.631398]},"geometry":{"type":"Polygon","coordinates":[[[120.279828,22.631493],[120.27973,22.631353],[120.279811,22.631304],[120.279909,22.631444],[120.279828,22.631493]]]}},{"type":"Feature","id":"w1153243596","properties":{"kind":"building","category":"apartments","name":null,"area_m2":1129.4,"centroid":[120.307977,22.631993]},"geometry":{"type":"Polygon","coordinates":[[[120.307755,22.631855],[120.307786,22.632216],[120.308011,22.6322],[120.307988,22.631937],[120.308166,22.631924],[120.308158,22.631825],[120.307755,22.631855]]]}},{"type":"Feature","id":"w1153243601","properties":{"kind":"building","category":"apartments","name":null,"area_m2":359.0,"centroid":[120.305827,22.630384]},"geometry":{"type":"Polygon","coordinates":[[[120.30592,22.63047],[120.305907,22.630287],[120.305735,22.630297],[120.305748,22.63048],[120.30592,22.63047]]]}},{"type":"Feature","id":"w1153243602","properties":{"kind":"building","category":"commercial","name":null,"area_m2":539.6,"centroid":[120.306132,22.621034]},"geometry":{"type":"Polygon","coordinates":[[[120.305965,22.621137],[120.306086,22.621174],[120.306123,22.621153],[120.306137,22.621118],[120.306153,22.621123],[120.306209,22.620971],[120.306192,22.620966],[120.3062,22.620939],[120.306187,22.620897],[120.306066,22.620859],[120.305965,22.621137]]]}},{"type":"Feature","id":"w1153243603","properties":{"kind":"building","category":"office","name":null,"area_m2":804.7,"centroid":[120.305387,22.633092]},"geometry":{"type":"Polygon","coordinates":[[[120.305506,22.633254],[120.305478,22.63286],[120.305298,22.63287],[120.305324,22.633209],[120.305329,22.633265],[120.305506,22.633254]]]}},{"type":"Feature","id":"w1153243604","properties":{"kind":"building","category":"apartments","name":null,"area_m2":297.4,"centroid":[120.305303,22.630424]},"geometry":{"type":"Polygon","coordinates":[[[120.305189,22.630498],[120.305388,22.630484],[120.305382,22.630419],[120.305377,22.630353],[120.305178,22.630367],[120.305189,22.630498]]]}},{"type":"Feature","id":"w1153243973","properties":{"kind":"building","category":"apartments","name":null,"area_m2":314.6,"centroid":[120.29159,22.633739]},"geometry":{"type":"Polygon","coordinates":[[[120.291613,22.633861],[120.291688,22.633654],[120.291567,22.633617],[120.291493,22.633824],[120.291613,22.633861]]]}},{"type":"Feature","id":"w1153243974","properties":{"kind":"building","category":"apartments","name":null,"area_m2":204.1,"centroid":[120.291472,22.633523]},"geometry":{"type":"Polygon","coordinates":[[[120.291372,22.633445],[120.291341,22.63351],[120.291572,22.633602],[120.291603,22.633536],[120.291372,22.633445]]]}},{"type":"Feature","id":"w1153243975","properties":{"kind":"building","category":"apartments","name":null,"area_m2":273.7,"centroid":[120.291311,22.633754]},"geometry":{"type":"Polygon","coordinates":[[[120.291336,22.633867],[120.291399,22.633671],[120.291286,22.63364],[120.291223,22.633836],[120.291336,22.633867]]]}},{"type":"Feature","id":"w1153243976","properties":{"kind":"building","category":"apartments","name":null,"area_m2":398.3,"centroid":[120.291047,22.633243]},"geometry":{"type":"Polygon","coordinates":[[[120.290981,22.633077],[120.290897,22.633132],[120.291113,22.63341],[120.291196,22.633355],[120.290981,22.633077]]]}},{"type":"Feature","id":"w1153243977","properties":{"kind":"building","category":"apartments","name":null,"area_m2":360.9,"centroid":[120.290816,22.632968]},"geometry":{"type":"Polygon","coordinates":[[[120.290746,22.632829],[120.290667,22.632899],[120.290887,22.633108],[120.290965,22.633038],[120.290746,22.632829]]]}},{"type":"Feature","id":"w1153243978","properties":{"kind":"building","category":"apartments","name":null,"area_m2":379.8,"centroid":[120.300667,22.632389]},"geometry":{"type":"Polygon","coordinates":[[[120.300685,22.632524],[120.300779,22.6323],[120.300649,22.632254],[120.300555,22.632478],[120.300685,22.632524]]]}},{"type":"Feature","id":"w1153243979","properties":{"kind":"building","category":"apartments","name":null,"area_m2":685.5,"centroid":[120.306499,22.631835]},"geometry":{"type":"Polygon","coordinates":[[[120.306273,22.631765],[120.306283,22.631867],[120.306344,22.631862],[120.306349,22.63191],[120.306651,22.631885],[120.306646,22.631836],[120.306728,22.631829],[120.306718,22.631728],[120.306273,22.631765]]]}},{"type":"Feature","id":"w1153244343","properties":{"kind":"building","category":"apartments","name":null,"area_m2":267.1,"centroid":[120.292238,22.639834]},"geometry":{"type":"Polygon","coordinates":[[[120.292152,22.639727],[120.29211,22.63983],[120.292213,22.639866],[120.292229,22.639827],[120.292263,22.639838],[120.292247,22.639878],[120.292322,22.639904],[120.292365,22.639801],[120.292152,22.639727]]]}},{"type":"Feature","id":"w1153244344","properties":{"kind":"building","category":"apartments","name":null,"area_m2":360.7,"centroid":[120.292233,22.64004]},"geometry":{"type":"Polygon","coordinates":[[[120.292095,22.640079],[120.292214,22.640096],[120.292223,22.640041],[120.292238,22.640044],[120.292232,22.640077],[120.292252,22.64008],[120.292248,22.640101],[120.292333,22.640114],[120.292351,22.640013],[120.292235,22.639996],[120.292246,22.639929],[120.292124,22.639911],[120.292095,22.640079]]]}},{"type":"Feature","id":"w1153244345","properties":{"kind":"building","category":"apartments","name":null,"area_m2":655.7,"centroid":[120.292676,22.640074]},"geometry":{"type":"Polygon","coordinates":[[[120.292519,22.640148],[120.292749,22.640223],[120.292834,22.639999],[120.292604,22.639925],[120.292519,22.640148]]]}},{"type":"Feature","id":"w1153244346","properties":{"kind":"building","category":"apartments","name":null,"area_m2":716.9,"centroid":[120.293652,22.639641]},"geometry":{"type":"Polygon","coordinates":[[[120.293453,22.639713],[120.293652,22.639778],[120.293698,22.639658],[120.293756,22.639677],[120.293804,22.639551],[120.293547,22.639468],[120.293453,22.639713]]]}},{"type":"Feature","id":"w1153244347","properties":{"kind":"building","category":"apartments","name":null,"area_m2":1082.1,"centroid":[120.293618,22.639926]},"geometry":{"type":"Polygon","coordinates":[[[120.293334,22.639988],[120.293795,22.640138],[120.293889,22.639891],[120.293736,22.639842],[120.293677,22.639997],[120.293526,22.639948],[120.293572,22.639827],[120.293415,22.639776],[120.293334,22.639988]]]}},{"type":"Feature","id":"w115547602","properties":{"kind":"building","category":"yes","name":"高雄國際會議中心","area_m2":5367.1,"centroid":[120.28592,22.626582]},"geometry":{"type":"Polygon","coordinates":[[[120.285983,22.627207],[120.285714,22.626702],[120.285734,22.626641],[120.285672,22.626618],[120.285612,22.626597],[120.285658,22.626497],[120.285693,22.626418],[120.285744,22.626434],[120.285784,22.626447],[120.285828,22.62635],[120.286115,22.626192],[120.286326,22.626273],[120.28642,22.626427],[120.286217,22.626875],[120.286307,22.627053],[120.285983,22.627207]]]}},{"type":"Feature","id":"w115591949","properties":{"kind":"building","category":"office","name":"高雄市鼓山區公所","area_m2":825.0,"centroid":[120.281104,22.636807]},"geometry":{"type":"Polygon","coordinates":[[[120.280929,22.636895],[120.281015,22.636644],[120.281278,22.63672],[120.281193,22.636971],[120.280929,22.636895]]]}},{"type":"Feature","id":"w115591950","properties":{"kind":"building","category":"yes","name":"鼓山分社","area_m2":525.4,"centroid":[120.280532,22.63708]},"geometry":{"type":"Polygon","coordinates":[[[120.280395,22.637165],[120.280501,22.63693],[120.280669,22.636994],[120.280563,22.637229],[120.280395,22.637165]]]}},{"type":"Feature","id":"w1158981890","properties":{"kind":"building","category":"residential","name":null,"area_m2":63.6,"centroid":[120.303495,22.637491]},"geometry":{"type":"Polygon","coordinates":[[[120.303551,22.637516],[120.303441,22.637517],[120.303437,22.637468],[120.303551,22.637465],[120.303551,22.637516]]]}},{"type":"Feature","id":"w1158981891","properties":{"kind":"building","category":"residential","name":null,"area_m2":60.3,"centroid":[120.303493,22.637444]},"geometry":{"type":"Polygon","coordinates":[[[120.303437,22.637468],[120.303432,22.637424],[120.303551,22.637418],[120.303551,22.637465],[120.303437,22.637468]]]}},{"type":"Feature","id":"w1158981892","properties":{"kind":"building","category":"residential","name":null,"area_m2":53.9,"centroid":[120.30349,22.637401]},"geometry":{"type":"Polygon","coordinates":[[[120.303432,22.637424],[120.303429,22.637388],[120.303549,22.637375],[120.303551,22.637418],[120.303432,22.637424]]]}},{"type":"Feature","id":"w1158981893","properties":{"kind":"building","category":"residential","name":null,"area_m2":67.5,"centroid":[120.303486,22.637357]},"geometry":{"type":"Polygon","coordinates":[[[120.303429,22.637388],[120.303423,22.637336],[120.303543,22.637329],[120.303549,22.637375],[120.303429,22.637388]]]}},{"type":"Feature","id":"w1158981894","properties":{"kind":"building","category":"residential","name":null,"area_m2":105.3,"centroid":[120.303506,22.637247]},"geometry":{"type":"Polygon","coordinates":[[[120.303419,22.637274],[120.303419,22.637219],[120.303582,22.637208],[120.303584,22.637265],[120.303527,22.637269],[120.303419,22.637274]]]}},{"type":"Feature","id":"w1158981895","properties":{"kind":"building","category":"residential","name":null,"area_m2":85.8,"centroid":[120.303499,22.637552]},"geometry":{"type":"Polygon","coordinates":[[[120.303449,22.637589],[120.303553,22.637585],[120.303551,22.637516],[120.303441,22.637517],[120.303449,22.637589]]]}},{"type":"Feature","id":"w1158981896","properties":{"kind":"building","category":"residential","name":null,"area_m2":94.5,"centroid":[120.303499,22.637188]},"geometry":{"type":"Polygon","coordinates":[[[120.303419,22.637219],[120.303415,22.637169],[120.30358,22.637157],[120.303582,22.637208],[120.303419,22.637219]]]}},{"type":"Feature","id":"w1158981897","properties":{"kind":"building","category":"yes","name":"上陞商務大飯店","area_m2":195.2,"centroid":[120.303557,22.637096]},"geometry":{"type":"Polygon","coordinates":[[[120.30344,22.637152],[120.303438,22.63707],[120.303617,22.637059],[120.303643,22.637058],[120.303647,22.637142],[120.30344,22.637152]]]}},{"type":"Feature","id":"w1158981898","properties":{"kind":"building","category":"residential","name":null,"area_m2":108.6,"centroid":[120.303526,22.637037]},"geometry":{"type":"Polygon","coordinates":[[[120.303438,22.63707],[120.303438,22.637016],[120.303612,22.637005],[120.303617,22.637059],[120.303438,22.63707]]]}},{"type":"Feature","id":"w1158981899","properties":{"kind":"building","category":"residential","name":null,"area_m2":122.5,"centroid":[120.303564,22.63701]},"geometry":{"type":"Polygon","coordinates":[[[120.303438,22.637016],[120.30344,22.636968],[120.303633,22.636956],[120.303643,22.637058],[120.303617,22.637059],[120.303612,22.637005],[120.303438,22.637016]]]}},{"type":"Feature","id":"w1158981900","properties":{"kind":"building","category":"residential","name":null,"area_m2":393.3,"centroid":[120.30352,22.636865]},"geometry":{"type":"Polygon","coordinates":[[[120.30344,22.636968],[120.30343,22.636831],[120.303465,22.636787],[120.303633,22.636781],[120.303633,22.636956],[120.30344,22.636968]]]}},{"type":"Feature","id":"w1159089659","properties":{"kind":"building","category":"residential","name":null,"area_m2":193.2,"centroid":[120.303642,22.637221]},"geometry":{"type":"Polygon","coordinates":[[[120.303627,22.637256],[120.303608,22.637258],[120.303584,22.637265],[120.303582,22.637208],[120.30358,22.637157],[120.303751,22.637156],[120.303759,22.63725],[120.303627,22.637256]]]}},{"type":"Feature","id":"w1159089662","properties":{"kind":"building","category":"residential","name":null,"area_m2":110.5,"centroid":[120.304071,22.637214]},"geometry":{"type":"Polygon","coordinates":[[[120.304038,22.637282],[120.304032,22.63715],[120.304105,22.637145],[120.30411,22.637281],[120.304038,22.637282]]]}},{"type":"Feature","id":"w1159089663","properties":{"kind":"building","category":"residential","name":null,"area_m2":175.8,"centroid":[120.304163,22.637211]},"geometry":{"type":"Polygon","coordinates":[[[120.30411,22.637281],[120.304224,22.637279],[120.304214,22.637138],[120.304105,22.637145],[120.30411,22.637281]]]}},{"type":"Feature","id":"w1159089664","properties":{"kind":"building","category":"residential","name":null,"area_m2":131.1,"centroid":[120.30426,22.637206]},"geometry":{"type":"Polygon","coordinates":[[[120.304224,22.637279],[120.304305,22.637273],[120.304298,22.637135],[120.304214,22.637138],[120.304224,22.637279]]]}},{"type":"Feature","id":"w1159091950","properties":{"kind":"building","category":"residential","name":null,"area_m2":88.6,"centroid":[120.304006,22.637217]},"geometry":{"type":"Polygon","coordinates":[[[120.303979,22.637284],[120.304038,22.637282],[120.304032,22.63715],[120.303973,22.637152],[120.303979,22.637284]]]}},{"type":"Feature","id":"w1159091951","properties":{"kind":"building","category":"residential","name":null,"area_m2":262.7,"centroid":[120.304524,22.637412]},"geometry":{"type":"Polygon","coordinates":[[[120.304464,22.637318],[120.304567,22.63731],[120.304598,22.637506],[120.304467,22.637515],[120.304464,22.637318]]]}},{"type":"Feature","id":"w1159091952","properties":{"kind":"building","category":"residential","name":null,"area_m2":208.6,"centroid":[120.304807,22.637385]},"geometry":{"type":"Polygon","coordinates":[[[120.304743,22.637305],[120.304848,22.637293],[120.30487,22.637466],[120.304765,22.637477],[120.304743,22.637305]]]}},{"type":"Feature","id":"w1159091953","properties":{"kind":"building","category":"residential","name":null,"area_m2":294.3,"centroid":[120.304982,22.637388]},"geometry":{"type":"Polygon","coordinates":[[[120.304873,22.637456],[120.305026,22.637448],[120.305076,22.637397],[120.305071,22.637314],[120.304865,22.637324],[120.304873,22.637456]]]}},{"type":"Feature","id":"w1159091954","properties":{"kind":"building","category":"residential","name":null,"area_m2":219.9,"centroid":[120.304962,22.637261]},"geometry":{"type":"Polygon","coordinates":[[[120.304865,22.637314],[120.305066,22.637303],[120.30506,22.637207],[120.304859,22.637218],[120.304865,22.637314]]]}},{"type":"Feature","id":"w1159091955","properties":{"kind":"building","category":"residential","name":null,"area_m2":150.2,"centroid":[120.304953,22.637114]},"geometry":{"type":"Polygon","coordinates":[[[120.304851,22.637148],[120.304839,22.637091],[120.30506,22.637075],[120.305061,22.63714],[120.304851,22.637148]]]}},{"type":"Feature","id":"w1159447844","properties":{"kind":"building","category":"yes","name":"金馬賓館當代美術館","area_m2":1193.3,"centroid":[120.278805,22.627795]},"geometry":{"type":"Polygon","coordinates":[[[120.278624,22.627511],[120.278762,22.627432],[120.27883,22.627535],[120.278733,22.627591],[120.278801,22.627691],[120.278827,22.627731],[120.278939,22.627898],[120.279045,22.627838],[120.279096,22.627915],[120.278931,22.628009],[120.27894,22.628022],[120.278811,22.628096],[120.278697,22.627927],[120.278755,22.627893],[120.278803,22.627965],[120.278848,22.62794],[120.278798,22.627866],[120.27875,22.627894],[120.278654,22.627751],[120.27871,22.627719],[120.27866,22.627643],[120.278698,22.627622],[120.278624,22.627511]]]}},{"type":"Feature","id":"w1159447845","properties":{"kind":"building","category":"roof","name":null,"area_m2":36.5,"centroid":[120.278843,22.627694]},"geometry":{"type":"Polygon","coordinates":[[[120.278801,22.627691],[120.278859,22.627658],[120.278886,22.627698],[120.278827,22.627731],[120.278801,22.627691]]]}},{"type":"Feature","id":"w1159686785","properties":{"kind":"building","category":"residential","name":null,"area_m2":116.2,"centroid":[120.303511,22.637306]},"geometry":{"type":"Polygon","coordinates":[[[120.303419,22.637274],[120.303584,22.637265],[120.303588,22.637327],[120.303543,22.637329],[120.303423,22.637336],[120.303419,22.637274]]]}},{"type":"Feature","id":"w1159686786","properties":{"kind":"building","category":"residential","name":null,"area_m2":160.2,"centroid":[120.304958,22.637178]},"geometry":{"type":"Polygon","coordinates":[[[120.304859,22.637218],[120.304851,22.637148],[120.305061,22.63714],[120.30506,22.637207],[120.304859,22.637218]]]}},{"type":"Feature","id":"w1159686787","properties":{"kind":"building","category":"apartments","name":null,"area_m2":593.7,"centroid":[120.304634,22.637249]},"geometry":{"type":"Polygon","coordinates":[[[120.304464,22.637318],[120.304453,22.637187],[120.304836,22.637147],[120.304851,22.637284],[120.304567,22.63731],[120.304464,22.637318]]]}},{"type":"Feature","id":"w1159686788","properties":{"kind":"building","category":"residential","name":null,"area_m2":109.5,"centroid":[120.30394,22.637218]},"geometry":{"type":"Polygon","coordinates":[[[120.303979,22.637284],[120.303906,22.637285],[120.303902,22.637149],[120.303973,22.637152],[120.303979,22.637284]]]}},{"type":"Feature","id":"w1159686789","properties":{"kind":"building","category":"residential","name":null,"area_m2":303.2,"centroid":[120.303686,22.637355]},"geometry":{"type":"Polygon","coordinates":[[[120.303619,22.637434],[120.303608,22.637258],[120.303627,22.637256],[120.303759,22.63725],[120.303769,22.637427],[120.303718,22.637429],[120.303701,22.63743],[120.303619,22.637434]]]}},{"type":"Feature","id":"w1159686790","properties":{"kind":"building","category":"residential","name":null,"area_m2":289.1,"centroid":[120.303974,22.637447]},"geometry":{"type":"Polygon","coordinates":[[[120.303925,22.637565],[120.304038,22.637551],[120.304023,22.637331],[120.303908,22.637342],[120.303925,22.637565]]]}},{"type":"Feature","id":"w1168305869","properties":{"kind":"building","category":"yes","name":null,"area_m2":91.5,"centroid":[120.279563,22.63448]},"geometry":{"type":"Polygon","coordinates":[[[120.279518,22.634524],[120.279608,22.634526],[120.279609,22.634436],[120.279519,22.634435],[120.279518,22.634524]]]}},{"type":"Feature","id":"w1168305870","properties":{"kind":"building","category":"yes","name":"天津味水餃","area_m2":152.0,"centroid":[120.279539,22.634611]},"geometry":{"type":"Polygon","coordinates":[[[120.279484,22.634671],[120.279596,22.63467],[120.279595,22.634551],[120.279483,22.634551],[120.279484,22.634671]]]}},{"type":"Feature","id":"w1168305873","properties":{"kind":"building","category":"temple","name":"觀音大士殿","area_m2":44.7,"centroid":[120.276108,22.634414]},"geometry":{"type":"Polygon","coordinates":[[[120.276095,22.634456],[120.276147,22.63444],[120.276122,22.634372],[120.27607,22.634388],[120.276095,22.634456]]]}},{"type":"Feature","id":"w1168305880","properties":{"kind":"building","category":"yes","name":null,"area_m2":59.3,"centroid":[120.278438,22.635222]},"geometry":{"type":"Polygon","coordinates":[[[120.278402,22.635258],[120.278472,22.63526],[120.278474,22.635185],[120.278404,22.635184],[120.278402,22.635258]]]}},{"type":"Feature","id":"w1171821396","properties":{"kind":"building","category":"yes","name":"動物森林學校","area_m2":93.1,"centroid":[120.278133,22.63532]},"geometry":{"type":"Polygon","coordinates":[[[120.278087,22.635358],[120.278191,22.635368],[120.278202,22.635277],[120.278117,22.635279],[120.278114,22.635319],[120.278085,22.635319],[120.278087,22.635358]]]}},{"type":"Feature","id":"w1171821398","properties":{"kind":"building","category":"yes","name":null,"area_m2":314.6,"centroid":[120.278644,22.635306]},"geometry":{"type":"Polygon","coordinates":[[[120.278643,22.635421],[120.27861,22.635393],[120.278582,22.63533],[120.278564,22.635168],[120.278604,22.635149],[120.278745,22.635333],[120.278759,22.635351],[120.278643,22.635421]]]}},{"type":"Feature","id":"w1175351801","properties":{"kind":"building","category":"yes","name":"大港倉7","area_m2":1090.2,"centroid":[120.283884,22.617192]},"geometry":{"type":"Polygon","coordinates":[[[120.284082,22.617],[120.284169,22.617158],[120.283686,22.617384],[120.283599,22.617226],[120.284082,22.617]]]}},{"type":"Feature","id":"w1175351802","properties":{"kind":"building","category":"yes","name":"大港倉9","area_m2":1087.6,"centroid":[120.283769,22.617004]},"geometry":{"type":"Polygon","coordinates":[[[120.283968,22.616812],[120.284054,22.61697],[120.283571,22.617196],[120.283485,22.617038],[120.283968,22.616812]]]}},{"type":"Feature","id":"w1175351803","properties":{"kind":"building","category":"yes","name":"大港倉10","area_m2":1090.2,"centroid":[120.283198,22.617278]},"geometry":{"type":"Polygon","coordinates":[[[120.283396,22.617086],[120.283483,22.617244],[120.283,22.61747],[120.282913,22.617312],[120.283396,22.617086]]]}},{"type":"Feature","id":"w1175351804","properties":{"kind":"building","category":"yes","name":"停車收費機","area_m2":19.1,"centroid":[120.280514,22.6185]},"geometry":{"type":"Polygon","coordinates":[[[120.28049,22.618525],[120.28055,22.618498],[120.280537,22.618475],[120.280478,22.618503],[120.28049,22.618525]]]}},{"type":"Feature","id":"w1181516841","properties":{"kind":"building","category":"temple","name":"普賢樓","area_m2":509.9,"centroid":[120.278034,22.639029]},"geometry":{"type":"Polygon","coordinates":[[[120.278185,22.639142],[120.278228,22.639026],[120.277884,22.638916],[120.27784,22.639033],[120.278185,22.639142]]]}},{"type":"Feature","id":"w1181516842","properties":{"kind":"building","category":"temple","name":"文殊樓","area_m2":513.0,"centroid":[120.277882,22.639623]},"geometry":{"type":"Polygon","coordinates":[[[120.278042,22.639725],[120.278076,22.639606],[120.277721,22.63952],[120.277687,22.639639],[120.278042,22.639725]]]}},{"type":"Feature","id":"w1182021331","properties":{"kind":"building","category":"yes","name":"觀林亭","area_m2":8.6,"centroid":[120.272891,22.638703]},"geometry":{"type":"Polygon","coordinates":[[[120.272885,22.638722],[120.272907,22.638715],[120.272896,22.638684],[120.272874,22.638691],[120.272885,22.638722]]]}},{"type":"Feature","id":"w1197112250","properties":{"kind":"building","category":"yes","name":"禮來大飯店","area_m2":227.4,"centroid":[120.294185,22.63064]},"geometry":{"type":"Polygon","coordinates":[[[120.294107,22.6307],[120.294151,22.630716],[120.294203,22.630735],[120.294275,22.630539],[120.294187,22.630512],[120.294107,22.6307]]]}},{"type":"Feature","id":"w1221377368","properties":{"kind":"building","category":"apartments","name":null,"area_m2":209.4,"centroid":[120.299175,22.614823]},"geometry":{"type":"Polygon","coordinates":[[[120.299114,22.614747],[120.299078,22.614853],[120.299235,22.614899],[120.299272,22.614792],[120.299114,22.614747]]]}},{"type":"Feature","id":"w1221377369","properties":{"kind":"building","category":"apartments","name":null,"area_m2":443.0,"centroid":[120.299293,22.614238]},"geometry":{"type":"Polygon","coordinates":[[[120.29914,22.614084],[120.299107,22.61418],[120.299211,22.614211],[120.29919,22.614273],[120.299351,22.614321],[120.299344,22.614341],[120.299468,22.614377],[120.299494,22.614302],[120.299357,22.614262],[120.299372,22.614217],[120.299233,22.614176],[120.299254,22.614117],[120.29914,22.614084]]]}},{"type":"Feature","id":"w1221377370","properties":{"kind":"building","category":"apartments","name":null,"area_m2":598.4,"centroid":[120.2994,22.614133]},"geometry":{"type":"Polygon","coordinates":[[[120.299161,22.613973],[120.299131,22.614062],[120.299415,22.614146],[120.299377,22.614256],[120.299494,22.614291],[120.29955,22.614128],[120.299528,22.614121],[120.299541,22.614085],[120.299161,22.613973]]]}},{"type":"Feature","id":"w1221377371","properties":{"kind":"building","category":"apartments","name":null,"area_m2":316.5,"centroid":[120.298531,22.613416]},"geometry":{"type":"Polygon","coordinates":[[[120.29847,22.613486],[120.298619,22.61353],[120.298674,22.613372],[120.298494,22.613319],[120.298474,22.613374],[120.298506,22.613383],[120.298483,22.613448],[120.29847,22.613486]]]}},{"type":"Feature","id":"w1221377372","properties":{"kind":"building","category":"apartments","name":null,"area_m2":348.5,"centroid":[120.298382,22.613434]},"geometry":{"type":"Polygon","coordinates":[[[120.298144,22.613414],[120.298462,22.613508],[120.29847,22.613486],[120.298483,22.613448],[120.298466,22.613443],[120.298476,22.613414],[120.298176,22.613325],[120.298144,22.613414]]]}},{"type":"Feature","id":"w1228549066","properties":{"kind":"building","category":"yes","name":null,"area_m2":486.6,"centroid":[120.30597,22.633246]},"geometry":{"type":"Polygon","coordinates":[[[120.305856,22.633232],[120.305847,22.63312],[120.306083,22.633104],[120.306092,22.633215],[120.306003,22.633221],[120.306018,22.633421],[120.305936,22.633426],[120.305921,22.633227],[120.305856,22.633232]]]}},{"type":"Feature","id":"w1228549068","properties":{"kind":"building","category":"yes","name":null,"area_m2":35.2,"centroid":[120.306119,22.633714]},"geometry":{"type":"Polygon","coordinates":[[[120.306097,22.633747],[120.306091,22.633686],[120.306142,22.633682],[120.306147,22.633743],[120.306097,22.633747]]]}},{"type":"Feature","id":"w1228549069","properties":{"kind":"building","category":"yes","name":"新興忠孝停車場行人出入口","area_m2":71.3,"centroid":[120.305639,22.634108]},"geometry":{"type":"Polygon","coordinates":[[[120.305604,22.63415],[120.305597,22.63407],[120.305675,22.634065],[120.305682,22.634145],[120.305604,22.63415]]]}},{"type":"Feature","id":"w1229287517","properties":{"kind":"building","category":"apartments","name":null,"area_m2":1068.4,"centroid":[120.303286,22.633159]},"geometry":{"type":"Polygon","coordinates":[[[120.303135,22.633318],[120.303467,22.633284],[120.303431,22.633],[120.303109,22.633033],[120.303135,22.633318]]]}},{"type":"Feature","id":"w1238622171","properties":{"kind":"building","category":"yes","name":null,"area_m2":12.4,"centroid":[120.268505,22.639515]},"geometry":{"type":"Polygon","coordinates":[[[120.268521,22.639535],[120.268531,22.639513],[120.268489,22.639496],[120.268479,22.639518],[120.268521,22.639535]]]}},{"type":"Feature","id":"w1238632349","properties":{"kind":"building","category":"yes","name":null,"area_m2":309.4,"centroid":[120.282301,22.632737]},"geometry":{"type":"Polygon","coordinates":[[[120.282297,22.632856],[120.282413,22.632796],[120.282305,22.632617],[120.282189,22.632677],[120.282297,22.632856]]]}},{"type":"Feature","id":"w1247688196","properties":{"kind":"building","category":"transportation","name":"哈瑪星","area_m2":151.7,"centroid":[120.275928,22.621697]},"geometry":{"type":"Polygon","coordinates":[[[120.275984,22.621869],[120.276018,22.621856],[120.275872,22.621524],[120.275837,22.621537],[120.275984,22.621869]]]}},{"type":"Feature","id":"w1248239050","properties":{"kind":"building","category":"warehouse","name":null,"area_m2":792.1,"centroid":[120.278633,22.620751]},"geometry":{"type":"Polygon","coordinates":[[[120.278633,22.62095],[120.278808,22.620867],[120.278632,22.620552],[120.278457,22.620636],[120.278633,22.62095]]]}},{"type":"Feature","id":"w1248239051","properties":{"kind":"building","category":"yes","name":"哈瑪星台灣鐵道館","area_m2":792.1,"centroid":[120.278426,22.620849]},"geometry":{"type":"Polygon","coordinates":[[[120.278426,22.621048],[120.278601,22.620964],[120.278425,22.62065],[120.27825,22.620734],[120.278426,22.621048]]]}},{"type":"Feature","id":"w1248239052","properties":{"kind":"building","category":"warehouse","name":"高雄正港小劇場","area_m2":795.7,"centroid":[120.278219,22.620945]},"geometry":{"type":"Polygon","coordinates":[[[120.278219,22.621144],[120.278395,22.62106],[120.278219,22.620746],[120.278043,22.620829],[120.278219,22.621144]]]}},{"type":"Feature","id":"w1248239053","properties":{"kind":"building","category":"warehouse","name":null,"area_m2":793.4,"centroid":[120.278014,22.621044]},"geometry":{"type":"Polygon","coordinates":[[[120.278014,22.621243],[120.278189,22.62116],[120.278014,22.620845],[120.277838,22.620929],[120.278014,22.621243]]]}},{"type":"Feature","id":"w1249912162","properties":{"kind":"building","category":"commercial","name":null,"area_m2":502.8,"centroid":[120.297052,22.618486]},"geometry":{"type":"Polygon","coordinates":[[[120.29697,22.618363],[120.296907,22.618539],[120.297133,22.618609],[120.297196,22.618432],[120.29697,22.618363]]]}},{"type":"Feature","id":"w1249912163","properties":{"kind":"building","category":"residential","name":null,"area_m2":185.3,"centroid":[120.297451,22.619199]},"geometry":{"type":"Polygon","coordinates":[[[120.297406,22.619122],[120.297363,22.619231],[120.297496,22.619275],[120.297538,22.619166],[120.297406,22.619122]]]}},{"type":"Feature","id":"w1249912164","properties":{"kind":"building","category":"apartments","name":null,"area_m2":326.3,"centroid":[120.297268,22.619138]},"geometry":{"type":"Polygon","coordinates":[[[120.297172,22.619045],[120.29713,22.619154],[120.297363,22.619231],[120.297406,22.619122],[120.297172,22.619045]]]}},{"type":"Feature","id":"w1249912180","properties":{"kind":"building","category":"apartments","name":null,"area_m2":283.0,"centroid":[120.306894,22.623471]},"geometry":{"type":"Polygon","coordinates":[[[120.306788,22.623526],[120.306828,22.623416],[120.306895,22.623401],[120.307007,22.623436],[120.30695,22.623575],[120.306788,22.623526]]]}},{"type":"Feature","id":"w1249912181","properties":{"kind":"building","category":"apartments","name":null,"area_m2":120.0,"centroid":[120.304538,22.622704]},"geometry":{"type":"Polygon","coordinates":[[[120.304542,22.622612],[120.304478,22.622776],[120.304535,22.622795],[120.304599,22.622631],[120.304542,22.622612]]]}},{"type":"Feature","id":"w1249912182","properties":{"kind":"building","category":"apartments","name":null,"area_m2":623.5,"centroid":[120.304878,22.622901]},"geometry":{"type":"Polygon","coordinates":[[[120.304783,22.62274],[120.304694,22.622981],[120.304859,22.623033],[120.304907,22.622902],[120.304992,22.622929],[120.305033,22.622818],[120.304783,22.62274]]]}},{"type":"Feature","id":"w1249912183","properties":{"kind":"building","category":"apartments","name":null,"area_m2":441.6,"centroid":[120.305157,22.622967]},"geometry":{"type":"Polygon","coordinates":[[[120.305074,22.622843],[120.305037,22.622944],[120.305132,22.622974],[120.30511,22.623036],[120.305265,22.623084],[120.305324,22.622921],[120.305074,22.622843]]]}},{"type":"Feature","id":"w1249912184","properties":{"kind":"building","category":"apartments","name":null,"area_m2":255.7,"centroid":[120.301068,22.620108]},"geometry":{"type":"Polygon","coordinates":[[[120.301026,22.620013],[120.300972,22.62016],[120.301109,22.620203],[120.301164,22.620057],[120.301026,22.620013]]]}},{"type":"Feature","id":"w1249912185","properties":{"kind":"building","category":"apartments","name":null,"area_m2":634.3,"centroid":[120.300905,22.619331]},"geometry":{"type":"Polygon","coordinates":[[[120.300744,22.619391],[120.300982,22.619475],[120.301066,22.61927],[120.300828,22.619186],[120.300744,22.619391]]]}},{"type":"Feature","id":"w1249912186","properties":{"kind":"building","category":"apartments","name":null,"area_m2":335.6,"centroid":[120.300504,22.619215]},"geometry":{"type":"Polygon","coordinates":[[[120.300469,22.6191],[120.300395,22.619279],[120.300539,22.61933],[120.300613,22.619151],[120.300469,22.6191]]]}},{"type":"Feature","id":"w1249912187","properties":{"kind":"building","category":"apartments","name":"中華財經廣場","area_m2":341.5,"centroid":[120.299926,22.619694]},"geometry":{"type":"Polygon","coordinates":[[[120.299825,22.619599],[120.299783,22.619708],[120.300028,22.619788],[120.30007,22.619679],[120.299825,22.619599]]]}},{"type":"Feature","id":"w1249912188","properties":{"kind":"building","category":"apartments","name":null,"area_m2":316.5,"centroid":[120.299838,22.619926]},"geometry":{"type":"Polygon","coordinates":[[[120.299738,22.619837],[120.2997,22.619943],[120.299938,22.620015],[120.299976,22.61991],[120.299738,22.619837]]]}},{"type":"Feature","id":"w1249912189","properties":{"kind":"building","category":"apartments","name":null,"area_m2":365.7,"centroid":[120.300171,22.620208]},"geometry":{"type":"Polygon","coordinates":[[[120.300123,22.620094],[120.300052,22.620263],[120.300218,22.620322],[120.300289,22.620154],[120.300123,22.620094]]]}},{"type":"Feature","id":"w1249912190","properties":{"kind":"building","category":"apartments","name":null,"area_m2":275.7,"centroid":[120.299607,22.620443]},"geometry":{"type":"Polygon","coordinates":[[[120.299565,22.620343],[120.299525,22.620455],[120.29954,22.620488],[120.299675,22.620532],[120.299728,22.620397],[120.299565,22.620343]]]}},{"type":"Feature","id":"w1249912191","properties":{"kind":"building","category":"apartments","name":null,"area_m2":538.9,"centroid":[120.299251,22.619917]},"geometry":{"type":"Polygon","coordinates":[[[120.299304,22.619931],[120.299322,22.619926],[120.299337,22.619913],[120.299345,22.619895],[120.299344,22.619876],[120.299333,22.619859],[120.299316,22.619848],[120.299295,22.619845],[120.299275,22.619851],[120.29926,22.619864],[120.299252,22.619882],[120.299253,22.619898],[120.299051,22.619829],[120.299003,22.619949],[120.299188,22.620012],[120.299155,22.620096],[120.299228,22.62012],[120.299304,22.619931]]]}},{"type":"Feature","id":"w1249912192","properties":{"kind":"building","category":"apartments","name":null,"area_m2":264.2,"centroid":[120.298343,22.619489]},"geometry":{"type":"Polygon","coordinates":[[[120.298256,22.619405],[120.298218,22.619502],[120.29843,22.619573],[120.298468,22.619476],[120.298256,22.619405]]]}},{"type":"Feature","id":"w1249912193","properties":{"kind":"building","category":"apartments","name":null,"area_m2":1070.0,"centroid":[120.2993,22.618775]},"geometry":{"type":"Polygon","coordinates":[[[120.299093,22.618824],[120.299536,22.61897],[120.299614,22.61877],[120.299228,22.618643],[120.299194,22.618732],[120.299136,22.618713],[120.299093,22.618824]]]}},{"type":"Feature","id":"w1249912194","properties":{"kind":"building","category":"apartments","name":null,"area_m2":1286.2,"centroid":[120.299603,22.618651]},"geometry":{"type":"Polygon","coordinates":[[[120.299632,22.618376],[120.299897,22.618466],[120.299721,22.618909],[120.29964,22.618881],[120.299676,22.618791],[120.299639,22.618779],[120.299649,22.618753],[120.299516,22.618708],[120.299522,22.618694],[120.299399,22.618652],[120.299426,22.618583],[120.299499,22.618607],[120.299518,22.61856],[120.299656,22.618607],[120.29968,22.618545],[120.299579,22.618511],[120.299632,22.618376]]]}},{"type":"Feature","id":"w1249912195","properties":{"kind":"building","category":"apartments","name":null,"area_m2":202.2,"centroid":[120.30191,22.619587]},"geometry":{"type":"Polygon","coordinates":[[[120.301792,22.619516],[120.30177,22.619578],[120.302028,22.619657],[120.302051,22.619595],[120.301792,22.619516]]]}},{"type":"Feature","id":"w1249912196","properties":{"kind":"building","category":"apartments","name":null,"area_m2":760.7,"centroid":[120.301998,22.619356]},"geometry":{"type":"Polygon","coordinates":[[[120.301946,22.619179],[120.301842,22.61947],[120.302049,22.619533],[120.302154,22.619242],[120.301946,22.619179]]]}},{"type":"Feature","id":"w1249912197","properties":{"kind":"building","category":"apartments","name":null,"area_m2":313.6,"centroid":[120.302086,22.619067]},"geometry":{"type":"Polygon","coordinates":[[[120.301962,22.619117],[120.302184,22.619184],[120.302221,22.619081],[120.302065,22.619034],[120.302076,22.619003],[120.30201,22.618983],[120.301962,22.619117]]]}},{"type":"Feature","id":"w1249912198","properties":{"kind":"building","category":"apartments","name":null,"area_m2":185.6,"centroid":[120.301704,22.619302]},"geometry":{"type":"Polygon","coordinates":[[[120.301617,22.619235],[120.30159,22.619308],[120.301791,22.619369],[120.301817,22.619295],[120.301617,22.619235]]]}},{"type":"Feature","id":"w1249912199","properties":{"kind":"building","category":"apartments","name":null,"area_m2":322.8,"centroid":[120.301369,22.619105]},"geometry":{"type":"Polygon","coordinates":[[[120.301267,22.619195],[120.30138,22.619235],[120.301471,22.619014],[120.301359,22.618975],[120.301267,22.619195]]]}},{"type":"Feature","id":"w1249912200","properties":{"kind":"building","category":"apartments","name":null,"area_m2":499.3,"centroid":[120.301978,22.6186]},"geometry":{"type":"Polygon","coordinates":[[[120.301869,22.618484],[120.301814,22.618627],[120.302088,22.618716],[120.302142,22.618573],[120.301869,22.618484]]]}},{"type":"Feature","id":"w1249912201","properties":{"kind":"building","category":"apartments","name":null,"area_m2":871.0,"centroid":[120.302509,22.618017]},"geometry":{"type":"Polygon","coordinates":[[[120.302325,22.618214],[120.302528,22.618281],[120.302576,22.618262],[120.302672,22.618007],[120.302628,22.617992],[120.302632,22.61798],[120.302599,22.617969],[120.302601,22.617951],[120.302572,22.617945],[120.302572,22.617932],[120.302542,22.617922],[120.302551,22.617912],[120.302517,22.617903],[120.302524,22.617884],[120.302493,22.61788],[120.302499,22.617861],[120.302463,22.617848],[120.302397,22.618013],[120.302424,22.618021],[120.302418,22.61804],[120.302447,22.618048],[120.302447,22.618064],[120.302477,22.618074],[120.302472,22.618089],[120.302507,22.618102],[120.302491,22.618147],[120.302368,22.618111],[120.302325,22.618214]]]}},{"type":"Feature","id":"w1249912202","properties":{"kind":"building","category":"apartments","name":null,"area_m2":482.0,"centroid":[120.30358,22.619357]},"geometry":{"type":"Polygon","coordinates":[[[120.303593,22.619509],[120.303633,22.619406],[120.303566,22.619384],[120.303575,22.619359],[120.303649,22.619383],[120.303676,22.619312],[120.303603,22.619288],[120.303635,22.619205],[120.303544,22.619175],[120.303442,22.619436],[120.303464,22.619467],[120.303593,22.619509]]]}},{"type":"Feature","id":"w1249912203","properties":{"kind":"building","category":"apartments","name":null,"area_m2":205.7,"centroid":[120.303691,22.619483]},"geometry":{"type":"Polygon","coordinates":[[[120.303789,22.619457],[120.303633,22.619406],[120.303593,22.619509],[120.303749,22.61956],[120.303789,22.619457]]]}},{"type":"Feature","id":"w1249912204","properties":{"kind":"building","category":"apartments","name":null,"area_m2":258.8,"centroid":[120.303867,22.619541]},"geometry":{"type":"Polygon","coordinates":[[[120.303945,22.619625],[120.303985,22.619522],[120.303789,22.619457],[120.303749,22.61956],[120.303945,22.619625]]]}},{"type":"Feature","id":"w1249912205","properties":{"kind":"building","category":"apartments","name":null,"area_m2":233.9,"centroid":[120.304054,22.619603]},"geometry":{"type":"Polygon","coordinates":[[[120.304162,22.619581],[120.303985,22.619522],[120.303945,22.619625],[120.304122,22.619684],[120.304162,22.619581]]]}},{"type":"Feature","id":"w1249912206","properties":{"kind":"building","category":"apartments","name":null,"area_m2":219.2,"centroid":[120.304225,22.61966]},"geometry":{"type":"Polygon","coordinates":[[[120.304288,22.619739],[120.304328,22.619636],[120.304162,22.619581],[120.304122,22.619684],[120.304288,22.619739]]]}},{"type":"Feature","id":"w1249912207","properties":{"kind":"building","category":"apartments","name":null,"area_m2":229.5,"centroid":[120.304395,22.619716]},"geometry":{"type":"Polygon","coordinates":[[[120.304462,22.619796],[120.304502,22.619693],[120.304328,22.619636],[120.304288,22.619739],[120.304462,22.619796]]]}},{"type":"Feature","id":"w1249912208","properties":{"kind":"building","category":"apartments","name":null,"area_m2":306.0,"centroid":[120.304598,22.619782]},"geometry":{"type":"Polygon","coordinates":[[[120.304694,22.619872],[120.304734,22.619769],[120.304502,22.619693],[120.304462,22.619796],[120.304694,22.619872]]]}},{"type":"Feature","id":"w1249912209","properties":{"kind":"building","category":"apartments","name":null,"area_m2":148.4,"centroid":[120.304735,22.619645]},"geometry":{"type":"Polygon","coordinates":[[[120.30475,22.619728],[120.304804,22.619589],[120.304721,22.619561],[120.304667,22.619701],[120.30475,22.619728]]]}},{"type":"Feature","id":"w1249912210","properties":{"kind":"building","category":"apartments","name":null,"area_m2":323.5,"centroid":[120.304776,22.619746]},"geometry":{"type":"Polygon","coordinates":[[[120.304783,22.619902],[120.304893,22.619618],[120.304804,22.619589],[120.30475,22.619728],[120.304734,22.619769],[120.304694,22.619872],[120.304783,22.619902]]]}},{"type":"Feature","id":"w1249912211","properties":{"kind":"building","category":"apartments","name":null,"area_m2":409.6,"centroid":[120.304366,22.619568]},"geometry":{"type":"Polygon","coordinates":[[[120.304222,22.619466],[120.304185,22.619565],[120.304509,22.61967],[120.304547,22.619571],[120.304222,22.619466]]]}},{"type":"Feature","id":"w1249912212","properties":{"kind":"building","category":"apartments","name":null,"area_m2":394.5,"centroid":[120.303986,22.619437]},"geometry":{"type":"Polygon","coordinates":[[[120.303854,22.619337],[120.303815,22.619439],[120.304118,22.619537],[120.304157,22.619435],[120.303854,22.619337]]]}},{"type":"Feature","id":"w1249912213","properties":{"kind":"building","category":"apartments","name":null,"area_m2":442.4,"centroid":[120.304656,22.619215]},"geometry":{"type":"Polygon","coordinates":[[[120.304782,22.619303],[120.30472,22.619288],[120.304456,22.619194],[120.3045,22.619092],[120.304823,22.619199],[120.304782,22.619303]]]}},{"type":"Feature","id":"w1249912214","properties":{"kind":"building","category":"apartments","name":null,"area_m2":225.8,"centroid":[120.304836,22.619441]},"geometry":{"type":"Polygon","coordinates":[[[120.304921,22.619469],[120.30489,22.61954],[120.304724,22.619486],[120.304783,22.61935],[120.304861,22.619365],[120.304838,22.619437],[120.304921,22.619469]]]}},{"type":"Feature","id":"w1249912215","properties":{"kind":"building","category":"apartments","name":null,"area_m2":541.8,"centroid":[120.304539,22.619343]},"geometry":{"type":"Polygon","coordinates":[[[120.30472,22.619288],[120.304672,22.61942],[120.304613,22.619395],[120.304573,22.619434],[120.30451,22.61942],[120.304486,22.619373],[120.304387,22.61934],[120.304438,22.61922],[120.304456,22.619194],[120.30472,22.619288]]]}},{"type":"Feature","id":"w1249912216","properties":{"kind":"building","category":"apartments","name":null,"area_m2":474.8,"centroid":[120.304318,22.619128]},"geometry":{"type":"Polygon","coordinates":[[[120.304456,22.619194],[120.304367,22.61916],[120.304353,22.61919],[120.304296,22.619182],[120.304292,22.619144],[120.304119,22.619085],[120.304162,22.618981],[120.3045,22.619092],[120.304456,22.619194]]]}},{"type":"Feature","id":"w1249912217","properties":{"kind":"building","category":"apartments","name":null,"area_m2":465.6,"centroid":[120.303965,22.618975]},"geometry":{"type":"Polygon","coordinates":[[[120.304119,22.619085],[120.303768,22.618967],[120.303811,22.618866],[120.304162,22.618981],[120.304119,22.619085]]]}},{"type":"Feature","id":"w1249912218","properties":{"kind":"building","category":"apartments","name":null,"area_m2":628.4,"centroid":[120.303697,22.618996]},"geometry":{"type":"Polygon","coordinates":[[[120.303768,22.618967],[120.303731,22.61908],[120.303698,22.61916],[120.303526,22.61909],[120.303646,22.618811],[120.303811,22.618866],[120.303768,22.618967]]]}},{"type":"Feature","id":"w1249912219","properties":{"kind":"building","category":"apartments","name":null,"area_m2":608.8,"centroid":[120.303924,22.619137]},"geometry":{"type":"Polygon","coordinates":[[[120.304119,22.619085],[120.30407,22.619231],[120.303993,22.619239],[120.303917,22.619205],[120.303892,22.619162],[120.303901,22.619127],[120.303731,22.61908],[120.303768,22.618967],[120.304119,22.619085]]]}},{"type":"Feature","id":"w1249912220","properties":{"kind":"building","category":"apartments","name":null,"area_m2":356.8,"centroid":[120.304882,22.61933]},"geometry":{"type":"Polygon","coordinates":[[[120.304823,22.619199],[120.304967,22.619246],[120.304996,22.619296],[120.304921,22.619469],[120.304838,22.619437],[120.304861,22.619365],[120.304867,22.619323],[120.304782,22.619303],[120.304823,22.619199]]]}},{"type":"Feature","id":"w1249912221","properties":{"kind":"building","category":"apartments","name":null,"area_m2":190.1,"centroid":[120.306598,22.616917]},"geometry":{"type":"Polygon","coordinates":[[[120.306697,22.616898],[120.306536,22.616844],[120.3065,22.616936],[120.30666,22.61699],[120.306697,22.616898]]]}},{"type":"Feature","id":"w1249912222","properties":{"kind":"building","category":"apartments","name":null,"area_m2":190.3,"centroid":[120.30708,22.61708]},"geometry":{"type":"Polygon","coordinates":[[[120.307179,22.617061],[120.307018,22.617007],[120.306982,22.617099],[120.307143,22.617153],[120.307179,22.617061]]]}},{"type":"Feature","id":"w1249912223","properties":{"kind":"building","category":"apartments","name":null,"area_m2":190.2,"centroid":[120.306759,22.616971]},"geometry":{"type":"Polygon","coordinates":[[[120.306858,22.616953],[120.306697,22.616898],[120.30666,22.61699],[120.306821,22.617044],[120.306858,22.616953]]]}},{"type":"Feature","id":"w1249912224","properties":{"kind":"building","category":"apartments","name":null,"area_m2":189.4,"centroid":[120.30692,22.617026]},"geometry":{"type":"Polygon","coordinates":[[[120.307018,22.617007],[120.306858,22.616953],[120.306821,22.617044],[120.306982,22.617099],[120.307018,22.617007]]]}},{"type":"Feature","id":"w1249912225","properties":{"kind":"building","category":"apartments","name":null,"area_m2":235.3,"centroid":[120.306711,22.617092]},"geometry":{"type":"Polygon","coordinates":[[[120.306814,22.617061],[120.306652,22.617008],[120.306609,22.617122],[120.30677,22.617175],[120.306814,22.617061]]]}},{"type":"Feature","id":"w1249912226","properties":{"kind":"building","category":"apartments","name":null,"area_m2":234.8,"centroid":[120.306873,22.617144]},"geometry":{"type":"Polygon","coordinates":[[[120.306975,22.617113],[120.306814,22.617061],[120.30677,22.617175],[120.306932,22.617227],[120.306975,22.617113]]]}},{"type":"Feature","id":"w1249912227","properties":{"kind":"building","category":"apartments","name":null,"area_m2":235.3,"centroid":[120.30655,22.617038]},"geometry":{"type":"Polygon","coordinates":[[[120.306652,22.617008],[120.306491,22.616955],[120.306447,22.617069],[120.306609,22.617122],[120.306652,22.617008]]]}},{"type":"Feature","id":"w1249912228","properties":{"kind":"building","category":"apartments","name":null,"area_m2":235.3,"centroid":[120.307034,22.617196]},"geometry":{"type":"Polygon","coordinates":[[[120.307137,22.617166],[120.306975,22.617113],[120.306932,22.617227],[120.307093,22.61728],[120.307137,22.617166]]]}},{"type":"Feature","id":"w1249912229","properties":{"kind":"building","category":"apartments","name":null,"area_m2":235.6,"centroid":[120.306749,22.616563]},"geometry":{"type":"Polygon","coordinates":[[[120.306852,22.616532],[120.306691,22.616479],[120.306647,22.616594],[120.306808,22.616646],[120.306852,22.616532]]]}},{"type":"Feature","id":"w1249912230","properties":{"kind":"building","category":"apartments","name":null,"area_m2":235.3,"centroid":[120.306911,22.616615]},"geometry":{"type":"Polygon","coordinates":[[[120.307013,22.616585],[120.306852,22.616532],[120.306808,22.616646],[120.30697,22.616699],[120.307013,22.616585]]]}},{"type":"Feature","id":"w1249912231","properties":{"kind":"building","category":"apartments","name":null,"area_m2":235.3,"centroid":[120.307072,22.616668]},"geometry":{"type":"Polygon","coordinates":[[[120.307175,22.616638],[120.307013,22.616585],[120.30697,22.616699],[120.307131,22.616752],[120.307175,22.616638]]]}},{"type":"Feature","id":"w1249912232","properties":{"kind":"building","category":"apartments","name":null,"area_m2":234.8,"centroid":[120.306697,22.616691]},"geometry":{"type":"Polygon","coordinates":[[[120.306799,22.61666],[120.306638,22.616608],[120.306594,22.616722],[120.306756,22.616774],[120.306799,22.61666]]]}},{"type":"Feature","id":"w1249912233","properties":{"kind":"building","category":"apartments","name":null,"area_m2":235.3,"centroid":[120.306858,22.616743]},"geometry":{"type":"Polygon","coordinates":[[[120.306961,22.616713],[120.306799,22.61666],[120.306756,22.616774],[120.306917,22.616827],[120.306961,22.616713]]]}},{"type":"Feature","id":"w1249912234","properties":{"kind":"building","category":"apartments","name":null,"area_m2":235.3,"centroid":[120.30702,22.616796]},"geometry":{"type":"Polygon","coordinates":[[[120.307122,22.616766],[120.306961,22.616713],[120.306917,22.616827],[120.307079,22.61688],[120.307122,22.616766]]]}},{"type":"Feature","id":"w1249912235","properties":{"kind":"building","category":"apartments","name":null,"area_m2":236.0,"centroid":[120.307181,22.616849]},"geometry":{"type":"Polygon","coordinates":[[[120.307284,22.616818],[120.307122,22.616766],[120.307079,22.61688],[120.30724,22.616933],[120.307284,22.616818]]]}},{"type":"Feature","id":"w1249912236","properties":{"kind":"building","category":"apartments","name":null,"area_m2":236.0,"centroid":[120.307234,22.616721]},"geometry":{"type":"Polygon","coordinates":[[[120.307336,22.61669],[120.307175,22.616638],[120.307131,22.616752],[120.307293,22.616805],[120.307336,22.61669]]]}},{"type":"Feature","id":"w1249912292","properties":{"kind":"building","category":"apartments","name":null,"area_m2":183.6,"centroid":[120.300723,22.614267]},"geometry":{"type":"Polygon","coordinates":[[[120.300644,22.614316],[120.300752,22.614351],[120.300802,22.614218],[120.300693,22.614183],[120.300644,22.614316]]]}},{"type":"Feature","id":"w1249912293","properties":{"kind":"building","category":"apartments","name":null,"area_m2":381.5,"centroid":[120.300978,22.614341]},"geometry":{"type":"Polygon","coordinates":[[[120.300927,22.614226],[120.30086,22.614403],[120.301029,22.614457],[120.301096,22.614279],[120.300927,22.614226]]]}},{"type":"Feature","id":"w1249912294","properties":{"kind":"building","category":"apartments","name":null,"area_m2":708.8,"centroid":[120.306273,22.612552]},"geometry":{"type":"Polygon","coordinates":[[[120.306502,22.612651],[120.306363,22.612717],[120.30634,22.612679],[120.3063,22.612703],[120.306263,22.612692],[120.306241,22.612674],[120.306228,22.612656],[120.306182,22.612665],[120.306172,22.612629],[120.306172,22.612598],[120.306199,22.612584],[120.306198,22.612564],[120.306219,22.612555],[120.306217,22.612543],[120.306237,22.612538],[120.306226,22.612513],[120.306248,22.612499],[120.30624,22.612484],[120.306296,22.61246],[120.306292,22.612441],[120.306328,22.612423],[120.306321,22.612405],[120.306345,22.612394],[120.30634,22.612376],[120.306361,22.612366],[120.306502,22.612651]]]}},{"type":"Feature","id":"w1251477540","properties":{"kind":"building","category":"yes","name":null,"area_m2":54.4,"centroid":[120.299465,22.615997]},"geometry":{"type":"Polygon","coordinates":[[[120.299419,22.616017],[120.299443,22.615955],[120.299511,22.615978],[120.299488,22.61604],[120.299419,22.616017]]]}},{"type":"Feature","id":"w1251477561","properties":{"kind":"green","category":"playground","name":null,"area_m2":341.7,"centroid":[120.299787,22.616486]},"geometry":{"type":"Polygon","coordinates":[[[120.299889,22.616538],[120.299815,22.616526],[120.299708,22.616559],[120.299638,22.616526],[120.299658,22.616471],[120.299864,22.616395],[120.29994,22.616388],[120.299889,22.616538]]]}},{"type":"Feature","id":"w1251483276","properties":{"kind":"building","category":"yes","name":null,"area_m2":147.5,"centroid":[120.305182,22.618118]},"geometry":{"type":"Polygon","coordinates":[[[120.305181,22.618194],[120.305132,22.618133],[120.30511,22.618085],[120.305116,22.618062],[120.305156,22.618048],[120.305201,22.61807],[120.30524,22.618095],[120.305246,22.618127],[120.30523,22.618173],[120.305209,22.618197],[120.305181,22.618194]]]}},{"type":"Feature","id":"w1253266023","properties":{"kind":"building","category":"yes","name":"海豚02館","area_m2":362.8,"centroid":[120.291276,22.619523]},"geometry":{"type":"Polygon","coordinates":[[[120.29107,22.619535],[120.291068,22.619516],[120.291244,22.61948],[120.291305,22.619468],[120.291497,22.619429],[120.291506,22.619447],[120.291412,22.619521],[120.29137,22.619547],[120.291308,22.619573],[120.291264,22.619578],[120.291238,22.61958],[120.291173,22.61957],[120.291129,22.619559],[120.29107,22.619535]]]}},{"type":"Feature","id":"w1253266026","properties":{"kind":"building","category":"yes","name":"電梯塔","area_m2":9.2,"centroid":[120.291223,22.619433]},"geometry":{"type":"Polygon","coordinates":[[[120.291241,22.619442],[120.291209,22.619448],[120.291204,22.619423],[120.291236,22.619418],[120.291241,22.619442]]]}},{"type":"Feature","id":"w1253266027","properties":{"kind":"building","category":"yes","name":"海豚03館","area_m2":597.2,"centroid":[120.292425,22.6191]},"geometry":{"type":"Polygon","coordinates":[[[120.292171,22.619235],[120.292159,22.619216],[120.292309,22.619108],[120.292385,22.619053],[120.292632,22.618875],[120.292654,22.618892],[120.29263,22.618934],[120.292611,22.618968],[120.292551,22.619065],[120.292523,22.6191],[120.292485,22.619133],[120.29245,22.619165],[120.292386,22.619197],[120.292333,22.619211],[120.292288,22.619222],[120.292239,22.619228],[120.292171,22.619235]]]}},{"type":"Feature","id":"w1253266029","properties":{"kind":"building","category":"yes","name":"電梯塔","area_m2":8.9,"centroid":[120.292258,22.619062]},"geometry":{"type":"Polygon","coordinates":[[[120.292279,22.619065],[120.292254,22.619079],[120.292237,22.619059],[120.292263,22.619043],[120.292279,22.619065]]]}},{"type":"Feature","id":"w1253266031","properties":{"kind":"building","category":"yes","name":"海豚04館","area_m2":633.9,"centroid":[120.293021,22.618437]},"geometry":{"type":"Polygon","coordinates":[[[120.292828,22.618648],[120.292848,22.61866],[120.292903,22.618635],[120.292991,22.618579],[120.293031,22.618543],[120.293085,22.618475],[120.293111,22.618423],[120.293139,22.618345],[120.293139,22.618261],[120.293139,22.618164],[120.293111,22.618158],[120.293022,22.618313],[120.292928,22.618475],[120.292828,22.618648]]]}},{"type":"Feature","id":"w1253266034","properties":{"kind":"building","category":"yes","name":"電梯塔","area_m2":8.7,"centroid":[120.292871,22.618477]},"geometry":{"type":"Polygon","coordinates":[[[120.292891,22.618472],[120.292875,22.618495],[120.292851,22.618482],[120.292866,22.618459],[120.292891,22.618472]]]}},{"type":"Feature","id":"w1253266035","properties":{"kind":"building","category":"yes","name":"海豚05館","area_m2":641.2,"centroid":[120.293257,22.617591]},"geometry":{"type":"Polygon","coordinates":[[[120.293189,22.617863],[120.293218,22.617865],[120.293272,22.617793],[120.293323,22.617691],[120.293328,22.617652],[120.293334,22.617586],[120.293316,22.617473],[120.293291,22.617416],[120.293224,22.6173],[120.2932,22.617309],[120.293196,22.617495],[120.293193,22.617648],[120.293189,22.617863]]]}},{"type":"Feature","id":"w1253266037","properties":{"kind":"building","category":"yes","name":"電梯塔","area_m2":10.7,"centroid":[120.293138,22.617597]},"geometry":{"type":"Polygon","coordinates":[[[120.293152,22.617613],[120.293124,22.617613],[120.293124,22.61758],[120.293153,22.61758],[120.293152,22.617613]]]}},{"type":"Feature","id":"w1253266038","properties":{"kind":"green","category":"grass","name":null,"area_m2":177.2,"centroid":[120.292173,22.615744]},"geometry":{"type":"Polygon","coordinates":[[[120.292146,22.61582],[120.292244,22.615789],[120.292233,22.61577],[120.292164,22.615641],[120.292078,22.6157],[120.292146,22.61582]]]}},{"type":"Feature","id":"w1253266042","properties":{"kind":"green","category":"grass","name":null,"area_m2":345.9,"centroid":[120.292319,22.61612]},"geometry":{"type":"Polygon","coordinates":[[[120.292278,22.616227],[120.292413,22.616179],[120.292401,22.616154],[120.292319,22.61598],[120.292186,22.61606],[120.292278,22.616227]]]}},{"type":"Feature","id":"w1253266045","properties":{"kind":"green","category":"grass","name":null,"area_m2":292.3,"centroid":[120.291952,22.615416]},"geometry":{"type":"Polygon","coordinates":[[[120.29191,22.615514],[120.292042,22.615475],[120.292029,22.615451],[120.291947,22.615289],[120.291833,22.615351],[120.29191,22.615514]]]}},{"type":"Feature","id":"w1253266048","properties":{"kind":"green","category":"grass","name":null,"area_m2":240.9,"centroid":[120.291753,22.615033]},"geometry":{"type":"Polygon","coordinates":[[[120.291685,22.615099],[120.291815,22.615103],[120.291813,22.615087],[120.291788,22.614922],[120.291663,22.614953],[120.291685,22.615099]]]}},{"type":"Feature","id":"w1253266051","properties":{"kind":"green","category":"grass","name":null,"area_m2":240.1,"centroid":[120.292526,22.616449]},"geometry":{"type":"Polygon","coordinates":[[[120.292493,22.616538],[120.292601,22.616505],[120.292591,22.616481],[120.292525,22.616327],[120.292418,22.616392],[120.292493,22.616538]]]}},{"type":"Feature","id":"w1253266054","properties":{"kind":"green","category":"grass","name":null,"area_m2":200.3,"centroid":[120.292757,22.616748]},"geometry":{"type":"Polygon","coordinates":[[[120.292753,22.616832],[120.292839,22.616774],[120.292826,22.61676],[120.292719,22.616639],[120.292649,22.616735],[120.292753,22.616832]]]}},{"type":"Feature","id":"w1253539386","properties":{"kind":"building","category":"school","name":null,"area_m2":2575.5,"centroid":[120.298846,22.627215]},"geometry":{"type":"Polygon","coordinates":[[[120.298214,22.627208],[120.299457,22.627622],[120.299505,22.627501],[120.29944,22.62748],[120.299486,22.627361],[120.29939,22.627329],[120.299403,22.627296],[120.299374,22.627287],[120.29931,22.627451],[120.298881,22.627308],[120.29894,22.627155],[120.298776,22.627101],[120.298719,22.627247],[120.29832,22.627115],[120.298388,22.626941],[120.298323,22.62692],[120.298311,22.626949],[120.298231,22.626922],[120.298186,22.627036],[120.29827,22.627064],[120.298214,22.627208]]]}},{"type":"Feature","id":"w1255603597","properties":{"kind":"building","category":"yes","name":null,"area_m2":950.6,"centroid":[120.301206,22.616631]},"geometry":{"type":"Polygon","coordinates":[[[120.300975,22.616722],[120.30106,22.616491],[120.301115,22.616466],[120.301265,22.61651],[120.301275,22.616565],[120.301362,22.616592],[120.301296,22.616771],[120.30126,22.61676],[120.301243,22.616805],[120.300975,22.616722]]]}},{"type":"Feature","id":"w1260650228","properties":{"kind":"building","category":"yes","name":null,"area_m2":254.6,"centroid":[120.305322,22.61285]},"geometry":{"type":"Polygon","coordinates":[[[120.305189,22.612849],[120.305238,22.612717],[120.305449,22.612907],[120.305411,22.612928],[120.305189,22.612849]]]}},{"type":"Feature","id":"w1283329256","properties":{"kind":"green","category":"park","name":null,"area_m2":1938.8,"centroid":[120.306715,22.639367]},"geometry":{"type":"Polygon","coordinates":[[[120.306241,22.639485],[120.306236,22.639305],[120.307181,22.639251],[120.307201,22.639428],[120.306241,22.639485]]]}},{"type":"Feature","id":"w1283477951","properties":{"kind":"building","category":"yes","name":null,"area_m2":439.5,"centroid":[120.28808,22.623835]},"geometry":{"type":"Polygon","coordinates":[[[120.288014,22.62396],[120.288224,22.623857],[120.288145,22.62371],[120.287937,22.623814],[120.288014,22.62396]]]}},{"type":"Feature","id":"w1283498116","properties":{"kind":"building","category":"yes","name":null,"area_m2":185.7,"centroid":[120.287202,22.620204]},"geometry":{"type":"Polygon","coordinates":[[[120.287315,22.620195],[120.287277,22.620126],[120.287089,22.620212],[120.287127,22.620282],[120.287315,22.620195]]]}},{"type":"Feature","id":"w1283498117","properties":{"kind":"building","category":"yes","name":null,"area_m2":272.4,"centroid":[120.287094,22.620079]},"geometry":{"type":"Polygon","coordinates":[[[120.287142,22.619997],[120.28706,22.620019],[120.286987,22.620065],[120.287076,22.620188],[120.287205,22.620128],[120.287142,22.619997]]]}},{"type":"Feature","id":"w1283498118","properties":{"kind":"building","category":"yes","name":null,"area_m2":196.9,"centroid":[120.288318,22.619483]},"geometry":{"type":"Polygon","coordinates":[[[120.288358,22.6194],[120.288414,22.619501],[120.288278,22.619566],[120.288222,22.619466],[120.288358,22.6194]]]}},{"type":"Feature","id":"w1283498119","properties":{"kind":"building","category":"yes","name":null,"area_m2":217.8,"centroid":[120.288371,22.619612]},"geometry":{"type":"Polygon","coordinates":[[[120.288418,22.619526],[120.288268,22.619599],[120.288324,22.619699],[120.288475,22.619626],[120.288418,22.619526]]]}},{"type":"Feature","id":"w1283498120","properties":{"kind":"building","category":"yes","name":null,"area_m2":229.8,"centroid":[120.2885,22.619809]},"geometry":{"type":"Polygon","coordinates":[[[120.288603,22.619813],[120.288554,22.619727],[120.288502,22.619753],[120.288369,22.619819],[120.288418,22.619904],[120.288553,22.619837],[120.288603,22.619813]]]}},{"type":"Feature","id":"w1283498121","properties":{"kind":"building","category":"yes","name":null,"area_m2":620.7,"centroid":[120.288815,22.619512]},"geometry":{"type":"Polygon","coordinates":[[[120.288807,22.61972],[120.288932,22.619652],[120.288852,22.619526],[120.288883,22.619509],[120.288849,22.619456],[120.28883,22.619466],[120.288753,22.619346],[120.288616,22.61942],[120.288807,22.61972]]]}},{"type":"Feature","id":"w1283498122","properties":{"kind":"building","category":"yes","name":null,"area_m2":862.7,"centroid":[120.288827,22.627679]},"geometry":{"type":"Polygon","coordinates":[[[120.288885,22.627832],[120.28906,22.627576],[120.288849,22.627452],[120.288673,22.627708],[120.288703,22.627726],[120.288794,22.627779],[120.288885,22.627832]]]}},{"type":"Feature","id":"w1283498123","properties":{"kind":"building","category":"yes","name":null,"area_m2":984.6,"centroid":[120.288703,22.627848]},"geometry":{"type":"Polygon","coordinates":[[[120.288453,22.628014],[120.288677,22.628132],[120.288885,22.627832],[120.288794,22.627779],[120.288765,22.627816],[120.288674,22.627773],[120.288703,22.627726],[120.288673,22.627708],[120.288453,22.628014]]]}},{"type":"Feature","id":"w1283498124","properties":{"kind":"building","category":"yes","name":null,"area_m2":807.8,"centroid":[120.288405,22.62826]},"geometry":{"type":"Polygon","coordinates":[[[120.288276,22.628301],[120.288305,22.628319],[120.288305,22.628342],[120.288499,22.628404],[120.288663,22.628176],[120.288447,22.62807],[120.288342,22.628206],[120.288276,22.628301]]]}},{"type":"Feature","id":"w1283498125","properties":{"kind":"building","category":"yes","name":null,"area_m2":571.4,"centroid":[120.288213,22.619843]},"geometry":{"type":"Polygon","coordinates":[[[120.2884,22.619943],[120.288249,22.620014],[120.288199,22.619924],[120.288208,22.61992],[120.288178,22.619864],[120.288142,22.6198],[120.288179,22.619783],[120.28813,22.619695],[120.288236,22.619645],[120.2884,22.619943]]]}},{"type":"Feature","id":"w1294754338","properties":{"kind":"green","category":"park","name":null,"area_m2":419.1,"centroid":[120.282436,22.634437]},"geometry":{"type":"Polygon","coordinates":[[[120.28229,22.634455],[120.282362,22.63432],[120.282582,22.63442],[120.28251,22.634555],[120.28229,22.634455]]]}},{"type":"Feature","id":"w1298938829","properties":{"kind":"building","category":"yes","name":null,"area_m2":52.7,"centroid":[120.302669,22.639106]},"geometry":{"type":"Polygon","coordinates":[[[120.302668,22.639068],[120.302654,22.63907],[120.302642,22.639076],[120.302633,22.639086],[120.302628,22.639098],[120.302628,22.639111],[120.302632,22.639123],[120.302641,22.639133],[120.302653,22.63914],[120.302665,22.639142],[120.302677,22.639141],[120.302689,22.639137],[120.302698,22.63913],[120.302705,22.63912],[120.302708,22.639109],[120.302707,22.639097],[120.302702,22.639087],[120.302694,22.639077],[120.302682,22.63907],[120.302668,22.639068]]]}},{"type":"Feature","id":"w1298938833","properties":{"kind":"building","category":"commercial","name":"商辦大樓","area_m2":5215.8,"centroid":[120.302016,22.638918]},"geometry":{"type":"Polygon","coordinates":[[[120.302276,22.639271],[120.302244,22.638885],[120.302237,22.638807],[120.302227,22.638686],[120.302216,22.638556],[120.302213,22.638529],[120.302202,22.638504],[120.302183,22.638484],[120.302158,22.63847],[120.30213,22.638463],[120.302101,22.638465],[120.301807,22.638486],[120.301778,22.638488],[120.301751,22.638499],[120.301729,22.638516],[120.301714,22.638539],[120.301706,22.638565],[120.301708,22.638592],[120.301768,22.639307],[120.301771,22.639334],[120.301782,22.639359],[120.301801,22.639379],[120.301826,22.639393],[120.301854,22.6394],[120.301883,22.639398],[120.302177,22.639377],[120.302206,22.639375],[120.302233,22.639364],[120.302255,22.639347],[120.302271,22.639324],[120.302278,22.639298],[120.302276,22.639271]]]}},{"type":"Feature","id":"w1298938834","properties":{"kind":"building","category":"commercial","name":"旅館大樓","area_m2":2630.2,"centroid":[120.303006,22.639037]},"geometry":{"type":"Polygon","coordinates":[[[120.302977,22.639302],[120.303128,22.639293],[120.303159,22.639283],[120.303189,22.639264],[120.303223,22.639235],[120.303242,22.639211],[120.303264,22.63918],[120.303271,22.63915],[120.303273,22.639097],[120.303257,22.638929],[120.303245,22.638893],[120.303228,22.638863],[120.303207,22.638837],[120.303178,22.638814],[120.303148,22.6388],[120.303115,22.63879],[120.303065,22.638786],[120.302933,22.638791],[120.30289,22.638801],[120.302872,22.638806],[120.302834,22.638824],[120.302802,22.638851],[120.302779,22.638876],[120.302761,22.638908],[120.302751,22.638955],[120.302748,22.638994],[120.302746,22.639043],[120.302757,22.639128],[120.302774,22.639186],[120.3028,22.63923],[120.302843,22.639267],[120.302875,22.639284],[120.302914,22.639293],[120.302948,22.639299],[120.302977,22.639302]]]}},{"type":"Feature","id":"w1300722715","properties":{"kind":"building","category":"apartments","name":"民生1號院","area_m2":1775.6,"centroid":[120.302428,22.62666]},"geometry":{"type":"Polygon","coordinates":[[[120.302647,22.626327],[120.302652,22.626887],[120.30264,22.626931],[120.302615,22.626952],[120.302581,22.626958],[120.302556,22.626957],[120.302518,22.626946],[120.302501,22.626927],[120.30249,22.626899],[120.302474,22.626768],[120.302479,22.626509],[120.30225,22.626504],[120.3022,22.626482],[120.302169,22.626432],[120.302179,22.626388],[120.302196,22.626358],[120.302259,22.626328],[120.302298,22.626325],[120.302647,22.626327]]]}},{"type":"Feature","id":"w1300722716","properties":{"kind":"building","category":"hotel","name":null,"area_m2":224.8,"centroid":[120.302002,22.626397]},"geometry":{"type":"Polygon","coordinates":[[[120.301913,22.626448],[120.302038,22.626488],[120.302091,22.626347],[120.301965,22.626307],[120.301913,22.626448]]]}},{"type":"Feature","id":"w1300722720","properties":{"kind":"building","category":"apartments","name":"民生臻愛","area_m2":610.9,"centroid":[120.302099,22.626054]},"geometry":{"type":"Polygon","coordinates":[[[120.30191,22.626031],[120.302006,22.625901],[120.302289,22.626078],[120.302193,22.626208],[120.30191,22.626031]]]}},{"type":"Feature","id":"w1301037384","properties":{"kind":"building","category":"apartments","name":"成功華廈","area_m2":266.0,"centroid":[120.295081,22.620126]},"geometry":{"type":"Polygon","coordinates":[[[120.294983,22.620044],[120.295214,22.620119],[120.295179,22.620209],[120.294948,22.620134],[120.294983,22.620044]]]}},{"type":"Feature","id":"w1301037385","properties":{"kind":"building","category":"apartments","name":"大立薇閣","area_m2":167.3,"centroid":[120.297868,22.621034]},"geometry":{"type":"Polygon","coordinates":[[[120.297777,22.621091],[120.297898,22.621131],[120.297924,22.621063],[120.297892,22.621052],[120.297917,22.620987],[120.297865,22.62097],[120.297854,22.620996],[120.297818,22.620984],[120.297777,22.621091]]]}},{"type":"Feature","id":"w1301037386","properties":{"kind":"building","category":"apartments","name":"棋琴文立苑","area_m2":459.7,"centroid":[120.297931,22.621299]},"geometry":{"type":"Polygon","coordinates":[[[120.297847,22.621181],[120.298021,22.621241],[120.298037,22.621285],[120.297976,22.621427],[120.297774,22.621359],[120.297847,22.621181]]]}},{"type":"Feature","id":"w1302864229","properties":{"kind":"green","category":"park","name":null,"area_m2":548.8,"centroid":[120.275773,22.620229]},"geometry":{"type":"Polygon","coordinates":[[[120.275838,22.620406],[120.275839,22.620055],[120.275795,22.62003],[120.275745,22.620031],[120.275697,22.62022],[120.27572,22.62043],[120.275779,22.62043],[120.275838,22.620406]]]}},{"type":"Feature","id":"w1302864230","properties":{"kind":"green","category":"park","name":null,"area_m2":1584.3,"centroid":[120.275886,22.619758]},"geometry":{"type":"Polygon","coordinates":[[[120.276156,22.619498],[120.275838,22.619631],[120.275772,22.619743],[120.275668,22.619715],[120.275602,22.619894],[120.275782,22.619839],[120.275807,22.619921],[120.276141,22.619845],[120.276205,22.619735],[120.276156,22.619498]]]}},{"type":"Feature","id":"w1303091999","properties":{"kind":"building","category":"temple","name":null,"area_m2":209.7,"centroid":[120.278066,22.621448]},"geometry":{"type":"Polygon","coordinates":[[[120.278068,22.621551],[120.278157,22.621507],[120.278065,22.621345],[120.277976,22.621389],[120.278068,22.621551]]]}},{"type":"Feature","id":"w1303092009","properties":{"kind":"building","category":"hotel","name":"帕鉑候工所","area_m2":1293.1,"centroid":[120.280583,22.620428]},"geometry":{"type":"Polygon","coordinates":[[[120.280343,22.620704],[120.281048,22.62039],[120.280928,22.620161],[120.280868,22.620188],[120.280946,22.620337],[120.280686,22.620452],[120.280669,22.62042],[120.280605,22.620448],[120.280624,22.620484],[120.280431,22.62057],[120.280393,22.620499],[120.280489,22.620456],[120.280452,22.620386],[120.280318,22.620445],[120.280312,22.620435],[120.280223,22.620475],[120.280343,22.620704]]]}},{"type":"Feature","id":"w1303272818","properties":{"kind":"building","category":"office","name":null,"area_m2":256.0,"centroid":[120.274683,22.619524]},"geometry":{"type":"Polygon","coordinates":[[[120.27462,22.619433],[120.274744,22.619432],[120.274745,22.619615],[120.274622,22.619615],[120.27462,22.619433]]]}},{"type":"Feature","id":"w1306202064","properties":{"kind":"building","category":"roof","name":null,"area_m2":93.9,"centroid":[120.278466,22.63542]},"geometry":{"type":"Polygon","coordinates":[[[120.278323,22.635451],[120.278323,22.635417],[120.27861,22.635393],[120.278608,22.635417],[120.278323,22.635451]]]}},{"type":"Feature","id":"w1314087728","properties":{"kind":"building","category":"retail","name":null,"area_m2":1476.1,"centroid":[120.283953,22.616204]},"geometry":{"type":"Polygon","coordinates":[[[120.283615,22.616513],[120.284335,22.616165],[120.284192,22.615912],[120.28396,22.616024],[120.284053,22.616188],[120.283565,22.616424],[120.283615,22.616513]]]}},{"type":"Feature","id":"w1314087730","properties":{"kind":"green","category":"grass","name":null,"area_m2":1301.8,"centroid":[120.282369,22.617925]},"geometry":{"type":"Polygon","coordinates":[[[120.281836,22.618225],[120.282944,22.61771],[120.282898,22.617633],[120.281798,22.618133],[120.281836,22.618225]]]}},{"type":"Feature","id":"w1316259116","properties":{"kind":"building","category":"residential","name":null,"area_m2":1137.4,"centroid":[120.293462,22.638927]},"geometry":{"type":"Polygon","coordinates":[[[120.292612,22.638489],[120.292587,22.638535],[120.294313,22.639365],[120.294338,22.639319],[120.292612,22.638489]]]}},{"type":"Feature","id":"w1316259117","properties":{"kind":"building","category":"residential","name":null,"area_m2":1137.1,"centroid":[120.293412,22.639056]},"geometry":{"type":"Polygon","coordinates":[[[120.292561,22.638619],[120.292536,22.638665],[120.294262,22.639494],[120.294287,22.639448],[120.292561,22.638619]]]}},{"type":"Feature","id":"w1318075658","properties":{"kind":"green","category":"park","name":"野餐區","area_m2":254.0,"centroid":[120.300656,22.624287]},"geometry":{"type":"Polygon","coordinates":[[[120.300627,22.624374],[120.300832,22.624345],[120.300614,22.624179],[120.300611,22.624234],[120.300597,22.624304],[120.300627,22.624374]]]}},{"type":"Feature","id":"w1330803073","properties":{"kind":"building","category":"school","name":null,"area_m2":438.9,"centroid":[120.288307,22.623464]},"geometry":{"type":"Polygon","coordinates":[[[120.288155,22.623359],[120.288135,22.623414],[120.288167,22.623424],[120.288158,22.62345],[120.288213,22.623466],[120.288307,22.62349],[120.288395,22.623528],[120.28847,22.623571],[120.288513,22.623602],[120.288568,22.623531],[120.288438,22.623445],[120.288294,22.623389],[120.288183,22.623367],[120.288155,22.623359]]]}},{"type":"Feature","id":"w1330803848","properties":{"kind":"building","category":"yes","name":"香醇軒早午餐鹽埕五福店","area_m2":135.5,"centroid":[120.287453,22.621871]},"geometry":{"type":"Polygon","coordinates":[[[120.28739,22.621822],[120.287408,22.621814],[120.287451,22.621793],[120.287537,22.621949],[120.287477,22.621978],[120.28739,22.621822]]]}},{"type":"Feature","id":"w1330803849","properties":{"kind":"building","category":"yes","name":"樂虹二手唱片","area_m2":132.6,"centroid":[120.287515,22.621842]},"geometry":{"type":"Polygon","coordinates":[[[120.287451,22.621793],[120.28748,22.621779],[120.287509,22.621765],[120.287598,22.621925],[120.287537,22.621949],[120.287451,22.621793]]]}},{"type":"Feature","id":"w1330805960","properties":{"kind":"building","category":"yes","name":null,"area_m2":185.2,"centroid":[120.287991,22.624769]},"geometry":{"type":"Polygon","coordinates":[[[120.287933,22.624858],[120.287885,22.624743],[120.28802,22.624695],[120.288042,22.624748],[120.288021,22.624756],[120.288047,22.624817],[120.287933,22.624858]]]}},{"type":"Feature","id":"w1330805961","properties":{"kind":"green","category":"recreation_ground","name":"二二八和平公園遊戲場","area_m2":501.9,"centroid":[120.288194,22.624952]},"geometry":{"type":"Polygon","coordinates":[[[120.288169,22.62509],[120.28813,22.625067],[120.2881,22.625025],[120.288093,22.624964],[120.2881,22.624927],[120.288113,22.624895],[120.288126,22.624873],[120.288146,22.624851],[120.28817,22.624839],[120.288218,22.624834],[120.288244,22.624846],[120.288258,22.624851],[120.288297,22.624894],[120.288312,22.624941],[120.28831,22.624995],[120.288278,22.625055],[120.288238,22.625087],[120.288191,22.625096],[120.288169,22.62509]]]}},{"type":"Feature","id":"w1330807161","properties":{"kind":"green","category":"grass","name":null,"area_m2":1574.1,"centroid":[120.288362,22.623716]},"geometry":{"type":"Polygon","coordinates":[[[120.288232,22.623921],[120.288381,22.623962],[120.288532,22.623907],[120.288616,22.62361],[120.288512,22.623614],[120.288411,22.623556],[120.288301,22.623515],[120.288213,22.623509],[120.288175,22.623721],[120.288242,22.623842],[120.288232,22.623921]]]}},{"type":"Feature","id":"w1331175781","properties":{"kind":"building","category":"yes","name":"公共廁所","area_m2":323.5,"centroid":[120.287589,22.617161]},"geometry":{"type":"Polygon","coordinates":[[[120.287559,22.617354],[120.287666,22.617317],[120.287596,22.617146],[120.287684,22.616979],[120.28765,22.616966],[120.287599,22.617064],[120.287556,22.617146],[120.287552,22.617155],[120.287488,22.617178],[120.28754,22.617307],[120.287559,22.617354]]]}},{"type":"Feature","id":"w1331196524","properties":{"kind":"building","category":"yes","name":null,"area_m2":31.0,"centroid":[120.288021,22.622738]},"geometry":{"type":"Polygon","coordinates":[[[120.288027,22.622709],[120.288037,22.622712],[120.288045,22.622719],[120.28805,22.622727],[120.288053,22.622736],[120.288051,22.622746],[120.288046,22.622755],[120.288039,22.622761],[120.28803,22.622765],[120.28802,22.622766],[120.28801,22.622764],[120.288002,22.622759],[120.287995,22.622753],[120.287992,22.622744],[120.287991,22.622735],[120.287993,22.622726],[120.287999,22.622719],[120.288006,22.622713],[120.288016,22.622709],[120.288027,22.622709]]]}},{"type":"Feature","id":"w1331196529","properties":{"kind":"building","category":"yes","name":null,"area_m2":162.5,"centroid":[120.288057,22.625877]},"geometry":{"type":"Polygon","coordinates":[[[120.288038,22.625793],[120.288131,22.625825],[120.288077,22.62596],[120.287984,22.625929],[120.288038,22.625793]]]}},{"type":"Feature","id":"w1331293658","properties":{"kind":"building","category":"apartments","name":null,"area_m2":386.6,"centroid":[120.286515,22.622964]},"geometry":{"type":"Polygon","coordinates":[[[120.286413,22.623068],[120.286526,22.623017],[120.286588,22.622989],[120.286614,22.622978],[120.286631,22.62297],[120.286565,22.622844],[120.286435,22.622902],[120.286346,22.622943],[120.286413,22.623068]]]}},{"type":"Feature","id":"w1331293659","properties":{"kind":"building","category":"yes","name":null,"area_m2":144.4,"centroid":[120.286492,22.623094]},"geometry":{"type":"Polygon","coordinates":[[[120.286413,22.623068],[120.286441,22.62312],[120.286503,22.62315],[120.286578,22.623116],[120.286526,22.623017],[120.286413,22.623068]]]}},{"type":"Feature","id":"w1331293660","properties":{"kind":"building","category":"apartments","name":null,"area_m2":86.3,"centroid":[120.286583,22.623053]},"geometry":{"type":"Polygon","coordinates":[[[120.286578,22.623116],[120.28664,22.623088],[120.286588,22.622989],[120.286526,22.623017],[120.286578,22.623116]]]}},{"type":"Feature","id":"w1331293663","properties":{"kind":"building","category":"apartments","name":null,"area_m2":61.5,"centroid":[120.286334,22.622816]},"geometry":{"type":"Polygon","coordinates":[[[120.286302,22.622861],[120.286276,22.622812],[120.286366,22.622772],[120.286392,22.62282],[120.286302,22.622861]]]}},{"type":"Feature","id":"w1331293664","properties":{"kind":"building","category":"apartments","name":null,"area_m2":44.6,"centroid":[120.286381,22.622905]},"geometry":{"type":"Polygon","coordinates":[[[120.286346,22.622943],[120.286327,22.622907],[120.286416,22.622867],[120.286435,22.622902],[120.286346,22.622943]]]}},{"type":"Feature","id":"w1331293665","properties":{"kind":"building","category":"apartments","name":null,"area_m2":58.5,"centroid":[120.286359,22.622864]},"geometry":{"type":"Polygon","coordinates":[[[120.286327,22.622907],[120.286302,22.622861],[120.286392,22.62282],[120.286416,22.622867],[120.286327,22.622907]]]}},{"type":"Feature","id":"w1331293666","properties":{"kind":"building","category":"apartments","name":null,"area_m2":208.6,"centroid":[120.286335,22.622706]},"geometry":{"type":"Polygon","coordinates":[[[120.286216,22.622713],[120.286256,22.622788],[120.286454,22.6227],[120.286415,22.622625],[120.286216,22.622713]]]}},{"type":"Feature","id":"w1331293667","properties":{"kind":"building","category":"apartments","name":null,"area_m2":97.5,"centroid":[120.286142,22.622501]},"geometry":{"type":"Polygon","coordinates":[[[120.28615,22.622437],[120.286119,22.622455],[120.286095,22.622507],[120.286137,22.622572],[120.286211,22.622532],[120.28615,22.622437]]]}},{"type":"Feature","id":"w1331293668","properties":{"kind":"building","category":"yes","name":"東嶽靈殿","area_m2":112.3,"centroid":[120.286876,22.622401]},"geometry":{"type":"Polygon","coordinates":[[[120.286805,22.622461],[120.28678,22.622413],[120.286948,22.62234],[120.286973,22.622388],[120.286805,22.622461]]]}},{"type":"Feature","id":"w1331293670","properties":{"kind":"building","category":"church","name":"高雄聖教會","area_m2":395.6,"centroid":[120.286977,22.622473]},"geometry":{"type":"Polygon","coordinates":[[[120.287197,22.622451],[120.28713,22.622339],[120.287102,22.622352],[120.287125,22.622391],[120.286955,22.622476],[120.286932,22.622437],[120.286866,22.622469],[120.286846,22.622491],[120.286849,22.622517],[120.286886,22.622579],[120.286906,22.622588],[120.286934,22.622585],[120.287197,22.622451]]]}},{"type":"Feature","id":"w1331510946","properties":{"kind":"building","category":"apartments","name":null,"area_m2":35.9,"centroid":[120.286627,22.623033]},"geometry":{"type":"Polygon","coordinates":[[[120.28664,22.623088],[120.286666,22.623076],[120.286614,22.622978],[120.286588,22.622989],[120.28664,22.623088]]]}},{"type":"Feature","id":"w1331510947","properties":{"kind":"building","category":"apartments","name":null,"area_m2":22.9,"centroid":[120.286648,22.623023]},"geometry":{"type":"Polygon","coordinates":[[[120.286614,22.622978],[120.286631,22.62297],[120.286682,22.623069],[120.286666,22.623076],[120.286614,22.622978]]]}},{"type":"Feature","id":"w1331510948","properties":{"kind":"building","category":"apartments","name":null,"area_m2":74.0,"centroid":[120.286512,22.62285]},"geometry":{"type":"Polygon","coordinates":[[[120.286435,22.622902],[120.286416,22.622867],[120.286561,22.6228],[120.286581,22.622837],[120.286565,22.622844],[120.286435,22.622902]]]}},{"type":"Feature","id":"w1331510949","properties":{"kind":"building","category":"apartments","name":null,"area_m2":94.7,"centroid":[120.286477,22.62281]},"geometry":{"type":"Polygon","coordinates":[[[120.286561,22.6228],[120.286416,22.622867],[120.286392,22.62282],[120.286537,22.622754],[120.286561,22.6228]]]}},{"type":"Feature","id":"w1331510950","properties":{"kind":"building","category":"apartments","name":null,"area_m2":98.5,"centroid":[120.286452,22.622763]},"geometry":{"type":"Polygon","coordinates":[[[120.286392,22.62282],[120.286366,22.622772],[120.286511,22.622706],[120.286537,22.622754],[120.286392,22.62282]]]}},{"type":"Feature","id":"w1331510951","properties":{"kind":"building","category":"apartments","name":null,"area_m2":210.6,"centroid":[120.287316,22.62196]},"geometry":{"type":"Polygon","coordinates":[[[120.287224,22.621895],[120.287306,22.621851],[120.287408,22.622028],[120.287326,22.622067],[120.287224,22.621895]]]}},{"type":"Feature","id":"w1331513507","properties":{"kind":"building","category":"yes","name":null,"area_m2":275.8,"centroid":[120.305491,22.634087]},"geometry":{"type":"Polygon","coordinates":[[[120.305405,22.634018],[120.305568,22.634009],[120.305578,22.634157],[120.305414,22.634166],[120.305405,22.634018]]]}},{"type":"Feature","id":"w1331513508","properties":{"kind":"building","category":"yes","name":null,"area_m2":799.0,"centroid":[120.307153,22.632854]},"geometry":{"type":"Polygon","coordinates":[[[120.306957,22.632952],[120.306945,22.632779],[120.30735,22.632755],[120.307362,22.632928],[120.306957,22.632952]]]}},{"type":"Feature","id":"w1331513510","properties":{"kind":"green","category":"grass","name":null,"area_m2":1914.9,"centroid":[120.306842,22.633168]},"geometry":{"type":"Polygon","coordinates":[[[120.306555,22.633303],[120.306494,22.633284],[120.306447,22.633247],[120.306433,22.633196],[120.306445,22.633141],[120.306481,22.633094],[120.306537,22.633083],[120.307129,22.633041],[120.307193,22.633046],[120.307229,22.633088],[120.307249,22.633137],[120.307243,22.633191],[120.307207,22.633235],[120.307147,22.633261],[120.306555,22.633303]]]}},{"type":"Feature","id":"w1331513511","properties":{"kind":"building","category":"yes","name":"電信員工活動中心","area_m2":961.3,"centroid":[120.305163,22.633069]},"geometry":{"type":"Polygon","coordinates":[[[120.305075,22.633225],[120.305324,22.633209],[120.305298,22.63287],[120.305049,22.632887],[120.30507,22.633154],[120.305075,22.633225]]]}},{"type":"Feature","id":"w1331513512","properties":{"kind":"building","category":"yes","name":"普普的風","area_m2":418.9,"centroid":[120.304982,22.633008]},"geometry":{"type":"Polygon","coordinates":[[[120.305049,22.632887],[120.304948,22.632892],[120.304911,22.632942],[120.304931,22.633163],[120.30507,22.633154],[120.305049,22.632887]]]}},{"type":"Feature","id":"w1331650285","properties":{"kind":"building","category":"yes","name":null,"area_m2":179.4,"centroid":[120.298113,22.631872]},"geometry":{"type":"Polygon","coordinates":[[[120.29801,22.631805],[120.298165,22.631857],[120.298161,22.631867],[120.298194,22.631878],[120.298168,22.631944],[120.29798,22.631881],[120.29801,22.631805]]]}},{"type":"Feature","id":"w1331650287","properties":{"kind":"green","category":"grass","name":null,"area_m2":1562.4,"centroid":[120.297543,22.632145]},"geometry":{"type":"Polygon","coordinates":[[[120.297724,22.632032],[120.297741,22.631962],[120.29771,22.631897],[120.297653,22.631876],[120.297588,22.63187],[120.29752,22.631901],[120.297473,22.63195],[120.297353,22.632264],[120.297346,22.632331],[120.297379,22.63238],[120.297426,22.632407],[120.297505,22.63242],[120.297575,22.632387],[120.297603,22.632347],[120.297724,22.632032]]]}},{"type":"Feature","id":"w1331650291","properties":{"kind":"building","category":"yes","name":"屈臣氏","area_m2":132.6,"centroid":[120.304797,22.63041]},"geometry":{"type":"Polygon","coordinates":[[[120.304721,22.630374],[120.304868,22.630367],[120.304872,22.630447],[120.304726,22.630453],[120.304721,22.630374]]]}},{"type":"Feature","id":"w1331650292","properties":{"kind":"building","category":"yes","name":"翡翠婚紗","area_m2":571.7,"centroid":[120.304833,22.630898]},"geometry":{"type":"Polygon","coordinates":[[[120.304771,22.631007],[120.304723,22.630971],[120.304712,22.630829],[120.304726,22.630813],[120.304812,22.630807],[120.30497,22.630794],[120.304986,22.630966],[120.304965,22.630994],[120.304771,22.631007]]]}},{"type":"Feature","id":"w1331650296","properties":{"kind":"building","category":"yes","name":null,"area_m2":8.6,"centroid":[120.303804,22.629544]},"geometry":{"type":"Polygon","coordinates":[[[120.303793,22.62956],[120.303819,22.629556],[120.303815,22.629528],[120.303789,22.629531],[120.303793,22.62956]]]}},{"type":"Feature","id":"w1331650297","properties":{"kind":"building","category":"yes","name":"Papa Whale 高雄美麗島館","area_m2":167.2,"centroid":[120.304543,22.62772]},"geometry":{"type":"Polygon","coordinates":[[[120.304447,22.627713],[120.304495,22.627687],[120.304664,22.627686],[120.304663,22.627757],[120.304447,22.627758],[120.304447,22.627713]]]}},{"type":"Feature","id":"w1331650300","properties":{"kind":"building","category":"yes","name":"凱睿中醫診所","area_m2":253.7,"centroid":[120.304175,22.627707]},"geometry":{"type":"Polygon","coordinates":[[[120.304098,22.627793],[120.304251,22.627786],[120.304246,22.627684],[120.30419,22.627634],[120.30409,22.627638],[120.304098,22.627793]]]}},{"type":"Feature","id":"w1331941705","properties":{"kind":"building","category":"yes","name":"哨船頭開臺福德宮","area_m2":120.8,"centroid":[120.267847,22.61884]},"geometry":{"type":"Polygon","coordinates":[[[120.267786,22.618876],[120.267854,22.618747],[120.267923,22.618777],[120.267848,22.618907],[120.267822,22.618893],[120.267786,22.618876]]]}},{"type":"Feature","id":"w1333285174","properties":{"kind":"building","category":"yes","name":null,"area_m2":244.3,"centroid":[120.306034,22.625736]},"geometry":{"type":"Polygon","coordinates":[[[120.305942,22.62578],[120.305983,22.625643],[120.306127,22.625692],[120.306083,22.625828],[120.305942,22.62578]]]}},{"type":"Feature","id":"w1335848130","properties":{"kind":"building","category":"yes","name":"衿后禾居","area_m2":355.5,"centroid":[120.306515,22.635251]},"geometry":{"type":"Polygon","coordinates":[[[120.306742,22.635289],[120.306732,22.63518],[120.306457,22.635201],[120.30646,22.635227],[120.306442,22.635237],[120.306433,22.635254],[120.306444,22.635276],[120.306463,22.635283],[120.306465,22.63531],[120.306742,22.635289]]]}},{"type":"Feature","id":"w1335848131","properties":{"kind":"building","category":"apartments","name":null,"area_m2":326.3,"centroid":[120.306528,22.635105]},"geometry":{"type":"Polygon","coordinates":[[[120.30664,22.635165],[120.306627,22.635029],[120.306417,22.635046],[120.306429,22.635181],[120.30664,22.635165]]]}},{"type":"Feature","id":"w1335848132","properties":{"kind":"building","category":"apartments","name":null,"area_m2":140.3,"centroid":[120.306679,22.635093]},"geometry":{"type":"Polygon","coordinates":[[[120.30664,22.635165],[120.30673,22.635157],[120.306718,22.635022],[120.306627,22.635029],[120.30664,22.635165]]]}},{"type":"Feature","id":"w1335848133","properties":{"kind":"building","category":"apartments","name":null,"area_m2":128.6,"centroid":[120.306765,22.635086]},"geometry":{"type":"Polygon","coordinates":[[[120.30673,22.635157],[120.306813,22.635151],[120.306801,22.635015],[120.306718,22.635022],[120.30673,22.635157]]]}},{"type":"Feature","id":"w1335848134","properties":{"kind":"building","category":"apartments","name":null,"area_m2":140.4,"centroid":[120.306852,22.63508]},"geometry":{"type":"Polygon","coordinates":[[[120.306813,22.635151],[120.306903,22.635145],[120.306891,22.635008],[120.306801,22.635015],[120.306813,22.635151]]]}},{"type":"Feature","id":"w1335849446","properties":{"kind":"building","category":"yes","name":"天成逸旅-舶寓高雄","area_m2":360.8,"centroid":[120.297564,22.622263]},"geometry":{"type":"Polygon","coordinates":[[[120.297619,22.622394],[120.297696,22.622198],[120.2976,22.622166],[120.297563,22.622258],[120.297475,22.622228],[120.297434,22.622332],[120.297619,22.622394]]]}},{"type":"Feature","id":"w1335851228","properties":{"kind":"building","category":"apartments","name":"統帥大廈","area_m2":621.5,"centroid":[120.298038,22.62288]},"geometry":{"type":"Polygon","coordinates":[[[120.298107,22.623024],[120.298187,22.622806],[120.29797,22.62273],[120.297887,22.622961],[120.298107,22.623024]]]}},{"type":"Feature","id":"w1336355637","properties":{"kind":"building","category":"apartments","name":null,"area_m2":259.7,"centroid":[120.29651,22.626877]},"geometry":{"type":"Polygon","coordinates":[[[120.296624,22.626827],[120.296558,22.626999],[120.296458,22.626967],[120.296501,22.626854],[120.296448,22.626837],[120.29647,22.626778],[120.296624,22.626827]]]}},{"type":"Feature","id":"w1336355638","properties":{"kind":"building","category":"apartments","name":null,"area_m2":117.7,"centroid":[120.296558,22.626773]},"geometry":{"type":"Polygon","coordinates":[[[120.296624,22.626827],[120.296649,22.626769],[120.296489,22.626718],[120.29647,22.626778],[120.296624,22.626827]]]}},{"type":"Feature","id":"w1336355639","properties":{"kind":"building","category":"apartments","name":null,"area_m2":120.1,"centroid":[120.296581,22.626714]},"geometry":{"type":"Polygon","coordinates":[[[120.296649,22.626769],[120.296673,22.62671],[120.296513,22.62666],[120.296489,22.626718],[120.296649,22.626769]]]}},{"type":"Feature","id":"w1336998505","properties":{"kind":"building","category":"yes","name":null,"area_m2":230.2,"centroid":[120.299684,22.623596]},"geometry":{"type":"Polygon","coordinates":[[[120.299627,22.623677],[120.299773,22.623648],[120.299741,22.623515],[120.299596,22.623544],[120.299627,22.623677]]]}},{"type":"Feature","id":"w1337628606","properties":{"kind":"building","category":"yes","name":"全聯福利中心","area_m2":865.7,"centroid":[120.297565,22.620503]},"geometry":{"type":"Polygon","coordinates":[[[120.297461,22.620603],[120.29749,22.620534],[120.297467,22.620526],[120.297494,22.620458],[120.297519,22.620467],[120.297576,22.620331],[120.297813,22.620415],[120.297699,22.620688],[120.297461,22.620603]]]}},{"type":"Feature","id":"w1337628607","properties":{"kind":"building","category":"yes","name":null,"area_m2":61.7,"centroid":[120.297528,22.620364]},"geometry":{"type":"Polygon","coordinates":[[[120.297573,22.620319],[120.297528,22.620303],[120.297484,22.620409],[120.297528,22.620425],[120.297573,22.620319]]]}},{"type":"Feature","id":"w1337628608","properties":{"kind":"building","category":"yes","name":null,"area_m2":64.9,"centroid":[120.297483,22.620347]},"geometry":{"type":"Polygon","coordinates":[[[120.297484,22.620409],[120.297438,22.620392],[120.297481,22.620285],[120.297528,22.620303],[120.297484,22.620409]]]}},{"type":"Feature","id":"w1337628609","properties":{"kind":"building","category":"yes","name":null,"area_m2":142.6,"centroid":[120.297404,22.620314]},"geometry":{"type":"Polygon","coordinates":[[[120.297438,22.620392],[120.297328,22.620354],[120.297359,22.620278],[120.297415,22.620263],[120.297481,22.620285],[120.297438,22.620392]]]}},{"type":"Feature","id":"w1337634191","properties":{"kind":"building","category":"public","name":null,"area_m2":117.4,"centroid":[120.296225,22.622447]},"geometry":{"type":"Polygon","coordinates":[[[120.296318,22.622446],[120.296155,22.622391],[120.296133,22.622447],[120.296296,22.622502],[120.296318,22.622446]]]}},{"type":"Feature","id":"w1337634192","properties":{"kind":"building","category":"public","name":null,"area_m2":88.6,"centroid":[120.296193,22.622496]},"geometry":{"type":"Polygon","coordinates":[[[120.296296,22.622502],[120.29628,22.622544],[120.296138,22.622497],[120.296117,22.622489],[120.296133,22.622447],[120.296296,22.622502]]]}},{"type":"Feature","id":"w1337634193","properties":{"kind":"building","category":"public","name":null,"area_m2":69.8,"centroid":[120.296153,22.622665]},"geometry":{"type":"Polygon","coordinates":[[[120.29609,22.622622],[120.296231,22.62267],[120.296216,22.622708],[120.296075,22.622661],[120.29609,22.622622]]]}},{"type":"Feature","id":"w1337634194","properties":{"kind":"building","category":"public","name":null,"area_m2":79.2,"centroid":[120.296169,22.622624]},"geometry":{"type":"Polygon","coordinates":[[[120.296106,22.622578],[120.296247,22.622626],[120.296231,22.62267],[120.29609,22.622622],[120.296106,22.622578]]]}},{"type":"Feature","id":"w1337634195","properties":{"kind":"building","category":"public","name":null,"area_m2":71.9,"centroid":[120.296184,22.622582]},"geometry":{"type":"Polygon","coordinates":[[[120.296122,22.622539],[120.296263,22.622586],[120.296247,22.622626],[120.296106,22.622578],[120.296122,22.622539]]]}},{"type":"Feature","id":"w1337634196","properties":{"kind":"building","category":"public","name":null,"area_m2":76.3,"centroid":[120.296201,22.622542]},"geometry":{"type":"Polygon","coordinates":[[[120.296138,22.622497],[120.29628,22.622544],[120.296263,22.622586],[120.296122,22.622539],[120.296138,22.622497]]]}},{"type":"Feature","id":"w1337634197","properties":{"kind":"building","category":"yes","name":null,"area_m2":121.0,"centroid":[120.296547,22.622566]},"geometry":{"type":"Polygon","coordinates":[[[120.296497,22.622506],[120.296627,22.622556],[120.296596,22.622626],[120.296466,22.622576],[120.296497,22.622506]]]}},{"type":"Feature","id":"w1337634198","properties":{"kind":"building","category":"residential","name":null,"area_m2":233.3,"centroid":[120.295646,22.622317]},"geometry":{"type":"Polygon","coordinates":[[[120.295617,22.622221],[120.295736,22.622263],[120.295675,22.622413],[120.295555,22.622372],[120.295617,22.622221]]]}},{"type":"Feature","id":"w1337634199","properties":{"kind":"building","category":"residential","name":null,"area_m2":231.3,"centroid":[120.295527,22.622276]},"geometry":{"type":"Polygon","coordinates":[[[120.295499,22.62218],[120.295617,22.622221],[120.295555,22.622372],[120.295437,22.622331],[120.295499,22.62218]]]}},{"type":"Feature","id":"w1337639073","properties":{"kind":"building","category":"yes","name":"CPC.Life 複合商店","area_m2":235.4,"centroid":[120.294301,22.623511]},"geometry":{"type":"Polygon","coordinates":[[[120.294158,22.623511],[120.294193,22.623424],[120.294359,22.623482],[120.294356,22.623491],[120.294412,22.62351],[120.294387,22.62357],[120.294314,22.623565],[120.294233,22.623537],[120.294158,22.623511]]]}},{"type":"Feature","id":"w1337639074","properties":{"kind":"building","category":"yes","name":null,"area_m2":30.8,"centroid":[120.294181,22.623539]},"geometry":{"type":"Polygon","coordinates":[[[120.294158,22.623511],[120.294148,22.623534],[120.294145,22.623542],[120.29422,22.623569],[120.294233,22.623537],[120.294158,22.623511]]]}},{"type":"Feature","id":"w1337639084","properties":{"kind":"building","category":"yes","name":null,"area_m2":575.5,"centroid":[120.29479,22.623512]},"geometry":{"type":"Polygon","coordinates":[[[120.294622,22.623518],[120.294685,22.623356],[120.294983,22.623454],[120.294918,22.623611],[120.294795,22.623575],[120.294816,22.623522],[120.294763,22.623505],[120.29474,22.623557],[120.294622,22.623518]]]}},{"type":"Feature","id":"w1337646419","properties":{"kind":"building","category":"yes","name":null,"area_m2":85.1,"centroid":[120.29382,22.624385]},"geometry":{"type":"Polygon","coordinates":[[[120.29378,22.624393],[120.293796,22.624433],[120.293831,22.624447],[120.293878,22.624339],[120.293815,22.624315],[120.29378,22.624393]]]}},{"type":"Feature","id":"w1337646420","properties":{"kind":"building","category":"yes","name":"高雄佛教蓮社","area_m2":313.4,"centroid":[120.293969,22.624281]},"geometry":{"type":"Polygon","coordinates":[[[120.294111,22.624273],[120.294072,22.624372],[120.293826,22.624289],[120.293865,22.62419],[120.294111,22.624273]]]}},{"type":"Feature","id":"w1337646427","properties":{"kind":"building","category":"yes","name":null,"area_m2":2014.5,"centroid":[120.293925,22.625294]},"geometry":{"type":"Polygon","coordinates":[[[120.293703,22.625039],[120.293674,22.625099],[120.293655,22.625092],[120.293611,22.625189],[120.293635,22.625198],[120.293579,22.625333],[120.293618,22.625351],[120.293608,22.625377],[120.293753,22.625432],[120.293825,22.625419],[120.293912,22.625364],[120.293957,22.625267],[120.294318,22.625398],[120.294326,22.625428],[120.294352,22.62545],[120.294447,22.625481],[120.294503,22.625333],[120.294102,22.625205],[120.293993,22.625134],[120.293703,22.625039]]]}},{"type":"Feature","id":"w1338987871","properties":{"kind":"building","category":"apartments","name":null,"area_m2":508.4,"centroid":[120.306135,22.630091]},"geometry":{"type":"Polygon","coordinates":[[[120.30602,22.63019],[120.306004,22.63001],[120.306251,22.629991],[120.306267,22.630171],[120.30602,22.63019]]]}},{"type":"Feature","id":"w1376139781","properties":{"kind":"building","category":"yes","name":"旗后天后宮","area_m2":445.1,"centroid":[120.268388,22.613395]},"geometry":{"type":"Polygon","coordinates":[[[120.268411,22.613506],[120.268453,22.613465],[120.268494,22.613424],[120.268547,22.613372],[120.268393,22.613238],[120.268254,22.613375],[120.268259,22.613374],[120.268296,22.61341],[120.268411,22.613506]]]}},{"type":"Feature","id":"w1381060585","properties":{"kind":"building","category":"public","name":null,"area_m2":340.4,"centroid":[120.290435,22.626967]},"geometry":{"type":"Polygon","coordinates":[[[120.290304,22.626993],[120.290356,22.626868],[120.290565,22.626942],[120.290513,22.627067],[120.290304,22.626993]]]}},{"type":"Feature","id":"w1388408935","properties":{"kind":"building","category":"yes","name":"全家便利商店","area_m2":206.0,"centroid":[120.270426,22.623676]},"geometry":{"type":"Polygon","coordinates":[[[120.270486,22.623703],[120.2705,22.623662],[120.270454,22.623588],[120.270313,22.623664],[120.270375,22.623763],[120.270486,22.623703]]]}},{"type":"Feature","id":"w1388408936","properties":{"kind":"building","category":"apartments","name":null,"area_m2":123.8,"centroid":[120.270618,22.623613]},"geometry":{"type":"Polygon","coordinates":[[[120.270621,22.62369],[120.270546,22.623575],[120.270616,22.623537],[120.270691,22.623652],[120.270621,22.62369]]]}},{"type":"Feature","id":"w1388408939","properties":{"kind":"building","category":"yes","name":null,"area_m2":188.3,"centroid":[120.271005,22.625004]},"geometry":{"type":"Polygon","coordinates":[[[120.270996,22.625027],[120.271029,22.625049],[120.27111,22.625023],[120.27103,22.624906],[120.270907,22.62497],[120.270956,22.625048],[120.270996,22.625027]]]}},{"type":"Feature","id":"w1388408941","properties":{"kind":"building","category":"shed","name":null,"area_m2":67.2,"centroid":[120.271389,22.623496]},"geometry":{"type":"Polygon","coordinates":[[[120.271325,22.6235],[120.271358,22.623546],[120.271449,22.623491],[120.271422,22.623446],[120.271325,22.6235]]]}},{"type":"Feature","id":"w1388554348","properties":{"kind":"building","category":"yes","name":null,"area_m2":444.3,"centroid":[120.291888,22.638502]},"geometry":{"type":"Polygon","coordinates":[[[120.291734,22.638517],[120.2918,22.638384],[120.292043,22.638487],[120.291977,22.63862],[120.291734,22.638517]]]}},{"type":"Feature","id":"w1388554349","properties":{"kind":"building","category":"yes","name":null,"area_m2":99.2,"centroid":[120.291602,22.638568]},"geometry":{"type":"Polygon","coordinates":[[[120.291535,22.638587],[120.291567,22.638513],[120.291669,22.63855],[120.291637,22.638624],[120.291535,22.638587]]]}},{"type":"Feature","id":"w1388554350","properties":{"kind":"building","category":"yes","name":null,"area_m2":48.0,"centroid":[120.291677,22.638628]},"geometry":{"type":"Polygon","coordinates":[[[120.291631,22.638642],[120.291655,22.638589],[120.291723,22.638615],[120.291699,22.638668],[120.291631,22.638642]]]}},{"type":"Feature","id":"w1388554351","properties":{"kind":"building","category":"yes","name":null,"area_m2":154.4,"centroid":[120.291809,22.63882]},"geometry":{"type":"Polygon","coordinates":[[[120.291739,22.638872],[120.291786,22.63874],[120.291879,22.638768],[120.291832,22.6389],[120.291739,22.638872]]]}},{"type":"Feature","id":"w1388554352","properties":{"kind":"building","category":"yes","name":null,"area_m2":196.3,"centroid":[120.291597,22.639252]},"geometry":{"type":"Polygon","coordinates":[[[120.291471,22.639245],[120.2915,22.639178],[120.291723,22.639259],[120.291695,22.639326],[120.291471,22.639245]]]}},{"type":"Feature","id":"w1388554353","properties":{"kind":"building","category":"yes","name":null,"area_m2":178.6,"centroid":[120.291674,22.639072]},"geometry":{"type":"Polygon","coordinates":[[[120.291547,22.639062],[120.291572,22.639002],[120.291801,22.639082],[120.291777,22.639142],[120.291547,22.639062]]]}},{"type":"Feature","id":"w1388554354","properties":{"kind":"building","category":"yes","name":null,"area_m2":279.3,"centroid":[120.291721,22.638939]},"geometry":{"type":"Polygon","coordinates":[[[120.29159,22.63895],[120.291628,22.638853],[120.291852,22.638928],[120.291815,22.639025],[120.29159,22.63895]]]}},{"type":"Feature","id":"w1388554355","properties":{"kind":"building","category":"yes","name":null,"area_m2":625.5,"centroid":[120.291548,22.639421]},"geometry":{"type":"Polygon","coordinates":[[[120.291383,22.639477],[120.29147,22.639258],[120.2917,22.639336],[120.291635,22.639498],[120.291552,22.639534],[120.291383,22.639477]]]}},{"type":"Feature","id":"w1388578072","properties":{"kind":"building","category":"yes","name":null,"area_m2":175.1,"centroid":[120.270526,22.625253]},"geometry":{"type":"Polygon","coordinates":[[[120.270591,22.625276],[120.270527,22.625267],[120.270544,22.625171],[120.27047,22.625159],[120.270442,22.625312],[120.270581,22.625333],[120.270591,22.625276]]]}},{"type":"Feature","id":"w1388578073","properties":{"kind":"building","category":"yes","name":null,"area_m2":69.0,"centroid":[120.270649,22.625207]},"geometry":{"type":"Polygon","coordinates":[[[120.27065,22.62525],[120.270682,22.625251],[120.270687,22.625166],[120.270647,22.625164],[120.270616,22.625163],[120.270611,22.625248],[120.27065,22.62525]]]}},{"type":"Feature","id":"w1388578074","properties":{"kind":"building","category":"yes","name":null,"area_m2":63.0,"centroid":[120.27115,22.62498]},"geometry":{"type":"Polygon","coordinates":[[[120.271143,22.625023],[120.271207,22.625011],[120.271155,22.624928],[120.271097,22.624958],[120.271143,22.625023]]]}},{"type":"Feature","id":"w1388678549","properties":{"kind":"building","category":"shed","name":null,"area_m2":23.9,"centroid":[120.270925,22.626747]},"geometry":{"type":"Polygon","coordinates":[[[120.270932,22.626721],[120.270953,22.626722],[120.270958,22.626745],[120.270921,22.626772],[120.270894,22.626771],[120.270895,22.62675],[120.270932,22.626721]]]}},{"type":"Feature","id":"w1388678551","properties":{"kind":"green","category":"park","name":null,"area_m2":1305.7,"centroid":[120.272098,22.624741]},"geometry":{"type":"Polygon","coordinates":[[[120.27216,22.624589],[120.272249,22.624727],[120.272233,22.624737],[120.272279,22.624809],[120.271886,22.625023],[120.271751,22.624812],[120.272092,22.624626],[120.272134,22.624603],[120.27216,22.624589]]]}},{"type":"Feature","id":"w1388678552","properties":{"kind":"building","category":"shed","name":null,"area_m2":27.9,"centroid":[120.27228,22.624765]},"geometry":{"type":"Polygon","coordinates":[[[120.272284,22.624802],[120.272315,22.624784],[120.272277,22.624728],[120.272245,22.624746],[120.272284,22.624802]]]}},{"type":"Feature","id":"w1388678573","properties":{"kind":"building","category":"yes","name":null,"area_m2":32.9,"centroid":[120.272424,22.624764]},"geometry":{"type":"Polygon","coordinates":[[[120.272395,22.6248],[120.272375,22.624766],[120.272444,22.624731],[120.272456,22.624752],[120.272448,22.624773],[120.272395,22.6248]]]}},{"type":"Feature","id":"w1388678574","properties":{"kind":"building","category":"yes","name":null,"area_m2":48.2,"centroid":[120.272335,22.624811]},"geometry":{"type":"Polygon","coordinates":[[[120.272385,22.624813],[120.272358,22.624769],[120.272285,22.624809],[120.272313,22.624852],[120.272385,22.624813]]]}},{"type":"Feature","id":"w1388697346","properties":{"kind":"building","category":"yes","name":null,"area_m2":82.7,"centroid":[120.289928,22.624662]},"geometry":{"type":"Polygon","coordinates":[[[120.289882,22.62468],[120.289908,22.624619],[120.289927,22.624606],[120.289955,22.624604],[120.289972,22.624623],[120.289974,22.624646],[120.289948,22.624704],[120.289925,22.624716],[120.289903,22.624715],[120.289886,22.624703],[120.289882,22.62468]]]}},{"type":"Feature","id":"w1388787698","properties":{"kind":"building","category":"yes","name":null,"area_m2":275.9,"centroid":[120.29037,22.640011]},"geometry":{"type":"Polygon","coordinates":[[[120.290239,22.640025],[120.290273,22.639929],[120.290502,22.639997],[120.290468,22.640093],[120.290239,22.640025]]]}},{"type":"Feature","id":"w1388787699","properties":{"kind":"building","category":"yes","name":null,"area_m2":560.3,"centroid":[120.290526,22.63989]},"geometry":{"type":"Polygon","coordinates":[[[120.290359,22.639846],[120.290492,22.639733],[120.290692,22.639934],[120.290559,22.640047],[120.290359,22.639846]]]}},{"type":"Feature","id":"w1420209442","properties":{"kind":"building","category":"temple","name":"文武聖殿","area_m2":860.0,"centroid":[120.281387,22.629516]},"geometry":{"type":"Polygon","coordinates":[[[120.281202,22.629411],[120.281451,22.629288],[120.281567,22.629502],[120.281504,22.629527],[120.281517,22.629552],[120.2813,22.629664],[120.281268,22.629599],[120.281288,22.629586],[120.281202,22.629411]]]}},{"type":"Feature","id":"w1427723264","properties":{"kind":"building","category":"yes","name":"全家便利商店","area_m2":339.8,"centroid":[120.293602,22.615123]},"geometry":{"type":"Polygon","coordinates":[[[120.293616,22.615],[120.293489,22.615056],[120.293588,22.615247],[120.293716,22.61519],[120.293616,22.615]]]}},{"type":"Feature","id":"w1433713251","properties":{"kind":"building","category":"temple","name":"九天堂","area_m2":152.8,"centroid":[120.291777,22.626271]},"geometry":{"type":"Polygon","coordinates":[[[120.291687,22.626303],[120.29186,22.626316],[120.291867,22.626237],[120.291695,22.626227],[120.291687,22.626303]]]}},{"type":"Feature","id":"w1433714158","properties":{"kind":"building","category":"temple","name":"保天宮","area_m2":15.2,"centroid":[120.291669,22.62651]},"geometry":{"type":"Polygon","coordinates":[[[120.291687,22.626529],[120.291643,22.626518],[120.29165,22.626491],[120.291697,22.626501],[120.291687,22.626529]]]}},{"type":"Feature","id":"w1433714294","properties":{"kind":"building","category":"temple","name":"廣澤尊王","area_m2":10.3,"centroid":[120.291736,22.626431]},"geometry":{"type":"Polygon","coordinates":[[[120.29172,22.626447],[120.291732,22.626407],[120.291753,22.626414],[120.291738,22.626456],[120.29172,22.626447]]]}},{"type":"Feature","id":"w1433714306","properties":{"kind":"building","category":"temple","name":"邢府千歲","area_m2":16.4,"centroid":[120.291787,22.626452]},"geometry":{"type":"Polygon","coordinates":[[[120.291803,22.626473],[120.291787,22.62647],[120.29177,22.626467],[120.291772,22.62642],[120.291803,22.62643],[120.291803,22.626473]]]}},{"type":"Feature","id":"w1433714383","properties":{"kind":"building","category":"retail","name":"睫綾美學","area_m2":30.0,"centroid":[120.291562,22.62664]},"geometry":{"type":"Polygon","coordinates":[[[120.291582,22.62667],[120.291526,22.626651],[120.291541,22.62661],[120.291599,22.626629],[120.291582,22.62667]]]}},{"type":"Feature","id":"w1433714442","properties":{"kind":"building","category":"retail","name":"500CC 綠豆沙牛奶","area_m2":133.9,"centroid":[120.291205,22.626321]},"geometry":{"type":"Polygon","coordinates":[[[120.291125,22.626344],[120.29116,22.62626],[120.291285,22.626299],[120.29125,22.626382],[120.291125,22.626344]]]}},{"type":"Feature","id":"w1433714616","properties":{"kind":"building","category":"ruins","name":null,"area_m2":142.8,"centroid":[120.292299,22.626524]},"geometry":{"type":"Polygon","coordinates":[[[120.292348,22.62661],[120.292226,22.626579],[120.29225,22.626515],[120.292251,22.626492],[120.292272,22.626468],[120.292316,22.626466],[120.292331,22.62649],[120.292326,22.626539],[120.292375,22.626557],[120.292348,22.62661]]]}},{"type":"Feature","id":"w1433714661","properties":{"kind":"building","category":"yes","name":"教一下共學教室","area_m2":49.4,"centroid":[120.291568,22.626036]},"geometry":{"type":"Polygon","coordinates":[[[120.291528,22.626064],[120.291551,22.625993],[120.291608,22.626009],[120.291584,22.626079],[120.291528,22.626064]]]}},{"type":"Feature","id":"w1433716328","properties":{"kind":"building","category":"yes","name":"放火燒潛水裝備","area_m2":47.7,"centroid":[120.291192,22.62665]},"geometry":{"type":"Polygon","coordinates":[[[120.29113,22.626654],[120.291145,22.626612],[120.291236,22.626642],[120.291228,22.62666],[120.291219,22.626683],[120.29113,22.626654]]]}},{"type":"Feature","id":"w1433716329","properties":{"kind":"building","category":"yes","name":"美業salon","area_m2":30.2,"centroid":[120.29125,22.626669]},"geometry":{"type":"Polygon","coordinates":[[[120.291273,22.626701],[120.291219,22.626683],[120.291228,22.62666],[120.291236,22.626642],[120.291293,22.626658],[120.291273,22.626701]]]}},{"type":"Feature","id":"w1433716330","properties":{"kind":"building","category":"yes","name":"郵政代辦所","area_m2":25.1,"centroid":[120.291305,22.626686]},"geometry":{"type":"Polygon","coordinates":[[[120.291273,22.626701],[120.291317,22.626715],[120.291338,22.626671],[120.291293,22.626658],[120.291273,22.626701]]]}},{"type":"Feature","id":"w1433716331","properties":{"kind":"building","category":"yes","name":"幸福食堂","area_m2":22.1,"centroid":[120.291347,22.626699]},"geometry":{"type":"Polygon","coordinates":[[[120.291317,22.626715],[120.291358,22.626727],[120.291375,22.626683],[120.291338,22.626671],[120.291317,22.626715]]]}},{"type":"Feature","id":"w1433716332","properties":{"kind":"building","category":"yes","name":"老K金仔店","area_m2":20.9,"centroid":[120.291385,22.62671]},"geometry":{"type":"Polygon","coordinates":[[[120.291358,22.626727],[120.291395,22.626738],[120.291413,22.626694],[120.291375,22.626683],[120.291358,22.626727]]]}},{"type":"Feature","id":"w1433717187","properties":{"kind":"building","category":"yes","name":"雜貨店","area_m2":127.2,"centroid":[120.292224,22.626192]},"geometry":{"type":"Polygon","coordinates":[[[120.292161,22.626244],[120.292207,22.626119],[120.292287,22.62614],[120.292243,22.626267],[120.292161,22.626244]]]}},{"type":"Feature","id":"w1446423845","properties":{"kind":"building","category":"temple","name":"高雄站前保安宮","area_m2":319.3,"centroid":[120.301506,22.637388]},"geometry":{"type":"Polygon","coordinates":[[[120.301433,22.637291],[120.30163,22.63736],[120.301578,22.637485],[120.301382,22.637416],[120.301433,22.637291]]]}},{"type":"Feature","id":"w1450639758","properties":{"kind":"building","category":"yes","name":null,"area_m2":178.7,"centroid":[120.305769,22.630099]},"geometry":{"type":"Polygon","coordinates":[[[120.305842,22.630151],[120.305704,22.63016],[120.305696,22.630046],[120.305834,22.630038],[120.305842,22.630151]]]}},{"type":"Feature","id":"w1450639769","properties":{"kind":"building","category":"yes","name":"美麗道商旅","area_m2":144.9,"centroid":[120.306858,22.630731]},"geometry":{"type":"Polygon","coordinates":[[[120.306843,22.630835],[120.306837,22.630761],[120.306824,22.630616],[120.306884,22.630614],[120.3069,22.630831],[120.306843,22.630835]]]}},{"type":"Feature","id":"w1450639770","properties":{"kind":"building","category":"apartments","name":null,"area_m2":368.2,"centroid":[120.30611,22.630355]},"geometry":{"type":"Polygon","coordinates":[[[120.306026,22.63045],[120.306015,22.63027],[120.306195,22.630261],[120.306206,22.63044],[120.306026,22.63045]]]}},{"type":"Feature","id":"w1459084159","properties":{"kind":"green","category":"grass","name":null,"area_m2":2559.5,"centroid":[120.293252,22.621997]},"geometry":{"type":"Polygon","coordinates":[[[120.293425,22.622202],[120.293442,22.62181],[120.293404,22.621735],[120.293366,22.621692],[120.293304,22.621657],[120.29325,22.621655],[120.293194,22.621666],[120.293136,22.621683],[120.293099,22.621718],[120.293067,22.621771],[120.293063,22.622212],[120.293096,22.62226],[120.293144,22.622297],[120.293207,22.622331],[120.293254,22.622342],[120.293315,22.622338],[120.293364,22.622315],[120.293401,22.622263],[120.293425,22.622202]]]}},{"type":"Feature","id":"w1459084161","properties":{"kind":"building","category":"yes","name":null,"area_m2":127.9,"centroid":[120.291963,22.626093]},"geometry":{"type":"Polygon","coordinates":[[[120.292039,22.626059],[120.292012,22.626128],[120.291968,22.626113],[120.291961,22.626133],[120.291882,22.626106],[120.291917,22.626018],[120.292039,22.626059]]]}},{"type":"Feature","id":"w1459084162","properties":{"kind":"building","category":"yes","name":null,"area_m2":94.2,"centroid":[120.296347,22.617117]},"geometry":{"type":"Polygon","coordinates":[[[120.296395,22.617152],[120.296414,22.617104],[120.296289,22.617058],[120.296266,22.617114],[120.296373,22.617158],[120.296395,22.617152]]]}},{"type":"Feature","id":"w1460441962","properties":{"kind":"building","category":"apartments","name":null,"area_m2":43.2,"centroid":[120.304767,22.630788]},"geometry":{"type":"Polygon","coordinates":[[[120.304812,22.630807],[120.304808,22.630763],[120.304722,22.630769],[120.304726,22.630813],[120.304812,22.630807]]]}},{"type":"Feature","id":"w1460441963","properties":{"kind":"building","category":"apartments","name":null,"area_m2":46.2,"centroid":[120.304763,22.630743]},"geometry":{"type":"Polygon","coordinates":[[[120.304808,22.630763],[120.304804,22.630716],[120.304718,22.630722],[120.304722,22.630769],[120.304808,22.630763]]]}},{"type":"Feature","id":"w1460441964","properties":{"kind":"building","category":"apartments","name":null,"area_m2":184.5,"centroid":[120.30396,22.630512]},"geometry":{"type":"Polygon","coordinates":[[[120.304008,22.630433],[120.303903,22.630439],[120.303911,22.630591],[120.304019,22.630585],[120.304008,22.630433]]]}},{"type":"Feature","id":"w1460441965","properties":{"kind":"building","category":"apartments","name":null,"area_m2":118.6,"centroid":[120.303873,22.630517]},"geometry":{"type":"Polygon","coordinates":[[[120.303842,22.630595],[120.303835,22.630443],[120.303903,22.630439],[120.303911,22.630591],[120.303842,22.630595]]]}},{"type":"Feature","id":"w1460441966","properties":{"kind":"building","category":"apartments","name":null,"area_m2":82.5,"centroid":[120.303815,22.63052]},"geometry":{"type":"Polygon","coordinates":[[[120.303842,22.630595],[120.303796,22.630598],[120.303786,22.630445],[120.303835,22.630443],[120.303842,22.630595]]]}},{"type":"Feature","id":"w1460441967","properties":{"kind":"building","category":"apartments","name":null,"area_m2":83.4,"centroid":[120.303767,22.630523]},"geometry":{"type":"Polygon","coordinates":[[[120.303796,22.630598],[120.303748,22.6306],[120.303738,22.630448],[120.303786,22.630445],[120.303796,22.630598]]]}},{"type":"Feature","id":"w1460441968","properties":{"kind":"building","category":"apartments","name":null,"area_m2":92.7,"centroid":[120.303716,22.630526]},"geometry":{"type":"Polygon","coordinates":[[[120.303738,22.630448],[120.303685,22.630451],[120.303694,22.630603],[120.303748,22.6306],[120.303738,22.630448]]]}},{"type":"Feature","id":"w1460644371","properties":{"kind":"building","category":"apartments","name":"櫻桃大廈","area_m2":562.7,"centroid":[120.296987,22.628643]},"geometry":{"type":"Polygon","coordinates":[[[120.297072,22.628775],[120.29714,22.62859],[120.296903,22.628512],[120.296832,22.628697],[120.297072,22.628775]]]}},{"type":"Feature","id":"w1460644384","properties":{"kind":"building","category":"apartments","name":null,"area_m2":181.9,"centroid":[120.297173,22.628202]},"geometry":{"type":"Polygon","coordinates":[[[120.297296,22.628204],[120.29727,22.628269],[120.297053,22.6282],[120.297075,22.628134],[120.297296,22.628204]]]}},{"type":"Feature","id":"w1460644385","properties":{"kind":"building","category":"apartments","name":null,"area_m2":165.1,"centroid":[120.297151,22.628264]},"geometry":{"type":"Polygon","coordinates":[[[120.297248,22.628329],[120.29727,22.628269],[120.297053,22.6282],[120.297031,22.62826],[120.297248,22.628329]]]}},{"type":"Feature","id":"w1460644389","properties":{"kind":"building","category":"apartments","name":null,"area_m2":395.2,"centroid":[120.297564,22.62799]},"geometry":{"type":"Polygon","coordinates":[[[120.297599,22.628138],[120.29745,22.62809],[120.29752,22.627909],[120.297573,22.62789],[120.29768,22.627925],[120.297599,22.628138]]]}},{"type":"Feature","id":"w1460644390","properties":{"kind":"building","category":"residential","name":null,"area_m2":160.0,"centroid":[120.297841,22.628072]},"geometry":{"type":"Polygon","coordinates":[[[120.297867,22.62815],[120.297766,22.628116],[120.297815,22.627993],[120.297916,22.628027],[120.297867,22.62815]]]}},{"type":"Feature","id":"w1460644392","properties":{"kind":"building","category":"office","name":null,"area_m2":183.0,"centroid":[120.298743,22.628403]},"geometry":{"type":"Polygon","coordinates":[[[120.29877,22.628487],[120.298662,22.62845],[120.298715,22.628319],[120.298823,22.628356],[120.29877,22.628487]]]}},{"type":"Feature","id":"w1460644393","properties":{"kind":"building","category":"roof","name":null,"area_m2":702.1,"centroid":[120.297938,22.627567]},"geometry":{"type":"Polygon","coordinates":[[[120.29779,22.62769],[120.297904,22.627385],[120.298085,22.627443],[120.297971,22.627748],[120.29779,22.62769]]]}},{"type":"Feature","id":"w1460656882","properties":{"kind":"building","category":"yes","name":"Order 歐德系統傢俱","area_m2":405.9,"centroid":[120.29685,22.627725]},"geometry":{"type":"Polygon","coordinates":[[[120.296983,22.627844],[120.296708,22.627751],[120.296747,22.627655],[120.296782,22.627645],[120.297029,22.627728],[120.296983,22.627844]]]}},{"type":"Feature","id":"w1460656886","properties":{"kind":"building","category":"apartments","name":null,"area_m2":114.3,"centroid":[120.296319,22.627545]},"geometry":{"type":"Polygon","coordinates":[[[120.296368,22.62755],[120.29634,22.627616],[120.296249,22.627583],[120.296293,22.627479],[120.296345,22.627498],[120.296368,22.62755]]]}},{"type":"Feature","id":"w1460656887","properties":{"kind":"building","category":"office","name":null,"area_m2":994.6,"centroid":[120.296381,22.627171]},"geometry":{"type":"Polygon","coordinates":[[[120.29643,22.627316],[120.296393,22.627336],[120.29619,22.627264],[120.296331,22.626928],[120.296559,22.627009],[120.29643,22.627316]]]}},{"type":"Feature","id":"w1460656888","properties":{"kind":"building","category":"apartments","name":null,"area_m2":183.0,"centroid":[120.295855,22.627394]},"geometry":{"type":"Polygon","coordinates":[[[120.295903,22.627468],[120.29577,22.627429],[120.295808,22.627319],[120.295941,22.627358],[120.295903,22.627468]]]}},{"type":"Feature","id":"w1472143764","properties":{"kind":"building","category":"yes","name":null,"area_m2":282.9,"centroid":[120.301633,22.622448]},"geometry":{"type":"Polygon","coordinates":[[[120.301548,22.622352],[120.30166,22.622384],[120.301653,22.622408],[120.301771,22.622425],[120.301731,22.62252],[120.301646,22.622486],[120.301632,22.622514],[120.301534,22.622484],[120.301525,22.622456],[120.301548,22.622352]]]}},{"type":"Feature","id":"w1494126946","properties":{"kind":"green","category":"grass","name":null,"area_m2":2027.6,"centroid":[120.277514,22.634102]},"geometry":{"type":"Polygon","coordinates":[[[120.277183,22.633952],[120.277657,22.634392],[120.277697,22.634405],[120.277745,22.634407],[120.277787,22.634399],[120.277816,22.634377],[120.277835,22.634347],[120.277843,22.63431],[120.277839,22.634269],[120.277395,22.633809],[120.277341,22.633799],[120.277292,22.633789],[120.277243,22.633795],[120.277201,22.633826],[120.277179,22.633856],[120.277172,22.633895],[120.277183,22.633952]]]}},{"type":"Feature","id":"w1494126947","properties":{"kind":"building","category":"yes","name":null,"area_m2":338.2,"centroid":[120.26859,22.631783]},"geometry":{"type":"Polygon","coordinates":[[[120.268369,22.631737],[120.26857,22.63175],[120.268574,22.631702],[120.268642,22.631706],[120.268642,22.631754],[120.268662,22.631755],[120.268661,22.631775],[120.268679,22.631776],[120.268675,22.631827],[120.268653,22.631825],[120.26865,22.631861],[120.268557,22.631855],[120.268559,22.631827],[120.268363,22.631815],[120.268369,22.631737]]]}},{"type":"Feature","id":"w1494126948","properties":{"kind":"building","category":"yes","name":null,"area_m2":121.5,"centroid":[120.269207,22.632034]},"geometry":{"type":"Polygon","coordinates":[[[120.269153,22.631983],[120.269141,22.63207],[120.269262,22.632084],[120.269274,22.631997],[120.269153,22.631983]]]}},{"type":"Feature","id":"w1494126949","properties":{"kind":"building","category":"yes","name":null,"area_m2":61.9,"centroid":[120.27058,22.632912]},"geometry":{"type":"Polygon","coordinates":[[[120.270532,22.632939],[120.270533,22.632882],[120.270629,22.632884],[120.270627,22.632941],[120.270532,22.632939]]]}},{"type":"Feature","id":"w1494126950","properties":{"kind":"building","category":"yes","name":null,"area_m2":108.4,"centroid":[120.271784,22.629869]},"geometry":{"type":"Polygon","coordinates":[[[120.271716,22.629847],[120.271819,22.62981],[120.271852,22.629891],[120.27175,22.629928],[120.271716,22.629847]]]}},{"type":"Feature","id":"w1494126951","properties":{"kind":"building","category":"yes","name":null,"area_m2":260.7,"centroid":[120.271305,22.630165]},"geometry":{"type":"Polygon","coordinates":[[[120.271405,22.630066],[120.271448,22.630137],[120.271205,22.630265],[120.271161,22.630193],[120.271405,22.630066]]]}},{"type":"Feature","id":"w1494126952","properties":{"kind":"building","category":"yes","name":null,"area_m2":441.2,"centroid":[120.271198,22.630018]},"geometry":{"type":"Polygon","coordinates":[[[120.271423,22.629953],[120.27138,22.629879],[120.270973,22.630082],[120.271016,22.630156],[120.271423,22.629953]]]}},{"type":"Feature","id":"w1494126953","properties":{"kind":"building","category":"yes","name":null,"area_m2":156.6,"centroid":[120.271711,22.630267]},"geometry":{"type":"Polygon","coordinates":[[[120.271634,22.630227],[120.271731,22.630187],[120.271788,22.630306],[120.271692,22.630346],[120.271634,22.630227]]]}},{"type":"Feature","id":"w1494126954","properties":{"kind":"building","category":"yes","name":null,"area_m2":261.2,"centroid":[120.271682,22.630056]},"geometry":{"type":"Polygon","coordinates":[[[120.271614,22.629942],[120.271716,22.629907],[120.271794,22.630097],[120.271687,22.630134],[120.271674,22.630102],[120.271657,22.630108],[120.271647,22.630083],[120.271668,22.630076],[120.271614,22.629942]]]}},{"type":"Feature","id":"w1494126955","properties":{"kind":"building","category":"yes","name":null,"area_m2":204.7,"centroid":[120.273855,22.628447]},"geometry":{"type":"Polygon","coordinates":[[[120.273814,22.628562],[120.273892,22.628563],[120.273897,22.628332],[120.273819,22.628331],[120.273814,22.628562]]]}},{"type":"Feature","id":"w1494126956","properties":{"kind":"building","category":"yes","name":null,"area_m2":936.2,"centroid":[120.273925,22.628829]},"geometry":{"type":"Polygon","coordinates":[[[120.273742,22.628658],[120.274117,22.628698],[120.274096,22.629002],[120.273924,22.628987],[120.273938,22.628826],[120.273731,22.628802],[120.273742,22.628658]]]}},{"type":"Feature","id":"w1494126959","properties":{"kind":"building","category":"yes","name":null,"area_m2":1230.5,"centroid":[120.270236,22.631809]},"geometry":{"type":"Polygon","coordinates":[[[120.270043,22.63153],[120.270113,22.63153],[120.27014,22.631899],[120.270172,22.631901],[120.270169,22.631844],[120.270644,22.631812],[120.270646,22.631852],[120.270689,22.631854],[120.270681,22.631901],[120.270172,22.631938],[120.270172,22.631952],[120.27007,22.631957],[120.270068,22.63193],[120.269988,22.631932],[120.269964,22.63156],[120.27004,22.631558],[120.270043,22.63153]]]}},{"type":"Feature","id":"w1494126960","properties":{"kind":"building","category":"yes","name":null,"area_m2":537.5,"centroid":[120.269842,22.631773]},"geometry":{"type":"Polygon","coordinates":[[[120.269769,22.631572],[120.269884,22.631565],[120.269915,22.631974],[120.2698,22.631982],[120.269769,22.631572]]]}},{"type":"Feature","id":"w1494126961","properties":{"kind":"building","category":"yes","name":null,"area_m2":1980.2,"centroid":[120.270765,22.632546]},"geometry":{"type":"Polygon","coordinates":[[[120.270662,22.632264],[120.270968,22.632207],[120.271073,22.632687],[120.270715,22.632754],[120.270706,22.632709],[120.270664,22.632717],[120.270621,22.632522],[120.270714,22.632505],[120.270662,22.632264]]]}},{"type":"Feature","id":"w1494126963","properties":{"kind":"building","category":"yes","name":null,"area_m2":281.6,"centroid":[120.278051,22.636864]},"geometry":{"type":"Polygon","coordinates":[[[120.277843,22.636805],[120.278309,22.636832],[120.278305,22.636883],[120.278152,22.636875],[120.278151,22.636887],[120.278079,22.636883],[120.27808,22.636866],[120.277877,22.636854],[120.277876,22.636878],[120.277838,22.636876],[120.277843,22.636805]]]}},{"type":"Feature","id":"w1494126964","properties":{"kind":"building","category":"yes","name":null,"area_m2":312.8,"centroid":[120.278054,22.636768]},"geometry":{"type":"Polygon","coordinates":[[[120.277837,22.636729],[120.278273,22.636744],[120.278271,22.636807],[120.277834,22.636792],[120.277837,22.636729]]]}},{"type":"Feature","id":"w1510355704","properties":{"kind":"building","category":"apartments","name":null,"area_m2":378.0,"centroid":[120.302073,22.637144]},"geometry":{"type":"Polygon","coordinates":[[[120.302166,22.637055],[120.301967,22.637067],[120.301979,22.637234],[120.302178,22.637221],[120.302166,22.637055]]]}},{"type":"Feature","id":"w1510355720","properties":{"kind":"building","category":"apartments","name":null,"area_m2":490.2,"centroid":[120.299063,22.633954]},"geometry":{"type":"Polygon","coordinates":[[[120.299119,22.63412],[120.299208,22.633909],[120.299078,22.633861],[120.299034,22.633896],[120.299004,22.633885],[120.298933,22.634053],[120.299119,22.63412]]]}},{"type":"Feature","id":"w1510355721","properties":{"kind":"building","category":"apartments","name":null,"area_m2":478.2,"centroid":[120.300324,22.634397]},"geometry":{"type":"Polygon","coordinates":[[[120.300288,22.634255],[120.300197,22.634484],[120.300359,22.634539],[120.30045,22.63431],[120.300288,22.634255]]]}},{"type":"Feature","id":"w1510355722","properties":{"kind":"building","category":"apartments","name":null,"area_m2":848.7,"centroid":[120.300069,22.634316]},"geometry":{"type":"Polygon","coordinates":[[[120.299969,22.634154],[120.299882,22.634387],[120.300169,22.634478],[120.300255,22.634244],[120.299969,22.634154]]]}},{"type":"Feature","id":"w1510355723","properties":{"kind":"building","category":"apartments","name":null,"area_m2":628.7,"centroid":[120.302676,22.635421]},"geometry":{"type":"Polygon","coordinates":[[[120.302524,22.635335],[120.302538,22.635525],[120.302828,22.635507],[120.302814,22.635317],[120.302524,22.635335]]]}},{"type":"Feature","id":"w1510355724","properties":{"kind":"building","category":"residential","name":null,"area_m2":94.8,"centroid":[120.305446,22.632606]},"geometry":{"type":"Polygon","coordinates":[[[120.305469,22.63253],[120.305413,22.632534],[120.305423,22.632681],[120.30548,22.632677],[120.305469,22.63253]]]}},{"type":"Feature","id":"w1510355725","properties":{"kind":"building","category":"residential","name":null,"area_m2":64.5,"centroid":[120.305494,22.632603]},"geometry":{"type":"Polygon","coordinates":[[[120.305518,22.632675],[120.305508,22.632528],[120.305469,22.63253],[120.30548,22.632677],[120.305518,22.632675]]]}},{"type":"Feature","id":"w1510355726","properties":{"kind":"building","category":"residential","name":null,"area_m2":69.5,"centroid":[120.30574,22.632587]},"geometry":{"type":"Polygon","coordinates":[[[120.305725,22.632662],[120.305766,22.63266],[120.305756,22.632513],[120.305714,22.632515],[120.305725,22.632662]]]}},{"type":"Feature","id":"w1510355727","properties":{"kind":"building","category":"residential","name":null,"area_m2":68.8,"centroid":[120.305699,22.63259]},"geometry":{"type":"Polygon","coordinates":[[[120.305684,22.632665],[120.305725,22.632662],[120.305714,22.632515],[120.305673,22.632518],[120.305684,22.632665]]]}},{"type":"Feature","id":"w1510355728","properties":{"kind":"building","category":"residential","name":null,"area_m2":69.8,"centroid":[120.305658,22.632593]},"geometry":{"type":"Polygon","coordinates":[[[120.305642,22.632668],[120.305684,22.632665],[120.305673,22.632518],[120.305632,22.63252],[120.305642,22.632668]]]}},{"type":"Feature","id":"w1510355729","properties":{"kind":"building","category":"residential","name":null,"area_m2":69.8,"centroid":[120.305616,22.632595]},"geometry":{"type":"Polygon","coordinates":[[[120.305601,22.63267],[120.305642,22.632668],[120.305632,22.63252],[120.30559,22.632523],[120.305601,22.63267]]]}},{"type":"Feature","id":"w1510355730","properties":{"kind":"building","category":"residential","name":null,"area_m2":69.0,"centroid":[120.305575,22.632598]},"geometry":{"type":"Polygon","coordinates":[[[120.30556,22.632673],[120.305601,22.63267],[120.30559,22.632523],[120.305549,22.632525],[120.30556,22.632673]]]}},{"type":"Feature","id":"w1510355731","properties":{"kind":"building","category":"residential","name":null,"area_m2":69.8,"centroid":[120.305534,22.6326]},"geometry":{"type":"Polygon","coordinates":[[[120.305518,22.632675],[120.30556,22.632673],[120.305549,22.632525],[120.305508,22.632528],[120.305518,22.632675]]]}},{"type":"Feature","id":"w1510355755","properties":{"kind":"building","category":"construction","name":null,"area_m2":948.4,"centroid":[120.289,22.635811]},"geometry":{"type":"Polygon","coordinates":[[[120.28887,22.635646],[120.288784,22.635858],[120.289129,22.635977],[120.289215,22.635764],[120.28887,22.635646]]]}},{"type":"Feature","id":"w1510355756","properties":{"kind":"building","category":"apartments","name":null,"area_m2":373.9,"centroid":[120.289522,22.635533]},"geometry":{"type":"Polygon","coordinates":[[[120.289485,22.635411],[120.289406,22.635599],[120.289558,22.635654],[120.289637,22.635466],[120.289485,22.635411]]]}},{"type":"Feature","id":"w1510355757","properties":{"kind":"building","category":"apartments","name":null,"area_m2":189.0,"centroid":[120.289812,22.635635]},"geometry":{"type":"Polygon","coordinates":[[[120.289889,22.635556],[120.289811,22.635529],[120.289735,22.635714],[120.289814,22.635742],[120.289889,22.635556]]]}},{"type":"Feature","id":"w1510355758","properties":{"kind":"building","category":"apartments","name":null,"area_m2":1163.4,"centroid":[120.290907,22.635932]},"geometry":{"type":"Polygon","coordinates":[[[120.291005,22.636108],[120.29106,22.636087],[120.291156,22.63584],[120.2909,22.635758],[120.290853,22.635892],[120.290719,22.635845],[120.290654,22.635995],[120.291005,22.636108]]]}},{"type":"Feature","id":"w1510355759","properties":{"kind":"building","category":"apartments","name":null,"area_m2":379.1,"centroid":[120.291741,22.636185]},"geometry":{"type":"Polygon","coordinates":[[[120.291718,22.636032],[120.291614,22.6363],[120.291733,22.636339],[120.291791,22.636191],[120.291771,22.636184],[120.291818,22.636065],[120.291718,22.636032]]]}},{"type":"Feature","id":"w1510355760","properties":{"kind":"building","category":"apartments","name":null,"area_m2":571.4,"centroid":[120.291561,22.636128]},"geometry":{"type":"Polygon","coordinates":[[[120.291529,22.635967],[120.291425,22.636234],[120.291592,22.636289],[120.291696,22.636022],[120.291529,22.635967]]]}},{"type":"Feature","id":"w1510355761","properties":{"kind":"building","category":"residential","name":null,"area_m2":717.8,"centroid":[120.292381,22.636376]},"geometry":{"type":"Polygon","coordinates":[[[120.292315,22.636215],[120.292219,22.636462],[120.292446,22.636537],[120.292542,22.636291],[120.292315,22.636215]]]}},{"type":"Feature","id":"w1510355762","properties":{"kind":"building","category":"apartments","name":null,"area_m2":540.5,"centroid":[120.297999,22.634197]},"geometry":{"type":"Polygon","coordinates":[[[120.297967,22.634041],[120.297867,22.6343],[120.298031,22.634353],[120.29813,22.634095],[120.297967,22.634041]]]}},{"type":"Feature","id":"w1510355763","properties":{"kind":"building","category":"apartments","name":null,"area_m2":527.4,"centroid":[120.298185,22.634268]},"geometry":{"type":"Polygon","coordinates":[[[120.298153,22.634112],[120.298057,22.634374],[120.298217,22.634423],[120.298312,22.634162],[120.298153,22.634112]]]}},{"type":"Feature","id":"w1510355764","properties":{"kind":"building","category":"apartments","name":null,"area_m2":294.8,"centroid":[120.299946,22.631668]},"geometry":{"type":"Polygon","coordinates":[[[120.300029,22.631754],[120.300049,22.631682],[120.300027,22.63164],[120.299831,22.631579],[120.299794,22.631684],[120.300029,22.631754]]]}},{"type":"Feature","id":"w1510355765","properties":{"kind":"building","category":"apartments","name":null,"area_m2":466.7,"centroid":[120.300696,22.631623]},"geometry":{"type":"Polygon","coordinates":[[[120.300622,22.631503],[120.300556,22.631674],[120.30077,22.631744],[120.300835,22.631573],[120.300622,22.631503]]]}},{"type":"Feature","id":"w1510355833","properties":{"kind":"building","category":"apartments","name":null,"area_m2":274.4,"centroid":[120.294764,22.638472]},"geometry":{"type":"Polygon","coordinates":[[[120.294759,22.638337],[120.294679,22.638582],[120.29477,22.638607],[120.294849,22.638362],[120.294759,22.638337]]]}},{"type":"Feature","id":"w1510355834","properties":{"kind":"building","category":"apartments","name":null,"area_m2":213.5,"centroid":[120.295357,22.637328]},"geometry":{"type":"Polygon","coordinates":[[[120.295338,22.637227],[120.295277,22.6374],[120.295376,22.637429],[120.295436,22.637256],[120.295338,22.637227]]]}},{"type":"Feature","id":"w1510355835","properties":{"kind":"building","category":"apartments","name":null,"area_m2":429.3,"centroid":[120.294894,22.637177]},"geometry":{"type":"Polygon","coordinates":[[[120.294868,22.637035],[120.294779,22.637273],[120.294921,22.637318],[120.29501,22.63708],[120.294868,22.637035]]]}},{"type":"Feature","id":"w1510355836","properties":{"kind":"building","category":"apartments","name":null,"area_m2":230.8,"centroid":[120.297515,22.635646]},"geometry":{"type":"Polygon","coordinates":[[[120.297599,22.63557],[120.297502,22.635537],[120.29743,22.635722],[120.297527,22.635755],[120.297599,22.63557]]]}},{"type":"Feature","id":"w1510355837","properties":{"kind":"building","category":"apartments","name":null,"area_m2":244.2,"centroid":[120.297615,22.63568]},"geometry":{"type":"Polygon","coordinates":[[[120.297702,22.635604],[120.297599,22.63557],[120.297527,22.635755],[120.29763,22.635789],[120.297702,22.635604]]]}},{"type":"Feature","id":"w1510355838","properties":{"kind":"building","category":"apartments","name":null,"area_m2":246.3,"centroid":[120.297718,22.635714]},"geometry":{"type":"Polygon","coordinates":[[[120.297734,22.635823],[120.297806,22.635638],[120.297702,22.635604],[120.29763,22.635789],[120.297734,22.635823]]]}},{"type":"Feature","id":"w1510355839","properties":{"kind":"building","category":"apartments","name":null,"area_m2":582.6,"centroid":[120.298646,22.636013]},"geometry":{"type":"Polygon","coordinates":[[[120.298533,22.635892],[120.298455,22.636087],[120.298546,22.636118],[120.298564,22.636072],[120.298767,22.636141],[120.298827,22.635992],[120.298764,22.635971],[120.298756,22.635991],[120.298618,22.635944],[120.298626,22.635924],[120.298533,22.635892]]]}},{"type":"Feature","id":"w1510355840","properties":{"kind":"building","category":"apartments","name":null,"area_m2":729.0,"centroid":[120.29885,22.636404]},"geometry":{"type":"Polygon","coordinates":[[[120.298708,22.636264],[120.298643,22.636426],[120.298991,22.636544],[120.299056,22.636381],[120.298708,22.636264]]]}},{"type":"Feature","id":"w1510355841","properties":{"kind":"building","category":"apartments","name":null,"area_m2":437.8,"centroid":[120.298096,22.637611]},"geometry":{"type":"Polygon","coordinates":[[[120.298019,22.637549],[120.298043,22.637517],[120.298192,22.637511],[120.298199,22.637733],[120.298029,22.637747],[120.298019,22.637549]]]}},{"type":"Feature","id":"w1510355842","properties":{"kind":"building","category":"apartments","name":null,"area_m2":731.7,"centroid":[120.29621,22.63758]},"geometry":{"type":"Polygon","coordinates":[[[120.296048,22.637445],[120.295992,22.637597],[120.296372,22.637716],[120.296428,22.637564],[120.296048,22.637445]]]}},{"type":"Feature","id":"w1510355843","properties":{"kind":"building","category":"apartments","name":null,"area_m2":566.5,"centroid":[120.299111,22.637053]},"geometry":{"type":"Polygon","coordinates":[[[120.298923,22.637065],[120.299027,22.6371],[120.299017,22.637128],[120.299109,22.637158],[120.29912,22.637131],[120.299198,22.637157],[120.299241,22.637046],[120.299223,22.63704],[120.29926,22.636946],[120.299141,22.636906],[120.299104,22.637001],[120.298966,22.636955],[120.298923,22.637065]]]}},{"type":"Feature","id":"w1510355844","properties":{"kind":"building","category":"residential","name":null,"area_m2":345.3,"centroid":[120.301529,22.636175]},"geometry":{"type":"Polygon","coordinates":[[[120.301624,22.636093],[120.301423,22.636105],[120.301434,22.636256],[120.301634,22.636244],[120.301624,22.636093]]]}},{"type":"Feature","id":"w1510355845","properties":{"kind":"building","category":"residential","name":null,"area_m2":369.4,"centroid":[120.301736,22.636162]},"geometry":{"type":"Polygon","coordinates":[[[120.301849,22.636231],[120.301838,22.63608],[120.301624,22.636093],[120.301634,22.636244],[120.301849,22.636231]]]}},{"type":"Feature","id":"w1510355846","properties":{"kind":"building","category":"apartments","name":null,"area_m2":172.2,"centroid":[120.302656,22.636095]},"geometry":{"type":"Polygon","coordinates":[[[120.302587,22.636153],[120.302742,22.636145],[120.302736,22.63604],[120.302627,22.636046],[120.302586,22.636091],[120.302587,22.636153]]]}},{"type":"Feature","id":"w1510355847","properties":{"kind":"building","category":"apartments","name":null,"area_m2":770.7,"centroid":[120.304806,22.636243]},"geometry":{"type":"Polygon","coordinates":[[[120.304986,22.636132],[120.304748,22.636148],[120.304753,22.636216],[120.30459,22.636227],[120.3046,22.636356],[120.30497,22.636332],[120.304998,22.63629],[120.304986,22.636132]]]}},{"type":"Feature","id":"w1510355848","properties":{"kind":"building","category":"apartments","name":null,"area_m2":696.8,"centroid":[120.304796,22.636001]},"geometry":{"type":"Polygon","coordinates":[[[120.304596,22.636041],[120.304768,22.636034],[120.304771,22.636101],[120.304968,22.636093],[120.304961,22.635933],[120.304917,22.635895],[120.30459,22.635909],[120.304596,22.636041]]]}},{"type":"Feature","id":"w1510355849","properties":{"kind":"building","category":"apartments","name":null,"area_m2":497.1,"centroid":[120.304444,22.635983]},"geometry":{"type":"Polygon","coordinates":[[[120.304311,22.636068],[120.304584,22.636057],[120.304576,22.635897],[120.304303,22.635908],[120.304311,22.636068]]]}},{"type":"Feature","id":"w1510355858","properties":{"kind":"building","category":"apartments","name":null,"area_m2":688.0,"centroid":[120.306511,22.638475]},"geometry":{"type":"Polygon","coordinates":[[[120.306354,22.638601],[120.306589,22.638584],[120.306623,22.638546],[120.306609,22.638389],[120.306558,22.638358],[120.306336,22.638372],[120.306354,22.638601]]]}},{"type":"Feature","id":"w1510355859","properties":{"kind":"building","category":"apartments","name":null,"area_m2":319.1,"centroid":[120.307249,22.637737]},"geometry":{"type":"Polygon","coordinates":[[[120.307172,22.637642],[120.307184,22.637839],[120.307327,22.637831],[120.307314,22.637635],[120.307172,22.637642]]]}},{"type":"Feature","id":"w1510355860","properties":{"kind":"building","category":"apartments","name":null,"area_m2":391.0,"centroid":[120.307482,22.637752]},"geometry":{"type":"Polygon","coordinates":[[[120.307403,22.637641],[120.307408,22.637865],[120.307562,22.637862],[120.307557,22.637639],[120.307403,22.637641]]]}},{"type":"Feature","id":"w1510355904","properties":{"kind":"building","category":"apartments","name":null,"area_m2":311.5,"centroid":[120.29103,22.623483]},"geometry":{"type":"Polygon","coordinates":[[[120.290906,22.62351],[120.291106,22.623577],[120.291153,22.623455],[120.290953,22.623389],[120.290906,22.62351]]]}},{"type":"Feature","id":"w1510355922","properties":{"kind":"building","category":"apartments","name":null,"area_m2":198.1,"centroid":[120.293082,22.623264]},"geometry":{"type":"Polygon","coordinates":[[[120.293026,22.623188],[120.292987,22.623291],[120.293137,22.62334],[120.293177,22.623237],[120.293026,22.623188]]]}},{"type":"Feature","id":"w1510355934","properties":{"kind":"building","category":"apartments","name":null,"area_m2":349.5,"centroid":[120.294241,22.618389]},"geometry":{"type":"Polygon","coordinates":[[[120.294138,22.618483],[120.294277,22.618529],[120.294352,22.618334],[120.294234,22.618295],[120.294203,22.618303],[120.294138,22.618483]]]}},{"type":"Feature","id":"w1510355966","properties":{"kind":"building","category":"apartments","name":null,"area_m2":1448.5,"centroid":[120.291253,22.622732]},"geometry":{"type":"Polygon","coordinates":[[[120.29098,22.622537],[120.290908,22.622719],[120.291526,22.622928],[120.291598,22.622746],[120.29098,22.622537]]]}},{"type":"Feature","id":"w1510355967","properties":{"kind":"building","category":"apartments","name":null,"area_m2":92.1,"centroid":[120.294564,22.618245]},"geometry":{"type":"Polygon","coordinates":[[[120.294577,22.618309],[120.294619,22.618204],[120.294551,22.618181],[120.294509,22.618286],[120.294577,22.618309]]]}},{"type":"Feature","id":"w1510355968","properties":{"kind":"building","category":"apartments","name":null,"area_m2":208.1,"centroid":[120.291942,22.623425]},"geometry":{"type":"Polygon","coordinates":[[[120.29187,22.623351],[120.291835,22.623442],[120.292014,22.6235],[120.292049,22.623409],[120.29187,22.623351]]]}},{"type":"Feature","id":"w1510355976","properties":{"kind":"building","category":"apartments","name":null,"area_m2":311.4,"centroid":[120.291629,22.623683]},"geometry":{"type":"Polygon","coordinates":[[[120.291505,22.62371],[120.291705,22.623777],[120.291753,22.623656],[120.291553,22.623589],[120.291505,22.62371]]]}},{"type":"Feature","id":"w1510355992","properties":{"kind":"building","category":"apartments","name":null,"area_m2":675.5,"centroid":[120.29388,22.618243]},"geometry":{"type":"Polygon","coordinates":[[[120.293716,22.61806],[120.29365,22.618226],[120.293762,22.618264],[120.29378,22.618219],[120.293915,22.618265],[120.293903,22.618298],[120.293961,22.618318],[120.293974,22.618285],[120.294043,22.618309],[120.294092,22.618188],[120.293716,22.61806]]]}},{"type":"Feature","id":"w1510355995","properties":{"kind":"building","category":"apartments","name":null,"area_m2":280.4,"centroid":[120.302719,22.619933]},"geometry":{"type":"Polygon","coordinates":[[[120.302742,22.620045],[120.302814,22.619858],[120.302696,22.61982],[120.302625,22.620007],[120.302742,22.620045]]]}},{"type":"Feature","id":"w1510356006","properties":{"kind":"building","category":"commercial","name":null,"area_m2":345.5,"centroid":[120.294834,22.61776]},"geometry":{"type":"Polygon","coordinates":[[[120.294951,22.617712],[120.294781,22.617652],[120.294717,22.617809],[120.294887,22.617868],[120.294951,22.617712]]]}},{"type":"Feature","id":"w1510356008","properties":{"kind":"building","category":"apartments","name":null,"area_m2":355.9,"centroid":[120.296061,22.617285]},"geometry":{"type":"Polygon","coordinates":[[[120.29607,22.617132],[120.296,22.617316],[120.295973,22.617388],[120.296082,22.617423],[120.296179,22.617167],[120.29607,22.617132]]]}},{"type":"Feature","id":"w1510356047","properties":{"kind":"building","category":"apartments","name":null,"area_m2":296.8,"centroid":[120.295743,22.617595]},"geometry":{"type":"Polygon","coordinates":[[[120.295749,22.617449],[120.295648,22.617711],[120.295736,22.61774],[120.295838,22.617478],[120.295749,22.617449]]]}},{"type":"Feature","id":"w1510356048","properties":{"kind":"building","category":"apartments","name":null,"area_m2":165.9,"centroid":[120.29573,22.6171]},"geometry":{"type":"Polygon","coordinates":[[[120.295715,22.617011],[120.295658,22.61716],[120.295746,22.617188],[120.295802,22.61704],[120.295715,22.617011]]]}},{"type":"Feature","id":"w1510356052","properties":{"kind":"building","category":"apartments","name":null,"area_m2":138.8,"centroid":[120.294442,22.618173]},"geometry":{"type":"Polygon","coordinates":[[[120.294508,22.618105],[120.294441,22.618082],[120.294376,22.618242],[120.294443,22.618265],[120.294508,22.618105]]]}},{"type":"Feature","id":"w1510356054","properties":{"kind":"building","category":"commercial","name":null,"area_m2":587.4,"centroid":[120.294978,22.617863]},"geometry":{"type":"Polygon","coordinates":[[[120.294951,22.617712],[120.294887,22.617868],[120.294856,22.617944],[120.295051,22.618012],[120.295146,22.61778],[120.294951,22.617712]]]}},{"type":"Feature","id":"w1510356071","properties":{"kind":"building","category":"apartments","name":null,"area_m2":193.7,"centroid":[120.291253,22.639829]},"geometry":{"type":"Polygon","coordinates":[[[120.291162,22.639905],[120.291281,22.639923],[120.29129,22.639849],[120.291259,22.639847],[120.291299,22.639735],[120.29123,22.639714],[120.291162,22.639905]]]}},{"type":"Feature","id":"w1510356079","properties":{"kind":"building","category":"apartments","name":null,"area_m2":258.2,"centroid":[120.303066,22.619738]},"geometry":{"type":"Polygon","coordinates":[[[120.302955,22.619655],[120.302924,22.619734],[120.303178,22.61982],[120.303209,22.619741],[120.302955,22.619655]]]}},{"type":"Feature","id":"w1510356080","properties":{"kind":"building","category":"apartments","name":null,"area_m2":149.6,"centroid":[120.302886,22.626392]},"geometry":{"type":"Polygon","coordinates":[[[120.30293,22.626306],[120.302856,22.626301],[120.302842,22.626478],[120.302916,22.626483],[120.30293,22.626306]]]}},{"type":"Feature","id":"w1510356086","properties":{"kind":"building","category":"apartments","name":null,"area_m2":197.0,"centroid":[120.295993,22.61721]},"geometry":{"type":"Polygon","coordinates":[[[120.295986,22.617105],[120.295916,22.617289],[120.296,22.617316],[120.29607,22.617132],[120.295986,22.617105]]]}},{"type":"Feature","id":"w1510356087","properties":{"kind":"building","category":"apartments","name":null,"area_m2":276.5,"centroid":[120.293959,22.617744]},"geometry":{"type":"Polygon","coordinates":[[[120.293866,22.617642],[120.293821,22.617757],[120.293954,22.617802],[120.293971,22.617759],[120.294057,22.617788],[120.294085,22.617716],[120.293866,22.617642]]]}},{"type":"Feature","id":"w1510356089","properties":{"kind":"building","category":"apartments","name":null,"area_m2":365.7,"centroid":[120.291408,22.640072]},"geometry":{"type":"Polygon","coordinates":[[[120.291334,22.639969],[120.291313,22.640158],[120.291482,22.640174],[120.291503,22.639986],[120.291334,22.639969]]]}},{"type":"Feature","id":"w1510356092","properties":{"kind":"building","category":"construction","name":null,"area_m2":1620.5,"centroid":[120.291944,22.622566]},"geometry":{"type":"Polygon","coordinates":[[[120.292185,22.622743],[120.292211,22.622738],[120.292236,22.622728],[120.292257,22.622712],[120.292274,22.622693],[120.292287,22.622667],[120.292292,22.622638],[120.292288,22.622608],[120.292276,22.622581],[120.292257,22.622558],[120.291724,22.622373],[120.291695,22.622376],[120.291667,22.622384],[120.291643,22.622399],[120.291623,22.622419],[120.291609,22.622442],[120.2916,22.622472],[120.291602,22.622503],[120.291612,22.622533],[120.291631,22.622558],[120.291657,22.622579],[120.292134,22.62274],[120.292185,22.622743]]]}},{"type":"Feature","id":"w1510356105","properties":{"kind":"building","category":"apartments","name":null,"area_m2":268.4,"centroid":[120.295632,22.61712]},"geometry":{"type":"Polygon","coordinates":[[[120.295622,22.616981],[120.295536,22.617208],[120.295629,22.617238],[120.295658,22.61716],[120.295715,22.617011],[120.295622,22.616981]]]}},{"type":"Feature","id":"w1510356115","properties":{"kind":"building","category":"apartments","name":null,"area_m2":955.1,"centroid":[120.293912,22.617987]},"geometry":{"type":"Polygon","coordinates":[[[120.293683,22.618053],[120.293787,22.618088],[120.293795,22.618067],[120.293847,22.618085],[120.293837,22.61811],[120.293932,22.618142],[120.293957,22.618081],[120.293867,22.61805],[120.293882,22.618012],[120.29384,22.617997],[120.293862,22.617942],[120.294,22.617989],[120.293987,22.61802],[120.294106,22.61806],[120.294174,22.617888],[120.294064,22.617851],[120.294044,22.6179],[120.293877,22.617843],[120.293894,22.617801],[120.293796,22.617768],[120.293683,22.618053]]]}},{"type":"Feature","id":"w1510356127","properties":{"kind":"building","category":"apartments","name":null,"area_m2":198.3,"centroid":[120.294211,22.618553]},"geometry":{"type":"Polygon","coordinates":[[[120.294285,22.61863],[120.294318,22.618543],[120.294277,22.618529],[120.294138,22.618483],[120.294111,22.618552],[120.294136,22.618581],[120.294285,22.61863]]]}},{"type":"Feature","id":"w1510356133","properties":{"kind":"building","category":"apartments","name":null,"area_m2":372.1,"centroid":[120.29141,22.623609]},"geometry":{"type":"Polygon","coordinates":[[[120.291266,22.62363],[120.291505,22.62371],[120.291553,22.623589],[120.291314,22.623509],[120.291266,22.62363]]]}},{"type":"Feature","id":"w1510356151","properties":{"kind":"building","category":"apartments","name":null,"area_m2":275.3,"centroid":[120.295847,22.617138]},"geometry":{"type":"Polygon","coordinates":[[[120.295746,22.617188],[120.295892,22.617235],[120.295948,22.617087],[120.295802,22.61704],[120.295746,22.617188]]]}},{"type":"Feature","id":"w1510356163","properties":{"kind":"building","category":"apartments","name":null,"area_m2":376.4,"centroid":[120.292814,22.623146]},"geometry":{"type":"Polygon","coordinates":[[[120.292747,22.623038],[120.292688,22.62319],[120.29288,22.623254],[120.29294,22.623101],[120.292747,22.623038]]]}},{"type":"Feature","id":"w1510356164","properties":{"kind":"building","category":"apartments","name":null,"area_m2":132.7,"centroid":[120.307082,22.620591]},"geometry":{"type":"Polygon","coordinates":[[[120.307083,22.62068],[120.307146,22.620524],[120.30708,22.620502],[120.307017,22.620658],[120.307083,22.62068]]]}},{"type":"Feature","id":"w1510356175","properties":{"kind":"building","category":"apartments","name":null,"area_m2":375.1,"centroid":[120.292755,22.623298]},"geometry":{"type":"Polygon","coordinates":[[[120.292688,22.62319],[120.292629,22.623343],[120.292821,22.623406],[120.29288,22.623254],[120.292688,22.62319]]]}},{"type":"Feature","id":"w1510356188","properties":{"kind":"building","category":"apartments","name":null,"area_m2":237.6,"centroid":[120.304148,22.61591]},"geometry":{"type":"Polygon","coordinates":[[[120.304065,22.615831],[120.304029,22.615922],[120.304232,22.61599],[120.304268,22.615899],[120.304065,22.615831]]]}},{"type":"Feature","id":"w1510356196","properties":{"kind":"building","category":"apartments","name":null,"area_m2":103.2,"centroid":[120.307023,22.620571]},"geometry":{"type":"Polygon","coordinates":[[[120.30708,22.620502],[120.307029,22.620484],[120.306966,22.62064],[120.307017,22.620658],[120.30708,22.620502]]]}},{"type":"Feature","id":"w1510356208","properties":{"kind":"building","category":"temple","name":null,"area_m2":592.4,"centroid":[120.293314,22.62331]},"geometry":{"type":"Polygon","coordinates":[[[120.293243,22.623169],[120.293163,22.623379],[120.293385,22.62345],[120.293464,22.62324],[120.293243,22.623169]]]}},{"type":"Feature","id":"w1510356213","properties":{"kind":"building","category":"apartments","name":null,"area_m2":620.3,"centroid":[120.294051,22.617547]},"geometry":{"type":"Polygon","coordinates":[[[120.294186,22.617462],[120.294027,22.617406],[120.293942,22.617438],[120.293864,22.617622],[120.294095,22.617696],[120.294129,22.61761],[120.294027,22.617576],[120.294043,22.617537],[120.294147,22.617574],[120.294186,22.617462]]]}},{"type":"Feature","id":"w1510356220","properties":{"kind":"building","category":"apartments","name":null,"area_m2":1096.7,"centroid":[120.29316,22.639502]},"geometry":{"type":"Polygon","coordinates":[[[120.29299,22.639286],[120.292904,22.639515],[120.293037,22.639557],[120.293055,22.639508],[120.293079,22.639516],[120.293102,22.639457],[120.293124,22.639464],[120.293134,22.639439],[120.293226,22.639469],[120.293218,22.63949],[120.293233,22.639495],[120.293208,22.639559],[120.293229,22.639566],[120.293211,22.639615],[120.293359,22.639663],[120.293446,22.639431],[120.29299,22.639286]]]}},{"type":"Feature","id":"w1510356221","properties":{"kind":"building","category":"apartments","name":null,"area_m2":236.7,"centroid":[120.29188,22.623581]},"geometry":{"type":"Polygon","coordinates":[[[120.291798,22.623502],[120.291764,22.623597],[120.291962,22.623659],[120.291996,22.623565],[120.291798,22.623502]]]}},{"type":"Feature","id":"w1510356224","properties":{"kind":"building","category":"apartments","name":null,"area_m2":243.4,"centroid":[120.294411,22.618622]},"geometry":{"type":"Polygon","coordinates":[[[120.294504,22.618702],[120.294537,22.618615],[120.294318,22.618543],[120.294285,22.61863],[120.294504,22.618702]]]}},{"type":"Feature","id":"w1510356233","properties":{"kind":"building","category":"apartments","name":null,"area_m2":69.6,"centroid":[120.292977,22.623112]},"geometry":{"type":"Polygon","coordinates":[[[120.292969,22.623053],[120.292931,22.623152],[120.292986,22.62317],[120.293024,22.623071],[120.292969,22.623053]]]}},{"type":"Feature","id":"w1510356235","properties":{"kind":"building","category":"apartments","name":null,"area_m2":987.1,"centroid":[120.293063,22.639722]},"geometry":{"type":"Polygon","coordinates":[[[120.293255,22.639926],[120.293332,22.639731],[120.293158,22.639672],[120.293121,22.639764],[120.292972,22.639714],[120.293009,22.639622],[120.292869,22.639574],[120.292791,22.639769],[120.293255,22.639926]]]}},{"type":"Feature","id":"w1510356246","properties":{"kind":"building","category":"apartments","name":null,"area_m2":474.9,"centroid":[120.302937,22.620039]},"geometry":{"type":"Polygon","coordinates":[[[120.303117,22.620032],[120.302802,22.619929],[120.302757,22.620047],[120.303072,22.62015],[120.303117,22.620032]]]}},{"type":"Feature","id":"w1510356265","properties":{"kind":"building","category":"apartments","name":null,"area_m2":231.7,"centroid":[120.308029,22.620722]},"geometry":{"type":"Polygon","coordinates":[[[120.307927,22.620643],[120.307896,22.620719],[120.308131,22.620801],[120.308162,22.620725],[120.307927,22.620643]]]}},{"type":"Feature","id":"w1510356281","properties":{"kind":"building","category":"apartments","name":null,"area_m2":246.0,"centroid":[120.296092,22.617542]},"geometry":{"type":"Polygon","coordinates":[[[120.29597,22.617462],[120.295943,22.617533],[120.296213,22.617622],[120.296241,22.617551],[120.29597,22.617462]]]}},{"type":"Feature","id":"w1510356288","properties":{"kind":"building","category":"apartments","name":null,"area_m2":436.9,"centroid":[120.303189,22.619546]},"geometry":{"type":"Polygon","coordinates":[[[120.30331,22.619464],[120.303154,22.619411],[120.303067,22.619628],[120.303223,22.619681],[120.30331,22.619464]]]}},{"type":"Feature","id":"w1510356298","properties":{"kind":"building","category":"apartments","name":null,"area_m2":250.4,"centroid":[120.29121,22.623543]},"geometry":{"type":"Polygon","coordinates":[[[120.291106,22.623577],[120.291266,22.62363],[120.291314,22.623509],[120.291153,22.623455],[120.291106,22.623577]]]}},{"type":"Feature","id":"w1510356302","properties":{"kind":"building","category":"apartments","name":null,"area_m2":111.2,"centroid":[120.294622,22.618086]},"geometry":{"type":"Polygon","coordinates":[[[120.294619,22.618174],[120.29468,22.618016],[120.294625,22.617998],[120.294564,22.618156],[120.294619,22.618174]]]}},{"type":"Feature","id":"w1510356319","properties":{"kind":"building","category":"residential","name":null,"area_m2":585.2,"centroid":[120.30778,22.6128]},"geometry":{"type":"Polygon","coordinates":[[[120.307935,22.612861],[120.307824,22.612651],[120.307626,22.61274],[120.307736,22.61295],[120.307935,22.612861]]]}},{"type":"Feature","id":"w1510356332","properties":{"kind":"building","category":"apartments","name":null,"area_m2":225.6,"centroid":[120.29567,22.628055]},"geometry":{"type":"Polygon","coordinates":[[[120.295562,22.628075],[120.295741,22.628133],[120.295778,22.628034],[120.295599,22.627976],[120.295562,22.628075]]]}},{"type":"Feature","id":"w1510356333","properties":{"kind":"building","category":"apartments","name":null,"area_m2":308.3,"centroid":[120.295674,22.62819]},"geometry":{"type":"Polygon","coordinates":[[[120.295552,22.628218],[120.295751,22.628283],[120.295797,22.628161],[120.295598,22.628097],[120.295552,22.628218]]]}},{"type":"Feature","id":"w1510356334","properties":{"kind":"building","category":"apartments","name":null,"area_m2":290.6,"centroid":[120.29562,22.628345]},"geometry":{"type":"Polygon","coordinates":[[[120.295667,22.628445],[120.295723,22.628292],[120.295573,22.628245],[120.295517,22.628398],[120.295667,22.628445]]]}},{"type":"Feature","id":"w1510356335","properties":{"kind":"building","category":"apartments","name":null,"area_m2":218.5,"centroid":[120.295802,22.628366]},"geometry":{"type":"Polygon","coordinates":[[[120.295847,22.628468],[120.295888,22.628362],[120.295811,22.628336],[120.295819,22.628317],[120.295748,22.628294],[120.295699,22.628419],[120.295847,22.628468]]]}},{"type":"Feature","id":"w1510356336","properties":{"kind":"building","category":"apartments","name":null,"area_m2":290.7,"centroid":[120.295903,22.628442]},"geometry":{"type":"Polygon","coordinates":[[[120.296019,22.628384],[120.295895,22.628343],[120.295888,22.628362],[120.295847,22.628468],[120.295823,22.628527],[120.295946,22.628568],[120.296019,22.628384]]]}},{"type":"Feature","id":"w1510356337","properties":{"kind":"building","category":"commercial","name":null,"area_m2":484.2,"centroid":[120.295864,22.625844]},"geometry":{"type":"Polygon","coordinates":[[[120.29601,22.6258],[120.295786,22.625722],[120.295719,22.625889],[120.295943,22.625967],[120.29601,22.6258]]]}},{"type":"Feature","id":"w1510356338","properties":{"kind":"building","category":"commercial","name":null,"area_m2":483.5,"centroid":[120.296088,22.625922]},"geometry":{"type":"Polygon","coordinates":[[[120.296234,22.625877],[120.29601,22.6258],[120.295943,22.625967],[120.296167,22.626044],[120.296234,22.625877]]]}},{"type":"Feature","id":"w1510356339","properties":{"kind":"building","category":"apartments","name":null,"area_m2":520.8,"centroid":[120.300424,22.621606]},"geometry":{"type":"Polygon","coordinates":[[[120.30059,22.621574],[120.300314,22.621488],[120.300259,22.621637],[120.300535,22.621723],[120.30059,22.621574]]]}},{"type":"Feature","id":"w1510356340","properties":{"kind":"building","category":"apartments","name":null,"area_m2":559.4,"centroid":[120.300375,22.62182]},"geometry":{"type":"Polygon","coordinates":[[[120.300192,22.62193],[120.300314,22.62197],[120.300323,22.621946],[120.300356,22.621957],[120.300391,22.621867],[120.30045,22.621887],[120.300478,22.621816],[120.300452,22.621807],[120.30048,22.621734],[120.300415,22.621713],[120.300399,22.621753],[120.300347,22.621736],[120.300363,22.621695],[120.300292,22.621672],[120.300192,22.62193]]]}},{"type":"Feature","id":"w1510356341","properties":{"kind":"building","category":"apartments","name":null,"area_m2":343.4,"centroid":[120.300258,22.62209]},"geometry":{"type":"Polygon","coordinates":[[[120.300163,22.621995],[120.300119,22.62211],[120.300354,22.622185],[120.300397,22.62207],[120.300163,22.621995]]]}},{"type":"Feature","id":"w1510356342","properties":{"kind":"building","category":"apartments","name":null,"area_m2":987.0,"centroid":[120.30099,22.622109]},"geometry":{"type":"Polygon","coordinates":[[[120.301164,22.62195],[120.300962,22.621885],[120.300816,22.622269],[120.301017,22.622334],[120.301164,22.62195]]]}},{"type":"Feature","id":"w1546509939","properties":{"kind":"building","category":"terrace","name":null,"area_m2":1688.1,"centroid":[120.300626,22.631288]},"geometry":{"type":"Polygon","coordinates":[[[120.300286,22.631304],[120.300883,22.631495],[120.300966,22.631272],[120.30037,22.631082],[120.300286,22.631304]]]}},{"type":"Feature","id":"w1546509940","properties":{"kind":"building","category":"yes","name":null,"area_m2":664.6,"centroid":[120.299793,22.631002]},"geometry":{"type":"Polygon","coordinates":[[[120.299643,22.6311],[120.29984,22.631167],[120.299943,22.630905],[120.299746,22.630838],[120.299643,22.6311]]]}},{"type":"Feature","id":"w1546509941","properties":{"kind":"building","category":"terrace","name":null,"area_m2":1058.8,"centroid":[120.300103,22.631098]},"geometry":{"type":"Polygon","coordinates":[[[120.29984,22.631167],[120.300208,22.631284],[120.300267,22.631136],[120.300159,22.631099],[120.300199,22.630999],[120.299943,22.630905],[120.29984,22.631167]]]}},{"type":"Feature","id":"w1546509942","properties":{"kind":"building","category":"terrace","name":null,"area_m2":1123.3,"centroid":[120.299932,22.631414]},"geometry":{"type":"Polygon","coordinates":[[[120.299696,22.631466],[120.300083,22.63159],[120.300169,22.631362],[120.299782,22.631238],[120.299696,22.631466]]]}},{"type":"Feature","id":"w1546509943","properties":{"kind":"building","category":"terrace","name":null,"area_m2":721.0,"centroid":[120.300359,22.631552]},"geometry":{"type":"Polygon","coordinates":[[[120.300198,22.631637],[120.300436,22.631709],[120.300521,22.631468],[120.300283,22.631396],[120.300198,22.631637]]]}},{"type":"Feature","id":"w1546509944","properties":{"kind":"building","category":"yes","name":null,"area_m2":815.4,"centroid":[120.29877,22.630976]},"geometry":{"type":"Polygon","coordinates":[[[120.298592,22.631051],[120.298863,22.631138],[120.298951,22.630898],[120.298673,22.630819],[120.298592,22.631051]]]}},{"type":"Feature","id":"w1546509945","properties":{"kind":"building","category":"terrace","name":null,"area_m2":2429.1,"centroid":[120.298214,22.630812]},"geometry":{"type":"Polygon","coordinates":[[[120.298592,22.631051],[120.297756,22.630805],[120.297836,22.630573],[120.298673,22.630819],[120.298592,22.631051]]]}},{"type":"Feature","id":"w1546509946","properties":{"kind":"building","category":"terrace","name":null,"area_m2":2704.6,"centroid":[120.298143,22.631163]},"geometry":{"type":"Polygon","coordinates":[[[120.297651,22.631141],[120.298543,22.631422],[120.298636,22.631187],[120.29774,22.630901],[120.297651,22.631141]]]}},{"type":"Feature","id":"w1546509947","properties":{"kind":"building","category":"yes","name":null,"area_m2":584.8,"centroid":[120.298686,22.631337]},"geometry":{"type":"Polygon","coordinates":[[[120.298543,22.631422],[120.298737,22.631487],[120.298829,22.631252],[120.298636,22.631187],[120.298543,22.631422]]]}},{"type":"Feature","id":"w1546509948","properties":{"kind":"building","category":"yes","name":null,"area_m2":630.1,"centroid":[120.297958,22.631471]},"geometry":{"type":"Polygon","coordinates":[[[120.297806,22.631549],[120.298028,22.631616],[120.298112,22.631398],[120.297887,22.631323],[120.297806,22.631549]]]}},{"type":"Feature","id":"w1546509949","properties":{"kind":"building","category":"terrace","name":null,"area_m2":736.7,"centroid":[120.297717,22.631396]},"geometry":{"type":"Polygon","coordinates":[[[120.297547,22.63147],[120.297806,22.631549],[120.297887,22.631323],[120.297629,22.631244],[120.297547,22.63147]]]}},{"type":"Feature","id":"w1546509950","properties":{"kind":"building","category":"terrace","name":null,"area_m2":1459.0,"centroid":[120.298332,22.631593]},"geometry":{"type":"Polygon","coordinates":[[[120.298028,22.631616],[120.298552,22.631788],[120.298636,22.631571],[120.298112,22.631398],[120.298028,22.631616]]]}},{"type":"Feature","id":"w1546509951","properties":{"kind":"building","category":"terrace","name":null,"area_m2":839.1,"centroid":[120.299228,22.63113]},"geometry":{"type":"Polygon","coordinates":[[[120.299038,22.631193],[120.299331,22.63129],[120.299418,22.631066],[120.299125,22.63097],[120.299038,22.631193]]]}},{"type":"Feature","id":"w1546509952","properties":{"kind":"building","category":"terrace","name":null,"area_m2":908.2,"centroid":[120.299816,22.631704]},"geometry":{"type":"Polygon","coordinates":[[[120.299587,22.63178],[120.299979,22.631896],[120.300029,22.631754],[120.299794,22.631684],[120.299831,22.631579],[120.299673,22.631532],[120.299587,22.63178]]]}},{"type":"Feature","id":"w1546509953","properties":{"kind":"building","category":"terrace","name":null,"area_m2":1715.7,"centroid":[120.299624,22.632018]},"geometry":{"type":"Polygon","coordinates":[[[120.299313,22.632061],[120.299838,22.632231],[120.299935,22.631974],[120.299411,22.631805],[120.299313,22.632061]]]}},{"type":"Feature","id":"w1546509954","properties":{"kind":"building","category":"terrace","name":null,"area_m2":1850.2,"centroid":[120.300284,22.632237]},"geometry":{"type":"Polygon","coordinates":[[[120.299942,22.632262],[120.30053,22.632458],[120.300626,22.632213],[120.300037,22.632017],[120.299942,22.632262]]]}},{"type":"Feature","id":"w1546509955","properties":{"kind":"building","category":"terrace","name":null,"area_m2":1565.7,"centroid":[120.299466,22.632409]},"geometry":{"type":"Polygon","coordinates":[[[120.299168,22.632447],[120.29967,22.632614],[120.299765,22.632371],[120.299263,22.632204],[120.299168,22.632447]]]}},{"type":"Feature","id":"w1546509956","properties":{"kind":"building","category":"terrace","name":null,"area_m2":1425.8,"centroid":[120.299063,22.631836]},"geometry":{"type":"Polygon","coordinates":[[[120.298792,22.631893],[120.299243,22.63203],[120.299333,22.631779],[120.298882,22.631642],[120.298792,22.631893]]]}},{"type":"Feature","id":"w1546510572","properties":{"kind":"building","category":"terrace","name":null,"area_m2":2788.5,"centroid":[120.30052,22.631966]},"geometry":{"type":"Polygon","coordinates":[[[120.300031,22.631945],[120.300915,22.632234],[120.301009,22.631987],[120.300125,22.631698],[120.300031,22.631945]]]}},{"type":"Feature","id":"w1546510573","properties":{"kind":"building","category":"yes","name":null,"area_m2":487.7,"centroid":[120.298751,22.632195]},"geometry":{"type":"Polygon","coordinates":[[[120.298628,22.632294],[120.298786,22.632344],[120.298872,22.632092],[120.298716,22.63205],[120.298628,22.632294]]]}},{"type":"Feature","id":"w1546510574","properties":{"kind":"building","category":"yes","name":null,"area_m2":535.8,"centroid":[120.298914,22.632245]},"geometry":{"type":"Polygon","coordinates":[[[120.298786,22.632344],[120.298953,22.632395],[120.299045,22.632148],[120.298872,22.632092],[120.298786,22.632344]]]}},{"type":"Feature","id":"w1546510575","properties":{"kind":"building","category":"yes","name":null,"area_m2":370.7,"centroid":[120.299058,22.63229]},"geometry":{"type":"Polygon","coordinates":[[[120.298953,22.632395],[120.299071,22.632433],[120.299163,22.632186],[120.299045,22.632148],[120.298953,22.632395]]]}},{"type":"Feature","id":"w1546510576","properties":{"kind":"building","category":"yes","name":null,"area_m2":800.4,"centroid":[120.29912,22.632668]},"geometry":{"type":"Polygon","coordinates":[[[120.298941,22.632741],[120.299211,22.632828],[120.299299,22.632596],[120.299029,22.632508],[120.298941,22.632741]]]}},{"type":"Feature","id":"w1546510577","properties":{"kind":"building","category":"terrace","name":null,"area_m2":1246.9,"centroid":[120.298756,22.632544]},"geometry":{"type":"Polygon","coordinates":[[[120.298508,22.632595],[120.298904,22.632735],[120.299004,22.632493],[120.298609,22.632353],[120.298508,22.632595]]]}},{"type":"Feature","id":"w1546510578","properties":{"kind":"building","category":"terrace","name":null,"area_m2":967.0,"centroid":[120.299442,22.632771]},"geometry":{"type":"Polygon","coordinates":[[[120.299237,22.632835],[120.299549,22.632945],[120.299647,22.632706],[120.299335,22.632597],[120.299237,22.632835]]]}},{"type":"Feature","id":"w1546510579","properties":{"kind":"building","category":"terrace","name":null,"area_m2":2968.6,"centroid":[120.298962,22.63297]},"geometry":{"type":"Polygon","coordinates":[[[120.298405,22.63292],[120.299434,22.633247],[120.299519,22.63302],[120.29849,22.632693],[120.298405,22.63292]]]}},{"type":"Feature","id":"w1546510580","properties":{"kind":"building","category":"terrace","name":null,"area_m2":6582.8,"centroid":[120.300291,22.633533]},"geometry":{"type":"Polygon","coordinates":[[[120.299951,22.63372],[120.300032,22.633489],[120.300822,22.633763],[120.30096,22.633784],[120.301105,22.633779],[120.301083,22.633553],[120.299652,22.633072],[120.299589,22.63309],[120.299421,22.633551],[120.299951,22.63372]]]}},{"type":"Feature","id":"w1546510581","properties":{"kind":"building","category":"yes","name":null,"area_m2":809.4,"centroid":[120.300907,22.633912]},"geometry":{"type":"Polygon","coordinates":[[[120.300709,22.634013],[120.300776,22.634028],[120.30111,22.634],[120.301109,22.633808],[120.300934,22.633834],[120.300804,22.63379],[120.300709,22.634013]]]}},{"type":"Feature","id":"w1546510582","properties":{"kind":"building","category":"terrace","name":null,"area_m2":3567.4,"centroid":[120.299986,22.633981]},"geometry":{"type":"Polygon","coordinates":[[[120.299332,22.633895],[120.300552,22.634296],[120.30064,22.634068],[120.29942,22.633666],[120.299332,22.633895]]]}},{"type":"Feature","id":"w1546510583","properties":{"kind":"building","category":"terrace","name":null,"area_m2":2946.7,"centroid":[120.298831,22.633257]},"geometry":{"type":"Polygon","coordinates":[[[120.298263,22.633193],[120.299313,22.63354],[120.299398,22.633321],[120.298348,22.632974],[120.298263,22.633193]]]}},{"type":"Feature","id":"w1546510584","properties":{"kind":"building","category":"terrace","name":null,"area_m2":2921.1,"centroid":[120.29872,22.63356]},"geometry":{"type":"Polygon","coordinates":[[[120.298165,22.633494],[120.299185,22.633847],[120.299275,22.633626],[120.298255,22.633273],[120.298165,22.633494]]]}},{"type":"Feature","id":"w1546510585","properties":{"kind":"building","category":"terrace","name":null,"area_m2":1512.2,"centroid":[120.299558,22.63421]},"geometry":{"type":"Polygon","coordinates":[[[120.299212,22.634204],[120.299829,22.634407],[120.299903,22.634215],[120.299286,22.634013],[120.299212,22.634204]]]}},{"type":"Feature","id":"w1546510586","properties":{"kind":"building","category":"terrace","name":null,"area_m2":2749.2,"centroid":[120.297455,22.633151]},"geometry":{"type":"Polygon","coordinates":[[[120.296895,22.633092],[120.29794,22.633417],[120.298016,22.633209],[120.296971,22.632884],[120.296895,22.633092]]]}},{"type":"Feature","id":"w1546510587","properties":{"kind":"building","category":"terrace","name":null,"area_m2":1825.3,"centroid":[120.297655,22.633566]},"geometry":{"type":"Polygon","coordinates":[[[120.297203,22.633518],[120.297779,22.633707],[120.297798,22.633658],[120.297899,22.633691],[120.297964,22.633522],[120.297287,22.6333],[120.297203,22.633518]]]}},{"type":"Feature","id":"w1546510588","properties":{"kind":"building","category":"yes","name":null,"area_m2":781.4,"centroid":[120.296322,22.631365]},"geometry":{"type":"Polygon","coordinates":[[[120.296154,22.631453],[120.296406,22.631525],[120.29649,22.631276],[120.296238,22.631204],[120.296154,22.631453]]]}},{"type":"Feature","id":"w1546510589","properties":{"kind":"building","category":"terrace","name":null,"area_m2":989.4,"centroid":[120.296222,22.631705]},"geometry":{"type":"Polygon","coordinates":[[[120.296019,22.631781],[120.296341,22.631875],[120.296425,22.631629],[120.296103,22.631535],[120.296019,22.631781]]]}},{"type":"Feature","id":"w1546510590","properties":{"kind":"building","category":"terrace","name":null,"area_m2":3524.3,"centroid":[120.295178,22.63201]},"geometry":{"type":"Polygon","coordinates":[[[120.294852,22.632407],[120.295195,22.631512],[120.295503,22.631613],[120.29516,22.632508],[120.294852,22.632407]]]}},{"type":"Feature","id":"w1546510591","properties":{"kind":"building","category":"terrace","name":null,"area_m2":1585.4,"centroid":[120.29503,22.633193]},"geometry":{"type":"Polygon","coordinates":[[[120.294718,22.633237],[120.295269,22.633383],[120.295342,22.633149],[120.294791,22.633003],[120.294718,22.633237]]]}},{"type":"Feature","id":"w1546510592","properties":{"kind":"building","category":"terrace","name":null,"area_m2":3487.3,"centroid":[120.295807,22.633864]},"geometry":{"type":"Polygon","coordinates":[[[120.295248,22.633831],[120.296262,22.634165],[120.296366,22.633897],[120.295352,22.633562],[120.295248,22.633831]]]}},{"type":"Feature","id":"w1546510593","properties":{"kind":"building","category":"terrace","name":null,"area_m2":816.1,"centroid":[120.294941,22.63406]},"geometry":{"type":"Polygon","coordinates":[[[120.294779,22.634205],[120.294925,22.633853],[120.295103,22.633916],[120.294957,22.634268],[120.294779,22.634205]]]}},{"type":"Feature","id":"w1546510594","properties":{"kind":"building","category":"terrace","name":null,"area_m2":1522.3,"centroid":[120.294809,22.633801]},"geometry":{"type":"Polygon","coordinates":[[[120.294582,22.634147],[120.294876,22.633402],[120.295035,22.633455],[120.294741,22.6342],[120.294582,22.634147]]]}},{"type":"Feature","id":"w1546510595","properties":{"kind":"building","category":"terrace","name":null,"area_m2":766.3,"centroid":[120.295085,22.633671]},"geometry":{"type":"Polygon","coordinates":[[[120.294933,22.633818],[120.295066,22.633467],[120.295237,22.633523],[120.295104,22.633874],[120.294933,22.633818]]]}},{"type":"Feature","id":"w1546510596","properties":{"kind":"building","category":"terrace","name":null,"area_m2":855.6,"centroid":[120.295211,22.634121]},"geometry":{"type":"Polygon","coordinates":[[[120.29505,22.634282],[120.295195,22.633903],[120.295372,22.633961],[120.295226,22.63434],[120.29505,22.634282]]]}},{"type":"Feature","id":"w1546510597","properties":{"kind":"building","category":"terrace","name":null,"area_m2":858.1,"centroid":[120.295462,22.634225]},"geometry":{"type":"Polygon","coordinates":[[[120.2953,22.634385],[120.295446,22.634006],[120.295623,22.634064],[120.295477,22.634443],[120.2953,22.634385]]]}},{"type":"Feature","id":"w1546510598","properties":{"kind":"building","category":"terrace","name":null,"area_m2":1008.8,"centroid":[120.29503,22.634608]},"geometry":{"type":"Polygon","coordinates":[[[120.294852,22.63478],[120.295016,22.634372],[120.295208,22.634437],[120.295043,22.634845],[120.294852,22.63478]]]}},{"type":"Feature","id":"w1546510599","properties":{"kind":"building","category":"terrace","name":null,"area_m2":1006.9,"centroid":[120.295277,22.634684]},"geometry":{"type":"Polygon","coordinates":[[[120.295099,22.634855],[120.295264,22.634447],[120.295455,22.634512],[120.29529,22.63492],[120.295099,22.634855]]]}},{"type":"Feature","id":"w1546510600","properties":{"kind":"building","category":"terrace","name":null,"area_m2":2672.9,"centroid":[120.295616,22.634603]},"geometry":{"type":"Polygon","coordinates":[[[120.295351,22.634928],[120.295444,22.634952],[120.295646,22.634933],[120.295936,22.634137],[120.295702,22.634064],[120.295351,22.634928]]]}},{"type":"Feature","id":"w1546510601","properties":{"kind":"building","category":"terrace","name":null,"area_m2":2377.4,"centroid":[120.295954,22.634632]},"geometry":{"type":"Polygon","coordinates":[[[120.295698,22.634927],[120.295846,22.6349],[120.295993,22.634912],[120.296253,22.634258],[120.29598,22.634163],[120.295698,22.634927]]]}},{"type":"Feature","id":"w1546511273","properties":{"kind":"building","category":"terrace","name":null,"area_m2":2127.4,"centroid":[120.300402,22.63318]},"geometry":{"type":"Polygon","coordinates":[[[120.299652,22.632995],[120.301107,22.633478],[120.301151,22.633364],[120.299697,22.632881],[120.299652,22.632995]]]}},{"type":"Feature","id":"w1546511274","properties":{"kind":"building","category":"terrace","name":null,"area_m2":2127.4,"centroid":[120.300452,22.633052]},"geometry":{"type":"Polygon","coordinates":[[[120.299703,22.632867],[120.301157,22.63335],[120.301202,22.633236],[120.299747,22.632753],[120.299703,22.632867]]]}},{"type":"Feature","id":"w1546511275","properties":{"kind":"building","category":"terrace","name":null,"area_m2":4703.2,"centroid":[120.300519,22.632786]},"geometry":{"type":"Polygon","coordinates":[[[120.299745,22.632672],[120.301194,22.633153],[120.301293,22.6329],[120.299843,22.632419],[120.299745,22.632672]]]}},{"type":"Feature","id":"w1546511276","properties":{"kind":"building","category":"terrace","name":null,"area_m2":1661.8,"centroid":[120.301064,22.63251]},"geometry":{"type":"Polygon","coordinates":[[[120.300725,22.63252],[120.301318,22.632718],[120.301404,22.6325],[120.30081,22.632302],[120.300725,22.63252]]]}},{"type":"Feature","id":"w1546511277","properties":{"kind":"building","category":"terrace","name":null,"area_m2":1321.5,"centroid":[120.296614,22.632205]},"geometry":{"type":"Polygon","coordinates":[[[120.296336,22.632237],[120.296808,22.632392],[120.296892,22.632173],[120.296421,22.632018],[120.296336,22.632237]]]}},{"type":"Feature","id":"w1546511278","properties":{"kind":"building","category":"terrace","name":null,"area_m2":1564.8,"centroid":[120.296423,22.632786]},"geometry":{"type":"Polygon","coordinates":[[[120.296078,22.632796],[120.296697,22.632978],[120.296767,22.632776],[120.296148,22.632594],[120.296078,22.632796]]]}},{"type":"Feature","id":"w1546511279","properties":{"kind":"building","category":"terrace","name":null,"area_m2":695.9,"centroid":[120.295436,22.632472]},"geometry":{"type":"Polygon","coordinates":[[[120.295261,22.632527],[120.295538,22.632615],[120.295611,22.632417],[120.295334,22.632329],[120.295261,22.632527]]]}},{"type":"Feature","id":"w1546511280","properties":{"kind":"building","category":"terrace","name":null,"area_m2":357.7,"centroid":[120.295531,22.632239]},"geometry":{"type":"Polygon","coordinates":[[[120.295369,22.632251],[120.295669,22.632347],[120.295704,22.632251],[120.295507,22.632192],[120.295406,22.632155],[120.295369,22.632251]]]}},{"type":"Feature","id":"w1546511281","properties":{"kind":"building","category":"terrace","name":null,"area_m2":538.1,"centroid":[120.295544,22.631971]},"geometry":{"type":"Polygon","coordinates":[[[120.295507,22.632192],[120.295682,22.631787],[120.295581,22.63175],[120.295406,22.632155],[120.295507,22.632192]]]}},{"type":"Feature","id":"w1546511282","properties":{"kind":"building","category":"yes","name":null,"area_m2":860.8,"centroid":[120.298236,22.629817]},"geometry":{"type":"Polygon","coordinates":[[[120.2981,22.629883],[120.298125,22.629923],[120.298309,22.629987],[120.298434,22.629684],[120.298214,22.629607],[120.2981,22.629883]]]}},{"type":"Feature","id":"w1546511283","properties":{"kind":"building","category":"terrace","name":null,"area_m2":1486.4,"centroid":[120.299799,22.629833]},"geometry":{"type":"Polygon","coordinates":[[[120.299558,22.6298],[120.299812,22.629874],[120.29977,22.629995],[120.299951,22.630048],[120.300069,22.629704],[120.299635,22.629576],[120.299558,22.6298]]]}},{"type":"Feature","id":"w1546511284","properties":{"kind":"building","category":"terrace","name":null,"area_m2":1081.2,"centroid":[120.300411,22.629915]},"geometry":{"type":"Polygon","coordinates":[[[120.300083,22.629884],[120.300684,22.630085],[120.300739,22.629945],[120.300138,22.629744],[120.300083,22.629884]]]}},{"type":"Feature","id":"w1546655447","properties":{"kind":"building","category":"yes","name":null,"area_m2":1204.2,"centroid":[120.29988,22.634829]},"geometry":{"type":"Polygon","coordinates":[[[120.299656,22.634911],[120.300004,22.63502],[120.300104,22.634746],[120.299756,22.634638],[120.299656,22.634911]]]}},{"type":"Feature","id":"w1546655448","properties":{"kind":"building","category":"terrace","name":null,"area_m2":2351.0,"centroid":[120.299465,22.635404]},"geometry":{"type":"Polygon","coordinates":[[[120.298928,22.635336],[120.299933,22.635656],[120.300002,22.635472],[120.298997,22.635152],[120.298928,22.635336]]]}},{"type":"Feature","id":"w1546655449","properties":{"kind":"building","category":"terrace","name":null,"area_m2":1520.9,"centroid":[120.299311,22.635534]},"geometry":{"type":"Polygon","coordinates":[[[120.29872,22.635407],[120.299862,22.635766],[120.299901,22.635661],[120.298759,22.635302],[120.29872,22.635407]]]}},{"type":"Feature","id":"w1546655450","properties":{"kind":"building","category":"terrace","name":null,"area_m2":851.1,"centroid":[120.298977,22.635616]},"geometry":{"type":"Polygon","coordinates":[[[120.298673,22.635592],[120.299239,22.635759],[120.299281,22.635639],[120.298715,22.635472],[120.298673,22.635592]]]}},{"type":"Feature","id":"w1546655451","properties":{"kind":"building","category":"terrace","name":null,"area_m2":651.2,"centroid":[120.299023,22.63581]},"geometry":{"type":"Polygon","coordinates":[[[120.298818,22.635827],[120.299175,22.635937],[120.299227,22.635793],[120.29887,22.635682],[120.298818,22.635827]]]}},{"type":"Feature","id":"w1546655452","properties":{"kind":"building","category":"yes","name":null,"area_m2":579.6,"centroid":[120.299334,22.635832]},"geometry":{"type":"Polygon","coordinates":[[[120.299198,22.63595],[120.299316,22.63566],[120.29947,22.635713],[120.299353,22.636003],[120.299198,22.63595]]]}},{"type":"Feature","id":"w1546655453","properties":{"kind":"building","category":"terrace","name":null,"area_m2":435.3,"centroid":[120.299544,22.635991]},"geometry":{"type":"Polygon","coordinates":[[[120.299397,22.636027],[120.299644,22.636097],[120.299691,22.635955],[120.299445,22.635885],[120.299397,22.636027]]]}},{"type":"Feature","id":"w1546655454","properties":{"kind":"building","category":"terrace","name":null,"area_m2":434.9,"centroid":[120.299589,22.635826]},"geometry":{"type":"Polygon","coordinates":[[[120.299442,22.635862],[120.299688,22.635932],[120.299736,22.63579],[120.29949,22.63572],[120.299442,22.635862]]]}},{"type":"Feature","id":"w1546655455","properties":{"kind":"building","category":"terrace","name":null,"area_m2":1264.3,"centroid":[120.300061,22.636]},"geometry":{"type":"Polygon","coordinates":[[[120.299644,22.636097],[120.300455,22.636045],[120.300454,22.635901],[120.299691,22.635955],[120.299644,22.636097]]]}},{"type":"Feature","id":"w1546655456","properties":{"kind":"building","category":"terrace","name":null,"area_m2":872.9,"centroid":[120.300031,22.635842]},"geometry":{"type":"Polygon","coordinates":[[[120.299688,22.635932],[120.300459,22.635881],[120.300459,22.635786],[120.299815,22.63582],[120.299736,22.63579],[120.299688,22.635932]]]}},{"type":"Feature","id":"w1546655457","properties":{"kind":"building","category":"terrace","name":null,"area_m2":553.7,"centroid":[120.299294,22.636653]},"geometry":{"type":"Polygon","coordinates":[[[120.299013,22.636597],[120.299421,22.636743],[120.299483,22.636752],[120.299512,22.636666],[120.299039,22.636506],[120.299013,22.636597]]]}},{"type":"Feature","id":"w1546655458","properties":{"kind":"building","category":"terrace","name":null,"area_m2":524.9,"centroid":[120.299296,22.636507]},"geometry":{"type":"Polygon","coordinates":[[[120.299059,22.636482],[120.299498,22.636625],[120.299534,22.636532],[120.299095,22.636388],[120.299059,22.636482]]]}},{"type":"Feature","id":"w1546655459","properties":{"kind":"building","category":"terrace","name":null,"area_m2":1710.2,"centroid":[120.297858,22.635459]},"geometry":{"type":"Polygon","coordinates":[[[120.297467,22.635366],[120.297504,22.635421],[120.298379,22.635698],[120.298434,22.635552],[120.297507,22.635258],[120.297467,22.635366]]]}},{"type":"Feature","id":"w1546655460","properties":{"kind":"building","category":"terrace","name":null,"area_m2":690.8,"centroid":[120.297615,22.635074]},"geometry":{"type":"Polygon","coordinates":[[[120.29747,22.635217],[120.2976,22.634879],[120.29776,22.634932],[120.29763,22.635269],[120.29747,22.635217]]]}},{"type":"Feature","id":"w1546655461","properties":{"kind":"building","category":"terrace","name":null,"area_m2":2005.4,"centroid":[120.298148,22.634965]},"geometry":{"type":"Polygon","coordinates":[[[120.2976,22.634869],[120.298638,22.635211],[120.298696,22.63506],[120.297658,22.634718],[120.2976,22.634869]]]}},{"type":"Feature","id":"w1546655462","properties":{"kind":"building","category":"terrace","name":null,"area_m2":1009.5,"centroid":[120.298483,22.635489]},"geometry":{"type":"Polygon","coordinates":[[[120.2984,22.6357],[120.298498,22.635732],[120.298685,22.635248],[120.298493,22.635185],[120.298364,22.63552],[120.298457,22.63555],[120.2984,22.6357]]]}},{"type":"Feature","id":"w1546655463","properties":{"kind":"building","category":"terrace","name":null,"area_m2":723.6,"centroid":[120.298419,22.634796]},"geometry":{"type":"Polygon","coordinates":[[[120.298193,22.634804],[120.298593,22.63493],[120.298646,22.634788],[120.298245,22.634661],[120.298193,22.634804]]]}},{"type":"Feature","id":"w1546655464","properties":{"kind":"building","category":"terrace","name":null,"area_m2":404.6,"centroid":[120.298495,22.634669]},"geometry":{"type":"Polygon","coordinates":[[[120.298306,22.634662],[120.29865,22.634769],[120.298684,22.634676],[120.298339,22.634569],[120.298306,22.634662]]]}},{"type":"Feature","id":"w1546655465","properties":{"kind":"building","category":"terrace","name":null,"area_m2":517.8,"centroid":[120.298741,22.634846]},"geometry":{"type":"Polygon","coordinates":[[[120.298614,22.634943],[120.298782,22.634994],[120.298868,22.634748],[120.2987,22.634698],[120.298614,22.634943]]]}},{"type":"Feature","id":"w1546655466","properties":{"kind":"building","category":"terrace","name":null,"area_m2":1024.6,"centroid":[120.300092,22.635323]},"geometry":{"type":"Polygon","coordinates":[[[120.29971,22.635303],[120.300079,22.635424],[120.300455,22.635416],[120.300454,22.635303],[120.300099,22.635294],[120.299755,22.635196],[120.29971,22.635303]]]}},{"type":"Feature","id":"w1546655467","properties":{"kind":"building","category":"yes","name":null,"area_m2":147.2,"centroid":[120.299905,22.635149]},"geometry":{"type":"Polygon","coordinates":[[[120.29983,22.635184],[120.299954,22.635212],[120.29998,22.635113],[120.299855,22.635086],[120.29983,22.635184]]]}},{"type":"Feature","id":"w1546655468","properties":{"kind":"building","category":"terrace","name":null,"area_m2":224.2,"centroid":[120.300091,22.635194]},"geometry":{"type":"Polygon","coordinates":[[[120.299976,22.63521],[120.300176,22.635268],[120.300206,22.635178],[120.300006,22.63512],[120.299976,22.63521]]]}},{"type":"Feature","id":"w1546655469","properties":{"kind":"building","category":"yes","name":null,"area_m2":106.1,"centroid":[120.300265,22.635231]},"geometry":{"type":"Polygon","coordinates":[[[120.300209,22.635283],[120.300316,22.635277],[120.300309,22.635181],[120.300227,22.635181],[120.300209,22.635283]]]}},{"type":"Feature","id":"w1546655470","properties":{"kind":"building","category":"yes","name":null,"area_m2":129.8,"centroid":[120.300391,22.635236]},"geometry":{"type":"Polygon","coordinates":[[[120.300336,22.635288],[120.300332,22.635187],[120.300445,22.635183],[120.300449,22.635284],[120.300336,22.635288]]]}},{"type":"Feature","id":"w1546655563","properties":{"kind":"building","category":"terrace","name":null,"area_m2":543.0,"centroid":[120.300787,22.635957]},"geometry":{"type":"Polygon","coordinates":[[[120.300644,22.636047],[120.300943,22.636026],[120.30093,22.635867],[120.300631,22.635888],[120.300644,22.636047]]]}},{"type":"Feature","id":"w1546655564","properties":{"kind":"building","category":"terrace","name":null,"area_m2":543.0,"centroid":[120.301147,22.635914]},"geometry":{"type":"Polygon","coordinates":[[[120.301004,22.636004],[120.301303,22.635983],[120.30129,22.635824],[120.300991,22.635845],[120.301004,22.636004]]]}},{"type":"Feature","id":"w1546655565","properties":{"kind":"building","category":"terrace","name":null,"area_m2":541.2,"centroid":[120.301558,22.635891]},"geometry":{"type":"Polygon","coordinates":[[[120.301416,22.635981],[120.301714,22.63596],[120.301701,22.635801],[120.301403,22.635822],[120.301416,22.635981]]]}},{"type":"Feature","id":"w1546655566","properties":{"kind":"building","category":"terrace","name":null,"area_m2":537.9,"centroid":[120.301519,22.635702]},"geometry":{"type":"Polygon","coordinates":[[[120.301376,22.635792],[120.301674,22.635771],[120.301661,22.635613],[120.301363,22.635634],[120.301376,22.635792]]]}},{"type":"Feature","id":"w1546655567","properties":{"kind":"building","category":"yes","name":null,"area_m2":541.4,"centroid":[120.302681,22.635624]},"geometry":{"type":"Polygon","coordinates":[[[120.302538,22.635712],[120.302832,22.635698],[120.302823,22.635536],[120.30253,22.63555],[120.302538,22.635712]]]}},{"type":"Feature","id":"w1546655568","properties":{"kind":"building","category":"terrace","name":null,"area_m2":2212.3,"centroid":[120.304066,22.63573]},"geometry":{"type":"Polygon","coordinates":[[[120.303342,22.635852],[120.304802,22.635741],[120.30479,22.635608],[120.30333,22.63572],[120.303342,22.635852]]]}},{"type":"Feature","id":"w1546655569","properties":{"kind":"building","category":"terrace","name":null,"area_m2":2219.1,"centroid":[120.304055,22.635583]},"geometry":{"type":"Polygon","coordinates":[[[120.303332,22.635706],[120.304791,22.635594],[120.304779,22.635461],[120.30332,22.635573],[120.303332,22.635706]]]}},{"type":"Feature","id":"w1546655570","properties":{"kind":"building","category":"terrace","name":null,"area_m2":792.7,"centroid":[120.303724,22.635466]},"geometry":{"type":"Polygon","coordinates":[[[120.303327,22.635541],[120.304128,22.635477],[120.30412,22.635391],[120.303319,22.635454],[120.303327,22.635541]]]}},{"type":"Feature","id":"w1546655571","properties":{"kind":"building","category":"terrace","name":null,"area_m2":1223.0,"centroid":[120.30369,22.635324]},"geometry":{"type":"Polygon","coordinates":[[[120.303313,22.635426],[120.304081,22.635362],[120.304068,22.635223],[120.303299,22.635287],[120.303313,22.635426]]]}},{"type":"Feature","id":"w1546655572","properties":{"kind":"building","category":"yes","name":null,"area_m2":370.8,"centroid":[120.303773,22.634723]},"geometry":{"type":"Polygon","coordinates":[[[120.3037,22.634828],[120.303865,22.634815],[120.303846,22.634618],[120.303682,22.634631],[120.3037,22.634828]]]}},{"type":"Feature","id":"w1546655573","properties":{"kind":"building","category":"terrace","name":null,"area_m2":2331.2,"centroid":[120.304107,22.633025]},"geometry":{"type":"Polygon","coordinates":[[[120.303525,22.633154],[120.304704,22.633068],[120.304689,22.632895],[120.30351,22.632981],[120.303525,22.633154]]]}},{"type":"Feature","id":"w1546655574","properties":{"kind":"building","category":"terrace","name":null,"area_m2":494.9,"centroid":[120.3038,22.633212]},"geometry":{"type":"Polygon","coordinates":[[[120.30362,22.633285],[120.30399,22.633257],[120.30398,22.63314],[120.30361,22.633168],[120.30362,22.633285]]]}},{"type":"Feature","id":"w1546655575","properties":{"kind":"building","category":"yes","name":null,"area_m2":259.2,"centroid":[120.304421,22.633177]},"geometry":{"type":"Polygon","coordinates":[[[120.304315,22.633236],[120.304534,22.633223],[120.304526,22.633119],[120.304308,22.633132],[120.304315,22.633236]]]}},{"type":"Feature","id":"w1546655576","properties":{"kind":"building","category":"terrace","name":null,"area_m2":1136.0,"centroid":[120.303681,22.632768]},"geometry":{"type":"Polygon","coordinates":[[[120.30333,22.632864],[120.304045,22.632811],[120.304033,22.632672],[120.303318,22.632725],[120.30333,22.632864]]]}},{"type":"Feature","id":"w1546655577","properties":{"kind":"building","category":"terrace","name":null,"area_m2":1220.7,"centroid":[120.303493,22.632604]},"geometry":{"type":"Polygon","coordinates":[[[120.30309,22.632704],[120.30391,22.632634],[120.303896,22.632504],[120.303077,22.632574],[120.30309,22.632704]]]}},{"type":"Feature","id":"w1546655578","properties":{"kind":"building","category":"yes","name":null,"area_m2":257.4,"centroid":[120.303204,22.632814]},"geometry":{"type":"Polygon","coordinates":[[[120.303128,22.63289],[120.303296,22.632871],[120.303279,22.632738],[120.303111,22.632757],[120.303128,22.63289]]]}},{"type":"Feature","id":"w1546655579","properties":{"kind":"building","category":"terrace","name":null,"area_m2":621.7,"centroid":[120.305121,22.63004]},"geometry":{"type":"Polygon","coordinates":[[[120.304894,22.630113],[120.305356,22.630085],[120.305348,22.629967],[120.304886,22.629995],[120.304894,22.630113]]]}},{"type":"Feature","id":"w1546655580","properties":{"kind":"building","category":"terrace","name":null,"area_m2":621.2,"centroid":[120.30514,22.630188]},"geometry":{"type":"Polygon","coordinates":[[[120.304913,22.630261],[120.305375,22.630233],[120.305366,22.630115],[120.304905,22.630143],[120.304913,22.630261]]]}},{"type":"Feature","id":"w1546655581","properties":{"kind":"building","category":"terrace","name":null,"area_m2":4744.9,"centroid":[120.303651,22.629861]},"geometry":{"type":"Polygon","coordinates":[[[120.302863,22.630047],[120.304461,22.629935],[120.304439,22.629675],[120.302842,22.629787],[120.302863,22.630047]]]}},{"type":"Feature","id":"w1546655582","properties":{"kind":"building","category":"terrace","name":null,"area_m2":2094.1,"centroid":[120.303362,22.630277]},"geometry":{"type":"Polygon","coordinates":[[[120.302904,22.630443],[120.304102,22.630363],[120.304092,22.630236],[120.303101,22.630302],[120.303089,22.630152],[120.302882,22.630165],[120.302904,22.630443]]]}},{"type":"Feature","id":"w1546655583","properties":{"kind":"building","category":"terrace","name":null,"area_m2":869.4,"centroid":[120.303454,22.630166]},"geometry":{"type":"Polygon","coordinates":[[[120.303149,22.630254],[120.303771,22.630199],[120.303759,22.630077],[120.303137,22.630132],[120.303149,22.630254]]]}},{"type":"Feature","id":"w1546655584","properties":{"kind":"building","category":"yes","name":null,"area_m2":494.5,"centroid":[120.303936,22.630146]},"geometry":{"type":"Polygon","coordinates":[[[120.303797,22.630231],[120.304088,22.630211],[120.304075,22.630062],[120.303785,22.630082],[120.303797,22.630231]]]}},{"type":"Feature","id":"w1546655710","properties":{"kind":"building","category":"terrace","name":null,"area_m2":6047.5,"centroid":[120.302557,22.629712]},"geometry":{"type":"Polygon","coordinates":[[[120.302472,22.630611],[120.302813,22.630582],[120.302693,22.629114],[120.302635,22.629088],[120.302354,22.629108],[120.302377,22.62977],[120.302472,22.630611]]]}},{"type":"Feature","id":"w1546655711","properties":{"kind":"building","category":"terrace","name":null,"area_m2":1750.6,"centroid":[120.302129,22.62937]},"geometry":{"type":"Polygon","coordinates":[[[120.301995,22.629628],[120.302305,22.629605],[120.302262,22.629111],[120.301952,22.629134],[120.301995,22.629628]]]}},{"type":"Feature","id":"w1546655712","properties":{"kind":"building","category":"terrace","name":null,"area_m2":1106.3,"centroid":[120.302689,22.630881]},"geometry":{"type":"Polygon","coordinates":[[[120.302534,22.630778],[120.30266,22.630903],[120.302749,22.631139],[120.302858,22.631133],[120.302821,22.630668],[120.302511,22.630664],[120.302534,22.630778]]]}},{"type":"Feature","id":"w1546655713","properties":{"kind":"building","category":"terrace","name":null,"area_m2":2039.3,"centroid":[120.305358,22.629703]},"geometry":{"type":"Polygon","coordinates":[[[120.304868,22.629838],[120.305867,22.629745],[120.305847,22.629567],[120.304849,22.62966],[120.304868,22.629838]]]}},{"type":"Feature","id":"w1546655714","properties":{"kind":"building","category":"terrace","name":null,"area_m2":785.7,"centroid":[120.305378,22.629847]},"geometry":{"type":"Polygon","coordinates":[[[120.304907,22.62992],[120.305855,22.629846],[120.305849,22.629773],[120.304901,22.629848],[120.304907,22.62992]]]}},{"type":"Feature","id":"w1546655715","properties":{"kind":"building","category":"terrace","name":null,"area_m2":3686.7,"centroid":[120.305227,22.629383]},"geometry":{"type":"Polygon","coordinates":[[[120.304637,22.629563],[120.30584,22.629472],[120.305816,22.629204],[120.304613,22.629295],[120.304637,22.629563]]]}},{"type":"Feature","id":"w1546655716","properties":{"kind":"building","category":"terrace","name":null,"area_m2":3423.9,"centroid":[120.305174,22.629043]},"geometry":{"type":"Polygon","coordinates":[[[120.304598,22.629214],[120.305773,22.629127],[120.30575,22.628872],[120.304576,22.628959],[120.304598,22.629214]]]}},{"type":"Feature","id":"w1546655717","properties":{"kind":"building","category":"terrace","name":null,"area_m2":3431.7,"centroid":[120.30518,22.628672]},"geometry":{"type":"Polygon","coordinates":[[[120.304603,22.628843],[120.305778,22.628756],[120.305756,22.6285],[120.304581,22.628588],[120.304603,22.628843]]]}},{"type":"Feature","id":"w1546655718","properties":{"kind":"building","category":"terrace","name":null,"area_m2":1507.9,"centroid":[120.305058,22.628417]},"geometry":{"type":"Polygon","coordinates":[[[120.304555,22.628516],[120.305571,22.628448],[120.305561,22.628318],[120.304545,22.628386],[120.304555,22.628516]]]}},{"type":"Feature","id":"w1546655719","properties":{"kind":"building","category":"terrace","name":null,"area_m2":1509.0,"centroid":[120.305048,22.62827]},"geometry":{"type":"Polygon","coordinates":[[[120.304545,22.628369],[120.305561,22.628301],[120.305551,22.628171],[120.304534,22.628239],[120.304545,22.628369]]]}},{"type":"Feature","id":"w1546655720","properties":{"kind":"building","category":"yes","name":null,"area_m2":235.2,"centroid":[120.305658,22.628345]},"geometry":{"type":"Polygon","coordinates":[[[120.305594,22.628423],[120.305579,22.62828],[120.305723,22.628267],[120.305737,22.62841],[120.305594,22.628423]]]}},{"type":"Feature","id":"w1546737698","properties":{"kind":"building","category":"terrace","name":null,"area_m2":935.1,"centroid":[120.28206,22.619815]},"geometry":{"type":"Polygon","coordinates":[[[120.281973,22.619995],[120.282267,22.61986],[120.282147,22.619636],[120.281852,22.61977],[120.281973,22.619995]]]}},{"type":"Feature","id":"w1546737699","properties":{"kind":"building","category":"terrace","name":null,"area_m2":1026.3,"centroid":[120.282367,22.619655]},"geometry":{"type":"Polygon","coordinates":[[[120.28215,22.619609],[120.28228,22.619844],[120.282585,22.619702],[120.282455,22.619466],[120.28215,22.619609]]]}},{"type":"Feature","id":"w1546737700","properties":{"kind":"building","category":"terrace","name":null,"area_m2":4315.4,"centroid":[120.282441,22.620157]},"geometry":{"type":"Polygon","coordinates":[[[120.282259,22.620544],[120.282886,22.620254],[120.282623,22.61977],[120.281996,22.620059],[120.282259,22.620544]]]}},{"type":"Feature","id":"w1546737701","properties":{"kind":"building","category":"terrace","name":null,"area_m2":891.8,"centroid":[120.282965,22.620903]},"geometry":{"type":"Polygon","coordinates":[[[120.283015,22.62116],[120.283155,22.621097],[120.282914,22.620645],[120.282774,22.620709],[120.283015,22.62116]]]}},{"type":"Feature","id":"w1546737702","properties":{"kind":"building","category":"terrace","name":null,"area_m2":1209.5,"centroid":[120.283091,22.620776]},"geometry":{"type":"Polygon","coordinates":[[[120.283173,22.62109],[120.282858,22.620535],[120.283009,22.620462],[120.283323,22.621017],[120.283173,22.62109]]]}},{"type":"Feature","id":"w1546737703","properties":{"kind":"building","category":"terrace","name":null,"area_m2":417.5,"centroid":[120.282817,22.620455]},"geometry":{"type":"Polygon","coordinates":[[[120.282726,22.620576],[120.282976,22.620444],[120.282908,22.620333],[120.282657,22.620466],[120.282726,22.620576]]]}},{"type":"Feature","id":"w1546737704","properties":{"kind":"building","category":"yes","name":null,"area_m2":235.3,"centroid":[120.283142,22.621226]},"geometry":{"type":"Polygon","coordinates":[[[120.283117,22.621322],[120.283044,22.621188],[120.283167,22.62113],[120.28324,22.621264],[120.283117,22.621322]]]}},{"type":"Feature","id":"w1546737705","properties":{"kind":"building","category":"yes","name":null,"area_m2":236.2,"centroid":[120.283285,22.62115]},"geometry":{"type":"Polygon","coordinates":[[[120.283261,22.621246],[120.283187,22.621112],[120.28331,22.621054],[120.283384,22.621189],[120.283261,22.621246]]]}},{"type":"Feature","id":"w1546737706","properties":{"kind":"building","category":"yes","name":null,"area_m2":483.4,"centroid":[120.28268,22.620982]},"geometry":{"type":"Polygon","coordinates":[[[120.282568,22.621104],[120.282854,22.620983],[120.282793,22.62086],[120.282507,22.620981],[120.282568,22.621104]]]}},{"type":"Feature","id":"w1546737707","properties":{"kind":"building","category":"terrace","name":null,"area_m2":391.4,"centroid":[120.282547,22.620744]},"geometry":{"type":"Polygon","coordinates":[[[120.282384,22.62076],[120.282442,22.62086],[120.28271,22.620728],[120.282652,22.620628],[120.282384,22.62076]]]}},{"type":"Feature","id":"w1546737708","properties":{"kind":"building","category":"terrace","name":null,"area_m2":391.4,"centroid":[120.282614,22.620849]},"geometry":{"type":"Polygon","coordinates":[[[120.282451,22.620865],[120.282509,22.620965],[120.282777,22.620833],[120.282719,22.620733],[120.282451,22.620865]]]}},{"type":"Feature","id":"w1546737709","properties":{"kind":"building","category":"yes","name":null,"area_m2":130.6,"centroid":[120.282588,22.620563]},"geometry":{"type":"Polygon","coordinates":[[[120.282581,22.620639],[120.282515,22.620526],[120.282594,22.620487],[120.28266,22.6206],[120.282581,22.620639]]]}},{"type":"Feature","id":"w1546737710","properties":{"kind":"building","category":"terrace","name":null,"area_m2":941.1,"centroid":[120.283456,22.619123]},"geometry":{"type":"Polygon","coordinates":[[[120.283357,22.619304],[120.283674,22.619143],[120.283554,22.618942],[120.283238,22.619103],[120.283357,22.619304]]]}},{"type":"Feature","id":"w1546737711","properties":{"kind":"building","category":"terrace","name":null,"area_m2":940.0,"centroid":[120.283795,22.618975]},"geometry":{"type":"Polygon","coordinates":[[[120.283694,22.619154],[120.284013,22.618998],[120.283897,22.618795],[120.283578,22.618952],[120.283694,22.619154]]]}},{"type":"Feature","id":"w1546737712","properties":{"kind":"building","category":"terrace","name":null,"area_m2":397.3,"centroid":[120.285116,22.619821]},"geometry":{"type":"Polygon","coordinates":[[[120.285089,22.619948],[120.284991,22.61976],[120.285142,22.619693],[120.28524,22.619882],[120.285089,22.619948]]]}},{"type":"Feature","id":"w1546737713","properties":{"kind":"building","category":"yes","name":null,"area_m2":452.3,"centroid":[120.284979,22.619632]},"geometry":{"type":"Polygon","coordinates":[[[120.284918,22.619757],[120.284833,22.619606],[120.28504,22.619506],[120.285125,22.619658],[120.284918,22.619757]]]}},{"type":"Feature","id":"w1546737714","properties":{"kind":"building","category":"terrace","name":null,"area_m2":360.5,"centroid":[120.284607,22.619638]},"geometry":{"type":"Polygon","coordinates":[[[120.28445,22.619657],[120.284709,22.619525],[120.284765,22.619619],[120.284506,22.619751],[120.28445,22.619657]]]}},{"type":"Feature","id":"w1546737715","properties":{"kind":"building","category":"terrace","name":null,"area_m2":385.3,"centroid":[120.284663,22.619761]},"geometry":{"type":"Polygon","coordinates":[[[120.284514,22.619757],[120.284576,22.619872],[120.284812,22.619765],[120.28475,22.619649],[120.284514,22.619757]]]}},{"type":"Feature","id":"w1546737716","properties":{"kind":"building","category":"terrace","name":null,"area_m2":386.3,"centroid":[120.284746,22.619937]},"geometry":{"type":"Polygon","coordinates":[[[120.284597,22.619932],[120.284659,22.620048],[120.284895,22.619941],[120.284833,22.619825],[120.284597,22.619932]]]}},{"type":"Feature","id":"w1546737717","properties":{"kind":"building","category":"terrace","name":null,"area_m2":385.1,"centroid":[120.284835,22.620089]},"geometry":{"type":"Polygon","coordinates":[[[120.284686,22.620084],[120.284747,22.6202],[120.284983,22.620093],[120.284922,22.619977],[120.284686,22.620084]]]}},{"type":"Feature","id":"w1546737718","properties":{"kind":"building","category":"terrace","name":null,"area_m2":629.1,"centroid":[120.284957,22.620279]},"geometry":{"type":"Polygon","coordinates":[[[120.284878,22.620424],[120.285128,22.620315],[120.285035,22.620134],[120.284785,22.620243],[120.284878,22.620424]]]}},{"type":"Feature","id":"w1546737719","properties":{"kind":"building","category":"terrace","name":null,"area_m2":2276.0,"centroid":[120.284398,22.620506]},"geometry":{"type":"Polygon","coordinates":[[[120.284179,22.620777],[120.284765,22.620508],[120.284617,22.620234],[120.284031,22.620503],[120.284179,22.620777]]]}},{"type":"Feature","id":"w1546737720","properties":{"kind":"building","category":"terrace","name":null,"area_m2":2507.4,"centroid":[120.284222,22.620181]},"geometry":{"type":"Polygon","coordinates":[[[120.284001,22.620468],[120.284604,22.620185],[120.284443,22.619894],[120.283841,22.620177],[120.284001,22.620468]]]}},{"type":"Feature","id":"w1546737721","properties":{"kind":"building","category":"terrace","name":null,"area_m2":1346.8,"centroid":[120.284079,22.619908]},"geometry":{"type":"Polygon","coordinates":[[[120.283832,22.620128],[120.284415,22.619847],[120.284325,22.619687],[120.283742,22.619968],[120.283832,22.620128]]]}},{"type":"Feature","id":"w1546737722","properties":{"kind":"building","category":"terrace","name":null,"area_m2":2102.5,"centroid":[120.283389,22.620266]},"geometry":{"type":"Polygon","coordinates":[[[120.283146,22.620533],[120.283765,22.620235],[120.283632,22.62],[120.283013,22.620298],[120.283146,22.620533]]]}},{"type":"Feature","id":"w1546737723","properties":{"kind":"building","category":"terrace","name":null,"area_m2":1799.6,"centroid":[120.283529,22.620539]},"geometry":{"type":"Polygon","coordinates":[[[120.283169,22.620579],[120.283285,22.620786],[120.283889,22.620498],[120.283773,22.620291],[120.283169,22.620579]]]}},{"type":"Feature","id":"w1546742748","properties":{"kind":"building","category":"terrace","name":null,"area_m2":1011.9,"centroid":[120.284248,22.622424]},"geometry":{"type":"Polygon","coordinates":[[[120.284036,22.622194],[120.284326,22.622717],[120.284461,22.622654],[120.284171,22.62213],[120.284036,22.622194]]]}},{"type":"Feature","id":"w1546742749","properties":{"kind":"building","category":"terrace","name":null,"area_m2":768.2,"centroid":[120.284407,22.622349]},"geometry":{"type":"Polygon","coordinates":[[[120.284499,22.622645],[120.284214,22.622098],[120.284314,22.622054],[120.2846,22.6226],[120.284499,22.622645]]]}},{"type":"Feature","id":"w1546742750","properties":{"kind":"building","category":"terrace","name":null,"area_m2":2113.6,"centroid":[120.284651,22.622218]},"geometry":{"type":"Polygon","coordinates":[[[120.28467,22.622554],[120.284939,22.622423],[120.284632,22.621882],[120.284362,22.622013],[120.28467,22.622554]]]}},{"type":"Feature","id":"w1546742751","properties":{"kind":"building","category":"terrace","name":null,"area_m2":1462.5,"centroid":[120.286016,22.621534]},"geometry":{"type":"Polygon","coordinates":[[[120.28605,22.621834],[120.285778,22.621327],[120.285982,22.621234],[120.286254,22.62174],[120.28605,22.621834]]]}},{"type":"Feature","id":"w1546742752","properties":{"kind":"building","category":"yes","name":null,"area_m2":398.5,"centroid":[120.285701,22.621502]},"geometry":{"type":"Polygon","coordinates":[[[120.285633,22.621617],[120.285842,22.62152],[120.285769,22.621386],[120.28556,22.621483],[120.285633,22.621617]]]}},{"type":"Feature","id":"w1546742753","properties":{"kind":"building","category":"terrace","name":null,"area_m2":1469.4,"centroid":[120.2868,22.621363]},"geometry":{"type":"Polygon","coordinates":[[[120.286832,22.621646],[120.286489,22.62104],[120.286665,22.620956],[120.286952,22.621463],[120.286904,22.621486],[120.286959,22.621585],[120.286832,22.621646]]]}},{"type":"Feature","id":"w1546742754","properties":{"kind":"building","category":"terrace","name":null,"area_m2":916.7,"centroid":[120.286914,22.621313]},"geometry":{"type":"Polygon","coordinates":[[[120.286981,22.621581],[120.28713,22.621508],[120.28678,22.620898],[120.286685,22.620944],[120.286981,22.621461],[120.286928,22.621487],[120.286981,22.621581]]]}},{"type":"Feature","id":"w1546742755","properties":{"kind":"building","category":"terrace","name":null,"area_m2":1556.1,"centroid":[120.287054,22.620902]},"geometry":{"type":"Polygon","coordinates":[[[120.28706,22.621188],[120.286864,22.620822],[120.286883,22.620775],[120.287126,22.620664],[120.287339,22.621061],[120.28706,22.621188]]]}},{"type":"Feature","id":"w1546742756","properties":{"kind":"building","category":"terrace","name":null,"area_m2":1683.2,"centroid":[120.287949,22.620793]},"geometry":{"type":"Polygon","coordinates":[[[120.288075,22.621218],[120.287669,22.620435],[120.287823,22.620367],[120.288229,22.62115],[120.288075,22.621218]]]}},{"type":"Feature","id":"w1546742757","properties":{"kind":"building","category":"terrace","name":null,"area_m2":739.0,"centroid":[120.28843,22.620981]},"geometry":{"type":"Polygon","coordinates":[[[120.288245,22.621139],[120.288678,22.620945],[120.288614,22.620823],[120.288181,22.621018],[120.288245,22.621139]]]}},{"type":"Feature","id":"w1546742758","properties":{"kind":"building","category":"terrace","name":null,"area_m2":2180.7,"centroid":[120.288492,22.620219]},"geometry":{"type":"Polygon","coordinates":[[[120.288419,22.620437],[120.288862,22.620228],[120.28868,22.619913],[120.288183,22.620157],[120.288318,22.620358],[120.288419,22.620437]]]}},{"type":"Feature","id":"w1546747508","properties":{"kind":"building","category":"yes","name":null,"area_m2":302.0,"centroid":[120.284032,22.619274]},"geometry":{"type":"Polygon","coordinates":[[[120.284036,22.619396],[120.283921,22.619211],[120.284028,22.619153],[120.284144,22.619338],[120.284036,22.619396]]]}},{"type":"Feature","id":"w1546901317","properties":{"kind":"building","category":"terrace","name":null,"area_m2":1695.4,"centroid":[120.301372,22.633929]},"geometry":{"type":"Polygon","coordinates":[[[120.301251,22.634202],[120.301531,22.634186],[120.301494,22.633655],[120.301214,22.633671],[120.301251,22.634202]]]}},{"type":"Feature","id":"w1546901318","properties":{"kind":"building","category":"terrace","name":null,"area_m2":5204.1,"centroid":[120.301768,22.633842]},"geometry":{"type":"Polygon","coordinates":[[[120.301665,22.634539],[120.301925,22.634513],[120.301959,22.634469],[120.301862,22.633098],[120.301665,22.633036],[120.301532,22.633394],[120.301665,22.634539]]]}},{"type":"Feature","id":"w1546901319","properties":{"kind":"building","category":"terrace","name":null,"area_m2":958.8,"centroid":[120.301353,22.633473]},"geometry":{"type":"Polygon","coordinates":[[[120.30123,22.63364],[120.301446,22.633632],[120.301424,22.633557],[120.301498,22.633288],[120.30132,22.63322],[120.301199,22.633501],[120.30123,22.63364]]]}},{"type":"Feature","id":"w1546901320","properties":{"kind":"building","category":"yes","name":null,"area_m2":562.5,"centroid":[120.30146,22.63309]},"geometry":{"type":"Polygon","coordinates":[[[120.30132,22.633171],[120.301513,22.633235],[120.301601,22.633008],[120.301407,22.632944],[120.30132,22.633171]]]}},{"type":"Feature","id":"w1546902970","properties":{"kind":"building","category":"terrace","name":null,"area_m2":3122.5,"centroid":[120.304197,22.635018]},"geometry":{"type":"Polygon","coordinates":[[[120.303551,22.635172],[120.304861,22.635073],[120.304843,22.634864],[120.303533,22.634964],[120.303551,22.635172]]]}},{"type":"Feature","id":"w1546902971","properties":{"kind":"building","category":"yes","name":null,"area_m2":532.2,"centroid":[120.303039,22.635512]},"geometry":{"type":"Polygon","coordinates":[[[120.302907,22.635605],[120.302893,22.635438],[120.303172,22.635419],[120.303186,22.635586],[120.302907,22.635605]]]}},{"type":"Feature","id":"w1546902972","properties":{"kind":"building","category":"yes","name":null,"area_m2":371.5,"centroid":[120.303021,22.635321]},"geometry":{"type":"Polygon","coordinates":[[[120.30289,22.635391],[120.303163,22.635371],[120.303152,22.635252],[120.302879,22.635272],[120.30289,22.635391]]]}},{"type":"Feature","id":"w1546902973","properties":{"kind":"building","category":"terrace","name":null,"area_m2":1826.3,"centroid":[120.302985,22.63494]},"geometry":{"type":"Polygon","coordinates":[[[120.302864,22.635227],[120.302817,22.634674],[120.303106,22.634653],[120.303153,22.635206],[120.302864,22.635227]]]}},{"type":"Feature","id":"w1546902974","properties":{"kind":"building","category":"terrace","name":null,"area_m2":1891.9,"centroid":[120.302624,22.63502]},"geometry":{"type":"Polygon","coordinates":[[[120.302507,22.635312],[120.302445,22.634756],[120.302742,22.634728],[120.302803,22.635284],[120.302507,22.635312]]]}},{"type":"Feature","id":"w1546902975","properties":{"kind":"building","category":"terrace","name":null,"area_m2":843.3,"centroid":[120.304714,22.635271]},"geometry":{"type":"Polygon","coordinates":[[[120.304556,22.635393],[120.304891,22.635369],[120.304873,22.635149],[120.304537,22.635173],[120.304556,22.635393]]]}},{"type":"Feature","id":"w1546902976","properties":{"kind":"building","category":"terrace","name":null,"area_m2":844.7,"centroid":[120.304302,22.635327]},"geometry":{"type":"Polygon","coordinates":[[[120.304143,22.635449],[120.304479,22.635425],[120.30446,22.635205],[120.304124,22.635229],[120.304143,22.635449]]]}},{"type":"Feature","id":"w1546902977","properties":{"kind":"building","category":"terrace","name":null,"area_m2":1104.6,"centroid":[120.305882,22.635299]},"geometry":{"type":"Polygon","coordinates":[[[120.30546,22.635387],[120.306315,22.635323],[120.306305,22.63521],[120.30545,22.635274],[120.30546,22.635387]]]}},{"type":"Feature","id":"w1546902978","properties":{"kind":"building","category":"terrace","name":null,"area_m2":1099.7,"centroid":[120.305855,22.635161]},"geometry":{"type":"Polygon","coordinates":[[[120.305432,22.635249],[120.306287,22.635186],[120.306277,22.635073],[120.305422,22.635137],[120.305432,22.635249]]]}},{"type":"Feature","id":"w1546902979","properties":{"kind":"building","category":"terrace","name":null,"area_m2":1529.4,"centroid":[120.307056,22.635511]},"geometry":{"type":"Polygon","coordinates":[[[120.306535,22.635621],[120.30759,22.635528],[120.307577,22.635402],[120.306522,22.635494],[120.306535,22.635621]]]}},{"type":"Feature","id":"w1546902980","properties":{"kind":"building","category":"terrace","name":null,"area_m2":1461.0,"centroid":[120.307065,22.635381]},"geometry":{"type":"Polygon","coordinates":[[[120.306514,22.635482],[120.307625,22.635395],[120.307615,22.63528],[120.306504,22.635367],[120.306514,22.635482]]]}},{"type":"Feature","id":"w1546902981","properties":{"kind":"building","category":"terrace","name":null,"area_m2":2462.8,"centroid":[120.306942,22.635819]},"geometry":{"type":"Polygon","coordinates":[[[120.306477,22.635955],[120.307625,22.63588],[120.30761,22.63569],[120.306532,22.635762],[120.306465,22.635809],[120.306477,22.635955]]]}},{"type":"Feature","id":"w1546902982","properties":{"kind":"building","category":"terrace","name":null,"area_m2":2177.5,"centroid":[120.305617,22.635924]},"geometry":{"type":"Polygon","coordinates":[[[120.305134,22.636049],[120.306321,22.635957],[120.306307,22.635795],[120.305197,22.635881],[120.305124,22.635936],[120.305134,22.636049]]]}},{"type":"Feature","id":"w1546902983","properties":{"kind":"building","category":"terrace","name":null,"area_m2":1588.4,"centroid":[120.30556,22.636215]},"geometry":{"type":"Polygon","coordinates":[[[120.305174,22.636333],[120.305961,22.636273],[120.305945,22.636097],[120.305158,22.636156],[120.305174,22.636333]]]}},{"type":"Feature","id":"w1546902984","properties":{"kind":"building","category":"terrace","name":null,"area_m2":817.1,"centroid":[120.306194,22.636184]},"geometry":{"type":"Polygon","coordinates":[[[120.306002,22.636288],[120.306402,22.636259],[120.306387,22.63608],[120.305986,22.63611],[120.306002,22.636288]]]}},{"type":"Feature","id":"w1546902985","properties":{"kind":"building","category":"terrace","name":null,"area_m2":1583.5,"centroid":[120.307277,22.635119]},"geometry":{"type":"Polygon","coordinates":[[[120.306987,22.635256],[120.307588,22.635212],[120.307568,22.634981],[120.306967,22.635026],[120.306987,22.635256]]]}},{"type":"Feature","id":"w1546902986","properties":{"kind":"building","category":"yes","name":null,"area_m2":1107.1,"centroid":[120.306579,22.634825]},"geometry":{"type":"Polygon","coordinates":[[[120.306422,22.634981],[120.306761,22.634954],[120.306735,22.634669],[120.306396,22.634695],[120.306422,22.634981]]]}},{"type":"Feature","id":"w1546902987","properties":{"kind":"building","category":"terrace","name":null,"area_m2":1626.7,"centroid":[120.30721,22.634783]},"geometry":{"type":"Polygon","coordinates":[[[120.306908,22.634922],[120.307533,22.634872],[120.307512,22.634645],[120.306887,22.634694],[120.306908,22.634922]]]}},{"type":"Feature","id":"w1546902988","properties":{"kind":"building","category":"terrace","name":null,"area_m2":1624.2,"centroid":[120.308053,22.635403]},"geometry":{"type":"Polygon","coordinates":[[[120.30776,22.635541],[120.308363,22.635502],[120.308345,22.635266],[120.307742,22.635305],[120.30776,22.635541]]]}},{"type":"Feature","id":"w1546903002","properties":{"kind":"building","category":"terrace","name":null,"area_m2":3533.9,"centroid":[120.307067,22.636234]},"geometry":{"type":"Polygon","coordinates":[[[120.306541,22.636253],[120.306756,22.636254],[120.30719,22.636308],[120.307635,22.636388],[120.307717,22.636358],[120.307682,22.636015],[120.306505,22.636074],[120.30651,22.636225],[120.306541,22.636253]]]}},{"type":"Feature","id":"w1546903003","properties":{"kind":"building","category":"terrace","name":null,"area_m2":2920.0,"centroid":[120.305734,22.635515]},"geometry":{"type":"Polygon","coordinates":[[[120.305151,22.635663],[120.305134,22.635447],[120.306318,22.635367],[120.306335,22.635583],[120.305151,22.635663]]]}},{"type":"Feature","id":"w1546903004","properties":{"kind":"building","category":"yes","name":null,"area_m2":254.6,"centroid":[120.304874,22.635558]},"geometry":{"type":"Polygon","coordinates":[[[120.304825,22.635657],[120.304803,22.635472],[120.304923,22.63546],[120.304945,22.635644],[120.304825,22.635657]]]}},{"type":"Feature","id":"w1546903005","properties":{"kind":"building","category":"terrace","name":null,"area_m2":1673.5,"centroid":[120.303715,22.636049]},"geometry":{"type":"Polygon","coordinates":[[[120.303334,22.63598],[120.304077,22.635922],[120.304095,22.636119],[120.303353,22.636177],[120.303334,22.63598]]]}},{"type":"Feature","id":"w1546903006","properties":{"kind":"building","category":"terrace","name":null,"area_m2":1338.0,"centroid":[120.304528,22.634643]},"geometry":{"type":"Polygon","coordinates":[[[120.30424,22.634561],[120.304796,22.634515],[120.304817,22.634725],[120.30426,22.634771],[120.30424,22.634561]]]}},{"type":"Feature","id":"w1546903007","properties":{"kind":"building","category":"yes","name":null,"area_m2":508.7,"centroid":[120.305129,22.634596]},"geometry":{"type":"Polygon","coordinates":[[[120.305023,22.634701],[120.305252,22.634685],[120.305236,22.634491],[120.305006,22.634507],[120.305023,22.634701]]]}},{"type":"Feature","id":"w1546903008","properties":{"kind":"building","category":"terrace","name":null,"area_m2":2190.9,"centroid":[120.305843,22.634879]},"geometry":{"type":"Polygon","coordinates":[[[120.305448,22.635027],[120.306258,22.634967],[120.306238,22.634731],[120.305427,22.63479],[120.305448,22.635027]]]}},{"type":"Feature","id":"w1546903009","properties":{"kind":"building","category":"terrace","name":null,"area_m2":1711.2,"centroid":[120.306835,22.632491]},"geometry":{"type":"Polygon","coordinates":[[[120.306298,22.632596],[120.307384,22.632524],[120.307373,22.632386],[120.306287,22.632458],[120.306298,22.632596]]]}},{"type":"Feature","id":"w1546903010","properties":{"kind":"building","category":"terrace","name":null,"area_m2":1160.0,"centroid":[120.306871,22.632342]},"geometry":{"type":"Polygon","coordinates":[[[120.306383,22.632421],[120.307366,22.632366],[120.307359,22.632262],[120.306376,22.632318],[120.306383,22.632421]]]}},{"type":"Feature","id":"w1546903011","properties":{"kind":"building","category":"terrace","name":null,"area_m2":2555.2,"centroid":[120.30757,22.631981]},"geometry":{"type":"Polygon","coordinates":[[[120.307517,22.632572],[120.307432,22.6314],[120.30762,22.631389],[120.307711,22.632564],[120.307517,22.632572]]]}},{"type":"Feature","id":"w1547838704","properties":{"kind":"building","category":"house","name":null,"area_m2":192.7,"centroid":[120.300994,22.631837]},"geometry":{"type":"Polygon","coordinates":[[[120.300903,22.631869],[120.301052,22.631909],[120.301085,22.631804],[120.300936,22.631764],[120.300903,22.631869]]]}},{"type":"Feature","id":"w1547838705","properties":{"kind":"building","category":"yes","name":null,"area_m2":290.1,"centroid":[120.301244,22.631871]},"geometry":{"type":"Polygon","coordinates":[[[120.301117,22.631931],[120.301258,22.631944],[120.301343,22.631931],[120.301339,22.631843],[120.301309,22.631805],[120.301188,22.631804],[120.301153,22.631842],[120.301117,22.631931]]]}},{"type":"Feature","id":"w1547838706","properties":{"kind":"building","category":"yes","name":null,"area_m2":288.5,"centroid":[120.301452,22.632308]},"geometry":{"type":"Polygon","coordinates":[[[120.301356,22.632379],[120.301424,22.632197],[120.301549,22.632237],[120.30148,22.632419],[120.301356,22.632379]]]}},{"type":"Feature","id":"w1547838707","properties":{"kind":"building","category":"yes","name":null,"area_m2":204.5,"centroid":[120.301305,22.632269]},"geometry":{"type":"Polygon","coordinates":[[[120.301225,22.632337],[120.301291,22.632169],[120.301386,22.632201],[120.301319,22.632369],[120.301225,22.632337]]]}},{"type":"Feature","id":"w1547838708","properties":{"kind":"building","category":"yes","name":null,"area_m2":281.6,"centroid":[120.301494,22.632125]},"geometry":{"type":"Polygon","coordinates":[[[120.301375,22.63215],[120.301568,22.632214],[120.301612,22.6321],[120.30142,22.632036],[120.301375,22.63215]]]}},{"type":"Feature","id":"w1547838709","properties":{"kind":"building","category":"yes","name":null,"area_m2":251.7,"centroid":[120.301669,22.632391]},"geometry":{"type":"Polygon","coordinates":[[[120.301587,22.63246],[120.30176,22.63245],[120.301751,22.632322],[120.301579,22.632332],[120.301587,22.63246]]]}},{"type":"Feature","id":"w1547838710","properties":{"kind":"building","category":"terrace","name":null,"area_m2":2618.7,"centroid":[120.302413,22.632449]},"geometry":{"type":"Polygon","coordinates":[[[120.302316,22.632873],[120.302409,22.632902],[120.302619,22.632884],[120.302546,22.632169],[120.302425,22.632146],[120.302331,22.632069],[120.302243,22.632098],[120.302316,22.632873]]]}},{"type":"Feature","id":"w1547838711","properties":{"kind":"building","category":"yes","name":null,"area_m2":306.2,"centroid":[120.302477,22.632038]},"geometry":{"type":"Polygon","coordinates":[[[120.30234,22.631995],[120.302451,22.632116],[120.30254,22.632105],[120.302582,22.632059],[120.302473,22.631914],[120.30234,22.631995]]]}},{"type":"Feature","id":"w1547838712","properties":{"kind":"building","category":"terrace","name":null,"area_m2":2700.2,"centroid":[120.302827,22.632555]},"geometry":{"type":"Polygon","coordinates":[[[120.302686,22.632901],[120.302954,22.632873],[120.302973,22.632842],[120.302908,22.63206],[120.302613,22.632099],[120.302686,22.632901]]]}},{"type":"Feature","id":"w1547838713","properties":{"kind":"building","category":"terrace","name":null,"area_m2":1641.2,"centroid":[120.303355,22.63234]},"geometry":{"type":"Polygon","coordinates":[[[120.303103,22.632498],[120.303632,22.632454],[120.303606,22.632183],[120.303077,22.632227],[120.303103,22.632498]]]}},{"type":"Feature","id":"w1547838714","properties":{"kind":"building","category":"yes","name":null,"area_m2":521.5,"centroid":[120.303742,22.63231]},"geometry":{"type":"Polygon","coordinates":[[[120.303658,22.632439],[120.303844,22.632427],[120.303826,22.632182],[120.303639,22.632194],[120.303658,22.632439]]]}},{"type":"Feature","id":"w1547838715","properties":{"kind":"building","category":"yes","name":null,"area_m2":691.2,"centroid":[120.303991,22.632289]},"geometry":{"type":"Polygon","coordinates":[[[120.303857,22.632405],[120.304146,22.632382],[120.304126,22.632173],[120.303837,22.632196],[120.303857,22.632405]]]}},{"type":"Feature","id":"w1547838716","properties":{"kind":"building","category":"terrace","name":null,"area_m2":1488.4,"centroid":[120.304408,22.632274]},"geometry":{"type":"Polygon","coordinates":[[[120.304164,22.632422],[120.304675,22.632381],[120.304651,22.632126],[120.30414,22.632168],[120.304164,22.632422]]]}},{"type":"Feature","id":"w1547838717","properties":{"kind":"building","category":"terrace","name":null,"area_m2":1557.9,"centroid":[120.305465,22.63226]},"geometry":{"type":"Polygon","coordinates":[[[120.304867,22.632361],[120.306073,22.632272],[120.306063,22.632159],[120.304857,22.632248],[120.304867,22.632361]]]}},{"type":"Feature","id":"w1547838718","properties":{"kind":"building","category":"terrace","name":null,"area_m2":1564.8,"centroid":[120.305449,22.632126]},"geometry":{"type":"Polygon","coordinates":[[[120.304851,22.632227],[120.306057,22.632139],[120.306048,22.632025],[120.304841,22.632114],[120.304851,22.632227]]]}},{"type":"Feature","id":"w1547838719","properties":{"kind":"building","category":"terrace","name":null,"area_m2":1559.2,"centroid":[120.305442,22.632436]},"geometry":{"type":"Polygon","coordinates":[[[120.304844,22.632537],[120.306051,22.632448],[120.306041,22.632335],[120.304834,22.632424],[120.304844,22.632537]]]}},{"type":"Feature","id":"w1547838720","properties":{"kind":"building","category":"terrace","name":null,"area_m2":1483.8,"centroid":[120.305272,22.631895]},"geometry":{"type":"Polygon","coordinates":[[[120.304833,22.631999],[120.305723,22.631937],[120.30571,22.631791],[120.304821,22.631853],[120.304833,22.631999]]]}},{"type":"Feature","id":"w1547838721","properties":{"kind":"building","category":"yes","name":null,"area_m2":397.3,"centroid":[120.304888,22.631684]},"geometry":{"type":"Polygon","coordinates":[[[120.304789,22.631773],[120.305001,22.631758],[120.304987,22.631594],[120.304775,22.631609],[120.304789,22.631773]]]}},{"type":"Feature","id":"w1547838722","properties":{"kind":"building","category":"yes","name":null,"area_m2":399.7,"centroid":[120.304866,22.631452]},"geometry":{"type":"Polygon","coordinates":[[[120.304767,22.631542],[120.304979,22.631527],[120.304965,22.631362],[120.304753,22.631377],[120.304767,22.631542]]]}},{"type":"Feature","id":"w1547838723","properties":{"kind":"building","category":"yes","name":null,"area_m2":238.0,"centroid":[120.305041,22.63146]},"geometry":{"type":"Polygon","coordinates":[[[120.304998,22.631564],[120.304979,22.631364],[120.305083,22.631356],[120.305102,22.631556],[120.304998,22.631564]]]}},{"type":"Feature","id":"w1547838724","properties":{"kind":"building","category":"yes","name":null,"area_m2":238.3,"centroid":[120.305166,22.631456]},"geometry":{"type":"Polygon","coordinates":[[[120.305124,22.631561],[120.305104,22.631361],[120.305208,22.631352],[120.305228,22.631552],[120.305124,22.631561]]]}},{"type":"Feature","id":"w1547838725","properties":{"kind":"building","category":"yes","name":null,"area_m2":238.2,"centroid":[120.305334,22.631435]},"geometry":{"type":"Polygon","coordinates":[[[120.305292,22.63154],[120.305273,22.63134],[120.305377,22.631331],[120.305396,22.631531],[120.305292,22.63154]]]}},{"type":"Feature","id":"w1547838726","properties":{"kind":"building","category":"yes","name":null,"area_m2":237.2,"centroid":[120.3057,22.631423]},"geometry":{"type":"Polygon","coordinates":[[[120.305655,22.631526],[120.305641,22.631326],[120.305745,22.63132],[120.305759,22.63152],[120.305655,22.631526]]]}},{"type":"Feature","id":"w1547838727","properties":{"kind":"building","category":"yes","name":null,"area_m2":237.6,"centroid":[120.306367,22.631605]},"geometry":{"type":"Polygon","coordinates":[[[120.306479,22.631647],[120.306262,22.63166],[120.306255,22.631564],[120.306472,22.631551],[120.306479,22.631647]]]}},{"type":"Feature","id":"w1547838728","properties":{"kind":"building","category":"yes","name":null,"area_m2":272.3,"centroid":[120.305919,22.632566]},"geometry":{"type":"Polygon","coordinates":[[[120.305846,22.632647],[120.305835,22.632494],[120.305991,22.632484],[120.306002,22.632637],[120.305846,22.632647]]]}},{"type":"Feature","id":"w1547838729","properties":{"kind":"building","category":"terrace","name":null,"area_m2":748.9,"centroid":[120.307024,22.632151]},"geometry":{"type":"Polygon","coordinates":[[[120.30672,22.632223],[120.307336,22.632186],[120.307329,22.632079],[120.306712,22.632117],[120.30672,22.632223]]]}},{"type":"Feature","id":"w1547838730","properties":{"kind":"building","category":"terrace","name":null,"area_m2":748.9,"centroid":[120.307015,22.631995]},"geometry":{"type":"Polygon","coordinates":[[[120.30671,22.632067],[120.307327,22.632029],[120.307319,22.631923],[120.306703,22.63196],[120.30671,22.632067]]]}},{"type":"Feature","id":"w1547838731","properties":{"kind":"building","category":"terrace","name":null,"area_m2":372.7,"centroid":[120.307073,22.63177]},"geometry":{"type":"Polygon","coordinates":[[[120.306956,22.631843],[120.30695,22.631706],[120.30719,22.631697],[120.307196,22.631833],[120.306956,22.631843]]]}},{"type":"Feature","id":"w1547838732","properties":{"kind":"building","category":"terrace","name":null,"area_m2":841.7,"centroid":[120.307027,22.631564]},"geometry":{"type":"Polygon","coordinates":[[[120.306744,22.631649],[120.30732,22.631607],[120.307309,22.631479],[120.306734,22.631521],[120.306744,22.631649]]]}},{"type":"Feature","id":"w1547838733","properties":{"kind":"building","category":"yes","name":null,"area_m2":435.5,"centroid":[120.306926,22.631354]},"geometry":{"type":"Polygon","coordinates":[[[120.306851,22.631475],[120.306836,22.631242],[120.307,22.631233],[120.307015,22.631466],[120.306851,22.631475]]]}},{"type":"Feature","id":"w1547838734","properties":{"kind":"building","category":"terrace","name":null,"area_m2":1252.1,"centroid":[120.30545,22.631664]},"geometry":{"type":"Polygon","coordinates":[[[120.305052,22.631758],[120.305859,22.631705],[120.305848,22.631569],[120.305042,22.631622],[120.305052,22.631758]]]}},{"type":"Feature","id":"w1547838735","properties":{"kind":"building","category":"yes","name":null,"area_m2":238.1,"centroid":[120.305498,22.631429]},"geometry":{"type":"Polygon","coordinates":[[[120.305456,22.631533],[120.305436,22.631333],[120.30554,22.631325],[120.30556,22.631525],[120.305456,22.631533]]]}},{"type":"Feature","id":"w1547838736","properties":{"kind":"building","category":"yes","name":null,"area_m2":360.9,"centroid":[120.305685,22.630814]},"geometry":{"type":"Polygon","coordinates":[[[120.305626,22.630935],[120.305608,22.630702],[120.305744,22.630694],[120.305762,22.630926],[120.305626,22.630935]]]}},{"type":"Feature","id":"w1547838737","properties":{"kind":"building","category":"terrace","name":null,"area_m2":856.0,"centroid":[120.306564,22.630317]},"geometry":{"type":"Polygon","coordinates":[[[120.306357,22.630421],[120.306787,22.630387],[120.306771,22.630213],[120.306341,22.630247],[120.306357,22.630421]]]}},{"type":"Feature","id":"w1547838738","properties":{"kind":"building","category":"terrace","name":null,"area_m2":1116.8,"centroid":[120.306543,22.629766]},"geometry":{"type":"Polygon","coordinates":[[[120.306021,22.629849],[120.307072,22.629777],[120.307065,22.629684],[120.306013,22.629756],[120.306021,22.629849]]]}},{"type":"Feature","id":"w1547838739","properties":{"kind":"building","category":"terrace","name":null,"area_m2":1994.6,"centroid":[120.306549,22.629615]},"geometry":{"type":"Polygon","coordinates":[[[120.306006,22.629734],[120.307104,22.629655],[120.307091,22.629496],[120.305993,22.629575],[120.306006,22.629734]]]}},{"type":"Feature","id":"w1547838740","properties":{"kind":"building","category":"terrace","name":null,"area_m2":1525.0,"centroid":[120.306491,22.629371]},"geometry":{"type":"Polygon","coordinates":[[[120.30599,22.629471],[120.307002,22.629403],[120.306992,22.629271],[120.30598,22.629339],[120.30599,22.629471]]]}},{"type":"Feature","id":"w1547838741","properties":{"kind":"building","category":"terrace","name":null,"area_m2":1520.1,"centroid":[120.306467,22.629216]},"geometry":{"type":"Polygon","coordinates":[[[120.305967,22.629316],[120.306979,22.629248],[120.306968,22.629116],[120.305956,22.629185],[120.305967,22.629316]]]}},{"type":"Feature","id":"w1547838742","properties":{"kind":"building","category":"terrace","name":null,"area_m2":378.4,"centroid":[120.307066,22.629253]},"geometry":{"type":"Polygon","coordinates":[[[120.307019,22.629398],[120.306996,22.629116],[120.307114,22.629108],[120.307136,22.62939],[120.307019,22.629398]]]}},{"type":"Feature","id":"w1547838743","properties":{"kind":"building","category":"terrace","name":null,"area_m2":660.5,"centroid":[120.306044,22.628585]},"geometry":{"type":"Polygon","coordinates":[[[120.305924,22.628707],[120.305905,22.628483],[120.306163,22.628464],[120.306182,22.628688],[120.305924,22.628707]]]}},{"type":"Feature","id":"w1547838744","properties":{"kind":"building","category":"terrace","name":null,"area_m2":1247.9,"centroid":[120.306598,22.628632]},"geometry":{"type":"Polygon","coordinates":[[[120.30623,22.628735],[120.306979,22.628674],[120.306966,22.628529],[120.306216,22.628589],[120.30623,22.628735]]]}},{"type":"Feature","id":"w1547838745","properties":{"kind":"building","category":"terrace","name":null,"area_m2":1019.6,"centroid":[120.306614,22.628482]},"geometry":{"type":"Polygon","coordinates":[[[120.30621,22.628567],[120.307028,22.628506],[120.307018,22.628397],[120.3062,22.628458],[120.30621,22.628567]]]}},{"type":"Feature","id":"w1547838746","properties":{"kind":"building","category":"terrace","name":null,"area_m2":1019.6,"centroid":[120.306296,22.628334]},"geometry":{"type":"Polygon","coordinates":[[[120.305892,22.628419],[120.30671,22.628358],[120.3067,22.628249],[120.305882,22.62831],[120.305892,22.628419]]]}},{"type":"Feature","id":"w1547838747","properties":{"kind":"building","category":"terrace","name":null,"area_m2":1023.3,"centroid":[120.30629,22.628192]},"geometry":{"type":"Polygon","coordinates":[[[120.305886,22.628277],[120.306703,22.628217],[120.306694,22.628107],[120.305876,22.628168],[120.305886,22.628277]]]}},{"type":"Feature","id":"w1547839166","properties":{"kind":"building","category":"terrace","name":null,"area_m2":1882.5,"centroid":[120.307756,22.628313]},"geometry":{"type":"Polygon","coordinates":[[[120.307659,22.628649],[120.307912,22.62863],[120.307853,22.627978],[120.307601,22.627997],[120.307659,22.628649]]]}},{"type":"Feature","id":"w1547839167","properties":{"kind":"building","category":"terrace","name":null,"area_m2":2533.8,"centroid":[120.307402,22.629049]},"geometry":{"type":"Polygon","coordinates":[[[120.30725,22.629368],[120.307614,22.629338],[120.307555,22.62873],[120.307191,22.62876],[120.30725,22.629368]]]}},{"type":"Feature","id":"w1547839168","properties":{"kind":"building","category":"yes","name":null,"area_m2":243.5,"centroid":[120.306332,22.630073]},"geometry":{"type":"Polygon","coordinates":[[[120.306288,22.630177],[120.30627,22.629978],[120.306377,22.62997],[120.306395,22.630169],[120.306288,22.630177]]]}},{"type":"Feature","id":"w1547839169","properties":{"kind":"building","category":"terrace","name":null,"area_m2":1222.1,"centroid":[120.306537,22.629933]},"geometry":{"type":"Polygon","coordinates":[[[120.306027,22.629972],[120.306433,22.629938],[120.306439,22.630003],[120.307157,22.629943],[120.307146,22.629825],[120.306022,22.629918],[120.306027,22.629972]]]}},{"type":"Feature","id":"w1547839170","properties":{"kind":"building","category":"terrace","name":null,"area_m2":1019.0,"centroid":[120.306797,22.630064]},"geometry":{"type":"Polygon","coordinates":[[[120.306471,22.63016],[120.307135,22.630103],[120.307122,22.629969],[120.306458,22.630026],[120.306471,22.63016]]]}},{"type":"Feature","id":"w1547839171","properties":{"kind":"building","category":"terrace","name":null,"area_m2":1221.6,"centroid":[120.305381,22.630823]},"geometry":{"type":"Polygon","coordinates":[[[120.305181,22.630964],[120.305601,22.630936],[120.305582,22.630682],[120.305161,22.630709],[120.305181,22.630964]]]}},{"type":"Feature","id":"w1547839172","properties":{"kind":"building","category":"terrace","name":null,"area_m2":961.0,"centroid":[120.305443,22.630568]},"geometry":{"type":"Polygon","coordinates":[[[120.304969,22.630647],[120.305924,22.630577],[120.305917,22.630489],[120.304961,22.630559],[120.304969,22.630647]]]}},{"type":"Feature","id":"w1547839173","properties":{"kind":"building","category":"terrace","name":null,"area_m2":780.0,"centroid":[120.30553,22.630088]},"geometry":{"type":"Polygon","coordinates":[[[120.305413,22.630231],[120.30539,22.629965],[120.305646,22.629945],[120.305669,22.630212],[120.305413,22.630231]]]}},{"type":"Feature","id":"w1547839174","properties":{"kind":"building","category":"terrace","name":null,"area_m2":566.6,"centroid":[120.306066,22.628977]},"geometry":{"type":"Polygon","coordinates":[[[120.305981,22.629113],[120.305957,22.628857],[120.306151,22.628842],[120.306174,22.629098],[120.305981,22.629113]]]}},{"type":"Feature","id":"w1547839175","properties":{"kind":"building","category":"terrace","name":null,"area_m2":941.3,"centroid":[120.306597,22.629022]},"geometry":{"type":"Polygon","coordinates":[[[120.30623,22.629102],[120.306973,22.629052],[120.306965,22.628941],[120.306222,22.628991],[120.30623,22.629102]]]}},{"type":"Feature","id":"w1547839176","properties":{"kind":"building","category":"terrace","name":null,"area_m2":1114.9,"centroid":[120.3066,22.628865]},"geometry":{"type":"Polygon","coordinates":[[[120.306214,22.628958],[120.306997,22.628896],[120.306986,22.628772],[120.306203,22.628833],[120.306214,22.628958]]]}},{"type":"Feature","id":"w1547839177","properties":{"kind":"building","category":"terrace","name":null,"area_m2":1340.6,"centroid":[120.307779,22.628963]},"geometry":{"type":"Polygon","coordinates":[[[120.307716,22.629345],[120.307686,22.629016],[120.307819,22.629005],[120.307799,22.628797],[120.30769,22.628806],[120.307681,22.628712],[120.30789,22.628696],[120.30795,22.629327],[120.307716,22.629345]]]}},{"type":"Feature","id":"w1547839180","properties":{"kind":"building","category":"terrace","name":null,"area_m2":1399.5,"centroid":[120.306309,22.627832]},"geometry":{"type":"Polygon","coordinates":[[[120.305887,22.627884],[120.306006,22.62786],[120.306883,22.627902],[120.306892,22.627768],[120.305877,22.627747],[120.305887,22.627884]]]}},{"type":"Feature","id":"w1547839181","properties":{"kind":"building","category":"terrace","name":null,"area_m2":1193.9,"centroid":[120.306238,22.627976]},"geometry":{"type":"Polygon","coordinates":[[[120.305893,22.628064],[120.306023,22.628057],[120.306017,22.628012],[120.306905,22.627986],[120.306899,22.627918],[120.306049,22.627891],[120.30588,22.627907],[120.305893,22.628064]]]}},{"type":"Feature","id":"w1547839182","properties":{"kind":"building","category":"terrace","name":null,"area_m2":982.7,"centroid":[120.305402,22.627991]},"geometry":{"type":"Polygon","coordinates":[[[120.305091,22.628084],[120.305727,22.628033],[120.305714,22.627898],[120.305078,22.627949],[120.305091,22.628084]]]}},{"type":"Feature","id":"w1547839183","properties":{"kind":"building","category":"terrace","name":null,"area_m2":867.1,"centroid":[120.305349,22.627784]},"geometry":{"type":"Polygon","coordinates":[[[120.305041,22.627841],[120.305654,22.627852],[120.305656,22.627728],[120.305043,22.627716],[120.305041,22.627841]]]}},{"type":"Feature","id":"w1547839184","properties":{"kind":"building","category":"terrace","name":null,"area_m2":426.8,"centroid":[120.304577,22.627902]},"geometry":{"type":"Polygon","coordinates":[[[120.304503,22.628024],[120.304494,22.627786],[120.304652,22.627781],[120.304661,22.628018],[120.304503,22.628024]]]}},{"type":"Feature","id":"w1547839185","properties":{"kind":"building","category":"terrace","name":null,"area_m2":2264.4,"centroid":[120.303559,22.62851]},"geometry":{"type":"Polygon","coordinates":[[[120.302777,22.628638],[120.304353,22.628507],[120.304341,22.628381],[120.302765,22.628513],[120.302777,22.628638]]]}},{"type":"Feature","id":"w1547839186","properties":{"kind":"building","category":"terrace","name":null,"area_m2":2264.4,"centroid":[120.303536,22.628364]},"geometry":{"type":"Polygon","coordinates":[[[120.302754,22.628493],[120.30433,22.628361],[120.304318,22.628236],[120.302742,22.628367],[120.302754,22.628493]]]}},{"type":"Feature","id":"w1547839187","properties":{"kind":"building","category":"terrace","name":null,"area_m2":2265.9,"centroid":[120.303568,22.628856]},"geometry":{"type":"Polygon","coordinates":[[[120.302787,22.628985],[120.304363,22.628853],[120.30435,22.628728],[120.302774,22.628859],[120.302787,22.628985]]]}},{"type":"Feature","id":"w1547839188","properties":{"kind":"building","category":"terrace","name":null,"area_m2":2264.4,"centroid":[120.303555,22.628716]},"geometry":{"type":"Polygon","coordinates":[[[120.302773,22.628845],[120.304349,22.628713],[120.304337,22.628588],[120.302761,22.628719],[120.302773,22.628845]]]}},{"type":"Feature","id":"w1547839189","properties":{"kind":"building","category":"terrace","name":null,"area_m2":2273.4,"centroid":[120.30361,22.629076]},"geometry":{"type":"Polygon","coordinates":[[[120.302828,22.629205],[120.304404,22.629073],[120.304392,22.628947],[120.302816,22.629079],[120.302828,22.629205]]]}},{"type":"Feature","id":"w1547839190","properties":{"kind":"building","category":"terrace","name":null,"area_m2":2264.4,"centroid":[120.303607,22.629222]},"geometry":{"type":"Polygon","coordinates":[[[120.302825,22.629351],[120.304401,22.629219],[120.304389,22.629094],[120.302813,22.629225],[120.302825,22.629351]]]}},{"type":"Feature","id":"w1556557437","properties":{"kind":"building","category":"temple","name":"佛光山壽山寺","area_m2":276.8,"centroid":[120.277441,22.626483]},"geometry":{"type":"Polygon","coordinates":[[[120.277324,22.626517],[120.277454,22.626453],[120.277434,22.626418],[120.277494,22.626389],[120.277565,22.626513],[120.277375,22.626606],[120.277324,22.626517]]]}},{"type":"Feature","id":"w1559431740","properties":{"kind":"building","category":"yes","name":null,"area_m2":69.6,"centroid":[120.28262,22.635953]},"geometry":{"type":"Polygon","coordinates":[[[120.28262,22.636029],[120.282661,22.635886],[120.282621,22.635876],[120.28258,22.636019],[120.28262,22.636029]]]}},{"type":"Feature","id":"w1560033454","properties":{"kind":"building","category":"temple","name":null,"area_m2":521.7,"centroid":[120.29352,22.63369]},"geometry":{"type":"Polygon","coordinates":[[[120.293606,22.63382],[120.293357,22.63371],[120.293435,22.63356],[120.293684,22.63367],[120.293606,22.63382]]]}},{"type":"Feature","id":"w1560033455","properties":{"kind":"building","category":"yes","name":null,"area_m2":464.0,"centroid":[120.293866,22.631404]},"geometry":{"type":"Polygon","coordinates":[[[120.293981,22.631392],[120.29398,22.631425],[120.293967,22.631456],[120.293945,22.631483],[120.293916,22.631502],[120.293882,22.631512],[120.293846,22.631512],[120.293809,22.631502],[120.293777,22.631481],[120.293755,22.631451],[120.293744,22.631417],[120.293745,22.631381],[120.293759,22.631347],[120.293784,22.631319],[120.293818,22.6313],[120.293856,22.631293],[120.293895,22.631297],[120.293927,22.63131],[120.293954,22.631332],[120.293973,22.63136],[120.293981,22.631392]]]}},{"type":"Feature","id":"w1561399620","properties":{"kind":"building","category":"yes","name":null,"area_m2":427.2,"centroid":[120.292641,22.637032]},"geometry":{"type":"Polygon","coordinates":[[[120.292513,22.637152],[120.292598,22.636903],[120.292716,22.636937],[120.292726,22.636974],[120.292651,22.637193],[120.292513,22.637152]]]}},{"type":"Feature","id":"w1561399621","properties":{"kind":"building","category":"yes","name":null,"area_m2":1044.8,"centroid":[120.28651,22.635994]},"geometry":{"type":"Polygon","coordinates":[[[120.286309,22.63613],[120.286511,22.635765],[120.286711,22.635859],[120.286509,22.636224],[120.286309,22.63613]]]}},{"type":"Feature","id":"w1562630296","properties":{"kind":"building","category":"yes","name":null,"area_m2":900.9,"centroid":[120.299354,22.611962]},"geometry":{"type":"Polygon","coordinates":[[[120.299146,22.612012],[120.299227,22.611802],[120.299562,22.611912],[120.299482,22.612122],[120.299146,22.612012]]]}},{"type":"Feature","id":"w1562630313","properties":{"kind":"green","category":"village_green","name":null,"area_m2":714.4,"centroid":[120.292565,22.614211]},"geometry":{"type":"Polygon","coordinates":[[[120.292536,22.614387],[120.292401,22.614118],[120.292593,22.614036],[120.292729,22.614305],[120.292536,22.614387]]]}},{"type":"Feature","id":"w1562630314","properties":{"kind":"building","category":"construction","name":null,"area_m2":739.6,"centroid":[120.295214,22.621812]},"geometry":{"type":"Polygon","coordinates":[[[120.294946,22.621836],[120.295002,22.621697],[120.295291,22.621797],[120.295303,22.621767],[120.295405,22.621802],[120.295337,22.62197],[120.294946,22.621836]]]}},{"type":"Feature","id":"w183803138","properties":{"kind":"building","category":"retail","name":"萬家福","area_m2":5559.8,"centroid":[120.286157,22.633799]},"geometry":{"type":"Polygon","coordinates":[[[120.285792,22.634349],[120.286123,22.634444],[120.286561,22.633276],[120.286153,22.633129],[120.285792,22.634349]]]}},{"type":"Feature","id":"w189157240","properties":{"kind":"building","category":"school","name":"教學大樓","area_m2":759.9,"centroid":[120.293843,22.621126]},"geometry":{"type":"Polygon","coordinates":[[[120.29352,22.621143],[120.293839,22.621146],[120.293838,22.621206],[120.294195,22.62121],[120.294196,22.621107],[120.293816,22.621103],[120.293817,22.621047],[120.293522,22.621044],[120.29352,22.621143]]]}},{"type":"Feature","id":"w189157242","properties":{"kind":"building","category":"school","name":"圖書館","area_m2":610.3,"centroid":[120.293686,22.621368]},"geometry":{"type":"Polygon","coordinates":[[[120.293822,22.621489],[120.293663,22.621488],[120.293663,22.621468],[120.293594,22.621467],[120.293596,22.621286],[120.293664,22.621286],[120.293664,22.621229],[120.293824,22.62123],[120.293822,22.621489]]]}},{"type":"Feature","id":"w189158783","properties":{"kind":"building","category":"yes","name":"體育館","area_m2":1631.5,"centroid":[120.292413,22.621759]},"geometry":{"type":"Polygon","coordinates":[[[120.292261,22.621895],[120.29264,22.6219],[120.292655,22.621815],[120.292647,22.621722],[120.292619,22.621722],[120.29262,22.621559],[120.292197,22.621554],[120.29219,22.621747],[120.292228,22.621747],[120.292226,22.621843],[120.292262,22.621844],[120.292261,22.621895]]]}},{"type":"Feature","id":"w189161908","properties":{"kind":"building","category":"school","name":"實驗中心","area_m2":1549.5,"centroid":[120.294381,22.621394]},"geometry":{"type":"Polygon","coordinates":[[[120.294214,22.621585],[120.294613,22.621594],[120.294618,22.621394],[120.29458,22.621395],[120.294581,22.621275],[120.294322,22.621266],[120.294323,22.621248],[120.294172,22.621243],[120.294164,22.621467],[120.294219,22.621469],[120.294214,22.621585]]]}},{"type":"Feature","id":"w189161909","properties":{"kind":"building","category":"school","name":"藝能大樓","area_m2":1746.9,"centroid":[120.292974,22.622525]},"geometry":{"type":"Polygon","coordinates":[[[120.292848,22.62263],[120.292963,22.622629],[120.292963,22.622666],[120.293072,22.622666],[120.293072,22.622684],[120.293387,22.622681],[120.293384,22.62243],[120.292938,22.622433],[120.292929,22.622397],[120.292904,22.62237],[120.292861,22.622356],[120.292815,22.622364],[120.29275,22.622455],[120.292747,22.62259],[120.292848,22.62263]]]}},{"type":"Feature","id":"w189161911","properties":{"kind":"building","category":"school","name":"活動中心","area_m2":1315.2,"centroid":[120.294206,22.621846]},"geometry":{"type":"Polygon","coordinates":[[[120.293988,22.621933],[120.294067,22.621936],[120.294064,22.621996],[120.294329,22.622007],[120.294331,22.621958],[120.294413,22.621961],[120.294424,22.621747],[120.294348,22.621744],[120.29435,22.621694],[120.294083,22.621682],[120.29408,22.621748],[120.293997,22.621745],[120.293988,22.621933]]]}},{"type":"Feature","id":"w189327605","properties":{"kind":"building","category":"school","name":"綜合大樓","area_m2":1734.7,"centroid":[120.292839,22.621268]},"geometry":{"type":"Polygon","coordinates":[[[120.292386,22.621392],[120.293291,22.621402],[120.293293,22.621264],[120.292974,22.62126],[120.292975,22.621163],[120.292703,22.62116],[120.292701,22.621254],[120.292388,22.62125],[120.292386,22.621392]]]}},{"type":"Feature","id":"w189327607","properties":{"kind":"building","category":"school","name":"東樓","area_m2":762.5,"centroid":[120.293372,22.621285]},"geometry":{"type":"Polygon","coordinates":[[[120.293298,22.621509],[120.293448,22.621508],[120.293446,22.621061],[120.293296,22.621061],[120.293298,22.621509]]]}},{"type":"Feature","id":"w189327609","properties":{"kind":"building","category":"school","name":"西樓","area_m2":701.9,"centroid":[120.292316,22.621282]},"geometry":{"type":"Polygon","coordinates":[[[120.292245,22.621507],[120.292382,22.621508],[120.292387,22.621057],[120.29225,22.621056],[120.292245,22.621507]]]}},{"type":"Feature","id":"w203121999","properties":{"kind":"building","category":"yes","name":"高雄音樂館","area_m2":1830.6,"centroid":[120.286369,22.627428]},"geometry":{"type":"Polygon","coordinates":[[[120.286117,22.627514],[120.286166,22.62753],[120.286145,22.627585],[120.286418,22.627675],[120.286447,22.627598],[120.286526,22.627624],[120.286634,22.627343],[120.286561,22.627319],[120.286575,22.627283],[120.286314,22.627197],[120.286295,22.627247],[120.286228,22.627225],[120.286117,22.627514]]]}},{"type":"Feature","id":"w203122000","properties":{"kind":"building","category":"yes","name":"高雄歷史博物館","area_m2":2546.4,"centroid":[120.286765,22.626938]},"geometry":{"type":"Polygon","coordinates":[[[120.286424,22.626805],[120.286337,22.626996],[120.286463,22.627045],[120.286494,22.626977],[120.28694,22.62715],[120.286907,22.627225],[120.287025,22.627271],[120.287126,22.62705],[120.287052,22.627021],[120.287105,22.626905],[120.286884,22.62682],[120.286914,22.626755],[120.286792,22.626707],[120.286761,22.626775],[120.286537,22.626688],[120.286474,22.626825],[120.286424,22.626805]]]}},{"type":"Feature","id":"w203193285","properties":{"kind":"green","category":"village_green","name":null,"area_m2":26325.6,"centroid":[120.286294,22.626706]},"geometry":{"type":"Polygon","coordinates":[[[120.287548,22.626714],[120.287195,22.626531],[120.286344,22.626161],[120.286146,22.626077],[120.286085,22.62607],[120.286037,22.626085],[120.285471,22.626365],[120.285421,22.626434],[120.286063,22.627671],[120.286117,22.62772],[120.286804,22.627939],[120.287548,22.626714]]]}},{"type":"Feature","id":"w203193558","properties":{"kind":"building","category":"warehouse","name":"棧叁庫","area_m2":4102.3,"centroid":[120.278618,22.618349]},"geometry":{"type":"Polygon","coordinates":[[[120.278099,22.618255],[120.278708,22.617975],[120.278868,22.618263],[120.278767,22.618307],[120.278887,22.618527],[120.278381,22.618767],[120.278099,22.618255]]]}},{"type":"Feature","id":"w203254898","properties":{"kind":"building","category":"retail","name":"鹽埕公有市場","area_m2":3587.5,"centroid":[120.28184,22.626254]},"geometry":{"type":"Polygon","coordinates":[[[120.281846,22.626736],[120.28213,22.626614],[120.282147,22.626541],[120.281789,22.625847],[120.281697,22.625837],[120.281434,22.625949],[120.281846,22.626736]]]}},{"type":"Feature","id":"w203314721","properties":{"kind":"building","category":"warehouse","name":null,"area_m2":1698.6,"centroid":[120.278277,22.620258]},"geometry":{"type":"Polygon","coordinates":[[[120.277901,22.62032],[120.278006,22.620497],[120.278652,22.620203],[120.27855,22.620014],[120.277901,22.62032]]]}},{"type":"Feature","id":"w203314724","properties":{"kind":"building","category":"warehouse","name":null,"area_m2":1423.4,"centroid":[120.278176,22.620078]},"geometry":{"type":"Polygon","coordinates":[[[120.277901,22.620307],[120.278534,22.620007],[120.278452,22.61985],[120.277818,22.620146],[120.277901,22.620307]]]}},{"type":"Feature","id":"w203315630","properties":{"kind":"building","category":"warehouse","name":"in89駁二電影院","area_m2":544.1,"centroid":[120.281477,22.620742]},"geometry":{"type":"Polygon","coordinates":[[[120.281453,22.620895],[120.281621,22.620822],[120.281501,22.620589],[120.281333,22.620662],[120.281453,22.620895]]]}},{"type":"Feature","id":"w203315631","properties":{"kind":"building","category":"warehouse","name":null,"area_m2":1031.3,"centroid":[120.281017,22.620702]},"geometry":{"type":"Polygon","coordinates":[[[120.280925,22.62089],[120.281235,22.620751],[120.281109,22.620514],[120.2808,22.620653],[120.280925,22.62089]]]}},{"type":"Feature","id":"w203315632","properties":{"kind":"building","category":"warehouse","name":null,"area_m2":1217.5,"centroid":[120.282601,22.618962]},"geometry":{"type":"Polygon","coordinates":[[[120.282273,22.619022],[120.282355,22.619171],[120.282928,22.618901],[120.282846,22.618753],[120.282273,22.619022]]]}},{"type":"Feature","id":"w203315633","properties":{"kind":"building","category":"warehouse","name":"明東倉庫商店","area_m2":1429.6,"centroid":[120.282934,22.619375]},"geometry":{"type":"Polygon","coordinates":[[[120.282645,22.61937],[120.282763,22.61959],[120.283223,22.619381],[120.283105,22.619161],[120.282645,22.61937]]]}},{"type":"Feature","id":"w203315634","properties":{"kind":"building","category":"warehouse","name":"帕莎蒂娜駁二倉庫餐廳","area_m2":540.6,"centroid":[120.281882,22.620566]},"geometry":{"type":"Polygon","coordinates":[[[120.281863,22.62072],[120.282026,22.620645],[120.2819,22.620411],[120.281737,22.620486],[120.281863,22.62072]]]}},{"type":"Feature","id":"w203315635","properties":{"kind":"building","category":"warehouse","name":"誠品書局駁二店","area_m2":1274.0,"centroid":[120.281547,22.620409]},"geometry":{"type":"Polygon","coordinates":[[[120.281307,22.620617],[120.281222,22.620457],[120.281787,22.620201],[120.281872,22.620361],[120.281307,22.620617]]]}},{"type":"Feature","id":"w203315637","properties":{"kind":"building","category":"warehouse","name":"Live Warehouse","area_m2":1674.8,"centroid":[120.285896,22.618351]},"geometry":{"type":"Polygon","coordinates":[[[120.285994,22.618734],[120.286166,22.618655],[120.285798,22.617969],[120.285625,22.618048],[120.285994,22.618734]]]}},{"type":"Feature","id":"w203315638","properties":{"kind":"building","category":"warehouse","name":"Sunny Hills Lab","area_m2":662.6,"centroid":[120.286039,22.618029]},"geometry":{"type":"Polygon","coordinates":[[[120.286095,22.618306],[120.286246,22.618233],[120.286098,22.617973],[120.286055,22.617993],[120.286008,22.617911],[120.285971,22.617889],[120.285963,22.617928],[120.285979,22.618003],[120.285934,22.618025],[120.286095,22.618306]]]}},{"type":"Feature","id":"w203315639","properties":{"kind":"building","category":"warehouse","name":null,"area_m2":844.5,"centroid":[120.285524,22.618733]},"geometry":{"type":"Polygon","coordinates":[[[120.285529,22.618948],[120.2857,22.618873],[120.285518,22.618518],[120.285347,22.618592],[120.285529,22.618948]]]}},{"type":"Feature","id":"w203315640","properties":{"kind":"building","category":"warehouse","name":null,"area_m2":792.1,"centroid":[120.27884,22.620655]},"geometry":{"type":"Polygon","coordinates":[[[120.27884,22.620854],[120.279015,22.62077],[120.278839,22.620456],[120.278664,22.620539],[120.27884,22.620854]]]}},{"type":"Feature","id":"w203315643","properties":{"kind":"building","category":"warehouse","name":null,"area_m2":811.7,"centroid":[120.285759,22.618608]},"geometry":{"type":"Polygon","coordinates":[[[120.285766,22.618817],[120.285934,22.618741],[120.285752,22.618398],[120.285584,22.618475],[120.285766,22.618817]]]}},{"type":"Feature","id":"w203315645","properties":{"kind":"building","category":"warehouse","name":"in89駁二電影院","area_m2":544.3,"centroid":[120.281678,22.620654]},"geometry":{"type":"Polygon","coordinates":[[[120.281656,22.620807],[120.281823,22.620733],[120.281701,22.6205],[120.281534,22.620575],[120.281656,22.620807]]]}},{"type":"Feature","id":"w203315646","properties":{"kind":"building","category":"warehouse","name":null,"area_m2":853.1,"centroid":[120.281151,22.620963]},"geometry":{"type":"Polygon","coordinates":[[[120.28105,22.621131],[120.281359,22.620988],[120.281253,22.620794],[120.280944,22.620937],[120.28105,22.621131]]]}},{"type":"Feature","id":"w203315647","properties":{"kind":"building","category":"warehouse","name":null,"area_m2":1368.2,"centroid":[120.281941,22.619268]},"geometry":{"type":"Polygon","coordinates":[[[120.281696,22.619482],[120.281604,22.619322],[120.282183,22.61905],[120.28228,22.619217],[120.281696,22.619482]]]}},{"type":"Feature","id":"w203315649","properties":{"kind":"building","category":"warehouse","name":null,"area_m2":795.6,"centroid":[120.285066,22.618949]},"geometry":{"type":"Polygon","coordinates":[[[120.285069,22.619155],[120.285238,22.61908],[120.285064,22.618744],[120.284894,22.618819],[120.285069,22.619155]]]}},{"type":"Feature","id":"w203315650","properties":{"kind":"building","category":"warehouse","name":null,"area_m2":851.5,"centroid":[120.285286,22.618831]},"geometry":{"type":"Polygon","coordinates":[[[120.285301,22.61905],[120.285467,22.618972],[120.28527,22.618613],[120.285104,22.618691],[120.285301,22.61905]]]}},{"type":"Feature","id":"w203315651","properties":{"kind":"building","category":"yes","name":"高雄武德殿","area_m2":364.1,"centroid":[120.272385,22.6246]},"geometry":{"type":"Polygon","coordinates":[[[120.272267,22.62464],[120.272338,22.624744],[120.272547,22.624622],[120.272476,22.624518],[120.272399,22.624564],[120.272384,22.624541],[120.272328,22.624574],[120.272343,22.624596],[120.272267,22.62464]]]}},{"type":"Feature","id":"w203315908","properties":{"kind":"green","category":"park","name":null,"area_m2":27792.4,"centroid":[120.288762,22.629285]},"geometry":{"type":"Polygon","coordinates":[[[120.288218,22.628401],[120.289866,22.628933],[120.289469,22.630077],[120.28926,22.630167],[120.287621,22.629608],[120.28814,22.628521],[120.288218,22.628401]]]}},{"type":"Feature","id":"w203316036","properties":{"kind":"green","category":"park","name":null,"area_m2":7972.0,"centroid":[120.285719,22.634048]},"geometry":{"type":"Polygon","coordinates":[[[120.286143,22.632163],[120.286266,22.632278],[120.286233,22.632354],[120.286129,22.632635],[120.285886,22.633437],[120.285613,22.634269],[120.28557,22.63427],[120.285534,22.634434],[120.285431,22.63573],[120.285382,22.636793],[120.285234,22.6368],[120.285265,22.636247],[120.285348,22.634946],[120.285562,22.633875],[120.285794,22.6331],[120.285889,22.632862],[120.285937,22.632618],[120.286143,22.632163]]]}},{"type":"Feature","id":"w203342093","properties":{"kind":"building","category":"yes","name":"財政部關務署高雄關","area_m2":2787.7,"centroid":[120.275064,22.619806]},"geometry":{"type":"Polygon","coordinates":[[[120.274782,22.62007],[120.274898,22.620146],[120.275241,22.620139],[120.275241,22.619996],[120.274997,22.619992],[120.274972,22.61956],[120.275338,22.619552],[120.275339,22.619397],[120.274764,22.619404],[120.274782,22.62007]]]}},{"type":"Feature","id":"w203342621","properties":{"kind":"building","category":"transportation","name":"舊打狗驛故事館","area_m2":334.8,"centroid":[120.275561,22.621732]},"geometry":{"type":"Polygon","coordinates":[[[120.275583,22.621898],[120.275667,22.621868],[120.275541,22.621566],[120.275455,22.621596],[120.275583,22.621898]]]}},{"type":"Feature","id":"w203577798","properties":{"kind":"building","category":"temple","name":"哈瑪星代天宮","area_m2":670.3,"centroid":[120.271018,22.622614]},"geometry":{"type":"Polygon","coordinates":[[[120.271041,22.622404],[120.270907,22.622586],[120.270952,22.622616],[120.270905,22.622686],[120.270977,22.622734],[120.271034,22.622669],[120.271083,22.622701],[120.271242,22.622519],[120.271041,22.622404]]]}},{"type":"Feature","id":"w203577801","properties":{"kind":"building","category":"yes","name":"臺灣港務公司高雄港分公司","area_m2":613.2,"centroid":[120.269861,22.624444]},"geometry":{"type":"Polygon","coordinates":[[[120.269787,22.624598],[120.270038,22.624442],[120.269935,22.624293],[120.269684,22.624442],[120.269787,22.624598]]]}},{"type":"Feature","id":"w203577805","properties":{"kind":"building","category":"transportation","name":"澎湖輪旅客中心","area_m2":1584.3,"centroid":[120.275182,22.619039]},"geometry":{"type":"Polygon","coordinates":[[[120.274853,22.619181],[120.275458,22.619177],[120.275457,22.619045],[120.275237,22.619046],[120.275236,22.618892],[120.274851,22.618894],[120.274853,22.619181]]]}},{"type":"Feature","id":"w203577806","properties":{"kind":"building","category":"yes","name":"高雄港旅運大樓","area_m2":935.5,"centroid":[120.274347,22.619649]},"geometry":{"type":"Polygon","coordinates":[[[120.274212,22.619402],[120.274217,22.619694],[120.27431,22.619692],[120.274311,22.619727],[120.274398,22.619726],[120.274399,22.619778],[120.274469,22.619777],[120.274463,22.619398],[120.274212,22.619402]]]}},{"type":"Feature","id":"w203577807","properties":{"kind":"building","category":"yes","name":"鼓山第一公有零售市場","area_m2":2130.0,"centroid":[120.272895,22.623478]},"geometry":{"type":"Polygon","coordinates":[[[120.272856,22.623776],[120.273194,22.623597],[120.272934,22.62318],[120.272596,22.623358],[120.272856,22.623776]]]}},{"type":"Feature","id":"w203578255","properties":{"kind":"building","category":"yes","name":null,"area_m2":688.9,"centroid":[120.275351,22.622442]},"geometry":{"type":"Polygon","coordinates":[[[120.27536,22.622261],[120.275514,22.622543],[120.275342,22.622623],[120.275189,22.62234],[120.27536,22.622261]]]}},{"type":"Feature","id":"w205060859","properties":{"kind":"building","category":"yes","name":"打狗英國領事館官邸","area_m2":287.9,"centroid":[120.267003,22.618788]},"geometry":{"type":"Polygon","coordinates":[[[120.266976,22.618929],[120.267055,22.618893],[120.267003,22.618795],[120.267084,22.618758],[120.267042,22.618679],[120.266978,22.618708],[120.266882,22.618752],[120.266976,22.618929]]]}},{"type":"Feature","id":"w205060860","properties":{"kind":"building","category":"yes","name":"十八王公廟","area_m2":534.9,"centroid":[120.267061,22.619247]},"geometry":{"type":"Polygon","coordinates":[[[120.266946,22.61935],[120.26718,22.619346],[120.267174,22.619143],[120.266942,22.619149],[120.266946,22.61935]]]}},{"type":"Feature","id":"w205060861","properties":{"kind":"green","category":"park","name":"哨船頭公園","area_m2":5407.7,"centroid":[120.269245,22.618283]},"geometry":{"type":"Polygon","coordinates":[[[120.269022,22.617947],[120.268901,22.617958],[120.268842,22.618012],[120.268801,22.618496],[120.269153,22.618996],[120.269275,22.618982],[120.269277,22.618412],[120.269577,22.618425],[120.269627,22.618381],[120.269636,22.618162],[120.269625,22.618112],[120.269342,22.618119],[120.269274,22.618143],[120.26915,22.618073],[120.269173,22.61802],[120.269022,22.617947]]]}},{"type":"Feature","id":"w205060863","properties":{"kind":"building","category":"office","name":"高雄港港史館","area_m2":381.8,"centroid":[120.279382,22.618253]},"geometry":{"type":"Polygon","coordinates":[[[120.279256,22.618211],[120.279336,22.61837],[120.279508,22.618298],[120.279428,22.618135],[120.279256,22.618211]]]}},{"type":"Feature","id":"w205060865","properties":{"kind":"building","category":"transportation","name":"鼓山輪渡站","area_m2":220.7,"centroid":[120.270017,22.619882]},"geometry":{"type":"Polygon","coordinates":[[[120.270048,22.619696],[120.270046,22.619736],[120.270032,22.620056],[120.270004,22.620055],[120.269978,22.620054],[120.269994,22.619694],[120.270048,22.619696]]]}},{"type":"Feature","id":"w205060866","properties":{"kind":"building","category":"yes","name":"高雄港務警察總隊","area_m2":1016.5,"centroid":[120.278735,22.619124]},"geometry":{"type":"Polygon","coordinates":[[[120.278552,22.619109],[120.278541,22.619139],[120.278634,22.619302],[120.279029,22.619125],[120.278921,22.618946],[120.278552,22.619109]]]}},{"type":"Feature","id":"w205060867","properties":{"kind":"building","category":"yes","name":"三號碼頭中隊","area_m2":728.6,"centroid":[120.278913,22.619566]},"geometry":{"type":"Polygon","coordinates":[[[120.278895,22.619774],[120.279076,22.619689],[120.279007,22.619554],[120.278947,22.619578],[120.27884,22.619371],[120.27871,22.619432],[120.278895,22.619774]]]}},{"type":"Feature","id":"w205060868","properties":{"kind":"building","category":"hotel","name":"碧港良居","area_m2":466.0,"centroid":[120.268657,22.618104]},"geometry":{"type":"Polygon","coordinates":[[[120.268582,22.618126],[120.26865,22.618285],[120.268705,22.618273],[120.268715,22.618169],[120.268732,22.61799],[120.268707,22.617946],[120.268627,22.617941],[120.268541,22.618102],[120.268582,22.618126]]]}},{"type":"Feature","id":"w205060869","properties":{"kind":"building","category":"yes","name":"海岸巡防署南區海巡隊","area_m2":1195.5,"centroid":[120.279261,22.620283]},"geometry":{"type":"Polygon","coordinates":[[[120.279256,22.62052],[120.279473,22.620426],[120.279271,22.620038],[120.279045,22.620146],[120.279256,22.62052]]]}},{"type":"Feature","id":"w205060871","properties":{"kind":"building","category":"yes","name":"臺灣港務公司 高雄分公司 維護管理處","area_m2":1629.4,"centroid":[120.280028,22.61893]},"geometry":{"type":"Polygon","coordinates":[[[120.280213,22.6187],[120.280359,22.618634],[120.280486,22.618876],[120.279652,22.619249],[120.279576,22.619104],[120.279816,22.618997],[120.279838,22.619039],[120.280286,22.618838],[120.280213,22.6187]]]}},{"type":"Feature","id":"w205060872","properties":{"kind":"building","category":"yes","name":"高雄港分公司第三辦公廳","area_m2":1597.0,"centroid":[120.279935,22.618551]},"geometry":{"type":"Polygon","coordinates":[[[120.279673,22.618783],[120.280288,22.618505],[120.280198,22.618314],[120.279581,22.618601],[120.279673,22.618783]]]}},{"type":"Feature","id":"w205060873","properties":{"kind":"building","category":"yes","name":"臺灣港務公司 高雄分公司 第二辦公廳","area_m2":615.8,"centroid":[120.279475,22.618771]},"geometry":{"type":"Polygon","coordinates":[[[120.279298,22.618746],[120.279381,22.618911],[120.279651,22.618797],[120.279569,22.618631],[120.279298,22.618746]]]}},{"type":"Feature","id":"w207582358","properties":{"kind":"building","category":"yes","name":null,"area_m2":671.0,"centroid":[120.278469,22.627317]},"geometry":{"type":"Polygon","coordinates":[[[120.278542,22.627156],[120.278658,22.627303],[120.278395,22.627479],[120.278279,22.627332],[120.278542,22.627156]]]}},{"type":"Feature","id":"w207582359","properties":{"kind":"building","category":"office","name":"駁二共創2號基地","area_m2":1729.7,"centroid":[120.280326,22.621243]},"geometry":{"type":"Polygon","coordinates":[[[120.280253,22.621495],[120.280024,22.621079],[120.280317,22.620942],[120.280527,22.621324],[120.280508,22.621375],[120.280253,22.621495]]]}},{"type":"Feature","id":"w207582361","properties":{"kind":"building","category":"yes","name":"鼓山分局(暫遷)","area_m2":692.4,"centroid":[120.278074,22.626786]},"geometry":{"type":"Polygon","coordinates":[[[120.278081,22.626953],[120.278271,22.626833],[120.278196,22.626732],[120.278094,22.626595],[120.277902,22.626716],[120.277972,22.626811],[120.278052,22.62676],[120.27809,22.626811],[120.278012,22.62686],[120.278081,22.626953]]]}},{"type":"Feature","id":"w207582362","properties":{"kind":"building","category":"yes","name":null,"area_m2":547.5,"centroid":[120.27828,22.6271]},"geometry":{"type":"Polygon","coordinates":[[[120.278088,22.627047],[120.278275,22.627289],[120.278394,22.627211],[120.278325,22.627122],[120.278372,22.627091],[120.278317,22.627019],[120.278267,22.627052],[120.278204,22.62697],[120.278088,22.627047]]]}},{"type":"Feature","id":"w207582366","properties":{"kind":"building","category":"temple","name":"三清歷史文化院","area_m2":2251.4,"centroid":[120.277562,22.632355]},"geometry":{"type":"Polygon","coordinates":[[[120.27755,22.632684],[120.277735,22.632556],[120.277813,22.632448],[120.277789,22.632423],[120.277448,22.632066],[120.277432,22.63205],[120.277169,22.632261],[120.27755,22.632684]]]}},{"type":"Feature","id":"w208448680","properties":{"kind":"building","category":"school","name":"綜合大樓","area_m2":1186.2,"centroid":[120.298458,22.639068]},"geometry":{"type":"Polygon","coordinates":[[[120.298367,22.639429],[120.298333,22.639152],[120.298436,22.639145],[120.298432,22.639095],[120.298424,22.638991],[120.298383,22.638989],[120.298383,22.638903],[120.298417,22.638903],[120.298411,22.638861],[120.298574,22.638859],[120.298597,22.63905],[120.298544,22.639056],[120.298546,22.63909],[120.298569,22.639425],[120.298367,22.639429]]]}},{"type":"Feature","id":"w208448681","properties":{"kind":"building","category":"school","name":"藝能館","area_m2":1433.5,"centroid":[120.296665,22.639367]},"geometry":{"type":"Polygon","coordinates":[[[120.296617,22.639718],[120.296617,22.639669],[120.29656,22.639672],[120.296526,22.639252],[120.296594,22.639248],[120.296594,22.639199],[120.296674,22.639199],[120.296662,22.638972],[120.296803,22.638968],[120.296826,22.639319],[120.296712,22.639326],[120.296723,22.639445],[120.296691,22.639445],[120.296717,22.639713],[120.296617,22.639718]]]}},{"type":"Feature","id":"w208448682","properties":{"kind":"building","category":"school","name":"科學館","area_m2":1213.7,"centroid":[120.297087,22.638671]},"geometry":{"type":"Polygon","coordinates":[[[120.296888,22.638819],[120.296885,22.638683],[120.296953,22.638679],[120.296941,22.638395],[120.297128,22.638385],[120.297143,22.638504],[120.297082,22.638514],[120.297082,22.638676],[120.297101,22.638711],[120.297146,22.638725],[120.297187,22.638717],[120.297179,22.638682],[120.297276,22.638682],[120.297265,22.638873],[120.297077,22.638895],[120.297061,22.638803],[120.296888,22.638819]]]}},{"type":"Feature","id":"w208448683","properties":{"kind":"building","category":"school","name":"第二棟","area_m2":886.6,"centroid":[120.297958,22.63872]},"geometry":{"type":"Polygon","coordinates":[[[120.298309,22.638652],[120.29831,22.638701],[120.297672,22.638738],[120.297669,22.638696],[120.297642,22.638696],[120.297583,22.638697],[120.297508,22.638701],[120.297512,22.63876],[120.297514,22.638808],[120.297648,22.638803],[120.298373,22.638778],[120.298423,22.638776],[120.298424,22.638715],[120.298425,22.63864],[120.298364,22.638646],[120.298309,22.638652]]]}},{"type":"Feature","id":"w208448684","properties":{"kind":"building","category":"school","name":"第七棟","area_m2":1354.7,"centroid":[120.297241,22.639648]},"geometry":{"type":"Polygon","coordinates":[[[120.296772,22.639739],[120.297714,22.639683],[120.29771,22.63956],[120.296769,22.639609],[120.296772,22.639739]]]}},{"type":"Feature","id":"w208448685","properties":{"kind":"building","category":"school","name":"第四棟","area_m2":1002.7,"centroid":[120.29792,22.639306]},"geometry":{"type":"Polygon","coordinates":[[[120.297659,22.639429],[120.298292,22.639394],[120.298282,22.63923],[120.298034,22.639249],[120.298034,22.639285],[120.297702,22.639306],[120.297701,22.639274],[120.297655,22.639278],[120.297659,22.639429]]]}},{"type":"Feature","id":"w208448686","properties":{"kind":"building","category":"school","name":"第六棟","area_m2":1033.6,"centroid":[120.297179,22.639419]},"geometry":{"type":"Polygon","coordinates":[[[120.296765,22.639494],[120.297593,22.639453],[120.297591,22.639345],[120.296765,22.639382],[120.296765,22.639494]]]}},{"type":"Feature","id":"w208448687","properties":{"kind":"building","category":"school","name":"第三棟","area_m2":916.6,"centroid":[120.297979,22.639064]},"geometry":{"type":"Polygon","coordinates":[[[120.297648,22.639145],[120.298322,22.639103],[120.29831,22.638984],[120.297636,22.639026],[120.297648,22.639145]]]}},{"type":"Feature","id":"w214028075","properties":{"kind":"building","category":"retail","name":"SOGO百貨","area_m2":3410.8,"centroid":[120.30636,22.614219]},"geometry":{"type":"Polygon","coordinates":[[[120.30588,22.61402],[120.305792,22.614261],[120.306525,22.614504],[120.306568,22.614411],[120.306545,22.614234],[120.306615,22.614261],[120.306674,22.614099],[120.306282,22.613961],[120.30588,22.61402]]]}},{"type":"Feature","id":"w214028155","properties":{"kind":"building","category":"commercial","name":"中央廣場","area_m2":2210.2,"centroid":[120.305167,22.61332]},"geometry":{"type":"Polygon","coordinates":[[[120.305045,22.613039],[120.305255,22.613098],[120.305373,22.613201],[120.305495,22.61342],[120.305075,22.613604],[120.305038,22.61346],[120.304889,22.61342],[120.305045,22.613039]]]}},{"type":"Feature","id":"w214524876","properties":{"kind":"building","category":"transportation","name":"祈禱","area_m2":582.1,"centroid":[120.302326,22.631702]},"geometry":{"type":"Polygon","coordinates":[[[120.302131,22.631599],[120.302246,22.631862],[120.302341,22.6318],[120.302395,22.631726],[120.302419,22.631648],[120.302423,22.631578],[120.302131,22.631599]]]}},{"type":"Feature","id":"w214524877","properties":{"kind":"building","category":"transportation","name":"祈禱","area_m2":581.2,"centroid":[120.301528,22.631061]},"geometry":{"type":"Polygon","coordinates":[[[120.301669,22.631222],[120.301664,22.630938],[120.301552,22.630964],[120.301473,22.631016],[120.30142,22.63108],[120.301388,22.631144],[120.301669,22.631222]]]}},{"type":"Feature","id":"w214524878","properties":{"kind":"building","category":"transportation","name":"祈禱","area_m2":580.9,"centroid":[120.301495,22.631643]},"geometry":{"type":"Polygon","coordinates":[[[120.301707,22.631577],[120.301417,22.631483],[120.301405,22.631589],[120.30143,22.631676],[120.301477,22.631743],[120.301532,22.631793],[120.301707,22.631577]]]}},{"type":"Feature","id":"w214524879","properties":{"kind":"building","category":"transportation","name":"祈禱","area_m2":582.8,"centroid":[120.302246,22.63107]},"geometry":{"type":"Polygon","coordinates":[[[120.302082,22.631212],[120.302389,22.631186],[120.302352,22.631085],[120.30229,22.631016],[120.302216,22.630972],[120.302144,22.630948],[120.302082,22.631212]]]}},{"type":"Feature","id":"w214524891","properties":{"kind":"building","category":"apartments","name":"馨馥華","area_m2":773.9,"centroid":[120.300428,22.627753]},"geometry":{"type":"Polygon","coordinates":[[[120.300361,22.627634],[120.300248,22.627943],[120.300494,22.628029],[120.30056,22.627869],[120.300428,22.627823],[120.300489,22.627675],[120.300457,22.627664],[120.300448,22.627633],[120.300411,22.627618],[120.300382,22.627638],[120.300361,22.627634]]]}},{"type":"Feature","id":"w214524895","properties":{"kind":"green","category":"park","name":"忠孝公園","area_m2":8438.3,"centroid":[120.306402,22.626846]},"geometry":{"type":"Polygon","coordinates":[[[120.305867,22.627083],[120.305945,22.627144],[120.306859,22.627215],[120.306941,22.627178],[120.306979,22.626921],[120.306982,22.626751],[120.306928,22.626687],[120.305891,22.626357],[120.305821,22.626415],[120.305811,22.626714],[120.305867,22.627083]]]}},{"type":"Feature","id":"w215078062","properties":{"kind":"building","category":"apartments","name":"國硯","area_m2":1083.8,"centroid":[120.293486,22.619095]},"geometry":{"type":"Polygon","coordinates":[[[120.293389,22.618971],[120.293351,22.618974],[120.293326,22.618991],[120.293312,22.619029],[120.293312,22.619062],[120.293335,22.619097],[120.293534,22.619162],[120.293524,22.619207],[120.29386,22.619311],[120.293919,22.619151],[120.293389,22.618971]]]}},{"type":"Feature","id":"w215078063","properties":{"kind":"building","category":"apartments","name":"國硯","area_m2":1364.0,"centroid":[120.294495,22.619438]},"geometry":{"type":"Polygon","coordinates":[[[120.294003,22.619184],[120.293947,22.619342],[120.294528,22.619536],[120.294581,22.619549],[120.294624,22.619544],[120.294666,22.619522],[120.294681,22.619483],[120.29468,22.61944],[120.294653,22.619404],[120.294584,22.619379],[120.294003,22.619184]]]}},{"type":"Feature","id":"w215078064","properties":{"kind":"building","category":"hotel","name":"高雄國軍英雄館","area_m2":2398.3,"centroid":[120.292981,22.620387]},"geometry":{"type":"Polygon","coordinates":[[[120.292447,22.620493],[120.292691,22.620515],[120.292825,22.620386],[120.292997,22.620397],[120.293134,22.620511],[120.293418,22.620513],[120.293449,22.620455],[120.293376,22.6203],[120.293161,22.6202],[120.292629,22.620194],[120.292661,22.62029],[120.292447,22.620493]]]}},{"type":"Feature","id":"w215078065","properties":{"kind":"green","category":"village_green","name":null,"area_m2":381.9,"centroid":[120.298243,22.622449]},"geometry":{"type":"Polygon","coordinates":[[[120.298154,22.622315],[120.298289,22.622355],[120.298295,22.622391],[120.298308,22.622426],[120.298337,22.622458],[120.298289,22.622622],[120.29823,22.622575],[120.298207,22.62254],[120.298168,22.622444],[120.298149,22.622363],[120.298154,22.622315]]]}},{"type":"Feature","id":"w215078066","properties":{"kind":"green","category":"village_green","name":null,"area_m2":443.2,"centroid":[120.29894,22.622127]},"geometry":{"type":"Polygon","coordinates":[[[120.299039,22.622286],[120.298895,22.622238],[120.298883,22.622194],[120.298863,22.622152],[120.298834,22.622113],[120.298888,22.621963],[120.298926,22.621989],[120.298953,22.622018],[120.298984,22.622058],[120.299027,22.622153],[120.299049,22.622234],[120.299039,22.622286]]]}},{"type":"Feature","id":"w215078067","properties":{"kind":"green","category":"village_green","name":null,"area_m2":495.8,"centroid":[120.298424,22.621968]},"geometry":{"type":"Polygon","coordinates":[[[120.298574,22.62187],[120.298518,22.622032],[120.29847,22.622034],[120.298421,22.622054],[120.298393,22.62208],[120.29823,22.622017],[120.298265,22.621956],[120.298368,22.621903],[120.298475,22.621874],[120.298528,22.621861],[120.298574,22.62187]]]}},{"type":"Feature","id":"w215078068","properties":{"kind":"green","category":"village_green","name":null,"area_m2":436.7,"centroid":[120.298758,22.622623]},"geometry":{"type":"Polygon","coordinates":[[[120.298614,22.622718],[120.298669,22.622575],[120.298716,22.622531],[120.298772,22.622515],[120.298936,22.622584],[120.298869,22.622648],[120.298787,22.622695],[120.298702,22.622716],[120.298614,22.622718]]]}},{"type":"Feature","id":"w215078070","properties":{"kind":"green","category":"park","name":null,"area_m2":1615.1,"centroid":[120.292938,22.613192]},"geometry":{"type":"Polygon","coordinates":[[[120.292568,22.613277],[120.292669,22.613453],[120.293392,22.613114],[120.293301,22.612973],[120.292934,22.613144],[120.292765,22.61319],[120.292568,22.613277]]]}},{"type":"Feature","id":"w215078073","properties":{"kind":"green","category":"park","name":null,"area_m2":3556.5,"centroid":[120.291994,22.613254]},"geometry":{"type":"Polygon","coordinates":[[[120.291864,22.613725],[120.292431,22.613459],[120.292081,22.612754],[120.291963,22.612877],[120.291897,22.613131],[120.291865,22.613319],[120.29186,22.61351],[120.291864,22.613725]]]}},{"type":"Feature","id":"w215078074","properties":{"kind":"green","category":"park","name":null,"area_m2":7500.6,"centroid":[120.295345,22.612335]},"geometry":{"type":"Polygon","coordinates":[[[120.293592,22.612784],[120.293685,22.612955],[120.295627,22.612136],[120.296279,22.612363],[120.296323,22.612215],[120.296047,22.612128],[120.295861,22.611761],[120.293592,22.612784]]]}},{"type":"Feature","id":"w215078076","properties":{"kind":"building","category":"apartments","name":null,"area_m2":1177.1,"centroid":[120.296713,22.612452]},"geometry":{"type":"Polygon","coordinates":[[[120.296567,22.61227],[120.296477,22.612513],[120.296859,22.612633],[120.296949,22.61239],[120.296567,22.61227]]]}},{"type":"Feature","id":"w215078077","properties":{"kind":"building","category":"cathedral","name":"玫瑰聖母聖殿主教座堂（前金天主堂）","area_m2":571.6,"centroid":[120.291643,22.620213]},"geometry":{"type":"Polygon","coordinates":[[[120.291624,22.620033],[120.291517,22.620352],[120.291661,22.620393],[120.291768,22.620074],[120.291624,22.620033]]]}},{"type":"Feature","id":"w215078078","properties":{"kind":"building","category":"commercial","name":"台灣領袖企業大樓","area_m2":1366.1,"centroid":[120.293455,22.616485]},"geometry":{"type":"Polygon","coordinates":[[[120.293221,22.616381],[120.293413,22.616723],[120.29369,22.61659],[120.293498,22.616248],[120.293221,22.616381]]]}},{"type":"Feature","id":"w215078079","properties":{"kind":"building","category":"commercial","name":"台灣領航大樓","area_m2":1365.5,"centroid":[120.293113,22.615833]},"geometry":{"type":"Polygon","coordinates":[[[120.292878,22.615728],[120.293071,22.61607],[120.293348,22.615938],[120.293155,22.615596],[120.292878,22.615728]]]}},{"type":"Feature","id":"w215082658","properties":{"kind":"building","category":"yes","name":"三塊厝車站","area_m2":155.8,"centroid":[120.293737,22.638867]},"geometry":{"type":"Polygon","coordinates":[[[120.293646,22.638873],[120.293786,22.638938],[120.293829,22.63886],[120.293688,22.638795],[120.293646,22.638873]]]}},{"type":"Feature","id":"w215082663","properties":{"kind":"building","category":"temple","name":"三鳳宮","area_m2":2085.9,"centroid":[120.294129,22.636046]},"geometry":{"type":"Polygon","coordinates":[[[120.293807,22.636264],[120.29418,22.636385],[120.294322,22.635997],[120.294215,22.635959],[120.29425,22.635874],[120.293998,22.635795],[120.293807,22.636264]]]}},{"type":"Feature","id":"w215082766","properties":{"kind":"green","category":"park","name":"東金公園","area_m2":6301.2,"centroid":[120.293599,22.631371]},"geometry":{"type":"Polygon","coordinates":[[[120.293228,22.630956],[120.29303,22.63148],[120.293966,22.631786],[120.294173,22.631262],[120.293228,22.630956]]]}},{"type":"Feature","id":"w215087746","properties":{"kind":"building","category":"office","name":null,"area_m2":919.9,"centroid":[120.284581,22.624494]},"geometry":{"type":"Polygon","coordinates":[[[120.284519,22.624679],[120.284781,22.624551],[120.284643,22.62431],[120.28438,22.624438],[120.284519,22.624679]]]}},{"type":"Feature","id":"w217313472","properties":{"kind":"building","category":"yes","name":"ROLEX","area_m2":550.1,"centroid":[120.284528,22.625361]},"geometry":{"type":"Polygon","coordinates":[[[120.284343,22.625249],[120.284477,22.625493],[120.284573,22.625451],[120.284595,22.625425],[120.284604,22.625385],[120.284604,22.625357],[120.284503,22.625168],[120.284343,22.625249]]]}},{"type":"Feature","id":"w217313474","properties":{"kind":"building","category":"yes","name":"翰品酒店","area_m2":1596.8,"centroid":[120.285647,22.624691]},"geometry":{"type":"Polygon","coordinates":[[[120.285361,22.624658],[120.285541,22.62498],[120.285905,22.624815],[120.285769,22.624561],[120.285674,22.624605],[120.285635,22.624528],[120.285361,22.624658]]]}},{"type":"Feature","id":"w217313475","properties":{"kind":"building","category":"yes","name":null,"area_m2":445.4,"centroid":[120.284246,22.625844]},"geometry":{"type":"Polygon","coordinates":[[[120.284106,22.625805],[120.284198,22.625971],[120.284385,22.625883],[120.284295,22.625717],[120.284106,22.625805]]]}},{"type":"Feature","id":"w217313476","properties":{"kind":"building","category":"yes","name":"彰化商業銀行","area_m2":553.0,"centroid":[120.284002,22.624432]},"geometry":{"type":"Polygon","coordinates":[[[120.283824,22.624251],[120.283973,22.624524],[120.283997,22.624513],[120.284015,22.624544],[120.284084,22.624512],[120.284061,22.62447],[120.284103,22.62445],[120.28396,22.624188],[120.283824,22.624251]]]}},{"type":"Feature","id":"w217313477","properties":{"kind":"building","category":"yes","name":"臺灣土地銀行","area_m2":1139.0,"centroid":[120.284831,22.626131]},"geometry":{"type":"Polygon","coordinates":[[[120.284913,22.625929],[120.285055,22.626191],[120.28475,22.626333],[120.284607,22.626071],[120.284913,22.625929]]]}},{"type":"Feature","id":"w217313478","properties":{"kind":"building","category":"yes","name":"鮪魚家族飯店鹽埕館","area_m2":276.9,"centroid":[120.285388,22.62453]},"geometry":{"type":"Polygon","coordinates":[[[120.285264,22.624485],[120.28534,22.624622],[120.285449,22.62457],[120.285481,22.624554],[120.285404,22.624418],[120.285264,22.624485]]]}},{"type":"Feature","id":"w217313479","properties":{"kind":"building","category":"yes","name":"元大商業銀行","area_m2":309.0,"centroid":[120.284413,22.625765]},"geometry":{"type":"Polygon","coordinates":[[[120.284303,22.625709],[120.284398,22.625881],[120.284524,22.625821],[120.284428,22.62565],[120.284303,22.625709]]]}},{"type":"Feature","id":"w217313480","properties":{"kind":"building","category":"yes","name":null,"area_m2":533.9,"centroid":[120.285321,22.624928]},"geometry":{"type":"Polygon","coordinates":[[[120.28531,22.625086],[120.285464,22.625014],[120.285331,22.62477],[120.285178,22.624841],[120.28531,22.625086]]]}},{"type":"Feature","id":"w217313481","properties":{"kind":"building","category":"yes","name":null,"area_m2":925.0,"centroid":[120.283571,22.6238]},"geometry":{"type":"Polygon","coordinates":[[[120.283354,22.623777],[120.283475,22.624002],[120.283764,22.623878],[120.283664,22.623685],[120.283598,22.62366],[120.283354,22.623777]]]}},{"type":"Feature","id":"w217313482","properties":{"kind":"building","category":"yes","name":null,"area_m2":435.8,"centroid":[120.282954,22.626129]},"geometry":{"type":"Polygon","coordinates":[[[120.282788,22.626135],[120.282849,22.626248],[120.283121,22.626123],[120.283059,22.62601],[120.282788,22.626135]]]}},{"type":"Feature","id":"w217313483","properties":{"kind":"building","category":"yes","name":null,"area_m2":401.9,"centroid":[120.284907,22.625211]},"geometry":{"type":"Polygon","coordinates":[[[120.28478,22.625139],[120.284852,22.625272],[120.284886,22.625283],[120.28492,22.625286],[120.285045,22.625223],[120.284957,22.625062],[120.28478,22.625139]]]}},{"type":"Feature","id":"w217313484","properties":{"kind":"building","category":"yes","name":null,"area_m2":743.0,"centroid":[120.283702,22.624106]},"geometry":{"type":"Polygon","coordinates":[[[120.283555,22.62403],[120.283611,22.624137],[120.283636,22.624126],[120.283705,22.624257],[120.283916,22.624163],[120.28379,22.623924],[120.283555,22.62403]]]}},{"type":"Feature","id":"w217313485","properties":{"kind":"building","category":"apartments","name":null,"area_m2":578.3,"centroid":[120.283051,22.624459]},"geometry":{"type":"Polygon","coordinates":[[[120.282869,22.624455],[120.282948,22.624597],[120.283232,22.624463],[120.283154,22.624321],[120.282869,22.624455]]]}},{"type":"Feature","id":"w217313486","properties":{"kind":"building","category":"apartments","name":null,"area_m2":494.3,"centroid":[120.283392,22.62422]},"geometry":{"type":"Polygon","coordinates":[[[120.283212,22.624227],[120.283291,22.624369],[120.28357,22.624237],[120.283515,22.624138],[120.283394,22.624195],[120.28337,22.624152],[120.283212,22.624227]]]}},{"type":"Feature","id":"w217313487","properties":{"kind":"building","category":"yes","name":null,"area_m2":584.3,"centroid":[120.284653,22.625624]},"geometry":{"type":"Polygon","coordinates":[[[120.284467,22.625631],[120.284565,22.625801],[120.284813,22.625694],[120.284741,22.625579],[120.284703,22.625553],[120.284665,22.625547],[120.284614,22.625561],[120.284467,22.625631]]]}},{"type":"Feature","id":"w217313488","properties":{"kind":"building","category":"yes","name":"鹽埕埔文化會館","area_m2":646.9,"centroid":[120.284946,22.624458]},"geometry":{"type":"Polygon","coordinates":[[[120.28476,22.624449],[120.284851,22.624606],[120.285132,22.624467],[120.285041,22.624309],[120.28476,22.624449]]]}},{"type":"Feature","id":"w217313489","properties":{"kind":"building","category":"yes","name":"鹽埕第一公有市場","area_m2":843.0,"centroid":[120.282269,22.624924]},"geometry":{"type":"Polygon","coordinates":[[[120.282061,22.624899],[120.282162,22.62509],[120.282476,22.624949],[120.282375,22.624758],[120.282061,22.624899]]]}},{"type":"Feature","id":"w217313492","properties":{"kind":"building","category":"yes","name":null,"area_m2":156.1,"centroid":[120.283293,22.625955]},"geometry":{"type":"Polygon","coordinates":[[[120.283205,22.625935],[120.283269,22.626044],[120.283365,22.625997],[120.283325,22.625904],[120.2833,22.625897],[120.283205,22.625935]]]}},{"type":"Feature","id":"w224337094","properties":{"kind":"building","category":"warehouse","name":null,"area_m2":640.5,"centroid":[120.281547,22.619999]},"geometry":{"type":"Polygon","coordinates":[[[120.281358,22.619992],[120.281442,22.620144],[120.281736,22.620007],[120.281652,22.619854],[120.281358,22.619992]]]}},{"type":"Feature","id":"w224337095","properties":{"kind":"green","category":"grass","name":null,"area_m2":950.0,"centroid":[120.278332,22.620519]},"geometry":{"type":"Polygon","coordinates":[[[120.278042,22.620572],[120.278113,22.620703],[120.278623,22.620466],[120.278552,22.620335],[120.278042,22.620572]]]}},{"type":"Feature","id":"w224337098","properties":{"kind":"building","category":"warehouse","name":"月光劇場","area_m2":696.6,"centroid":[120.281223,22.620146]},"geometry":{"type":"Polygon","coordinates":[[[120.281021,22.620143],[120.281102,22.620296],[120.281425,22.620149],[120.281343,22.619996],[120.281021,22.620143]]]}},{"type":"Feature","id":"w224337099","properties":{"kind":"building","category":"apartments","name":null,"area_m2":179.1,"centroid":[120.279201,22.621732]},"geometry":{"type":"Polygon","coordinates":[[[120.279119,22.621679],[120.279195,22.621824],[120.279283,22.621784],[120.279208,22.62164],[120.279119,22.621679]]]}},{"type":"Feature","id":"w224337100","properties":{"kind":"building","category":"apartments","name":null,"area_m2":251.0,"centroid":[120.279384,22.621732]},"geometry":{"type":"Polygon","coordinates":[[[120.279368,22.621836],[120.279482,22.621786],[120.2794,22.621628],[120.279286,22.621679],[120.279368,22.621836]]]}},{"type":"Feature","id":"w229130999","properties":{"kind":"building","category":"yes","name":"高雄福容大飯店","area_m2":1002.4,"centroid":[120.287554,22.621303]},"geometry":{"type":"Polygon","coordinates":[[[120.287501,22.6215],[120.287351,22.621225],[120.287607,22.621106],[120.287757,22.621381],[120.287501,22.6215]]]}},{"type":"Feature","id":"w229155786","properties":{"kind":"building","category":"commercial","name":"泛美財經廣場","area_m2":1172.2,"centroid":[120.301698,22.613329]},"geometry":{"type":"Polygon","coordinates":[[[120.301662,22.613099],[120.301805,22.61315],[120.301841,22.613229],[120.301696,22.613622],[120.301485,22.613545],[120.301662,22.613099]]]}},{"type":"Feature","id":"w229155788","properties":{"kind":"building","category":"commercial","name":null,"area_m2":866.8,"centroid":[120.305481,22.613794]},"geometry":{"type":"Polygon","coordinates":[[[120.305276,22.613717],[120.305575,22.613592],[120.305695,22.613835],[120.305512,22.613911],[120.305472,22.613831],[120.305356,22.613879],[120.305276,22.613717]]]}},{"type":"Feature","id":"w229155795","properties":{"kind":"building","category":"apartments","name":"諾貝爾","area_m2":1642.1,"centroid":[120.300779,22.611884]},"geometry":{"type":"Polygon","coordinates":[[[120.30066,22.611649],[120.300538,22.612017],[120.300897,22.612119],[120.301019,22.611751],[120.30066,22.611649]]]}},{"type":"Feature","id":"w229155796","properties":{"kind":"building","category":"apartments","name":"諾貝爾","area_m2":1643.4,"centroid":[120.30122,22.612011]},"geometry":{"type":"Polygon","coordinates":[[[120.301102,22.611776],[120.30098,22.612144],[120.301339,22.612246],[120.301461,22.611877],[120.301102,22.611776]]]}},{"type":"Feature","id":"w229752277","properties":{"kind":"building","category":"hospital","name":"高雄市立大同醫院","area_m2":3622.7,"centroid":[120.297254,22.627009]},"geometry":{"type":"Polygon","coordinates":[[[120.296963,22.627233],[120.297045,22.627023],[120.29723,22.627085],[120.297333,22.626821],[120.297151,22.626761],[120.297206,22.626619],[120.297517,22.626722],[120.297458,22.626872],[120.29769,22.626949],[120.297484,22.627475],[120.296976,22.627306],[120.296999,22.627246],[120.296963,22.627233]]]}},{"type":"Feature","id":"w232655478","properties":{"kind":"building","category":"yes","name":"原高雄國賓大飯店","area_m2":1412.3,"centroid":[120.290699,22.624312]},"geometry":{"type":"Polygon","coordinates":[[[120.290893,22.624094],[120.290745,22.624043],[120.29069,22.624198],[120.290678,22.624212],[120.290662,22.624223],[120.290643,22.624229],[120.29062,22.624229],[120.290438,22.624173],[120.290384,22.624323],[120.290593,22.624388],[120.290566,22.62446],[120.29076,22.62452],[120.290776,22.624476],[120.290798,22.624482],[120.290806,22.624463],[120.29083,22.624468],[120.290878,22.624326],[120.290819,22.624306],[120.290893,22.624094]]]}},{"type":"Feature","id":"w232682551","properties":{"kind":"building","category":"apartments","name":null,"area_m2":617.8,"centroid":[120.290241,22.624814]},"geometry":{"type":"Polygon","coordinates":[[[120.290366,22.624949],[120.290436,22.624764],[120.290174,22.62468],[120.290124,22.624811],[120.290104,22.624865],[120.290366,22.624949]]]}},{"type":"Feature","id":"w232718775","properties":{"kind":"building","category":"apartments","name":null,"area_m2":652.1,"centroid":[120.290686,22.62486]},"geometry":{"type":"Polygon","coordinates":[[[120.290491,22.62495],[120.290563,22.624774],[120.29064,22.624801],[120.29065,22.624778],[120.290779,22.624823],[120.29077,22.624846],[120.290832,22.624868],[120.290761,22.625043],[120.290491,22.62495]]]}},{"type":"Feature","id":"w232723580","properties":{"kind":"building","category":"commercial","name":"衛生福利部中央健康保險署高屏業務組","area_m2":757.1,"centroid":[120.290308,22.627195]},"geometry":{"type":"Polygon","coordinates":[[[120.290087,22.627206],[120.290465,22.627338],[120.290529,22.627184],[120.290151,22.627052],[120.290087,22.627206]]]}},{"type":"Feature","id":"w232777681","properties":{"kind":"building","category":"office","name":"臺灣港務港勤公司","area_m2":510.6,"centroid":[120.279077,22.619899]},"geometry":{"type":"Polygon","coordinates":[[[120.279055,22.620037],[120.279119,22.620004],[120.279083,22.619944],[120.279196,22.619885],[120.279092,22.619715],[120.278914,22.619806],[120.279055,22.620037]]]}},{"type":"Feature","id":"w232845497","properties":{"kind":"building","category":"public","name":"前金區衛生所","area_m2":766.8,"centroid":[120.289647,22.62689]},"geometry":{"type":"Polygon","coordinates":[[[120.289462,22.627044],[120.289651,22.627102],[120.289762,22.626804],[120.289773,22.626775],[120.289587,22.626723],[120.289462,22.627044]]]}},{"type":"Feature","id":"w232845500","properties":{"kind":"building","category":"yes","name":"勞工博物館","area_m2":1136.4,"centroid":[120.289914,22.626974]},"geometry":{"type":"Polygon","coordinates":[[[120.289662,22.627128],[120.290008,22.627231],[120.290117,22.626944],[120.290068,22.626932],[120.290053,22.626967],[120.289811,22.626895],[120.289823,22.626857],[120.289772,22.626841],[120.289662,22.627128]]]}},{"type":"Feature","id":"w234434856","properties":{"kind":"green","category":"park","name":"六合公園","area_m2":8925.2,"centroid":[120.305835,22.633514]},"geometry":{"type":"Polygon","coordinates":[[[120.30559,22.634209],[120.306174,22.634167],[120.306075,22.632819],[120.305499,22.632861],[120.30559,22.634209]]]}},{"type":"Feature","id":"w234987767","properties":{"kind":"building","category":"yes","name":null,"area_m2":1478.6,"centroid":[120.300952,22.612407]},"geometry":{"type":"Polygon","coordinates":[[[120.300715,22.612517],[120.301082,22.612621],[120.301189,22.612296],[120.300822,22.612193],[120.300715,22.612517]]]}},{"type":"Feature","id":"w234987768","properties":{"kind":"building","category":"yes","name":null,"area_m2":1299.0,"centroid":[120.300528,22.612306]},"geometry":{"type":"Polygon","coordinates":[[[120.300361,22.612348],[120.300381,22.612417],[120.30066,22.612507],[120.300777,22.612174],[120.300462,22.612082],[120.300361,22.612348]]]}},{"type":"Feature","id":"w239754103","properties":{"kind":"building","category":"commercial","name":null,"area_m2":1601.8,"centroid":[120.294013,22.61324]},"geometry":{"type":"Polygon","coordinates":[[[120.293722,22.613078],[120.293963,22.613536],[120.294304,22.613401],[120.294191,22.613175],[120.294008,22.613247],[120.293888,22.613002],[120.293722,22.613078]]]}},{"type":"Feature","id":"w239754107","properties":{"kind":"building","category":"apartments","name":"住宅大賞","area_m2":419.0,"centroid":[120.298505,22.613797]},"geometry":{"type":"Polygon","coordinates":[[[120.298403,22.613691],[120.298656,22.613773],[120.298606,22.613903],[120.298354,22.613821],[120.298403,22.613691]]]}},{"type":"Feature","id":"w239754108","properties":{"kind":"building","category":"commercial","name":"遠雄曼哈頓","area_m2":1871.0,"centroid":[120.298774,22.612268]},"geometry":{"type":"Polygon","coordinates":[[[120.298606,22.61216],[120.298659,22.612131],[120.298726,22.612125],[120.299119,22.612244],[120.299014,22.612561],[120.298519,22.612389],[120.298606,22.61216]]]}},{"type":"Feature","id":"w239754111","properties":{"kind":"building","category":"yes","name":null,"area_m2":4081.0,"centroid":[120.299588,22.612569]},"geometry":{"type":"Polygon","coordinates":[[[120.299182,22.61225],[120.299053,22.612589],[120.299996,22.61289],[120.300121,22.612546],[120.299182,22.61225]]]}},{"type":"Feature","id":"w239768179","properties":{"kind":"building","category":"yes","name":null,"area_m2":1800.0,"centroid":[120.301567,22.624014]},"geometry":{"type":"Polygon","coordinates":[[[120.301309,22.624235],[120.301782,22.624177],[120.301899,22.623874],[120.301548,22.623756],[120.301576,22.624009],[120.30129,22.624034],[120.301309,22.624235]]]}},{"type":"Feature","id":"w239768180","properties":{"kind":"building","category":"commercial","name":null,"area_m2":2203.3,"centroid":[120.301576,22.62459]},"geometry":{"type":"Polygon","coordinates":[[[120.301322,22.624316],[120.301777,22.624268],[120.30181,22.624538],[120.301552,22.624565],[120.301595,22.624916],[120.301399,22.624936],[120.301322,22.624316]]]}},{"type":"Feature","id":"w239768182","properties":{"kind":"building","category":"yes","name":"麥當勞","area_m2":459.1,"centroid":[120.302104,22.623762]},"geometry":{"type":"Polygon","coordinates":[[[120.302094,22.623598],[120.30222,22.623637],[120.302113,22.623926],[120.301988,22.623887],[120.302094,22.623598]]]}},{"type":"Feature","id":"w243925540","properties":{"kind":"building","category":"yes","name":"鹽埕郵局","area_m2":482.9,"centroid":[120.284296,22.623031]},"geometry":{"type":"Polygon","coordinates":[[[120.284132,22.622962],[120.28425,22.623161],[120.284385,22.623095],[120.284401,22.623052],[120.284311,22.622883],[120.284132,22.622962]]]}},{"type":"Feature","id":"w246457941","properties":{"kind":"building","category":"commercial","name":"大元國際大樓","area_m2":2155.5,"centroid":[120.288776,22.620619]},"geometry":{"type":"Polygon","coordinates":[[[120.288859,22.620349],[120.289068,22.620707],[120.289058,22.62074],[120.288723,22.620901],[120.288694,22.62089],[120.288488,22.620528],[120.288497,22.620501],[120.288824,22.620339],[120.288859,22.620349]]]}},{"type":"Feature","id":"w249323279","properties":{"kind":"building","category":"commercial","name":null,"area_m2":854.8,"centroid":[120.29274,22.627675]},"geometry":{"type":"Polygon","coordinates":[[[120.292545,22.627573],[120.292515,22.627663],[120.292542,22.627721],[120.292667,22.627754],[120.29268,22.627716],[120.292768,22.627745],[120.292755,22.627784],[120.292884,22.627815],[120.292931,22.627792],[120.292965,22.627688],[120.292942,22.627624],[120.292815,22.627586],[120.292798,22.627636],[120.29271,22.627613],[120.292725,22.627565],[120.292603,22.627528],[120.292545,22.627573]]]}},{"type":"Feature","id":"w249323280","properties":{"kind":"building","category":"commercial","name":null,"area_m2":1330.2,"centroid":[120.292568,22.627996]},"geometry":{"type":"Polygon","coordinates":[[[120.292454,22.627803],[120.292375,22.62799],[120.292398,22.628081],[120.292756,22.628184],[120.292855,22.62792],[120.292454,22.627803]]]}},{"type":"Feature","id":"w249323281","properties":{"kind":"building","category":"apartments","name":"凱悅","area_m2":2214.3,"centroid":[120.291425,22.624543]},"geometry":{"type":"Polygon","coordinates":[[[120.291434,22.624214],[120.29165,22.624284],[120.291692,22.624353],[120.291513,22.624819],[120.291487,22.62481],[120.291476,22.624839],[120.291224,22.624756],[120.29125,22.624688],[120.291191,22.624668],[120.291346,22.624261],[120.291408,22.624281],[120.291434,22.624214]]]}},{"type":"Feature","id":"w249325048","properties":{"kind":"building","category":"apartments","name":"天河","area_m2":1462.9,"centroid":[120.291898,22.62295]},"geometry":{"type":"Polygon","coordinates":[[[120.291649,22.622759],[120.291575,22.622961],[120.292147,22.62314],[120.292221,22.622938],[120.291649,22.622759]]]}},{"type":"Feature","id":"w249325050","properties":{"kind":"green","category":"park","name":null,"area_m2":3625.7,"centroid":[120.29179,22.62493]},"geometry":{"type":"Polygon","coordinates":[[[120.291376,22.625648],[120.291597,22.625725],[120.292118,22.624457],[120.291976,22.624407],[120.291882,22.624415],[120.291376,22.625648]]]}},{"type":"Feature","id":"w249325051","properties":{"kind":"green","category":"park","name":null,"area_m2":3220.9,"centroid":[120.292442,22.623297]},"geometry":{"type":"Polygon","coordinates":[[[120.292113,22.623838],[120.292136,22.623883],[120.292278,22.623928],[120.292327,22.623893],[120.292766,22.622757],[120.292761,22.622726],[120.292593,22.62267],[120.292558,22.622681],[120.292113,22.623838]]]}},{"type":"Feature","id":"w250522037","properties":{"kind":"building","category":"hotel","name":"HotelDua","area_m2":1500.3,"centroid":[120.304238,22.63055]},"geometry":{"type":"Polygon","coordinates":[[[120.304008,22.630433],[120.304416,22.630409],[120.30447,22.630452],[120.304487,22.630695],[120.304029,22.630723],[120.304019,22.630585],[120.304008,22.630433]]]}},{"type":"Feature","id":"w250528292","properties":{"kind":"building","category":"yes","name":null,"area_m2":978.0,"centroid":[120.301879,22.622685]},"geometry":{"type":"Polygon","coordinates":[[[120.301908,22.622976],[120.302036,22.622617],[120.301886,22.622569],[120.3019,22.622526],[120.301845,22.62251],[120.301697,22.622911],[120.301908,22.622976]]]}},{"type":"Feature","id":"w250528293","properties":{"kind":"building","category":"yes","name":null,"area_m2":975.5,"centroid":[120.301799,22.622048]},"geometry":{"type":"Polygon","coordinates":[[[120.301709,22.622059],[120.301751,22.622069],[120.301856,22.621785],[120.302002,22.621835],[120.301834,22.6223],[120.301642,22.62224],[120.301709,22.622059]]]}},{"type":"Feature","id":"w251498563","properties":{"kind":"building","category":"university","name":"電資大樓","area_m2":3285.2,"centroid":[120.267522,22.627246]},"geometry":{"type":"Polygon","coordinates":[[[120.267342,22.627638],[120.267327,22.626863],[120.267706,22.626857],[120.267713,22.627624],[120.267342,22.627638]]]}},{"type":"Feature","id":"w255687041","properties":{"kind":"building","category":"yes","name":"東南水泥大樓","area_m2":706.0,"centroid":[120.29968,22.622298]},"geometry":{"type":"Polygon","coordinates":[[[120.299709,22.622136],[120.299675,22.622222],[120.299634,22.622209],[120.299565,22.622404],[120.299573,22.622439],[120.29974,22.622491],[120.299865,22.622186],[120.299709,22.622136]]]}},{"type":"Feature","id":"w255744758","properties":{"kind":"building","category":"transportation","name":"旗津輪渡站","area_m2":692.0,"centroid":[120.269662,22.613997]},"geometry":{"type":"Polygon","coordinates":[[[120.269463,22.614228],[120.269621,22.614175],[120.269696,22.614071],[120.269937,22.613736],[120.269869,22.613689],[120.269789,22.613796],[120.269617,22.614024],[120.269558,22.614103],[120.269411,22.61415],[120.269463,22.614228]]]}},{"type":"Feature","id":"w255916655","properties":{"kind":"building","category":"yes","name":"朝后宮","area_m2":263.3,"centroid":[120.284863,22.631693]},"geometry":{"type":"Polygon","coordinates":[[[120.284857,22.631803],[120.284965,22.631751],[120.284868,22.631582],[120.284761,22.631635],[120.284857,22.631803]]]}},{"type":"Feature","id":"w256118999","properties":{"kind":"building","category":"yes","name":null,"area_m2":1053.0,"centroid":[120.301515,22.615682]},"geometry":{"type":"Polygon","coordinates":[[[120.301328,22.615814],[120.301454,22.61548],[120.301701,22.615544],[120.301577,22.615888],[120.301328,22.615814]]]}},{"type":"Feature","id":"w256201729","properties":{"kind":"building","category":"house","name":"陳中和紀念館","area_m2":608.3,"centroid":[120.295576,22.613585]},"geometry":{"type":"Polygon","coordinates":[[[120.295495,22.613725],[120.295443,22.613484],[120.295656,22.613444],[120.295709,22.613685],[120.295495,22.613725]]]}},{"type":"Feature","id":"w256207046","properties":{"kind":"building","category":"commercial","name":null,"area_m2":398.0,"centroid":[120.290973,22.624492]},"geometry":{"type":"Polygon","coordinates":[[[120.290932,22.624369],[120.291092,22.624424],[120.291015,22.624616],[120.290854,22.62456],[120.290932,22.624369]]]}},{"type":"Feature","id":"w256929721","properties":{"kind":"building","category":"school","name":"體育館","area_m2":2987.0,"centroid":[120.299542,22.638327]},"geometry":{"type":"Polygon","coordinates":[[[120.299356,22.638566],[120.299586,22.638555],[120.299839,22.638542],[120.299807,22.637999],[120.299323,22.638024],[120.299339,22.638275],[120.299356,22.638566]]]}},{"type":"Feature","id":"w256929722","properties":{"kind":"building","category":"school","name":"弘毅樓","area_m2":494.3,"centroid":[120.297084,22.639043]},"geometry":{"type":"Polygon","coordinates":[[[120.29692,22.639113],[120.296916,22.638982],[120.297248,22.638974],[120.297252,22.639105],[120.29692,22.639113]]]}},{"type":"Feature","id":"w256929723","properties":{"kind":"building","category":"school","name":"圖書館","area_m2":595.2,"centroid":[120.297406,22.63905]},"geometry":{"type":"Polygon","coordinates":[[[120.297306,22.639176],[120.29753,22.639157],[120.297507,22.638925],[120.297283,22.638944],[120.297306,22.639176]]]}},{"type":"Feature","id":"w256929724","properties":{"kind":"building","category":"school","name":"實驗館","area_m2":371.3,"centroid":[120.297238,22.63816]},"geometry":{"type":"Polygon","coordinates":[[[120.297108,22.638224],[120.297106,22.638099],[120.297368,22.638096],[120.297369,22.638221],[120.297108,22.638224]]]}},{"type":"Feature","id":"w256929725","properties":{"kind":"building","category":"school","name":"活動中心","area_m2":197.2,"centroid":[120.297632,22.638121]},"geometry":{"type":"Polygon","coordinates":[[[120.297518,22.638166],[120.297513,22.638092],[120.297746,22.638076],[120.297752,22.63815],[120.297518,22.638166]]]}},{"type":"Feature","id":"w256929726","properties":{"kind":"building","category":"school","name":"軍訓大樓","area_m2":284.8,"centroid":[120.298297,22.638094]},"geometry":{"type":"Polygon","coordinates":[[[120.298165,22.63815],[120.298163,22.638055],[120.298431,22.638038],[120.298428,22.638132],[120.298165,22.63815]]]}},{"type":"Feature","id":"w256929727","properties":{"kind":"building","category":"school","name":"游泳池","area_m2":833.7,"centroid":[120.300189,22.639382]},"geometry":{"type":"Polygon","coordinates":[[[120.300118,22.639571],[120.300325,22.639538],[120.300259,22.639193],[120.300053,22.639226],[120.300118,22.639571]]]}},{"type":"Feature","id":"w257770390","properties":{"kind":"building","category":"commercial","name":"國城資訊廣場","area_m2":1882.4,"centroid":[120.301002,22.638139]},"geometry":{"type":"Polygon","coordinates":[[[120.300747,22.637985],[120.301228,22.637951],[120.301257,22.638293],[120.300776,22.638328],[120.300747,22.637985]]]}},{"type":"Feature","id":"w257770395","properties":{"kind":"building","category":"commercial","name":"台灣港務公司","area_m2":1253.0,"centroid":[120.301057,22.638483]},"geometry":{"type":"Polygon","coordinates":[[[120.300782,22.638359],[120.300798,22.638559],[120.300995,22.638547],[120.300999,22.638591],[120.301285,22.638573],[120.301274,22.638421],[120.301267,22.638328],[120.300782,22.638359]]]}},{"type":"Feature","id":"w257770396","properties":{"kind":"building","category":"yes","name":"高雄鐵路地下化展示館(舊高雄車站)","area_m2":680.3,"centroid":[120.302499,22.638283]},"geometry":{"type":"Polygon","coordinates":[[[120.3024,22.638454],[120.302639,22.638446],[120.302631,22.63825],[120.3026,22.638251],[120.302597,22.63818],[120.302414,22.638186],[120.302417,22.638259],[120.302399,22.63826],[120.302392,22.63826],[120.3024,22.638454]]]}},{"type":"Feature","id":"w259350800","properties":{"kind":"building","category":"house","name":null,"area_m2":102.7,"centroid":[120.294857,22.613497]},"geometry":{"type":"Polygon","coordinates":[[[120.294785,22.613446],[120.294767,22.613496],[120.294928,22.613548],[120.294947,22.613498],[120.294785,22.613446]]]}},{"type":"Feature","id":"w259350801","properties":{"kind":"building","category":"apartments","name":null,"area_m2":459.9,"centroid":[120.295361,22.613272]},"geometry":{"type":"Polygon","coordinates":[[[120.295276,22.613166],[120.295332,22.613149],[120.295484,22.613207],[120.295471,22.613241],[120.295427,22.613354],[120.295356,22.613329],[120.295332,22.613386],[120.295211,22.613342],[120.295276,22.613166]]]}},{"type":"Feature","id":"w259350802","properties":{"kind":"building","category":"commercial","name":null,"area_m2":554.5,"centroid":[120.295083,22.613957]},"geometry":{"type":"Polygon","coordinates":[[[120.29503,22.613779],[120.294954,22.613974],[120.294972,22.614044],[120.295145,22.614107],[120.295187,22.614001],[120.295116,22.613974],[120.295176,22.613821],[120.29503,22.613779]]]}},{"type":"Feature","id":"w259350803","properties":{"kind":"building","category":"house","name":"惠陽國際企業有限公司","area_m2":100.8,"centroid":[120.294835,22.613557]},"geometry":{"type":"Polygon","coordinates":[[[120.294763,22.613506],[120.294745,22.613555],[120.294906,22.613607],[120.294925,22.613558],[120.294763,22.613506]]]}},{"type":"Feature","id":"w259350804","properties":{"kind":"building","category":"commercial","name":"長榮海運大樓","area_m2":377.3,"centroid":[120.294563,22.613813]},"geometry":{"type":"Polygon","coordinates":[[[120.294444,22.61387],[120.29462,22.613925],[120.294682,22.613755],[120.294506,22.613701],[120.294444,22.61387]]]}},{"type":"Feature","id":"w259491857","properties":{"kind":"building","category":"office","name":null,"area_m2":3087.7,"centroid":[120.303313,22.630788]},"geometry":{"type":"Polygon","coordinates":[[[120.303099,22.630924],[120.303077,22.630662],[120.303596,22.630624],[120.303585,22.630486],[120.302898,22.630536],[120.302947,22.631121],[120.30366,22.631069],[120.303644,22.630885],[120.303099,22.630924]]]}},{"type":"Feature","id":"w259492218","properties":{"kind":"building","category":"office","name":null,"area_m2":1759.0,"centroid":[120.304048,22.630989]},"geometry":{"type":"Polygon","coordinates":[[[120.304416,22.630819],[120.304434,22.630983],[120.304399,22.630986],[120.304403,22.631025],[120.30371,22.631088],[120.303707,22.631062],[120.303668,22.631065],[120.30365,22.630888],[120.304416,22.630819]]]}},{"type":"Feature","id":"w259492304","properties":{"kind":"building","category":"church","name":"高雄市基督教浸信會教堂","area_m2":453.7,"centroid":[120.306325,22.631365]},"geometry":{"type":"Polygon","coordinates":[[[120.306268,22.631511],[120.30641,22.631499],[120.306383,22.63122],[120.306241,22.631232],[120.306268,22.631511]]]}},{"type":"Feature","id":"w260724145","properties":{"kind":"building","category":"apartments","name":null,"area_m2":1787.6,"centroid":[120.303888,22.631952]},"geometry":{"type":"Polygon","coordinates":[[[120.30343,22.631828],[120.30345,22.632069],[120.303617,22.632057],[120.303609,22.631958],[120.304171,22.631919],[120.304179,22.632013],[120.304333,22.632003],[120.304313,22.631766],[120.30343,22.631828]]]}},{"type":"Feature","id":"w263022569","properties":{"kind":"building","category":"apartments","name":"帝景苑","area_m2":1130.2,"centroid":[120.293769,22.636875]},"geometry":{"type":"Polygon","coordinates":[[[120.293623,22.636701],[120.293545,22.636948],[120.293916,22.637049],[120.293994,22.636802],[120.293623,22.636701]]]}},{"type":"Feature","id":"w263949118","properties":{"kind":"building","category":"warehouse","name":null,"area_m2":419.4,"centroid":[120.267869,22.617868]},"geometry":{"type":"Polygon","coordinates":[[[120.26774,22.617901],[120.267728,22.617978],[120.26791,22.618003],[120.267936,22.61784],[120.267984,22.617847],[120.268001,22.617745],[120.267855,22.617725],[120.267833,22.617859],[120.267854,22.617862],[120.267845,22.617916],[120.26774,22.617901]]]}},{"type":"Feature","id":"w263949119","properties":{"kind":"building","category":"apartments","name":null,"area_m2":271.7,"centroid":[120.267641,22.618377]},"geometry":{"type":"Polygon","coordinates":[[[120.267606,22.618547],[120.26767,22.618557],[120.267726,22.618233],[120.267662,22.618223],[120.267653,22.618278],[120.26764,22.618276],[120.267632,22.618324],[120.267642,22.618325],[120.26763,22.618393],[120.267614,22.61839],[120.267597,22.618488],[120.267616,22.618491],[120.267606,22.618547]]]}},{"type":"Feature","id":"w263949120","properties":{"kind":"building","category":"apartments","name":null,"area_m2":222.4,"centroid":[120.267511,22.618222]},"geometry":{"type":"Polygon","coordinates":[[[120.267456,22.61811],[120.267415,22.618303],[120.267511,22.61832],[120.267526,22.618248],[120.267546,22.618251],[120.267554,22.61821],[120.26753,22.618206],[120.267546,22.618126],[120.267456,22.61811]]]}},{"type":"Feature","id":"w263949121","properties":{"kind":"building","category":"apartments","name":null,"area_m2":178.5,"centroid":[120.26747,22.618577]},"geometry":{"type":"Polygon","coordinates":[[[120.267376,22.618545],[120.267363,22.618627],[120.267547,22.618652],[120.267559,22.618576],[120.2675,22.618568],[120.267503,22.618549],[120.267455,22.618542],[120.267453,22.618555],[120.267376,22.618545]]]}},{"type":"Feature","id":"w263949122","properties":{"kind":"building","category":"apartments","name":null,"area_m2":222.4,"centroid":[120.267618,22.617792]},"geometry":{"type":"Polygon","coordinates":[[[120.267564,22.61768],[120.267523,22.617873],[120.267619,22.61789],[120.267634,22.617818],[120.267654,22.617821],[120.267662,22.61778],[120.267638,22.617776],[120.267654,22.617696],[120.267564,22.61768]]]}},{"type":"Feature","id":"w263949123","properties":{"kind":"building","category":"apartments","name":null,"area_m2":221.8,"centroid":[120.267567,22.618013]},"geometry":{"type":"Polygon","coordinates":[[[120.267512,22.617901],[120.267472,22.618094],[120.267567,22.618111],[120.267583,22.618039],[120.267602,22.618042],[120.267611,22.618001],[120.267586,22.617997],[120.267602,22.617917],[120.267512,22.617901]]]}},{"type":"Feature","id":"w263949124","properties":{"kind":"building","category":"apartments","name":"高雄海關職員宿舍","area_m2":235.7,"centroid":[120.267729,22.618123]},"geometry":{"type":"Polygon","coordinates":[[[120.267725,22.618018],[120.267716,22.618097],[120.267693,22.618095],[120.267687,22.618141],[120.267705,22.618143],[120.267696,22.618226],[120.267792,22.618236],[120.267816,22.618027],[120.267725,22.618018]]]}},{"type":"Feature","id":"w263949126","properties":{"kind":"building","category":"apartments","name":null,"area_m2":222.5,"centroid":[120.267372,22.618414]},"geometry":{"type":"Polygon","coordinates":[[[120.267379,22.618291],[120.267247,22.618445],[120.267324,22.618501],[120.267373,22.618444],[120.267389,22.618455],[120.267416,22.618422],[120.267397,22.618408],[120.267451,22.618344],[120.267379,22.618291]]]}},{"type":"Feature","id":"w263949136","properties":{"kind":"building","category":"yes","name":"打狗英國領事館文化園區(山下辦公室)","area_m2":353.4,"centroid":[120.267368,22.617826]},"geometry":{"type":"Polygon","coordinates":[[[120.267298,22.617715],[120.267249,22.61793],[120.267338,22.617947],[120.267362,22.617843],[120.267458,22.617862],[120.267483,22.617751],[120.267391,22.617733],[120.267298,22.617715]]]}},{"type":"Feature","id":"w264917542","properties":{"kind":"building","category":"yes","name":"橙田空間設計","area_m2":246.2,"centroid":[120.294818,22.612654]},"geometry":{"type":"Polygon","coordinates":[[[120.294708,22.612635],[120.294769,22.612754],[120.294924,22.612686],[120.294884,22.612607],[120.294805,22.612587],[120.294708,22.612635]]]}},{"type":"Feature","id":"w264917874","properties":{"kind":"building","category":"apartments","name":null,"area_m2":243.0,"centroid":[120.294764,22.613713]},"geometry":{"type":"Polygon","coordinates":[[[120.294682,22.613633],[120.294647,22.61373],[120.294846,22.613792],[120.294881,22.613696],[120.294682,22.613633]]]}},{"type":"Feature","id":"w264917875","properties":{"kind":"building","category":"apartments","name":null,"area_m2":237.3,"centroid":[120.294738,22.613885]},"geometry":{"type":"Polygon","coordinates":[[[120.294644,22.613924],[120.294739,22.613958],[120.294789,22.613937],[120.294827,22.61382],[120.294692,22.613784],[120.294644,22.613924]]]}},{"type":"Feature","id":"w264917876","properties":{"kind":"building","category":"commercial","name":null,"area_m2":371.9,"centroid":[120.294549,22.614354]},"geometry":{"type":"Polygon","coordinates":[[[120.294492,22.614239],[120.294622,22.614276],[120.294652,22.614349],[120.2946,22.614477],[120.294476,22.614434],[120.294452,22.614349],[120.294492,22.614239]]]}},{"type":"Feature","id":"w264917877","properties":{"kind":"building","category":"apartments","name":null,"area_m2":368.4,"centroid":[120.295127,22.614597]},"geometry":{"type":"Polygon","coordinates":[[[120.295134,22.614436],[120.295254,22.614475],[120.295153,22.61474],[120.295037,22.614703],[120.295071,22.614614],[120.295134,22.614635],[120.295149,22.614596],[120.295081,22.614573],[120.295134,22.614436]]]}},{"type":"Feature","id":"w264917878","properties":{"kind":"building","category":"commercial","name":null,"area_m2":748.6,"centroid":[120.294892,22.614517]},"geometry":{"type":"Polygon","coordinates":[[[120.294786,22.614355],[120.294842,22.614337],[120.295092,22.614415],[120.294993,22.614685],[120.294903,22.614657],[120.29492,22.614611],[120.294863,22.614594],[120.294889,22.614524],[120.294741,22.614478],[120.294786,22.614355]]]}},{"type":"Feature","id":"w265148277","properties":{"kind":"building","category":"apartments","name":null,"area_m2":568.8,"centroid":[120.294309,22.614812]},"geometry":{"type":"Polygon","coordinates":[[[120.294174,22.614986],[120.294437,22.614876],[120.294481,22.614821],[120.294497,22.614764],[120.294257,22.614688],[120.294231,22.614754],[120.294302,22.614774],[120.294309,22.614755],[120.294382,22.614776],[120.29437,22.614815],[120.294338,22.614833],[120.294327,22.614802],[120.294216,22.614852],[120.294205,22.614825],[120.294115,22.614859],[120.294174,22.614986]]]}},{"type":"Feature","id":"w265148278","properties":{"kind":"building","category":"apartments","name":"東南苓雅大樓","area_m2":1321.9,"centroid":[120.293955,22.614932]},"geometry":{"type":"Polygon","coordinates":[[[120.293638,22.614898],[120.293773,22.615161],[120.294161,22.614991],[120.294109,22.614889],[120.294065,22.614909],[120.293982,22.614747],[120.293638,22.614898]]]}},{"type":"Feature","id":"w265148279","properties":{"kind":"building","category":"apartments","name":null,"area_m2":697.6,"centroid":[120.292803,22.615286]},"geometry":{"type":"Polygon","coordinates":[[[120.292596,22.615212],[120.292728,22.615468],[120.292996,22.615348],[120.292947,22.615245],[120.292817,22.615301],[120.292732,22.615141],[120.292596,22.615212]]]}},{"type":"Feature","id":"w265148280","properties":{"kind":"building","category":"apartments","name":null,"area_m2":236.8,"centroid":[120.292856,22.615513]},"geometry":{"type":"Polygon","coordinates":[[[120.29275,22.615482],[120.292799,22.615586],[120.292848,22.615599],[120.292965,22.615547],[120.292918,22.615456],[120.292867,22.615481],[120.292848,22.61544],[120.29275,22.615482]]]}},{"type":"Feature","id":"w265148283","properties":{"kind":"building","category":"apartments","name":"海邊幸福公寓","area_m2":1361.0,"centroid":[120.293347,22.616124]},"geometry":{"type":"Polygon","coordinates":[[[120.293079,22.616101],[120.293204,22.616335],[120.293615,22.616148],[120.29349,22.615913],[120.293079,22.616101]]]}},{"type":"Feature","id":"w265148287","properties":{"kind":"building","category":"commercial","name":"長榮海景大樓","area_m2":475.0,"centroid":[120.292921,22.614627]},"geometry":{"type":"Polygon","coordinates":[[[120.292722,22.614611],[120.292771,22.614704],[120.292937,22.614627],[120.292984,22.614724],[120.293085,22.61468],[120.293012,22.614531],[120.292935,22.614509],[120.292722,22.614611]]]}},{"type":"Feature","id":"w265165556","properties":{"kind":"building","category":"commercial","name":"亞太投資廣場","area_m2":4165.8,"centroid":[120.301537,22.612568]},"geometry":{"type":"Polygon","coordinates":[[[120.302094,22.612579],[120.301896,22.612515],[120.301959,22.612349],[120.301636,22.612245],[120.301573,22.612412],[120.301371,22.612347],[120.301339,22.612431],[120.301301,22.612417],[120.301218,22.612392],[120.301164,22.612537],[120.301241,22.612564],[120.301289,22.612578],[120.301242,22.612704],[120.301552,22.612804],[120.301563,22.612776],[120.301637,22.6128],[120.301625,22.612831],[120.301958,22.612938],[120.302094,22.612579]]]}},{"type":"Feature","id":"w265165558","properties":{"kind":"building","category":"apartments","name":"亞太花園","area_m2":2354.1,"centroid":[120.301827,22.612253]},"geometry":{"type":"Polygon","coordinates":[[[120.302101,22.612553],[120.302176,22.61235],[120.302283,22.612059],[120.301563,22.611833],[120.301382,22.612324],[120.301515,22.612362],[120.301532,22.612317],[120.301573,22.612329],[120.301594,22.612271],[120.301546,22.612256],[120.301604,22.6121],[120.301645,22.612113],[120.301663,22.612063],[120.301616,22.612048],[120.301639,22.611987],[120.302127,22.61214],[120.302096,22.612223],[120.302042,22.612205],[120.302019,22.612268],[120.302077,22.612286],[120.302031,22.61241],[120.301968,22.612391],[120.301945,22.612453],[120.301982,22.612465],[120.301965,22.61251],[120.302101,22.612553]]]}},{"type":"Feature","id":"w265173042","properties":{"kind":"building","category":"apartments","name":null,"area_m2":1045.5,"centroid":[120.303309,22.612198]},"geometry":{"type":"Polygon","coordinates":[[[120.303214,22.611956],[120.303539,22.612061],[120.303434,22.612341],[120.303331,22.612308],[120.303364,22.612218],[120.303258,22.612184],[120.303223,22.612278],[120.303107,22.612241],[120.303214,22.611956]]]}},{"type":"Feature","id":"w265173043","properties":{"kind":"building","category":"commercial","name":null,"area_m2":1075.1,"centroid":[120.302884,22.611999]},"geometry":{"type":"Polygon","coordinates":[[[120.302811,22.611884],[120.302757,22.612023],[120.302813,22.612042],[120.302777,22.612135],[120.303042,22.612223],[120.303152,22.611939],[120.302868,22.611846],[120.302848,22.611897],[120.302811,22.611884]]]}},{"type":"Feature","id":"w265248969","properties":{"kind":"building","category":"hospital","name":null,"area_m2":331.1,"centroid":[120.296762,22.627975]},"geometry":{"type":"Polygon","coordinates":[[[120.296639,22.627864],[120.296618,22.627919],[120.29665,22.62793],[120.296639,22.627955],[120.296662,22.627963],[120.296654,22.627985],[120.29684,22.628047],[120.29685,22.628021],[120.29687,22.628028],[120.296879,22.628006],[120.296908,22.628015],[120.296929,22.627961],[120.296639,22.627864]]]}},{"type":"Feature","id":"w265248970","properties":{"kind":"building","category":"commercial","name":null,"area_m2":700.8,"centroid":[120.296294,22.62916]},"geometry":{"type":"Polygon","coordinates":[[[120.296213,22.629015],[120.29644,22.629076],[120.296415,22.629145],[120.296493,22.629168],[120.296423,22.629377],[120.296323,22.629354],[120.296305,22.629334],[120.296295,22.629286],[120.296269,22.629187],[120.296211,22.629101],[120.296192,22.629082],[120.296176,22.629057],[120.296176,22.62904],[120.296188,22.62902],[120.296213,22.629015]]]}},{"type":"Feature","id":"w265248971","properties":{"kind":"building","category":"commercial","name":null,"area_m2":449.3,"centroid":[120.296605,22.629321]},"geometry":{"type":"Polygon","coordinates":[[[120.296546,22.629197],[120.29648,22.629393],[120.296664,22.629446],[120.29673,22.62925],[120.296546,22.629197]]]}},{"type":"Feature","id":"w265248972","properties":{"kind":"building","category":"commercial","name":null,"area_m2":548.8,"centroid":[120.296358,22.628941]},"geometry":{"type":"Polygon","coordinates":[[[120.296203,22.628996],[120.296452,22.629064],[120.296512,22.628889],[120.296265,22.628816],[120.296203,22.628996]]]}},{"type":"Feature","id":"w265248973","properties":{"kind":"building","category":"commercial","name":null,"area_m2":900.4,"centroid":[120.297191,22.629436]},"geometry":{"type":"Polygon","coordinates":[[[120.296966,22.629362],[120.296918,22.629486],[120.297332,22.629623],[120.297428,22.629375],[120.297275,22.629324],[120.297226,22.629449],[120.296966,22.629362]]]}},{"type":"Feature","id":"w265248974","properties":{"kind":"building","category":"commercial","name":null,"area_m2":382.8,"centroid":[120.296768,22.629271]},"geometry":{"type":"Polygon","coordinates":[[[120.296671,22.629451],[120.296776,22.629485],[120.29687,22.629232],[120.296814,22.629214],[120.296823,22.62919],[120.296726,22.62916],[120.296708,22.629209],[120.296755,22.629224],[120.296671,22.629451]]]}},{"type":"Feature","id":"w265248975","properties":{"kind":"building","category":"commercial","name":null,"area_m2":510.0,"centroid":[120.296613,22.628305]},"geometry":{"type":"Polygon","coordinates":[[[120.29643,22.628368],[120.296686,22.628461],[120.296755,22.628299],[120.296672,22.628269],[120.296658,22.628301],[120.296595,22.628278],[120.296607,22.628251],[120.296497,22.628211],[120.29643,22.628368]]]}},{"type":"Feature","id":"w265248976","properties":{"kind":"building","category":"apartments","name":"中央花園","area_m2":1158.1,"centroid":[120.296504,22.628625]},"geometry":{"type":"Polygon","coordinates":[[[120.296267,22.628803],[120.296541,22.628891],[120.296678,22.628527],[120.296585,22.628497],[120.296567,22.628546],[120.296386,22.628487],[120.296267,22.628803]]]}},{"type":"Feature","id":"w265617134","properties":{"kind":"building","category":"commercial","name":"日安大廈","area_m2":703.1,"centroid":[120.302119,22.616217]},"geometry":{"type":"Polygon","coordinates":[[[120.30198,22.616141],[120.301908,22.616321],[120.302198,22.61642],[120.302282,22.61621],[120.302216,22.616188],[120.302202,22.616221],[120.302176,22.616213],[120.302189,22.616181],[120.302117,22.616156],[120.302096,22.616208],[120.302029,22.616185],[120.302038,22.61616],[120.30198,22.616141]]]}},{"type":"Feature","id":"w265617135","properties":{"kind":"building","category":"apartments","name":"聖田大樓","area_m2":563.8,"centroid":[120.304193,22.616793]},"geometry":{"type":"Polygon","coordinates":[[[120.304154,22.61664],[120.304054,22.616884],[120.304232,22.616946],[120.304332,22.616702],[120.304154,22.61664]]]}},{"type":"Feature","id":"w265617136","properties":{"kind":"building","category":"apartments","name":null,"area_m2":513.1,"centroid":[120.301921,22.616789]},"geometry":{"type":"Polygon","coordinates":[[[120.301804,22.616673],[120.301751,22.616813],[120.302038,22.616905],[120.302091,22.616764],[120.301804,22.616673]]]}},{"type":"Feature","id":"w265617137","properties":{"kind":"building","category":"commercial","name":null,"area_m2":727.3,"centroid":[120.30221,22.616941]},"geometry":{"type":"Polygon","coordinates":[[[120.302127,22.616786],[120.302041,22.617013],[120.302292,22.617095],[120.302378,22.616868],[120.302127,22.616786]]]}},{"type":"Feature","id":"w265617138","properties":{"kind":"building","category":"apartments","name":null,"area_m2":603.6,"centroid":[120.30387,22.617608]},"geometry":{"type":"Polygon","coordinates":[[[120.303785,22.617433],[120.304051,22.617513],[120.303982,22.61771],[120.303891,22.617683],[120.303908,22.617636],[120.303821,22.61761],[120.303806,22.617653],[120.303717,22.617627],[120.303785,22.617433]]]}},{"type":"Feature","id":"w265617139","properties":{"kind":"building","category":"commercial","name":null,"area_m2":605.4,"centroid":[120.302802,22.617075]},"geometry":{"type":"Polygon","coordinates":[[[120.302681,22.616991],[120.302654,22.617066],[120.302713,22.617144],[120.302962,22.617229],[120.302997,22.61714],[120.302981,22.617059],[120.302718,22.616969],[120.302709,22.617001],[120.302681,22.616991]]]}},{"type":"Feature","id":"w265617140","properties":{"kind":"building","category":"commercial","name":null,"area_m2":703.6,"centroid":[120.302404,22.616326]},"geometry":{"type":"Polygon","coordinates":[[[120.302298,22.616244],[120.302227,22.616429],[120.302516,22.616524],[120.302587,22.616339],[120.302437,22.61629],[120.302445,22.61627],[120.302366,22.616244],[120.302358,22.616264],[120.302298,22.616244]]]}},{"type":"Feature","id":"w265617141","properties":{"kind":"building","category":"commercial","name":null,"area_m2":1190.0,"centroid":[120.301447,22.616]},"geometry":{"type":"Polygon","coordinates":[[[120.301292,22.615945],[120.301313,22.61603],[120.301365,22.616106],[120.301743,22.61623],[120.301819,22.61602],[120.30147,22.615899],[120.301373,22.615932],[120.301339,22.615917],[120.301308,22.615921],[120.301292,22.615945]]]}},{"type":"Feature","id":"w265617142","properties":{"kind":"green","category":"village_green","name":null,"area_m2":2285.0,"centroid":[120.300456,22.616315]},"geometry":{"type":"Polygon","coordinates":[[[120.300142,22.616081],[120.300024,22.616401],[120.300573,22.616588],[120.300688,22.616306],[120.300673,22.61627],[120.300639,22.616242],[120.300142,22.616081]]]}},{"type":"Feature","id":"w265617143","properties":{"kind":"building","category":"commercial","name":"中山金融大廈","area_m2":621.7,"centroid":[120.303745,22.616752]},"geometry":{"type":"Polygon","coordinates":[[[120.303715,22.616613],[120.303989,22.616706],[120.303916,22.616889],[120.30371,22.616827],[120.303694,22.616787],[120.303694,22.616766],[120.303695,22.616754],[120.303679,22.616747],[120.303674,22.616727],[120.303681,22.616703],[120.303715,22.616613]]]}},{"type":"Feature","id":"w265617144","properties":{"kind":"building","category":"commercial","name":"聯邦商業銀行","area_m2":1026.9,"centroid":[120.300347,22.61637]},"geometry":{"type":"Polygon","coordinates":[[[120.300153,22.616208],[120.300086,22.616385],[120.30054,22.616532],[120.300607,22.616354],[120.300153,22.616208]]]}},{"type":"Feature","id":"w265620838","properties":{"kind":"building","category":"commercial","name":null,"area_m2":1570.0,"centroid":[120.293089,22.627982]},"geometry":{"type":"Polygon","coordinates":[[[120.293049,22.627695],[120.292992,22.627855],[120.293023,22.627866],[120.292987,22.627968],[120.292935,22.627948],[120.292878,22.628111],[120.292923,22.628184],[120.293056,22.628232],[120.293182,22.628196],[120.293236,22.628036],[120.293172,22.628016],[120.293209,22.627922],[120.293271,22.627941],[120.293331,22.627779],[120.293049,22.627695]]]}},{"type":"Feature","id":"w265620840","properties":{"kind":"building","category":"commercial","name":"合作金庫商業銀行","area_m2":609.9,"centroid":[120.292794,22.628632]},"geometry":{"type":"Polygon","coordinates":[[[120.29266,22.628504],[120.292603,22.62865],[120.292927,22.62876],[120.292985,22.628614],[120.29266,22.628504]]]}},{"type":"Feature","id":"w265620842","properties":{"kind":"building","category":"yes","name":"高雄市政府警察局交通警察大隊","area_m2":647.7,"centroid":[120.294304,22.628557]},"geometry":{"type":"Polygon","coordinates":[[[120.294209,22.628418],[120.294147,22.628577],[120.294176,22.628641],[120.294377,22.628708],[120.294458,22.628501],[120.294457,22.6285],[120.294209,22.628418]]]}},{"type":"Feature","id":"w265620852","properties":{"kind":"building","category":"parking","name":"合發前金立體停車場","area_m2":4920.2,"centroid":[120.293488,22.627751]},"geometry":{"type":"Polygon","coordinates":[[[120.292946,22.627346],[120.292864,22.627553],[120.293445,22.627751],[120.293377,22.627919],[120.294072,22.628155],[120.294222,22.627779],[120.292946,22.627346]]]}},{"type":"Feature","id":"w265620859","properties":{"kind":"building","category":"office","name":"東南文化大樓","area_m2":524.0,"centroid":[120.292071,22.629215]},"geometry":{"type":"Polygon","coordinates":[[[120.292037,22.629096],[120.291962,22.629284],[120.292019,22.629304],[120.292003,22.629344],[120.292115,22.629382],[120.292222,22.629114],[120.292113,22.629078],[120.292098,22.629116],[120.292037,22.629096]]]}},{"type":"Feature","id":"w265964522","properties":{"kind":"building","category":"commercial","name":"兆豐國際商業銀行","area_m2":688.2,"centroid":[120.290939,22.62742]},"geometry":{"type":"Polygon","coordinates":[[[120.290797,22.627285],[120.290737,22.627442],[120.291081,22.627554],[120.29114,22.627397],[120.290797,22.627285]]]}},{"type":"Feature","id":"w265964523","properties":{"kind":"building","category":"yes","name":"高雄市政府警察局本部","area_m2":5390.2,"centroid":[120.290857,22.628171]},"geometry":{"type":"Polygon","coordinates":[[[120.291447,22.628131],[120.29126,22.628621],[120.290394,22.628339],[120.290559,22.627896],[120.290623,22.627868],[120.291447,22.628131]]]}},{"type":"Feature","id":"w265964524","properties":{"kind":"building","category":"commercial","name":null,"area_m2":432.5,"centroid":[120.292137,22.627857]},"geometry":{"type":"Polygon","coordinates":[[[120.292,22.627887],[120.292126,22.627935],[120.292172,22.627935],[120.2922,22.627917],[120.292253,22.627765],[120.292072,22.627704],[120.292,22.627887]]]}},{"type":"Feature","id":"w266766359","properties":{"kind":"building","category":"commercial","name":null,"area_m2":1409.0,"centroid":[120.300291,22.613225]},"geometry":{"type":"Polygon","coordinates":[[[120.300131,22.613036],[120.300163,22.613024],[120.300394,22.613098],[120.300405,22.613119],[120.30039,22.613168],[120.300539,22.613219],[120.300465,22.61341],[120.300338,22.613369],[120.300273,22.6134],[120.300061,22.613334],[120.300041,22.613294],[120.300131,22.613036]]]}},{"type":"Feature","id":"w266766361","properties":{"kind":"building","category":"apartments","name":null,"area_m2":597.6,"centroid":[120.302962,22.614976]},"geometry":{"type":"Polygon","coordinates":[[[120.302786,22.615035],[120.302859,22.61506],[120.302878,22.615012],[120.303001,22.615054],[120.302981,22.615104],[120.303059,22.61513],[120.303142,22.614913],[120.303055,22.614881],[120.30303,22.614943],[120.302928,22.614909],[120.302952,22.614851],[120.302871,22.614823],[120.302786,22.615035]]]}},{"type":"Feature","id":"w266766364","properties":{"kind":"building","category":"apartments","name":null,"area_m2":1224.2,"centroid":[120.302675,22.614713]},"geometry":{"type":"Polygon","coordinates":[[[120.302538,22.6147],[120.302451,22.614925],[120.302731,22.615017],[120.302817,22.614795],[120.302722,22.614764],[120.302686,22.614858],[120.302593,22.614827],[120.302627,22.614738],[120.302667,22.614751],[120.302724,22.614605],[120.302745,22.614612],[120.30273,22.61465],[120.302796,22.614672],[120.302854,22.614521],[120.302679,22.61441],[120.302596,22.614632],[120.302616,22.614638],[120.302586,22.614716],[120.302538,22.6147]]]}},{"type":"Feature","id":"w266766367","properties":{"kind":"building","category":"commercial","name":null,"area_m2":704.8,"centroid":[120.302107,22.614346]},"geometry":{"type":"Polygon","coordinates":[[[120.302149,22.614067],[120.301959,22.614592],[120.302065,22.614624],[120.302256,22.6141],[120.302149,22.614067]]]}},{"type":"Feature","id":"w266766369","properties":{"kind":"building","category":"apartments","name":null,"area_m2":388.0,"centroid":[120.303059,22.614753]},"geometry":{"type":"Polygon","coordinates":[[[120.302939,22.614812],[120.303108,22.614871],[120.30318,22.614694],[120.303011,22.614635],[120.302939,22.614812]]]}},{"type":"Feature","id":"w266766371","properties":{"kind":"building","category":"commercial","name":null,"area_m2":288.8,"centroid":[120.301929,22.614345]},"geometry":{"type":"Polygon","coordinates":[[[120.301896,22.614237],[120.301832,22.614414],[120.301963,22.614451],[120.302027,22.614278],[120.301896,22.614237]]]}},{"type":"Feature","id":"w266766373","properties":{"kind":"building","category":"commercial","name":null,"area_m2":1493.0,"centroid":[120.300523,22.612854]},"geometry":{"type":"Polygon","coordinates":[[[120.300202,22.612926],[120.300296,22.612663],[120.300352,22.612631],[120.300674,22.612731],[120.300617,22.61289],[120.300633,22.612894],[120.300618,22.612935],[120.300676,22.612954],[120.300636,22.613058],[120.300202,22.612926]]]}},{"type":"Feature","id":"w266766378","properties":{"kind":"green","category":"village_green","name":null,"area_m2":413.7,"centroid":[120.302738,22.614696]},"geometry":{"type":"Polygon","coordinates":[[[120.302854,22.614521],[120.3029,22.614561],[120.302817,22.614795],[120.302722,22.614764],[120.302686,22.614858],[120.302593,22.614827],[120.302627,22.614738],[120.302667,22.614751],[120.302724,22.614605],[120.302745,22.614612],[120.30273,22.61465],[120.302796,22.614672],[120.302854,22.614521]]]}},{"type":"Feature","id":"w266766381","properties":{"kind":"green","category":"village_green","name":null,"area_m2":1425.4,"centroid":[120.301829,22.61221]},"geometry":{"type":"Polygon","coordinates":[[[120.301594,22.612271],[120.301636,22.612245],[120.301959,22.612349],[120.301968,22.612391],[120.302031,22.61241],[120.302077,22.612286],[120.302019,22.612268],[120.302042,22.612205],[120.302096,22.612223],[120.302127,22.61214],[120.301639,22.611987],[120.301616,22.612048],[120.301663,22.612063],[120.301645,22.612113],[120.301604,22.6121],[120.301546,22.612256],[120.301594,22.612271]]]}},{"type":"Feature","id":"w266766384","properties":{"kind":"green","category":"village_green","name":null,"area_m2":903.7,"centroid":[120.303022,22.614823]},"geometry":{"type":"Polygon","coordinates":[[[120.303142,22.614913],[120.303055,22.614881],[120.30303,22.614943],[120.302928,22.614909],[120.302952,22.614851],[120.302871,22.614823],[120.302971,22.614564],[120.30323,22.614704],[120.303142,22.614913]]]}},{"type":"Feature","id":"w266766389","properties":{"kind":"building","category":"apartments","name":"琢真園","area_m2":1188.1,"centroid":[120.30238,22.614411]},"geometry":{"type":"Polygon","coordinates":[[[120.302308,22.614239],[120.302234,22.614443],[120.302358,22.614481],[120.302265,22.614737],[120.302382,22.614773],[120.302594,22.614187],[120.302474,22.61415],[120.302428,22.614276],[120.302308,22.614239]]]}},{"type":"Feature","id":"w266788006","properties":{"kind":"building","category":"office","name":"中華電信高雄服務中心","area_m2":1495.5,"centroid":[120.305155,22.6339]},"geometry":{"type":"Polygon","coordinates":[[[120.305133,22.634007],[120.305148,22.634183],[120.305294,22.634172],[120.305338,22.634099],[120.3053,22.633766],[120.305166,22.633636],[120.305033,22.633641],[120.30498,22.633691],[120.304999,22.633901],[120.305133,22.634007]]]}},{"type":"Feature","id":"w268609136","properties":{"kind":"building","category":"commercial","name":"台鳳帝門","area_m2":690.6,"centroid":[120.296628,22.617681]},"geometry":{"type":"Polygon","coordinates":[[[120.296524,22.617539],[120.296452,22.617733],[120.296732,22.617823],[120.296804,22.617629],[120.296524,22.617539]]]}},{"type":"Feature","id":"w269874270","properties":{"kind":"building","category":"dormitory","name":"翠亨山莊L棟","area_m2":1179.6,"centroid":[120.268658,22.62802]},"geometry":{"type":"Polygon","coordinates":[[[120.26845,22.627793],[120.268452,22.627905],[120.268523,22.627904],[120.268523,22.627925],[120.268715,22.627922],[120.26872,22.628206],[120.268736,22.628206],[120.268737,22.628277],[120.268868,22.628275],[120.268859,22.627787],[120.26845,22.627793]]]}},{"type":"Feature","id":"w269874272","properties":{"kind":"building","category":"dormitory","name":"翠亨山莊H棟","area_m2":1151.9,"centroid":[120.268029,22.627552]},"geometry":{"type":"Polygon","coordinates":[[[120.267793,22.627407],[120.267798,22.627678],[120.267979,22.627675],[120.26798,22.627688],[120.268287,22.627683],[120.268286,22.62766],[120.268359,22.627659],[120.268356,22.627549],[120.267941,22.627556],[120.267937,22.62733],[120.267816,22.627332],[120.267818,22.627406],[120.267793,22.627407]]]}},{"type":"Feature","id":"w269874275","properties":{"kind":"building","category":"university","name":"理工大樓","area_m2":848.9,"centroid":[120.267015,22.627516]},"geometry":{"type":"Polygon","coordinates":[[[120.267224,22.627424],[120.267227,22.627602],[120.266806,22.627607],[120.266803,22.62743],[120.267224,22.627424]]]}},{"type":"Feature","id":"w269874276","properties":{"kind":"building","category":"university","name":"材料大樓","area_m2":849.0,"centroid":[120.267024,22.626988]},"geometry":{"type":"Polygon","coordinates":[[[120.267233,22.626897],[120.267236,22.627074],[120.266815,22.62708],[120.266812,22.626902],[120.267233,22.626897]]]}},{"type":"Feature","id":"w270012143","properties":{"kind":"building","category":"dormitory","name":"職員宿舍","area_m2":321.6,"centroid":[120.270128,22.627436]},"geometry":{"type":"Polygon","coordinates":[[[120.269988,22.627436],[120.270042,22.627537],[120.270267,22.627436],[120.270214,22.627334],[120.269988,22.627436]]]}},{"type":"Feature","id":"w270012144","properties":{"kind":"building","category":"dormitory","name":"職員宿舍","area_m2":273.8,"centroid":[120.270431,22.627304]},"geometry":{"type":"Polygon","coordinates":[[[120.270286,22.627307],[120.270315,22.62736],[120.270354,22.627342],[120.270378,22.627385],[120.270533,22.627312],[120.270511,22.627273],[120.27055,22.627255],[120.270519,22.627198],[120.270286,22.627307]]]}},{"type":"Feature","id":"w270012145","properties":{"kind":"building","category":"dormitory","name":"職員宿舍","area_m2":490.0,"centroid":[120.269918,22.627511]},"geometry":{"type":"Polygon","coordinates":[[[120.269717,22.627415],[120.269842,22.627656],[120.27002,22.627576],[120.270008,22.627554],[120.270028,22.627545],[120.26999,22.627471],[120.269906,22.627509],[120.26983,22.627364],[120.269717,22.627415]]]}},{"type":"Feature","id":"w270012151","properties":{"kind":"building","category":"dormitory","name":"翠亨山莊","area_m2":464.6,"centroid":[120.268291,22.628391]},"geometry":{"type":"Polygon","coordinates":[[[120.268082,22.628302],[120.268082,22.628432],[120.268125,22.628432],[120.268125,22.628379],[120.268184,22.628379],[120.268184,22.628401],[120.268263,22.628401],[120.268264,22.628382],[120.268319,22.628382],[120.268319,22.628406],[120.268403,22.628406],[120.268403,22.628384],[120.268457,22.628384],[120.268457,22.628438],[120.268497,22.628438],[120.268498,22.628303],[120.268082,22.628302]]]}},{"type":"Feature","id":"w270012152","properties":{"kind":"building","category":"dormitory","name":"翠亨山莊","area_m2":671.6,"centroid":[120.267856,22.628596]},"geometry":{"type":"Polygon","coordinates":[[[120.267654,22.628599],[120.267653,22.628732],[120.26777,22.628733],[120.267771,22.628584],[120.267824,22.628585],[120.267823,22.628705],[120.267976,22.628706],[120.267977,22.628586],[120.268079,22.628587],[120.26808,22.628507],[120.267938,22.628506],[120.267938,22.628551],[120.267871,22.628551],[120.267871,22.628504],[120.267736,22.628502],[120.267735,22.6286],[120.267654,22.628599]]]}},{"type":"Feature","id":"w270012153","properties":{"kind":"building","category":"dormitory","name":"翠亨山莊","area_m2":746.6,"centroid":[120.268688,22.628583]},"geometry":{"type":"Polygon","coordinates":[[[120.26845,22.628489],[120.268451,22.628591],[120.268495,22.628591],[120.268495,22.628566],[120.268553,22.628565],[120.268556,22.628693],[120.268695,22.628691],[120.268694,22.628644],[120.268755,22.628643],[120.268756,22.628693],[120.268899,22.628691],[120.268896,22.62858],[120.268855,22.62858],[120.268856,22.628601],[120.268796,22.628602],[120.268795,22.628557],[120.268821,22.628556],[120.26882,22.628485],[120.268651,22.628488],[120.268652,22.628521],[120.268596,22.628521],[120.268595,22.628486],[120.26845,22.628489]]]}},{"type":"Feature","id":"w270012154","properties":{"kind":"building","category":"dormitory","name":"男生宿舍","area_m2":1068.6,"centroid":[120.267762,22.628245]},"geometry":{"type":"Polygon","coordinates":[[[120.267465,22.62826],[120.267464,22.628384],[120.267576,22.628385],[120.267578,22.628236],[120.267635,22.628236],[120.267634,22.628351],[120.267778,22.628352],[120.267778,22.628306],[120.26784,22.628307],[120.267839,22.628352],[120.267985,22.628353],[120.267986,22.628226],[120.268083,22.628227],[120.268084,22.628144],[120.267949,22.628143],[120.267948,22.628184],[120.267881,22.628184],[120.267881,22.628153],[120.267739,22.628152],[120.267739,22.62819],[120.267676,22.62819],[120.267676,22.628158],[120.267533,22.628157],[120.267532,22.62826],[120.267465,22.62826]]]}},{"type":"Feature","id":"w270012155","properties":{"kind":"building","category":"dormitory","name":"翠亨山莊","area_m2":1245.1,"centroid":[120.268411,22.628808]},"geometry":{"type":"Polygon","coordinates":[[[120.267985,22.628932],[120.267986,22.629018],[120.268135,22.629017],[120.268135,22.628969],[120.268231,22.628968],[120.268231,22.628843],[120.268138,22.628844],[120.268137,22.628733],[120.268194,22.628733],[120.268195,22.628754],[120.268276,22.628754],[120.268276,22.628737],[120.268335,22.628736],[120.268335,22.628754],[120.268411,22.628754],[120.268411,22.628733],[120.268468,22.628733],[120.268469,22.62885],[120.268617,22.628849],[120.268617,22.628876],[120.268876,22.628875],[120.268875,22.62879],[120.268843,22.62879],[120.268843,22.628805],[120.268779,22.628805],[120.268779,22.628787],[120.268712,22.628788],[120.268712,22.6288],[120.268652,22.6288],[120.268652,22.628784],[120.268613,22.628784],[120.268613,22.62875],[120.26857,22.628751],[120.26857,22.628765],[120.268513,22.628765],[120.268512,22.628652],[120.268099,22.628655],[120.2681,22.628753],[120.268033,22.628753],[120.268034,22.628881],[120.268154,22.628881],[120.268155,22.628931],[120.267985,22.628932]]]}},{"type":"Feature","id":"w270583852","properties":{"kind":"building","category":"apartments","name":null,"area_m2":296.6,"centroid":[120.295322,22.616717]},"geometry":{"type":"Polygon","coordinates":[[[120.295222,22.616645],[120.295192,22.616723],[120.295313,22.616763],[120.295301,22.616793],[120.29539,22.616822],[120.29545,22.616667],[120.295363,22.616638],[120.295345,22.616685],[120.295222,22.616645]]]}},{"type":"Feature","id":"w274995513","properties":{"kind":"building","category":"apartments","name":null,"area_m2":828.3,"centroid":[120.285529,22.628264]},"geometry":{"type":"Polygon","coordinates":[[[120.285567,22.628],[120.285712,22.62825],[120.285642,22.628439],[120.285478,22.628397],[120.285446,22.628334],[120.285506,22.628308],[120.28553,22.628352],[120.285558,22.628358],[120.285603,22.62826],[120.285554,22.628162],[120.285409,22.62822],[120.285348,22.628089],[120.285567,22.628]]]}},{"type":"Feature","id":"w274995514","properties":{"kind":"building","category":"apartments","name":null,"area_m2":725.8,"centroid":[120.286009,22.628436]},"geometry":{"type":"Polygon","coordinates":[[[120.285796,22.6285],[120.286089,22.6286],[120.286149,22.62845],[120.286059,22.628419],[120.286083,22.628359],[120.285879,22.62829],[120.285796,22.6285]]]}},{"type":"Feature","id":"w274995515","properties":{"kind":"building","category":"apartments","name":"大高雄第一城","area_m2":801.2,"centroid":[120.285746,22.62895]},"geometry":{"type":"Polygon","coordinates":[[[120.285602,22.628971],[120.285619,22.629016],[120.285875,22.629099],[120.285962,22.628876],[120.285671,22.628789],[120.285602,22.628971]]]}},{"type":"Feature","id":"w275625293","properties":{"kind":"building","category":"apartments","name":"建築翻轉城市","area_m2":2504.4,"centroid":[120.297591,22.618206]},"geometry":{"type":"Polygon","coordinates":[[[120.297195,22.61791],[120.297095,22.618156],[120.297813,22.618414],[120.297887,22.618379],[120.297966,22.618173],[120.297195,22.61791]]]}},{"type":"Feature","id":"w275625294","properties":{"kind":"building","category":"commercial","name":"第一商業銀行","area_m2":1281.0,"centroid":[120.297033,22.621435]},"geometry":{"type":"Polygon","coordinates":[[[120.29686,22.621505],[120.296896,22.621552],[120.297129,22.621639],[120.29728,22.621292],[120.296998,22.621187],[120.29686,22.621505]]]}},{"type":"Feature","id":"w277642734","properties":{"kind":"building","category":"church","name":"天主教高雄教區中心","area_m2":366.7,"centroid":[120.291947,22.620459]},"geometry":{"type":"Polygon","coordinates":[[[120.292008,22.620529],[120.291743,22.620481],[120.291742,22.620389],[120.292006,22.620392],[120.292006,22.620429],[120.292033,22.620429],[120.292032,22.62051],[120.292007,22.62051],[120.292008,22.620529]]]}},{"type":"Feature","id":"w277643359","properties":{"kind":"building","category":"yes","name":null,"area_m2":331.3,"centroid":[120.291827,22.619925]},"geometry":{"type":"Polygon","coordinates":[[[120.291889,22.620029],[120.291721,22.619954],[120.291681,22.619956],[120.291669,22.619939],[120.291945,22.619808],[120.29196,22.619845],[120.291922,22.619943],[120.291889,22.620029]]]}},{"type":"Feature","id":"w278864664","properties":{"kind":"building","category":"yes","name":"高雄市政府警察局苓雅分局","area_m2":792.4,"centroid":[120.303555,22.618371]},"geometry":{"type":"Polygon","coordinates":[[[120.303418,22.618423],[120.303536,22.618116],[120.303747,22.618185],[120.30363,22.61849],[120.303561,22.618468],[120.303573,22.618435],[120.303494,22.618409],[120.303481,22.618444],[120.303418,22.618423]]]}},{"type":"Feature","id":"w278866066","properties":{"kind":"building","category":"yes","name":"海霸王城市商旅","area_m2":2816.1,"centroid":[120.284515,22.619204]},"geometry":{"type":"Polygon","coordinates":[[[120.284162,22.619114],[120.284397,22.619525],[120.284869,22.619294],[120.284634,22.618884],[120.284162,22.619114]]]}},{"type":"Feature","id":"w278866067","properties":{"kind":"green","category":"park","name":null,"area_m2":4158.2,"centroid":[120.28385,22.619485]},"geometry":{"type":"Polygon","coordinates":[[[120.283404,22.619418],[120.283669,22.619868],[120.284297,22.619553],[120.284032,22.619103],[120.283404,22.619418]]]}},{"type":"Feature","id":"w278867269","properties":{"kind":"building","category":"warehouse","name":null,"area_m2":1039.0,"centroid":[120.280551,22.620833]},"geometry":{"type":"Polygon","coordinates":[[[120.280458,22.621019],[120.280834,22.62084],[120.280727,22.620647],[120.280375,22.620815],[120.28036,22.620844],[120.280458,22.621019]]]}},{"type":"Feature","id":"w278870059","properties":{"kind":"building","category":"commercial","name":null,"area_m2":990.3,"centroid":[120.295281,22.629484]},"geometry":{"type":"Polygon","coordinates":[[[120.295057,22.629312],[120.294978,22.629523],[120.295315,22.629638],[120.295418,22.629586],[120.295394,22.629519],[120.295376,22.629461],[120.295365,22.629427],[120.295343,22.629404],[120.295057,22.629312]]]}},{"type":"Feature","id":"w279285220","properties":{"kind":"building","category":"office","name":null,"area_m2":2372.4,"centroid":[120.281891,22.621066]},"geometry":{"type":"Polygon","coordinates":[[[120.28151,22.621063],[120.281524,22.621012],[120.282078,22.620764],[120.282139,22.620779],[120.282278,22.621046],[120.282099,22.621129],[120.282063,22.62106],[120.281764,22.621202],[120.281798,22.621271],[120.281659,22.62133],[120.28151,22.621063]]]}},{"type":"Feature","id":"w279285223","properties":{"kind":"building","category":"office","name":null,"area_m2":800.0,"centroid":[120.279683,22.620944]},"geometry":{"type":"Polygon","coordinates":[[[120.279461,22.620836],[120.279632,22.621174],[120.279842,22.621083],[120.279796,22.620994],[120.279717,22.621028],[120.279634,22.620864],[120.279714,22.620829],[120.279671,22.620746],[120.279461,22.620836]]]}},{"type":"Feature","id":"w279285224","properties":{"kind":"building","category":"yes","name":"全聯福利中心","area_m2":1103.9,"centroid":[120.279921,22.621403]},"geometry":{"type":"Polygon","coordinates":[[[120.279715,22.621291],[120.279891,22.621623],[120.280127,22.621516],[120.279951,22.621184],[120.279715,22.621291]]]}},{"type":"Feature","id":"w279285225","properties":{"kind":"building","category":"yes","name":"文賓大飯店","area_m2":712.8,"centroid":[120.282771,22.621136]},"geometry":{"type":"Polygon","coordinates":[[[120.282583,22.621108],[120.282676,22.621289],[120.282959,22.621165],[120.282866,22.620984],[120.282583,22.621108]]]}},{"type":"Feature","id":"w280671712","properties":{"kind":"building","category":"apartments","name":"新樓中樓","area_m2":700.0,"centroid":[120.297567,22.636953]},"geometry":{"type":"Polygon","coordinates":[[[120.297448,22.636815],[120.297381,22.636996],[120.297686,22.637092],[120.297753,22.636911],[120.297448,22.636815]]]}},{"type":"Feature","id":"w280728856","properties":{"kind":"building","category":"commercial","name":null,"area_m2":1214.8,"centroid":[120.304088,22.631559]},"geometry":{"type":"Polygon","coordinates":[[[120.303863,22.63143],[120.303872,22.631558],[120.303936,22.631554],[120.303939,22.631602],[120.303912,22.631604],[120.30392,22.631705],[120.3043,22.631681],[120.304291,22.631555],[120.304236,22.631558],[120.304234,22.63153],[120.304283,22.631527],[120.304275,22.631405],[120.303863,22.63143]]]}},{"type":"Feature","id":"w280728857","properties":{"kind":"building","category":"commercial","name":null,"area_m2":720.7,"centroid":[120.304466,22.631518]},"geometry":{"type":"Polygon","coordinates":[[[120.304291,22.631412],[120.304311,22.631646],[120.304545,22.631634],[120.304579,22.631605],[120.304563,22.631421],[120.304505,22.631393],[120.304291,22.631412]]]}},{"type":"Feature","id":"w283230397","properties":{"kind":"building","category":"commercial","name":"修修網","area_m2":152.9,"centroid":[120.290927,22.631166]},"geometry":{"type":"Polygon","coordinates":[[[120.290993,22.631231],[120.290831,22.631174],[120.290862,22.631101],[120.291023,22.631159],[120.290993,22.631231]]]}},{"type":"Feature","id":"w288270610","properties":{"kind":"building","category":"public","name":"三塊厝聯合里活動中心","area_m2":1468.8,"centroid":[120.295757,22.636139]},"geometry":{"type":"Polygon","coordinates":[[[120.295974,22.635981],[120.295828,22.636386],[120.29554,22.636298],[120.295687,22.635893],[120.295974,22.635981]]]}},{"type":"Feature","id":"w288270611","properties":{"kind":"building","category":"temple","name":"天賜宮","area_m2":35.0,"centroid":[120.295583,22.63612]},"geometry":{"type":"Polygon","coordinates":[[[120.295552,22.636159],[120.295584,22.636169],[120.295614,22.63608],[120.295583,22.636071],[120.295552,22.636159]]]}},{"type":"Feature","id":"w288281346","properties":{"kind":"building","category":"temple","name":"玉皇宮","area_m2":1777.3,"centroid":[120.289497,22.634056]},"geometry":{"type":"Polygon","coordinates":[[[120.289738,22.633881],[120.28943,22.63378],[120.289256,22.634231],[120.289564,22.634332],[120.289738,22.633881]]]}},{"type":"Feature","id":"w288281349","properties":{"kind":"building","category":"yes","name":"三聖殿","area_m2":82.5,"centroid":[120.28461,22.633104]},"geometry":{"type":"Polygon","coordinates":[[[120.284665,22.633144],[120.284679,22.633088],[120.284555,22.633064],[120.28454,22.633119],[120.284665,22.633144]]]}},{"type":"Feature","id":"w288281350","properties":{"kind":"building","category":"temple","name":"溫王廟","area_m2":299.5,"centroid":[120.285608,22.630343]},"geometry":{"type":"Polygon","coordinates":[[[120.285606,22.630535],[120.285712,22.630278],[120.28566,22.630238],[120.285579,22.630281],[120.285565,22.63036],[120.285523,22.630369],[120.285606,22.630535]]]}},{"type":"Feature","id":"w288727048","properties":{"kind":"building","category":"yes","name":"北極殿","area_m2":234.0,"centroid":[120.284812,22.62939]},"geometry":{"type":"Polygon","coordinates":[[[120.284938,22.629481],[120.28466,22.629389],[120.284839,22.6293],[120.284938,22.629481]]]}},{"type":"Feature","id":"w288727051","properties":{"kind":"building","category":"temple","name":"壽山宮","area_m2":267.5,"centroid":[120.282585,22.629098]},"geometry":{"type":"Polygon","coordinates":[[[120.282689,22.629192],[120.282565,22.628965],[120.282482,22.629003],[120.282606,22.62923],[120.282689,22.629192]]]}},{"type":"Feature","id":"w288727053","properties":{"kind":"building","category":"temple","name":"保安宮","area_m2":285.7,"centroid":[120.281416,22.628261]},"geometry":{"type":"Polygon","coordinates":[[[120.281364,22.628382],[120.281496,22.628264],[120.281514,22.628148],[120.28129,22.62825],[120.281364,22.628382]]]}},{"type":"Feature","id":"w288727056","properties":{"kind":"building","category":"yes","name":"恩德宮","area_m2":82.6,"centroid":[120.280361,22.624013]},"geometry":{"type":"Polygon","coordinates":[[[120.280326,22.624066],[120.280428,22.624016],[120.280396,22.62396],[120.280294,22.624011],[120.280326,22.624066]]]}},{"type":"Feature","id":"w288727061","properties":{"kind":"building","category":"yes","name":"南王宮","area_m2":105.5,"centroid":[120.282,22.621139]},"geometry":{"type":"Polygon","coordinates":[[[120.281948,22.621197],[120.282082,22.621135],[120.282051,22.62108],[120.281917,22.621142],[120.281948,22.621197]]]}},{"type":"Feature","id":"w288728921","properties":{"kind":"building","category":"commercial","name":"七福商店街","area_m2":1173.5,"centroid":[120.285179,22.628444]},"geometry":{"type":"Polygon","coordinates":[[[120.285399,22.628404],[120.285388,22.628455],[120.285179,22.628536],[120.285183,22.62855],[120.285115,22.628577],[120.285108,22.628563],[120.285053,22.628556],[120.284989,22.628434],[120.284944,22.628342],[120.285284,22.628192],[120.285331,22.628278],[120.285399,22.628404]]]}},{"type":"Feature","id":"w288728925","properties":{"kind":"building","category":"temple","name":"沙多宮五府千歲","area_m2":577.9,"centroid":[120.284513,22.62778]},"geometry":{"type":"Polygon","coordinates":[[[120.284749,22.627791],[120.284485,22.627901],[120.284439,22.627804],[120.28437,22.627823],[120.284338,22.627751],[120.284536,22.627671],[120.284674,22.627716],[120.284749,22.627791]]]}},{"type":"Feature","id":"w288728926","properties":{"kind":"building","category":"temple","name":"霞海城隍廟","area_m2":426.1,"centroid":[120.283647,22.628207]},"geometry":{"type":"Polygon","coordinates":[[[120.283775,22.628276],[120.283667,22.628072],[120.283519,22.628138],[120.283626,22.628343],[120.283775,22.628276]]]}},{"type":"Feature","id":"w289023334","properties":{"kind":"building","category":"apartments","name":null,"area_m2":2945.7,"centroid":[120.307088,22.615161]},"geometry":{"type":"Polygon","coordinates":[[[120.306752,22.6152],[120.306662,22.615445],[120.306929,22.615529],[120.30702,22.615281],[120.306955,22.615261],[120.306986,22.615176],[120.307034,22.615191],[120.307049,22.615149],[120.307091,22.615162],[120.307074,22.615207],[120.307433,22.61532],[120.307468,22.615224],[120.307417,22.615208],[120.307433,22.615166],[120.307487,22.615183],[120.307528,22.615073],[120.307172,22.614962],[120.307156,22.615004],[120.307117,22.614992],[120.307131,22.614955],[120.306896,22.614875],[120.306849,22.6149],[120.30676,22.615136],[120.306906,22.615182],[120.306884,22.615242],[120.306752,22.6152]]]}},{"type":"Feature","id":"w293503045","properties":{"kind":"building","category":"apartments","name":"觀海大樓","area_m2":1510.0,"centroid":[120.291184,22.619825]},"geometry":{"type":"Polygon","coordinates":[[[120.290833,22.62008],[120.290854,22.620102],[120.291473,22.619811],[120.291454,22.619767],[120.291546,22.619731],[120.291523,22.619669],[120.291197,22.619807],[120.291177,22.619757],[120.29093,22.619753],[120.290851,22.619777],[120.290833,22.62008]]]}},{"type":"Feature","id":"w293798230","properties":{"kind":"building","category":"hotel","name":"康橋商旅(光榮碼頭館)","area_m2":378.6,"centroid":[120.295086,22.617418]},"geometry":{"type":"Polygon","coordinates":[[[120.294974,22.6175],[120.295112,22.617548],[120.295198,22.617335],[120.295061,22.617288],[120.294974,22.6175]]]}},{"type":"Feature","id":"w302528975","properties":{"kind":"building","category":"warehouse","name":null,"area_m2":1076.3,"centroid":[120.280322,22.617814]},"geometry":{"type":"Polygon","coordinates":[[[120.280059,22.617822],[120.280151,22.617999],[120.280586,22.617806],[120.280494,22.617629],[120.280059,22.617822]]]}},{"type":"Feature","id":"w302528976","properties":{"kind":"building","category":"warehouse","name":"棧伍庫 KW5","area_m2":2243.2,"centroid":[120.280448,22.61741]},"geometry":{"type":"Polygon","coordinates":[[[120.279908,22.617557],[120.279994,22.617717],[120.280988,22.617262],[120.280903,22.617103],[120.279908,22.617557]]]}},{"type":"Feature","id":"w302528977","properties":{"kind":"building","category":"warehouse","name":"棧陸庫 KW6","area_m2":2232.7,"centroid":[120.281562,22.616902]},"geometry":{"type":"Polygon","coordinates":[[[120.281064,22.617019],[120.281157,22.617195],[120.28206,22.616785],[120.281967,22.61661],[120.281064,22.617019]]]}},{"type":"Feature","id":"w302528978","properties":{"kind":"building","category":"warehouse","name":null,"area_m2":1067.6,"centroid":[120.279788,22.618058]},"geometry":{"type":"Polygon","coordinates":[[[120.279527,22.618069],[120.279623,22.618245],[120.280049,22.618047],[120.279953,22.617871],[120.279527,22.618069]]]}},{"type":"Feature","id":"w302528979","properties":{"kind":"building","category":"warehouse","name":"棧柒庫 KW7","area_m2":3411.9,"centroid":[120.28283,22.616683]},"geometry":{"type":"Polygon","coordinates":[[[120.28225,22.616807],[120.282376,22.617039],[120.28341,22.616559],[120.283284,22.616327],[120.28225,22.616807]]]}},{"type":"Feature","id":"w303165537","properties":{"kind":"building","category":"transportation","name":"高雄捷運哈瑪星站2號出口","area_m2":304.0,"centroid":[120.275373,22.621532]},"geometry":{"type":"Polygon","coordinates":[[[120.275359,22.621631],[120.275418,22.621598],[120.275476,22.621565],[120.275365,22.621399],[120.275248,22.621465],[120.275359,22.621631]]]}},{"type":"Feature","id":"w303975018","properties":{"kind":"building","category":"apartments","name":null,"area_m2":211.6,"centroid":[120.294436,22.614634]},"geometry":{"type":"Polygon","coordinates":[[[120.294548,22.614618],[120.294513,22.614708],[120.294342,22.614654],[120.294342,22.614557],[120.294548,22.614618]]]}},{"type":"Feature","id":"w303975019","properties":{"kind":"building","category":"apartments","name":null,"area_m2":345.5,"centroid":[120.294448,22.614499]},"geometry":{"type":"Polygon","coordinates":[[[120.294604,22.614493],[120.294564,22.61459],[120.29431,22.614513],[120.294315,22.6144],[120.294604,22.614493]]]}},{"type":"Feature","id":"w303975020","properties":{"kind":"building","category":"commercial","name":null,"area_m2":458.0,"centroid":[120.293658,22.613719]},"geometry":{"type":"Polygon","coordinates":[[[120.293632,22.613857],[120.293727,22.613819],[120.293753,22.613738],[120.293662,22.613561],[120.293515,22.613622],[120.293632,22.613857]]]}},{"type":"Feature","id":"w304043374","properties":{"kind":"building","category":"commercial","name":null,"area_m2":687.4,"centroid":[120.306545,22.634532]},"geometry":{"type":"Polygon","coordinates":[[[120.306372,22.634475],[120.30638,22.634593],[120.306437,22.634588],[120.30644,22.634628],[120.306665,22.634612],[120.306662,22.634568],[120.306714,22.634566],[120.306708,22.63444],[120.306669,22.634411],[120.306405,22.634436],[120.306372,22.634475]]]}},{"type":"Feature","id":"w304224378","properties":{"kind":"building","category":"apartments","name":"2001廣場","area_m2":1957.3,"centroid":[120.307887,22.615633]},"geometry":{"type":"Polygon","coordinates":[[[120.307501,22.615621],[120.307594,22.61565],[120.307602,22.615628],[120.307649,22.615642],[120.307638,22.61567],[120.307932,22.615761],[120.307922,22.61579],[120.308025,22.615822],[120.308042,22.615776],[120.307999,22.615763],[120.308013,22.615725],[120.30806,22.615739],[120.308113,22.615596],[120.308066,22.615582],[120.308084,22.615533],[120.308141,22.61555],[120.308157,22.615506],[120.308098,22.615488],[120.308112,22.615448],[120.308081,22.615439],[120.308125,22.615318],[120.308292,22.615375],[120.308308,22.615423],[120.308091,22.61598],[120.307834,22.6159],[120.307855,22.615842],[120.307338,22.615682],[120.307374,22.615582],[120.30746,22.615608],[120.307469,22.615583],[120.307511,22.615596],[120.307501,22.615621]]]}},{"type":"Feature","id":"w304224382","properties":{"kind":"building","category":"apartments","name":"2001廣場","area_m2":616.1,"centroid":[120.307892,22.615524]},"geometry":{"type":"Polygon","coordinates":[[[120.307726,22.615573],[120.307984,22.615661],[120.308058,22.615476],[120.3078,22.615388],[120.307726,22.615573]]]}},{"type":"Feature","id":"w304224384","properties":{"kind":"building","category":"apartments","name":"2001廣場","area_m2":617.7,"centroid":[120.30758,22.615418]},"geometry":{"type":"Polygon","coordinates":[[[120.307414,22.615467],[120.307672,22.615555],[120.307747,22.61537],[120.307488,22.615282],[120.307414,22.615467]]]}},{"type":"Feature","id":"w304224391","properties":{"kind":"building","category":"apartments","name":null,"area_m2":789.9,"centroid":[120.307182,22.615482]},"geometry":{"type":"Polygon","coordinates":[[[120.307001,22.615553],[120.307275,22.615641],[120.307316,22.615534],[120.307297,22.615528],[120.30735,22.615391],[120.307113,22.615314],[120.307061,22.61545],[120.307043,22.615444],[120.307001,22.615553]]]}},{"type":"Feature","id":"w304683524","properties":{"kind":"building","category":"yes","name":null,"area_m2":1334.3,"centroid":[120.280784,22.624556]},"geometry":{"type":"Polygon","coordinates":[[[120.280971,22.624469],[120.280929,22.624779],[120.280753,22.624868],[120.280513,22.624429],[120.280711,22.62435],[120.280776,22.624468],[120.280729,22.624488],[120.280786,22.624604],[120.280848,22.624576],[120.280828,22.62453],[120.280971,22.624469]]]}},{"type":"Feature","id":"w304683526","properties":{"kind":"building","category":"apartments","name":null,"area_m2":277.6,"centroid":[120.280486,22.625319]},"geometry":{"type":"Polygon","coordinates":[[[120.280371,22.625297],[120.280431,22.625415],[120.280601,22.625342],[120.280541,22.625224],[120.280371,22.625297]]]}},{"type":"Feature","id":"w304683527","properties":{"kind":"building","category":"apartments","name":null,"area_m2":448.2,"centroid":[120.28222,22.626857]},"geometry":{"type":"Polygon","coordinates":[[[120.282085,22.626815],[120.282197,22.627011],[120.28235,22.626943],[120.282262,22.626765],[120.282207,22.62675],[120.282085,22.626815]]]}},{"type":"Feature","id":"w304683529","properties":{"kind":"building","category":"apartments","name":null,"area_m2":206.4,"centroid":[120.280058,22.625506]},"geometry":{"type":"Polygon","coordinates":[[[120.279944,22.625502],[120.279998,22.625599],[120.280156,22.625519],[120.280128,22.625463],[120.280063,22.625448],[120.279944,22.625502]]]}},{"type":"Feature","id":"w304683530","properties":{"kind":"building","category":"commercial","name":null,"area_m2":624.8,"centroid":[120.286279,22.62199]},"geometry":{"type":"Polygon","coordinates":[[[120.286062,22.621926],[120.286181,22.622134],[120.286346,22.62206],[120.286366,22.622033],[120.286362,22.621988],[120.286354,22.621958],[120.286282,22.621831],[120.286062,22.621926]]]}},{"type":"Feature","id":"w304683531","properties":{"kind":"building","category":"office","name":null,"area_m2":539.1,"centroid":[120.280366,22.624717]},"geometry":{"type":"Polygon","coordinates":[[[120.280216,22.624653],[120.28026,22.624738],[120.280277,22.624729],[120.28031,22.624791],[120.280419,22.624742],[120.280449,22.624793],[120.280552,22.624742],[120.280446,22.624547],[120.280216,22.624653]]]}},{"type":"Feature","id":"w304683533","properties":{"kind":"building","category":"apartments","name":"海洋美景","area_m2":300.8,"centroid":[120.287667,22.619985]},"geometry":{"type":"Polygon","coordinates":[[[120.28756,22.619922],[120.287657,22.620103],[120.287774,22.620049],[120.287678,22.619868],[120.28756,22.619922]]]}},{"type":"Feature","id":"w304683534","properties":{"kind":"building","category":"apartments","name":"海洋美景","area_m2":299.7,"centroid":[120.287873,22.619997]},"geometry":{"type":"Polygon","coordinates":[[[120.287766,22.619933],[120.287862,22.620114],[120.28798,22.620061],[120.287883,22.61988],[120.287766,22.619933]]]}},{"type":"Feature","id":"w304683538","properties":{"kind":"building","category":"apartments","name":"港灣麗池","area_m2":1140.5,"centroid":[120.285907,22.622026]},"geometry":{"type":"Polygon","coordinates":[[[120.285914,22.622226],[120.285976,22.622235],[120.286106,22.622176],[120.285856,22.62171],[120.285682,22.621783],[120.285914,22.622226]]]}},{"type":"Feature","id":"w304683539","properties":{"kind":"building","category":"retail","name":"漢王洲際飯店","area_m2":976.8,"centroid":[120.281648,22.624794]},"geometry":{"type":"Polygon","coordinates":[[[120.281533,22.624797],[120.28165,22.625006],[120.281916,22.624898],[120.281762,22.624622],[120.281561,22.62471],[120.28156,22.624747],[120.281554,22.624775],[120.281533,22.624797]]]}},{"type":"Feature","id":"w309738354","properties":{"kind":"building","category":"hotel","name":"御宿商旅","area_m2":309.8,"centroid":[120.30328,22.63749]},"geometry":{"type":"Polygon","coordinates":[[[120.303346,22.637393],[120.30336,22.637579],[120.303214,22.637588],[120.3032,22.637402],[120.303346,22.637393]]]}},{"type":"Feature","id":"w309738355","properties":{"kind":"building","category":"commercial","name":null,"area_m2":351.9,"centroid":[120.30467,22.6374]},"geometry":{"type":"Polygon","coordinates":[[[120.304743,22.637305],[120.304765,22.637477],[120.304598,22.637506],[120.304575,22.637313],[120.304743,22.637305]]]}},{"type":"Feature","id":"w309738356","properties":{"kind":"building","category":"hotel","name":"康橋商旅","area_m2":582.1,"centroid":[120.302899,22.637485]},"geometry":{"type":"Polygon","coordinates":[[[120.302793,22.637613],[120.303082,22.6376],[120.303073,22.637427],[120.302834,22.637438],[120.302832,22.637416],[120.302782,22.637418],[120.302793,22.637613]]]}},{"type":"Feature","id":"w310010752","properties":{"kind":"building","category":"yes","name":"衛生福利部疾病管制署高屏區管制中心","area_m2":567.2,"centroid":[120.275477,22.619504]},"geometry":{"type":"Polygon","coordinates":[[[120.275372,22.619638],[120.275369,22.619376],[120.27559,22.619364],[120.275589,22.619511],[120.275464,22.619631],[120.275372,22.619638]]]}},{"type":"Feature","id":"w310010753","properties":{"kind":"building","category":"school","name":null,"area_m2":2447.4,"centroid":[120.271455,22.623866]},"geometry":{"type":"Polygon","coordinates":[[[120.270989,22.623932],[120.271213,22.623802],[120.271272,22.623889],[120.271441,22.623791],[120.2714,22.623731],[120.271517,22.623663],[120.27154,22.623696],[120.271784,22.623554],[120.271874,22.623686],[120.271654,22.623813],[120.27177,22.623983],[120.271595,22.624085],[120.271522,22.623978],[120.27132,22.624095],[120.271277,22.624031],[120.271119,22.624123],[120.270989,22.623932]]]}},{"type":"Feature","id":"w310010935","properties":{"kind":"building","category":"yes","name":"鼓山郵局","area_m2":215.0,"centroid":[120.273777,22.621789]},"geometry":{"type":"Polygon","coordinates":[[[120.273731,22.621876],[120.273669,22.621785],[120.273825,22.621703],[120.273884,22.621792],[120.273731,22.621876]]]}},{"type":"Feature","id":"w310011039","properties":{"kind":"building","category":"yes","name":"鼓山長老教會","area_m2":504.2,"centroid":[120.272514,22.622953]},"geometry":{"type":"Polygon","coordinates":[[[120.272536,22.623119],[120.272367,22.622856],[120.272492,22.622788],[120.272661,22.62305],[120.272536,22.623119]]]}},{"type":"Feature","id":"w310011042","properties":{"kind":"building","category":"yes","name":"咖哩大學","area_m2":221.4,"centroid":[120.270677,22.622729]},"geometry":{"type":"Polygon","coordinates":[[[120.270568,22.622732],[120.270629,22.62282],[120.270786,22.622727],[120.270725,22.622639],[120.270568,22.622732]]]}},{"type":"Feature","id":"w310011044","properties":{"kind":"building","category":"apartments","name":null,"area_m2":188.1,"centroid":[120.280839,22.628425]},"geometry":{"type":"Polygon","coordinates":[[[120.280811,22.628508],[120.280931,22.628451],[120.280867,22.628342],[120.280749,22.628399],[120.280811,22.628508]]]}},{"type":"Feature","id":"w310011088","properties":{"kind":"building","category":"yes","name":"壹貳樓","area_m2":257.4,"centroid":[120.274677,22.622509]},"geometry":{"type":"Polygon","coordinates":[[[120.274661,22.622604],[120.274593,22.622495],[120.274599,22.622464],[120.274726,22.622427],[120.274806,22.622555],[120.274661,22.622604]]]}},{"type":"Feature","id":"w310011089","properties":{"kind":"building","category":"office","name":"高雄港務消防總隊","area_m2":682.2,"centroid":[120.277399,22.619745]},"geometry":{"type":"Polygon","coordinates":[[[120.277585,22.619751],[120.277467,22.619585],[120.277214,22.619738],[120.277331,22.619904],[120.277585,22.619751]]]}},{"type":"Feature","id":"w310011255","properties":{"kind":"building","category":"yes","name":"caffe bene","area_m2":283.3,"centroid":[120.274322,22.621921]},"geometry":{"type":"Polygon","coordinates":[[[120.274304,22.622046],[120.274188,22.621887],[120.274204,22.621824],[120.274241,22.621804],[120.274282,22.621847],[120.2743,22.6219],[120.274326,22.621937],[120.27436,22.621929],[120.27439,22.621962],[120.274427,22.621944],[120.274452,22.621963],[120.274388,22.622007],[120.274304,22.622046]]]}},{"type":"Feature","id":"w310011321","properties":{"kind":"building","category":"yes","name":"7-Eleven","area_m2":176.7,"centroid":[120.271799,22.622926]},"geometry":{"type":"Polygon","coordinates":[[[120.271792,22.623013],[120.271885,22.622962],[120.271806,22.622838],[120.271713,22.622889],[120.271792,22.623013]]]}},{"type":"Feature","id":"w310011341","properties":{"kind":"building","category":"commercial","name":"雙妃奶茶","area_m2":65.5,"centroid":[120.283649,22.624637]},"geometry":{"type":"Polygon","coordinates":[[[120.28366,22.624715],[120.283705,22.624694],[120.283657,22.624602],[120.283638,22.624605],[120.283629,22.624595],[120.283604,22.62461],[120.28366,22.624715]]]}},{"type":"Feature","id":"w310011377","properties":{"kind":"building","category":"residential","name":null,"area_m2":97.0,"centroid":[120.271724,22.622107]},"geometry":{"type":"Polygon","coordinates":[[[120.271763,22.622046],[120.2718,22.622096],[120.271684,22.622169],[120.271647,22.622118],[120.271763,22.622046]]]}},{"type":"Feature","id":"w310011420","properties":{"kind":"building","category":"yes","name":null,"area_m2":265.9,"centroid":[120.274075,22.620559]},"geometry":{"type":"Polygon","coordinates":[[[120.273955,22.620578],[120.274027,22.620683],[120.274197,22.620585],[120.274125,22.620479],[120.274074,22.620508],[120.274103,22.62055],[120.274075,22.620566],[120.274047,22.620525],[120.273955,22.620578]]]}},{"type":"Feature","id":"w310011542","properties":{"kind":"building","category":"yes","name":"第一商業銀行","area_m2":455.1,"centroid":[120.283784,22.625701]},"geometry":{"type":"Polygon","coordinates":[[[120.28372,22.625824],[120.283929,22.625732],[120.28385,22.625575],[120.283639,22.625671],[120.28372,22.625824]]]}},{"type":"Feature","id":"w310011560","properties":{"kind":"building","category":"yes","name":"打狗文史再興會社","area_m2":95.4,"centroid":[120.274152,22.620766]},"geometry":{"type":"Polygon","coordinates":[[[120.274084,22.620757],[120.27413,22.620825],[120.274219,22.620774],[120.274173,22.620706],[120.274084,22.620757]]]}},{"type":"Feature","id":"w310011987","properties":{"kind":"building","category":"transportation","name":"高雄捷運哈瑪星站1號出口","area_m2":537.5,"centroid":[120.273368,22.621907]},"geometry":{"type":"Polygon","coordinates":[[[120.273316,22.622048],[120.273528,22.621929],[120.27342,22.621766],[120.273209,22.621884],[120.273316,22.622048]]]}},{"type":"Feature","id":"w310085668","properties":{"kind":"building","category":"yes","name":"阿貴私塾","area_m2":178.9,"centroid":[120.28798,22.622369]},"geometry":{"type":"Polygon","coordinates":[[[120.287937,22.622391],[120.287916,22.622351],[120.287905,22.62233],[120.28799,22.622277],[120.288007,22.622324],[120.288036,22.622377],[120.28807,22.622428],[120.287981,22.622471],[120.287937,22.622391]]]}},{"type":"Feature","id":"w310227406","properties":{"kind":"building","category":"yes","name":"永光行(原高雄警察署)","area_m2":153.1,"centroid":[120.273885,22.622175]},"geometry":{"type":"Polygon","coordinates":[[[120.273842,22.622249],[120.273795,22.622174],[120.273926,22.622101],[120.273976,22.622176],[120.273842,22.622249]]]}},{"type":"Feature","id":"w310227764","properties":{"kind":"building","category":"yes","name":"貿易商大樓","area_m2":229.8,"centroid":[120.274737,22.622077]},"geometry":{"type":"Polygon","coordinates":[[[120.274734,22.62218],[120.27464,22.622027],[120.274739,22.621974],[120.274834,22.622128],[120.274734,22.62218]]]}},{"type":"Feature","id":"w310367886","properties":{"kind":"building","category":"apartments","name":null,"area_m2":972.1,"centroid":[120.307052,22.634453]},"geometry":{"type":"Polygon","coordinates":[[[120.306771,22.634551],[120.307348,22.634503],[120.307334,22.634356],[120.306756,22.634404],[120.306771,22.634551]]]}},{"type":"Feature","id":"w310367887","properties":{"kind":"building","category":"commercial","name":null,"area_m2":739.4,"centroid":[120.305636,22.634532]},"geometry":{"type":"Polygon","coordinates":[[[120.305436,22.634624],[120.305848,22.634598],[120.305836,22.634441],[120.305425,22.634466],[120.305436,22.634624]]]}},{"type":"Feature","id":"w310367888","properties":{"kind":"building","category":"commercial","name":null,"area_m2":400.7,"centroid":[120.307446,22.634447]},"geometry":{"type":"Polygon","coordinates":[[[120.307361,22.634549],[120.307541,22.63454],[120.30753,22.634345],[120.30735,22.634353],[120.307361,22.634549]]]}},{"type":"Feature","id":"w310367889","properties":{"kind":"building","category":"apartments","name":null,"area_m2":367.0,"centroid":[120.303046,22.635669]},"geometry":{"type":"Polygon","coordinates":[[[120.303185,22.635605],[120.303192,22.635718],[120.302907,22.635733],[120.3029,22.63562],[120.303185,22.635605]]]}},{"type":"Feature","id":"w310367890","properties":{"kind":"building","category":"commercial","name":null,"area_m2":274.5,"centroid":[120.305342,22.634595]},"geometry":{"type":"Polygon","coordinates":[[[120.305284,22.634694],[120.305409,22.634689],[120.3054,22.634496],[120.305275,22.634501],[120.305284,22.634694]]]}},{"type":"Feature","id":"w310367891","properties":{"kind":"building","category":"commercial","name":null,"area_m2":720.0,"centroid":[120.303998,22.634676]},"geometry":{"type":"Polygon","coordinates":[[[120.304209,22.63459],[120.304226,22.634774],[120.303878,22.634801],[120.303863,22.63464],[120.303908,22.634636],[120.303906,22.634614],[120.304209,22.63459]]]}},{"type":"Feature","id":"w310367927","properties":{"kind":"building","category":"apartments","name":"點市成金","area_m2":789.8,"centroid":[120.303386,22.634771]},"geometry":{"type":"Polygon","coordinates":[[[120.303249,22.634899],[120.303533,22.634888],[120.303523,22.634644],[120.303239,22.634654],[120.303249,22.634899]]]}},{"type":"Feature","id":"w310373408","properties":{"kind":"building","category":"commercial","name":null,"area_m2":1191.9,"centroid":[120.307565,22.633012]},"geometry":{"type":"Polygon","coordinates":[[[120.307495,22.632735],[120.307502,22.632836],[120.307532,22.632834],[120.307542,22.632988],[120.307508,22.63299],[120.307523,22.63323],[120.30756,22.633228],[120.307564,22.633281],[120.307731,22.633272],[120.307697,22.632725],[120.307495,22.632735]]]}},{"type":"Feature","id":"w310373409","properties":{"kind":"building","category":"apartments","name":null,"area_m2":1332.1,"centroid":[120.307784,22.630099]},"geometry":{"type":"Polygon","coordinates":[[[120.307821,22.63031],[120.307942,22.630305],[120.30792,22.629883],[120.307792,22.629888],[120.307796,22.629956],[120.30775,22.629958],[120.307747,22.629895],[120.307623,22.629901],[120.307644,22.630302],[120.307779,22.630296],[120.307777,22.630249],[120.307818,22.630247],[120.307821,22.63031]]]}},{"type":"Feature","id":"w310373410","properties":{"kind":"building","category":"commercial","name":null,"area_m2":362.9,"centroid":[120.307159,22.630732]},"geometry":{"type":"Polygon","coordinates":[[[120.307093,22.630844],[120.307243,22.630833],[120.307225,22.630621],[120.307076,22.630631],[120.307093,22.630844]]]}},{"type":"Feature","id":"w310373415","properties":{"kind":"building","category":"apartments","name":null,"area_m2":2466.1,"centroid":[120.307953,22.632981]},"geometry":{"type":"Polygon","coordinates":[[[120.307896,22.633367],[120.308219,22.633345],[120.308167,22.632703],[120.307785,22.632729],[120.307796,22.632872],[120.307855,22.632867],[120.307896,22.633367]]]}},{"type":"Feature","id":"w310373416","properties":{"kind":"building","category":"commercial","name":null,"area_m2":496.3,"centroid":[120.307815,22.630426]},"geometry":{"type":"Polygon","coordinates":[[[120.307821,22.630446],[120.307824,22.630501],[120.307971,22.630494],[120.30796,22.630323],[120.307654,22.630338],[120.307661,22.630454],[120.307821,22.630446]]]}},{"type":"Feature","id":"w310373417","properties":{"kind":"building","category":"apartments","name":null,"area_m2":519.9,"centroid":[120.307734,22.63066]},"geometry":{"type":"Polygon","coordinates":[[[120.307617,22.63081],[120.3076,22.630544],[120.307782,22.630534],[120.307787,22.630602],[120.30769,22.630607],[120.307695,22.630696],[120.307845,22.630688],[120.307852,22.630797],[120.307617,22.63081]]]}},{"type":"Feature","id":"w310373420","properties":{"kind":"building","category":"yes","name":"全聯福利中心","area_m2":1892.7,"centroid":[120.306812,22.630578]},"geometry":{"type":"Polygon","coordinates":[[[120.306523,22.630784],[120.306579,22.630779],[120.30666,22.630774],[120.306748,22.630767],[120.306837,22.630761],[120.306824,22.630616],[120.306821,22.630578],[120.307085,22.630558],[120.307079,22.63049],[120.307074,22.63043],[120.307071,22.630395],[120.307069,22.630371],[120.306818,22.63039],[120.30649,22.630415],[120.306502,22.630559],[120.306523,22.630784]]]}},{"type":"Feature","id":"w310373439","properties":{"kind":"building","category":"commercial","name":"洪福通商大樓","area_m2":456.7,"centroid":[120.307963,22.630693]},"geometry":{"type":"Polygon","coordinates":[[[120.307872,22.630794],[120.307986,22.630788],[120.308015,22.630771],[120.308027,22.630741],[120.308018,22.630528],[120.30786,22.630534],[120.307872,22.630794]]]}},{"type":"Feature","id":"w310483799","properties":{"kind":"building","category":"apartments","name":null,"area_m2":867.9,"centroid":[120.297765,22.636615]},"geometry":{"type":"Polygon","coordinates":[[[120.298048,22.63663],[120.297999,22.636762],[120.297482,22.636601],[120.297531,22.636468],[120.298048,22.63663]]]}},{"type":"Feature","id":"w310483801","properties":{"kind":"building","category":"retail","name":null,"area_m2":2840.4,"centroid":[120.29806,22.635235]},"geometry":{"type":"Polygon","coordinates":[[[120.297771,22.634959],[120.297646,22.635273],[120.298349,22.63551],[120.298473,22.635196],[120.297771,22.634959]]]}},{"type":"Feature","id":"w310483803","properties":{"kind":"building","category":"commercial","name":null,"area_m2":1007.2,"centroid":[120.297486,22.635935]},"geometry":{"type":"Polygon","coordinates":[[[120.297196,22.635963],[120.297676,22.636117],[120.297725,22.635986],[120.297513,22.635918],[120.297536,22.635857],[120.297269,22.635771],[120.297196,22.635963]]]}},{"type":"Feature","id":"w310487643","properties":{"kind":"building","category":"commercial","name":null,"area_m2":1143.1,"centroid":[120.295985,22.629883]},"geometry":{"type":"Polygon","coordinates":[[[120.29621,22.629696],[120.296119,22.62996],[120.295979,22.629988],[120.295893,22.6302],[120.29571,22.630143],[120.295812,22.629875],[120.29584,22.629853],[120.295884,22.629846],[120.295967,22.629831],[120.296062,22.629787],[120.296158,22.629715],[120.296188,22.629697],[120.29621,22.629696]]]}},{"type":"Feature","id":"w310487644","properties":{"kind":"building","category":"apartments","name":null,"area_m2":412.3,"centroid":[120.297589,22.629148]},"geometry":{"type":"Polygon","coordinates":[[[120.29739,22.629164],[120.297688,22.62927],[120.297745,22.629135],[120.297649,22.6291],[120.29763,22.629144],[120.297429,22.629072],[120.29739,22.629164]]]}},{"type":"Feature","id":"w310487645","properties":{"kind":"building","category":"apartments","name":null,"area_m2":366.0,"centroid":[120.297635,22.629021]},"geometry":{"type":"Polygon","coordinates":[[[120.297456,22.628977],[120.297665,22.629051],[120.297652,22.629082],[120.297751,22.629117],[120.297798,22.629006],[120.29749,22.628895],[120.297456,22.628977]]]}},{"type":"Feature","id":"w310487646","properties":{"kind":"building","category":"commercial","name":null,"area_m2":982.2,"centroid":[120.295467,22.631157]},"geometry":{"type":"Polygon","coordinates":[[[120.295288,22.631245],[120.295301,22.631287],[120.295495,22.631349],[120.295543,22.63134],[120.29559,22.631217],[120.29564,22.631087],[120.295615,22.631043],[120.295524,22.631015],[120.295433,22.630988],[120.295373,22.63102],[120.295331,22.631131],[120.295288,22.631245]]]}},{"type":"Feature","id":"w310487647","properties":{"kind":"building","category":"apartments","name":null,"area_m2":724.8,"centroid":[120.297303,22.628984]},"geometry":{"type":"Polygon","coordinates":[[[120.297374,22.629155],[120.297084,22.629056],[120.297187,22.6288],[120.297465,22.628896],[120.297433,22.628977],[120.297253,22.628915],[120.297217,22.629004],[120.297408,22.62907],[120.297374,22.629155]]]}},{"type":"Feature","id":"w310490009","properties":{"kind":"building","category":"apartments","name":null,"area_m2":788.9,"centroid":[120.295152,22.624776]},"geometry":{"type":"Polygon","coordinates":[[[120.294863,22.624783],[120.295307,22.624922],[120.295314,22.624902],[120.295348,22.624912],[120.295377,22.624833],[120.295112,22.62475],[120.295122,22.624724],[120.295061,22.624705],[120.295085,22.62464],[120.294933,22.624592],[120.294863,22.624783]]]}},{"type":"Feature","id":"w310490010","properties":{"kind":"building","category":"apartments","name":null,"area_m2":810.4,"centroid":[120.294645,22.624544]},"geometry":{"type":"Polygon","coordinates":[[[120.294724,22.624701],[120.294849,22.624742],[120.294911,22.624584],[120.294818,22.624553],[120.294828,22.624529],[120.294734,22.624498],[120.294725,22.62452],[120.29459,22.624475],[120.294603,22.624444],[120.294521,22.624417],[120.294509,22.624449],[120.294427,22.624422],[120.294364,22.624582],[120.294471,22.624618],[120.2945,22.624541],[120.294753,22.624626],[120.294724,22.624701]]]}},{"type":"Feature","id":"w310490011","properties":{"kind":"building","category":"apartments","name":null,"area_m2":1116.1,"centroid":[120.297635,22.623895]},"geometry":{"type":"Polygon","coordinates":[[[120.297643,22.624155],[120.297817,22.623697],[120.297626,22.623635],[120.297452,22.624093],[120.297643,22.624155]]]}},{"type":"Feature","id":"w310490012","properties":{"kind":"building","category":"hospital","name":"建新醫院","area_m2":424.1,"centroid":[120.290862,22.631269]},"geometry":{"type":"Polygon","coordinates":[[[120.290712,22.631354],[120.290917,22.631424],[120.290987,22.631249],[120.290905,22.631221],[120.290898,22.631239],[120.290853,22.631224],[120.290849,22.631234],[120.290771,22.631207],[120.290712,22.631354]]]}},{"type":"Feature","id":"w310490013","properties":{"kind":"building","category":"office","name":"高雄市政府警察局義勇警察大隊","area_m2":759.2,"centroid":[120.290468,22.628747]},"geometry":{"type":"Polygon","coordinates":[[[120.290234,22.628752],[120.290647,22.628886],[120.290702,22.628742],[120.290289,22.628608],[120.290234,22.628752]]]}},{"type":"Feature","id":"w310490014","properties":{"kind":"building","category":"commercial","name":null,"area_m2":325.3,"centroid":[120.297802,22.623496]},"geometry":{"type":"Polygon","coordinates":[[[120.297722,22.623401],[120.297929,22.623468],[120.297883,22.623591],[120.297675,22.623524],[120.297722,22.623401]]]}},{"type":"Feature","id":"w310490015","properties":{"kind":"building","category":"apartments","name":null,"area_m2":653.0,"centroid":[120.297059,22.625452]},"geometry":{"type":"Polygon","coordinates":[[[120.296886,22.6255],[120.297061,22.625556],[120.297099,22.625549],[120.297133,22.625508],[120.297198,22.625336],[120.296978,22.625265],[120.296886,22.6255]]]}},{"type":"Feature","id":"w310490021","properties":{"kind":"building","category":"apartments","name":"君河苑","area_m2":618.5,"centroid":[120.291159,22.631402]},"geometry":{"type":"Polygon","coordinates":[[[120.290994,22.631454],[120.291252,22.631538],[120.291324,22.631351],[120.291066,22.631266],[120.290994,22.631454]]]}},{"type":"Feature","id":"w310490029","properties":{"kind":"building","category":"commercial","name":"台北富邦商業銀行","area_m2":1320.8,"centroid":[120.291554,22.631528]},"geometry":{"type":"Polygon","coordinates":[[[120.291274,22.63156],[120.291754,22.631712],[120.291834,22.631495],[120.291355,22.631343],[120.291274,22.63156]]]}},{"type":"Feature","id":"w310490037","properties":{"kind":"building","category":"yes","name":"華園飯店","area_m2":3544.1,"centroid":[120.290995,22.629007]},"geometry":{"type":"Polygon","coordinates":[[[120.291146,22.629293],[120.291264,22.628968],[120.291361,22.628991],[120.291379,22.628937],[120.291272,22.628862],[120.291305,22.628774],[120.290915,22.628639],[120.290593,22.628979],[120.290491,22.629122],[120.290531,22.629131],[120.290578,22.629106],[120.291106,22.629279],[120.291146,22.629293]]]}},{"type":"Feature","id":"w310500434","properties":{"kind":"building","category":"apartments","name":null,"area_m2":1319.7,"centroid":[120.296292,22.63627]},"geometry":{"type":"Polygon","coordinates":[[[120.295976,22.636018],[120.29594,22.636108],[120.295985,22.636124],[120.295922,22.636281],[120.296002,22.636308],[120.296064,22.636154],[120.296177,22.636193],[120.29615,22.63626],[120.296193,22.636274],[120.296221,22.636204],[120.296391,22.636262],[120.296361,22.636335],[120.296408,22.636351],[120.296436,22.636281],[120.296538,22.636315],[120.296473,22.636478],[120.296577,22.636513],[120.296649,22.636335],[120.296677,22.636344],[120.296707,22.636268],[120.295976,22.636018]]]}},{"type":"Feature","id":"w310500435","properties":{"kind":"building","category":"terrace","name":null,"area_m2":537.5,"centroid":[120.296702,22.636467]},"geometry":{"type":"Polygon","coordinates":[[[120.296571,22.636622],[120.296689,22.636663],[120.296833,22.636312],[120.296715,22.636271],[120.296571,22.636622]]]}},{"type":"Feature","id":"w310500436","properties":{"kind":"building","category":"retail","name":"三民公有第一市場","area_m2":3432.7,"centroid":[120.292781,22.635491]},"geometry":{"type":"Polygon","coordinates":[[[120.292402,22.635628],[120.292985,22.635816],[120.29316,22.635354],[120.292577,22.635166],[120.292402,22.635628]]]}},{"type":"Feature","id":"w310500437","properties":{"kind":"building","category":"terrace","name":null,"area_m2":601.8,"centroid":[120.296543,22.636918]},"geometry":{"type":"Polygon","coordinates":[[[120.296412,22.637082],[120.296542,22.637122],[120.296674,22.636754],[120.296544,22.636715],[120.296412,22.637082]]]}},{"type":"Feature","id":"w310500438","properties":{"kind":"building","category":"terrace","name":null,"area_m2":794.2,"centroid":[120.296043,22.636934]},"geometry":{"type":"Polygon","coordinates":[[[120.295662,22.636859],[120.296391,22.637094],[120.296427,22.63701],[120.295691,22.636773],[120.295662,22.636859]]]}},{"type":"Feature","id":"w310500439","properties":{"kind":"building","category":"apartments","name":null,"area_m2":985.3,"centroid":[120.296252,22.636768]},"geometry":{"type":"Polygon","coordinates":[[[120.296511,22.63674],[120.296455,22.63689],[120.296359,22.636859],[120.296349,22.636886],[120.295737,22.636688],[120.295776,22.636584],[120.2964,22.636785],[120.296428,22.636713],[120.296511,22.63674]]]}},{"type":"Feature","id":"w310744433","properties":{"kind":"building","category":"commercial","name":null,"area_m2":778.9,"centroid":[120.295854,22.62104]},"geometry":{"type":"Polygon","coordinates":[[[120.295608,22.62113],[120.295928,22.621238],[120.295984,22.621097],[120.295908,22.621071],[120.295925,22.621029],[120.295892,22.621019],[120.295918,22.620953],[120.295858,22.620932],[120.295835,22.620991],[120.295684,22.620939],[120.295608,22.62113]]]}},{"type":"Feature","id":"w310744435","properties":{"kind":"building","category":"apartments","name":null,"area_m2":1023.5,"centroid":[120.291715,22.622017]},"geometry":{"type":"Polygon","coordinates":[[[120.291498,22.622173],[120.291718,22.622246],[120.291765,22.622124],[120.291709,22.622105],[120.291785,22.621909],[120.291894,22.621945],[120.291939,22.621827],[120.291705,22.621749],[120.291587,22.62205],[120.291551,22.622038],[120.291498,22.622173]]]}},{"type":"Feature","id":"w310744436","properties":{"kind":"building","category":"apartments","name":null,"area_m2":1000.0,"centroid":[120.291154,22.621663]},"geometry":{"type":"Polygon","coordinates":[[[120.290997,22.621412],[120.290961,22.621761],[120.291087,22.621855],[120.291127,22.621816],[120.291207,22.621822],[120.291219,22.621717],[120.291116,22.621706],[120.291125,22.62164],[120.291265,22.621655],[120.291278,22.621531],[120.291235,22.621531],[120.291235,22.621505],[120.290997,22.621412]]]}},{"type":"Feature","id":"w310744438","properties":{"kind":"building","category":"apartments","name":"永信仰哲","area_m2":768.9,"centroid":[120.294421,22.620185]},"geometry":{"type":"Polygon","coordinates":[[[120.294244,22.620254],[120.294512,22.620341],[120.294597,22.620116],[120.294329,22.620029],[120.294244,22.620254]]]}},{"type":"Feature","id":"w310744439","properties":{"kind":"building","category":"apartments","name":"永信仰哲","area_m2":914.8,"centroid":[120.294264,22.620545]},"geometry":{"type":"Polygon","coordinates":[[[120.294073,22.620624],[120.294359,22.620717],[120.294455,22.620467],[120.29417,22.620373],[120.294073,22.620624]]]}},{"type":"Feature","id":"w310744440","properties":{"kind":"building","category":"apartments","name":null,"area_m2":436.3,"centroid":[120.291446,22.621012]},"geometry":{"type":"Polygon","coordinates":[[[120.291378,22.620833],[120.291376,22.621059],[120.29144,22.621141],[120.291607,22.621174],[120.291429,22.620853],[120.291378,22.620833]]]}},{"type":"Feature","id":"w310744441","properties":{"kind":"building","category":"commercial","name":null,"area_m2":817.2,"centroid":[120.294842,22.620781]},"geometry":{"type":"Polygon","coordinates":[[[120.294637,22.620828],[120.294873,22.620901],[120.294954,22.620869],[120.295022,22.620704],[120.294725,22.620604],[120.294637,22.620828]]]}},{"type":"Feature","id":"w310744443","properties":{"kind":"building","category":"apartments","name":null,"area_m2":414.4,"centroid":[120.291704,22.621529]},"geometry":{"type":"Polygon","coordinates":[[[120.291513,22.621523],[120.291808,22.621631],[120.291835,22.621578],[120.291804,22.621502],[120.291558,22.621411],[120.291513,22.621523]]]}},{"type":"Feature","id":"w310744444","properties":{"kind":"building","category":"cathedral","name":null,"area_m2":571.5,"centroid":[120.295335,22.620915]},"geometry":{"type":"Polygon","coordinates":[[[120.295225,22.620935],[120.295247,22.620995],[120.295417,22.62105],[120.295498,22.620829],[120.295289,22.620764],[120.295225,22.620935]]]}},{"type":"Feature","id":"w310744445","properties":{"kind":"building","category":"yes","name":"泰國盤谷銀行","area_m2":678.6,"centroid":[120.296596,22.621294]},"geometry":{"type":"Polygon","coordinates":[[[120.296428,22.621393],[120.296611,22.621459],[120.296674,22.621442],[120.296755,22.621256],[120.296579,22.621196],[120.296593,22.621166],[120.296532,22.621147],[120.296428,22.621393]]]}},{"type":"Feature","id":"w310744446","properties":{"kind":"building","category":"commercial","name":null,"area_m2":594.6,"centroid":[120.296099,22.62116]},"geometry":{"type":"Polygon","coordinates":[[[120.296296,22.621087],[120.296201,22.621322],[120.296029,22.621263],[120.296056,22.621196],[120.295988,22.621173],[120.296019,22.621097],[120.296083,22.621119],[120.296121,22.621026],[120.296296,22.621087]]]}},{"type":"Feature","id":"w310744447","properties":{"kind":"building","category":"apartments","name":null,"area_m2":274.0,"centroid":[120.291543,22.621252]},"geometry":{"type":"Polygon","coordinates":[[[120.291643,22.621347],[120.291663,22.621275],[120.29161,22.621185],[120.291389,22.62114],[120.291381,22.621184],[120.291515,22.621212],[120.2915,22.621283],[120.291596,22.621306],[120.291586,22.621334],[120.291643,22.621347]]]}},{"type":"Feature","id":"w310826744","properties":{"kind":"building","category":"yes","name":"七賢路派出所","area_m2":179.1,"centroid":[120.282936,22.627324]},"geometry":{"type":"Polygon","coordinates":[[[120.282934,22.62741],[120.2829,22.627342],[120.282863,22.627268],[120.282957,22.627229],[120.283024,22.627372],[120.282934,22.62741]]]}},{"type":"Feature","id":"w310826745","properties":{"kind":"building","category":"yes","name":null,"area_m2":183.9,"centroid":[120.293608,22.630412]},"geometry":{"type":"Polygon","coordinates":[[[120.293536,22.630481],[120.293597,22.630312],[120.293685,22.630345],[120.293616,22.630512],[120.293536,22.630481]]]}},{"type":"Feature","id":"w310900392","properties":{"kind":"building","category":"yes","name":"合羽亭","area_m2":48.1,"centroid":[120.288325,22.621395]},"geometry":{"type":"Polygon","coordinates":[[[120.288317,22.621444],[120.288288,22.621362],[120.288333,22.621345],[120.288363,22.621427],[120.288317,22.621444]]]}},{"type":"Feature","id":"w310900639","properties":{"kind":"building","category":"yes","name":"黑店","area_m2":71.5,"centroid":[120.291819,22.620887]},"geometry":{"type":"Polygon","coordinates":[[[120.291786,22.620936],[120.291789,22.620836],[120.29185,22.620836],[120.291849,22.620939],[120.291786,22.620936]]]}},{"type":"Feature","id":"w310900657","properties":{"kind":"building","category":"yes","name":"愛上乾麵","area_m2":86.6,"centroid":[120.288562,22.621341]},"geometry":{"type":"Polygon","coordinates":[[[120.288585,22.621422],[120.288497,22.621281],[120.288539,22.621259],[120.288625,22.621403],[120.288585,22.621422]]]}},{"type":"Feature","id":"w310900715","properties":{"kind":"building","category":"yes","name":null,"area_m2":578.9,"centroid":[120.286975,22.621688]},"geometry":{"type":"Polygon","coordinates":[[[120.286853,22.621826],[120.287167,22.621681],[120.287097,22.621551],[120.286783,22.621696],[120.286853,22.621826]]]}},{"type":"Feature","id":"w310900741","properties":{"kind":"building","category":"yes","name":"鐘庵日本料理","area_m2":152.0,"centroid":[120.286763,22.621795]},"geometry":{"type":"Polygon","coordinates":[[[120.286772,22.621889],[120.286839,22.621855],[120.286754,22.6217],[120.286686,22.621735],[120.286772,22.621889]]]}},{"type":"Feature","id":"w310900745","properties":{"kind":"building","category":"hotel","name":"秝芯旅店駁二館","area_m2":256.5,"centroid":[120.286633,22.621895]},"geometry":{"type":"Polygon","coordinates":[[[120.286758,22.62189],[120.286712,22.621799],[120.286507,22.621903],[120.286556,22.621987],[120.286758,22.62189]]]}},{"type":"Feature","id":"w310901110","properties":{"kind":"building","category":"yes","name":"海之冰","area_m2":159.3,"centroid":[120.270961,22.619858]},"geometry":{"type":"Polygon","coordinates":[[[120.270937,22.619917],[120.271019,22.619924],[120.27102,22.619804],[120.27087,22.619789],[120.270937,22.619917]]]}},{"type":"Feature","id":"w310901289","properties":{"kind":"building","category":"yes","name":"老先覺(哈瑪星店)","area_m2":134.2,"centroid":[120.270769,22.620061]},"geometry":{"type":"Polygon","coordinates":[[[120.270683,22.62011],[120.270715,22.62015],[120.270864,22.620049],[120.270829,22.619979],[120.270755,22.620021],[120.27077,22.620057],[120.270683,22.62011]]]}},{"type":"Feature","id":"w313912912","properties":{"kind":"building","category":"yes","name":"全家便利商店","area_m2":202.8,"centroid":[120.287235,22.622001]},"geometry":{"type":"Polygon","coordinates":[[[120.287246,22.622107],[120.287326,22.622067],[120.287224,22.621895],[120.287144,22.621936],[120.287246,22.622107]]]}},{"type":"Feature","id":"w313913203","properties":{"kind":"building","category":"yes","name":"全家便利商店","area_m2":307.1,"centroid":[120.280595,22.626412]},"geometry":{"type":"Polygon","coordinates":[[[120.280479,22.626376],[120.280549,22.626529],[120.280705,22.626468],[120.280652,22.626354],[120.280588,22.626333],[120.280479,22.626376]]]}},{"type":"Feature","id":"w313913296","properties":{"kind":"building","category":"yes","name":"7-Eleven","area_m2":237.9,"centroid":[120.270607,22.623946]},"geometry":{"type":"Polygon","coordinates":[[[120.270501,22.623922],[120.270588,22.624055],[120.270708,22.623988],[120.270647,22.623896],[120.270592,22.623871],[120.270501,22.623922]]]}},{"type":"Feature","id":"w313913399","properties":{"kind":"building","category":"yes","name":"全家便利商店","area_m2":151.3,"centroid":[120.281069,22.630898]},"geometry":{"type":"Polygon","coordinates":[[[120.281146,22.63088],[120.281105,22.630823],[120.28098,22.630898],[120.281045,22.63099],[120.281146,22.63088]]]}},{"type":"Feature","id":"w313913562","properties":{"kind":"building","category":"yes","name":"全家便利商店","area_m2":331.4,"centroid":[120.291053,22.621928]},"geometry":{"type":"Polygon","coordinates":[[[120.290934,22.62197],[120.291123,22.622026],[120.291171,22.621885],[120.290983,22.62183],[120.290934,22.62197]]]}},{"type":"Feature","id":"w316044569","properties":{"kind":"green","category":"park","name":"文興公園","area_m2":2176.7,"centroid":[120.286261,22.63914]},"geometry":{"type":"Polygon","coordinates":[[[120.285998,22.639269],[120.286021,22.639311],[120.286394,22.639433],[120.286441,22.639414],[120.286465,22.638989],[120.286452,22.638943],[120.286188,22.638864],[120.286132,22.638897],[120.285998,22.639269]]]}},{"type":"Feature","id":"w318619633","properties":{"kind":"building","category":"yes","name":null,"area_m2":141.6,"centroid":[120.271287,22.622134]},"geometry":{"type":"Polygon","coordinates":[[[120.271245,22.622207],[120.2712,22.622136],[120.271329,22.622062],[120.271376,22.622129],[120.271245,22.622207]]]}},{"type":"Feature","id":"w319565784","properties":{"kind":"building","category":"yes","name":"高雄市鹽埕運動中心","area_m2":2056.1,"centroid":[120.288679,22.622932]},"geometry":{"type":"Polygon","coordinates":[[[120.288481,22.622986],[120.288492,22.623028],[120.288529,22.623054],[120.288774,22.623098],[120.288812,22.623079],[120.288837,22.62305],[120.28893,22.622611],[120.288574,22.622547],[120.288481,22.622986]]]}},{"type":"Feature","id":"w320211200","properties":{"kind":"building","category":"public","name":"苓雅分館","area_m2":440.0,"centroid":[120.298223,22.618503]},"geometry":{"type":"Polygon","coordinates":[[[120.298282,22.618626],[120.298357,22.618452],[120.298165,22.618381],[120.29809,22.618555],[120.298282,22.618626]]]}},{"type":"Feature","id":"w323772769","properties":{"kind":"building","category":"transportation","name":"捷運中央公園站1號出口","area_m2":2070.4,"centroid":[120.30062,22.624921]},"geometry":{"type":"Polygon","coordinates":[[[120.300376,22.624814],[120.300361,22.624864],[120.300363,22.624936],[120.300364,22.62494],[120.300376,22.62499],[120.300394,22.625036],[120.300874,22.625131],[120.300888,22.625034],[120.30089,22.625013],[120.300888,22.624885],[120.300865,22.624763],[120.300801,22.624641],[120.300376,22.624814]]]}},{"type":"Feature","id":"w323772775","properties":{"kind":"building","category":"yes","name":"高雄文學圖書館","area_m2":619.4,"centroid":[120.298006,22.625562]},"geometry":{"type":"Polygon","coordinates":[[[120.297864,22.625472],[120.297822,22.625584],[120.297911,22.625612],[120.2979,22.625643],[120.298035,22.625686],[120.298048,22.625651],[120.298139,22.62568],[120.298181,22.625569],[120.298091,22.62554],[120.298113,22.62548],[120.298061,22.625463],[120.297967,22.625433],[120.297943,22.625498],[120.297864,22.625472]]]}},{"type":"Feature","id":"w334344492","properties":{"kind":"building","category":"yes","name":"老江紅茶","area_m2":132.5,"centroid":[120.300231,22.631068]},"geometry":{"type":"Polygon","coordinates":[[[120.300299,22.631038],[120.300267,22.631136],[120.300159,22.631099],[120.300199,22.630999],[120.300299,22.631038]]]}},{"type":"Feature","id":"w334844991","properties":{"kind":"building","category":"apartments","name":"民生香榭","area_m2":577.2,"centroid":[120.297228,22.627949]},"geometry":{"type":"Polygon","coordinates":[[[120.297375,22.627879],[120.29716,22.627809],[120.29708,22.628019],[120.297296,22.628089],[120.297375,22.627879]]]}},{"type":"Feature","id":"w334844993","properties":{"kind":"building","category":"apartments","name":null,"area_m2":798.3,"centroid":[120.29701,22.628421]},"geometry":{"type":"Polygon","coordinates":[[[120.296889,22.62835],[120.296836,22.628487],[120.296903,22.628512],[120.29714,22.62859],[120.297235,22.628342],[120.297053,22.628282],[120.297013,22.628387],[120.296889,22.62835]]]}},{"type":"Feature","id":"w334854752","properties":{"kind":"building","category":"yes","name":null,"area_m2":201.4,"centroid":[120.29692,22.628791]},"geometry":{"type":"Polygon","coordinates":[[[120.296805,22.628799],[120.296835,22.62872],[120.297035,22.628784],[120.297006,22.628863],[120.296805,22.628799]]]}},{"type":"Feature","id":"w334854753","properties":{"kind":"building","category":"yes","name":null,"area_m2":587.7,"centroid":[120.296768,22.629029]},"geometry":{"type":"Polygon","coordinates":[[[120.296582,22.629047],[120.296894,22.629155],[120.296954,22.62901],[120.296641,22.628902],[120.296582,22.629047]]]}},{"type":"Feature","id":"w336768729","properties":{"kind":"building","category":"yes","name":"全聯福利中心","area_m2":359.4,"centroid":[120.303453,22.618878]},"geometry":{"type":"Polygon","coordinates":[[[120.303455,22.61903],[120.303535,22.618827],[120.303517,22.618785],[120.303426,22.618759],[120.303331,22.618987],[120.303455,22.61903]]]}},{"type":"Feature","id":"w340554647","properties":{"kind":"building","category":"commercial","name":"舊三和銀行","area_m2":390.2,"centroid":[120.274494,22.622085]},"geometry":{"type":"Polygon","coordinates":[[[120.274451,22.622231],[120.274349,22.622066],[120.274482,22.621996],[120.274514,22.622047],[120.274548,22.622029],[120.274619,22.622143],[120.274451,22.622231]]]}},{"type":"Feature","id":"w34170948","properties":{"kind":"building","category":"commercial","name":"高雄八五大樓","area_m2":9618.1,"centroid":[120.300159,22.611619]},"geometry":{"type":"Polygon","coordinates":[[[120.300694,22.611106],[120.30067,22.61117],[120.300554,22.611488],[120.300493,22.611653],[120.300449,22.611776],[120.300388,22.611944],[120.30027,22.612266],[120.300249,22.612324],[120.299626,22.612128],[120.299646,22.612073],[120.299763,22.611752],[120.299825,22.611583],[120.29987,22.611459],[120.299928,22.611299],[120.300047,22.610976],[120.300072,22.610908],[120.300694,22.611106]]]}},{"type":"Feature","id":"w344726587","properties":{"kind":"building","category":"residential","name":null,"area_m2":508.7,"centroid":[120.286063,22.624628]},"geometry":{"type":"Polygon","coordinates":[[[120.286067,22.62447],[120.286171,22.62466],[120.286156,22.6247],[120.286019,22.624764],[120.2859,22.624548],[120.286067,22.62447]]]}},{"type":"Feature","id":"w352296663","properties":{"kind":"building","category":"yes","name":"早市","area_m2":644.9,"centroid":[120.299353,22.622255]},"geometry":{"type":"Polygon","coordinates":[[[120.299259,22.622341],[120.29947,22.622411],[120.29954,22.622245],[120.29928,22.622118],[120.299218,22.622158],[120.299259,22.622341]]]}},{"type":"Feature","id":"w354313169","properties":{"kind":"building","category":"school","name":null,"area_m2":259.6,"centroid":[120.294606,22.626228]},"geometry":{"type":"Polygon","coordinates":[[[120.294697,22.626161],[120.294634,22.626332],[120.294514,22.626296],[120.29458,22.626122],[120.294697,22.626161]]]}},{"type":"Feature","id":"w354313170","properties":{"kind":"building","category":"school","name":null,"area_m2":647.5,"centroid":[120.294753,22.625879]},"geometry":{"type":"Polygon","coordinates":[[[120.294697,22.626161],[120.29486,22.625771],[120.294822,22.625764],[120.294828,22.625742],[120.294731,22.625715],[120.29458,22.626122],[120.294697,22.626161]]]}},{"type":"Feature","id":"w354313171","properties":{"kind":"building","category":"school","name":null,"area_m2":2037.9,"centroid":[120.294183,22.626235]},"geometry":{"type":"Polygon","coordinates":[[[120.294685,22.626473],[120.294726,22.626361],[120.294634,22.626332],[120.294514,22.626296],[120.293289,22.625919],[120.293249,22.626032],[120.294685,22.626473]]]}},{"type":"Feature","id":"w359305451","properties":{"kind":"building","category":"apartments","name":null,"area_m2":693.1,"centroid":[120.294173,22.618943]},"geometry":{"type":"Polygon","coordinates":[[[120.294222,22.619062],[120.294333,22.6191],[120.294384,22.618972],[120.294316,22.618949],[120.294349,22.618866],[120.294106,22.618783],[120.294062,22.618892],[120.293962,22.618858],[120.293922,22.61896],[120.294058,22.619006],[120.294098,22.618906],[120.294262,22.618962],[120.294222,22.619062]]]}},{"type":"Feature","id":"w359305452","properties":{"kind":"building","category":"apartments","name":"五福白宮名廈","area_m2":317.4,"centroid":[120.294557,22.619916]},"geometry":{"type":"Polygon","coordinates":[[[120.294668,22.619866],[120.294605,22.620021],[120.294447,22.619967],[120.294509,22.619812],[120.294668,22.619866]]]}},{"type":"Feature","id":"w359305453","properties":{"kind":"building","category":"apartments","name":null,"area_m2":509.4,"centroid":[120.29216,22.619832]},"geometry":{"type":"Polygon","coordinates":[[[120.291973,22.619825],[120.292064,22.619981],[120.292225,22.619907],[120.292279,22.619738],[120.29226,22.619708],[120.291973,22.619825]]]}},{"type":"Feature","id":"w359305454","properties":{"kind":"building","category":"commercial","name":null,"area_m2":862.3,"centroid":[120.295292,22.619715]},"geometry":{"type":"Polygon","coordinates":[[[120.295428,22.619587],[120.295354,22.619783],[120.295372,22.619789],[120.295347,22.619856],[120.295076,22.619769],[120.295175,22.619506],[120.295428,22.619587]]]}},{"type":"Feature","id":"w359305455","properties":{"kind":"building","category":"apartments","name":"柏林愛樂","area_m2":966.2,"centroid":[120.29475,22.619899]},"geometry":{"type":"Polygon","coordinates":[[[120.29499,22.619847],[120.294882,22.620119],[120.294627,22.620033],[120.294703,22.61984],[120.294634,22.619817],[120.294666,22.619737],[120.29499,22.619847]]]}},{"type":"Feature","id":"w359305456","properties":{"kind":"building","category":"apartments","name":"愛上悅讀","area_m2":1009.7,"centroid":[120.294391,22.619755]},"geometry":{"type":"Polygon","coordinates":[[[120.294512,22.619664],[120.294486,22.619726],[120.29452,22.619734],[120.294427,22.619955],[120.294144,22.619868],[120.294254,22.619584],[120.294512,22.619664]]]}},{"type":"Feature","id":"w360635094","properties":{"kind":"green","category":"garden","name":"植物園","area_m2":1915.4,"centroid":[120.297972,22.638553]},"geometry":{"type":"Polygon","coordinates":[[[120.29831,22.638701],[120.298309,22.638652],[120.298305,22.638424],[120.298018,22.638455],[120.29802,22.638498],[120.297957,22.638498],[120.297892,22.638498],[120.297891,22.638458],[120.29765,22.638466],[120.297669,22.638696],[120.297672,22.638738],[120.29831,22.638701]]]}},{"type":"Feature","id":"w360635549","properties":{"kind":"building","category":"school","name":"第五棟","area_m2":887.7,"centroid":[120.298036,22.639626]},"geometry":{"type":"Polygon","coordinates":[[[120.297763,22.639535],[120.298275,22.639509],[120.298279,22.639691],[120.298064,22.639699],[120.298064,22.639652],[120.29777,22.639669],[120.297763,22.639535]]]}},{"type":"Feature","id":"w361106934","properties":{"kind":"building","category":"retail","name":"OK超商","area_m2":156.1,"centroid":[120.284868,22.619501]},"geometry":{"type":"Polygon","coordinates":[[[120.284761,22.619511],[120.284792,22.619572],[120.284976,22.619491],[120.284944,22.61943],[120.284761,22.619511]]]}},{"type":"Feature","id":"w364910052","properties":{"kind":"building","category":"yes","name":"二月初六書苑","area_m2":297.8,"centroid":[120.299325,22.621605]},"geometry":{"type":"Polygon","coordinates":[[[120.299228,22.621734],[120.299309,22.621761],[120.299422,22.621475],[120.299341,22.621448],[120.299228,22.621734]]]}},{"type":"Feature","id":"w364924615","properties":{"kind":"building","category":"yes","name":"台灣中油","area_m2":190.5,"centroid":[120.301076,22.621793]},"geometry":{"type":"Polygon","coordinates":[[[120.300987,22.621827],[120.301128,22.621867],[120.301164,22.621758],[120.301024,22.621718],[120.300987,22.621827]]]}},{"type":"Feature","id":"w365784113","properties":{"kind":"building","category":"yes","name":"國家自然公園管理處","area_m2":1437.5,"centroid":[120.272882,22.626035]},"geometry":{"type":"Polygon","coordinates":[[[120.273218,22.626203],[120.273218,22.626085],[120.273318,22.626085],[120.273317,22.625842],[120.273222,22.625842],[120.273188,22.625842],[120.273189,22.626075],[120.272668,22.626077],[120.272716,22.625992],[120.272662,22.625966],[120.272613,22.626053],[120.272548,22.626022],[120.272529,22.626012],[120.272481,22.626098],[120.272616,22.626162],[120.272616,22.626205],[120.273218,22.626203]]]}},{"type":"Feature","id":"w370134207","properties":{"kind":"building","category":"yes","name":"陽光大飯店 Hotel Sunshine","area_m2":628.3,"centroid":[120.301327,22.614297]},"geometry":{"type":"Polygon","coordinates":[[[120.301272,22.614108],[120.301491,22.614177],[120.30138,22.614481],[120.301277,22.614449],[120.301331,22.614302],[120.301214,22.614266],[120.301272,22.614108]]]}},{"type":"Feature","id":"w380341042","properties":{"kind":"building","category":"yes","name":null,"area_m2":1179.2,"centroid":[120.299141,22.621848]},"geometry":{"type":"Polygon","coordinates":[[[120.299028,22.621622],[120.298972,22.621772],[120.298972,22.621815],[120.299005,22.621854],[120.299139,22.622005],[120.299193,22.622136],[120.299401,22.621959],[120.299285,22.621834],[120.299293,22.621811],[120.299123,22.621672],[120.299028,22.621622]]]}},{"type":"Feature","id":"w380341043","properties":{"kind":"building","category":"apartments","name":null,"area_m2":928.9,"centroid":[120.301651,22.62021]},"geometry":{"type":"Polygon","coordinates":[[[120.301627,22.620258],[120.301743,22.619968],[120.301826,22.619995],[120.301867,22.620065],[120.301716,22.620443],[120.30147,22.620362],[120.301507,22.620276],[120.301534,22.620294],[120.301567,22.62023],[120.301627,22.620258]]]}},{"type":"Feature","id":"w380341044","properties":{"kind":"building","category":"apartments","name":null,"area_m2":837.6,"centroid":[120.302291,22.620598]},"geometry":{"type":"Polygon","coordinates":[[[120.302307,22.620314],[120.302496,22.620379],[120.302351,22.620736],[120.302288,22.620714],[120.302296,22.620696],[120.302205,22.620664],[120.302212,22.620649],[120.302175,22.620636],[120.302307,22.620314]]]}},{"type":"Feature","id":"w380341045","properties":{"kind":"building","category":"yes","name":null,"area_m2":220.8,"centroid":[120.297828,22.622354]},"geometry":{"type":"Polygon","coordinates":[[[120.297776,22.622245],[120.297822,22.622262],[120.297856,22.622297],[120.297898,22.622435],[120.297865,22.622423],[120.29786,22.622433],[120.297718,22.622382],[120.297776,22.622245]]]}},{"type":"Feature","id":"w380341046","properties":{"kind":"building","category":"apartments","name":null,"area_m2":518.4,"centroid":[120.301548,22.620691]},"geometry":{"type":"Polygon","coordinates":[[[120.301615,22.620718],[120.301661,22.620592],[120.301489,22.620538],[120.301402,22.620776],[120.301574,22.62083],[120.301615,22.620718]]]}},{"type":"Feature","id":"w380341047","properties":{"kind":"building","category":"yes","name":null,"area_m2":175.1,"centroid":[120.301429,22.620965]},"geometry":{"type":"Polygon","coordinates":[[[120.301513,22.620991],[120.301525,22.620962],[120.301316,22.620891],[120.30129,22.620956],[120.301499,22.621027],[120.301513,22.620991]]]}},{"type":"Feature","id":"w380341048","properties":{"kind":"building","category":"yes","name":null,"area_m2":229.8,"centroid":[120.296358,22.62521]},"geometry":{"type":"Polygon","coordinates":[[[120.296453,22.62517],[120.296406,22.625296],[120.296263,22.625251],[120.29631,22.625124],[120.296453,22.62517]]]}},{"type":"Feature","id":"w380341084","properties":{"kind":"building","category":"yes","name":null,"area_m2":327.3,"centroid":[120.298845,22.620809]},"geometry":{"type":"Polygon","coordinates":[[[120.298721,22.620875],[120.298793,22.620705],[120.298896,22.620744],[120.298931,22.620795],[120.298882,22.620927],[120.298721,22.620875]]]}},{"type":"Feature","id":"w380341085","properties":{"kind":"building","category":"yes","name":null,"area_m2":117.9,"centroid":[120.29882,22.62096]},"geometry":{"type":"Polygon","coordinates":[[[120.298899,22.620957],[120.298894,22.620984],[120.298872,22.621007],[120.298706,22.620953],[120.298729,22.620899],[120.298899,22.620957]]]}},{"type":"Feature","id":"w380341086","properties":{"kind":"building","category":"yes","name":null,"area_m2":341.8,"centroid":[120.296457,22.626032]},"geometry":{"type":"Polygon","coordinates":[[[120.296569,22.626042],[120.296517,22.626164],[120.29632,22.626092],[120.296373,22.625967],[120.296395,22.625975],[120.296399,22.625965],[120.296546,22.626018],[120.29654,22.626032],[120.296569,22.626042]]]}},{"type":"Feature","id":"w380341087","properties":{"kind":"building","category":"yes","name":null,"area_m2":301.2,"centroid":[120.298738,22.621086]},"geometry":{"type":"Polygon","coordinates":[[[120.298875,22.621016],[120.298825,22.621146],[120.298761,22.621127],[120.298752,22.621157],[120.298639,22.621118],[120.298657,22.621075],[120.298676,22.621082],[120.29872,22.620968],[120.298875,22.621016]]]}},{"type":"Feature","id":"w380341088","properties":{"kind":"building","category":"apartments","name":null,"area_m2":696.2,"centroid":[120.296737,22.626144]},"geometry":{"type":"Polygon","coordinates":[[[120.29688,22.626043],[120.29691,22.626126],[120.296844,22.626312],[120.29666,22.62625],[120.296683,22.626182],[120.296666,22.626165],[120.296676,22.626128],[120.296626,22.626109],[120.296686,22.625979],[120.29688,22.626043]]]}},{"type":"Feature","id":"w381483709","properties":{"kind":"building","category":"school","name":null,"area_m2":1230.2,"centroid":[120.282789,22.640225]},"geometry":{"type":"Polygon","coordinates":[[[120.282589,22.6404],[120.282809,22.640479],[120.282988,22.64005],[120.282768,22.639972],[120.282589,22.6404]]]}},{"type":"Feature","id":"w390554349","properties":{"kind":"building","category":"yes","name":null,"area_m2":227.6,"centroid":[120.30158,22.620496]},"geometry":{"type":"Polygon","coordinates":[[[120.301672,22.620571],[120.301702,22.620487],[120.301487,22.620421],[120.301457,22.620505],[120.301672,22.620571]]]}},{"type":"Feature","id":"w390554350","properties":{"kind":"building","category":"yes","name":null,"area_m2":282.9,"centroid":[120.301435,22.620864]},"geometry":{"type":"Polygon","coordinates":[[[120.301537,22.620946],[120.301569,22.620849],[120.301333,22.620783],[120.301301,22.620879],[120.301537,22.620946]]]}},{"type":"Feature","id":"w390554351","properties":{"kind":"building","category":"residential","name":null,"area_m2":164.5,"centroid":[120.300761,22.621449]},"geometry":{"type":"Polygon","coordinates":[[[120.300833,22.621383],[120.300752,22.621356],[120.30069,22.621515],[120.30077,22.621542],[120.300833,22.621383]]]}},{"type":"Feature","id":"w390554352","properties":{"kind":"building","category":"yes","name":null,"area_m2":116.5,"centroid":[120.300604,22.62113]},"geometry":{"type":"Polygon","coordinates":[[[120.300542,22.621178],[120.300594,22.621055],[120.300666,22.621081],[120.300615,22.621204],[120.300542,22.621178]]]}},{"type":"Feature","id":"w390554353","properties":{"kind":"building","category":"yes","name":null,"area_m2":74.4,"centroid":[120.30047,22.621081]},"geometry":{"type":"Polygon","coordinates":[[[120.300468,22.621151],[120.300421,22.621134],[120.300473,22.621012],[120.300519,22.621028],[120.300468,22.621151]]]}},{"type":"Feature","id":"w390554354","properties":{"kind":"building","category":"yes","name":null,"area_m2":119.9,"centroid":[120.300531,22.621103]},"geometry":{"type":"Polygon","coordinates":[[[120.300542,22.621178],[120.300468,22.621151],[120.300519,22.621028],[120.300594,22.621055],[120.300542,22.621178]]]}},{"type":"Feature","id":"w390554355","properties":{"kind":"building","category":"yes","name":null,"area_m2":165.2,"centroid":[120.300358,22.621022]},"geometry":{"type":"Polygon","coordinates":[[[120.300374,22.621109],[120.300431,22.620967],[120.300341,22.620936],[120.300284,22.621078],[120.300374,22.621109]]]}},{"type":"Feature","id":"w390554356","properties":{"kind":"building","category":"yes","name":null,"area_m2":718.7,"centroid":[120.30098,22.621161]},"geometry":{"type":"Polygon","coordinates":[[[120.301146,22.621087],[120.300899,22.621007],[120.300813,22.621236],[120.30106,22.621315],[120.301146,22.621087]]]}},{"type":"Feature","id":"w390554357","properties":{"kind":"building","category":"residential","name":null,"area_m2":343.4,"centroid":[120.3009,22.621491]},"geometry":{"type":"Polygon","coordinates":[[[120.301013,22.621435],[120.300849,22.621383],[120.300787,22.621547],[120.300951,22.6216],[120.301013,22.621435]]]}},{"type":"Feature","id":"w390554358","properties":{"kind":"building","category":"yes","name":null,"area_m2":112.4,"centroid":[120.300692,22.621162]},"geometry":{"type":"Polygon","coordinates":[[[120.300693,22.621217],[120.300715,22.621202],[120.300753,22.621112],[120.300672,22.621083],[120.300629,22.621196],[120.300693,22.621217]]]}},{"type":"Feature","id":"w390554359","properties":{"kind":"building","category":"yes","name":null,"area_m2":414.2,"centroid":[120.301297,22.621309]},"geometry":{"type":"Polygon","coordinates":[[[120.301107,22.621332],[120.301162,22.62119],[120.301373,22.621264],[120.301357,22.621293],[120.301391,22.621305],[120.301366,22.621379],[120.30132,22.6214],[120.301107,22.621332]]]}},{"type":"Feature","id":"w390608386","properties":{"kind":"building","category":"commercial","name":"臺灣銀行","area_m2":1673.4,"centroid":[120.289598,22.627675]},"geometry":{"type":"Polygon","coordinates":[[[120.289251,22.627774],[120.289812,22.627945],[120.28985,22.627839],[120.289834,22.627834],[120.289864,22.627748],[120.28982,22.627735],[120.289837,22.627686],[120.289787,22.627671],[120.289796,22.627646],[120.289662,22.627605],[120.289654,22.627627],[120.289588,22.627607],[120.289595,22.627588],[120.289462,22.627547],[120.289453,22.627574],[120.289393,22.627556],[120.289378,22.627595],[120.289336,22.627582],[120.289303,22.627674],[120.289288,22.627669],[120.289251,22.627774]]]}},{"type":"Feature","id":"w392963001","properties":{"kind":"building","category":"apartments","name":null,"area_m2":339.9,"centroid":[120.293311,22.631748]},"geometry":{"type":"Polygon","coordinates":[[[120.293179,22.631698],[120.293252,22.631721],[120.293219,22.631809],[120.293304,22.631835],[120.293335,22.63175],[120.293486,22.631798],[120.29351,22.631734],[120.293202,22.631636],[120.293179,22.631698]]]}},{"type":"Feature","id":"w392963002","properties":{"kind":"building","category":"yes","name":"高雄學苑","area_m2":1088.9,"centroid":[120.294639,22.628551]},"geometry":{"type":"Polygon","coordinates":[[[120.294425,22.628628],[120.294758,22.628732],[120.294853,22.628474],[120.294519,22.62837],[120.294425,22.628628]]]}},{"type":"Feature","id":"w394378147","properties":{"kind":"building","category":"warehouse","name":null,"area_m2":793.2,"centroid":[120.284878,22.618592]},"geometry":{"type":"Polygon","coordinates":[[[120.284881,22.618798],[120.28505,22.618723],[120.284876,22.618387],[120.284707,22.618462],[120.284881,22.618798]]]}},{"type":"Feature","id":"w394378148","properties":{"kind":"building","category":"warehouse","name":null,"area_m2":711.2,"centroid":[120.285069,22.618464]},"geometry":{"type":"Polygon","coordinates":[[[120.28509,22.618664],[120.285258,22.61859],[120.285103,22.618287],[120.284934,22.618361],[120.284962,22.618416],[120.28509,22.618664]]]}},{"type":"Feature","id":"w394378149","properties":{"kind":"building","category":"warehouse","name":null,"area_m2":753.3,"centroid":[120.285331,22.618375]},"geometry":{"type":"Polygon","coordinates":[[[120.28533,22.618571],[120.2855,22.618493],[120.285332,22.61818],[120.285162,22.618257],[120.28533,22.618571]]]}},{"type":"Feature","id":"w394378150","properties":{"kind":"building","category":"warehouse","name":null,"area_m2":656.8,"centroid":[120.285554,22.618251]},"geometry":{"type":"Polygon","coordinates":[[[120.285545,22.618428],[120.285713,22.61835],[120.285564,22.618075],[120.285396,22.618153],[120.285545,22.618428]]]}},{"type":"Feature","id":"w395230921","properties":{"kind":"building","category":"school","name":"雄獅台","area_m2":272.5,"centroid":[120.299412,22.639519]},"geometry":{"type":"Polygon","coordinates":[[[120.299333,22.639595],[120.299496,22.63959],[120.29949,22.639443],[120.299327,22.639448],[120.299333,22.639595]]]}},{"type":"Feature","id":"w398863418","properties":{"kind":"building","category":"yes","name":"售票亭","area_m2":18.6,"centroid":[120.275218,22.634441]},"geometry":{"type":"Polygon","coordinates":[[[120.275233,22.63447],[120.275185,22.634433],[120.275203,22.634413],[120.275251,22.634449],[120.275233,22.63447]]]}},{"type":"Feature","id":"w398863419","properties":{"kind":"building","category":"yes","name":"羊駝小站","area_m2":37.2,"centroid":[120.275486,22.637016]},"geometry":{"type":"Polygon","coordinates":[[[120.275471,22.637053],[120.27553,22.637016],[120.275501,22.636978],[120.275443,22.637015],[120.275471,22.637053]]]}},{"type":"Feature","id":"w398863420","properties":{"kind":"building","category":"yes","name":"爬行動物館","area_m2":30.6,"centroid":[120.276094,22.634962]},"geometry":{"type":"Polygon","coordinates":[[[120.27611,22.634996],[120.276133,22.634989],[120.276131,22.634969],[120.276085,22.63493],[120.276061,22.634929],[120.276059,22.634952],[120.276079,22.63497],[120.27611,22.634996]]]}},{"type":"Feature","id":"w398902741","properties":{"kind":"building","category":"yes","name":null,"area_m2":151.3,"centroid":[120.273815,22.635391]},"geometry":{"type":"Polygon","coordinates":[[[120.273771,22.635301],[120.27372,22.635347],[120.27386,22.635482],[120.273911,22.635436],[120.273771,22.635301]]]}},{"type":"Feature","id":"w398902742","properties":{"kind":"building","category":"yes","name":null,"area_m2":399.8,"centroid":[120.274103,22.63567]},"geometry":{"type":"Polygon","coordinates":[[[120.274189,22.635807],[120.274265,22.635722],[120.274018,22.635534],[120.273942,22.635618],[120.274189,22.635807]]]}},{"type":"Feature","id":"w398902743","properties":{"kind":"building","category":"yes","name":"紅毛猩猩","area_m2":514.7,"centroid":[120.274286,22.63602]},"geometry":{"type":"Polygon","coordinates":[[[120.274328,22.636115],[120.274275,22.636091],[120.274229,22.636121],[120.274183,22.636081],[120.274137,22.635982],[120.274191,22.635925],[120.274214,22.635902],[120.274274,22.635844],[120.274339,22.635986],[120.274404,22.63596],[120.274435,22.636029],[120.274367,22.636117],[120.274339,22.636107],[120.274328,22.636115]]]}},{"type":"Feature","id":"w398902744","properties":{"kind":"building","category":"yes","name":"黑冠猴","area_m2":262.2,"centroid":[120.27443,22.636239]},"geometry":{"type":"Polygon","coordinates":[[[120.274322,22.636265],[120.274406,22.636139],[120.274539,22.636213],[120.274455,22.63634],[120.274322,22.636265]]]}},{"type":"Feature","id":"w398902745","properties":{"kind":"building","category":"yes","name":"黑猩猩","area_m2":440.8,"centroid":[120.274803,22.636451]},"geometry":{"type":"Polygon","coordinates":[[[120.274883,22.636577],[120.27496,22.636456],[120.274723,22.636326],[120.274645,22.636447],[120.274883,22.636577]]]}},{"type":"Feature","id":"w398996720","properties":{"kind":"building","category":"commercial","name":null,"area_m2":795.5,"centroid":[120.302584,22.634215]},"geometry":{"type":"Polygon","coordinates":[[[120.302421,22.634363],[120.302537,22.634398],[120.302729,22.634396],[120.302728,22.634289],[120.302571,22.63429],[120.30257,22.634157],[120.302649,22.634156],[120.302648,22.634088],[120.302578,22.634089],[120.302578,22.634071],[120.302415,22.634072],[120.302421,22.634363]]]}},{"type":"Feature","id":"w398996721","properties":{"kind":"building","category":"apartments","name":null,"area_m2":429.8,"centroid":[120.300664,22.634557]},"geometry":{"type":"Polygon","coordinates":[[[120.300534,22.634635],[120.300805,22.634618],[120.300795,22.634479],[120.300524,22.634496],[120.300534,22.634635]]]}},{"type":"Feature","id":"w398996722","properties":{"kind":"building","category":"commercial","name":null,"area_m2":825.9,"centroid":[120.302773,22.636404]},"geometry":{"type":"Polygon","coordinates":[[[120.302634,22.636536],[120.302932,22.636515],[120.302911,22.636272],[120.302614,22.636293],[120.302634,22.636536]]]}},{"type":"Feature","id":"w398996723","properties":{"kind":"building","category":"apartments","name":null,"area_m2":366.6,"centroid":[120.300977,22.634501]},"geometry":{"type":"Polygon","coordinates":[[[120.30088,22.634611],[120.301055,22.634601],[120.301054,22.634444],[120.301024,22.634421],[120.300871,22.634428],[120.30088,22.634611]]]}},{"type":"Feature","id":"w398996724","properties":{"kind":"building","category":"commercial","name":null,"area_m2":164.2,"centroid":[120.302607,22.635827]},"geometry":{"type":"Polygon","coordinates":[[[120.302528,22.635784],[120.30253,22.635836],[120.302572,22.635871],[120.302702,22.635865],[120.302701,22.635777],[120.302528,22.635784]]]}},{"type":"Feature","id":"w398996726","properties":{"kind":"building","category":"ruins","name":null,"area_m2":312.2,"centroid":[120.301961,22.63586]},"geometry":{"type":"Polygon","coordinates":[[[120.301814,22.635921],[120.302034,22.635906],[120.302076,22.635863],[120.302072,22.635795],[120.301808,22.635815],[120.301814,22.635921]]]}},{"type":"Feature","id":"w398996727","properties":{"kind":"building","category":"retail","name":"全聯福利中心","area_m2":773.3,"centroid":[120.301443,22.634891]},"geometry":{"type":"Polygon","coordinates":[[[120.301285,22.634787],[120.301297,22.63501],[120.301602,22.634995],[120.301589,22.634772],[120.301285,22.634787]]]}},{"type":"Feature","id":"w398996728","properties":{"kind":"building","category":"yes","name":"尊龍大飯店","area_m2":764.6,"centroid":[120.301406,22.634356]},"geometry":{"type":"Polygon","coordinates":[[[120.301255,22.63447],[120.301568,22.634457],[120.301557,22.634242],[120.301245,22.634255],[120.301255,22.63447]]]}},{"type":"Feature","id":"w398996729","properties":{"kind":"building","category":"hotel","name":"康橋商旅","area_m2":435.0,"centroid":[120.301991,22.636139]},"geometry":{"type":"Polygon","coordinates":[[[120.302057,22.636068],[120.302102,22.636102],[120.302109,22.636213],[120.301849,22.636231],[120.301838,22.63608],[120.302057,22.636068]]]}},{"type":"Feature","id":"w398996730","properties":{"kind":"building","category":"hotel","name":"康橋商旅","area_m2":479.0,"centroid":[120.300682,22.6355]},"geometry":{"type":"Polygon","coordinates":[[[120.300627,22.635665],[120.300757,22.635659],[120.300738,22.635335],[120.300608,22.635342],[120.300627,22.635665]]]}},{"type":"Feature","id":"w398996731","properties":{"kind":"building","category":"terrace","name":"藍寶石","area_m2":262.3,"centroid":[120.29976,22.636569]},"geometry":{"type":"Polygon","coordinates":[[[120.299588,22.63661],[120.299937,22.636594],[120.299933,22.636528],[120.299584,22.636544],[120.299588,22.63661]]]}},{"type":"Feature","id":"w398996732","properties":{"kind":"building","category":"terrace","name":"藍寶石","area_m2":457.0,"centroid":[120.299884,22.636662]},"geometry":{"type":"Polygon","coordinates":[[[120.30021,22.636612],[120.300214,22.636673],[120.299557,22.636713],[120.299553,22.636652],[120.30021,22.636612]]]}},{"type":"Feature","id":"w400735265","properties":{"kind":"building","category":"school","name":"第一棟","area_m2":970.8,"centroid":[120.29794,22.638399]},"geometry":{"type":"Polygon","coordinates":[[[120.298356,22.638342],[120.29834,22.638342],[120.298165,22.638347],[120.29803,22.638352],[120.29803,22.638323],[120.297954,22.638324],[120.297872,22.638325],[120.297869,22.638367],[120.297671,22.638387],[120.297624,22.638379],[120.297614,22.638377],[120.297526,22.638375],[120.297526,22.638393],[120.297527,22.638465],[120.297627,22.638466],[120.29765,22.638466],[120.297891,22.638458],[120.297892,22.638498],[120.29802,22.638498],[120.298018,22.638455],[120.298305,22.638424],[120.298348,22.638422],[120.29836,22.638421],[120.298357,22.638362],[120.298356,22.638342]]]}},{"type":"Feature","id":"w405961971","properties":{"kind":"building","category":"apartments","name":null,"area_m2":493.8,"centroid":[120.296448,22.616548]},"geometry":{"type":"Polygon","coordinates":[[[120.296581,22.616485],[120.296608,22.616519],[120.296566,22.616641],[120.29641,22.616586],[120.296397,22.616622],[120.296337,22.616605],[120.296321,22.616519],[120.296364,22.616407],[120.296581,22.616485]]]}},{"type":"Feature","id":"w405961972","properties":{"kind":"building","category":"apartments","name":null,"area_m2":403.9,"centroid":[120.296145,22.616048]},"geometry":{"type":"Polygon","coordinates":[[[120.296263,22.616015],[120.296193,22.616203],[120.296015,22.616146],[120.296085,22.61596],[120.296151,22.615981],[120.296128,22.616042],[120.296152,22.61605],[120.296176,22.615987],[120.296263,22.616015]]]}},{"type":"Feature","id":"w405961973","properties":{"kind":"building","category":"apartments","name":null,"area_m2":294.5,"centroid":[120.295893,22.616021]},"geometry":{"type":"Polygon","coordinates":[[[120.29601,22.616034],[120.295974,22.616131],[120.295751,22.61606],[120.295787,22.615964],[120.295833,22.615979],[120.295838,22.615966],[120.295976,22.61601],[120.295971,22.616022],[120.29601,22.616034]]]}},{"type":"Feature","id":"w405961974","properties":{"kind":"building","category":"apartments","name":null,"area_m2":385.6,"centroid":[120.295686,22.615891]},"geometry":{"type":"Polygon","coordinates":[[[120.29555,22.615988],[120.295723,22.616047],[120.295798,22.615863],[120.295728,22.615839],[120.29571,22.615885],[120.295669,22.61587],[120.295685,22.615829],[120.295623,22.615807],[120.29555,22.615988]]]}},{"type":"Feature","id":"w406001766","properties":{"kind":"building","category":"apartments","name":null,"area_m2":949.1,"centroid":[120.289398,22.632445]},"geometry":{"type":"Polygon","coordinates":[[[120.289766,22.632445],[120.289687,22.632639],[120.289577,22.632601],[120.289619,22.632499],[120.289465,22.632446],[120.28944,22.632508],[120.289384,22.632488],[120.289406,22.632434],[120.289264,22.632385],[120.289245,22.632433],[120.289191,22.632414],[120.289212,22.632362],[120.289138,22.632337],[120.289177,22.632241],[120.289766,22.632445]]]}},{"type":"Feature","id":"w406001767","properties":{"kind":"building","category":"apartments","name":null,"area_m2":216.0,"centroid":[120.289007,22.631918]},"geometry":{"type":"Polygon","coordinates":[[[120.288923,22.631978],[120.289031,22.632014],[120.289092,22.631859],[120.288984,22.631822],[120.288923,22.631978]]]}},{"type":"Feature","id":"w406001768","properties":{"kind":"building","category":"apartments","name":null,"area_m2":375.4,"centroid":[120.289237,22.631986]},"geometry":{"type":"Polygon","coordinates":[[[120.289091,22.632027],[120.289336,22.632115],[120.289401,22.631958],[120.28929,22.631918],[120.289263,22.631982],[120.289201,22.63196],[120.289194,22.631975],[120.289123,22.63195],[120.289091,22.632027]]]}},{"type":"Feature","id":"w407954741","properties":{"kind":"building","category":"apartments","name":null,"area_m2":401.1,"centroid":[120.271971,22.622745]},"geometry":{"type":"Polygon","coordinates":[[[120.271824,22.622687],[120.271964,22.622899],[120.272107,22.622819],[120.272029,22.622701],[120.271981,22.622728],[120.271919,22.622634],[120.271824,22.622687]]]}},{"type":"Feature","id":"w409080023","properties":{"kind":"building","category":"apartments","name":null,"area_m2":408.1,"centroid":[120.302876,22.636114]},"geometry":{"type":"Polygon","coordinates":[[[120.302775,22.636205],[120.302758,22.636042],[120.302977,22.636023],[120.302993,22.636186],[120.302775,22.636205]]]}},{"type":"Feature","id":"w42680544","properties":{"kind":"green","category":"garden","name":null,"area_m2":7420.2,"centroid":[120.303949,22.611804]},"geometry":{"type":"Polygon","coordinates":[[[120.304851,22.612273],[120.304974,22.611981],[120.303044,22.611328],[120.302928,22.611634],[120.304851,22.612273]]]}},{"type":"Feature","id":"w431674572","properties":{"kind":"building","category":"yes","name":null,"area_m2":907.9,"centroid":[120.301633,22.632647]},"geometry":{"type":"Polygon","coordinates":[[[120.301773,22.632494],[120.301803,22.632805],[120.301758,22.632843],[120.301454,22.63274],[120.3015,22.632596],[120.301554,22.632615],[120.30161,22.632573],[120.301608,22.632508],[120.301773,22.632494]]]}},{"type":"Feature","id":"w432332230","properties":{"kind":"building","category":"yes","name":null,"area_m2":2676.3,"centroid":[120.300362,22.614639]},"geometry":{"type":"Polygon","coordinates":[[[120.299755,22.614591],[120.299878,22.61427],[120.300227,22.614384],[120.300141,22.614606],[120.300275,22.61465],[120.300295,22.614597],[120.300577,22.614689],[120.300557,22.614742],[120.300976,22.614879],[120.300938,22.614978],[120.299755,22.614591]]]}},{"type":"Feature","id":"w432332233","properties":{"kind":"building","category":"yes","name":null,"area_m2":180.7,"centroid":[120.297958,22.614774]},"geometry":{"type":"Polygon","coordinates":[[[120.297955,22.614889],[120.29803,22.614681],[120.297962,22.614659],[120.297886,22.614867],[120.297955,22.614889]]]}},{"type":"Feature","id":"w432332236","properties":{"kind":"building","category":"yes","name":null,"area_m2":2188.1,"centroid":[120.300159,22.615419]},"geometry":{"type":"Polygon","coordinates":[[[120.299511,22.615286],[120.300755,22.615689],[120.300807,22.615551],[120.299563,22.615148],[120.299511,22.615286]]]}},{"type":"Feature","id":"w433350159","properties":{"kind":"building","category":"commercial","name":"宜都大飯店","area_m2":76.4,"centroid":[120.299686,22.635224]},"geometry":{"type":"Polygon","coordinates":[[[120.299701,22.63528],[120.299634,22.635256],[120.299671,22.635168],[120.299737,22.635192],[120.299701,22.63528]]]}},{"type":"Feature","id":"w433350160","properties":{"kind":"building","category":"yes","name":null,"area_m2":343.9,"centroid":[120.299596,22.635086]},"geometry":{"type":"Polygon","coordinates":[[[120.2997,22.634999],[120.299575,22.634958],[120.299492,22.635173],[120.299617,22.635214],[120.2997,22.634999]]]}},{"type":"Feature","id":"w433847671","properties":{"kind":"building","category":"office","name":"山達基高雄理想機構","area_m2":673.5,"centroid":[120.290111,22.631072]},"geometry":{"type":"Polygon","coordinates":[[[120.289915,22.6311],[120.290251,22.631203],[120.290308,22.631044],[120.289972,22.630941],[120.289915,22.6311]]]}},{"type":"Feature","id":"w433847674","properties":{"kind":"building","category":"temple","name":"高雄佛教堂","area_m2":506.7,"centroid":[120.295235,22.619199]},"geometry":{"type":"Polygon","coordinates":[[[120.295084,22.619246],[120.295331,22.619316],[120.295386,22.619151],[120.295139,22.619081],[120.295084,22.619246]]]}},{"type":"Feature","id":"w434885021","properties":{"kind":"building","category":"apartments","name":"大同大廈","area_m2":343.0,"centroid":[120.300998,22.628666]},"geometry":{"type":"Polygon","coordinates":[[[120.30109,22.628575],[120.300991,22.628851],[120.300884,22.628819],[120.300967,22.628587],[120.301019,22.628603],[120.301035,22.628558],[120.30109,22.628575]]]}},{"type":"Feature","id":"w434885022","properties":{"kind":"building","category":"yes","name":"大益大飯店","area_m2":262.2,"centroid":[120.301143,22.628785]},"geometry":{"type":"Polygon","coordinates":[[[120.301015,22.62885],[120.301134,22.628885],[120.301152,22.628833],[120.301176,22.628841],[120.301194,22.62879],[120.301167,22.628782],[120.30118,22.628744],[120.301162,22.628739],[120.301173,22.628708],[120.301074,22.628678],[120.301015,22.62885]]]}},{"type":"Feature","id":"w434885023","properties":{"kind":"building","category":"yes","name":"大通大飯店","area_m2":296.6,"centroid":[120.300211,22.628476]},"geometry":{"type":"Polygon","coordinates":[[[120.300108,22.628547],[120.300251,22.628589],[120.300321,22.628373],[120.300273,22.628357],[120.3001,22.628516],[120.300108,22.628547]]]}},{"type":"Feature","id":"w435657348","properties":{"kind":"building","category":"transportation","name":"舊高雄港站月台","area_m2":690.0,"centroid":[120.275725,22.621817]},"geometry":{"type":"Polygon","coordinates":[[[120.27581,22.622129],[120.275899,22.622096],[120.27564,22.621505],[120.275552,22.621537],[120.27581,22.622129]]]}},{"type":"Feature","id":"w444746704","properties":{"kind":"building","category":"yes","name":"鯨魚04館","area_m2":540.9,"centroid":[120.292255,22.615689]},"geometry":{"type":"Polygon","coordinates":[[[120.292078,22.6157],[120.292146,22.61582],[120.292244,22.615789],[120.292283,22.615777],[120.292417,22.615657],[120.292407,22.615645],[120.292343,22.615563],[120.29221,22.615609],[120.292164,22.615641],[120.292078,22.6157]]]}},{"type":"Feature","id":"w444746705","properties":{"kind":"building","category":"yes","name":"鯨魚02館","area_m2":846.4,"centroid":[120.292647,22.616395]},"geometry":{"type":"Polygon","coordinates":[[[120.292418,22.616392],[120.292493,22.616538],[120.292601,22.616505],[120.29269,22.616478],[120.292862,22.616399],[120.292852,22.616383],[120.29278,22.616252],[120.292606,22.616278],[120.292525,22.616327],[120.292418,22.616392]]]}},{"type":"Feature","id":"w444746706","properties":{"kind":"building","category":"yes","name":"鯨魚06館","area_m2":779.4,"centroid":[120.291883,22.615015]},"geometry":{"type":"Polygon","coordinates":[[[120.291663,22.614953],[120.291685,22.615099],[120.291815,22.615103],[120.291921,22.615107],[120.292076,22.615068],[120.292072,22.615054],[120.292047,22.614932],[120.291881,22.614898],[120.291788,22.614922],[120.291663,22.614953]]]}},{"type":"Feature","id":"w444746707","properties":{"kind":"building","category":"yes","name":"鯨魚05館","area_m2":986.5,"centroid":[120.292081,22.615351]},"geometry":{"type":"Polygon","coordinates":[[[120.291833,22.615351],[120.29191,22.615514],[120.292042,22.615475],[120.292101,22.615457],[120.292313,22.61533],[120.292303,22.615314],[120.292238,22.615188],[120.292042,22.615237],[120.291947,22.615289],[120.291833,22.615351]]]}},{"type":"Feature","id":"w444746708","properties":{"kind":"building","category":"yes","name":"鯨魚03館","area_m2":1065.9,"centroid":[120.292444,22.616053]},"geometry":{"type":"Polygon","coordinates":[[[120.292186,22.61606],[120.292278,22.616227],[120.292413,22.616179],[120.292457,22.616163],[120.292683,22.616031],[120.292674,22.616011],[120.292611,22.615876],[120.292375,22.615946],[120.292319,22.61598],[120.292186,22.61606]]]}},{"type":"Feature","id":"w444746709","properties":{"kind":"building","category":"yes","name":"鯨魚01館","area_m2":571.6,"centroid":[120.292813,22.616673]},"geometry":{"type":"Polygon","coordinates":[[[120.292649,22.616735],[120.292753,22.616832],[120.292839,22.616774],[120.292862,22.616759],[120.292954,22.616601],[120.292947,22.616593],[120.292862,22.616506],[120.292734,22.616619],[120.292719,22.616639],[120.292649,22.616735]]]}},{"type":"Feature","id":"w445901545","properties":{"kind":"building","category":"yes","name":null,"area_m2":37.3,"centroid":[120.296847,22.63683]},"geometry":{"type":"Polygon","coordinates":[[[120.296809,22.636845],[120.296828,22.636795],[120.296887,22.636815],[120.296865,22.636865],[120.296809,22.636845]]]}},{"type":"Feature","id":"w447994147","properties":{"kind":"green","category":"park","name":"涼涼海之濱","area_m2":2225.3,"centroid":[120.272262,22.619418]},"geometry":{"type":"Polygon","coordinates":[[[120.271791,22.619463],[120.27241,22.619526],[120.272632,22.619548],[120.272659,22.619318],[120.271818,22.619233],[120.271791,22.619463]]]}},{"type":"Feature","id":"w447994152","properties":{"kind":"building","category":"transportation","name":"哈瑪星轉運站","area_m2":164.3,"centroid":[120.276368,22.620445]},"geometry":{"type":"Polygon","coordinates":[[[120.276222,22.620481],[120.276244,22.620525],[120.276514,22.620409],[120.276491,22.620365],[120.276222,22.620481]]]}},{"type":"Feature","id":"w449378592","properties":{"kind":"green","category":"garden","name":null,"area_m2":649.4,"centroid":[120.266985,22.618699]},"geometry":{"type":"Polygon","coordinates":[[[120.266824,22.618761],[120.266798,22.618719],[120.266802,22.618603],[120.267013,22.618513],[120.267046,22.618499],[120.26718,22.618749],[120.267113,22.618779],[120.267029,22.618817],[120.267019,22.618791],[120.267101,22.618757],[120.26704,22.618654],[120.266856,22.618745],[120.266824,22.618761]]]}},{"type":"Feature","id":"w459137019","properties":{"kind":"building","category":"yes","name":null,"area_m2":18.8,"centroid":[120.267184,22.618249]},"geometry":{"type":"Polygon","coordinates":[[[120.26719,22.618276],[120.267212,22.61824],[120.267177,22.618222],[120.267155,22.618258],[120.26719,22.618276]]]}},{"type":"Feature","id":"w467553799","properties":{"kind":"building","category":"yes","name":"售票亭;服務、廣播中心","area_m2":67.2,"centroid":[120.275178,22.634532]},"geometry":{"type":"Polygon","coordinates":[[[120.275136,22.634548],[120.275163,22.634566],[120.275191,22.634584],[120.275246,22.634514],[120.275191,22.634477],[120.275172,22.634501],[120.275148,22.634532],[120.275136,22.634548]]]}},{"type":"Feature","id":"w467558439","properties":{"kind":"building","category":"roof","name":null,"area_m2":14.2,"centroid":[120.273702,22.633368]},"geometry":{"type":"Polygon","coordinates":[[[120.273709,22.633399],[120.273676,22.633346],[120.273694,22.633337],[120.273727,22.63339],[120.273709,22.633399]]]}},{"type":"Feature","id":"w467560224","properties":{"kind":"building","category":"yes","name":"Nini 浪漫小屋","area_m2":47.5,"centroid":[120.274437,22.63405]},"geometry":{"type":"Polygon","coordinates":[[[120.274485,22.634069],[120.274446,22.634097],[120.274389,22.634032],[120.274428,22.634003],[120.274485,22.634069]]]}},{"type":"Feature","id":"w467560225","properties":{"kind":"building","category":"roof","name":null,"area_m2":44.8,"centroid":[120.274306,22.634051]},"geometry":{"type":"Polygon","coordinates":[[[120.274298,22.634095],[120.274259,22.634063],[120.274314,22.634007],[120.274353,22.634039],[120.274298,22.634095]]]}},{"type":"Feature","id":"w467560226","properties":{"kind":"building","category":"roof","name":null,"area_m2":40.7,"centroid":[120.273955,22.634371]},"geometry":{"type":"Polygon","coordinates":[[[120.273978,22.634419],[120.274005,22.634397],[120.273933,22.634323],[120.273906,22.634345],[120.273978,22.634419]]]}},{"type":"Feature","id":"w467561179","properties":{"kind":"building","category":"roof","name":null,"area_m2":58.6,"centroid":[120.274539,22.635319]},"geometry":{"type":"Polygon","coordinates":[[[120.274529,22.635368],[120.274485,22.635323],[120.274549,22.63527],[120.274592,22.635315],[120.274529,22.635368]]]}},{"type":"Feature","id":"w473042342","properties":{"kind":"building","category":"office","name":"新興分局","area_m2":371.0,"centroid":[120.302095,22.630663]},"geometry":{"type":"Polygon","coordinates":[[[120.30202,22.630766],[120.302001,22.630575],[120.30217,22.63056],[120.30219,22.630751],[120.30202,22.630766]]]}},{"type":"Feature","id":"w473473923","properties":{"kind":"building","category":"yes","name":null,"area_m2":995.0,"centroid":[120.299945,22.637503]},"geometry":{"type":"Polygon","coordinates":[[[120.299819,22.637671],[120.300089,22.637658],[120.300071,22.637335],[120.2998,22.637348],[120.299819,22.637671]]]}},{"type":"Feature","id":"w475637738","properties":{"kind":"building","category":"commercial","name":null,"area_m2":796.6,"centroid":[120.300619,22.629158]},"geometry":{"type":"Polygon","coordinates":[[[120.30041,22.629234],[120.300753,22.629349],[120.300805,22.629216],[120.300595,22.629146],[120.300644,22.629023],[120.30051,22.628978],[120.30041,22.629234]]]}},{"type":"Feature","id":"w480049183","properties":{"kind":"building","category":"house","name":"Loop圈圈-DIY烘焙","area_m2":160.9,"centroid":[120.2957,22.62674]},"geometry":{"type":"Polygon","coordinates":[[[120.295663,22.626666],[120.295778,22.626703],[120.295736,22.626813],[120.295622,22.626777],[120.295663,22.626666]]]}},{"type":"Feature","id":"w484574090","properties":{"kind":"building","category":"yes","name":null,"area_m2":364.7,"centroid":[120.296175,22.618818]},"geometry":{"type":"Polygon","coordinates":[[[120.29609,22.618718],[120.296042,22.618851],[120.296261,22.618917],[120.296308,22.618785],[120.29609,22.618718]]]}},{"type":"Feature","id":"w488045301","properties":{"kind":"building","category":"transportation","name":"真愛碼頭","area_m2":356.8,"centroid":[120.289436,22.619209]},"geometry":{"type":"Polygon","coordinates":[[[120.289588,22.619304],[120.289594,22.619289],[120.289601,22.619265],[120.289556,22.619227],[120.289521,22.619205],[120.289479,22.619185],[120.289445,22.619171],[120.289361,22.619149],[120.28928,22.619146],[120.28919,22.619159],[120.289182,22.619194],[120.289588,22.619304]]]}},{"type":"Feature","id":"w488045302","properties":{"kind":"building","category":"transportation","name":"真愛碼頭","area_m2":277.1,"centroid":[120.289346,22.619335]},"geometry":{"type":"Polygon","coordinates":[[[120.289202,22.619238],[120.289513,22.619321],[120.289505,22.619359],[120.289443,22.619373],[120.289404,22.619377],[120.289363,22.619376],[120.289341,22.619371],[120.289277,22.61935],[120.289233,22.619317],[120.289181,22.619267],[120.289202,22.619238]]]}},{"type":"Feature","id":"w492977003","properties":{"kind":"green","category":"park","name":"昆滇公園","area_m2":1670.5,"centroid":[120.306619,22.611857]},"geometry":{"type":"Polygon","coordinates":[[[120.306427,22.612136],[120.30636,22.612088],[120.306613,22.61154],[120.30665,22.611526],[120.306851,22.611888],[120.30681,22.611965],[120.306427,22.612136]]]}},{"type":"Feature","id":"w499497197","properties":{"kind":"building","category":"yes","name":"素食自助餐","area_m2":64.6,"centroid":[120.297669,22.616037]},"geometry":{"type":"Polygon","coordinates":[[[120.297717,22.615983],[120.29766,22.616107],[120.297621,22.616092],[120.297678,22.615968],[120.297717,22.615983]]]}},{"type":"Feature","id":"w503158468","properties":{"kind":"building","category":"commercial","name":null,"area_m2":454.8,"centroid":[120.294237,22.632876]},"geometry":{"type":"Polygon","coordinates":[[[120.294161,22.632755],[120.294302,22.632803],[120.294341,22.632882],[120.294292,22.633008],[120.294088,22.632934],[120.294161,22.632755]]]}},{"type":"Feature","id":"w503161875","properties":{"kind":"building","category":"yes","name":null,"area_m2":280.4,"centroid":[120.294026,22.633506]},"geometry":{"type":"Polygon","coordinates":[[[120.294068,22.633606],[120.293924,22.633557],[120.293984,22.633406],[120.294128,22.633455],[120.294068,22.633606]]]}},{"type":"Feature","id":"w503161877","properties":{"kind":"building","category":"commercial","name":null,"area_m2":360.2,"centroid":[120.29404,22.633295]},"geometry":{"type":"Polygon","coordinates":[[[120.293952,22.633194],[120.29418,22.633275],[120.294129,22.633396],[120.293901,22.633315],[120.293952,22.633194]]]}},{"type":"Feature","id":"w503161878","properties":{"kind":"building","category":"commercial","name":null,"area_m2":266.3,"centroid":[120.294107,22.633128]},"geometry":{"type":"Polygon","coordinates":[[[120.293975,22.633131],[120.294008,22.63304],[120.29424,22.633127],[120.294205,22.633214],[120.293975,22.633131]]]}},{"type":"Feature","id":"w503161879","properties":{"kind":"building","category":"commercial","name":"宏運交通有限公司","area_m2":155.4,"centroid":[120.294079,22.633204]},"geometry":{"type":"Polygon","coordinates":[[[120.294181,22.633271],[120.294203,22.633218],[120.293978,22.633138],[120.293956,22.633191],[120.294181,22.633271]]]}},{"type":"Feature","id":"w503161880","properties":{"kind":"building","category":"commercial","name":null,"area_m2":122.9,"centroid":[120.294181,22.633]},"geometry":{"type":"Polygon","coordinates":[[[120.294072,22.632987],[120.294269,22.63306],[120.294289,22.633012],[120.294093,22.63294],[120.294072,22.632987]]]}},{"type":"Feature","id":"w503164288","properties":{"kind":"building","category":"yes","name":"余國榮耳鼻喉科診所","area_m2":174.9,"centroid":[120.293892,22.633769]},"geometry":{"type":"Polygon","coordinates":[[[120.293781,22.633773],[120.293978,22.633835],[120.294004,22.633765],[120.293807,22.633703],[120.293781,22.633773]]]}},{"type":"Feature","id":"w503164289","properties":{"kind":"building","category":"yes","name":null,"area_m2":92.5,"centroid":[120.293984,22.63361]},"geometry":{"type":"Polygon","coordinates":[[[120.294046,22.633659],[120.294066,22.633609],[120.293921,22.633562],[120.293902,22.633612],[120.294046,22.633659]]]}},{"type":"Feature","id":"w503164290","properties":{"kind":"building","category":"yes","name":"俊典企業有限公司","area_m2":91.9,"centroid":[120.293965,22.633661]},"geometry":{"type":"Polygon","coordinates":[[[120.294027,22.633709],[120.294046,22.633659],[120.293902,22.633612],[120.293883,22.633662],[120.294027,22.633709]]]}},{"type":"Feature","id":"w503164291","properties":{"kind":"building","category":"yes","name":"蕃茄部屋傢飾館","area_m2":91.9,"centroid":[120.293945,22.63371]},"geometry":{"type":"Polygon","coordinates":[[[120.294008,22.633759],[120.294027,22.633709],[120.293883,22.633662],[120.293864,22.633712],[120.294008,22.633759]]]}},{"type":"Feature","id":"w503164293","properties":{"kind":"building","category":"yes","name":null,"area_m2":81.4,"centroid":[120.294009,22.633371]},"geometry":{"type":"Polygon","coordinates":[[[120.29389,22.633344],[120.293902,22.633317],[120.294127,22.633398],[120.294115,22.633426],[120.29389,22.633344]]]}},{"type":"Feature","id":"w503164298","properties":{"kind":"building","category":"commercial","name":null,"area_m2":186.7,"centroid":[120.29411,22.633041]},"geometry":{"type":"Polygon","coordinates":[[[120.294267,22.633066],[120.294027,22.632975],[120.294013,22.633005],[120.294001,22.633033],[120.294241,22.633125],[120.294267,22.633066]]]}},{"type":"Feature","id":"w503165362","properties":{"kind":"building","category":"hospital","name":"重仁骨科醫院","area_m2":577.2,"centroid":[120.293677,22.634242]},"geometry":{"type":"Polygon","coordinates":[[[120.293748,22.634397],[120.2936,22.634343],[120.293639,22.634252],[120.293519,22.634208],[120.293568,22.634094],[120.293714,22.634148],[120.293836,22.634192],[120.29379,22.634298],[120.293748,22.634397]]]}},{"type":"Feature","id":"w503165364","properties":{"kind":"building","category":"yes","name":null,"area_m2":138.5,"centroid":[120.2938,22.634116]},"geometry":{"type":"Polygon","coordinates":[[[120.293842,22.634181],[120.293723,22.634142],[120.293758,22.634051],[120.293877,22.63409],[120.293842,22.634181]]]}},{"type":"Feature","id":"w503165365","properties":{"kind":"building","category":"yes","name":null,"area_m2":64.7,"centroid":[120.293866,22.633927]},"geometry":{"type":"Polygon","coordinates":[[[120.293925,22.633968],[120.293939,22.63393],[120.293808,22.633886],[120.293793,22.633925],[120.293925,22.633968]]]}},{"type":"Feature","id":"w503165366","properties":{"kind":"building","category":"yes","name":"一大數位影像印刷","area_m2":63.8,"centroid":[120.293852,22.633966]},"geometry":{"type":"Polygon","coordinates":[[[120.29391,22.634006],[120.293925,22.633968],[120.293793,22.633925],[120.293779,22.633963],[120.29391,22.634006]]]}},{"type":"Feature","id":"w503165367","properties":{"kind":"building","category":"yes","name":"花果子進口零食","area_m2":64.7,"centroid":[120.293837,22.634004]},"geometry":{"type":"Polygon","coordinates":[[[120.293895,22.634045],[120.29391,22.634006],[120.293779,22.633963],[120.293764,22.634001],[120.293895,22.634045]]]}},{"type":"Feature","id":"w503165368","properties":{"kind":"building","category":"yes","name":null,"area_m2":64.7,"centroid":[120.293822,22.634042]},"geometry":{"type":"Polygon","coordinates":[[[120.29388,22.634083],[120.293895,22.634045],[120.293764,22.634001],[120.293749,22.63404],[120.29388,22.634083]]]}},{"type":"Feature","id":"w503165369","properties":{"kind":"building","category":"yes","name":"秋水軒","area_m2":279.7,"centroid":[120.293824,22.633839]},"geometry":{"type":"Polygon","coordinates":[[[120.293942,22.633926],[120.293975,22.633845],[120.293707,22.633753],[120.293674,22.633833],[120.293942,22.633926]]]}},{"type":"Feature","id":"w503168510","properties":{"kind":"building","category":"yes","name":"大成黑板有限公司","area_m2":96.3,"centroid":[120.29422,22.634179]},"geometry":{"type":"Polygon","coordinates":[[[120.29431,22.634184],[120.294149,22.634127],[120.29413,22.634173],[120.294292,22.63423],[120.29431,22.634184]]]}},{"type":"Feature","id":"w503168511","properties":{"kind":"building","category":"yes","name":"純正牛樟芝專賣店","area_m2":115.5,"centroid":[120.294241,22.634128]},"geometry":{"type":"Polygon","coordinates":[[[120.294149,22.634127],[120.294171,22.634072],[120.294333,22.634129],[120.29431,22.634184],[120.294149,22.634127]]]}},{"type":"Feature","id":"w503168512","properties":{"kind":"building","category":"yes","name":"東碁木匾工藝彫刻","area_m2":52.9,"centroid":[120.294181,22.634232]},"geometry":{"type":"Polygon","coordinates":[[[120.294112,22.634228],[120.294237,22.634269],[120.29425,22.634236],[120.294125,22.634195],[120.294112,22.634228]]]}},{"type":"Feature","id":"w503168513","properties":{"kind":"building","category":"yes","name":"市富鋁材行","area_m2":57.6,"centroid":[120.294168,22.634266]},"geometry":{"type":"Polygon","coordinates":[[[120.294112,22.634228],[120.294237,22.634269],[120.294223,22.634305],[120.294098,22.634264],[120.294112,22.634228]]]}},{"type":"Feature","id":"w503168514","properties":{"kind":"building","category":"yes","name":null,"area_m2":52.0,"centroid":[120.294173,22.634302]},"geometry":{"type":"Polygon","coordinates":[[[120.294085,22.634293],[120.294098,22.634264],[120.294223,22.634305],[120.294237,22.63431],[120.294224,22.634338],[120.294085,22.634293]]]}},{"type":"Feature","id":"w503168515","properties":{"kind":"building","category":"yes","name":"青吉泰式按摩","area_m2":66.6,"centroid":[120.294114,22.634397]},"geometry":{"type":"Polygon","coordinates":[[[120.294045,22.634397],[120.294063,22.634355],[120.294183,22.634397],[120.294165,22.63444],[120.294045,22.634397]]]}},{"type":"Feature","id":"w503168516","properties":{"kind":"building","category":"yes","name":null,"area_m2":57.8,"centroid":[120.294097,22.634437]},"geometry":{"type":"Polygon","coordinates":[[[120.29403,22.634434],[120.294149,22.634477],[120.294165,22.63444],[120.294045,22.634397],[120.29403,22.634434]]]}},{"type":"Feature","id":"w503168517","properties":{"kind":"building","category":"yes","name":"豐郁企業有限公司","area_m2":99.5,"centroid":[120.294143,22.634343]},"geometry":{"type":"Polygon","coordinates":[[[120.294062,22.634348],[120.294201,22.634394],[120.294224,22.634338],[120.294085,22.634293],[120.294062,22.634348]]]}},{"type":"Feature","id":"w503168518","properties":{"kind":"building","category":"yes","name":null,"area_m2":79.2,"centroid":[120.294074,22.634485]},"geometry":{"type":"Polygon","coordinates":[[[120.294008,22.634495],[120.294028,22.634438],[120.294141,22.634476],[120.294118,22.63453],[120.294008,22.634495]]]}},{"type":"Feature","id":"w503169423","properties":{"kind":"building","category":"yes","name":null,"area_m2":154.6,"centroid":[120.294392,22.633787]},"geometry":{"type":"Polygon","coordinates":[[[120.294313,22.63372],[120.294285,22.633783],[120.294471,22.633853],[120.294498,22.63379],[120.294313,22.63372]]]}},{"type":"Feature","id":"w503169424","properties":{"kind":"building","category":"yes","name":"億來茗茶","area_m2":71.0,"centroid":[120.294336,22.633883]},"geometry":{"type":"Polygon","coordinates":[[[120.294268,22.633836],[120.294252,22.633872],[120.294405,22.63393],[120.29442,22.633896],[120.294268,22.633836]]]}},{"type":"Feature","id":"w503169425","properties":{"kind":"building","category":"yes","name":"億來服飾","area_m2":78.3,"centroid":[120.294353,22.633847]},"geometry":{"type":"Polygon","coordinates":[[[120.294268,22.633836],[120.29442,22.633896],[120.294438,22.633856],[120.294285,22.633799],[120.294268,22.633836]]]}},{"type":"Feature","id":"w503169426","properties":{"kind":"building","category":"yes","name":"合作金庫商業銀行","area_m2":378.7,"centroid":[120.294306,22.633976]},"geometry":{"type":"Polygon","coordinates":[[[120.294249,22.633877],[120.29434,22.633909],[120.294332,22.63393],[120.294405,22.633955],[120.294338,22.634121],[120.294173,22.634064],[120.294249,22.633877]]]}},{"type":"Feature","id":"w503171806","properties":{"kind":"building","category":"yes","name":null,"area_m2":118.5,"centroid":[120.294439,22.633634]},"geometry":{"type":"Polygon","coordinates":[[[120.294435,22.633705],[120.294482,22.633719],[120.294524,22.633603],[120.29437,22.633556],[120.294357,22.633593],[120.294464,22.633626],[120.294435,22.633705]]]}},{"type":"Feature","id":"w503171807","properties":{"kind":"building","category":"yes","name":"法原仕女美顏館","area_m2":18.4,"centroid":[120.294367,22.633661]},"geometry":{"type":"Polygon","coordinates":[[[120.294393,22.633684],[120.294402,22.633661],[120.29434,22.633639],[120.294331,22.633662],[120.294393,22.633684]]]}},{"type":"Feature","id":"w503171808","properties":{"kind":"building","category":"yes","name":null,"area_m2":41.9,"centroid":[120.294354,22.633707]},"geometry":{"type":"Polygon","coordinates":[[[120.294384,22.633742],[120.294402,22.633701],[120.294324,22.633672],[120.294307,22.633713],[120.294384,22.633742]]]}},{"type":"Feature","id":"w503172443","properties":{"kind":"building","category":"yes","name":"獨領風騷情趣精品","area_m2":31.7,"centroid":[120.294379,22.633626]},"geometry":{"type":"Polygon","coordinates":[[[120.294406,22.633656],[120.294421,22.63362],[120.294353,22.633597],[120.294338,22.633633],[120.294406,22.633656]]]}},{"type":"Feature","id":"w503172444","properties":{"kind":"building","category":"yes","name":"中華電信","area_m2":137.7,"centroid":[120.294488,22.633495]},"geometry":{"type":"Polygon","coordinates":[[[120.294397,22.633505],[120.294551,22.633555],[120.294578,22.633485],[120.294425,22.633435],[120.294397,22.633505]]]}},{"type":"Feature","id":"w503172445","properties":{"kind":"building","category":"yes","name":"清萊泰式按摩推拿養生館","area_m2":58.5,"centroid":[120.294457,22.633556]},"geometry":{"type":"Polygon","coordinates":[[[120.294376,22.633547],[120.294526,22.633596],[120.294538,22.633565],[120.294387,22.633517],[120.294376,22.633547]]]}},{"type":"Feature","id":"w503403863","properties":{"kind":"building","category":"yes","name":"台灣之星","area_m2":83.1,"centroid":[120.294562,22.633298]},"geometry":{"type":"Polygon","coordinates":[[[120.294497,22.633251],[120.29448,22.633295],[120.294627,22.633345],[120.294644,22.633301],[120.294497,22.633251]]]}},{"type":"Feature","id":"w503403864","properties":{"kind":"building","category":"yes","name":null,"area_m2":44.0,"centroid":[120.294519,22.633383]},"geometry":{"type":"Polygon","coordinates":[[[120.294448,22.633373],[120.294459,22.633347],[120.294589,22.633392],[120.294578,22.633418],[120.294448,22.633373]]]}},{"type":"Feature","id":"w503403865","properties":{"kind":"building","category":"yes","name":"立華當舖","area_m2":78.9,"centroid":[120.294534,22.633344]},"geometry":{"type":"Polygon","coordinates":[[[120.294459,22.633344],[120.294477,22.633298],[120.29461,22.633344],[120.294591,22.63339],[120.294459,22.633344]]]}},{"type":"Feature","id":"w503403866","properties":{"kind":"building","category":"yes","name":null,"area_m2":113.6,"centroid":[120.294523,22.633433]},"geometry":{"type":"Polygon","coordinates":[[[120.294604,22.633486],[120.294622,22.633437],[120.294442,22.633379],[120.294423,22.633429],[120.294604,22.633486]]]}},{"type":"Feature","id":"w511212149","properties":{"kind":"building","category":"yes","name":"台灣大哥大前金中華三店","area_m2":96.3,"centroid":[120.294589,22.633191]},"geometry":{"type":"Polygon","coordinates":[[[120.294501,22.633189],[120.294657,22.633241],[120.294676,22.633193],[120.29452,22.633141],[120.294501,22.633189]]]}},{"type":"Feature","id":"w511212150","properties":{"kind":"building","category":"yes","name":"車中寶","area_m2":96.3,"centroid":[120.29462,22.633142]},"geometry":{"type":"Polygon","coordinates":[[[120.29452,22.633141],[120.294676,22.633193],[120.294696,22.633145],[120.294673,22.633138],[120.294537,22.633093],[120.29452,22.633141]]]}},{"type":"Feature","id":"w511212151","properties":{"kind":"building","category":"yes","name":"夏欣美容坊","area_m2":101.9,"centroid":[120.294617,22.633087]},"geometry":{"type":"Polygon","coordinates":[[[120.294673,22.633138],[120.294537,22.633093],[120.29456,22.633035],[120.294698,22.633081],[120.294673,22.633138]]]}},{"type":"Feature","id":"w511212152","properties":{"kind":"building","category":"yes","name":"隆美窗簾七賢門市","area_m2":238.9,"centroid":[120.294665,22.633013]},"geometry":{"type":"Polygon","coordinates":[[[120.294728,22.633091],[120.294698,22.633081],[120.29456,22.633035],[120.294583,22.632972],[120.294651,22.632932],[120.294772,22.63297],[120.294728,22.633091]]]}},{"type":"Feature","id":"w524416587","properties":{"kind":"building","category":"retail","name":"中將電子","area_m2":373.8,"centroid":[120.305573,22.638292]},"geometry":{"type":"Polygon","coordinates":[[[120.305461,22.63837],[120.305694,22.638356],[120.305684,22.638215],[120.305452,22.638229],[120.305461,22.63837]]]}},{"type":"Feature","id":"w536707262","properties":{"kind":"green","category":"park","name":null,"area_m2":1191.5,"centroid":[120.270372,22.625881]},"geometry":{"type":"Polygon","coordinates":[[[120.270279,22.626009],[120.2703,22.62599],[120.270317,22.625974],[120.270604,22.6259],[120.27062,22.625868],[120.270609,22.625779],[120.270561,22.625744],[120.270164,22.625719],[120.270142,22.625851],[120.270126,22.625979],[120.270279,22.626009]]]}},{"type":"Feature","id":"w543485827","properties":{"kind":"green","category":"grass","name":null,"area_m2":2388.8,"centroid":[120.282303,22.622631]},"geometry":{"type":"Polygon","coordinates":[[[120.282153,22.622874],[120.282121,22.622878],[120.282081,22.622878],[120.282043,22.62287],[120.282014,22.622852],[120.281986,22.622833],[120.281968,22.622808],[120.281951,22.622776],[120.281943,22.622747],[120.281941,22.622718],[120.281951,22.622687],[120.281965,22.622651],[120.281987,22.622619],[120.282005,22.622602],[120.282466,22.622393],[120.282497,22.62239],[120.282522,22.622394],[120.282556,22.622402],[120.28259,22.622413],[120.282612,22.622435],[120.282631,22.622461],[120.282646,22.622484],[120.282654,22.622511],[120.28266,22.622541],[120.282654,22.622571],[120.282649,22.622606],[120.282635,22.622629],[120.282615,22.622658],[120.282153,22.622874]]]}},{"type":"Feature","id":"w543485830","properties":{"kind":"building","category":"school","name":null,"area_m2":995.3,"centroid":[120.281689,22.622894]},"geometry":{"type":"Polygon","coordinates":[[[120.281724,22.62314],[120.28188,22.623067],[120.281665,22.622644],[120.281486,22.622725],[120.281724,22.62314]]]}},{"type":"Feature","id":"w543485832","properties":{"kind":"building","category":"school","name":null,"area_m2":4872.2,"centroid":[120.282612,22.623265]},"geometry":{"type":"Polygon","coordinates":[[[120.282089,22.623771],[120.282244,22.623694],[120.282289,22.62377],[120.282606,22.623613],[120.282544,22.623505],[120.282215,22.623667],[120.282089,22.62345],[120.282457,22.623268],[120.282507,22.623353],[120.282724,22.623245],[120.282676,22.623162],[120.283028,22.622987],[120.283159,22.62321],[120.282918,22.62333],[120.282966,22.623411],[120.283228,22.623281],[120.283182,22.623202],[120.283261,22.623163],[120.283117,22.622916],[120.283195,22.622877],[120.28314,22.622782],[120.282565,22.623067],[120.282459,22.622885],[120.282308,22.622959],[120.282416,22.623144],[120.282047,22.623327],[120.281944,22.623149],[120.281776,22.623233],[120.282089,22.623771]]]}},{"type":"Feature","id":"w543485834","properties":{"kind":"building","category":"commercial","name":"國泰人壽鹽埕商業大樓","area_m2":559.3,"centroid":[120.284757,22.624718]},"geometry":{"type":"Polygon","coordinates":[[[120.284712,22.624914],[120.284583,22.624673],[120.284797,22.624575],[120.284829,22.624634],[120.284762,22.624664],[120.28486,22.624847],[120.284712,22.624914]]]}},{"type":"Feature","id":"w551445606","properties":{"kind":"building","category":"apartments","name":null,"area_m2":798.4,"centroid":[120.306495,22.61325]},"geometry":{"type":"Polygon","coordinates":[[[120.306299,22.613408],[120.306754,22.613221],[120.306692,22.613092],[120.306237,22.613279],[120.306299,22.613408]]]}},{"type":"Feature","id":"w551445607","properties":{"kind":"building","category":"apartments","name":null,"area_m2":1072.4,"centroid":[120.306662,22.613595]},"geometry":{"type":"Polygon","coordinates":[[[120.306549,22.613758],[120.30685,22.613734],[120.306969,22.613686],[120.306852,22.613432],[120.306701,22.6135],[120.306764,22.613626],[120.306639,22.613638],[120.30663,22.613574],[120.306658,22.613574],[120.306657,22.613474],[120.306476,22.613474],[120.306478,22.613575],[120.306588,22.613576],[120.306601,22.613646],[120.306517,22.613651],[120.306549,22.613758]]]}},{"type":"Feature","id":"w551445608","properties":{"kind":"building","category":"retail","name":null,"area_m2":1093.0,"centroid":[120.305487,22.614062]},"geometry":{"type":"Polygon","coordinates":[[[120.305662,22.614226],[120.305245,22.614111],[120.305313,22.613899],[120.30573,22.614014],[120.305662,22.614226]]]}},{"type":"Feature","id":"w551445609","properties":{"kind":"building","category":"apartments","name":null,"area_m2":1377.2,"centroid":[120.305989,22.613615]},"geometry":{"type":"Polygon","coordinates":[[[120.305821,22.613832],[120.306106,22.61371],[120.306063,22.613625],[120.306179,22.613575],[120.306084,22.613387],[120.305683,22.613559],[120.305821,22.613832]]]}},{"type":"Feature","id":"w551445610","properties":{"kind":"building","category":"apartments","name":null,"area_m2":607.4,"centroid":[120.30784,22.614222]},"geometry":{"type":"Polygon","coordinates":[[[120.307569,22.614185],[120.307992,22.614321],[120.307994,22.614322],[120.308036,22.614209],[120.307611,22.614073],[120.307569,22.614185]]]}},{"type":"Feature","id":"w556031317","properties":{"kind":"green","category":"park","name":"四海之家歷史建築紀念公園","area_m2":459.9,"centroid":[120.272013,22.623297]},"geometry":{"type":"Polygon","coordinates":[[[120.271976,22.623166],[120.271924,22.62315],[120.271868,22.623183],[120.272106,22.623521],[120.272192,22.623465],[120.271976,22.623166]]]}},{"type":"Feature","id":"w562964505","properties":{"kind":"building","category":"yes","name":"國際星辰旅館","area_m2":347.4,"centroid":[120.289338,22.635941]},"geometry":{"type":"Polygon","coordinates":[[[120.289226,22.636011],[120.289372,22.636051],[120.289454,22.635877],[120.2893,22.635825],[120.289226,22.636011]]]}},{"type":"Feature","id":"w569206880","properties":{"kind":"building","category":"house","name":"前高雄中學員工宿舍","area_m2":294.9,"centroid":[120.296816,22.638148]},"geometry":{"type":"Polygon","coordinates":[[[120.296923,22.638207],[120.296918,22.638056],[120.296719,22.638059],[120.296728,22.63815],[120.296781,22.63816],[120.296781,22.6382],[120.296859,22.638204],[120.296923,22.638207]]]}},{"type":"Feature","id":"w573413360","properties":{"kind":"building","category":"yes","name":null,"area_m2":695.3,"centroid":[120.27069,22.620422]},"geometry":{"type":"Polygon","coordinates":[[[120.270581,22.620149],[120.270892,22.620645],[120.270803,22.620692],[120.270485,22.620201],[120.270581,22.620149]]]}},{"type":"Feature","id":"w579861756","properties":{"kind":"building","category":"yes","name":"千光寺","area_m2":208.6,"centroid":[120.273326,22.6254]},"geometry":{"type":"Polygon","coordinates":[[[120.273313,22.625491],[120.273419,22.625435],[120.273341,22.625307],[120.27323,22.625365],[120.273313,22.625491]]]}},{"type":"Feature","id":"w583832255","properties":{"kind":"green","category":"park","name":"社區公園","area_m2":1624.3,"centroid":[120.296314,22.615531]},"geometry":{"type":"Polygon","coordinates":[[[120.296074,22.615666],[120.296412,22.615774],[120.296553,22.615396],[120.296215,22.615288],[120.296074,22.615666]]]}},{"type":"Feature","id":"w584099475","properties":{"kind":"building","category":"school","name":null,"area_m2":905.8,"centroid":[120.299732,22.614909]},"geometry":{"type":"Polygon","coordinates":[[[120.299542,22.615029],[120.299569,22.614937],[120.299631,22.614818],[120.299736,22.614727],[120.299777,22.614751],[120.299939,22.614652],[120.299991,22.614725],[120.29992,22.614808],[120.299936,22.614833],[120.299891,22.614873],[120.299824,22.614892],[120.299771,22.614854],[120.299711,22.614942],[120.299633,22.615167],[120.299588,22.615152],[120.299606,22.615083],[120.299555,22.615075],[120.299563,22.615037],[120.299542,22.615029]]]}},{"type":"Feature","id":"w584337061","properties":{"kind":"green","category":"park","name":"四維香花公園","area_m2":7444.1,"centroid":[120.299501,22.616189]},"geometry":{"type":"Polygon","coordinates":[[[120.298914,22.616302],[120.298932,22.616344],[120.299827,22.616647],[120.299866,22.616631],[120.300079,22.616069],[120.30007,22.616037],[120.299183,22.615734],[120.299139,22.61575],[120.298914,22.616302]]]}},{"type":"Feature","id":"w586077966","properties":{"kind":"building","category":"temple","name":"永泰路巨型金爐","area_m2":39.7,"centroid":[120.295127,22.615209]},"geometry":{"type":"Polygon","coordinates":[[[120.295173,22.6152],[120.295153,22.615242],[120.295082,22.615217],[120.2951,22.615175],[120.295173,22.6152]]]}},{"type":"Feature","id":"w586077967","properties":{"kind":"green","category":"park","name":"小花園","area_m2":835.4,"centroid":[120.296185,22.613938]},"geometry":{"type":"Polygon","coordinates":[[[120.295906,22.613882],[120.296288,22.613862],[120.296302,22.613863],[120.296311,22.613869],[120.296317,22.613881],[120.296309,22.613894],[120.296258,22.613986],[120.296161,22.613999],[120.296152,22.614118],[120.295849,22.61403],[120.295906,22.613882]]]}},{"type":"Feature","id":"w586078393","properties":{"kind":"green","category":"park","name":"夜來香花園","area_m2":173.4,"centroid":[120.296108,22.613732]},"geometry":{"type":"Polygon","coordinates":[[[120.295988,22.613765],[120.296025,22.61367],[120.296311,22.613761],[120.295988,22.613765]]]}},{"type":"Feature","id":"w586078394","properties":{"kind":"green","category":"garden","name":null,"area_m2":2713.8,"centroid":[120.295615,22.613579]},"geometry":{"type":"Polygon","coordinates":[[[120.295759,22.613884],[120.295297,22.613735],[120.295471,22.613274],[120.295933,22.613423],[120.295759,22.613884]]]}},{"type":"Feature","id":"w588103930","properties":{"kind":"building","category":"yes","name":null,"area_m2":115.3,"centroid":[120.269003,22.619716]},"geometry":{"type":"Polygon","coordinates":[[[120.268932,22.6197],[120.268963,22.619761],[120.26898,22.619756],[120.26908,22.619724],[120.269061,22.61964],[120.268932,22.6197]]]}},{"type":"Feature","id":"w588103931","properties":{"kind":"building","category":"yes","name":null,"area_m2":59.4,"centroid":[120.269039,22.619765]},"geometry":{"type":"Polygon","coordinates":[[[120.269003,22.619805],[120.26898,22.619756],[120.26908,22.619724],[120.269092,22.619774],[120.269003,22.619805]]]}},{"type":"Feature","id":"w588103932","properties":{"kind":"building","category":"retail","name":"原高雄魚市株式會社事務所","area_m2":382.3,"centroid":[120.270281,22.619561]},"geometry":{"type":"Polygon","coordinates":[[[120.270239,22.619453],[120.270283,22.619453],[120.270408,22.619459],[120.270398,22.619658],[120.27027,22.619652],[120.270229,22.619651],[120.27023,22.619635],[120.270234,22.619553],[120.270235,22.619539],[120.270239,22.619453]]]}},{"type":"Feature","id":"w588103933","properties":{"kind":"building","category":"yes","name":null,"area_m2":183.1,"centroid":[120.270134,22.61959]},"geometry":{"type":"Polygon","coordinates":[[[120.270035,22.619627],[120.27023,22.619635],[120.270234,22.619553],[120.270039,22.619544],[120.270035,22.619627]]]}},{"type":"Feature","id":"w588103934","properties":{"kind":"building","category":"yes","name":null,"area_m2":141.8,"centroid":[120.26909,22.621068]},"geometry":{"type":"Polygon","coordinates":[[[120.26916,22.621114],[120.269162,22.621028],[120.26902,22.621021],[120.269017,22.62111],[120.26916,22.621114]]]}},{"type":"Feature","id":"w588119534","properties":{"kind":"building","category":"retail","name":null,"area_m2":490.9,"centroid":[120.270522,22.619588]},"geometry":{"type":"Polygon","coordinates":[[[120.270413,22.619685],[120.270612,22.619705],[120.270632,22.619487],[120.270431,22.619474],[120.270413,22.619685]]]}},{"type":"Feature","id":"w588119539","properties":{"kind":"building","category":"yes","name":null,"area_m2":170.9,"centroid":[120.270753,22.619609]},"geometry":{"type":"Polygon","coordinates":[[[120.270703,22.619699],[120.270783,22.619705],[120.270803,22.619519],[120.270723,22.619512],[120.270703,22.619699]]]}},{"type":"Feature","id":"w588119541","properties":{"kind":"building","category":"yes","name":null,"area_m2":273.4,"centroid":[120.270471,22.619833]},"geometry":{"type":"Polygon","coordinates":[[[120.270375,22.619739],[120.27057,22.619752],[120.270554,22.619929],[120.270475,22.619926],[120.27048,22.619828],[120.270369,22.619826],[120.270375,22.619739]]]}},{"type":"Feature","id":"w588119543","properties":{"kind":"building","category":"yes","name":null,"area_m2":383.1,"centroid":[120.270242,22.620026]},"geometry":{"type":"Polygon","coordinates":[[[120.270165,22.619921],[120.270335,22.619929],[120.270316,22.620131],[120.270154,22.620124],[120.270165,22.619921]]]}},{"type":"Feature","id":"w588119546","properties":{"kind":"building","category":"industrial","name":null,"area_m2":235.9,"centroid":[120.271867,22.618435]},"geometry":{"type":"Polygon","coordinates":[[[120.271754,22.618463],[120.271955,22.618505],[120.271978,22.618409],[120.271779,22.618362],[120.271754,22.618463]]]}},{"type":"Feature","id":"w588119548","properties":{"kind":"building","category":"industrial","name":null,"area_m2":156.7,"centroid":[120.272221,22.618493]},"geometry":{"type":"Polygon","coordinates":[[[120.272152,22.618544],[120.272263,22.618561],[120.27229,22.618443],[120.272177,22.618424],[120.272152,22.618544]]]}},{"type":"Feature","id":"w588119549","properties":{"kind":"building","category":"industrial","name":null,"area_m2":342.9,"centroid":[120.272538,22.618579]},"geometry":{"type":"Polygon","coordinates":[[[120.272493,22.618679],[120.272614,22.618711],[120.272661,22.618514],[120.272478,22.618468],[120.272455,22.618543],[120.272525,22.61856],[120.272493,22.618679]]]}},{"type":"Feature","id":"w588119551","properties":{"kind":"building","category":"industrial","name":null,"area_m2":351.4,"centroid":[120.272759,22.618702]},"geometry":{"type":"Polygon","coordinates":[[[120.272641,22.618618],[120.272903,22.618671],[120.272874,22.618783],[120.272617,22.618734],[120.272641,22.618618]]]}},{"type":"Feature","id":"w588119553","properties":{"kind":"building","category":"industrial","name":null,"area_m2":457.0,"centroid":[120.273566,22.618961]},"geometry":{"type":"Polygon","coordinates":[[[120.273417,22.619006],[120.273679,22.619061],[120.273715,22.618915],[120.273453,22.61886],[120.273417,22.619006]]]}},{"type":"Feature","id":"w588119555","properties":{"kind":"building","category":"yes","name":null,"area_m2":545.0,"centroid":[120.270278,22.620251]},"geometry":{"type":"Polygon","coordinates":[[[120.270164,22.620145],[120.270327,22.620148],[120.270451,22.620318],[120.270287,22.620421],[120.27016,22.620223],[120.270164,22.620145]]]}},{"type":"Feature","id":"w588119557","properties":{"kind":"building","category":"yes","name":null,"area_m2":202.8,"centroid":[120.270445,22.620521]},"geometry":{"type":"Polygon","coordinates":[[[120.270418,22.620613],[120.270328,22.620492],[120.270432,22.620428],[120.270502,22.620512],[120.270481,22.620524],[120.270508,22.620555],[120.270418,22.620613]]]}},{"type":"Feature","id":"w588119559","properties":{"kind":"building","category":"yes","name":null,"area_m2":103.2,"centroid":[120.270588,22.620453]},"geometry":{"type":"Polygon","coordinates":[[[120.270587,22.620516],[120.270517,22.62043],[120.270592,22.620387],[120.270656,22.620479],[120.270587,22.620516]]]}},{"type":"Feature","id":"w588119561","properties":{"kind":"building","category":"yes","name":null,"area_m2":80.4,"centroid":[120.270636,22.620544]},"geometry":{"type":"Polygon","coordinates":[[[120.270606,22.620598],[120.270571,22.620543],[120.270665,22.62049],[120.270701,22.620545],[120.270606,22.620598]]]}},{"type":"Feature","id":"w588119564","properties":{"kind":"building","category":"yes","name":null,"area_m2":355.7,"centroid":[120.268734,22.619844]},"geometry":{"type":"Polygon","coordinates":[[[120.268887,22.619867],[120.268824,22.619762],[120.268706,22.619814],[120.268684,22.619783],[120.268615,22.619821],[120.268652,22.619903],[120.268767,22.619959],[120.268887,22.619867]]]}},{"type":"Feature","id":"w588119567","properties":{"kind":"building","category":"yes","name":null,"area_m2":894.4,"centroid":[120.26888,22.619204]},"geometry":{"type":"Polygon","coordinates":[[[120.268861,22.619315],[120.268832,22.619271],[120.268676,22.619353],[120.268677,22.619217],[120.268719,22.619129],[120.268899,22.619073],[120.26905,22.619085],[120.269098,22.619163],[120.269109,22.619228],[120.268861,22.619315]]]}},{"type":"Feature","id":"w588121882","properties":{"kind":"building","category":"yes","name":null,"area_m2":273.4,"centroid":[120.270361,22.62081]},"geometry":{"type":"Polygon","coordinates":[[[120.270256,22.620787],[120.270392,22.62071],[120.270484,22.620837],[120.270314,22.620904],[120.270256,22.620787]]]}},{"type":"Feature","id":"w588121883","properties":{"kind":"building","category":"yes","name":null,"area_m2":194.9,"centroid":[120.270185,22.620863]},"geometry":{"type":"Polygon","coordinates":[[[120.270237,22.620779],[120.270235,22.62095],[120.270134,22.620944],[120.270135,22.620777],[120.270237,22.620779]]]}},{"type":"Feature","id":"w588121884","properties":{"kind":"building","category":"yes","name":null,"area_m2":201.0,"centroid":[120.270235,22.621]},"geometry":{"type":"Polygon","coordinates":[[[120.270116,22.621031],[120.270352,22.621044],[120.270354,22.620968],[120.270119,22.620957],[120.270116,22.621031]]]}},{"type":"Feature","id":"w588121885","properties":{"kind":"building","category":"yes","name":null,"area_m2":280.7,"centroid":[120.270454,22.62095]},"geometry":{"type":"Polygon","coordinates":[[[120.270419,22.621051],[120.270338,22.620931],[120.270483,22.620853],[120.270576,22.620967],[120.270419,22.621051]]]}},{"type":"Feature","id":"w590321246","properties":{"kind":"building","category":"temple","name":"安瀾宮","area_m2":541.8,"centroid":[120.294787,22.615213]},"geometry":{"type":"Polygon","coordinates":[[[120.29495,22.615334],[120.294996,22.615221],[120.294625,22.615092],[120.294579,22.615204],[120.29495,22.615334]]]}},{"type":"Feature","id":"w590804923","properties":{"kind":"building","category":"university","name":"化學館","area_m2":917.2,"centroid":[120.267008,22.626613]},"geometry":{"type":"Polygon","coordinates":[[[120.266805,22.626728],[120.267237,22.626722],[120.267234,22.626535],[120.266963,22.626539],[120.266802,22.626541],[120.266805,22.626728]]]}},{"type":"Feature","id":"w590804924","properties":{"kind":"building","category":"university","name":"物理館","area_m2":1059.3,"centroid":[120.267097,22.626364]},"geometry":{"type":"Polygon","coordinates":[[[120.266963,22.626539],[120.267234,22.626535],[120.267229,22.626189],[120.266961,22.626193],[120.266963,22.626539]]]}},{"type":"Feature","id":"w590804925","properties":{"kind":"building","category":"university","name":"生科館","area_m2":960.1,"centroid":[120.266999,22.626115]},"geometry":{"type":"Polygon","coordinates":[[[120.266792,22.626196],[120.266961,22.626193],[120.267229,22.626189],[120.267225,22.625995],[120.266788,22.626003],[120.266792,22.626196]]]}},{"type":"Feature","id":"w591348798","properties":{"kind":"building","category":"hotel","name":"塔木德酒店","area_m2":802.0,"centroid":[120.295658,22.626974]},"geometry":{"type":"Polygon","coordinates":[[[120.295438,22.627003],[120.295819,22.627114],[120.295877,22.626945],[120.295496,22.626835],[120.295438,22.627003]]]}},{"type":"Feature","id":"w591348799","properties":{"kind":"building","category":"commercial","name":null,"area_m2":494.6,"centroid":[120.295551,22.627336]},"geometry":{"type":"Polygon","coordinates":[[[120.295411,22.627395],[120.295624,22.627461],[120.29569,22.627277],[120.295477,22.627211],[120.295411,22.627395]]]}},{"type":"Feature","id":"w591348800","properties":{"kind":"building","category":"office","name":"前金區行政中心","area_m2":607.3,"centroid":[120.294187,22.62758]},"geometry":{"type":"Polygon","coordinates":[[[120.294042,22.627634],[120.294141,22.627667],[120.294158,22.627625],[120.294289,22.627668],[120.294361,22.627481],[120.294131,22.627404],[120.294042,22.627634]]]}},{"type":"Feature","id":"w591348802","properties":{"kind":"building","category":"commercial","name":null,"area_m2":314.9,"centroid":[120.29397,22.632395]},"geometry":{"type":"Polygon","coordinates":[[[120.293869,22.632386],[120.293881,22.632424],[120.294072,22.632489],[120.29412,22.632372],[120.293908,22.632303],[120.293869,22.632386]]]}},{"type":"Feature","id":"w591348803","properties":{"kind":"building","category":"hotel","name":"蒂亞飯店愛河館","area_m2":396.4,"centroid":[120.293763,22.632248]},"geometry":{"type":"Polygon","coordinates":[[[120.293648,22.632336],[120.293782,22.632385],[120.293879,22.63216],[120.293745,22.632111],[120.293648,22.632336]]]}},{"type":"Feature","id":"w591348804","properties":{"kind":"building","category":"apartments","name":null,"area_m2":481.4,"centroid":[120.299535,22.616846]},"geometry":{"type":"Polygon","coordinates":[[[120.299401,22.61691],[120.299594,22.616975],[120.29967,22.616781],[120.299477,22.616716],[120.299401,22.61691]]]}},{"type":"Feature","id":"w591348805","properties":{"kind":"building","category":"apartments","name":null,"area_m2":555.3,"centroid":[120.299023,22.613587]},"geometry":{"type":"Polygon","coordinates":[[[120.298874,22.613648],[120.2991,22.613719],[120.299171,22.613525],[120.298945,22.613454],[120.298874,22.613648]]]}},{"type":"Feature","id":"w591348806","properties":{"kind":"building","category":"apartments","name":null,"area_m2":835.8,"centroid":[120.293384,22.613389]},"geometry":{"type":"Polygon","coordinates":[[[120.293409,22.613559],[120.293623,22.613477],[120.293528,22.613266],[120.293361,22.61333],[120.293327,22.613256],[120.293197,22.613305],[120.293272,22.613474],[120.293356,22.613442],[120.293409,22.613559]]]}},{"type":"Feature","id":"w591348807","properties":{"kind":"building","category":"retail","name":null,"area_m2":827.6,"centroid":[120.293865,22.616774]},"geometry":{"type":"Polygon","coordinates":[[[120.293691,22.617031],[120.293816,22.617075],[120.294035,22.616584],[120.293925,22.616564],[120.293858,22.616618],[120.293691,22.617031]]]}},{"type":"Feature","id":"w591348808","properties":{"kind":"building","category":"office","name":null,"area_m2":322.1,"centroid":[120.29358,22.616851]},"geometry":{"type":"Polygon","coordinates":[[[120.29357,22.616971],[120.293692,22.616913],[120.29359,22.61673],[120.293467,22.616789],[120.29357,22.616971]]]}},{"type":"Feature","id":"w591370214","properties":{"kind":"building","category":"yes","name":"二位元帥廟","area_m2":45.3,"centroid":[120.267189,22.619473]},"geometry":{"type":"Polygon","coordinates":[[[120.267139,22.619477],[120.26717,22.619434],[120.267236,22.619469],[120.267209,22.619513],[120.267139,22.619477]]]}},{"type":"Feature","id":"w591749169","properties":{"kind":"building","category":"retail","name":"新光三越","area_m2":2660.7,"centroid":[120.306828,22.614225]},"geometry":{"type":"Polygon","coordinates":[[[120.306554,22.614518],[120.306866,22.614608],[120.307104,22.613935],[120.306787,22.61384],[120.306554,22.614518]]]}},{"type":"Feature","id":"w591749170","properties":{"kind":"building","category":"yes","name":"金芭黎舞廳","area_m2":2632.3,"centroid":[120.303019,22.616425]},"geometry":{"type":"Polygon","coordinates":[[[120.302655,22.616583],[120.302755,22.616349],[120.302982,22.6164],[120.303118,22.616088],[120.303383,22.616169],[120.303178,22.616675],[120.30306,22.616712],[120.302655,22.616583]]]}},{"type":"Feature","id":"w591749171","properties":{"kind":"building","category":"yes","name":null,"area_m2":360.1,"centroid":[120.301051,22.631683]},"geometry":{"type":"Polygon","coordinates":[[[120.300972,22.631766],[120.301241,22.631685],[120.301207,22.631574],[120.300957,22.631648],[120.300951,22.63171],[120.300978,22.631713],[120.300972,22.631766]]]}},{"type":"Feature","id":"w591749172","properties":{"kind":"building","category":"hotel","name":null,"area_m2":733.1,"centroid":[120.301065,22.631446]},"geometry":{"type":"Polygon","coordinates":[[[120.300923,22.631425],[120.301023,22.631256],[120.301163,22.631309],[120.301178,22.631352],[120.301176,22.631434],[120.3012,22.631566],[120.301048,22.631616],[120.301008,22.631545],[120.300948,22.631519],[120.30098,22.631443],[120.300923,22.631425]]]}},{"type":"Feature","id":"w591790402","properties":{"kind":"building","category":"yes","name":null,"area_m2":252.0,"centroid":[120.30249,22.630919]},"geometry":{"type":"Polygon","coordinates":[[[120.302508,22.631024],[120.30239,22.630894],[120.302459,22.630802],[120.302604,22.630958],[120.302508,22.631024]]]}},{"type":"Feature","id":"w591790405","properties":{"kind":"building","category":"hotel","name":null,"area_m2":1119.7,"centroid":[120.296071,22.630883]},"geometry":{"type":"Polygon","coordinates":[[[120.295953,22.630698],[120.296288,22.630805],[120.296189,22.631068],[120.295854,22.63096],[120.295953,22.630698]]]}},{"type":"Feature","id":"w606471718","properties":{"kind":"building","category":"hotel","name":"頭等艙高雄駅前館","area_m2":537.9,"centroid":[120.301275,22.637529]},"geometry":{"type":"Polygon","coordinates":[[[120.30136,22.63769],[120.301331,22.637357],[120.301189,22.637368],[120.301219,22.6377],[120.30136,22.63769]]]}},{"type":"Feature","id":"w606471719","properties":{"kind":"building","category":"residential","name":null,"area_m2":209.5,"centroid":[120.301553,22.637596]},"geometry":{"type":"Polygon","coordinates":[[[120.301503,22.637684],[120.301611,22.637679],[120.301603,22.637509],[120.301495,22.637513],[120.301503,22.637684]]]}},{"type":"Feature","id":"w606471720","properties":{"kind":"building","category":"residential","name":null,"area_m2":225.2,"centroid":[120.301431,22.637579]},"geometry":{"type":"Polygon","coordinates":[[[120.301398,22.637699],[120.301482,22.637694],[120.301464,22.637459],[120.30138,22.637464],[120.301398,22.637699]]]}},{"type":"Feature","id":"w606471721","properties":{"kind":"building","category":"residential","name":null,"area_m2":188.8,"centroid":[120.301679,22.637583]},"geometry":{"type":"Polygon","coordinates":[[[120.301643,22.637682],[120.301729,22.637677],[120.301716,22.637484],[120.30163,22.63749],[120.301643,22.637682]]]}},{"type":"Feature","id":"w606471722","properties":{"kind":"building","category":"residential","name":null,"area_m2":157.2,"centroid":[120.301782,22.637577]},"geometry":{"type":"Polygon","coordinates":[[[120.30175,22.637673],[120.301823,22.63767],[120.301815,22.637482],[120.301741,22.637485],[120.30175,22.637673]]]}},{"type":"Feature","id":"w606471723","properties":{"kind":"building","category":"residential","name":null,"area_m2":233.0,"centroid":[120.301893,22.637578]},"geometry":{"type":"Polygon","coordinates":[[[120.30185,22.637685],[120.301947,22.637681],[120.301937,22.637471],[120.301839,22.637475],[120.30185,22.637685]]]}},{"type":"Feature","id":"w611752693","properties":{"kind":"building","category":"transportation","name":null,"area_m2":71.5,"centroid":[120.304041,22.614647]},"geometry":{"type":"Polygon","coordinates":[[[120.30404,22.614578],[120.304085,22.614591],[120.304042,22.614717],[120.303996,22.614703],[120.30404,22.614578]]]}},{"type":"Feature","id":"w611752695","properties":{"kind":"building","category":"transportation","name":null,"area_m2":91.1,"centroid":[120.304384,22.614815]},"geometry":{"type":"Polygon","coordinates":[[[120.30438,22.614741],[120.304435,22.614758],[120.304387,22.614889],[120.304332,22.614872],[120.30438,22.614741]]]}},{"type":"Feature","id":"w611752696","properties":{"kind":"building","category":"transportation","name":null,"area_m2":143.8,"centroid":[120.304546,22.613219]},"geometry":{"type":"Polygon","coordinates":[[[120.304484,22.613305],[120.304545,22.613322],[120.304608,22.613133],[120.304547,22.613115],[120.304484,22.613305]]]}},{"type":"Feature","id":"w611752698","properties":{"kind":"building","category":"transportation","name":null,"area_m2":90.3,"centroid":[120.30488,22.613298]},"geometry":{"type":"Polygon","coordinates":[[[120.304825,22.613362],[120.304873,22.613379],[120.304935,22.613234],[120.304888,22.613217],[120.304825,22.613362]]]}},{"type":"Feature","id":"w611752700","properties":{"kind":"building","category":"transportation","name":null,"area_m2":115.5,"centroid":[120.304317,22.613532]},"geometry":{"type":"Polygon","coordinates":[[[120.304235,22.613538],[120.304369,22.613591],[120.304399,22.613527],[120.304265,22.613474],[120.304235,22.613538]]]}},{"type":"Feature","id":"w611752702","properties":{"kind":"building","category":"transportation","name":null,"area_m2":72.0,"centroid":[120.304634,22.614305]},"geometry":{"type":"Polygon","coordinates":[[[120.304586,22.614353],[120.304635,22.61437],[120.304682,22.614258],[120.304633,22.61424],[120.304586,22.614353]]]}},{"type":"Feature","id":"w611752704","properties":{"kind":"building","category":"transportation","name":null,"area_m2":65.8,"centroid":[120.305053,22.613919]},"geometry":{"type":"Polygon","coordinates":[[[120.304987,22.613937],[120.305115,22.613946],[120.305119,22.613901],[120.304991,22.613892],[120.304987,22.613937]]]}},{"type":"Feature","id":"w611752708","properties":{"kind":"building","category":"transportation","name":null,"area_m2":75.2,"centroid":[120.304131,22.63138]},"geometry":{"type":"Polygon","coordinates":[[[120.304054,22.631406],[120.304211,22.631396],[120.304208,22.631354],[120.304051,22.631364],[120.304054,22.631406]]]}},{"type":"Feature","id":"w611752710","properties":{"kind":"building","category":"transportation","name":null,"area_m2":75.2,"centroid":[120.304107,22.631119]},"geometry":{"type":"Polygon","coordinates":[[[120.30403,22.631145],[120.304187,22.631135],[120.304184,22.631093],[120.304027,22.631103],[120.30403,22.631145]]]}},{"type":"Feature","id":"w611752712","properties":{"kind":"building","category":"transportation","name":null,"area_m2":74.8,"centroid":[120.303487,22.63115]},"geometry":{"type":"Polygon","coordinates":[[[120.303411,22.631176],[120.303567,22.631166],[120.303564,22.631124],[120.303408,22.631134],[120.303411,22.631176]]]}},{"type":"Feature","id":"w611752714","properties":{"kind":"building","category":"transportation","name":null,"area_m2":75.2,"centroid":[120.303514,22.631431]},"geometry":{"type":"Polygon","coordinates":[[[120.303437,22.631457],[120.303594,22.631447],[120.303591,22.631405],[120.303434,22.631415],[120.303437,22.631457]]]}},{"type":"Feature","id":"w611752716","properties":{"kind":"building","category":"transportation","name":null,"area_m2":124.5,"centroid":[120.301869,22.632737]},"geometry":{"type":"Polygon","coordinates":[[[120.301849,22.632829],[120.30191,22.632823],[120.301888,22.632644],[120.301828,22.63265],[120.301849,22.632829]]]}},{"type":"Feature","id":"w611752718","properties":{"kind":"building","category":"transportation","name":null,"area_m2":125.9,"centroid":[120.30183,22.632316]},"geometry":{"type":"Polygon","coordinates":[[[120.30181,22.632409],[120.301871,22.632402],[120.30185,22.632223],[120.301789,22.632229],[120.30181,22.632409]]]}},{"type":"Feature","id":"w611752719","properties":{"kind":"building","category":"transportation","name":null,"area_m2":124.9,"centroid":[120.302161,22.632292]},"geometry":{"type":"Polygon","coordinates":[[[120.302142,22.632385],[120.302202,22.632378],[120.302181,22.632199],[120.30212,22.632205],[120.302142,22.632385]]]}},{"type":"Feature","id":"w611810308","properties":{"kind":"building","category":"transportation","name":null,"area_m2":87.6,"centroid":[120.28404,22.624083]},"geometry":{"type":"Polygon","coordinates":[[[120.284049,22.624156],[120.284099,22.624132],[120.284032,22.62401],[120.283982,22.624034],[120.284049,22.624156]]]}},{"type":"Feature","id":"w611810309","properties":{"kind":"building","category":"transportation","name":null,"area_m2":64.5,"centroid":[120.283809,22.62367]},"geometry":{"type":"Polygon","coordinates":[[[120.283821,22.623738],[120.28386,22.62372],[120.283798,22.623603],[120.283759,22.623621],[120.283821,22.623738]]]}},{"type":"Feature","id":"w611810310","properties":{"kind":"building","category":"transportation","name":null,"area_m2":206.0,"centroid":[120.283407,22.623224]},"geometry":{"type":"Polygon","coordinates":[[[120.283411,22.623329],[120.283496,22.623291],[120.283403,22.623118],[120.283319,22.623156],[120.283411,22.623329]]]}},{"type":"Feature","id":"w611810312","properties":{"kind":"building","category":"transportation","name":null,"area_m2":245.9,"centroid":[120.293799,22.628436]},"geometry":{"type":"Polygon","coordinates":[[[120.293692,22.628357],[120.293936,22.628436],[120.293906,22.628515],[120.293662,22.628436],[120.293692,22.628357]]]}},{"type":"Feature","id":"w611810313","properties":{"kind":"building","category":"transportation","name":null,"area_m2":139.0,"centroid":[120.293674,22.628986]},"geometry":{"type":"Polygon","coordinates":[[[120.293658,22.628917],[120.293671,22.628913],[120.29369,22.628913],[120.293705,22.628917],[120.293719,22.628924],[120.293733,22.628931],[120.29374,22.628943],[120.293697,22.629056],[120.293682,22.629062],[120.293666,22.629062],[120.293647,22.629059],[120.293633,22.629051],[120.293621,22.629041],[120.293615,22.629029],[120.293638,22.628972],[120.293658,22.628917]]]}},{"type":"Feature","id":"w611810314","properties":{"kind":"building","category":"transportation","name":null,"area_m2":134.5,"centroid":[120.295244,22.629306]},"geometry":{"type":"Polygon","coordinates":[[[120.295154,22.62925],[120.295351,22.629306],[120.295333,22.629361],[120.295136,22.629305],[120.295154,22.62925]]]}},{"type":"Feature","id":"w611810315","properties":{"kind":"building","category":"transportation","name":null,"area_m2":133.3,"centroid":[120.295297,22.62905]},"geometry":{"type":"Polygon","coordinates":[[[120.295208,22.628995],[120.295404,22.62905],[120.295386,22.629105],[120.295189,22.629049],[120.295208,22.628995]]]}},{"type":"Feature","id":"w613366771","properties":{"kind":"building","category":"yes","name":"標本博物館","area_m2":564.9,"centroid":[120.275589,22.634513]},"geometry":{"type":"Polygon","coordinates":[[[120.275475,22.634548],[120.2755,22.634568],[120.275558,22.634616],[120.275602,22.63447],[120.275787,22.634645],[120.275861,22.634578],[120.275634,22.634364],[120.275483,22.634408],[120.275508,22.634425],[120.275485,22.63451],[120.275475,22.634548]]]}},{"type":"Feature","id":"w613366772","properties":{"kind":"building","category":"yes","name":null,"area_m2":173.2,"centroid":[120.276238,22.63558]},"geometry":{"type":"Polygon","coordinates":[[[120.2762,22.635657],[120.276315,22.635625],[120.276277,22.635504],[120.276161,22.635535],[120.2762,22.635657]]]}},{"type":"Feature","id":"w613366773","properties":{"kind":"building","category":"yes","name":null,"area_m2":597.3,"centroid":[120.275261,22.637076]},"geometry":{"type":"Polygon","coordinates":[[[120.275065,22.637147],[120.275099,22.636979],[120.275374,22.637025],[120.275401,22.63703],[120.275368,22.637198],[120.275065,22.637147]]]}},{"type":"Feature","id":"w613366776","properties":{"kind":"building","category":"yes","name":"鸚鵡園","area_m2":112.1,"centroid":[120.273489,22.633409]},"geometry":{"type":"Polygon","coordinates":[[[120.273414,22.633484],[120.273386,22.633446],[120.273564,22.633335],[120.273592,22.633373],[120.273414,22.633484]]]}},{"type":"Feature","id":"w617203424","properties":{"kind":"building","category":"transportation","name":null,"area_m2":107.5,"centroid":[120.301168,22.623764]},"geometry":{"type":"Polygon","coordinates":[[[120.301156,22.623877],[120.301202,22.623872],[120.301192,22.623829],[120.30118,22.623644],[120.301157,22.623646],[120.301133,22.623648],[120.301157,22.623835],[120.301156,22.623877]]]}},{"type":"Feature","id":"w617203427","properties":{"kind":"green","category":"playground","name":null,"area_m2":1303.6,"centroid":[120.299995,22.624166]},"geometry":{"type":"Polygon","coordinates":[[[120.299938,22.623987],[120.299878,22.624014],[120.299831,22.624057],[120.299802,22.624112],[120.299794,22.624173],[120.299807,22.624233],[120.299842,22.624286],[120.299893,22.624325],[120.299954,22.624347],[120.300019,22.624349],[120.300082,22.624332],[120.300136,22.624297],[120.300174,22.624248],[120.300193,22.62419],[120.300191,22.624129],[120.300168,22.624073],[120.300126,22.624025],[120.300069,22.623994],[120.300004,22.62398],[120.299938,22.623987]]]}},{"type":"Feature","id":"w617203439","properties":{"kind":"green","category":"grass","name":null,"area_m2":812.5,"centroid":[120.300872,22.625741]},"geometry":{"type":"Polygon","coordinates":[[[120.30077,22.62586],[120.300855,22.62586],[120.300931,22.625848],[120.301008,22.625826],[120.301014,22.625771],[120.30099,22.625583],[120.300968,22.625575],[120.300727,22.62561],[120.300716,22.625632],[120.300743,22.625843],[120.30077,22.62586]]]}},{"type":"Feature","id":"w617203441","properties":{"kind":"building","category":"yes","name":"J cafe","area_m2":413.3,"centroid":[120.299011,22.623307]},"geometry":{"type":"Polygon","coordinates":[[[120.298944,22.623422],[120.298876,22.623266],[120.299077,22.623192],[120.299145,22.623348],[120.298944,22.623422]]]}},{"type":"Feature","id":"w617203445","properties":{"kind":"building","category":"yes","name":"高雄市立李科永紀念圖書館","area_m2":529.0,"centroid":[120.2985,22.625571]},"geometry":{"type":"Polygon","coordinates":[[[120.298405,22.625478],[120.298411,22.62547],[120.298454,22.625409],[120.298684,22.625548],[120.298635,22.625616],[120.298563,22.625573],[120.298488,22.62578],[120.298391,22.625745],[120.298471,22.625518],[120.298405,22.625478]]]}},{"type":"Feature","id":"w617203453","properties":{"kind":"building","category":"grandstand","name":"戶外景觀臺","area_m2":610.5,"centroid":[120.298781,22.624194]},"geometry":{"type":"Polygon","coordinates":[[[120.29862,22.624439],[120.298686,22.624402],[120.298662,22.624346],[120.298646,22.624304],[120.298649,22.624259],[120.298685,22.624185],[120.298734,22.62413],[120.298801,22.624091],[120.298867,22.62408],[120.298954,22.624098],[120.29904,22.624144],[120.299068,22.624165],[120.299131,22.624122],[120.299088,22.624086],[120.299004,22.624037],[120.298891,22.624013],[120.298789,22.624028],[120.298683,22.62409],[120.29862,22.624163],[120.298586,22.624239],[120.298575,22.624298],[120.298581,22.624344],[120.298593,22.624395],[120.29862,22.624439]]]}},{"type":"Feature","id":"w618142465","properties":{"kind":"building","category":"temple","name":"元亨寺","area_m2":1533.0,"centroid":[120.277943,22.639318]},"geometry":{"type":"Polygon","coordinates":[[[120.277712,22.639448],[120.277813,22.639099],[120.278174,22.639188],[120.278073,22.639537],[120.277712,22.639448]]]}},{"type":"Feature","id":"w618142466","properties":{"kind":"building","category":"temple","name":"觀音殿/天王殿","area_m2":656.6,"centroid":[120.278774,22.639494]},"geometry":{"type":"Polygon","coordinates":[[[120.27862,22.639578],[120.278652,22.639374],[120.278929,22.63941],[120.278897,22.639615],[120.27862,22.639578]]]}},{"type":"Feature","id":"w618142467","properties":{"kind":"building","category":"church","name":"高雄韓國教會","area_m2":516.7,"centroid":[120.27839,22.631211]},"geometry":{"type":"Polygon","coordinates":[[[120.278307,22.631119],[120.278279,22.631149],[120.278263,22.631186],[120.278262,22.631226],[120.278275,22.631264],[120.278301,22.631296],[120.278338,22.631317],[120.278376,22.631326],[120.278416,22.631323],[120.278453,22.631309],[120.278483,22.631285],[120.278504,22.631254],[120.278513,22.631218],[120.27851,22.631181],[120.278494,22.631148],[120.278468,22.63112],[120.27843,22.6311],[120.278388,22.631093],[120.278345,22.6311],[120.278307,22.631119]]]}},{"type":"Feature","id":"w618142468","properties":{"kind":"building","category":"temple","name":"法興禪寺","area_m2":1695.0,"centroid":[120.276808,22.627771]},"geometry":{"type":"Polygon","coordinates":[[[120.276896,22.628168],[120.27693,22.628158],[120.276997,22.628245],[120.277168,22.628198],[120.277007,22.627766],[120.27689,22.627806],[120.276855,22.627786],[120.276837,22.62777],[120.27683,22.627749],[120.27683,22.627723],[120.276893,22.627677],[120.27688,22.627646],[120.276855,22.627617],[120.276831,22.6276],[120.276794,22.62758],[120.276762,22.627563],[120.276723,22.627559],[120.276708,22.62761],[120.27668,22.627614],[120.276653,22.627635],[120.276637,22.627662],[120.276634,22.6277],[120.276653,22.627736],[120.276677,22.627761],[120.27671,22.627777],[120.276749,22.627781],[120.276788,22.627772],[120.276795,22.627787],[120.276806,22.627798],[120.276827,22.627813],[120.27676,22.627832],[120.276896,22.628168]]]}},{"type":"Feature","id":"w618142469","properties":{"kind":"building","category":"yes","name":"戰爭與和平紀念館","area_m2":544.1,"centroid":[120.274396,22.626556]},"geometry":{"type":"Polygon","coordinates":[[[120.274239,22.62659],[120.274368,22.62641],[120.274553,22.626522],[120.274424,22.626703],[120.274239,22.62659]]]}},{"type":"Feature","id":"w618142470","properties":{"kind":"building","category":"yes","name":"國防部南區後備指揮部","area_m2":161.0,"centroid":[120.274149,22.626929]},"geometry":{"type":"Polygon","coordinates":[[[120.274043,22.626957],[120.274157,22.62684],[120.274214,22.626886],[120.274173,22.626929],[120.274189,22.626942],[120.274116,22.627017],[120.274043,22.626957]]]}},{"type":"Feature","id":"w618142472","properties":{"kind":"building","category":"yes","name":null,"area_m2":307.7,"centroid":[120.275924,22.622311]},"geometry":{"type":"Polygon","coordinates":[[[120.275913,22.622435],[120.276026,22.622392],[120.275935,22.622187],[120.275822,22.622229],[120.275913,22.622435]]]}},{"type":"Feature","id":"w656385273","properties":{"kind":"building","category":"yes","name":null,"area_m2":204.0,"centroid":[120.293137,22.629464]},"geometry":{"type":"Polygon","coordinates":[[[120.293083,22.629517],[120.293068,22.629498],[120.29306,22.629476],[120.29306,22.629452],[120.293069,22.62943],[120.293084,22.629411],[120.293105,22.629398],[120.29313,22.629392],[120.293155,22.629393],[120.29318,22.629402],[120.2932,22.629418],[120.293214,22.62944],[120.293218,22.629464],[120.293214,22.629489],[120.293201,22.62951],[120.29318,22.629527],[120.293155,22.629536],[120.293128,22.629537],[120.293104,22.62953],[120.293083,22.629517]]]}},{"type":"Feature","id":"w656397045","properties":{"kind":"building","category":"yes","name":null,"area_m2":194.7,"centroid":[120.294341,22.62853]},"geometry":{"type":"Polygon","coordinates":[[[120.294312,22.628638],[120.29437,22.62849],[120.294253,22.628452],[120.29426,22.628436],[120.294457,22.628501],[120.294394,22.628665],[120.294312,22.628638]]]}},{"type":"Feature","id":"w656455272","properties":{"kind":"green","category":"grass","name":null,"area_m2":228.6,"centroid":[120.293321,22.628802]},"geometry":{"type":"Polygon","coordinates":[[[120.293252,22.628688],[120.293241,22.62872],[120.293239,22.628745],[120.29324,22.628772],[120.293249,22.628805],[120.293264,22.628839],[120.293281,22.628863],[120.293307,22.628883],[120.293343,22.628902],[120.293366,22.628851],[120.293358,22.628841],[120.293355,22.628833],[120.293355,22.628826],[120.293357,22.628814],[120.293352,22.628804],[120.293351,22.628793],[120.293355,22.628781],[120.293367,22.628772],[120.293393,22.628768],[120.293404,22.628741],[120.293252,22.628688]]]}},{"type":"Feature","id":"w656455275","properties":{"kind":"green","category":"grass","name":null,"area_m2":228.8,"centroid":[120.29347,22.628852]},"geometry":{"type":"Polygon","coordinates":[[[120.293604,22.628809],[120.293589,22.628841],[120.293573,22.62886],[120.293553,22.628879],[120.293523,22.628899],[120.293486,22.628914],[120.293456,22.628922],[120.293423,22.628922],[120.293382,22.628914],[120.293401,22.628861],[120.293415,22.628859],[120.293423,22.628854],[120.293428,22.628849],[120.293435,22.628839],[120.293446,22.628835],[120.293457,22.628827],[120.29346,22.628815],[120.293458,22.628801],[120.293441,22.628783],[120.293453,22.628756],[120.293604,22.628809]]]}},{"type":"Feature","id":"w656622643","properties":{"kind":"green","category":"grass","name":null,"area_m2":56.9,"centroid":[120.293402,22.628811]},"geometry":{"type":"Polygon","coordinates":[[[120.293386,22.628854],[120.293378,22.62885],[120.293372,22.628843],[120.293369,22.628837],[120.293368,22.628831],[120.293367,22.628824],[120.293368,22.628819],[120.29337,22.628813],[120.293365,22.628807],[120.293362,22.628801],[120.293362,22.628796],[120.293364,22.628789],[120.293367,22.628784],[120.293371,22.628781],[120.293376,22.628778],[120.293384,22.628776],[120.293392,22.628776],[120.293399,22.628777],[120.293406,22.62878],[120.29341,22.628782],[120.293413,22.628784],[120.29342,22.628784],[120.293425,22.628785],[120.293433,22.628787],[120.293438,22.628791],[120.293443,22.628795],[120.293447,22.628801],[120.293449,22.628807],[120.293448,22.628815],[120.293447,22.628819],[120.293443,22.628824],[120.293438,22.628828],[120.29343,22.628831],[120.293428,22.628835],[120.293425,22.62884],[120.29342,22.628846],[120.293414,22.628851],[120.293404,22.628855],[120.293395,22.628856],[120.293386,22.628854]]]}},{"type":"Feature","id":"w656622644","properties":{"kind":"green","category":"grass","name":null,"area_m2":606.6,"centroid":[120.293042,22.628875]},"geometry":{"type":"Polygon","coordinates":[[[120.292715,22.629467],[120.292744,22.629476],[120.292997,22.62883],[120.293009,22.62884],[120.293022,22.628847],[120.293037,22.628853],[120.293053,22.628855],[120.293074,22.628854],[120.293094,22.628848],[120.293116,22.628835],[120.293132,22.628815],[120.293139,22.628799],[120.293142,22.628774],[120.293137,22.628753],[120.293126,22.628735],[120.293151,22.628669],[120.293031,22.628627],[120.292715,22.629467]]]}},{"type":"Feature","id":"w656622645","properties":{"kind":"green","category":"grass","name":null,"area_m2":339.6,"centroid":[120.293057,22.629129]},"geometry":{"type":"Polygon","coordinates":[[[120.292868,22.629514],[120.292911,22.629526],[120.293082,22.629069],[120.293197,22.629105],[120.293211,22.629067],[120.293102,22.629031],[120.293083,22.629027],[120.293064,22.629027],[120.293054,22.62903],[120.293044,22.629037],[120.293037,22.629047],[120.293029,22.629067],[120.292868,22.629514]]]}},{"type":"Feature","id":"w656622646","properties":{"kind":"green","category":"grass","name":null,"area_m2":326.4,"centroid":[120.293389,22.629261]},"geometry":{"type":"Polygon","coordinates":[[[120.293214,22.629735],[120.29325,22.629746],[120.29346,22.629189],[120.293465,22.629174],[120.293465,22.629166],[120.293464,22.629157],[120.293458,22.629148],[120.293448,22.62914],[120.293324,22.629101],[120.293309,22.629139],[120.293425,22.629174],[120.293214,22.629735]]]}},{"type":"Feature","id":"w657816110","properties":{"kind":"building","category":"yes","name":"原高雄市議會","area_m2":43.1,"centroid":[120.293268,22.629083]},"geometry":{"type":"Polygon","coordinates":[[[120.293222,22.629093],[120.293239,22.629048],[120.293314,22.629072],[120.293298,22.629117],[120.293222,22.629093]]]}},{"type":"Feature","id":"w660652595","properties":{"kind":"building","category":"industrial","name":null,"area_m2":538.5,"centroid":[120.273142,22.618772]},"geometry":{"type":"Polygon","coordinates":[[[120.272919,22.618782],[120.273336,22.618869],[120.273365,22.618764],[120.27295,22.618672],[120.272919,22.618782]]]}},{"type":"Feature","id":"w660652596","properties":{"kind":"building","category":"industrial","name":null,"area_m2":478.8,"centroid":[120.273859,22.619136]},"geometry":{"type":"Polygon","coordinates":[[[120.27372,22.619198],[120.273757,22.61903],[120.273998,22.619075],[120.273961,22.619243],[120.27372,22.619198]]]}},{"type":"Feature","id":"w660652597","properties":{"kind":"building","category":"industrial","name":null,"area_m2":307.2,"centroid":[120.273393,22.619046]},"geometry":{"type":"Polygon","coordinates":[[[120.273284,22.619139],[120.273464,22.619164],[120.273476,22.61909],[120.273409,22.619081],[120.273417,22.619037],[120.273375,22.619031],[120.273394,22.618916],[120.273323,22.618906],[120.273284,22.619139]]]}},{"type":"Feature","id":"w660652600","properties":{"kind":"building","category":"office","name":null,"area_m2":323.7,"centroid":[120.274543,22.619545]},"geometry":{"type":"Polygon","coordinates":[[[120.274478,22.619433],[120.274604,22.619431],[120.274607,22.619658],[120.274482,22.61966],[120.274478,22.619433]]]}},{"type":"Feature","id":"w660652601","properties":{"kind":"building","category":"yes","name":null,"area_m2":429.9,"centroid":[120.27441,22.61903]},"geometry":{"type":"Polygon","coordinates":[[[120.274286,22.619098],[120.274321,22.618926],[120.274533,22.618962],[120.274498,22.619135],[120.274286,22.619098]]]}},{"type":"Feature","id":"w660815346","properties":{"kind":"building","category":"public","name":"高雄流行音樂中心-礁群","area_m2":8711.6,"centroid":[120.292025,22.618622]},"geometry":{"type":"Polygon","coordinates":[[[120.29177,22.619233],[120.291715,22.6192],[120.291645,22.619227],[120.291644,22.61929],[120.291573,22.619318],[120.291511,22.619279],[120.291518,22.619204],[120.291586,22.619178],[120.291591,22.619118],[120.291661,22.61909],[120.291667,22.61902],[120.29173,22.618997],[120.291733,22.618943],[120.291681,22.61891],[120.291684,22.618849],[120.291628,22.618814],[120.291632,22.618753],[120.291579,22.618717],[120.29158,22.618641],[120.291652,22.618616],[120.291653,22.618563],[120.291599,22.618528],[120.291602,22.61846],[120.291542,22.618427],[120.291545,22.618359],[120.291488,22.618319],[120.291489,22.618245],[120.291559,22.618213],[120.291562,22.618146],[120.29163,22.618119],[120.291689,22.618159],[120.291757,22.618124],[120.291815,22.618163],[120.291882,22.618134],[120.291937,22.61817],[120.292005,22.618138],[120.29206,22.618174],[120.292123,22.618142],[120.29218,22.618178],[120.292244,22.618141],[120.292302,22.618177],[120.2923,22.61824],[120.292348,22.61827],[120.292409,22.618237],[120.292463,22.618272],[120.292518,22.618233],[120.292581,22.618267],[120.292644,22.618236],[120.292702,22.618266],[120.292764,22.618238],[120.292833,22.618277],[120.292833,22.618351],[120.292761,22.618385],[120.292702,22.618356],[120.29264,22.618384],[120.292638,22.618449],[120.29257,22.618478],[120.292569,22.618544],[120.292503,22.618575],[120.2925,22.618634],[120.29243,22.618671],[120.292375,22.618639],[120.292307,22.618669],[120.292252,22.618637],[120.292193,22.618668],[120.292188,22.618731],[120.292124,22.618763],[120.292122,22.618813],[120.292174,22.618849],[120.292162,22.618918],[120.292128,22.618934],[120.292107,22.618943],[120.292104,22.619016],[120.292036,22.619051],[120.292034,22.619114],[120.291959,22.619144],[120.291904,22.619111],[120.291844,22.619139],[120.291843,22.619198],[120.29177,22.619233]]]}},{"type":"Feature","id":"w662907819","properties":{"kind":"building","category":"transportation","name":"國光客運高雄站","area_m2":371.6,"centroid":[120.302792,22.636879]},"geometry":{"type":"Polygon","coordinates":[[[120.302638,22.636941],[120.30263,22.636838],[120.302946,22.636817],[120.302954,22.63692],[120.302638,22.636941]]]}},{"type":"Feature","id":"w664314994","properties":{"kind":"building","category":"school","name":null,"area_m2":2489.5,"centroid":[120.303902,22.624683]},"geometry":{"type":"Polygon","coordinates":[[[120.303271,22.624371],[120.303211,22.624529],[120.30331,22.624563],[120.303329,22.624517],[120.303747,22.624665],[120.30372,22.62473],[120.304029,22.624838],[120.304057,22.624771],[120.304436,22.624904],[120.304418,22.624947],[120.30448,22.624969],[120.304548,22.624806],[120.304126,22.624658],[120.304145,22.624611],[120.303811,22.624493],[120.303787,22.624551],[120.303271,22.624371]]]}},{"type":"Feature","id":"w667074048","properties":{"kind":"building","category":"yes","name":"Million","area_m2":13.5,"centroid":[120.307057,22.634336]},"geometry":{"type":"Polygon","coordinates":[[[120.307037,22.634351],[120.307084,22.634349],[120.307072,22.634321],[120.307034,22.634324],[120.307037,22.634351]]]}},{"type":"Feature","id":"w667074054","properties":{"kind":"building","category":"hotel","name":"高雄福華大飯店","area_m2":2650.2,"centroid":[120.308107,22.633693]},"geometry":{"type":"Polygon","coordinates":[[[120.308293,22.633399],[120.308336,22.633959],[120.307922,22.633987],[120.307878,22.633427],[120.308293,22.633399]]]}},{"type":"Feature","id":"w667074455","properties":{"kind":"building","category":"apartments","name":null,"area_m2":1734.8,"centroid":[120.307706,22.633671]},"geometry":{"type":"Polygon","coordinates":[[[120.307777,22.633279],[120.307832,22.634051],[120.307635,22.634063],[120.30758,22.633291],[120.307777,22.633279]]]}},{"type":"Feature","id":"w667074456","properties":{"kind":"building","category":"apartments","name":null,"area_m2":765.2,"centroid":[120.306078,22.634536]},"geometry":{"type":"Polygon","coordinates":[[[120.305912,22.63444],[120.306229,22.634421],[120.306243,22.634633],[120.305927,22.634652],[120.305912,22.63444]]]}},{"type":"Feature","id":"w678439118","properties":{"kind":"building","category":"yes","name":null,"area_m2":175.1,"centroid":[120.306882,22.63178]},"geometry":{"type":"Polygon","coordinates":[[[120.306838,22.631861],[120.306936,22.631856],[120.306925,22.631698],[120.306828,22.631704],[120.306838,22.631861]]]}},{"type":"Feature","id":"w678439119","properties":{"kind":"building","category":"yes","name":null,"area_m2":473.2,"centroid":[120.298648,22.629927]},"geometry":{"type":"Polygon","coordinates":[[[120.298769,22.629818],[120.298629,22.629772],[120.298527,22.630036],[120.298666,22.630083],[120.298769,22.629818]]]}},{"type":"Feature","id":"w678439120","properties":{"kind":"building","category":"yes","name":null,"area_m2":537.9,"centroid":[120.297664,22.630243]},"geometry":{"type":"Polygon","coordinates":[[[120.297768,22.630195],[120.297747,22.630153],[120.297607,22.630108],[120.297511,22.630351],[120.297685,22.63041],[120.297768,22.630195]]]}},{"type":"Feature","id":"w683356248","properties":{"kind":"building","category":"hotel","name":"喜達絲飯店","area_m2":276.5,"centroid":[120.295555,22.620257]},"geometry":{"type":"Polygon","coordinates":[[[120.295459,22.620327],[120.295534,22.620146],[120.295652,22.620188],[120.295576,22.620368],[120.295459,22.620327]]]}},{"type":"Feature","id":"w683896250","properties":{"kind":"building","category":"yes","name":null,"area_m2":292.9,"centroid":[120.27785,22.620456]},"geometry":{"type":"Polygon","coordinates":[[[120.277859,22.620342],[120.277741,22.620401],[120.27784,22.62057],[120.277958,22.620511],[120.277859,22.620342]]]}},{"type":"Feature","id":"w699626645","properties":{"kind":"building","category":"yes","name":null,"area_m2":507.0,"centroid":[120.302459,22.613054]},"geometry":{"type":"Polygon","coordinates":[[[120.302398,22.61316],[120.302509,22.613199],[120.302594,22.612949],[120.302433,22.612892],[120.302361,22.61307],[120.302398,22.61316]]]}},{"type":"Feature","id":"w710493236","properties":{"kind":"building","category":"apartments","name":null,"area_m2":202.8,"centroid":[120.279974,22.638083]},"geometry":{"type":"Polygon","coordinates":[[[120.279876,22.638105],[120.280028,22.638162],[120.280072,22.638061],[120.27992,22.638004],[120.279876,22.638105]]]}},{"type":"Feature","id":"w710493237","properties":{"kind":"building","category":"apartments","name":null,"area_m2":160.1,"centroid":[120.279717,22.638158]},"geometry":{"type":"Polygon","coordinates":[[[120.279639,22.638196],[120.27974,22.638237],[120.279795,22.638119],[120.279694,22.638079],[120.279639,22.638196]]]}},{"type":"Feature","id":"w710493238","properties":{"kind":"building","category":"apartments","name":null,"area_m2":566.2,"centroid":[120.282983,22.6388]},"geometry":{"type":"Polygon","coordinates":[[[120.282778,22.638842],[120.283172,22.638882],[120.283187,22.638757],[120.282793,22.638717],[120.282778,22.638842]]]}},{"type":"Feature","id":"w710493239","properties":{"kind":"building","category":"apartments","name":null,"area_m2":725.5,"centroid":[120.282947,22.639012]},"geometry":{"type":"Polygon","coordinates":[[[120.282699,22.63901],[120.283148,22.639142],[120.283195,22.639013],[120.282746,22.638882],[120.282699,22.63901]]]}},{"type":"Feature","id":"w710493240","properties":{"kind":"building","category":"apartments","name":null,"area_m2":466.0,"centroid":[120.282616,22.638856]},"geometry":{"type":"Polygon","coordinates":[[[120.282497,22.638954],[120.282652,22.638999],[120.282735,22.638759],[120.282579,22.638714],[120.282497,22.638954]]]}},{"type":"Feature","id":"w710493241","properties":{"kind":"building","category":"apartments","name":null,"area_m2":581.6,"centroid":[120.282312,22.638736]},"geometry":{"type":"Polygon","coordinates":[[[120.282138,22.638827],[120.282398,22.638897],[120.282482,22.638629],[120.282366,22.638598],[120.282318,22.638753],[120.282173,22.638715],[120.282138,22.638827]]]}},{"type":"Feature","id":"w710493242","properties":{"kind":"building","category":"apartments","name":null,"area_m2":1658.7,"centroid":[120.282649,22.639163]},"geometry":{"type":"Polygon","coordinates":[[[120.282026,22.63904],[120.283232,22.639396],[120.283273,22.639287],[120.282067,22.638931],[120.282026,22.63904]]]}},{"type":"Feature","id":"w727825711","properties":{"kind":"building","category":"yes","name":null,"area_m2":631.2,"centroid":[120.286248,22.618443]},"geometry":{"type":"Polygon","coordinates":[[[120.286239,22.618616],[120.286093,22.618344],[120.286257,22.618269],[120.286403,22.618542],[120.286239,22.618616]]]}},{"type":"Feature","id":"w731828026","properties":{"kind":"building","category":"hotel","name":"JOHO HOTEL","area_m2":197.2,"centroid":[120.30269,22.636223]},"geometry":{"type":"Polygon","coordinates":[[[120.302619,22.636286],[120.302774,22.636271],[120.302762,22.636161],[120.302606,22.636175],[120.302619,22.636286]]]}},{"type":"Feature","id":"w731951859","properties":{"kind":"building","category":"commercial","name":"亞太電信大樓","area_m2":234.3,"centroid":[120.299366,22.619579]},"geometry":{"type":"Polygon","coordinates":[[[120.299466,22.619492],[120.299355,22.619454],[120.299299,22.619591],[120.29935,22.619608],[120.299331,22.619655],[120.299392,22.619676],[120.299466,22.619492]]]}},{"type":"Feature","id":"w731951860","properties":{"kind":"building","category":"commercial","name":null,"area_m2":322.8,"centroid":[120.297504,22.620047]},"geometry":{"type":"Polygon","coordinates":[[[120.297612,22.619989],[120.297546,22.620156],[120.297396,22.620105],[120.297462,22.619938],[120.297612,22.619989]]]}},{"type":"Feature","id":"w737166280","properties":{"kind":"green","category":"grass","name":null,"area_m2":2482.5,"centroid":[120.28691,22.634404]},"geometry":{"type":"Polygon","coordinates":[[[120.287185,22.634602],[120.287104,22.634632],[120.286646,22.634486],[120.28659,22.634436],[120.286555,22.634372],[120.286552,22.634312],[120.286569,22.634255],[120.286605,22.634212],[120.28669,22.634169],[120.287191,22.634313],[120.287249,22.634368],[120.287282,22.634424],[120.287278,22.634512],[120.287239,22.634569],[120.287185,22.634602]]]}},{"type":"Feature","id":"w755347270","properties":{"kind":"green","category":"grass","name":null,"area_m2":2001.3,"centroid":[120.300353,22.615197]},"geometry":{"type":"Polygon","coordinates":[[[120.300731,22.615204],[120.300754,22.615237],[120.300762,22.615272],[120.300762,22.615307],[120.300754,22.615339],[120.300725,22.615373],[120.300691,22.615394],[120.300647,22.615406],[120.300041,22.615222],[120.300005,22.615191],[120.299984,22.615157],[120.299972,22.615113],[120.299978,22.615074],[120.299997,22.615047],[120.300018,22.615022],[120.300061,22.614999],[120.300116,22.614993],[120.300731,22.615204]]]}},{"type":"Feature","id":"w755347272","properties":{"kind":"building","category":"school","name":null,"area_m2":1617.8,"centroid":[120.290607,22.629561]},"geometry":{"type":"Polygon","coordinates":[[[120.291112,22.629817],[120.291146,22.629721],[120.290731,22.629596],[120.290757,22.629522],[120.290543,22.629458],[120.290522,22.629517],[120.290043,22.629373],[120.290005,22.629483],[120.291112,22.629817]]]}},{"type":"Feature","id":"w755347273","properties":{"kind":"building","category":"yes","name":"法務部廉政署南部地區調查組","area_m2":722.0,"centroid":[120.292429,22.629413]},"geometry":{"type":"Polygon","coordinates":[[[120.29266,22.629354],[120.292597,22.629507],[120.292456,22.629459],[120.292444,22.629487],[120.292352,22.629456],[120.292365,22.629424],[120.29225,22.629384],[120.292311,22.629234],[120.29266,22.629354]]]}},{"type":"Feature","id":"w755347274","properties":{"kind":"building","category":"office","name":null,"area_m2":1012.0,"centroid":[120.292725,22.629081]},"geometry":{"type":"Polygon","coordinates":[[[120.29278,22.628804],[120.292936,22.628854],[120.292771,22.629294],[120.292638,22.629256],[120.292642,22.629247],[120.292587,22.629226],[120.292721,22.628886],[120.29278,22.628804]]]}},{"type":"Feature","id":"w755347275","properties":{"kind":"building","category":"office","name":null,"area_m2":615.4,"centroid":[120.292388,22.628781]},"geometry":{"type":"Polygon","coordinates":[[[120.292566,22.628718],[120.292508,22.62888],[120.292397,22.628846],[120.2924,22.628839],[120.2922,22.628777],[120.292255,22.628623],[120.292566,22.628718]]]}},{"type":"Feature","id":"w755347279","properties":{"kind":"green","category":"grass","name":null,"area_m2":2170.5,"centroid":[120.294174,22.625811]},"geometry":{"type":"Polygon","coordinates":[[[120.293829,22.625838],[120.294381,22.626012],[120.294435,22.626006],[120.294499,22.625977],[120.294532,22.62594],[120.294537,22.625893],[120.294523,22.625841],[120.294505,22.625803],[120.294475,22.625771],[120.293909,22.625583],[120.293856,22.625613],[120.293802,22.625647],[120.293773,22.625692],[120.29377,22.625742],[120.293791,22.625801],[120.293829,22.625838]]]}},{"type":"Feature","id":"w755347282","properties":{"kind":"building","category":"commercial","name":null,"area_m2":429.1,"centroid":[120.294977,22.630901]},"geometry":{"type":"Polygon","coordinates":[[[120.294947,22.630759],[120.295071,22.630797],[120.295093,22.630844],[120.295,22.631063],[120.294896,22.631024],[120.294943,22.630918],[120.294892,22.630899],[120.294947,22.630759]]]}},{"type":"Feature","id":"w755347283","properties":{"kind":"building","category":"yes","name":"駁二塔","area_m2":179.3,"centroid":[120.283085,22.618661]},"geometry":{"type":"Polygon","coordinates":[[[120.283153,22.618616],[120.283193,22.618679],[120.283051,22.618754],[120.282984,22.618647],[120.283051,22.618612],[120.283078,22.618656],[120.283153,22.618616]]]}},{"type":"Feature","id":"w771676261","properties":{"kind":"building","category":"yes","name":"新興閲覽室","area_m2":815.0,"centroid":[120.306812,22.626942]},"geometry":{"type":"Polygon","coordinates":[[[120.306685,22.626738],[120.306938,22.626745],[120.30693,22.626994],[120.306898,22.626993],[120.306896,22.627045],[120.306735,22.62704],[120.306736,22.626993],[120.306676,22.626991],[120.306685,22.626738]]]}},{"type":"Feature","id":"w778012730","properties":{"kind":"building","category":"transportation","name":"高雄客運建國站","area_m2":57.0,"centroid":[120.3004,22.637744]},"geometry":{"type":"Polygon","coordinates":[[[120.300378,22.637688],[120.300422,22.637686],[120.300422,22.637801],[120.300378,22.637801],[120.300378,22.637688]]]}},{"type":"Feature","id":"w782563559","properties":{"kind":"building","category":"hospital","name":"阮綜合醫院","area_m2":3468.8,"centroid":[120.297748,22.615489]},"geometry":{"type":"Polygon","coordinates":[[[120.297329,22.615492],[120.297529,22.615565],[120.29755,22.615497],[120.298551,22.615844],[120.298646,22.615596],[120.297706,22.615272],[120.29765,22.615423],[120.297395,22.615333],[120.297376,22.615379],[120.297329,22.615492]]]}},{"type":"Feature","id":"w782577223","properties":{"kind":"building","category":"hospital","name":"邱外科醫院","area_m2":525.2,"centroid":[120.297248,22.614667]},"geometry":{"type":"Polygon","coordinates":[[[120.297096,22.614726],[120.297245,22.614776],[120.297321,22.614735],[120.297386,22.614585],[120.29719,22.614514],[120.297096,22.614726]]]}},{"type":"Feature","id":"w785574314","properties":{"kind":"green","category":"park","name":null,"area_m2":1914.1,"centroid":[120.291108,22.638777]},"geometry":{"type":"Polygon","coordinates":[[[120.290851,22.63911],[120.29087,22.639125],[120.291273,22.638823],[120.291388,22.638546],[120.291361,22.638504],[120.291084,22.638425],[120.290927,22.638906],[120.290851,22.63911]]]}},{"type":"Feature","id":"w790632898","properties":{"kind":"building","category":"yes","name":null,"area_m2":2029.2,"centroid":[120.280822,22.632132]},"geometry":{"type":"Polygon","coordinates":[[[120.281125,22.632354],[120.280744,22.631778],[120.280517,22.631917],[120.280903,22.63248],[120.281125,22.632354]]]}},{"type":"Feature","id":"w790632899","properties":{"kind":"building","category":"yes","name":null,"area_m2":1497.5,"centroid":[120.280695,22.632305]},"geometry":{"type":"Polygon","coordinates":[[[120.280903,22.63248],[120.280927,22.632514],[120.280769,22.632606],[120.280359,22.632009],[120.280517,22.631917],[120.280903,22.63248]]]}},{"type":"Feature","id":"w790632900","properties":{"kind":"building","category":"yes","name":null,"area_m2":2366.8,"centroid":[120.280976,22.631571]},"geometry":{"type":"Polygon","coordinates":[[[120.281454,22.631515],[120.281254,22.63121],[120.280418,22.631677],[120.280497,22.631798],[120.280854,22.631599],[120.28089,22.631654],[120.281177,22.631494],[120.281261,22.631623],[120.281454,22.631515]]]}},{"type":"Feature","id":"w790632901","properties":{"kind":"building","category":"yes","name":null,"area_m2":1349.9,"centroid":[120.281614,22.63227]},"geometry":{"type":"Polygon","coordinates":[[[120.281789,22.632025],[120.281936,22.632252],[120.281417,22.632538],[120.281335,22.632411],[120.281636,22.632246],[120.281571,22.632145],[120.281789,22.632025]]]}},{"type":"Feature","id":"w790632902","properties":{"kind":"building","category":"yes","name":null,"area_m2":271.3,"centroid":[120.281277,22.632482]},"geometry":{"type":"Polygon","coordinates":[[[120.281239,22.632353],[120.281161,22.632401],[120.281315,22.632612],[120.281393,22.632563],[120.281239,22.632353]]]}},{"type":"Feature","id":"w798678132","properties":{"kind":"building","category":"school","name":null,"area_m2":1696.9,"centroid":[120.289927,22.629917]},"geometry":{"type":"Polygon","coordinates":[[[120.290149,22.629869],[120.290009,22.629822],[120.290123,22.629526],[120.290009,22.629488],[120.289895,22.629781],[120.289857,22.629768],[120.289776,22.629979],[120.289817,22.629993],[120.289705,22.630282],[120.289817,22.630319],[120.289915,22.630067],[120.290054,22.630113],[120.290149,22.629869]]]}},{"type":"Feature","id":"w808480744","properties":{"kind":"building","category":"yes","name":"台灣中油","area_m2":242.5,"centroid":[120.282695,22.630451]},"geometry":{"type":"Polygon","coordinates":[[[120.282777,22.630378],[120.282816,22.630458],[120.282614,22.630552],[120.28257,22.630459],[120.282697,22.630409],[120.282777,22.630378]]]}},{"type":"Feature","id":"w808480746","properties":{"kind":"building","category":"school","name":null,"area_m2":1342.4,"centroid":[120.287548,22.633918]},"geometry":{"type":"Polygon","coordinates":[[[120.287681,22.633467],[120.2878,22.633505],[120.287471,22.634394],[120.287352,22.634356],[120.287432,22.63414],[120.28748,22.634012],[120.28755,22.63382],[120.287615,22.633646],[120.287681,22.633467]]]}},{"type":"Feature","id":"w808480747","properties":{"kind":"building","category":"school","name":null,"area_m2":3527.5,"centroid":[120.28713,22.633844]},"geometry":{"type":"Polygon","coordinates":[[[120.286763,22.633366],[120.287615,22.633646],[120.28755,22.63382],[120.287435,22.633775],[120.287447,22.633744],[120.28684,22.633545],[120.286753,22.633771],[120.286975,22.633843],[120.286994,22.633792],[120.287186,22.633854],[120.287167,22.633904],[120.28748,22.634012],[120.287432,22.63414],[120.287098,22.634029],[120.287083,22.634069],[120.286968,22.634031],[120.286982,22.633994],[120.286573,22.63386],[120.286763,22.633366]]]}},{"type":"Feature","id":"w816805785","properties":{"kind":"building","category":"yes","name":null,"area_m2":1213.1,"centroid":[120.288293,22.623093]},"geometry":{"type":"Polygon","coordinates":[[[120.288666,22.623402],[120.288742,22.623284],[120.28855,22.623193],[120.288295,22.623134],[120.288294,22.623118],[120.288104,22.622765],[120.288021,22.622806],[120.288052,22.622856],[120.288025,22.622869],[120.288153,22.623091],[120.288218,22.623066],[120.288253,22.623136],[120.288225,22.623266],[120.2885,22.62332],[120.288666,22.623402]]]}},{"type":"Feature","id":"w816806185","properties":{"kind":"building","category":"yes","name":null,"area_m2":1504.3,"centroid":[120.284988,22.621711]},"geometry":{"type":"Polygon","coordinates":[[[120.284973,22.622016],[120.285257,22.62189],[120.285215,22.621859],[120.285101,22.62191],[120.284766,22.621262],[120.284616,22.621328],[120.284973,22.622016]]]}},{"type":"Feature","id":"w817048387","properties":{"kind":"building","category":"school","name":null,"area_m2":2052.4,"centroid":[120.287278,22.623282]},"geometry":{"type":"Polygon","coordinates":[[[120.286867,22.623558],[120.28719,22.623397],[120.287198,22.623411],[120.287342,22.62334],[120.287317,22.623298],[120.287518,22.623197],[120.287574,22.623195],[120.28768,22.623142],[120.287609,22.623024],[120.287437,22.62303],[120.286812,22.623354],[120.286794,22.623433],[120.286867,22.623558]]]}},{"type":"Feature","id":"w817149462","properties":{"kind":"building","category":"yes","name":null,"area_m2":992.6,"centroid":[120.278733,22.634504]},"geometry":{"type":"Polygon","coordinates":[[[120.278476,22.6345],[120.278778,22.634663],[120.27887,22.634581],[120.278935,22.634479],[120.278604,22.634299],[120.278476,22.6345]]]}},{"type":"Feature","id":"w817166832","properties":{"kind":"building","category":"school","name":null,"area_m2":522.6,"centroid":[120.279569,22.632858]},"geometry":{"type":"Polygon","coordinates":[[[120.279417,22.632895],[120.279488,22.632976],[120.279513,22.632958],[120.279544,22.632932],[120.279831,22.632721],[120.27976,22.63264],[120.279428,22.632884],[120.279417,22.632895]]]}},{"type":"Feature","id":"w820874707","properties":{"kind":"building","category":"school","name":null,"area_m2":1908.7,"centroid":[120.291273,22.636692]},"geometry":{"type":"Polygon","coordinates":[[[120.290749,22.636689],[120.290907,22.636734],[120.290929,22.636664],[120.2916,22.636852],[120.291569,22.636948],[120.291739,22.636995],[120.291805,22.636796],[120.291312,22.636657],[120.291338,22.636624],[120.291315,22.636585],[120.291329,22.636545],[120.291224,22.636516],[120.291197,22.636597],[120.290814,22.63649],[120.290749,22.636689]]]}},{"type":"Feature","id":"w820874823","properties":{"kind":"building","category":"yes","name":"千歲,千北,立德,鳳南聯合里活動中心","area_m2":499.6,"centroid":[120.290665,22.635322]},"geometry":{"type":"Polygon","coordinates":[[[120.290489,22.635399],[120.290701,22.635485],[120.290782,22.635319],[120.290737,22.635291],[120.290693,22.63526],[120.290679,22.635272],[120.290571,22.635228],[120.290489,22.635399]]]}},{"type":"Feature","id":"w822137768","properties":{"kind":"building","category":"school","name":null,"area_m2":1371.3,"centroid":[120.29865,22.627925]},"geometry":{"type":"Polygon","coordinates":[[[120.297979,22.62776],[120.29894,22.628074],[120.298954,22.628037],[120.29899,22.628049],[120.299018,22.627977],[120.298021,22.627651],[120.297979,22.62776]]]}},{"type":"Feature","id":"w823170323","properties":{"kind":"green","category":"grass","name":null,"area_m2":6413.4,"centroid":[120.288078,22.617049]},"geometry":{"type":"Polygon","coordinates":[[[120.287297,22.617144],[120.287296,22.617103],[120.287318,22.617078],[120.288458,22.616546],[120.288509,22.616546],[120.288583,22.616553],[120.288651,22.616593],[120.288708,22.616665],[120.288732,22.61673],[120.288742,22.616796],[120.288728,22.616864],[120.288697,22.616914],[120.28862,22.616942],[120.288529,22.616949],[120.28844,22.616947],[120.288366,22.616919],[120.287815,22.617317],[120.287797,22.617366],[120.287774,22.617407],[120.287736,22.617443],[120.287678,22.617464],[120.287624,22.617472],[120.287583,22.61746],[120.287519,22.61742],[120.287444,22.617351],[120.287377,22.617276],[120.287297,22.617144]]]}},{"type":"Feature","id":"w823370425","properties":{"kind":"building","category":"yes","name":null,"area_m2":2053.5,"centroid":[120.297828,22.632535]},"geometry":{"type":"Polygon","coordinates":[[[120.297557,22.632727],[120.29772,22.632788],[120.29771,22.632811],[120.297838,22.632859],[120.297852,22.632827],[120.297966,22.632869],[120.298019,22.632749],[120.297939,22.632719],[120.298011,22.632555],[120.29807,22.632577],[120.298172,22.632345],[120.297896,22.632242],[120.297875,22.632242],[120.297855,22.632252],[120.297851,22.63227],[120.297865,22.63229],[120.297917,22.632311],[120.297845,22.632467],[120.2978,22.632449],[120.297782,22.632448],[120.297768,22.632452],[120.297763,22.632468],[120.29777,22.632482],[120.297805,22.632494],[120.297788,22.632537],[120.297806,22.632545],[120.297798,22.632565],[120.29778,22.632556],[120.297716,22.632528],[120.297682,22.632539],[120.297663,22.632582],[120.297627,22.632568],[120.297557,22.632727]]]}},{"type":"Feature","id":"w823701991","properties":{"kind":"building","category":"yes","name":null,"area_m2":1437.9,"centroid":[120.306568,22.619356]},"geometry":{"type":"Polygon","coordinates":[[[120.306353,22.619528],[120.306656,22.619626],[120.3068,22.619248],[120.306559,22.61917],[120.306474,22.61921],[120.306353,22.619528]]]}},{"type":"Feature","id":"w824446920","properties":{"kind":"building","category":"school","name":null,"area_m2":1480.4,"centroid":[120.296474,22.613495]},"geometry":{"type":"Polygon","coordinates":[[[120.29628,22.613587],[120.296604,22.613702],[120.296675,22.613648],[120.296698,22.613657],[120.296787,22.613452],[120.296406,22.613311],[120.296389,22.613352],[120.296337,22.613332],[120.296244,22.613419],[120.296321,22.61349],[120.29628,22.613587]]]}},{"type":"Feature","id":"w840552042","properties":{"kind":"building","category":"yes","name":"高雄港4號碼頭查驗登記站","area_m2":498.8,"centroid":[120.280594,22.618006]},"geometry":{"type":"Polygon","coordinates":[[[120.280564,22.618144],[120.280449,22.617949],[120.280625,22.617865],[120.280738,22.618067],[120.280564,22.618144]]]}},{"type":"Feature","id":"w859701843","properties":{"kind":"building","category":"apartments","name":null,"area_m2":744.2,"centroid":[120.299078,22.631478]},"geometry":{"type":"Polygon","coordinates":[[[120.299006,22.631317],[120.298908,22.631554],[120.29915,22.631639],[120.299247,22.631402],[120.299006,22.631317]]]}},{"type":"Feature","id":"w877518220","properties":{"kind":"building","category":"temple","name":"無極王母宮","area_m2":319.6,"centroid":[120.276331,22.634471]},"geometry":{"type":"Polygon","coordinates":[[[120.276202,22.634467],[120.276287,22.634358],[120.27646,22.634478],[120.276377,22.63458],[120.276202,22.634467]]]}},{"type":"Feature","id":"w901611962","properties":{"kind":"green","category":"grass","name":null,"area_m2":146.9,"centroid":[120.301677,22.637984]},"geometry":{"type":"Polygon","coordinates":[[[120.301788,22.637915],[120.301605,22.637918],[120.301609,22.638091],[120.301643,22.638039],[120.301685,22.63799],[120.301735,22.637948],[120.301788,22.637915]]]}},{"type":"Feature","id":"w902978160","properties":{"kind":"building","category":"yes","name":"高雄港北號誌樓","area_m2":83.8,"centroid":[120.277252,22.624667]},"geometry":{"type":"Polygon","coordinates":[[[120.277263,22.624734],[120.277313,22.624706],[120.277241,22.624599],[120.277191,22.624628],[120.277263,22.624734]]]}},{"type":"Feature","id":"w905049956","properties":{"kind":"building","category":"apartments","name":"百立生日公園","area_m2":942.2,"centroid":[120.304004,22.618663]},"geometry":{"type":"Polygon","coordinates":[[[120.304249,22.618648],[120.30418,22.618821],[120.303759,22.618678],[120.303828,22.618504],[120.304249,22.618648]]]}},{"type":"Feature","id":"w907036647","properties":{"kind":"building","category":"apartments","name":"中華新都 No. 3","area_m2":626.6,"centroid":[120.293534,22.634523]},"geometry":{"type":"Polygon","coordinates":[[[120.293365,22.634593],[120.293442,22.634409],[120.293503,22.634431],[120.293471,22.634508],[120.293511,22.634522],[120.293546,22.634437],[120.293726,22.634501],[120.293669,22.634638],[120.293573,22.634667],[120.293365,22.634593]]]}},{"type":"Feature","id":"w908911392","properties":{"kind":"building","category":"apartments","name":null,"area_m2":193.1,"centroid":[120.296561,22.638057]},"geometry":{"type":"Polygon","coordinates":[[[120.296486,22.638139],[120.296599,22.638156],[120.296632,22.637992],[120.296565,22.637987],[120.296524,22.638011],[120.296486,22.638139]]]}},{"type":"Feature","id":"w909621615","properties":{"kind":"green","category":"grass","name":null,"area_m2":403.0,"centroid":[120.296791,22.625591]},"geometry":{"type":"Polygon","coordinates":[[[120.296959,22.625693],[120.296592,22.625569],[120.296573,22.625544],[120.296601,22.625489],[120.296624,22.625489],[120.29699,22.625619],[120.297006,22.625637],[120.296987,22.625685],[120.296959,22.625693]]]}},{"type":"Feature","id":"w909887738","properties":{"kind":"building","category":"office","name":null,"area_m2":743.8,"centroid":[120.301494,22.61671]},"geometry":{"type":"Polygon","coordinates":[[[120.301309,22.616761],[120.301386,22.616563],[120.301679,22.61666],[120.301602,22.616858],[120.301309,22.616761]]]}},{"type":"Feature","id":"w90993708","properties":{"kind":"building","category":"retail","name":"大立百貨B館","area_m2":2502.4,"centroid":[120.297619,22.621615]},"geometry":{"type":"Polygon","coordinates":[[[120.297346,22.621334],[120.297913,22.621527],[120.297852,22.621663],[120.297775,22.621871],[120.297209,22.621678],[120.297346,22.621334]]]}},{"type":"Feature","id":"w90993709","properties":{"kind":"building","category":"commercial","name":"漢來新世界中心","area_m2":5039.9,"centroid":[120.296342,22.619407]},"geometry":{"type":"Polygon","coordinates":[[[120.296829,22.619276],[120.296423,22.619142],[120.296069,22.619025],[120.295869,22.619543],[120.296235,22.619664],[120.296628,22.619794],[120.296829,22.619276]]]}},{"type":"Feature","id":"w90993715","properties":{"kind":"building","category":"retail","name":"大立百貨A館","area_m2":2340.9,"centroid":[120.298198,22.621684]},"geometry":{"type":"Polygon","coordinates":[[[120.298012,22.621887],[120.298072,22.621838],[120.298183,22.62176],[120.29831,22.621699],[120.298453,22.621659],[120.298558,22.621649],[120.298607,22.621623],[120.298669,22.621463],[120.29824,22.621337],[120.298216,22.621403],[120.298135,22.621377],[120.297975,22.621706],[120.297906,22.621851],[120.297915,22.621883],[120.297943,22.621899],[120.297981,22.621906],[120.298012,22.621887]]]}},{"type":"Feature","id":"w913343429","properties":{"kind":"building","category":"public","name":"高雄流行音樂中心-高低塔","area_m2":12407.2,"centroid":[120.289101,22.618344]},"geometry":{"type":"Polygon","coordinates":[[[120.288796,22.618664],[120.288848,22.618699],[120.288888,22.618683],[120.288941,22.618731],[120.288985,22.618734],[120.289031,22.61877],[120.289082,22.618767],[120.289138,22.618803],[120.289185,22.618792],[120.289245,22.618816],[120.289301,22.61879],[120.289296,22.618737],[120.289361,22.618693],[120.289367,22.618647],[120.289435,22.618577],[120.289476,22.618578],[120.28952,22.618531],[120.289519,22.618484],[120.289579,22.618408],[120.289593,22.61841],[120.289605,22.618389],[120.289588,22.618352],[120.289605,22.618312],[120.289589,22.618268],[120.28954,22.618251],[120.289523,22.618217],[120.289571,22.61817],[120.289549,22.618104],[120.289482,22.618077],[120.289434,22.618001],[120.289368,22.617978],[120.289307,22.617858],[120.289267,22.617853],[120.289221,22.617879],[120.288953,22.617579],[120.288891,22.617622],[120.288551,22.61722],[120.288134,22.617529],[120.288487,22.617932],[120.288453,22.617947],[120.288666,22.618229],[120.288647,22.61826],[120.288673,22.618316],[120.288716,22.618349],[120.288725,22.618378],[120.288708,22.618401],[120.288726,22.618438],[120.288683,22.618461],[120.288691,22.61849],[120.288746,22.618531],[120.288759,22.61858],[120.288796,22.618613],[120.288796,22.618664]]]}},{"type":"Feature","id":"w913343430","properties":{"kind":"building","category":"public","name":"海豚01館","area_m2":692.5,"centroid":[120.289393,22.61903]},"geometry":{"type":"Polygon","coordinates":[[[120.289101,22.618959],[120.2894,22.619108],[120.289636,22.619228],[120.289647,22.619211],[120.28958,22.619085],[120.289525,22.619026],[120.289468,22.618984],[120.289375,22.618949],[120.289298,22.618932],[120.28919,22.618922],[120.289105,22.618929],[120.289101,22.618959]]]}},{"type":"Feature","id":"w920155426","properties":{"kind":"green","category":"grass","name":null,"area_m2":863.3,"centroid":[120.303353,22.627484]},"geometry":{"type":"Polygon","coordinates":[[[120.304086,22.62754],[120.304114,22.627531],[120.304121,22.627515],[120.304112,22.627502],[120.304091,22.627489],[120.302766,22.627433],[120.302739,22.627433],[120.302713,22.627444],[120.302705,22.627465],[120.302705,22.627482],[120.302727,22.627489],[120.304086,22.62754]]]}},{"type":"Feature","id":"w920155427","properties":{"kind":"green","category":"grass","name":null,"area_m2":1011.8,"centroid":[120.303554,22.627259]},"geometry":{"type":"Polygon","coordinates":[[[120.304085,22.62732],[120.302923,22.62727],[120.302903,22.627252],[120.3029,22.627235],[120.302903,22.627214],[120.302918,22.627201],[120.302931,22.627198],[120.304083,22.627244],[120.304108,22.627256],[120.304117,22.627274],[120.304115,22.627284],[120.304113,22.627299],[120.304101,22.627318],[120.304085,22.62732]]]}},{"type":"Feature","id":"w920155428","properties":{"kind":"green","category":"grass","name":null,"area_m2":724.5,"centroid":[120.304975,22.627556]},"geometry":{"type":"Polygon","coordinates":[[[120.304527,22.627573],[120.305509,22.627607],[120.305538,22.627591],[120.305546,22.627575],[120.305541,22.627555],[120.305514,22.627544],[120.304525,22.627512],[120.304508,22.627517],[120.304505,22.627528],[120.304503,22.627551],[120.304505,22.627564],[120.304527,22.627573]]]}},{"type":"Feature","id":"w920155429","properties":{"kind":"green","category":"grass","name":null,"area_m2":967.4,"centroid":[120.305061,22.627331]},"geometry":{"type":"Polygon","coordinates":[[[120.305506,22.627387],[120.304515,22.627351],[120.304495,22.627326],[120.304495,22.627311],[120.304495,22.627302],[120.304505,22.627283],[120.30453,22.627267],[120.305503,22.627308],[120.305542,22.627319],[120.305553,22.627341],[120.305554,22.627356],[120.305554,22.627366],[120.305541,22.627388],[120.305506,22.627387]]]}},{"type":"Feature","id":"w920155430","properties":{"kind":"green","category":"grass","name":null,"area_m2":205.5,"centroid":[120.305025,22.627443]},"geometry":{"type":"Polygon","coordinates":[[[120.305538,22.627473],[120.304509,22.62743],[120.304511,22.627412],[120.30554,22.627456],[120.305538,22.627473]]]}},{"type":"Feature","id":"w920155431","properties":{"kind":"green","category":"grass","name":null,"area_m2":283.6,"centroid":[120.303448,22.627382]},"geometry":{"type":"Polygon","coordinates":[[[120.3041,22.627417],[120.302793,22.627365],[120.302793,22.627347],[120.304104,22.627397],[120.3041,22.627417]]]}},{"type":"Feature","id":"w920155432","properties":{"kind":"green","category":"grass","name":null,"area_m2":727.4,"centroid":[120.306395,22.627612]},"geometry":{"type":"Polygon","coordinates":[[[120.3059,22.627627],[120.306894,22.627665],[120.306913,22.627655],[120.306921,22.627637],[120.306918,22.627613],[120.306906,22.627605],[120.306882,22.627601],[120.305902,22.627567],[120.305877,22.627574],[120.305873,22.627585],[120.305873,22.627601],[120.305877,22.627619],[120.3059,22.627627]]]}},{"type":"Feature","id":"w920155433","properties":{"kind":"green","category":"grass","name":null,"area_m2":1010.1,"centroid":[120.306338,22.627384]},"geometry":{"type":"Polygon","coordinates":[[[120.305897,22.627417],[120.306868,22.627444],[120.306898,22.627432],[120.306906,22.627406],[120.306898,22.627381],[120.306868,22.627365],[120.305897,22.627322],[120.305877,22.627329],[120.305865,22.627349],[120.305868,22.627376],[120.305873,22.627403],[120.305897,22.627417]]]}},{"type":"Feature","id":"w920155434","properties":{"kind":"green","category":"grass","name":null,"area_m2":188.8,"centroid":[120.306397,22.627504]},"geometry":{"type":"Polygon","coordinates":[[[120.3069,22.627531],[120.3069,22.627513],[120.305894,22.627478],[120.305893,22.627493],[120.3069,22.627531]]]}},{"type":"Feature","id":"w920155435","properties":{"kind":"green","category":"grass","name":null,"area_m2":363.1,"centroid":[120.30733,22.627655]},"geometry":{"type":"Polygon","coordinates":[[[120.307121,22.627679],[120.307587,22.627698],[120.307601,22.627686],[120.307608,22.627672],[120.307604,22.627651],[120.307594,22.627635],[120.307125,22.627615],[120.307107,22.627619],[120.307095,22.627635],[120.307093,22.627651],[120.307098,22.627669],[120.307121,22.627679]]]}},{"type":"Feature","id":"w920155436","properties":{"kind":"green","category":"grass","name":null,"area_m2":492.4,"centroid":[120.307352,22.627431]},"geometry":{"type":"Polygon","coordinates":[[[120.307117,22.627467],[120.307577,22.627486],[120.307604,22.627464],[120.307615,22.627433],[120.307604,22.627413],[120.307581,22.627395],[120.307121,22.627385],[120.307107,22.627392],[120.307091,22.627421],[120.307101,22.62745],[120.307117,22.627467]]]}},{"type":"Feature","id":"w920155437","properties":{"kind":"green","category":"grass","name":null,"area_m2":85.7,"centroid":[120.307364,22.627541]},"geometry":{"type":"Polygon","coordinates":[[[120.307609,22.627557],[120.307608,22.627542],[120.307118,22.627525],[120.307121,22.627541],[120.307609,22.627557]]]}},{"type":"Feature","id":"w921533316","properties":{"kind":"building","category":"apartments","name":null,"area_m2":980.7,"centroid":[120.287056,22.635568]},"geometry":{"type":"Polygon","coordinates":[[[120.286799,22.635321],[120.287302,22.635478],[120.287209,22.635744],[120.2871,22.635708],[120.287009,22.635681],[120.28704,22.635593],[120.287131,22.635621],[120.287156,22.63555],[120.286754,22.635417],[120.286799,22.635321]]]}},{"type":"Feature","id":"w921533326","properties":{"kind":"green","category":"park","name":null,"area_m2":7454.2,"centroid":[120.284683,22.638962]},"geometry":{"type":"Polygon","coordinates":[[[120.283756,22.64097],[120.283837,22.641006],[120.28386,22.641006],[120.284057,22.64061],[120.284422,22.639883],[120.284616,22.639534],[120.284787,22.639178],[120.284934,22.638787],[120.285047,22.63847],[120.285195,22.638064],[120.285244,22.637814],[120.285319,22.637398],[120.285382,22.636793],[120.285234,22.6368],[120.28515,22.637383],[120.285111,22.637668],[120.285074,22.637847],[120.284906,22.638389],[120.284685,22.639007],[120.284453,22.639507],[120.284076,22.640328],[120.283885,22.640726],[120.283756,22.64097]]]}},{"type":"Feature","id":"w926987796","properties":{"kind":"green","category":"grass","name":null,"area_m2":492.1,"centroid":[120.284408,22.633774]},"geometry":{"type":"Polygon","coordinates":[[[120.284445,22.633886],[120.284404,22.633892],[120.284219,22.633826],[120.284219,22.633806],[120.284473,22.633627],[120.284508,22.633635],[120.28452,22.633672],[120.284473,22.633845],[120.284445,22.633886]]]}},{"type":"Feature","id":"w929112099","properties":{"kind":"building","category":"yes","name":null,"area_m2":476.0,"centroid":[120.273489,22.634171]},"geometry":{"type":"Polygon","coordinates":[[[120.273525,22.634319],[120.273675,22.63419],[120.273511,22.634025],[120.273409,22.634118],[120.27345,22.634163],[120.273443,22.634172],[120.27341,22.634209],[120.273525,22.634319]]]}},{"type":"Feature","id":"w929112100","properties":{"kind":"building","category":"yes","name":null,"area_m2":1472.5,"centroid":[120.274114,22.634893]},"geometry":{"type":"Polygon","coordinates":[[[120.273865,22.635038],[120.27403,22.634985],[120.274043,22.635022],[120.274214,22.634967],[120.274218,22.634979],[120.274291,22.634956],[120.274383,22.634927],[120.274313,22.634739],[120.274244,22.634761],[120.274197,22.634634],[120.273891,22.634731],[120.273959,22.634913],[120.273833,22.634953],[120.273865,22.635038]]]}},{"type":"Feature","id":"w929112101","properties":{"kind":"building","category":"yes","name":null,"area_m2":118.2,"centroid":[120.276486,22.634645]},"geometry":{"type":"Polygon","coordinates":[[[120.276398,22.634672],[120.276473,22.634573],[120.276532,22.634602],[120.27651,22.634634],[120.276518,22.634671],[120.276483,22.634718],[120.276398,22.634672]]]}},{"type":"Feature","id":"w929112102","properties":{"kind":"building","category":"school","name":null,"area_m2":4454.3,"centroid":[120.278509,22.63346]},"geometry":{"type":"Polygon","coordinates":[[[120.278161,22.633085],[120.279043,22.633472],[120.278856,22.633835],[120.277974,22.633447],[120.278161,22.633085]]]}},{"type":"Feature","id":"w929112103","properties":{"kind":"building","category":"school","name":null,"area_m2":737.7,"centroid":[120.278622,22.633944]},"geometry":{"type":"Polygon","coordinates":[[[120.278303,22.633866],[120.278347,22.633775],[120.278941,22.634021],[120.278896,22.634112],[120.278303,22.633866]]]}},{"type":"Feature","id":"w929112107","properties":{"kind":"building","category":"school","name":null,"area_m2":1040.3,"centroid":[120.279494,22.632734]},"geometry":{"type":"Polygon","coordinates":[[[120.279841,22.632715],[120.279929,22.632648],[120.279704,22.632395],[120.279254,22.632737],[120.279215,22.632767],[120.279301,22.632864],[120.279338,22.632836],[120.279399,22.632905],[120.279428,22.632884],[120.279343,22.632789],[120.27968,22.632534],[120.279841,22.632715]]]}},{"type":"Feature","id":"w929112108","properties":{"kind":"building","category":"school","name":null,"area_m2":208.5,"centroid":[120.279697,22.633152]},"geometry":{"type":"Polygon","coordinates":[[[120.279654,22.633156],[120.279642,22.633143],[120.279623,22.633124],[120.279668,22.633087],[120.279692,22.633067],[120.279836,22.633214],[120.279767,22.633271],[120.279654,22.633156]]]}},{"type":"Feature","id":"w929112109","properties":{"kind":"building","category":"school","name":null,"area_m2":160.4,"centroid":[120.27959,22.633017]},"geometry":{"type":"Polygon","coordinates":[[[120.279537,22.633036],[120.279566,22.633012],[120.279513,22.632958],[120.279544,22.632932],[120.279581,22.63297],[120.279588,22.632964],[120.279692,22.633067],[120.279668,22.633087],[120.279623,22.633124],[120.279537,22.633036]]]}},{"type":"Feature","id":"w929112110","properties":{"kind":"building","category":"apartments","name":null,"area_m2":183.3,"centroid":[120.279917,22.631539]},"geometry":{"type":"Polygon","coordinates":[[[120.279926,22.631633],[120.279828,22.631493],[120.279909,22.631444],[120.280007,22.631584],[120.279926,22.631633]]]}},{"type":"Feature","id":"w929112111","properties":{"kind":"building","category":"apartments","name":null,"area_m2":156.1,"centroid":[120.279728,22.631558]},"geometry":{"type":"Polygon","coordinates":[[[120.279736,22.631648],[120.279647,22.631508],[120.279719,22.63147],[120.279811,22.631608],[120.279736,22.631648]]]}},{"type":"Feature","id":"w929112112","properties":{"kind":"building","category":"apartments","name":null,"area_m2":509.1,"centroid":[120.278916,22.630474]},"geometry":{"type":"Polygon","coordinates":[[[120.27909,22.630627],[120.278826,22.630265],[120.278741,22.630324],[120.279007,22.630679],[120.27909,22.630627]]]}},{"type":"Feature","id":"w929112113","properties":{"kind":"building","category":"apartments","name":null,"area_m2":566.0,"centroid":[120.278689,22.630602]},"geometry":{"type":"Polygon","coordinates":[[[120.278778,22.630817],[120.278508,22.630444],[120.2786,22.630387],[120.278871,22.630761],[120.278778,22.630817]]]}},{"type":"Feature","id":"w929113597","properties":{"kind":"building","category":"apartments","name":null,"area_m2":673.4,"centroid":[120.279603,22.62936]},"geometry":{"type":"Polygon","coordinates":[[[120.279558,22.629526],[120.279401,22.629312],[120.279595,22.629191],[120.279712,22.629365],[120.279751,22.629405],[120.279558,22.629526]]]}},{"type":"Feature","id":"w929113598","properties":{"kind":"building","category":"apartments","name":null,"area_m2":685.4,"centroid":[120.279309,22.629504]},"geometry":{"type":"Polygon","coordinates":[[[120.279291,22.629672],[120.279134,22.629458],[120.279328,22.629337],[120.279484,22.629551],[120.279291,22.629672]]]}},{"type":"Feature","id":"w929113599","properties":{"kind":"building","category":"apartments","name":null,"area_m2":267.9,"centroid":[120.279799,22.629132]},"geometry":{"type":"Polygon","coordinates":[[[120.279734,22.629192],[120.27968,22.629118],[120.279763,22.629065],[120.279783,22.629093],[120.279856,22.629048],[120.27994,22.629162],[120.279843,22.629223],[120.279793,22.629155],[120.279734,22.629192]]]}},{"type":"Feature","id":"w929113600","properties":{"kind":"building","category":"apartments","name":null,"area_m2":1163.2,"centroid":[120.279602,22.628819]},"geometry":{"type":"Polygon","coordinates":[[[120.279378,22.628741],[120.279624,22.628598],[120.279827,22.628896],[120.27958,22.629039],[120.279378,22.628741]]]}},{"type":"Feature","id":"w929113601","properties":{"kind":"building","category":"yes","name":null,"area_m2":712.0,"centroid":[120.27757,22.619392]},"geometry":{"type":"Polygon","coordinates":[[[120.277539,22.619563],[120.277401,22.619316],[120.277601,22.61922],[120.277739,22.619468],[120.277539,22.619563]]]}},{"type":"Feature","id":"w929113603","properties":{"kind":"building","category":"warehouse","name":"C2庫","area_m2":1001.3,"centroid":[120.283104,22.617089]},"geometry":{"type":"Polygon","coordinates":[[[120.282909,22.617277],[120.283382,22.617047],[120.283299,22.616901],[120.282826,22.617131],[120.282909,22.617277]]]}},{"type":"Feature","id":"w929113604","properties":{"kind":"building","category":"yes","name":"大港倉6","area_m2":1412.6,"centroid":[120.284925,22.616294]},"geometry":{"type":"Polygon","coordinates":[[[120.284722,22.616514],[120.284614,22.616324],[120.285127,22.616075],[120.285235,22.616265],[120.284722,22.616514]]]}},{"type":"Feature","id":"w929116527","properties":{"kind":"building","category":"retail","name":"大港倉8","area_m2":1084.7,"centroid":[120.283319,22.61746]},"geometry":{"type":"Polygon","coordinates":[[[120.283517,22.617268],[120.283604,22.617425],[120.283121,22.617651],[120.283034,22.617494],[120.283517,22.617268]]]}},{"type":"Feature","id":"w929116528","properties":{"kind":"building","category":"warehouse","name":"大港倉4","area_m2":1333.7,"centroid":[120.284438,22.616886]},"geometry":{"type":"Polygon","coordinates":[[[120.284216,22.617095],[120.284123,22.616919],[120.284661,22.616677],[120.284754,22.616854],[120.284216,22.617095]]]}},{"type":"Feature","id":"w929116529","properties":{"kind":"building","category":"yes","name":"棧拾庫 KW10","area_m2":1902.2,"centroid":[120.287452,22.614047]},"geometry":{"type":"Polygon","coordinates":[[[120.287161,22.614304],[120.287055,22.61411],[120.287742,22.61379],[120.287849,22.613984],[120.287161,22.614304]]]}},{"type":"Feature","id":"w929116530","properties":{"kind":"building","category":"yes","name":null,"area_m2":555.1,"centroid":[120.28692,22.614285]},"geometry":{"type":"Polygon","coordinates":[[[120.286818,22.614419],[120.286743,22.614278],[120.287022,22.614151],[120.287097,22.614292],[120.286818,22.614419]]]}},{"type":"Feature","id":"w929116531","properties":{"kind":"building","category":"yes","name":null,"area_m2":1256.4,"centroid":[120.28707,22.614681]},"geometry":{"type":"Polygon","coordinates":[[[120.287045,22.614915],[120.286847,22.614567],[120.287096,22.614446],[120.287294,22.614794],[120.287045,22.614915]]]}},{"type":"Feature","id":"w929116532","properties":{"kind":"building","category":"yes","name":null,"area_m2":3222.0,"centroid":[120.287674,22.614341]},"geometry":{"type":"Polygon","coordinates":[[[120.287308,22.614743],[120.287141,22.614433],[120.287788,22.614137],[120.287818,22.614193],[120.287926,22.614144],[120.288062,22.614397],[120.287308,22.614743]]]}},{"type":"Feature","id":"w929116533","properties":{"kind":"building","category":"yes","name":null,"area_m2":377.6,"centroid":[120.287208,22.615382]},"geometry":{"type":"Polygon","coordinates":[[[120.287333,22.61551],[120.287248,22.61555],[120.287078,22.615254],[120.287172,22.615213],[120.287333,22.61551]]]}},{"type":"Feature","id":"w929116534","properties":{"kind":"building","category":"yes","name":null,"area_m2":268.4,"centroid":[120.28712,22.615163]},"geometry":{"type":"Polygon","coordinates":[[[120.287172,22.615213],[120.287078,22.615254],[120.286991,22.615086],[120.287104,22.615035],[120.287184,22.615187],[120.287192,22.615204],[120.287172,22.615213]]]}},{"type":"Feature","id":"w929116535","properties":{"kind":"building","category":"yes","name":null,"area_m2":532.7,"centroid":[120.287269,22.615055]},"geometry":{"type":"Polygon","coordinates":[[[120.287184,22.615187],[120.287434,22.615076],[120.287355,22.614924],[120.287104,22.615035],[120.287184,22.615187]]]}},{"type":"Feature","id":"w929116536","properties":{"kind":"building","category":"yes","name":null,"area_m2":995.7,"centroid":[120.287536,22.615494]},"geometry":{"type":"Polygon","coordinates":[[[120.287294,22.615683],[120.287226,22.615555],[120.287778,22.615305],[120.287846,22.615433],[120.287294,22.615683]]]}},{"type":"Feature","id":"w929116539","properties":{"kind":"building","category":"yes","name":null,"area_m2":142.4,"centroid":[120.279268,22.61886]},"geometry":{"type":"Polygon","coordinates":[[[120.279218,22.618906],[120.279176,22.618832],[120.279293,22.618776],[120.279347,22.618873],[120.279293,22.618899],[120.279281,22.618876],[120.279218,22.618906]]]}},{"type":"Feature","id":"w929116540","properties":{"kind":"building","category":"yes","name":null,"area_m2":145.1,"centroid":[120.279008,22.618972]},"geometry":{"type":"Polygon","coordinates":[[[120.278994,22.61905],[120.278932,22.618937],[120.279022,22.618895],[120.279084,22.619008],[120.278994,22.61905]]]}},{"type":"Feature","id":"w929116549","properties":{"kind":"building","category":"school","name":null,"area_m2":1210.7,"centroid":[120.285166,22.621556]},"geometry":{"type":"Polygon","coordinates":[[[120.28529,22.621918],[120.284916,22.621253],[120.285042,22.621193],[120.285417,22.621858],[120.28529,22.621918]]]}},{"type":"Feature","id":"w929116551","properties":{"kind":"building","category":"school","name":null,"area_m2":590.0,"centroid":[120.287891,22.62335]},"geometry":{"type":"Polygon","coordinates":[[[120.287929,22.623553],[120.287735,22.623202],[120.287852,22.623147],[120.288047,22.623498],[120.287929,22.623553]]]}},{"type":"Feature","id":"w929116552","properties":{"kind":"building","category":"yes","name":null,"area_m2":578.7,"centroid":[120.278299,22.625487]},"geometry":{"type":"Polygon","coordinates":[[[120.278406,22.625741],[120.278111,22.625278],[120.278193,22.625234],[120.278488,22.625697],[120.278406,22.625741]]]}},{"type":"Feature","id":"w929118161","properties":{"kind":"green","category":"grass","name":null,"area_m2":2405.1,"centroid":[120.288043,22.624387]},"geometry":{"type":"Polygon","coordinates":[[[120.288272,22.624583],[120.287754,22.624448],[120.287702,22.624412],[120.287672,22.624374],[120.287654,22.62432],[120.287669,22.624248],[120.287719,22.624185],[120.28779,22.62416],[120.288371,22.624309],[120.288422,22.624362],[120.28844,22.624413],[120.288428,22.624487],[120.288389,22.62454],[120.288323,22.624579],[120.288272,22.624583]]]}},{"type":"Feature","id":"w929119236","properties":{"kind":"building","category":"school","name":null,"area_m2":740.9,"centroid":[120.290448,22.630512]},"geometry":{"type":"Polygon","coordinates":[[[120.290113,22.630417],[120.290156,22.63031],[120.290679,22.630489],[120.290612,22.630657],[120.290549,22.630636],[120.290578,22.630564],[120.290113,22.630417]]]}},{"type":"Feature","id":"w929119971","properties":{"kind":"building","category":"school","name":null,"area_m2":2371.0,"centroid":[120.303627,22.625341]},"geometry":{"type":"Polygon","coordinates":[[[120.303002,22.625045],[120.302945,22.625185],[120.303035,22.625216],[120.303053,22.62517],[120.303498,22.625323],[120.303472,22.625388],[120.303706,22.625468],[120.303727,22.625416],[120.304174,22.625568],[120.304156,22.625611],[120.304268,22.625649],[120.304338,22.625476],[120.303789,22.625288],[120.303793,22.625253],[120.303546,22.625167],[120.303523,22.625225],[120.303002,22.625045]]]}},{"type":"Feature","id":"w929164767","properties":{"kind":"green","category":"park","name":null,"area_m2":4053.6,"centroid":[120.283937,22.638853]},"geometry":{"type":"Polygon","coordinates":[[[120.284377,22.637009],[120.284513,22.636973],[120.284412,22.637909],[120.2841,22.638813],[120.283891,22.639333],[120.283528,22.640126],[120.283244,22.64071],[120.283192,22.640635],[120.283524,22.640069],[120.283828,22.639374],[120.284056,22.638705],[120.284219,22.637958],[120.284301,22.637473],[120.284377,22.637009]]]}},{"type":"Feature","id":"w929174243","properties":{"kind":"building","category":"yes","name":"長明派出所","area_m2":161.3,"centroid":[120.303731,22.638414]},"geometry":{"type":"Polygon","coordinates":[[[120.303669,22.638464],[120.303664,22.638414],[120.303661,22.638379],[120.303826,22.638365],[120.303835,22.63845],[120.303669,22.638464]]]}},{"type":"Feature","id":"w929642180","properties":{"kind":"building","category":"retail","name":"八德市場","area_m2":325.5,"centroid":[120.308056,22.634942]},"geometry":{"type":"Polygon","coordinates":[[[120.307957,22.634871],[120.308142,22.634858],[120.308155,22.635012],[120.30797,22.635025],[120.307957,22.634871]]]}},{"type":"Feature","id":"w930303016","properties":{"kind":"green","category":"park","name":"三民德北公園","area_m2":2970.3,"centroid":[120.29417,22.639969]},"geometry":{"type":"Polygon","coordinates":[[[120.294269,22.640345],[120.293967,22.64025],[120.293937,22.640193],[120.294015,22.6396],[120.294057,22.639571],[120.294388,22.639727],[120.294408,22.639767],[120.294317,22.640297],[120.294269,22.640345]]]}},{"type":"Feature","id":"w930303021","properties":{"kind":"building","category":"construction","name":null,"area_m2":4242.6,"centroid":[120.292661,22.639356]},"geometry":{"type":"Polygon","coordinates":[[[120.292887,22.639423],[120.292831,22.639404],[120.292682,22.639767],[120.292422,22.639715],[120.292551,22.639385],[120.292333,22.639312],[120.292534,22.638803],[120.293045,22.639038],[120.292887,22.639423]]]}},{"type":"Feature","id":"w93332491","properties":{"kind":"green","category":"park","name":"生日公園","area_m2":16437.7,"centroid":[120.304662,22.618186]},"geometry":{"type":"Polygon","coordinates":[[[120.30379,22.618489],[120.304143,22.617591],[120.304235,22.617544],[120.30545,22.617982],[120.305481,22.618081],[120.305154,22.618931],[120.304383,22.618682],[120.30379,22.618489]]]}},{"type":"Feature","id":"w949445682","properties":{"kind":"building","category":"yes","name":"高雄銀座國際商場","area_m2":4364.5,"centroid":[120.281278,22.625351]},"geometry":{"type":"Polygon","coordinates":[[[120.281292,22.625819],[120.281689,22.625636],[120.281269,22.624873],[120.280863,22.625076],[120.281292,22.625819]]]}},{"type":"Feature","id":"w951528391","properties":{"kind":"green","category":"park","name":"三角公園","area_m2":730.4,"centroid":[120.289697,22.640151]},"geometry":{"type":"Polygon","coordinates":[[[120.289711,22.639953],[120.289916,22.640032],[120.28992,22.640063],[120.289649,22.640291],[120.289593,22.640304],[120.289562,22.640303],[120.289546,22.640283],[120.289676,22.639978],[120.289711,22.639953]]]}},{"type":"Feature","id":"w95666452","properties":{"kind":"building","category":"office","name":"鹽埕行政中心","area_m2":881.2,"centroid":[120.286744,22.624692]},"geometry":{"type":"Polygon","coordinates":[[[120.28657,22.624864],[120.286491,22.624718],[120.286917,22.624521],[120.286996,22.624666],[120.28657,22.624864]]]}},{"type":"Feature","id":"w95666453","properties":{"kind":"building","category":"yes","name":null,"area_m2":444.8,"centroid":[120.288797,22.62247]},"geometry":{"type":"Polygon","coordinates":[[[120.28869,22.622509],[120.288713,22.622362],[120.288948,22.622393],[120.288923,22.622557],[120.288711,22.622529],[120.28869,22.622509]]]}},{"type":"Feature","id":"w95666459","properties":{"kind":"building","category":"yes","name":"鹽埕立體停車場","area_m2":4247.7,"centroid":[120.286383,22.625254]},"geometry":{"type":"Polygon","coordinates":[[[120.286048,22.625129],[120.286108,22.625093],[120.286085,22.625035],[120.28609,22.62496],[120.286145,22.624903],[120.286256,22.624884],[120.286304,22.624923],[120.286337,22.624908],[120.286515,22.624825],[120.286822,22.625355],[120.286622,22.625464],[120.286636,22.62552],[120.28662,22.625572],[120.286573,22.625607],[120.286514,22.625619],[120.286461,22.625605],[120.286423,22.625566],[120.286332,22.625606],[120.286048,22.625129]]]}},{"type":"Feature","id":"w961913743","properties":{"kind":"building","category":"apartments","name":"旗峯會館 (香客大樓)","area_m2":630.8,"centroid":[120.268216,22.613466]},"geometry":{"type":"Polygon","coordinates":[[[120.267989,22.613532],[120.26814,22.613657],[120.26825,22.613544],[120.268328,22.613464],[120.268281,22.613426],[120.268296,22.61341],[120.268254,22.613375],[120.268191,22.613324],[120.267989,22.613532]]]}},{"type":"Feature","id":"w968202918","properties":{"kind":"building","category":"apartments","name":null,"area_m2":545.0,"centroid":[120.308109,22.627098]},"geometry":{"type":"Polygon","coordinates":[[[120.307982,22.627138],[120.308072,22.627143],[120.30807,22.62716],[120.308259,22.627177],[120.308271,22.627004],[120.308002,22.626968],[120.307982,22.627138]]]}},{"type":"Feature","id":"w968203536","properties":{"kind":"building","category":"apartments","name":null,"area_m2":197.9,"centroid":[120.307733,22.631291]},"geometry":{"type":"Polygon","coordinates":[[[120.307684,22.631179],[120.307706,22.631408],[120.307782,22.631402],[120.307759,22.631173],[120.307684,22.631179]]]}},{"type":"Feature","id":"w968203537","properties":{"kind":"building","category":"apartments","name":null,"area_m2":360.3,"centroid":[120.307506,22.63127]},"geometry":{"type":"Polygon","coordinates":[[[120.307413,22.631183],[120.307428,22.631368],[120.307599,22.631356],[120.307584,22.631172],[120.307413,22.631183]]]}},{"type":"Feature","id":"w968203538","properties":{"kind":"building","category":"apartments","name":null,"area_m2":321.3,"centroid":[120.307187,22.631274]},"geometry":{"type":"Polygon","coordinates":[[[120.307084,22.63121],[120.307099,22.631356],[120.307291,22.631339],[120.307276,22.631193],[120.307084,22.63121]]]}},{"type":"Feature","id":"w973919495","properties":{"kind":"building","category":"yes","name":"高雄市立圖書館旗津分館","area_m2":2237.8,"centroid":[120.270635,22.611756]},"geometry":{"type":"Polygon","coordinates":[[[120.270431,22.611838],[120.270638,22.611963],[120.270622,22.612006],[120.270852,22.612143],[120.270897,22.612063],[120.270794,22.611976],[120.270884,22.611876],[120.27076,22.611791],[120.270855,22.611648],[120.270863,22.611633],[120.270844,22.611616],[120.270809,22.611589],[120.270781,22.611564],[120.270776,22.611537],[120.270769,22.611507],[120.270754,22.611483],[120.270627,22.611402],[120.270371,22.611747],[120.270364,22.611762],[120.270364,22.611779],[120.270381,22.611791],[120.270399,22.611779],[120.270408,22.611765],[120.270431,22.611783],[120.27042,22.611803],[120.270419,22.611813],[120.270431,22.611838]]]}},{"type":"Feature","id":"w974389781","properties":{"kind":"green","category":"park","name":null,"area_m2":1544.1,"centroid":[120.307945,22.639296]},"geometry":{"type":"Polygon","coordinates":[[[120.30829,22.639384],[120.307532,22.639415],[120.307693,22.639212],[120.308266,22.639171],[120.30829,22.639384]]]}}]}
