{"type":"FeatureCollection","name":"kaohsiung smallest statistical areas","features":[{"type":"Feature","id":"A6409-0264-00","properties":{"code":"A6409-0264-00","district":"前鎮區","area_m2":31136.7,"centroid":[120.315582,22.607087],"population":1381,"households":583,"male":632,"female":749,"ages":[326,264,609,182],"density_km2":44353},"geometry":{"type":"Polygon","coordinates":[[[120.316631,22.608555],[120.316665,22.608547],[120.316031,22.606397],[120.315974,22.606411],[120.315731,22.605626],[120.314391,22.606876],[120.314565,22.607002],[120.314614,22.607037],[120.314635,22.607052],[120.314832,22.607197],[120.314903,22.607248],[120.314924,22.607266],[120.316079,22.608227],[120.316147,22.608302],[120.316286,22.608457],[120.316383,22.608519],[120.316554,22.608571],[120.316631,22.608555]]]}},{"type":"Feature","id":"A6409-0296-00","properties":{"code":"A6409-0296-00","district":"前鎮區","area_m2":121175.9,"centroid":[120.318483,22.606298],"population":0,"households":0,"male":0,"female":0,"ages":[0,0,0,0],"density_km2":0},"geometry":{"type":"Polygon","coordinates":[[[120.316665,22.608547],[120.317974,22.607954],[120.318,22.607942],[120.318677,22.607645],[120.318678,22.607645],[120.31869,22.60764],[120.319306,22.607381],[120.319323,22.607373],[120.319927,22.607099],[120.31994,22.607093],[120.319951,22.607088],[120.320026,22.607055],[120.320197,22.606979],[120.320209,22.606973],[120.320676,22.606765],[120.319849,22.605424],[120.320911,22.604942],[120.32082,22.604476],[120.320714,22.604306],[120.320667,22.604233],[120.320486,22.603912],[120.320475,22.603894],[120.320364,22.603962],[120.320323,22.603987],[120.320038,22.604203],[120.319565,22.6045],[120.318037,22.605415],[120.317226,22.605899],[120.3167,22.606179],[120.316345,22.606318],[120.316031,22.606397],[120.316665,22.608547]]]}},{"type":"Feature","id":"A6409-0238-00","properties":{"code":"A6409-0238-00","district":"前鎮區","area_m2":7219.9,"centroid":[120.306565,22.607779],"population":191,"households":82,"male":87,"female":104,"ages":[19,43,72,57],"density_km2":26455},"geometry":{"type":"Polygon","coordinates":[[[120.306543,22.608498],[120.306675,22.608321],[120.307128,22.60723],[120.307136,22.607209],[120.307122,22.607201],[120.30664,22.607045],[120.306635,22.607064],[120.306521,22.607356],[120.306517,22.607361],[120.306846,22.607471],[120.306696,22.607865],[120.306366,22.607756],[120.306399,22.607671],[120.306274,22.607629],[120.306166,22.607704],[120.305975,22.607915],[120.306068,22.608084],[120.306255,22.608213],[120.306543,22.608498]]]}},{"type":"Feature","id":"A6410-0037-00","properties":{"code":"A6410-0037-00","district":"旗津區","area_m2":86210.9,"centroid":[120.277779,22.606053],"population":330,"households":139,"male":167,"female":163,"ages":[35,73,148,74],"density_km2":3828},"geometry":{"type":"Polygon","coordinates":[[[120.277272,22.606929],[120.277662,22.60761],[120.278175,22.60836],[120.278476,22.608192],[120.279682,22.606276],[120.279541,22.606063],[120.279431,22.605954],[120.279233,22.605868],[120.278972,22.605817],[120.278827,22.605683],[120.278778,22.605545],[120.278781,22.605405],[120.278736,22.605346],[120.278779,22.605308],[120.278765,22.605288],[120.278686,22.605305],[120.278635,22.605262],[120.278617,22.605194],[120.278556,22.605228],[120.278495,22.605164],[120.278378,22.604929],[120.278277,22.604924],[120.278238,22.604892],[120.278252,22.604776],[120.27739,22.604236],[120.276844,22.603897],[120.276696,22.604109],[120.276667,22.604093],[120.276629,22.604141],[120.276541,22.604093],[120.276509,22.604139],[120.276461,22.604177],[120.276182,22.604582],[120.276163,22.604624],[120.275821,22.605169],[120.275753,22.605189],[120.275856,22.605228],[120.276087,22.605363],[120.276171,22.60543],[120.276375,22.605515],[120.276543,22.605579],[120.276726,22.605676],[120.277059,22.605889],[120.277141,22.605886],[120.27719,22.606237],[120.277201,22.606282],[120.277201,22.606311],[120.277479,22.606626],[120.277272,22.606929]]]}},{"type":"Feature","id":"A6409-0240-00","properties":{"code":"A6409-0240-00","district":"前鎮區","area_m2":12117.2,"centroid":[120.304657,22.607688],"population":186,"households":87,"male":92,"female":94,"ages":[18,42,71,55],"density_km2":15350},"geometry":{"type":"Polygon","coordinates":[[[120.304991,22.608419],[120.30507,22.608304],[120.30512,22.60825],[120.305097,22.60823],[120.30519,22.608128],[120.304904,22.607899],[120.304976,22.607823],[120.30497,22.607789],[120.305045,22.607707],[120.305007,22.607669],[120.305254,22.607414],[120.305186,22.607364],[120.305107,22.607191],[120.305066,22.607072],[120.305061,22.607047],[120.304855,22.607237],[120.304781,22.607288],[120.304741,22.607276],[120.304844,22.607171],[120.304886,22.607058],[120.304538,22.606948],[120.304483,22.606923],[120.304289,22.607495],[120.304124,22.6079],[120.304039,22.608113],[120.304059,22.60812],[120.304991,22.608419]]]}},{"type":"Feature","id":"A6410-0031-00","properties":{"code":"A6410-0031-00","district":"旗津區","area_m2":7482.9,"centroid":[120.271968,22.607628],"population":117,"households":48,"male":60,"female":57,"ages":[17,29,48,23],"density_km2":15636},"geometry":{"type":"Polygon","coordinates":[[[120.272259,22.608169],[120.272334,22.608062],[120.272621,22.607667],[120.272423,22.607544],[120.272344,22.607551],[120.272233,22.607479],[120.27226,22.607423],[120.272107,22.607341],[120.272059,22.607341],[120.271938,22.607259],[120.27189,22.607261],[120.271662,22.607092],[120.271454,22.607365],[120.271314,22.607542],[120.272259,22.608169]]]}},{"type":"Feature","id":"A6409-0057-00","properties":{"code":"A6409-0057-00","district":"前鎮區","area_m2":6111.9,"centroid":[120.307722,22.613275],"population":142,"households":67,"male":75,"female":67,"ages":[11,36,56,39],"density_km2":23233},"geometry":{"type":"Polygon","coordinates":[[[120.307148,22.61373],[120.30846,22.613156],[120.308293,22.61282],[120.306986,22.613391],[120.307148,22.61373]]]}},{"type":"Feature","id":"A6408-0687-00","properties":{"code":"A6408-0687-00","district":"苓雅區","area_m2":7655.2,"centroid":[120.294836,22.613074],"population":255,"households":127,"male":124,"female":131,"ages":[11,54,117,73],"density_km2":33311},"geometry":{"type":"Polygon","coordinates":[[[120.295057,22.613666],[120.29529,22.61303],[120.29502,22.612452],[120.294509,22.612692],[120.294713,22.613067],[120.294325,22.613246],[120.29444,22.613459],[120.295057,22.613666]]]}},{"type":"Feature","id":"A6410-0010-00","properties":{"code":"A6410-0010-00","district":"旗津區","area_m2":14719.0,"centroid":[120.270156,22.612633],"population":167,"households":84,"male":89,"female":78,"ages":[9,38,76,44],"density_km2":11346},"geometry":{"type":"Polygon","coordinates":[[[120.269598,22.613214],[120.269844,22.613535],[120.270775,22.612354],[120.27107,22.612527],[120.271122,22.612455],[120.271122,22.612425],[120.270404,22.611975],[120.270119,22.611793],[120.269542,22.612515],[120.269423,22.612652],[120.269349,22.612706],[120.269598,22.613214]]]}},{"type":"Feature","id":"A6408-0686-00","properties":{"code":"A6408-0686-00","district":"苓雅區","area_m2":8270.0,"centroid":[120.29901,22.613192],"population":176,"households":79,"male":87,"female":89,"ages":[14,32,72,58],"density_km2":21282},"geometry":{"type":"Polygon","coordinates":[[[120.299807,22.613666],[120.299944,22.613293],[120.298239,22.612727],[120.298218,22.612717],[120.298076,22.613091],[120.298097,22.613101],[120.299807,22.613666]]]}},{"type":"Feature","id":"A6409-0058-00","properties":{"code":"A6409-0058-00","district":"前鎮區","area_m2":8737.0,"centroid":[120.312185,22.613292],"population":274,"households":125,"male":138,"female":136,"ages":[28,64,101,81],"density_km2":31361},"geometry":{"type":"Polygon","coordinates":[[[120.311608,22.613662],[120.311933,22.613627],[120.311991,22.613626],[120.312866,22.613498],[120.312896,22.613494],[120.312757,22.612951],[120.312747,22.612919],[120.312727,22.612921],[120.311836,22.613036],[120.311827,22.613038],[120.311495,22.61311],[120.311475,22.613114],[120.311608,22.613662]]]}},{"type":"Feature","id":"A6408-0711-00","properties":{"code":"A6408-0711-00","district":"苓雅區","area_m2":135074.3,"centroid":[120.29419,22.61136],"population":0,"households":0,"male":0,"female":0,"ages":[0,0,0,0],"density_km2":0},"geometry":{"type":"Polygon","coordinates":[[[120.292661,22.613561],[120.293633,22.613103],[120.293709,22.613068],[120.294509,22.612692],[120.29502,22.612452],[120.295055,22.612436],[120.295362,22.6123],[120.29562,22.612185],[120.296427,22.612459],[120.296474,22.612327],[120.296522,22.61219],[120.296141,22.612061],[120.29603,22.611926],[120.295978,22.611803],[120.295958,22.611681],[120.296079,22.611372],[120.296409,22.610544],[120.296468,22.610477],[120.296541,22.610419],[120.296803,22.61029],[120.296692,22.610083],[120.296644,22.609994],[120.296001,22.609716],[120.296575,22.609445],[120.296405,22.609303],[120.296358,22.609062],[120.295786,22.609335],[120.291512,22.611379],[120.292625,22.613578],[120.292661,22.613561]]]}},{"type":"Feature","id":"A6409-0062-00","properties":{"code":"A6409-0062-00","district":"前鎮區","area_m2":8076.4,"centroid":[120.309205,22.613099],"population":204,"households":100,"male":101,"female":103,"ages":[25,45,86,48],"density_km2":25259},"geometry":{"type":"Polygon","coordinates":[[[120.308705,22.613633],[120.309405,22.613332],[120.309366,22.613225],[120.30969,22.613122],[120.309677,22.613071],[120.309957,22.612975],[120.309936,22.612905],[120.309871,22.612703],[120.309847,22.61263],[120.309813,22.612565],[120.309229,22.61282],[120.30846,22.613156],[120.308467,22.61317],[120.308705,22.613633]]]}},{"type":"Feature","id":"A6410-0014-00","properties":{"code":"A6410-0014-00","district":"旗津區","area_m2":48923.6,"centroid":[120.273179,22.612199],"population":0,"households":0,"male":0,"female":0,"ages":[0,0,0,0],"density_km2":0},"geometry":{"type":"Polygon","coordinates":[[[120.271122,22.612455],[120.27126,22.612546],[120.271248,22.612561],[120.271172,22.612659],[120.271444,22.61285],[120.271261,22.612964],[120.271708,22.613456],[120.274564,22.611724],[120.274657,22.611731],[120.274853,22.612025],[120.274822,22.612122],[120.273551,22.612902],[120.273796,22.613276],[120.274366,22.612969],[120.275215,22.612426],[120.275142,22.612284],[120.274725,22.611724],[120.274719,22.611618],[120.274494,22.611292],[120.274184,22.610844],[120.271887,22.612222],[120.271807,22.612108],[120.271316,22.612476],[120.27119,22.612398],[120.271162,22.612381],[120.271122,22.612425],[120.271122,22.612455]]]}},{"type":"Feature","id":"A6410-0008-00","properties":{"code":"A6410-0008-00","district":"旗津區","area_m2":7328.1,"centroid":[120.265895,22.612921],"population":234,"households":97,"male":129,"female":105,"ages":[25,50,93,66],"density_km2":31932},"geometry":{"type":"Polygon","coordinates":[[[120.265838,22.613203],[120.265913,22.613385],[120.266139,22.61324],[120.266215,22.613206],[120.266254,22.613267],[120.266325,22.613225],[120.266362,22.61321],[120.266488,22.613191],[120.266578,22.613162],[120.266567,22.613111],[120.266576,22.613101],[120.266561,22.61306],[120.266547,22.613042],[120.266502,22.612978],[120.266451,22.612951],[120.266434,22.612933],[120.266277,22.612848],[120.266234,22.61283],[120.266117,22.612732],[120.266105,22.612702],[120.26604,22.612635],[120.26603,22.612639],[120.265863,22.61246],[120.265575,22.612557],[120.265246,22.612669],[120.265228,22.612675],[120.265383,22.612899],[120.265429,22.612978],[120.265664,22.613216],[120.265726,22.613285],[120.265838,22.613203]]]}},{"type":"Feature","id":"A6408-0691-00","properties":{"code":"A6408-0691-00","district":"苓雅區","area_m2":5535.0,"centroid":[120.303103,22.612852],"population":215,"households":125,"male":95,"female":120,"ages":[17,28,83,87],"density_km2":38843},"geometry":{"type":"Polygon","coordinates":[[[120.303048,22.613457],[120.303087,22.61347],[120.303515,22.61236],[120.303131,22.612232],[120.302729,22.613262],[120.302685,22.613338],[120.302692,22.61334],[120.302713,22.613351],[120.303025,22.613449],[120.303048,22.613457]]]}},{"type":"Feature","id":"A6409-0061-00","properties":{"code":"A6409-0061-00","district":"前鎮區","area_m2":9479.2,"centroid":[120.313521,22.613119],"population":285,"households":132,"male":147,"female":138,"ages":[30,62,106,87],"density_km2":30066},"geometry":{"type":"Polygon","coordinates":[[[120.312896,22.613494],[120.313752,22.613386],[120.31379,22.613381],[120.313813,22.613386],[120.314292,22.613331],[120.314208,22.612998],[120.314185,22.612893],[120.314149,22.612743],[120.313653,22.612806],[120.312747,22.612919],[120.312757,22.612951],[120.312896,22.613494]]]}},{"type":"Feature","id":"A6409-0065-00","properties":{"code":"A6409-0065-00","district":"前鎮區","area_m2":9084.7,"centroid":[120.307518,22.612852],"population":274,"households":150,"male":133,"female":141,"ages":[32,71,112,59],"density_km2":30161},"geometry":{"type":"Polygon","coordinates":[[[120.306986,22.613391],[120.308293,22.61282],[120.308084,22.6124],[120.308049,22.612312],[120.306745,22.612886],[120.306986,22.613391]]]}},{"type":"Feature","id":"A6409-0255-00","properties":{"code":"A6409-0255-00","district":"前鎮區","area_m2":15041.3,"centroid":[120.311949,22.607337],"population":243,"households":123,"male":122,"female":121,"ages":[26,58,86,73],"density_km2":16156},"geometry":{"type":"Polygon","coordinates":[[[120.31201,22.608241],[120.312695,22.607605],[120.312114,22.60709],[120.312463,22.606779],[120.312053,22.606428],[120.31201,22.606467],[120.311191,22.607222],[120.311455,22.607549],[120.311527,22.607645],[120.31201,22.608241]]]}},{"type":"Feature","id":"A6409-0246-00","properties":{"code":"A6409-0246-00","district":"前鎮區","area_m2":10161.4,"centroid":[120.31419,22.607519],"population":292,"households":113,"male":143,"female":149,"ages":[38,71,105,78],"density_km2":28736},"geometry":{"type":"Polygon","coordinates":[[[120.313941,22.608208],[120.314879,22.607308],[120.314924,22.607266],[120.314903,22.607248],[120.314832,22.607197],[120.314635,22.607052],[120.314614,22.607037],[120.314565,22.607002],[120.314391,22.606876],[120.314351,22.606847],[120.314308,22.606891],[120.313517,22.607678],[120.313477,22.607718],[120.313714,22.607968],[120.313941,22.608208]]]}},{"type":"Feature","id":"A6410-0033-00","properties":{"code":"A6410-0033-00","district":"旗津區","area_m2":16830.2,"centroid":[120.271168,22.607069],"population":362,"households":120,"male":174,"female":188,"ages":[41,104,135,82],"density_km2":21509},"geometry":{"type":"Polygon","coordinates":[[[120.270261,22.607571],[120.270879,22.607963],[120.270959,22.608014],[120.271314,22.607542],[120.271454,22.607365],[120.271662,22.607092],[120.271754,22.606973],[120.272068,22.606561],[120.271987,22.606506],[120.271415,22.606121],[120.271117,22.606495],[120.270783,22.606915],[120.270261,22.607571]]]}},{"type":"Feature","id":"A6409-0251-00","properties":{"code":"A6409-0251-00","district":"前鎮區","area_m2":7841.7,"centroid":[120.306063,22.607353],"population":210,"households":95,"male":96,"female":114,"ages":[17,37,86,70],"density_km2":26780},"geometry":{"type":"Polygon","coordinates":[[[120.305975,22.607915],[120.306166,22.607704],[120.306274,22.607629],[120.306334,22.607588],[120.306398,22.607535],[120.306511,22.60737],[120.306517,22.607361],[120.306521,22.607356],[120.306635,22.607064],[120.30604,22.606864],[120.305948,22.606834],[120.305789,22.607021],[120.305704,22.60713],[120.305672,22.607104],[120.305509,22.607299],[120.305528,22.607328],[120.305726,22.607464],[120.305574,22.607641],[120.305623,22.60768],[120.30573,22.607739],[120.305799,22.607758],[120.305816,22.607772],[120.305975,22.607915]]]}},{"type":"Feature","id":"A6409-0243-00","properties":{"code":"A6409-0243-00","district":"前鎮區","area_m2":1853.2,"centroid":[120.306572,22.607611],"population":367,"households":166,"male":184,"female":183,"ages":[48,95,134,90],"density_km2":198037},"geometry":{"type":"Polygon","coordinates":[[[120.306274,22.607629],[120.306399,22.607671],[120.306366,22.607756],[120.306696,22.607865],[120.306846,22.607471],[120.306517,22.607361],[120.306511,22.60737],[120.306398,22.607535],[120.306334,22.607588],[120.306274,22.607629]]]}},{"type":"Feature","id":"A6408-0692-00","properties":{"code":"A6408-0692-00","district":"苓雅區","area_m2":6354.8,"centroid":[120.295624,22.612826],"population":95,"households":44,"male":49,"female":46,"ages":[4,21,42,28],"density_km2":14949},"geometry":{"type":"Polygon","coordinates":[[[120.29529,22.61303],[120.296093,22.613311],[120.296249,22.612883],[120.295561,22.612655],[120.295362,22.6123],[120.295055,22.612436],[120.29502,22.612452],[120.29529,22.61303]]]}},{"type":"Feature","id":"A6408-0698-00","properties":{"code":"A6408-0698-00","district":"苓雅區","area_m2":10698.6,"centroid":[120.302721,22.612492],"population":146,"households":93,"male":67,"female":79,"ages":[12,32,62,40],"density_km2":13647},"geometry":{"type":"Polygon","coordinates":[[[120.302155,22.613172],[120.302685,22.613338],[120.302729,22.613262],[120.303131,22.612232],[120.303288,22.611828],[120.302729,22.611645],[120.30251,22.612228],[120.302508,22.612232],[120.302349,22.612656],[120.302332,22.612702],[120.302155,22.613172]]]}},{"type":"Feature","id":"A6410-0011-00","properties":{"code":"A6410-0011-00","district":"旗津區","area_m2":10590.9,"centroid":[120.267557,22.612549],"population":231,"households":88,"male":117,"female":114,"ages":[31,58,97,45],"density_km2":21811},"geometry":{"type":"Polygon","coordinates":[[[120.26706,22.613174],[120.268276,22.61272],[120.268254,22.612679],[120.268252,22.612676],[120.268226,22.612627],[120.268122,22.612438],[120.268052,22.612312],[120.268004,22.612213],[120.267936,22.612086],[120.267825,22.611881],[120.267613,22.611971],[120.267604,22.612039],[120.267553,22.61208],[120.267422,22.612031],[120.267395,22.612037],[120.267355,22.612095],[120.267367,22.612101],[120.2673,22.612173],[120.267332,22.612194],[120.267304,22.612264],[120.267382,22.612318],[120.267333,22.612371],[120.26718,22.612558],[120.267088,22.612597],[120.267095,22.612612],[120.266849,22.612708],[120.266803,22.612737],[120.266849,22.612776],[120.266917,22.6128],[120.266976,22.612944],[120.266961,22.612997],[120.266981,22.612997],[120.267045,22.613143],[120.26706,22.613174]]]}},{"type":"Feature","id":"A6408-0690-00","properties":{"code":"A6408-0690-00","district":"苓雅區","area_m2":7571.5,"centroid":[120.299145,22.612835],"population":128,"households":56,"male":61,"female":67,"ages":[20,28,55,25],"density_km2":16906},"geometry":{"type":"Polygon","coordinates":[[[120.299944,22.613293],[120.300072,22.612952],[120.298353,22.612377],[120.298218,22.612717],[120.298239,22.612727],[120.299944,22.613293]]]}},{"type":"Feature","id":"A6409-0070-00","properties":{"code":"A6409-0070-00","district":"前鎮區","area_m2":16075.2,"centroid":[120.314887,22.612732],"population":383,"households":173,"male":186,"female":197,"ages":[36,88,153,106],"density_km2":23825},"geometry":{"type":"Polygon","coordinates":[[[120.314292,22.613331],[120.314926,22.61323],[120.314956,22.613227],[120.3157,22.613136],[120.315721,22.61314],[120.31563,22.612847],[120.315525,22.612486],[120.315412,22.612116],[120.314063,22.612392],[120.314125,22.612643],[120.314149,22.612743],[120.314185,22.612893],[120.314208,22.612998],[120.314292,22.613331]]]}},{"type":"Feature","id":"A6410-0009-00","properties":{"code":"A6410-0009-00","district":"旗津區","area_m2":5093.1,"centroid":[120.268803,22.612708],"population":112,"households":45,"male":57,"female":55,"ages":[22,21,40,29],"density_km2":21990},"geometry":{"type":"Polygon","coordinates":[[[120.268486,22.61311],[120.269349,22.612706],[120.269182,22.612314],[120.268252,22.612676],[120.268254,22.612679],[120.268276,22.61272],[120.268486,22.61311]]]}},{"type":"Feature","id":"A6410-0012-00","properties":{"code":"A6410-0012-00","district":"旗津區","area_m2":13333.1,"centroid":[120.266852,22.612319],"population":344,"households":165,"male":175,"female":169,"ages":[22,95,149,78],"density_km2":25800},"geometry":{"type":"Polygon","coordinates":[[[120.266961,22.612997],[120.266976,22.612944],[120.266917,22.6128],[120.266849,22.612776],[120.266803,22.612737],[120.266849,22.612708],[120.267095,22.612612],[120.267088,22.612597],[120.26718,22.612558],[120.267333,22.612371],[120.267382,22.612318],[120.267304,22.612264],[120.267332,22.612194],[120.2673,22.612173],[120.267367,22.612101],[120.267355,22.612095],[120.267395,22.612037],[120.267422,22.612031],[120.267553,22.61208],[120.267604,22.612039],[120.267613,22.611971],[120.267825,22.611881],[120.267791,22.611817],[120.267615,22.61149],[120.267569,22.611519],[120.266358,22.612293],[120.265863,22.61246],[120.26603,22.612639],[120.26604,22.612635],[120.266105,22.612702],[120.266117,22.612732],[120.266234,22.61283],[120.266277,22.612848],[120.266434,22.612933],[120.266451,22.612951],[120.266502,22.612978],[120.266547,22.613042],[120.266561,22.61306],[120.266576,22.613101],[120.26658,22.613097],[120.26667,22.613075],[120.266704,22.613078],[120.266933,22.612997],[120.266961,22.612997]]]}},{"type":"Feature","id":"A6409-0063-00","properties":{"code":"A6409-0063-00","district":"前鎮區","area_m2":5284.8,"centroid":[120.310699,22.612927],"population":227,"households":103,"male":94,"female":133,"ages":[20,56,89,62],"density_km2":42954},"geometry":{"type":"Polygon","coordinates":[[[120.310052,22.613263],[120.311419,22.612927],[120.311308,22.61258],[120.311131,22.612629],[120.311104,22.612642],[120.309959,22.612981],[120.309959,22.612983],[120.310028,22.613183],[120.310052,22.613263]]]}},{"type":"Feature","id":"A6408-0696-00","properties":{"code":"A6408-0696-00","district":"苓雅區","area_m2":9058.7,"centroid":[120.30175,22.612565],"population":82,"households":62,"male":42,"female":40,"ages":[2,21,42,17],"density_km2":9052},"geometry":{"type":"Polygon","coordinates":[[[120.302135,22.613158],[120.302155,22.613172],[120.302332,22.612702],[120.302349,22.612656],[120.301811,22.612471],[120.301969,22.612031],[120.30154,22.611886],[120.301528,22.611921],[120.301375,22.612338],[120.301363,22.612371],[120.301176,22.61288],[120.301355,22.612934],[120.301729,22.613047],[120.302135,22.613158]]]}},{"type":"Feature","id":"A6408-0706-00","properties":{"code":"A6408-0706-00","district":"苓雅區","area_m2":71049.4,"centroid":[120.2975,22.611518],"population":59,"households":28,"male":30,"female":29,"ages":[8,19,26,6],"density_km2":830},"geometry":{"type":"Polygon","coordinates":[[[120.298066,22.613118],[120.298076,22.613091],[120.298218,22.612717],[120.298353,22.612377],[120.298493,22.612023],[120.29909,22.610564],[120.298278,22.610302],[120.298256,22.610295],[120.297398,22.610018],[120.296803,22.61029],[120.296541,22.610419],[120.296468,22.610477],[120.296409,22.610544],[120.296079,22.611372],[120.295958,22.611681],[120.295978,22.611803],[120.29603,22.611926],[120.296141,22.612061],[120.296522,22.61219],[120.296474,22.612327],[120.296427,22.612459],[120.296383,22.612565],[120.298066,22.613118]]]}},{"type":"Feature","id":"A6409-0336-00","properties":{"code":"A6409-0336-00","district":"前鎮區","area_m2":257617.4,"centroid":[120.291125,22.604374],"population":0,"households":0,"male":0,"female":0,"ages":[0,0,0,0],"density_km2":0},"geometry":{"type":"Polygon","coordinates":[[[120.287358,22.607317],[120.288059,22.606992],[120.288681,22.60669],[120.289524,22.606279],[120.289809,22.606164],[120.290068,22.606715],[120.290543,22.607589],[120.290632,22.607753],[120.292318,22.606976],[120.292378,22.606827],[120.293112,22.604937],[120.293775,22.603232],[120.294448,22.601502],[120.294168,22.601412],[120.292842,22.600986],[120.292665,22.601448],[120.292488,22.601879],[120.291818,22.601654],[120.291051,22.601398],[120.290979,22.601635],[120.290766,22.601957],[120.290758,22.601969],[120.29056,22.60229],[120.290334,22.602632],[120.290128,22.602957],[120.289905,22.603288],[120.289681,22.603628],[120.289456,22.603987],[120.289258,22.604304],[120.289041,22.604646],[120.288806,22.605018],[120.288618,22.605317],[120.288402,22.605643],[120.288171,22.606002],[120.287976,22.606306],[120.287762,22.606639],[120.287595,22.606913],[120.287358,22.607317]]]}},{"type":"Feature","id":"A6410-0034-00","properties":{"code":"A6410-0034-00","district":"旗津區","area_m2":11207.5,"centroid":[120.272369,22.606986],"population":331,"households":131,"male":168,"female":163,"ages":[37,77,141,76],"density_km2":29534},"geometry":{"type":"Polygon","coordinates":[[[120.271662,22.607092],[120.27189,22.607261],[120.271938,22.607259],[120.272059,22.607341],[120.272107,22.607341],[120.27226,22.607423],[120.272233,22.607479],[120.272344,22.607551],[120.272423,22.607544],[120.272621,22.607667],[120.273065,22.607059],[120.272823,22.606923],[120.272779,22.606894],[120.272742,22.606855],[120.272603,22.606767],[120.272743,22.606571],[120.272286,22.606276],[120.272068,22.606561],[120.271754,22.606973],[120.271662,22.607092]]]}},{"type":"Feature","id":"A6409-0263-00","properties":{"code":"A6409-0263-00","district":"前鎮區","area_m2":7761.3,"centroid":[120.313697,22.60709],"population":244,"households":95,"male":114,"female":130,"ages":[35,54,86,69],"density_km2":31438},"geometry":{"type":"Polygon","coordinates":[[[120.313048,22.607278],[120.313517,22.607678],[120.314308,22.606891],[120.314351,22.606847],[120.314302,22.606811],[120.314108,22.606679],[120.314075,22.606656],[120.313872,22.606514],[120.313443,22.606911],[120.313048,22.607278]]]}},{"type":"Feature","id":"A6409-0266-00","properties":{"code":"A6409-0266-00","district":"前鎮區","area_m2":9063.3,"centroid":[120.305236,22.607002],"population":208,"households":102,"male":100,"female":108,"ages":[19,41,75,73],"density_km2":22950},"geometry":{"type":"Polygon","coordinates":[[[120.305254,22.607414],[120.305315,22.607488],[120.305373,22.607537],[120.305571,22.607639],[120.305574,22.607641],[120.305726,22.607464],[120.305528,22.607328],[120.305509,22.607299],[120.305672,22.607104],[120.305704,22.60713],[120.305789,22.607021],[120.305948,22.606834],[120.305399,22.606654],[120.305289,22.606616],[120.304749,22.606434],[120.304538,22.606948],[120.304886,22.607058],[120.304844,22.607171],[120.304741,22.607276],[120.304781,22.607288],[120.304855,22.607237],[120.305061,22.607047],[120.305066,22.607072],[120.305107,22.607191],[120.305186,22.607364],[120.305254,22.607414]]]}},{"type":"Feature","id":"A6409-0071-00","properties":{"code":"A6409-0071-00","district":"前鎮區","area_m2":6295.8,"centroid":[120.309053,22.612693],"population":153,"households":79,"male":78,"female":75,"ages":[11,33,70,39],"density_km2":24302},"geometry":{"type":"Polygon","coordinates":[[[120.30846,22.613156],[120.309229,22.61282],[120.309813,22.612565],[120.309757,22.612456],[120.309749,22.61244],[120.309647,22.612229],[120.308293,22.61282],[120.30846,22.613156]]]}},{"type":"Feature","id":"A6409-0072-00","properties":{"code":"A6409-0072-00","district":"前鎮區","area_m2":11473.1,"centroid":[120.316312,22.612684],"population":397,"households":191,"male":198,"female":199,"ages":[44,95,151,107],"density_km2":34603},"geometry":{"type":"Polygon","coordinates":[[[120.315721,22.61314],[120.316222,22.613073],[120.316292,22.613065],[120.317075,22.612973],[120.317093,22.612977],[120.316993,22.612637],[120.31699,22.612629],[120.316839,22.612202],[120.316071,22.612368],[120.315525,22.612486],[120.31563,22.612847],[120.315721,22.61314]]]}},{"type":"Feature","id":"A6409-0075-00","properties":{"code":"A6409-0075-00","district":"前鎮區","area_m2":10838.5,"centroid":[120.311887,22.612543],"population":273,"households":126,"male":130,"female":143,"ages":[40,73,113,47],"density_km2":25188},"geometry":{"type":"Polygon","coordinates":[[[120.311475,22.613114],[120.311495,22.61311],[120.311827,22.613038],[120.311836,22.613036],[120.312727,22.612921],[120.312747,22.612919],[120.312593,22.612414],[120.312591,22.612398],[120.311688,22.612516],[120.311524,22.612036],[120.311451,22.61189],[120.311435,22.611841],[120.31112,22.61198],[120.311091,22.611991],[120.311285,22.612508],[120.311308,22.61258],[120.311419,22.612927],[120.311445,22.61301],[120.311473,22.613099],[120.311475,22.613114]]]}},{"type":"Feature","id":"A6408-0697-00","properties":{"code":"A6408-0697-00","district":"苓雅區","area_m2":7947.7,"centroid":[120.299285,22.612487],"population":277,"households":214,"male":108,"female":169,"ages":[32,110,107,28],"density_km2":34853},"geometry":{"type":"Polygon","coordinates":[[[120.300072,22.612952],[120.300212,22.612581],[120.299566,22.612375],[120.299027,22.612203],[120.299007,22.612189],[120.298493,22.612023],[120.298353,22.612377],[120.300072,22.612952]]]}},{"type":"Feature","id":"A6409-0074-00","properties":{"code":"A6409-0074-00","district":"前鎮區","area_m2":5982.3,"centroid":[120.310632,22.612517],"population":208,"households":91,"male":93,"female":115,"ages":[27,52,70,59],"density_km2":34769},"geometry":{"type":"Polygon","coordinates":[[[120.309959,22.612981],[120.311104,22.612642],[120.311131,22.612629],[120.311308,22.61258],[120.311285,22.612508],[120.311091,22.611991],[120.310756,22.612125],[120.310869,22.612402],[120.309871,22.612703],[120.309936,22.612905],[120.309957,22.612975],[120.309959,22.612981]]]}},{"type":"Feature","id":"A6409-0069-00","properties":{"code":"A6409-0069-00","district":"前鎮區","area_m2":3514.0,"centroid":[120.31747,22.612734],"population":87,"households":33,"male":45,"female":42,"ages":[8,21,43,15],"density_km2":24758},"geometry":{"type":"Polygon","coordinates":[[[120.317093,22.612977],[120.317534,22.612898],[120.317551,22.612896],[120.317951,22.612841],[120.317844,22.612493],[120.31699,22.612629],[120.316993,22.612637],[120.317093,22.612977]]]}},{"type":"Feature","id":"A6408-0695-00","properties":{"code":"A6408-0695-00","district":"苓雅區","area_m2":4795.3,"centroid":[120.295899,22.612526],"population":212,"households":99,"male":105,"female":107,"ages":[23,39,95,55],"density_km2":44210},"geometry":{"type":"Polygon","coordinates":[[[120.296249,22.612883],[120.296383,22.612565],[120.296427,22.612459],[120.29562,22.612185],[120.295362,22.6123],[120.295561,22.612655],[120.296249,22.612883]]]}},{"type":"Feature","id":"A6408-0699-00","properties":{"code":"A6408-0699-00","district":"苓雅區","area_m2":6603.8,"centroid":[120.300804,22.612456],"population":100,"households":68,"male":54,"female":46,"ages":[4,13,44,39],"density_km2":15143},"geometry":{"type":"Polygon","coordinates":[[[120.300232,22.612595],[120.301176,22.61288],[120.301363,22.612371],[120.301375,22.612338],[120.300955,22.612196],[120.300455,22.612026],[120.300232,22.612595]]]}},{"type":"Feature","id":"A6409-0077-00","properties":{"code":"A6409-0077-00","district":"前鎮區","area_m2":11173.1,"centroid":[120.313412,22.612395],"population":307,"households":153,"male":150,"female":157,"ages":[30,73,132,72],"density_km2":27477},"geometry":{"type":"Polygon","coordinates":[[[120.312747,22.612919],[120.313653,22.612806],[120.314149,22.612743],[120.314125,22.612643],[120.314063,22.612392],[120.314042,22.612298],[120.313983,22.612057],[120.313961,22.611962],[120.313946,22.6119],[120.313891,22.611757],[120.313433,22.611886],[120.313553,22.612272],[120.312591,22.612398],[120.312593,22.612414],[120.312747,22.612919]]]}},{"type":"Feature","id":"A6409-0079-00","properties":{"code":"A6409-0079-00","district":"前鎮區","area_m2":12624.8,"centroid":[120.307224,22.612251],"population":186,"households":103,"male":92,"female":94,"ages":[21,59,67,39],"density_km2":14733},"geometry":{"type":"Polygon","coordinates":[[[120.306745,22.612886],[120.308049,22.612312],[120.307925,22.611991],[120.307777,22.611613],[120.306451,22.612185],[120.306374,22.612176],[120.306583,22.612576],[120.306745,22.612886]]]}},{"type":"Feature","id":"A6410-0015-00","properties":{"code":"A6410-0015-00","district":"旗津區","area_m2":10030.1,"centroid":[120.269585,22.611957],"population":341,"households":133,"male":181,"female":160,"ages":[33,92,148,68],"density_km2":33998},"geometry":{"type":"Polygon","coordinates":[[[120.269349,22.612706],[120.269423,22.612652],[120.269542,22.612515],[120.270119,22.611793],[120.27022,22.611667],[120.269865,22.611435],[120.269842,22.611421],[120.269651,22.611295],[120.269479,22.611322],[120.269044,22.611861],[120.269012,22.611914],[120.269182,22.612314],[120.269349,22.612706]]]}},{"type":"Feature","id":"A6410-0018-00","properties":{"code":"A6410-0018-00","district":"旗津區","area_m2":52594.3,"centroid":[120.26605,22.611285],"population":8,"households":3,"male":4,"female":4,"ages":[0,2,3,3],"density_km2":152},"geometry":{"type":"Polygon","coordinates":[[[120.265228,22.612675],[120.265246,22.612669],[120.265575,22.612557],[120.265863,22.61246],[120.266358,22.612293],[120.267569,22.611519],[120.267615,22.61149],[120.267597,22.611457],[120.267525,22.611339],[120.267514,22.61133],[120.266532,22.609731],[120.266457,22.609812],[120.265753,22.610582],[120.265368,22.610903],[120.264792,22.611255],[120.264539,22.611357],[120.264441,22.611362],[120.264971,22.612244],[120.265043,22.612393],[120.265228,22.612675]]]}},{"type":"Feature","id":"A6410-0013-00","properties":{"code":"A6410-0013-00","district":"旗津區","area_m2":4221.4,"centroid":[120.268659,22.612305],"population":130,"households":52,"male":58,"female":72,"ages":[11,29,52,38],"density_km2":30796},"geometry":{"type":"Polygon","coordinates":[[[120.268252,22.612676],[120.269182,22.612314],[120.269012,22.611914],[120.268972,22.611979],[120.268486,22.612155],[120.26826,22.612353],[120.268122,22.612438],[120.268226,22.612627],[120.268252,22.612676]]]}},{"type":"Feature","id":"A6409-0078-00","properties":{"code":"A6409-0078-00","district":"前鎮區","area_m2":9609.8,"centroid":[120.308848,22.612266],"population":167,"households":80,"male":82,"female":85,"ages":[16,36,78,37],"density_km2":17378},"geometry":{"type":"Polygon","coordinates":[[[120.308293,22.61282],[120.309647,22.612229],[120.309629,22.612191],[120.309439,22.6118],[120.309393,22.611709],[120.309378,22.611716],[120.30806,22.612307],[120.308049,22.612312],[120.308084,22.6124],[120.308293,22.61282]]]}},{"type":"Feature","id":"A6409-0260-00","properties":{"code":"A6409-0260-00","district":"前鎮區","area_m2":4149.5,"centroid":[120.312581,22.607191],"population":156,"households":63,"male":67,"female":89,"ages":[17,41,44,54],"density_km2":37595},"geometry":{"type":"Polygon","coordinates":[[[120.312695,22.607605],[120.313048,22.607278],[120.312463,22.606779],[120.312114,22.60709],[120.312695,22.607605]]]}},{"type":"Feature","id":"A6409-0371-00","properties":{"code":"A6409-0371-00","district":"前鎮區","area_m2":299277.8,"centroid":[120.288283,22.602925],"population":0,"households":0,"male":0,"female":0,"ages":[0,0,0,0],"density_km2":0},"geometry":{"type":"Polygon","coordinates":[[[120.287358,22.607317],[120.287595,22.606913],[120.287762,22.606639],[120.287976,22.606306],[120.288171,22.606002],[120.288402,22.605643],[120.288618,22.605317],[120.288806,22.605018],[120.289041,22.604646],[120.289258,22.604304],[120.289456,22.603987],[120.289681,22.603628],[120.289905,22.603288],[120.290128,22.602957],[120.290334,22.602632],[120.29056,22.60229],[120.290758,22.601969],[120.290766,22.601957],[120.290979,22.601635],[120.291051,22.601398],[120.29169,22.599827],[120.291642,22.599811],[120.290652,22.599491],[120.290069,22.599308],[120.289273,22.599051],[120.288473,22.598794],[120.288388,22.599041],[120.288022,22.599795],[120.286706,22.602271],[120.284869,22.605006],[120.285029,22.605095],[120.2865,22.605912],[120.286309,22.606218],[120.286054,22.606614],[120.287358,22.607317]]]}},{"type":"Feature","id":"A6409-0277-00","properties":{"code":"A6409-0277-00","district":"前鎮區","area_m2":4529.1,"centroid":[120.312953,22.606856],"population":359,"households":155,"male":164,"female":195,"ages":[62,82,125,90],"density_km2":79266},"geometry":{"type":"Polygon","coordinates":[[[120.313048,22.607278],[120.313443,22.606911],[120.312845,22.606438],[120.312463,22.606779],[120.313048,22.607278]]]}},{"type":"Feature","id":"A6409-0284-00","properties":{"code":"A6409-0284-00","district":"前鎮區","area_m2":15157.9,"centroid":[120.311155,22.606459],"population":1077,"households":520,"male":501,"female":576,"ages":[121,272,398,286],"density_km2":71052},"geometry":{"type":"Polygon","coordinates":[[[120.311165,22.607254],[120.311191,22.607222],[120.31201,22.606467],[120.311976,22.606438],[120.311625,22.606142],[120.311075,22.605676],[120.310706,22.606023],[120.310313,22.606395],[120.311145,22.607229],[120.311165,22.607254]]]}},{"type":"Feature","id":"A6410-0036-00","properties":{"code":"A6410-0036-00","district":"旗津區","area_m2":8085.0,"centroid":[120.273216,22.606378],"population":275,"households":115,"male":124,"female":151,"ages":[27,71,115,62],"density_km2":34013},"geometry":{"type":"Polygon","coordinates":[[[120.273065,22.607059],[120.273091,22.607023],[120.273828,22.605971],[120.273367,22.605695],[120.272879,22.606407],[120.272743,22.606571],[120.272603,22.606767],[120.272742,22.606855],[120.272779,22.606894],[120.272823,22.606923],[120.273065,22.607059]]]}},{"type":"Feature","id":"A6409-0316-00","properties":{"code":"A6409-0316-00","district":"前鎮區","area_m2":129211.3,"centroid":[120.30696,22.605102],"population":675,"households":341,"male":316,"female":359,"ages":[113,179,247,136],"density_km2":5224},"geometry":{"type":"Polygon","coordinates":[[[120.30664,22.607045],[120.307122,22.607201],[120.307224,22.607061],[120.307581,22.606562],[120.308097,22.605901],[120.308694,22.60518],[120.308828,22.60494],[120.308853,22.604896],[120.309196,22.604454],[120.309464,22.604108],[120.307273,22.603438],[120.30603,22.603026],[120.305978,22.603009],[120.305972,22.603029],[120.305828,22.603405],[120.305674,22.603805],[120.305603,22.603991],[120.305545,22.604142],[120.305307,22.604747],[120.3052,22.605019],[120.30511,22.605247],[120.304662,22.606403],[120.304749,22.606434],[120.305289,22.606616],[120.305399,22.606654],[120.305948,22.606834],[120.30604,22.606864],[120.306635,22.607064],[120.30664,22.607045]]]}},{"type":"Feature","id":"A6409-0114-00","properties":{"code":"A6409-0114-00","district":"前鎮區","area_m2":96396.4,"centroid":[120.318979,22.61116],"population":0,"households":0,"male":0,"female":0,"ages":[0,0,0,0],"density_km2":0},"geometry":{"type":"Polygon","coordinates":[[[120.317951,22.612841],[120.319451,22.612649],[120.319488,22.612644],[120.320919,22.61245],[120.320798,22.612059],[120.320684,22.611689],[120.320583,22.611361],[120.320435,22.610881],[120.320021,22.610979],[120.319761,22.610135],[120.31951,22.609319],[120.319466,22.609335],[120.318545,22.609667],[120.317775,22.609913],[120.317141,22.610136],[120.317119,22.610144],[120.317521,22.611447],[120.317557,22.611562],[120.317813,22.612394],[120.317838,22.612473],[120.317844,22.612493],[120.317951,22.612841]]]}},{"type":"Feature","id":"A6409-0076-00","properties":{"code":"A6409-0076-00","district":"前鎮區","area_m2":3366.4,"centroid":[120.310318,22.612416],"population":181,"households":84,"male":86,"female":95,"ages":[25,41,67,48],"density_km2":53767},"geometry":{"type":"Polygon","coordinates":[[[120.309871,22.612703],[120.310869,22.612402],[120.310756,22.612125],[120.310752,22.612127],[120.309757,22.612456],[120.309813,22.612565],[120.309847,22.61263],[120.309871,22.612703]]]}},{"type":"Feature","id":"A6408-0700-00","properties":{"code":"A6408-0700-00","district":"苓雅區","area_m2":3012.5,"centroid":[120.30216,22.612345],"population":424,"households":202,"male":183,"female":241,"ages":[48,98,184,94],"density_km2":140746},"geometry":{"type":"Polygon","coordinates":[[[120.301811,22.612471],[120.302349,22.612656],[120.302508,22.612232],[120.30251,22.612228],[120.301969,22.612031],[120.301811,22.612471]]]}},{"type":"Feature","id":"A6408-0705-00","properties":{"code":"A6408-0705-00","district":"苓雅區","area_m2":13641.1,"centroid":[120.300208,22.611691],"population":208,"households":170,"male":99,"female":109,"ages":[11,54,99,44],"density_km2":15248},"geometry":{"type":"Polygon","coordinates":[[[120.300212,22.612581],[120.300232,22.612595],[120.300455,22.612026],[120.300614,22.611621],[120.300845,22.611032],[120.300852,22.611014],[120.300828,22.611006],[120.300175,22.610788],[120.299566,22.612375],[120.300212,22.612581]]]}},{"type":"Feature","id":"A6410-0016-00","properties":{"code":"A6410-0016-00","district":"旗津區","area_m2":8608.0,"centroid":[120.268266,22.611823],"population":170,"households":70,"male":89,"female":81,"ages":[17,34,76,43],"density_km2":19749},"geometry":{"type":"Polygon","coordinates":[[[120.268122,22.612438],[120.26826,22.612353],[120.268486,22.612155],[120.268972,22.611979],[120.269012,22.611914],[120.268846,22.611789],[120.268835,22.611719],[120.268763,22.611673],[120.2686,22.611822],[120.26851,22.611741],[120.268539,22.611715],[120.268263,22.611477],[120.268213,22.611474],[120.26794,22.611205],[120.267615,22.61149],[120.267791,22.611817],[120.267825,22.611881],[120.267936,22.612086],[120.268004,22.612213],[120.268052,22.612312],[120.268122,22.612438]]]}},{"type":"Feature","id":"A6409-0080-00","properties":{"code":"A6409-0080-00","district":"前鎮區","area_m2":9393.9,"centroid":[120.317278,22.6121],"population":263,"households":104,"male":135,"female":128,"ages":[45,54,88,76],"density_km2":27997},"geometry":{"type":"Polygon","coordinates":[[[120.31699,22.612629],[120.317844,22.612493],[120.317838,22.612473],[120.317813,22.612394],[120.317557,22.611562],[120.317139,22.611643],[120.317046,22.611661],[120.316715,22.611759],[120.316839,22.612202],[120.31699,22.612629]]]}},{"type":"Feature","id":"A6410-0022-00","properties":{"code":"A6410-0022-00","district":"旗津區","area_m2":46370.7,"centroid":[120.271598,22.610439],"population":43,"households":20,"male":23,"female":20,"ages":[4,13,17,9],"density_km2":927},"geometry":{"type":"Polygon","coordinates":[[[120.271122,22.612425],[120.271162,22.612381],[120.271199,22.612329],[120.271111,22.612272],[120.27114,22.612193],[120.271041,22.61215],[120.271029,22.612094],[120.271073,22.611915],[120.271095,22.611872],[120.271223,22.611618],[120.271315,22.611483],[120.27139,22.611529],[120.271774,22.611031],[120.272112,22.61055],[120.272055,22.610486],[120.272116,22.610407],[120.272189,22.610457],[120.272603,22.609895],[120.272716,22.609941],[120.272741,22.609905],[120.272717,22.609834],[120.273098,22.609319],[120.273018,22.609228],[120.272826,22.609128],[120.271956,22.608612],[120.271328,22.609538],[120.271095,22.609881],[120.271031,22.610218],[120.270964,22.610395],[120.27088,22.610584],[120.270793,22.610763],[120.270653,22.610994],[120.27022,22.611667],[120.270119,22.611793],[120.270404,22.611975],[120.271122,22.612425]]]}},{"type":"Feature","id":"A6409-0090-00","properties":{"code":"A6409-0090-00","district":"前鎮區","area_m2":25575.1,"centroid":[120.312692,22.61176],"population":280,"households":139,"male":131,"female":149,"ages":[33,78,109,60],"density_km2":10948},"geometry":{"type":"Polygon","coordinates":[[[120.311688,22.612516],[120.312591,22.612398],[120.313553,22.612272],[120.313433,22.611886],[120.313891,22.611757],[120.313753,22.611399],[120.31373,22.611331],[120.313641,22.611094],[120.313615,22.611028],[120.313571,22.610919],[120.313563,22.610899],[120.313126,22.611092],[120.312247,22.611481],[120.311435,22.611841],[120.311451,22.61189],[120.311524,22.612036],[120.311688,22.612516]]]}},{"type":"Feature","id":"A6409-0081-00","properties":{"code":"A6409-0081-00","district":"前鎮區","area_m2":10419.2,"centroid":[120.315093,22.612062],"population":216,"households":122,"male":85,"female":131,"ages":[29,59,96,32],"density_km2":20731},"geometry":{"type":"Polygon","coordinates":[[[120.315525,22.612486],[120.316071,22.612368],[120.315841,22.611627],[120.315304,22.611759],[120.313983,22.612057],[120.314042,22.612298],[120.314063,22.612392],[120.315412,22.612116],[120.315525,22.612486]]]}},{"type":"Feature","id":"A6409-0082-00","properties":{"code":"A6409-0082-00","district":"前鎮區","area_m2":5519.1,"centroid":[120.310383,22.612041],"population":254,"households":133,"male":130,"female":124,"ages":[24,69,87,74],"density_km2":46022},"geometry":{"type":"Polygon","coordinates":[[[120.309757,22.612456],[120.310752,22.612127],[120.310756,22.612125],[120.311091,22.611991],[120.311081,22.611964],[120.310936,22.611614],[120.310928,22.611598],[120.310587,22.611739],[120.310623,22.611821],[120.309629,22.612191],[120.309647,22.612229],[120.309749,22.61244],[120.309757,22.612456]]]}},{"type":"Feature","id":"A6409-0291-00","properties":{"code":"A6409-0291-00","district":"前鎮區","area_m2":8037.6,"centroid":[120.313142,22.606331],"population":202,"households":77,"male":86,"female":116,"ages":[31,48,72,51],"density_km2":25132},"geometry":{"type":"Polygon","coordinates":[[[120.313443,22.606911],[120.313872,22.606514],[120.313833,22.606486],[120.312783,22.605755],[120.312413,22.606097],[120.312845,22.606438],[120.313443,22.606911]]]}},{"type":"Feature","id":"A6409-0311-00","properties":{"code":"A6409-0311-00","district":"前鎮區","area_m2":50110.6,"centroid":[120.314248,22.605517],"population":3585,"households":1627,"male":1639,"female":1946,"ages":[881,709,1592,403],"density_km2":71542},"geometry":{"type":"Polygon","coordinates":[[[120.314351,22.606847],[120.314391,22.606876],[120.315731,22.605626],[120.315694,22.605506],[120.315552,22.605184],[120.31543,22.605039],[120.31532,22.604938],[120.315251,22.60488],[120.314364,22.604138],[120.314328,22.604169],[120.312661,22.605671],[120.312783,22.605755],[120.313833,22.606486],[120.313872,22.606514],[120.314075,22.606656],[120.314108,22.606679],[120.314302,22.606811],[120.314351,22.606847]]]}},{"type":"Feature","id":"A6409-0286-00","properties":{"code":"A6409-0286-00","district":"前鎮區","area_m2":3073.8,"centroid":[120.312447,22.606437],"population":300,"households":119,"male":143,"female":157,"ages":[39,63,119,79],"density_km2":97600},"geometry":{"type":"Polygon","coordinates":[[[120.312463,22.606779],[120.312845,22.606438],[120.312413,22.606097],[120.312053,22.606428],[120.312463,22.606779]]]}},{"type":"Feature","id":"A6409-0089-00","properties":{"code":"A6409-0089-00","district":"前鎮區","area_m2":14953.3,"centroid":[120.304706,22.611708],"population":1009,"households":574,"male":454,"female":555,"ages":[117,238,442,212],"density_km2":67477},"geometry":{"type":"Polygon","coordinates":[[[120.305106,22.612404],[120.305313,22.61179],[120.305468,22.611379],[120.304337,22.611012],[120.304112,22.611585],[120.30394,22.612037],[120.305106,22.612404]]]}},{"type":"Feature","id":"A6408-0708-00","properties":{"code":"A6408-0708-00","district":"苓雅區","area_m2":10623.4,"centroid":[120.299604,22.611501],"population":196,"households":129,"male":81,"female":115,"ages":[15,40,68,73],"density_km2":18450},"geometry":{"type":"Polygon","coordinates":[[[120.299027,22.612203],[120.299566,22.612375],[120.300175,22.610788],[120.299968,22.610719],[120.299671,22.61062],[120.299657,22.610654],[120.299027,22.612203]]]}},{"type":"Feature","id":"A6408-0702-00","properties":{"code":"A6408-0702-00","district":"苓雅區","area_m2":2188.1,"centroid":[120.301242,22.612063],"population":13,"households":8,"male":6,"female":7,"ages":[1,3,7,2],"density_km2":5941},"geometry":{"type":"Polygon","coordinates":[[[120.300955,22.612196],[120.301375,22.612338],[120.301528,22.611921],[120.301502,22.611916],[120.301116,22.611788],[120.300955,22.612196]]]}},{"type":"Feature","id":"A6409-0085-00","properties":{"code":"A6409-0085-00","district":"前鎮區","area_m2":7072.7,"centroid":[120.316342,22.611906],"population":327,"households":144,"male":144,"female":183,"ages":[35,89,133,70],"density_km2":46234},"geometry":{"type":"Polygon","coordinates":[[[120.316071,22.612368],[120.316839,22.612202],[120.316715,22.611759],[120.316605,22.61144],[120.315841,22.611627],[120.316071,22.612368]]]}},{"type":"Feature","id":"A6409-0086-00","properties":{"code":"A6409-0086-00","district":"前鎮區","area_m2":5501.1,"centroid":[120.308646,22.611865],"population":141,"households":63,"male":62,"female":79,"ages":[8,33,59,41],"density_km2":25631},"geometry":{"type":"Polygon","coordinates":[[[120.308049,22.612312],[120.30806,22.612307],[120.309378,22.611716],[120.309231,22.611423],[120.307925,22.611991],[120.308049,22.612312]]]}},{"type":"Feature","id":"A6408-0704-00","properties":{"code":"A6408-0704-00","district":"苓雅區","area_m2":7206.4,"centroid":[120.302135,22.611769],"population":0,"households":0,"male":0,"female":0,"ages":[0,0,0,0],"density_km2":0},"geometry":{"type":"Polygon","coordinates":[[[120.301969,22.612031],[120.30251,22.612228],[120.302729,22.611645],[120.302707,22.611634],[120.301799,22.611331],[120.30175,22.611315],[120.30154,22.611886],[120.301969,22.612031]]]}},{"type":"Feature","id":"A6408-0710-00","properties":{"code":"A6408-0710-00","district":"苓雅區","area_m2":10776.9,"centroid":[120.299082,22.611337],"population":245,"households":154,"male":112,"female":133,"ages":[18,42,104,81],"density_km2":22734},"geometry":{"type":"Polygon","coordinates":[[[120.299007,22.612189],[120.299027,22.612203],[120.299657,22.610654],[120.299671,22.61062],[120.299645,22.610611],[120.299269,22.610486],[120.29909,22.610564],[120.298493,22.612023],[120.299007,22.612189]]]}},{"type":"Feature","id":"A6408-0703-00","properties":{"code":"A6408-0703-00","district":"苓雅區","area_m2":2623.6,"centroid":[120.300785,22.611908],"population":1181,"households":580,"male":565,"female":616,"ages":[179,318,488,196],"density_km2":450137},"geometry":{"type":"Polygon","coordinates":[[[120.300455,22.612026],[120.300955,22.612196],[120.301116,22.611788],[120.300614,22.611621],[120.300455,22.612026]]]}},{"type":"Feature","id":"A6409-0103-00","properties":{"code":"A6409-0103-00","district":"前鎮區","area_m2":12611.1,"centroid":[120.30707,22.611421],"population":216,"households":98,"male":114,"female":102,"ages":[17,59,79,61],"density_km2":17128},"geometry":{"type":"Polygon","coordinates":[[[120.306374,22.612176],[120.306451,22.612185],[120.307777,22.611613],[120.30766,22.61136],[120.307382,22.610762],[120.306955,22.610634],[120.306679,22.611427],[120.306355,22.612076],[120.306374,22.612176]]]}},{"type":"Feature","id":"A6409-0091-00","properties":{"code":"A6409-0091-00","district":"前鎮區","area_m2":8657.1,"centroid":[120.310159,22.61168],"population":97,"households":52,"male":44,"female":53,"ages":[13,16,39,29],"density_km2":11205},"geometry":{"type":"Polygon","coordinates":[[[120.309629,22.612191],[120.310623,22.611821],[120.310587,22.611739],[120.310928,22.611598],[120.310687,22.611159],[120.310336,22.611324],[120.310306,22.611336],[120.309393,22.611709],[120.309439,22.6118],[120.309629,22.612191]]]}},{"type":"Feature","id":"A6409-0112-00","properties":{"code":"A6409-0112-00","district":"前鎮區","area_m2":10999.3,"centroid":[120.306576,22.611047],"population":191,"households":93,"male":92,"female":99,"ages":[13,44,74,60],"density_km2":17365},"geometry":{"type":"Polygon","coordinates":[[[120.306374,22.612176],[120.306355,22.612076],[120.306679,22.611427],[120.306955,22.610634],[120.307191,22.61002],[120.306978,22.609979],[120.306765,22.609953],[120.305962,22.612012],[120.306286,22.612121],[120.306374,22.612176]]]}},{"type":"Feature","id":"A6410-0038-00","properties":{"code":"A6410-0038-00","district":"旗津區","area_m2":6489.4,"centroid":[120.272829,22.606001],"population":375,"households":138,"male":172,"female":203,"ages":[74,97,146,58],"density_km2":57787},"geometry":{"type":"Polygon","coordinates":[[[120.272286,22.606276],[120.272743,22.606571],[120.272879,22.606407],[120.273367,22.605695],[120.272926,22.605431],[120.272636,22.605818],[120.272286,22.606276]]]}},{"type":"Feature","id":"A6410-0040-00","properties":{"code":"A6410-0040-00","district":"旗津區","area_m2":12447.3,"centroid":[120.272172,22.605785],"population":298,"households":100,"male":138,"female":160,"ages":[52,66,118,62],"density_km2":23941},"geometry":{"type":"Polygon","coordinates":[[[120.272068,22.606561],[120.272286,22.606276],[120.272636,22.605818],[120.272926,22.605431],[120.272824,22.60537],[120.272683,22.605274],[120.272299,22.605008],[120.271999,22.605385],[120.271415,22.606121],[120.271987,22.606506],[120.272068,22.606561]]]}},{"type":"Feature","id":"A6409-0305-00","properties":{"code":"A6409-0305-00","district":"前鎮區","area_m2":14159.6,"centroid":[120.311917,22.605729],"population":269,"households":109,"male":137,"female":132,"ages":[19,49,95,106],"density_km2":18998},"geometry":{"type":"Polygon","coordinates":[[[120.311976,22.606438],[120.31201,22.606467],[120.312053,22.606428],[120.312413,22.606097],[120.312783,22.605755],[120.312661,22.605671],[120.312231,22.60538],[120.311749,22.604992],[120.311231,22.605487],[120.311075,22.605676],[120.311625,22.606142],[120.311976,22.606438]]]}},{"type":"Feature","id":"A6409-0312-00","properties":{"code":"A6409-0312-00","district":"前鎮區","area_m2":16227.6,"centroid":[120.304601,22.605449],"population":0,"households":0,"male":0,"female":0,"ages":[0,0,0,0],"density_km2":0},"geometry":{"type":"Polygon","coordinates":[[[120.303892,22.606148],[120.304662,22.606403],[120.30511,22.605247],[120.3052,22.605019],[120.305307,22.604747],[120.304554,22.604493],[120.303892,22.606148]]]}},{"type":"Feature","id":"A6409-0301-00","properties":{"code":"A6409-0301-00","district":"前鎮區","area_m2":7753.7,"centroid":[120.310242,22.605804],"population":384,"households":164,"male":181,"female":203,"ages":[48,100,141,95],"density_km2":49525},"geometry":{"type":"Polygon","coordinates":[[[120.310313,22.606395],[120.310706,22.606023],[120.310589,22.60593],[120.310795,22.605713],[120.310192,22.605219],[120.309986,22.605456],[120.30967,22.605764],[120.310313,22.606395]]]}},{"type":"Feature","id":"A6409-0340-00","properties":{"code":"A6409-0340-00","district":"前鎮區","area_m2":111955.0,"centroid":[120.317695,22.604392],"population":0,"households":0,"male":0,"female":0,"ages":[0,0,0,0],"density_km2":0},"geometry":{"type":"Polygon","coordinates":[[[120.315974,22.606411],[120.316031,22.606397],[120.316345,22.606318],[120.3167,22.606179],[120.317226,22.605899],[120.318037,22.605415],[120.319565,22.6045],[120.320038,22.604203],[120.320323,22.603987],[120.320364,22.603962],[120.31814,22.602498],[120.317932,22.60235],[120.316752,22.603833],[120.316311,22.603526],[120.315251,22.60488],[120.31532,22.604938],[120.31543,22.605039],[120.315552,22.605184],[120.315694,22.605506],[120.315731,22.605626],[120.315974,22.606411]]]}},{"type":"Feature","id":"A6410-0017-00","properties":{"code":"A6410-0017-00","district":"旗津區","area_m2":10886.7,"centroid":[120.268709,22.611302],"population":273,"households":108,"male":137,"female":136,"ages":[37,63,117,56],"density_km2":25076},"geometry":{"type":"Polygon","coordinates":[[[120.269012,22.611914],[120.269044,22.611861],[120.269479,22.611322],[120.269459,22.611325],[120.2694,22.611279],[120.268527,22.610691],[120.26794,22.611205],[120.268213,22.611474],[120.268263,22.611477],[120.268539,22.611715],[120.26851,22.611741],[120.2686,22.611822],[120.268763,22.611673],[120.268835,22.611719],[120.268846,22.611789],[120.269012,22.611914]]]}},{"type":"Feature","id":"A6409-0105-00","properties":{"code":"A6409-0105-00","district":"前鎮區","area_m2":15988.3,"centroid":[120.303531,22.611325],"population":170,"households":96,"male":88,"female":82,"ages":[37,41,68,24],"density_km2":10633},"geometry":{"type":"Polygon","coordinates":[[[120.30394,22.612037],[120.304112,22.611585],[120.304337,22.611012],[120.303122,22.610613],[120.302896,22.611185],[120.30274,22.611614],[120.302729,22.611645],[120.303288,22.611828],[120.303316,22.611837],[120.303616,22.611926],[120.303919,22.612023],[120.30394,22.612037]]]}},{"type":"Feature","id":"A6409-0106-00","properties":{"code":"A6409-0106-00","district":"前鎮區","area_m2":16678.6,"centroid":[120.314481,22.611379],"population":205,"households":111,"male":87,"female":118,"ages":[29,48,88,40],"density_km2":12291},"geometry":{"type":"Polygon","coordinates":[[[120.313961,22.611962],[120.313983,22.612057],[120.315304,22.611759],[120.315085,22.611039],[120.314972,22.610681],[120.313641,22.611094],[120.31373,22.611331],[120.313753,22.611399],[120.313891,22.611757],[120.313946,22.6119],[120.313961,22.611962]]]}},{"type":"Feature","id":"A6409-0126-00","properties":{"code":"A6409-0126-00","district":"前鎮區","area_m2":20505.7,"centroid":[120.306089,22.610686],"population":533,"households":310,"male":245,"female":288,"ages":[84,131,225,93],"density_km2":25993},"geometry":{"type":"Polygon","coordinates":[[[120.305962,22.612012],[120.306765,22.609953],[120.306856,22.609699],[120.306663,22.609575],[120.306225,22.60934],[120.305873,22.610281],[120.305536,22.611191],[120.305468,22.611379],[120.305313,22.61179],[120.305335,22.611801],[120.305962,22.612012]]]}},{"type":"Feature","id":"A6409-0098-00","properties":{"code":"A6409-0098-00","district":"前鎮區","area_m2":6583.0,"centroid":[120.308502,22.611519],"population":213,"households":93,"male":115,"female":98,"ages":[14,49,93,57],"density_km2":32356},"geometry":{"type":"Polygon","coordinates":[[[120.307925,22.611991],[120.309231,22.611423],[120.309179,22.611319],[120.309108,22.611152],[120.309086,22.611089],[120.309059,22.611047],[120.309017,22.611066],[120.307777,22.611613],[120.307925,22.611991]]]}},{"type":"Feature","id":"A6409-0100-00","properties":{"code":"A6409-0100-00","district":"前鎮區","area_m2":4009.8,"centroid":[120.311067,22.611489],"population":215,"households":116,"male":94,"female":121,"ages":[12,47,96,60],"density_km2":53619},"geometry":{"type":"Polygon","coordinates":[[[120.311091,22.611991],[120.31112,22.61198],[120.311435,22.611841],[120.311414,22.611779],[120.311258,22.611435],[120.311154,22.611207],[120.311038,22.610989],[120.311017,22.610998],[120.311006,22.611003],[120.310715,22.611153],[120.310687,22.611159],[120.310928,22.611598],[120.310936,22.611614],[120.311081,22.611964],[120.311091,22.611991]]]}},{"type":"Feature","id":"A6408-0707-00","properties":{"code":"A6408-0707-00","district":"苓雅區","area_m2":3139.2,"centroid":[120.301434,22.611553],"population":322,"households":166,"male":135,"female":187,"ages":[40,87,146,49],"density_km2":102573},"geometry":{"type":"Polygon","coordinates":[[[120.301528,22.611921],[120.30154,22.611886],[120.30175,22.611315],[120.301355,22.611183],[120.301116,22.611788],[120.301502,22.611916],[120.301528,22.611921]]]}},{"type":"Feature","id":"A6410-0019-00","properties":{"code":"A6410-0019-00","district":"旗津區","area_m2":5620.8,"centroid":[120.270422,22.610991],"population":300,"households":109,"male":143,"female":157,"ages":[47,81,113,59],"density_km2":53373},"geometry":{"type":"Polygon","coordinates":[[[120.269865,22.611435],[120.27022,22.611667],[120.270653,22.610994],[120.270793,22.610763],[120.27088,22.610584],[120.270964,22.610395],[120.270768,22.610283],[120.270535,22.610592],[120.270506,22.610612],[120.270442,22.610712],[120.270442,22.610744],[120.270401,22.610794],[120.270363,22.610838],[120.270359,22.610844],[120.27026,22.610988],[120.27012,22.611137],[120.270087,22.611113],[120.270021,22.611188],[120.270047,22.611212],[120.269865,22.611435]]]}},{"type":"Feature","id":"A6409-0101-00","properties":{"code":"A6409-0101-00","district":"前鎮區","area_m2":4437.5,"centroid":[120.311753,22.611459],"population":217,"households":109,"male":101,"female":116,"ages":[29,42,90,56],"density_km2":48901},"geometry":{"type":"Polygon","coordinates":[[[120.311435,22.611841],[120.312247,22.611481],[120.312066,22.611079],[120.311258,22.611435],[120.311414,22.611779],[120.311435,22.611841]]]}},{"type":"Feature","id":"A6409-0323-00","properties":{"code":"A6409-0323-00","district":"前鎮區","area_m2":58858.0,"centroid":[120.302854,22.604856],"population":559,"households":344,"male":303,"female":256,"ages":[86,155,234,84],"density_km2":9497},"geometry":{"type":"Polygon","coordinates":[[[120.301964,22.605508],[120.302808,22.605788],[120.303892,22.606148],[120.304554,22.604493],[120.301794,22.603561],[120.301647,22.60395],[120.301312,22.604855],[120.301163,22.605243],[120.301942,22.605501],[120.301964,22.605508]]]}},{"type":"Feature","id":"A6410-0041-00","properties":{"code":"A6410-0041-00","district":"旗津區","area_m2":20765.3,"centroid":[120.273634,22.605015],"population":718,"households":272,"male":361,"female":357,"ages":[101,182,301,134],"density_km2":34577},"geometry":{"type":"Polygon","coordinates":[[[120.273978,22.605766],[120.274055,22.605469],[120.274161,22.6052],[120.274564,22.604584],[120.274438,22.604506],[120.274274,22.604437],[120.274073,22.604323],[120.27398,22.604283],[120.273639,22.604081],[120.273551,22.604195],[120.273487,22.604231],[120.272683,22.605274],[120.272824,22.60537],[120.272926,22.605431],[120.273367,22.605695],[120.273828,22.605971],[120.273916,22.605854],[120.273943,22.605735],[120.273978,22.605766]]]}},{"type":"Feature","id":"A6409-0313-00","properties":{"code":"A6409-0313-00","district":"前鎮區","area_m2":5503.7,"centroid":[120.310714,22.605425],"population":142,"households":67,"male":72,"female":70,"ages":[9,36,49,48],"density_km2":25801},"geometry":{"type":"Polygon","coordinates":[[[120.310706,22.606023],[120.311075,22.605676],[120.311231,22.605487],[120.310492,22.604874],[120.310192,22.605219],[120.310795,22.605713],[120.310589,22.60593],[120.310706,22.606023]]]}},{"type":"Feature","id":"A6409-0354-00","properties":{"code":"A6409-0354-00","district":"前鎮區","area_m2":146133.1,"centroid":[120.299302,22.603712],"population":7,"households":6,"male":5,"female":2,"ages":[0,2,4,1],"density_km2":48},"geometry":{"type":"Polygon","coordinates":[[[120.296756,22.605716],[120.297084,22.605737],[120.298742,22.605824],[120.298787,22.605329],[120.298834,22.604679],[120.299335,22.604712],[120.301312,22.604855],[120.301647,22.60395],[120.301794,22.603561],[120.302049,22.602885],[120.301784,22.602785],[120.301713,22.602859],[120.29814,22.601679],[120.297889,22.601596],[120.297527,22.602598],[120.297396,22.602961],[120.297111,22.605441],[120.296756,22.605716]]]}},{"type":"Feature","id":"A6408-0709-00","properties":{"code":"A6408-0709-00","district":"苓雅區","area_m2":3922.5,"centroid":[120.300984,22.611401],"population":799,"households":398,"male":351,"female":448,"ages":[100,196,328,175],"density_km2":203698},"geometry":{"type":"Polygon","coordinates":[[[120.300614,22.611621],[120.301116,22.611788],[120.301355,22.611183],[120.301286,22.611159],[120.300931,22.611041],[120.300852,22.611014],[120.300845,22.611032],[120.300614,22.611621]]]}},{"type":"Feature","id":"A6409-0109-00","properties":{"code":"A6409-0109-00","district":"前鎮區","area_m2":11766.4,"centroid":[120.315846,22.611224],"population":267,"households":119,"male":145,"female":122,"ages":[30,54,106,77],"density_km2":22692},"geometry":{"type":"Polygon","coordinates":[[[120.315304,22.611759],[120.315841,22.611627],[120.316605,22.61144],[120.316376,22.610682],[120.315984,22.61079],[120.315536,22.610914],[120.315085,22.611039],[120.315304,22.611759]]]}},{"type":"Feature","id":"A6409-0130-00","properties":{"code":"A6409-0130-00","district":"前鎮區","area_m2":23340.8,"centroid":[120.316685,22.610668],"population":102,"households":38,"male":50,"female":52,"ages":[29,22,40,11],"density_km2":4370},"geometry":{"type":"Polygon","coordinates":[[[120.316715,22.611759],[120.317046,22.611661],[120.317139,22.611643],[120.317557,22.611562],[120.317521,22.611447],[120.317119,22.610144],[120.317088,22.610043],[120.316956,22.609616],[120.31614,22.609901],[120.315748,22.610037],[120.315984,22.61079],[120.316376,22.610682],[120.316605,22.61144],[120.316715,22.611759]]]}},{"type":"Feature","id":"A6409-0107-00","properties":{"code":"A6409-0107-00","district":"前鎮區","area_m2":5644.5,"centroid":[120.309959,22.611305],"population":488,"households":234,"male":218,"female":270,"ages":[63,110,213,102],"density_km2":86456},"geometry":{"type":"Polygon","coordinates":[[[120.309378,22.611716],[120.309393,22.611709],[120.310306,22.611336],[120.310336,22.611324],[120.310687,22.611159],[120.310715,22.611153],[120.310577,22.610921],[120.31051,22.610947],[120.310381,22.611011],[120.310369,22.610988],[120.310225,22.611051],[120.310178,22.610964],[120.310121,22.610961],[120.309383,22.611356],[120.309245,22.611416],[120.309231,22.611423],[120.309378,22.611716]]]}},{"type":"Feature","id":"A6410-0020-00","properties":{"code":"A6410-0020-00","district":"旗津區","area_m2":5949.8,"centroid":[120.267981,22.610903],"population":13,"households":4,"male":7,"female":6,"ages":[3,2,5,3],"density_km2":2185},"geometry":{"type":"Polygon","coordinates":[[[120.267615,22.61149],[120.26794,22.611205],[120.268527,22.610691],[120.268016,22.610346],[120.267587,22.610935],[120.267534,22.611046],[120.267507,22.611197],[120.267514,22.61133],[120.267525,22.611339],[120.267597,22.611457],[120.267615,22.61149]]]}},{"type":"Feature","id":"A6409-0139-00","properties":{"code":"A6409-0139-00","district":"前鎮區","area_m2":48502.4,"centroid":[120.302237,22.610293],"population":288,"households":173,"male":120,"female":168,"ages":[46,65,135,42],"density_km2":5938},"geometry":{"type":"Polygon","coordinates":[[[120.302729,22.611645],[120.30274,22.611614],[120.302896,22.611185],[120.303122,22.610613],[120.303265,22.61025],[120.303547,22.609526],[120.30294,22.609336],[120.302614,22.609233],[120.302595,22.609227],[120.301741,22.608946],[120.300931,22.611041],[120.301286,22.611159],[120.301355,22.611183],[120.30175,22.611315],[120.301799,22.611331],[120.302707,22.611634],[120.302729,22.611645]]]}},{"type":"Feature","id":"A6409-0122-00","properties":{"code":"A6409-0122-00","district":"前鎮區","area_m2":12661.5,"centroid":[120.308337,22.61076],"population":374,"households":169,"male":184,"female":190,"ages":[47,81,153,93],"density_km2":29538},"geometry":{"type":"Polygon","coordinates":[[[120.307777,22.611613],[120.309017,22.611066],[120.309059,22.611047],[120.309013,22.610972],[120.30898,22.610931],[120.308936,22.610858],[120.308755,22.610609],[120.308644,22.61049],[120.308628,22.610473],[120.308535,22.61036],[120.308441,22.610245],[120.308356,22.610127],[120.308548,22.609999],[120.30846,22.609915],[120.308443,22.609933],[120.308346,22.609845],[120.308221,22.609966],[120.307776,22.610379],[120.308172,22.610952],[120.30766,22.61136],[120.307777,22.611613]]]}},{"type":"Feature","id":"A6410-0021-00","properties":{"code":"A6410-0021-00","district":"旗津區","area_m2":22147.4,"centroid":[120.26919,22.610552],"population":974,"households":343,"male":492,"female":482,"ages":[128,236,436,174],"density_km2":43978},"geometry":{"type":"Polygon","coordinates":[[[120.269842,22.611421],[120.269865,22.611435],[120.270047,22.611212],[120.270021,22.611188],[120.270087,22.611113],[120.27012,22.611137],[120.27026,22.610988],[120.270359,22.610844],[120.269973,22.610594],[120.270011,22.610543],[120.26988,22.610424],[120.269846,22.610372],[120.269808,22.610331],[120.269754,22.6103],[120.26975,22.610284],[120.269514,22.610137],[120.269478,22.610136],[120.269399,22.610102],[120.269337,22.610058],[120.269267,22.61013],[120.26887,22.609867],[120.268878,22.609855],[120.268583,22.609641],[120.268022,22.610338],[120.268016,22.610346],[120.268527,22.610691],[120.2694,22.611279],[120.269459,22.611325],[120.269479,22.611322],[120.269651,22.611295],[120.269842,22.611421]]]}},{"type":"Feature","id":"A6410-0023-00","properties":{"code":"A6410-0023-00","district":"旗津區","area_m2":12138.5,"centroid":[120.267275,22.610353],"population":0,"households":0,"male":0,"female":0,"ages":[0,0,0,0],"density_km2":0},"geometry":{"type":"Polygon","coordinates":[[[120.267514,22.61133],[120.267507,22.611197],[120.267534,22.611046],[120.267587,22.610935],[120.268016,22.610346],[120.268022,22.610338],[120.266752,22.60949],[120.266532,22.609731],[120.267514,22.61133]]]}},{"type":"Feature","id":"A6409-0113-00","properties":{"code":"A6409-0113-00","district":"前鎮區","area_m2":4810.4,"centroid":[120.312596,22.611087],"population":247,"households":117,"male":120,"female":127,"ages":[18,73,90,66],"density_km2":51347},"geometry":{"type":"Polygon","coordinates":[[[120.312247,22.611481],[120.313126,22.611092],[120.312943,22.610693],[120.312633,22.61083],[120.312066,22.611079],[120.312247,22.611481]]]}},{"type":"Feature","id":"A6409-0115-00","properties":{"code":"A6409-0115-00","district":"前鎮區","area_m2":5005.5,"centroid":[120.311554,22.611032],"population":408,"households":208,"male":188,"female":220,"ages":[32,94,167,115],"density_km2":81510},"geometry":{"type":"Polygon","coordinates":[[[120.311258,22.611435],[120.312066,22.611079],[120.311863,22.610629],[120.311832,22.610643],[120.311815,22.61065],[120.311481,22.610796],[120.311038,22.610989],[120.311154,22.611207],[120.311258,22.611435]]]}},{"type":"Feature","id":"A6409-0321-00","properties":{"code":"A6409-0321-00","district":"前鎮區","area_m2":16383.0,"centroid":[120.30965,22.604925],"population":172,"households":75,"male":81,"female":91,"ages":[21,36,61,54],"density_km2":10499},"geometry":{"type":"Polygon","coordinates":[[[120.309986,22.605456],[120.310192,22.605219],[120.310492,22.604874],[120.309633,22.604161],[120.309464,22.604108],[120.309196,22.604454],[120.308853,22.604896],[120.308828,22.60494],[120.30888,22.604989],[120.30967,22.605764],[120.309986,22.605456]]]}},{"type":"Feature","id":"A6409-0357-00","properties":{"code":"A6409-0357-00","district":"前鎮區","area_m2":113745.7,"centroid":[120.311883,22.60379],"population":0,"households":0,"male":0,"female":0,"ages":[0,0,0,0],"density_km2":0},"geometry":{"type":"Polygon","coordinates":[[[120.312231,22.60538],[120.312661,22.605671],[120.314328,22.604169],[120.314364,22.604138],[120.313161,22.603176],[120.31163,22.601935],[120.311308,22.601732],[120.311176,22.601962],[120.31113,22.602021],[120.310375,22.602985],[120.309511,22.604048],[120.309464,22.604108],[120.309633,22.604161],[120.310492,22.604874],[120.311231,22.605487],[120.311749,22.604992],[120.312231,22.60538]]]}},{"type":"Feature","id":"A6410-0042-00","properties":{"code":"A6410-0042-00","district":"旗津區","area_m2":8792.8,"centroid":[120.27302,22.60448],"population":296,"households":127,"male":147,"female":149,"ages":[34,91,121,50],"density_km2":33664},"geometry":{"type":"Polygon","coordinates":[[[120.272299,22.605008],[120.272683,22.605274],[120.273487,22.604231],[120.273551,22.604195],[120.273639,22.604081],[120.273747,22.603941],[120.273358,22.60369],[120.272299,22.605008]]]}},{"type":"Feature","id":"A6410-0043-00","properties":{"code":"A6410-0043-00","district":"旗津區","area_m2":24241.4,"centroid":[120.275734,22.604221],"population":355,"households":140,"male":178,"female":177,"ages":[31,93,151,80],"density_km2":14644},"geometry":{"type":"Polygon","coordinates":[[[120.275617,22.605229],[120.275753,22.605189],[120.275821,22.605169],[120.276163,22.604624],[120.276182,22.604582],[120.276461,22.604177],[120.276509,22.604139],[120.276541,22.604093],[120.276629,22.604141],[120.276667,22.604093],[120.276696,22.604109],[120.276844,22.603897],[120.275884,22.6033],[120.275768,22.603212],[120.275181,22.60393],[120.274811,22.604275],[120.274636,22.604482],[120.2748,22.604576],[120.275306,22.604934],[120.275408,22.605076],[120.275617,22.605229]]]}},{"type":"Feature","id":"A6409-0133-00","properties":{"code":"A6409-0133-00","district":"前鎮區","area_m2":12352.5,"centroid":[120.309778,22.610636],"population":423,"households":210,"male":214,"female":209,"ages":[41,90,157,135],"density_km2":34244},"geometry":{"type":"Polygon","coordinates":[[[120.309231,22.611423],[120.309245,22.611416],[120.309383,22.611356],[120.310121,22.610961],[120.310178,22.610964],[120.310225,22.611051],[120.310369,22.610988],[120.310381,22.611011],[120.31051,22.610947],[120.310577,22.610921],[120.310421,22.61066],[120.31016,22.61029],[120.309799,22.609779],[120.309762,22.609733],[120.309482,22.609922],[120.309589,22.610061],[120.309823,22.610436],[120.30898,22.610931],[120.309013,22.610972],[120.309059,22.611047],[120.309086,22.611089],[120.309108,22.611152],[120.309179,22.611319],[120.309231,22.611423]]]}},{"type":"Feature","id":"A6409-0156-00","properties":{"code":"A6409-0156-00","district":"前鎮區","area_m2":54322.6,"centroid":[120.304483,22.609814],"population":251,"households":115,"male":124,"female":127,"ages":[20,65,98,68],"density_km2":4621},"geometry":{"type":"Polygon","coordinates":[[[120.305536,22.611191],[120.305873,22.610281],[120.304741,22.609911],[120.304934,22.609412],[120.305283,22.608513],[120.304991,22.608419],[120.304059,22.60812],[120.303547,22.609526],[120.303265,22.61025],[120.303122,22.610613],[120.304337,22.611012],[120.305468,22.611379],[120.305536,22.611191]]]}},{"type":"Feature","id":"A6409-0118-00","properties":{"code":"A6409-0118-00","district":"前鎮區","area_m2":4534.7,"centroid":[120.307767,22.61087],"population":139,"households":61,"male":73,"female":66,"ages":[18,31,53,37],"density_km2":30652},"geometry":{"type":"Polygon","coordinates":[[[120.308172,22.610952],[120.307776,22.610379],[120.307382,22.610762],[120.30766,22.61136],[120.308172,22.610952]]]}},{"type":"Feature","id":"A6409-0120-00","properties":{"code":"A6409-0120-00","district":"前鎮區","area_m2":2923.5,"centroid":[120.311038,22.610821],"population":102,"households":62,"male":45,"female":57,"ages":[12,28,32,30],"density_km2":34890},"geometry":{"type":"Polygon","coordinates":[[[120.310715,22.611153],[120.311006,22.611003],[120.311017,22.610998],[120.311038,22.610989],[120.311481,22.610796],[120.311322,22.610487],[120.31088,22.610707],[120.310921,22.610776],[120.310828,22.61082],[120.310824,22.61081],[120.310667,22.610885],[120.310577,22.610921],[120.310715,22.611153]]]}},{"type":"Feature","id":"A6409-0227-00","properties":{"code":"A6409-0227-00","district":"前鎮區","area_m2":278903.6,"centroid":[120.285963,22.608092],"population":0,"households":0,"male":0,"female":0,"ages":[0,0,0,0],"density_km2":0},"geometry":{"type":"Polygon","coordinates":[[[120.282552,22.610553],[120.283034,22.610799],[120.28345,22.611016],[120.284343,22.610641],[120.285495,22.61009],[120.286779,22.609462],[120.287186,22.609292],[120.288885,22.608545],[120.288928,22.608532],[120.290632,22.607753],[120.290543,22.607589],[120.290068,22.606715],[120.289809,22.606164],[120.289524,22.606279],[120.288681,22.60669],[120.288059,22.606992],[120.287358,22.607317],[120.286054,22.606614],[120.286309,22.606218],[120.2865,22.605912],[120.285029,22.605095],[120.284869,22.605006],[120.28419,22.606016],[120.283034,22.607975],[120.282972,22.608081],[120.282838,22.608292],[120.281809,22.609918],[120.281884,22.610196],[120.282552,22.610553]]]}},{"type":"Feature","id":"A6409-0158-00","properties":{"code":"A6409-0158-00","district":"前鎮區","area_m2":48369.4,"centroid":[120.300426,22.609698],"population":0,"households":0,"male":0,"female":0,"ages":[0,0,0,0],"density_km2":0},"geometry":{"type":"Polygon","coordinates":[[[120.300931,22.611041],[120.301741,22.608946],[120.300771,22.608626],[120.299951,22.608356],[120.299303,22.60999],[120.299146,22.610421],[120.29909,22.610564],[120.299269,22.610486],[120.299645,22.610611],[120.299671,22.61062],[120.299968,22.610719],[120.300175,22.610788],[120.300828,22.611006],[120.300852,22.611014],[120.300931,22.611041]]]}},{"type":"Feature","id":"A6409-0125-00","properties":{"code":"A6409-0125-00","district":"前鎮區","area_m2":5629.9,"centroid":[120.314243,22.61072],"population":404,"households":172,"male":197,"female":207,"ages":[62,96,168,78],"density_km2":71760},"geometry":{"type":"Polygon","coordinates":[[[120.313615,22.611028],[120.313641,22.611094],[120.314972,22.610681],[120.314864,22.610343],[120.314576,22.610434],[120.313503,22.610773],[120.31353,22.610817],[120.313539,22.610837],[120.313563,22.610899],[120.313571,22.610919],[120.313615,22.611028]]]}},{"type":"Feature","id":"A6409-0134-00","properties":{"code":"A6409-0134-00","district":"前鎮區","area_m2":6762.9,"centroid":[120.312998,22.61058],"population":255,"households":155,"male":124,"female":131,"ages":[17,58,104,76],"density_km2":37706},"geometry":{"type":"Polygon","coordinates":[[[120.313126,22.611092],[120.313563,22.610899],[120.313539,22.610837],[120.31353,22.610817],[120.313503,22.610773],[120.313447,22.610658],[120.313134,22.61008],[120.312536,22.610344],[120.312519,22.610344],[120.312404,22.610394],[120.312633,22.61083],[120.312943,22.610693],[120.313126,22.611092]]]}},{"type":"Feature","id":"A6409-0123-00","properties":{"code":"A6409-0123-00","district":"前鎮區","area_m2":3388.7,"centroid":[120.312245,22.610736],"population":340,"households":132,"male":158,"female":182,"ages":[44,89,148,59],"density_km2":100334},"geometry":{"type":"Polygon","coordinates":[[[120.312066,22.611079],[120.312633,22.61083],[120.312404,22.610394],[120.311863,22.610629],[120.312066,22.611079]]]}},{"type":"Feature","id":"A6410-0046-00","properties":{"code":"A6410-0046-00","district":"旗津區","area_m2":44514.9,"centroid":[120.277109,22.603172],"population":274,"households":134,"male":135,"female":139,"ages":[17,65,122,70],"density_km2":6155},"geometry":{"type":"Polygon","coordinates":[[[120.27739,22.604236],[120.278252,22.604776],[120.278253,22.604764],[120.278353,22.604516],[120.278173,22.604233],[120.277722,22.603656],[120.277652,22.603567],[120.278288,22.602705],[120.278003,22.602524],[120.278129,22.602348],[120.277888,22.602204],[120.277683,22.60204],[120.277684,22.601999],[120.277644,22.601958],[120.277563,22.601954],[120.277395,22.601906],[120.277318,22.601881],[120.277153,22.601806],[120.277031,22.601724],[120.276669,22.602136],[120.276603,22.602176],[120.276516,22.602229],[120.276401,22.602332],[120.275732,22.603182],[120.275768,22.603212],[120.275884,22.6033],[120.276844,22.603897],[120.27739,22.604236]]]}},{"type":"Feature","id":"A6410-0026-00","properties":{"code":"A6410-0026-00","district":"旗津區","area_m2":47387.9,"centroid":[120.275443,22.60948],"population":0,"households":0,"male":0,"female":0,"ages":[0,0,0,0],"density_km2":0},"geometry":{"type":"Polygon","coordinates":[[[120.274607,22.609982],[120.27488,22.610413],[120.274645,22.610555],[120.274685,22.610623],[120.27488,22.610887],[120.275931,22.610332],[120.276855,22.609831],[120.276374,22.609043],[120.276078,22.608558],[120.275795,22.608093],[120.275709,22.60814],[120.274949,22.608554],[120.274189,22.608968],[120.274129,22.609025],[120.274052,22.609099],[120.274082,22.609132],[120.274317,22.609517],[120.274607,22.609982]]]}},{"type":"Feature","id":"A6410-0024-00","properties":{"code":"A6410-0024-00","district":"旗津區","area_m2":15249.3,"centroid":[120.269675,22.609979],"population":553,"households":208,"male":282,"female":271,"ages":[62,145,226,120],"density_km2":36264},"geometry":{"type":"Polygon","coordinates":[[[120.270359,22.610844],[120.270363,22.610838],[120.270401,22.610794],[120.270442,22.610744],[120.270442,22.610712],[120.270506,22.610612],[120.270535,22.610592],[120.270768,22.610283],[120.270551,22.610158],[120.270434,22.610083],[120.269726,22.609627],[120.269645,22.609566],[120.26898,22.609139],[120.268732,22.609457],[120.268583,22.609641],[120.268878,22.609855],[120.26887,22.609867],[120.269267,22.61013],[120.269337,22.610058],[120.269399,22.610102],[120.269478,22.610136],[120.269514,22.610137],[120.26975,22.610284],[120.269754,22.6103],[120.269808,22.610331],[120.269846,22.610372],[120.26988,22.610424],[120.270011,22.610543],[120.269973,22.610594],[120.270359,22.610844]]]}},{"type":"Feature","id":"A6409-0132-00","properties":{"code":"A6409-0132-00","district":"前鎮區","area_m2":3960.0,"centroid":[120.3152,22.610618],"population":215,"households":82,"male":93,"female":122,"ages":[32,42,88,53],"density_km2":54292},"geometry":{"type":"Polygon","coordinates":[[[120.315085,22.611039],[120.315536,22.610914],[120.315305,22.61019],[120.314911,22.610327],[120.314864,22.610343],[120.314972,22.610681],[120.315085,22.611039]]]}},{"type":"Feature","id":"A6409-0138-00","properties":{"code":"A6409-0138-00","district":"前鎮區","area_m2":6592.6,"centroid":[120.30924,22.61043],"population":415,"households":181,"male":201,"female":214,"ages":[44,106,155,110],"density_km2":62950},"geometry":{"type":"Polygon","coordinates":[[[120.30898,22.610931],[120.309823,22.610436],[120.309589,22.610061],[120.309482,22.609922],[120.308644,22.61049],[120.308755,22.610609],[120.308936,22.610858],[120.30898,22.610931]]]}},{"type":"Feature","id":"A6409-0145-00","properties":{"code":"A6409-0145-00","district":"前鎮區","area_m2":14369.4,"centroid":[120.311272,22.610179],"population":347,"households":164,"male":154,"female":193,"ages":[35,79,119,114],"density_km2":24149},"geometry":{"type":"Polygon","coordinates":[[[120.310577,22.610921],[120.310667,22.610885],[120.310824,22.61081],[120.310828,22.61082],[120.310921,22.610776],[120.31088,22.610707],[120.311322,22.610487],[120.312376,22.609965],[120.312195,22.609646],[120.312065,22.609436],[120.311374,22.609813],[120.310596,22.610237],[120.310512,22.610105],[120.31016,22.61029],[120.310421,22.61066],[120.310577,22.610921]]]}},{"type":"Feature","id":"A6409-0137-00","properties":{"code":"A6409-0137-00","district":"前鎮區","area_m2":4117.1,"centroid":[120.315645,22.610479],"population":231,"households":101,"male":119,"female":112,"ages":[28,57,97,49],"density_km2":56107},"geometry":{"type":"Polygon","coordinates":[[[120.315536,22.610914],[120.315984,22.61079],[120.315748,22.610037],[120.315341,22.610178],[120.315305,22.61019],[120.315536,22.610914]]]}},{"type":"Feature","id":"A6409-0140-00","properties":{"code":"A6409-0140-00","district":"前鎮區","area_m2":7002.0,"centroid":[120.312206,22.610308],"population":189,"households":111,"male":78,"female":111,"ages":[15,48,81,45],"density_km2":26992},"geometry":{"type":"Polygon","coordinates":[[[120.311481,22.610796],[120.311815,22.61065],[120.311832,22.610643],[120.311863,22.610629],[120.312404,22.610394],[120.312519,22.610344],[120.312536,22.610344],[120.313134,22.61008],[120.313016,22.609833],[120.312444,22.610083],[120.312376,22.609965],[120.311322,22.610487],[120.311481,22.610796]]]}},{"type":"Feature","id":"A6409-0150-00","properties":{"code":"A6409-0150-00","district":"前鎮區","area_m2":10366.0,"centroid":[120.307567,22.610051],"population":99,"households":42,"male":48,"female":51,"ages":[16,20,40,23],"density_km2":9550},"geometry":{"type":"Polygon","coordinates":[[[120.306955,22.610634],[120.307382,22.610762],[120.307776,22.610379],[120.308221,22.609966],[120.308158,22.609884],[120.30747,22.609284],[120.307191,22.61002],[120.306955,22.610634]]]}},{"type":"Feature","id":"A6409-0144-00","properties":{"code":"A6409-0144-00","district":"前鎮區","area_m2":10607.8,"centroid":[120.313856,22.610217],"population":1158,"households":510,"male":544,"female":614,"ages":[195,298,437,228],"density_km2":109165},"geometry":{"type":"Polygon","coordinates":[[[120.313447,22.610658],[120.313503,22.610773],[120.314576,22.610434],[120.314168,22.609642],[120.31399,22.609722],[120.31396,22.609728],[120.313418,22.60996],[120.313134,22.61008],[120.313447,22.610658]]]}},{"type":"Feature","id":"A6409-0392-00","properties":{"code":"A6409-0392-00","district":"前鎮區","area_m2":151903.6,"centroid":[120.315849,22.602359],"population":0,"households":0,"male":0,"female":0,"ages":[0,0,0,0],"density_km2":0},"geometry":{"type":"Polygon","coordinates":[[[120.315251,22.60488],[120.316311,22.603526],[120.316752,22.603833],[120.317932,22.60235],[120.31814,22.602498],[120.318654,22.601888],[120.315744,22.599844],[120.315404,22.600261],[120.314608,22.601315],[120.314082,22.601991],[120.313472,22.602776],[120.313161,22.603176],[120.314364,22.604138],[120.315251,22.60488]]]}},{"type":"Feature","id":"A6409-0355-00","properties":{"code":"A6409-0355-00","district":"前鎮區","area_m2":42628.6,"centroid":[120.303733,22.603683],"population":0,"households":0,"male":0,"female":0,"ages":[0,0,0,0],"density_km2":0},"geometry":{"type":"Polygon","coordinates":[[[120.304554,22.604493],[120.305307,22.604747],[120.305545,22.604142],[120.305603,22.603991],[120.305674,22.603805],[120.304678,22.60347],[120.303942,22.603222],[120.303196,22.602971],[120.302148,22.602619],[120.302049,22.602885],[120.301794,22.603561],[120.304554,22.604493]]]}},{"type":"Feature","id":"A6410-0044-00","properties":{"code":"A6410-0044-00","district":"旗津區","area_m2":25122.7,"centroid":[120.274692,22.603576],"population":763,"households":276,"male":384,"female":379,"ages":[85,195,316,167],"density_km2":30371},"geometry":{"type":"Polygon","coordinates":[[[120.274564,22.604584],[120.274612,22.60451],[120.274636,22.604482],[120.274811,22.604275],[120.275181,22.60393],[120.275768,22.603212],[120.275732,22.603182],[120.274879,22.602617],[120.27411,22.602867],[120.273981,22.602963],[120.274335,22.60318],[120.273747,22.603941],[120.273639,22.604081],[120.27398,22.604283],[120.274073,22.604323],[120.274274,22.604437],[120.274438,22.604506],[120.274564,22.604584]]]}},{"type":"Feature","id":"A6409-0241-00","properties":{"code":"A6409-0241-00","district":"前鎮區","area_m2":205736.4,"centroid":[120.298619,22.607557],"population":0,"households":0,"male":0,"female":0,"ages":[0,0,0,0],"density_km2":0},"geometry":{"type":"Polygon","coordinates":[[[120.29909,22.610564],[120.299146,22.610421],[120.299303,22.60999],[120.299951,22.608356],[120.301163,22.605243],[120.301312,22.604855],[120.299335,22.604712],[120.298834,22.604679],[120.298787,22.605329],[120.298742,22.605824],[120.297084,22.605737],[120.296756,22.605716],[120.296551,22.605875],[120.296557,22.607543],[120.296776,22.608501],[120.29659,22.609458],[120.296575,22.609445],[120.296001,22.609716],[120.296644,22.609994],[120.296692,22.610083],[120.296803,22.61029],[120.297398,22.610018],[120.298256,22.610295],[120.298278,22.610302],[120.29909,22.610564]]]}},{"type":"Feature","id":"A6410-0025-00","properties":{"code":"A6410-0025-00","district":"旗津區","area_m2":5180.6,"centroid":[120.270887,22.609849],"population":120,"households":40,"male":66,"female":54,"ages":[16,30,48,26],"density_km2":23164},"geometry":{"type":"Polygon","coordinates":[[[120.270768,22.610283],[120.270964,22.610395],[120.271031,22.610218],[120.271095,22.609881],[120.271328,22.609538],[120.270984,22.609297],[120.270434,22.610083],[120.270551,22.610158],[120.270768,22.610283]]]}},{"type":"Feature","id":"A6410-0027-00","properties":{"code":"A6410-0027-00","district":"旗津區","area_m2":24011.7,"centroid":[120.267763,22.609333],"population":0,"households":0,"male":0,"female":0,"ages":[0,0,0,0],"density_km2":0},"geometry":{"type":"Polygon","coordinates":[[[120.268022,22.610338],[120.268583,22.609641],[120.268732,22.609457],[120.268556,22.609294],[120.268489,22.609269],[120.26843,22.609217],[120.268378,22.609196],[120.268271,22.609099],[120.268462,22.608824],[120.267774,22.608319],[120.26752,22.608539],[120.267363,22.608675],[120.266856,22.609377],[120.266752,22.60949],[120.268022,22.610338]]]}},{"type":"Feature","id":"A6409-0155-00","properties":{"code":"A6409-0155-00","district":"前鎮區","area_m2":11394.6,"centroid":[120.309032,22.609776],"population":345,"households":167,"male":168,"female":177,"ages":[31,79,125,110],"density_km2":30278},"geometry":{"type":"Polygon","coordinates":[[[120.308644,22.61049],[120.309482,22.609922],[120.309762,22.609733],[120.309581,22.609509],[120.309208,22.60905],[120.308974,22.609266],[120.308346,22.609845],[120.308443,22.609933],[120.30846,22.609915],[120.308548,22.609999],[120.308356,22.610127],[120.308441,22.610245],[120.308535,22.61036],[120.308628,22.610473],[120.308644,22.61049]]]}},{"type":"Feature","id":"A6409-0151-00","properties":{"code":"A6409-0151-00","district":"前鎮區","area_m2":4530.4,"centroid":[120.314553,22.609929],"population":209,"households":71,"male":92,"female":117,"ages":[37,53,76,43],"density_km2":46133},"geometry":{"type":"Polygon","coordinates":[[[120.314576,22.610434],[120.314864,22.610343],[120.314911,22.610327],[120.314645,22.609426],[120.314641,22.609428],[120.314571,22.60946],[120.314168,22.609642],[120.314576,22.610434]]]}},{"type":"Feature","id":"A6409-0157-00","properties":{"code":"A6409-0157-00","district":"前鎮區","area_m2":4947.8,"centroid":[120.314992,22.609787],"population":553,"households":208,"male":252,"female":301,"ages":[108,113,212,120],"density_km2":111767},"geometry":{"type":"Polygon","coordinates":[[[120.314911,22.610327],[120.315305,22.61019],[120.315341,22.610178],[120.315062,22.609238],[120.314945,22.60929],[120.314927,22.609305],[120.314645,22.609426],[120.314911,22.610327]]]}},{"type":"Feature","id":"A6409-0159-00","properties":{"code":"A6409-0159-00","district":"前鎮區","area_m2":11325.5,"centroid":[120.305534,22.609705],"population":41,"households":34,"male":17,"female":24,"ages":[0,11,28,2],"density_km2":3620},"geometry":{"type":"Polygon","coordinates":[[[120.304741,22.609911],[120.305873,22.610281],[120.306225,22.60934],[120.306278,22.609199],[120.306153,22.609158],[120.305901,22.609237],[120.305778,22.609237],[120.305531,22.609142],[120.305374,22.609562],[120.304934,22.609412],[120.304741,22.609911]]]}},{"type":"Feature","id":"A6409-0166-00","properties":{"code":"A6409-0166-00","district":"前鎮區","area_m2":16557.2,"centroid":[120.310476,22.60957],"population":347,"households":178,"male":174,"female":173,"ages":[29,76,100,142],"density_km2":20958},"geometry":{"type":"Polygon","coordinates":[[[120.310596,22.610237],[120.311374,22.609813],[120.311125,22.609419],[120.311088,22.609442],[120.310961,22.60928],[120.310773,22.609016],[120.310726,22.608949],[120.310592,22.608791],[120.309581,22.609509],[120.309762,22.609733],[120.309799,22.609779],[120.31016,22.61029],[120.310512,22.610105],[120.310596,22.610237]]]}},{"type":"Feature","id":"A6410-0028-00","properties":{"code":"A6410-0028-00","district":"旗津區","area_m2":31052.4,"centroid":[120.27101,22.608809],"population":353,"households":145,"male":168,"female":185,"ages":[36,81,169,67],"density_km2":11368},"geometry":{"type":"Polygon","coordinates":[[[120.269726,22.609627],[120.270434,22.610083],[120.270984,22.609297],[120.271328,22.609538],[120.271956,22.608612],[120.272259,22.608169],[120.271314,22.607542],[120.270959,22.608014],[120.269726,22.609627]]]}},{"type":"Feature","id":"A6409-0399-00","properties":{"code":"A6409-0399-00","district":"前鎮區","area_m2":133911.2,"centroid":[120.308557,22.602234],"population":0,"households":0,"male":0,"female":0,"ages":[0,0,0,0],"density_km2":0},"geometry":{"type":"Polygon","coordinates":[[[120.309511,22.604048],[120.310375,22.602985],[120.31113,22.602021],[120.311176,22.601962],[120.311308,22.601732],[120.307075,22.600346],[120.307009,22.600317],[120.306884,22.600634],[120.306877,22.600653],[120.306842,22.600751],[120.306628,22.601316],[120.306565,22.601481],[120.30643,22.601831],[120.306429,22.601835],[120.306214,22.602391],[120.306064,22.60278],[120.306011,22.602901],[120.305978,22.603009],[120.30603,22.603026],[120.307273,22.603438],[120.309464,22.604108],[120.309511,22.604048]]]}},{"type":"Feature","id":"A6410-0045-00","properties":{"code":"A6410-0045-00","district":"旗津區","area_m2":4899.4,"centroid":[120.273847,22.603448],"population":406,"households":182,"male":195,"female":211,"ages":[44,120,163,79],"density_km2":82867},"geometry":{"type":"Polygon","coordinates":[[[120.273358,22.60369],[120.273747,22.603941],[120.274335,22.60318],[120.273981,22.602963],[120.273875,22.603046],[120.273358,22.60369]]]}},{"type":"Feature","id":"A6410-0048-00","properties":{"code":"A6410-0048-00","district":"旗津區","area_m2":112262.4,"centroid":[120.279905,22.601291],"population":260,"households":118,"male":135,"female":125,"ages":[36,56,118,50],"density_km2":2316},"geometry":{"type":"Polygon","coordinates":[[[120.278288,22.602705],[120.278405,22.602547],[120.278473,22.602532],[120.278529,22.602469],[120.278663,22.602284],[120.279119,22.601656],[120.280037,22.602218],[120.280068,22.602212],[120.280111,22.602149],[120.279192,22.601564],[120.28016,22.600237],[120.281157,22.600675],[120.28035,22.602506],[120.27964,22.6026],[120.279651,22.602727],[120.280325,22.602631],[120.280486,22.603792],[120.280603,22.603808],[120.282491,22.600583],[120.281765,22.600081],[120.281722,22.600108],[120.281627,22.600033],[120.281654,22.599995],[120.281566,22.599929],[120.281608,22.599846],[120.281524,22.5998],[120.281555,22.599739],[120.281397,22.599655],[120.281343,22.599711],[120.281311,22.599686],[120.28127,22.599727],[120.280889,22.599556],[120.280502,22.599314],[120.280477,22.599356],[120.28025,22.599227],[120.28015,22.599353],[120.279854,22.599523],[120.27952,22.599242],[120.278629,22.599835],[120.278575,22.599877],[120.278355,22.60005],[120.278043,22.600356],[120.277827,22.60059],[120.277657,22.600876],[120.277651,22.600887],[120.277513,22.601212],[120.277399,22.601728],[120.277357,22.60184],[120.277318,22.601881],[120.277395,22.601906],[120.277563,22.601954],[120.277644,22.601958],[120.277684,22.601999],[120.277683,22.60204],[120.277888,22.602204],[120.278129,22.602348],[120.278003,22.602524],[120.278288,22.602705]]]}},{"type":"Feature","id":"A6409-0364-00","properties":{"code":"A6409-0364-00","district":"前鎮區","area_m2":5084.8,"centroid":[120.305254,22.60344],"population":340,"households":163,"male":162,"female":178,"ages":[38,80,124,98],"density_km2":66866},"geometry":{"type":"Polygon","coordinates":[[[120.304678,22.60347],[120.305674,22.603805],[120.305828,22.603405],[120.304835,22.603076],[120.304678,22.60347]]]}},{"type":"Feature","id":"A6409-0162-00","properties":{"code":"A6409-0162-00","district":"前鎮區","area_m2":4803.2,"centroid":[120.315403,22.609628],"population":406,"households":164,"male":195,"female":211,"ages":[68,87,177,74],"density_km2":84526},"geometry":{"type":"Polygon","coordinates":[[[120.315341,22.610178],[120.315748,22.610037],[120.315444,22.609068],[120.315062,22.609238],[120.315341,22.610178]]]}},{"type":"Feature","id":"A6409-0173-00","properties":{"code":"A6409-0173-00","district":"前鎮區","area_m2":8159.5,"centroid":[120.317291,22.609529],"population":399,"households":161,"male":184,"female":215,"ages":[66,106,172,55],"density_km2":48900},"geometry":{"type":"Polygon","coordinates":[[[120.317119,22.610144],[120.317141,22.610136],[120.317775,22.609913],[120.317628,22.609472],[120.317612,22.609424],[120.317449,22.608909],[120.316843,22.609142],[120.316812,22.609154],[120.316937,22.609553],[120.316956,22.609616],[120.317088,22.610043],[120.317119,22.610144]]]}},{"type":"Feature","id":"A6409-0177-00","properties":{"code":"A6409-0177-00","district":"前鎮區","area_m2":13846.1,"centroid":[120.312113,22.609391],"population":471,"households":238,"male":218,"female":253,"ages":[39,128,171,133],"density_km2":34017},"geometry":{"type":"Polygon","coordinates":[[[120.312444,22.610083],[120.313016,22.609833],[120.312802,22.609389],[120.312756,22.609325],[120.312712,22.609249],[120.312448,22.608835],[120.312431,22.6088],[120.312359,22.608686],[120.311713,22.609051],[120.311125,22.609419],[120.311374,22.609813],[120.312065,22.609436],[120.312195,22.609646],[120.312376,22.609965],[120.312444,22.610083]]]}},{"type":"Feature","id":"A6409-0176-00","properties":{"code":"A6409-0176-00","district":"前鎮區","area_m2":10129.8,"centroid":[120.31336,22.609424],"population":0,"households":0,"male":0,"female":0,"ages":[0,0,0,0],"density_km2":0},"geometry":{"type":"Polygon","coordinates":[[[120.313016,22.609833],[120.313134,22.61008],[120.313418,22.60996],[120.31396,22.609728],[120.31399,22.609722],[120.313908,22.609557],[120.31373,22.609281],[120.313728,22.609278],[120.313573,22.609009],[120.313404,22.608714],[120.312756,22.609325],[120.312802,22.609389],[120.313016,22.609833]]]}},{"type":"Feature","id":"A6409-0178-00","properties":{"code":"A6409-0178-00","district":"前鎮區","area_m2":7555.2,"centroid":[120.307279,22.609275],"population":80,"households":35,"male":44,"female":36,"ages":[5,13,33,29],"density_km2":10589},"geometry":{"type":"Polygon","coordinates":[[[120.307191,22.61002],[120.30747,22.609284],[120.307821,22.608714],[120.307307,22.608538],[120.306856,22.609699],[120.306765,22.609953],[120.306978,22.609979],[120.307191,22.61002]]]}},{"type":"Feature","id":"A6409-0179-00","properties":{"code":"A6409-0179-00","district":"前鎮區","area_m2":15602.5,"centroid":[120.316202,22.609304],"population":990,"households":485,"male":467,"female":523,"ages":[227,262,364,137],"density_km2":63451},"geometry":{"type":"Polygon","coordinates":[[[120.315748,22.610037],[120.31614,22.609901],[120.316956,22.609616],[120.316937,22.609553],[120.316812,22.609154],[120.316788,22.609069],[120.316631,22.608555],[120.316427,22.608627],[120.316406,22.608636],[120.315843,22.608891],[120.315813,22.608904],[120.315444,22.609068],[120.315748,22.610037]]]}},{"type":"Feature","id":"A6409-0188-00","properties":{"code":"A6409-0188-00","district":"前鎮區","area_m2":18385.6,"centroid":[120.308321,22.609054],"population":1,"households":1,"male":1,"female":0,"ages":[0,0,1,0],"density_km2":54},"geometry":{"type":"Polygon","coordinates":[[[120.308221,22.609966],[120.308346,22.609845],[120.308974,22.609266],[120.309208,22.60905],[120.309191,22.609027],[120.308242,22.608111],[120.307821,22.608714],[120.30747,22.609284],[120.308158,22.609884],[120.308221,22.609966]]]}},{"type":"Feature","id":"A6409-0370-00","properties":{"code":"A6409-0370-00","district":"前鎮區","area_m2":3736.0,"centroid":[120.304389,22.60315],"population":216,"households":106,"male":98,"female":118,"ages":[23,40,81,72],"density_km2":57815},"geometry":{"type":"Polygon","coordinates":[[[120.303942,22.603222],[120.304678,22.60347],[120.304835,22.603076],[120.304097,22.602831],[120.303942,22.603222]]]}},{"type":"Feature","id":"A6409-0374-00","properties":{"code":"A6409-0374-00","district":"前鎮區","area_m2":6165.8,"centroid":[120.305427,22.603003],"population":345,"households":156,"male":158,"female":187,"ages":[41,84,119,101],"density_km2":55954},"geometry":{"type":"Polygon","coordinates":[[[120.304835,22.603076],[120.305828,22.603405],[120.305972,22.603029],[120.305978,22.603009],[120.306011,22.602901],[120.305022,22.602607],[120.304835,22.603076]]]}},{"type":"Feature","id":"A6410-0047-00","properties":{"code":"A6410-0047-00","district":"旗津區","area_m2":16933.5,"centroid":[120.275744,22.602325],"population":266,"households":119,"male":133,"female":133,"ages":[23,77,101,65],"density_km2":15709},"geometry":{"type":"Polygon","coordinates":[[[120.274879,22.602617],[120.275732,22.603182],[120.276401,22.602332],[120.276516,22.602229],[120.276603,22.602176],[120.276494,22.602036],[120.276407,22.60194],[120.276213,22.601768],[120.276111,22.601672],[120.275999,22.601595],[120.275758,22.601466],[120.274879,22.602617]]]}},{"type":"Feature","id":"A6409-0377-00","properties":{"code":"A6409-0377-00","district":"前鎮區","area_m2":3762.2,"centroid":[120.303646,22.602902],"population":247,"households":113,"male":115,"female":132,"ages":[26,56,105,60],"density_km2":65653},"geometry":{"type":"Polygon","coordinates":[[[120.303196,22.602971],[120.303942,22.603222],[120.304097,22.602831],[120.303347,22.602582],[120.303196,22.602971]]]}},{"type":"Feature","id":"A6409-0172-00","properties":{"code":"A6409-0172-00","district":"前鎮區","area_m2":4644.6,"centroid":[120.31809,22.60954],"population":240,"households":112,"male":109,"female":131,"ages":[21,80,100,39],"density_km2":51673},"geometry":{"type":"Polygon","coordinates":[[[120.317775,22.609913],[120.318545,22.609667],[120.318386,22.609153],[120.317628,22.609472],[120.317775,22.609913]]]}},{"type":"Feature","id":"A6410-0029-00","properties":{"code":"A6410-0029-00","district":"旗津區","area_m2":19562.0,"centroid":[120.269973,22.608599],"population":255,"households":86,"male":127,"female":128,"ages":[40,59,100,56],"density_km2":13035},"geometry":{"type":"Polygon","coordinates":[[[120.269645,22.609566],[120.269726,22.609627],[120.270959,22.608014],[120.270879,22.607963],[120.270261,22.607571],[120.269714,22.60826],[120.26898,22.609139],[120.269645,22.609566]]]}},{"type":"Feature","id":"A6409-0189-00","properties":{"code":"A6409-0189-00","district":"前鎮區","area_m2":9580.5,"centroid":[120.306763,22.608991],"population":55,"households":25,"male":23,"female":32,"ages":[4,14,21,16],"density_km2":5741},"geometry":{"type":"Polygon","coordinates":[[[120.306856,22.609699],[120.307307,22.608538],[120.306675,22.608321],[120.306543,22.608498],[120.306399,22.608877],[120.306278,22.609199],[120.306225,22.60934],[120.306663,22.609575],[120.306856,22.609699]]]}},{"type":"Feature","id":"A6409-0192-00","properties":{"code":"A6409-0192-00","district":"前鎮區","area_m2":14346.3,"centroid":[120.315081,22.60901],"population":201,"households":88,"male":95,"female":106,"ages":[27,41,78,55],"density_km2":14011},"geometry":{"type":"Polygon","coordinates":[[[120.31399,22.609722],[120.314168,22.609642],[120.314571,22.60946],[120.314641,22.609428],[120.314645,22.609426],[120.314927,22.609305],[120.314945,22.60929],[120.315062,22.609238],[120.315444,22.609068],[120.315813,22.608904],[120.315843,22.608891],[120.316406,22.608636],[120.316427,22.608627],[120.316631,22.608555],[120.316554,22.608571],[120.316383,22.608519],[120.316286,22.608457],[120.316147,22.608302],[120.314647,22.608987],[120.314444,22.608763],[120.313728,22.609278],[120.31373,22.609281],[120.313908,22.609557],[120.31399,22.609722]]]}},{"type":"Feature","id":"A6410-0039-00","properties":{"code":"A6410-0039-00","district":"旗津區","area_m2":127188.0,"centroid":[120.27086,22.605771],"population":0,"households":0,"male":0,"female":0,"ages":[0,0,0,0],"density_km2":0},"geometry":{"type":"Polygon","coordinates":[[[120.268732,22.609457],[120.26898,22.609139],[120.269714,22.60826],[120.270261,22.607571],[120.270783,22.606915],[120.271117,22.606495],[120.271415,22.606121],[120.271999,22.605385],[120.272299,22.605008],[120.273358,22.60369],[120.273875,22.603046],[120.273981,22.602963],[120.273886,22.602905],[120.273702,22.602777],[120.273644,22.602747],[120.273593,22.602696],[120.273472,22.602706],[120.272784,22.602143],[120.272748,22.602191],[120.272248,22.602849],[120.27126,22.60415],[120.270644,22.604847],[120.270084,22.605641],[120.269613,22.60607],[120.269214,22.606768],[120.268829,22.607132],[120.268418,22.60767],[120.268303,22.607796],[120.268021,22.608104],[120.267821,22.608278],[120.267774,22.608319],[120.268462,22.608824],[120.268271,22.609099],[120.268378,22.609196],[120.26843,22.609217],[120.268489,22.609269],[120.268556,22.609294],[120.268732,22.609457]]]}},{"type":"Feature","id":"A6409-0187-00","properties":{"code":"A6409-0187-00","district":"前鎮區","area_m2":8824.6,"centroid":[120.305629,22.609026],"population":291,"households":134,"male":133,"female":158,"ages":[27,89,122,53],"density_km2":32976},"geometry":{"type":"Polygon","coordinates":[[[120.304934,22.609412],[120.305374,22.609562],[120.305531,22.609142],[120.305778,22.609237],[120.305901,22.609237],[120.306153,22.609158],[120.306278,22.609199],[120.306399,22.608877],[120.305283,22.608513],[120.304934,22.609412]]]}},{"type":"Feature","id":"A6409-0204-00","properties":{"code":"A6409-0204-00","district":"前鎮區","area_m2":16986.1,"centroid":[120.303328,22.608672],"population":301,"households":159,"male":150,"female":151,"ages":[34,82,136,49],"density_km2":17720},"geometry":{"type":"Polygon","coordinates":[[[120.30294,22.609336],[120.303547,22.609526],[120.304059,22.60812],[120.304039,22.608113],[120.303817,22.60804],[120.303794,22.608032],[120.303116,22.607816],[120.302595,22.609227],[120.302614,22.609233],[120.30294,22.609336]]]}},{"type":"Feature","id":"A6409-0427-00","properties":{"code":"A6409-0427-00","district":"前鎮區","area_m2":108743.0,"centroid":[120.313536,22.600823],"population":0,"households":0,"male":0,"female":0,"ages":[0,0,0,0],"density_km2":0},"geometry":{"type":"Polygon","coordinates":[[[120.313161,22.603176],[120.313472,22.602776],[120.314082,22.601991],[120.314608,22.601315],[120.315404,22.600261],[120.315744,22.599844],[120.314042,22.598524],[120.313982,22.598478],[120.313947,22.59853],[120.312557,22.600241],[120.312551,22.600248],[120.311308,22.601732],[120.31163,22.601935],[120.313161,22.603176]]]}},{"type":"Feature","id":"A6410-0049-00","properties":{"code":"A6410-0049-00","district":"旗津區","area_m2":64869.1,"centroid":[120.274593,22.601424],"population":0,"households":0,"male":0,"female":0,"ages":[0,0,0,0],"density_km2":0},"geometry":{"type":"Polygon","coordinates":[[[120.273981,22.602963],[120.27411,22.602867],[120.274879,22.602617],[120.275758,22.601466],[120.276418,22.600601],[120.276364,22.600572],[120.275881,22.600317],[120.275758,22.600224],[120.275655,22.600201],[120.275531,22.600223],[120.274882,22.599827],[120.274352,22.600463],[120.274112,22.600751],[120.274019,22.600837],[120.273865,22.600883],[120.273734,22.60098],[120.273494,22.601255],[120.273225,22.601562],[120.272784,22.602143],[120.273472,22.602706],[120.273593,22.602696],[120.273644,22.602747],[120.273702,22.602777],[120.273886,22.602905],[120.273981,22.602963]]]}},{"type":"Feature","id":"A6409-0383-00","properties":{"code":"A6409-0383-00","district":"前鎮區","area_m2":8226.9,"centroid":[120.304193,22.602626],"population":552,"households":269,"male":266,"female":286,"ages":[61,116,261,114],"density_km2":67097},"geometry":{"type":"Polygon","coordinates":[[[120.304097,22.602831],[120.304835,22.603076],[120.305022,22.602607],[120.304635,22.602492],[120.303962,22.602331],[120.303812,22.602284],[120.303501,22.602186],[120.303347,22.602582],[120.304097,22.602831]]]}},{"type":"Feature","id":"A6409-0384-00","properties":{"code":"A6409-0384-00","district":"前鎮區","area_m2":5235.8,"centroid":[120.302747,22.602601],"population":367,"households":183,"male":177,"female":190,"ages":[52,81,164,70],"density_km2":70094},"geometry":{"type":"Polygon","coordinates":[[[120.302148,22.602619],[120.303196,22.602971],[120.303347,22.602582],[120.302292,22.602232],[120.302148,22.602619]]]}},{"type":"Feature","id":"A6409-0435-00","properties":{"code":"A6409-0435-00","district":"前鎮區","area_m2":218201.3,"centroid":[120.300735,22.600198],"population":0,"households":0,"male":0,"female":0,"ages":[0,0,0,0],"density_km2":0},"geometry":{"type":"Polygon","coordinates":[[[120.302049,22.602885],[120.302148,22.602619],[120.302292,22.602232],[120.302435,22.601845],[120.302998,22.600405],[120.303049,22.600269],[120.30313,22.600061],[120.303312,22.599591],[120.303344,22.599509],[120.303468,22.599193],[120.303595,22.598867],[120.299468,22.597476],[120.299172,22.598208],[120.298636,22.599533],[120.297889,22.601596],[120.29814,22.601679],[120.301713,22.602859],[120.301784,22.602785],[120.302049,22.602885]]]}},{"type":"Feature","id":"A6409-0390-00","properties":{"code":"A6409-0390-00","district":"前鎮區","area_m2":8460.2,"centroid":[120.305447,22.602462],"population":789,"households":406,"male":381,"female":408,"ages":[75,177,292,245],"density_km2":93260},"geometry":{"type":"Polygon","coordinates":[[[120.306011,22.602901],[120.306064,22.60278],[120.306214,22.602391],[120.305112,22.602028],[120.30502,22.602267],[120.304777,22.602185],[120.304635,22.602492],[120.305022,22.602607],[120.306011,22.602901]]]}},{"type":"Feature","id":"A6409-0196-00","properties":{"code":"A6409-0196-00","district":"前鎮區","area_m2":9390.0,"centroid":[120.309896,22.608871],"population":277,"households":147,"male":137,"female":140,"ages":[14,74,98,91],"density_km2":29500},"geometry":{"type":"Polygon","coordinates":[[[120.309581,22.609509],[120.310592,22.608791],[120.310546,22.608735],[120.310395,22.608557],[120.31011,22.608219],[120.309476,22.608803],[120.309208,22.60905],[120.309581,22.609509]]]}},{"type":"Feature","id":"A6410-0030-00","properties":{"code":"A6410-0030-00","district":"旗津區","area_m2":41346.6,"centroid":[120.273436,22.608201],"population":83,"households":81,"male":71,"female":12,"ages":[1,62,20,0],"density_km2":2007},"geometry":{"type":"Polygon","coordinates":[[[120.273098,22.609319],[120.273545,22.608714],[120.273563,22.608689],[120.273666,22.608753],[120.273746,22.608661],[120.273745,22.608622],[120.273833,22.608623],[120.273737,22.608889],[120.27385,22.608937],[120.273894,22.60888],[120.274052,22.609099],[120.274129,22.609025],[120.274189,22.608968],[120.274949,22.608554],[120.27459,22.607939],[120.27447,22.607802],[120.274299,22.607712],[120.273795,22.607433],[120.273112,22.607034],[120.273091,22.607023],[120.273065,22.607059],[120.272621,22.607667],[120.272334,22.608062],[120.272259,22.608169],[120.271956,22.608612],[120.272826,22.609128],[120.273018,22.609228],[120.273098,22.609319]]]}},{"type":"Feature","id":"A6409-0190-00","properties":{"code":"A6409-0190-00","district":"前鎮區","area_m2":5399.1,"centroid":[120.317917,22.609041],"population":246,"households":104,"male":114,"female":132,"ages":[30,60,98,58],"density_km2":45564},"geometry":{"type":"Polygon","coordinates":[[[120.317628,22.609472],[120.318386,22.609153],[120.318382,22.609139],[120.318219,22.608614],[120.317449,22.608909],[120.317612,22.609424],[120.317628,22.609472]]]}},{"type":"Feature","id":"A6409-0217-00","properties":{"code":"A6409-0217-00","district":"前鎮區","area_m2":28378.7,"centroid":[120.311222,22.608353],"population":0,"households":0,"male":0,"female":0,"ages":[0,0,0,0],"density_km2":0},"geometry":{"type":"Polygon","coordinates":[[[120.311088,22.609442],[120.311125,22.609419],[120.311713,22.609051],[120.312359,22.608686],[120.312315,22.608615],[120.31201,22.608241],[120.311527,22.607645],[120.311455,22.607549],[120.311191,22.607222],[120.311165,22.607254],[120.31011,22.608219],[120.310395,22.608557],[120.310546,22.608735],[120.310592,22.608791],[120.310726,22.608949],[120.310773,22.609016],[120.310961,22.60928],[120.311088,22.609442]]]}},{"type":"Feature","id":"A6409-0210-00","properties":{"code":"A6409-0210-00","district":"前鎮區","area_m2":12506.2,"centroid":[120.313139,22.608509],"population":327,"households":126,"male":156,"female":171,"ages":[49,72,109,97],"density_km2":26147},"geometry":{"type":"Polygon","coordinates":[[[120.312712,22.609249],[120.312756,22.609325],[120.313404,22.608714],[120.313941,22.608208],[120.313714,22.607968],[120.313477,22.607718],[120.312359,22.608686],[120.312431,22.6088],[120.312448,22.608835],[120.312712,22.609249]]]}},{"type":"Feature","id":"A6409-0203-00","properties":{"code":"A6409-0203-00","district":"前鎮區","area_m2":6396.7,"centroid":[120.313909,22.608743],"population":262,"households":92,"male":122,"female":140,"ages":[50,56,106,50],"density_km2":40958},"geometry":{"type":"Polygon","coordinates":[[[120.313573,22.609009],[120.313728,22.609278],[120.314444,22.608763],[120.314406,22.608721],[120.31419,22.608483],[120.313941,22.608208],[120.313404,22.608714],[120.313573,22.609009]]]}},{"type":"Feature","id":"A6409-0249-00","properties":{"code":"A6409-0249-00","district":"前鎮區","area_m2":92950.0,"centroid":[120.302697,22.60734],"population":436,"households":250,"male":216,"female":220,"ages":[59,113,177,87],"density_km2":4691},"geometry":{"type":"Polygon","coordinates":[[[120.301741,22.608946],[120.302595,22.609227],[120.303116,22.607816],[120.303794,22.608032],[120.303817,22.60804],[120.304039,22.608113],[120.304124,22.6079],[120.304289,22.607495],[120.304483,22.606923],[120.304538,22.606948],[120.304749,22.606434],[120.304662,22.606403],[120.303892,22.606148],[120.302808,22.605788],[120.301964,22.605508],[120.301106,22.607739],[120.300771,22.608626],[120.301741,22.608946]]]}},{"type":"Feature","id":"A6409-0397-00","properties":{"code":"A6409-0397-00","district":"前鎮區","area_m2":5298.1,"centroid":[120.302897,22.602213],"population":343,"households":165,"male":166,"female":177,"ages":[56,80,160,47],"density_km2":64741},"geometry":{"type":"Polygon","coordinates":[[[120.302292,22.602232],[120.303347,22.602582],[120.303501,22.602186],[120.302457,22.601855],[120.302435,22.601845],[120.302292,22.602232]]]}},{"type":"Feature","id":"A6409-0404-00","properties":{"code":"A6409-0404-00","district":"前鎮區","area_m2":10301.5,"centroid":[120.304485,22.601962],"population":107,"households":59,"male":53,"female":54,"ages":[7,25,35,40],"density_km2":10387},"geometry":{"type":"Polygon","coordinates":[[[120.304635,22.602492],[120.304777,22.602185],[120.30502,22.602267],[120.305112,22.602028],[120.305116,22.602017],[120.305093,22.602008],[120.305176,22.601755],[120.304155,22.601414],[120.303812,22.602284],[120.303962,22.602331],[120.304635,22.602492]]]}},{"type":"Feature","id":"A6409-0402-00","properties":{"code":"A6409-0402-00","district":"前鎮區","area_m2":5039.0,"centroid":[120.305796,22.602045],"population":420,"households":210,"male":202,"female":218,"ages":[42,85,142,151],"density_km2":83350},"geometry":{"type":"Polygon","coordinates":[[[120.305112,22.602028],[120.306214,22.602391],[120.306429,22.601835],[120.30643,22.601831],[120.306085,22.601719],[120.30596,22.60203],[120.305403,22.601835],[120.305176,22.601755],[120.305093,22.602008],[120.305116,22.602017],[120.305112,22.602028]]]}},{"type":"Feature","id":"A6410-0050-00","properties":{"code":"A6410-0050-00","district":"旗津區","area_m2":14553.6,"centroid":[120.276521,22.601247],"population":277,"households":105,"male":136,"female":141,"ages":[40,73,116,48],"density_km2":19033},"geometry":{"type":"Polygon","coordinates":[[[120.276603,22.602176],[120.276669,22.602136],[120.277031,22.601724],[120.277255,22.60147],[120.276657,22.601095],[120.276649,22.601014],[120.276667,22.600922],[120.276729,22.600899],[120.276828,22.600771],[120.277047,22.600485],[120.276685,22.600253],[120.276418,22.600601],[120.275758,22.601466],[120.275999,22.601595],[120.276111,22.601672],[120.276213,22.601768],[120.276407,22.60194],[120.276494,22.602036],[120.276603,22.602176]]]}},{"type":"Feature","id":"A6409-0421-00","properties":{"code":"A6409-0421-00","district":"前鎮區","area_m2":27609.1,"centroid":[120.303429,22.60128],"population":658,"households":297,"male":326,"female":332,"ages":[75,130,276,177],"density_km2":23833},"geometry":{"type":"Polygon","coordinates":[[[120.303812,22.602284],[120.304155,22.601414],[120.304301,22.601046],[120.304423,22.600736],[120.30307,22.600279],[120.303049,22.600269],[120.302998,22.600405],[120.302435,22.601845],[120.302457,22.601855],[120.303501,22.602186],[120.303812,22.602284]]]}},{"type":"Feature","id":"A6409-0215-00","properties":{"code":"A6409-0215-00","district":"前鎮區","area_m2":18185.7,"centroid":[120.317853,22.6084],"population":212,"households":83,"male":104,"female":108,"ages":[32,41,85,54],"density_km2":11658},"geometry":{"type":"Polygon","coordinates":[[[120.316812,22.609154],[120.316843,22.609142],[120.317449,22.608909],[120.318219,22.608614],[120.319086,22.608276],[120.319103,22.608269],[120.319018,22.608102],[120.318973,22.608054],[120.318923,22.608044],[120.318859,22.607963],[120.318677,22.607645],[120.318,22.607942],[120.317974,22.607954],[120.316665,22.608547],[120.316631,22.608555],[120.316788,22.609069],[120.316812,22.609154]]]}},{"type":"Feature","id":"A6409-0268-00","properties":{"code":"A6409-0268-00","district":"前鎮區","area_m2":92883.0,"centroid":[120.30913,22.607027],"population":0,"households":0,"male":0,"female":0,"ages":[0,0,0,0],"density_km2":0},"geometry":{"type":"Polygon","coordinates":[[[120.309208,22.60905],[120.309476,22.608803],[120.31011,22.608219],[120.311165,22.607254],[120.311145,22.607229],[120.310313,22.606395],[120.30967,22.605764],[120.30888,22.604989],[120.308828,22.60494],[120.308694,22.60518],[120.308097,22.605901],[120.307581,22.606562],[120.307224,22.607061],[120.307122,22.607201],[120.307136,22.607209],[120.307545,22.607449],[120.307758,22.607621],[120.308242,22.608111],[120.309191,22.609027],[120.309208,22.60905]]]}},{"type":"Feature","id":"A6409-0228-00","properties":{"code":"A6409-0228-00","district":"前鎮區","area_m2":21882.5,"centroid":[120.315006,22.60815],"population":0,"households":0,"male":0,"female":0,"ages":[0,0,0,0],"density_km2":0},"geometry":{"type":"Polygon","coordinates":[[[120.314647,22.608987],[120.316147,22.608302],[120.316079,22.608227],[120.314924,22.607266],[120.314879,22.607308],[120.313941,22.608208],[120.31419,22.608483],[120.314406,22.608721],[120.314444,22.608763],[120.314647,22.608987]]]}},{"type":"Feature","id":"A6409-0411-00","properties":{"code":"A6409-0411-00","district":"前鎮區","area_m2":2843.1,"centroid":[120.30576,22.601737],"population":100,"households":51,"male":53,"female":47,"ages":[7,24,27,42],"density_km2":35173},"geometry":{"type":"Polygon","coordinates":[[[120.306085,22.601719],[120.306118,22.601635],[120.305551,22.601446],[120.305403,22.601835],[120.30596,22.60203],[120.306085,22.601719]]]}},{"type":"Feature","id":"A6409-0226-00","properties":{"code":"A6409-0226-00","district":"前鎮區","area_m2":13652.4,"centroid":[120.305703,22.608173],"population":195,"households":102,"male":91,"female":104,"ages":[16,35,78,66],"density_km2":14283},"geometry":{"type":"Polygon","coordinates":[[[120.306399,22.608877],[120.306543,22.608498],[120.306255,22.608213],[120.306068,22.608084],[120.305975,22.607915],[120.305816,22.607772],[120.305799,22.607758],[120.30573,22.607739],[120.305623,22.60768],[120.305574,22.607641],[120.305571,22.607639],[120.305373,22.607537],[120.305315,22.607488],[120.305254,22.607414],[120.305007,22.607669],[120.305045,22.607707],[120.30497,22.607789],[120.304976,22.607823],[120.304904,22.607899],[120.30519,22.608128],[120.305097,22.60823],[120.30512,22.60825],[120.30507,22.608304],[120.304991,22.608419],[120.305283,22.608513],[120.306399,22.608877]]]}},{"type":"Feature","id":"A6409-0233-00","properties":{"code":"A6409-0233-00","district":"前鎮區","area_m2":14950.3,"centroid":[120.30745,22.607996],"population":212,"households":111,"male":104,"female":108,"ages":[27,50,96,39],"density_km2":14180},"geometry":{"type":"Polygon","coordinates":[[[120.307821,22.608714],[120.308242,22.608111],[120.307758,22.607621],[120.307545,22.607449],[120.307136,22.607209],[120.307128,22.60723],[120.306675,22.608321],[120.307307,22.608538],[120.307821,22.608714]]]}},{"type":"Feature","id":"A6410-0032-00","properties":{"code":"A6410-0032-00","district":"旗津區","area_m2":36664.3,"centroid":[120.27445,22.607153],"population":111,"households":40,"male":55,"female":56,"ages":[13,27,51,20],"density_km2":3027},"geometry":{"type":"Polygon","coordinates":[[[120.275795,22.608093],[120.275216,22.607146],[120.274632,22.606352],[120.274417,22.606104],[120.274273,22.605964],[120.273978,22.605766],[120.273943,22.605735],[120.273916,22.605854],[120.273828,22.605971],[120.273091,22.607023],[120.273112,22.607034],[120.273795,22.607433],[120.274299,22.607712],[120.27447,22.607802],[120.27459,22.607939],[120.274949,22.608554],[120.275709,22.60814],[120.275795,22.608093]]]}},{"type":"Feature","id":"A6410-0035-00","properties":{"code":"A6410-0035-00","district":"旗津區","area_m2":69165.0,"centroid":[120.275747,22.606381],"population":307,"households":118,"male":154,"female":153,"ages":[33,69,139,66],"density_km2":4439},"geometry":{"type":"Polygon","coordinates":[[[120.275216,22.607146],[120.27545,22.607013],[120.275803,22.607555],[120.276273,22.607363],[120.27639,22.60753],[120.276452,22.607506],[120.277097,22.608547],[120.277411,22.608375],[120.276676,22.607175],[120.276829,22.607085],[120.276863,22.607128],[120.277272,22.606929],[120.277479,22.606626],[120.277201,22.606311],[120.277201,22.606282],[120.27719,22.606237],[120.277141,22.605886],[120.277059,22.605889],[120.276726,22.605676],[120.276543,22.605579],[120.276375,22.605515],[120.276171,22.60543],[120.276087,22.605363],[120.275856,22.605228],[120.275753,22.605189],[120.275617,22.605229],[120.275408,22.605076],[120.275306,22.604934],[120.2748,22.604576],[120.274636,22.604482],[120.274612,22.60451],[120.274564,22.604584],[120.274161,22.6052],[120.274055,22.605469],[120.273978,22.605766],[120.274273,22.605964],[120.274417,22.606104],[120.274632,22.606352],[120.275216,22.607146]]]}},{"type":"Feature","id":"A6409-0234-00","properties":{"code":"A6409-0234-00","district":"前鎮區","area_m2":9875.9,"centroid":[120.312755,22.607974],"population":1765,"households":839,"male":794,"female":971,"ages":[281,429,729,326],"density_km2":178718},"geometry":{"type":"Polygon","coordinates":[[[120.312315,22.608615],[120.312359,22.608686],[120.313477,22.607718],[120.313517,22.607678],[120.313048,22.607278],[120.312695,22.607605],[120.31201,22.608241],[120.312315,22.608615]]]}},{"type":"Feature","id":"A6409-0269-00","properties":{"code":"A6409-0269-00","district":"前鎮區","area_m2":32330.1,"centroid":[120.300958,22.606937],"population":0,"households":0,"male":0,"female":0,"ages":[0,0,0,0],"density_km2":0},"geometry":{"type":"Polygon","coordinates":[[[120.299951,22.608356],[120.300771,22.608626],[120.301106,22.607739],[120.301964,22.605508],[120.301942,22.605501],[120.301163,22.605243],[120.299951,22.608356]]]}},{"type":"Feature","id":"A6402-0490-00","properties":{"code":"A6402-0490-00","district":"鼓山區","area_m2":1920628.8,"centroid":[120.262232,22.638436],"population":15,"households":8,"male":9,"female":6,"ages":[1,1,6,7],"density_km2":8},"geometry":{"type":"Polygon","coordinates":[[[120.256806,22.646161],[120.257237,22.645784],[120.25729,22.64576],[120.257353,22.645777],[120.257382,22.645799],[120.257396,22.645842],[120.257376,22.645893],[120.257283,22.645992],[120.257105,22.646147],[120.257055,22.646289],[120.256997,22.64638],[120.256912,22.646576],[120.256754,22.646905],[120.256713,22.647023],[120.256686,22.647149],[120.256688,22.647243],[120.256714,22.647308],[120.256769,22.647354],[120.256896,22.647435],[120.256971,22.647497],[120.257011,22.647575],[120.257025,22.647653],[120.257047,22.648],[120.257073,22.648331],[120.257112,22.648677],[120.257151,22.648949],[120.257153,22.649089],[120.257132,22.649191],[120.257114,22.649317],[120.257114,22.649427],[120.257127,22.649537],[120.257156,22.649669],[120.257155,22.64982],[120.257122,22.650045],[120.257143,22.650491],[120.257188,22.650792],[120.257222,22.650916],[120.25725,22.650981],[120.257296,22.651021],[120.257354,22.651059],[120.257432,22.651078],[120.257516,22.651084],[120.2576,22.651079],[120.257736,22.651053],[120.257803,22.651061],[120.257881,22.65111],[120.257987,22.651218],[120.258114,22.65138],[120.25818,22.651471],[120.25822,22.651592],[120.258231,22.651689],[120.258221,22.651848],[120.258221,22.651942],[120.258249,22.652001],[120.258301,22.652063],[120.258394,22.652135],[120.258511,22.652238],[120.258584,22.652263],[120.258653,22.652258],[120.258708,22.652234],[120.258766,22.652167],[120.258805,22.652065],[120.25882,22.651944],[120.258815,22.651807],[120.258766,22.651657],[120.258647,22.651229],[120.258522,22.650788],[120.25845,22.650599],[120.258387,22.650483],[120.258203,22.65027],[120.258068,22.650143],[120.257887,22.649936],[120.257743,22.649731],[120.257709,22.649629],[120.257692,22.649543],[120.257701,22.649462],[120.257836,22.649132],[120.257941,22.648915],[120.258072,22.648762],[120.258125,22.648669],[120.25814,22.648602],[120.258135,22.64851],[120.258121,22.64837],[120.258095,22.648292],[120.258049,22.648228],[120.258021,22.648128],[120.25801,22.64805],[120.258024,22.647994],[120.258062,22.647954],[120.258135,22.647911],[120.258225,22.647877],[120.258277,22.647885],[120.258343,22.647907],[120.258378,22.647939],[120.258507,22.648155],[120.258579,22.648252],[120.25867,22.648435],[120.258765,22.64858],[120.259035,22.648939],[120.259167,22.649141],[120.259371,22.649542],[120.259537,22.649785],[120.259704,22.649947],[120.259823,22.650047],[120.259981,22.650144],[120.260082,22.650185],[120.26014,22.650177],[120.260192,22.650148],[120.260227,22.650108],[120.260236,22.650062],[120.260228,22.65],[120.260202,22.64996],[120.260046,22.649851],[120.259995,22.649776],[120.259972,22.649685],[120.259933,22.649464],[120.25987,22.649252],[120.259652,22.648939],[120.259597,22.648845],[120.259543,22.648723],[120.259431,22.648516],[120.259308,22.648381],[120.259201,22.648295],[120.259138,22.64823],[120.259109,22.648165],[120.259109,22.648104],[120.259127,22.648055],[120.259177,22.647978],[120.259261,22.647828],[120.259332,22.647672],[120.259329,22.647562],[120.259321,22.647468],[120.259281,22.647374],[120.259235,22.647252],[120.259221,22.647164],[120.259251,22.647046],[120.259312,22.646955],[120.259405,22.646901],[120.25955,22.646872],[120.259698,22.646886],[120.260042,22.646974],[120.26028,22.647007],[120.260365,22.646983],[120.260445,22.646934],[120.260534,22.646819],[120.260597,22.64675],[120.260672,22.646692],[120.260761,22.646643],[120.260886,22.646605],[120.261057,22.646576],[120.261158,22.646571],[120.261262,22.646579],[120.261346,22.646609],[120.261464,22.646669],[120.261594,22.646729],[120.26167,22.646748],[120.261727,22.646738],[120.261797,22.646708],[120.26187,22.646666],[120.26194,22.646588],[120.261986,22.646513],[120.262022,22.646403],[120.262046,22.646237],[120.262044,22.646081],[120.26201,22.645792],[120.261975,22.645694],[120.261893,22.645349],[120.261896,22.645253],[120.261876,22.645131],[120.261816,22.644921],[120.261788,22.644877],[120.261746,22.644844],[120.261699,22.644805],[120.261721,22.644655],[120.261724,22.644564],[120.261715,22.644483],[120.26169,22.644414],[120.261648,22.644368],[120.261527,22.644296],[120.261433,22.644265],[120.261312,22.644232],[120.261251,22.644199],[120.261209,22.644153],[120.261181,22.644094],[120.261156,22.643992],[120.261148,22.643888],[120.261155,22.643786],[120.261188,22.643701],[120.261252,22.643619],[120.261374,22.643526],[120.261482,22.643475],[120.261635,22.643425],[120.262033,22.643314],[120.262258,22.6432],[120.262685,22.643],[120.262804,22.642975],[120.263191,22.642911],[120.263536,22.642767],[120.263723,22.642727],[120.263826,22.642677],[120.263887,22.642626],[120.263932,22.642548],[120.263956,22.642454],[120.264007,22.642166],[120.264055,22.641953],[120.264048,22.641836],[120.264018,22.641736],[120.263946,22.64162],[120.263818,22.641481],[120.263726,22.641322],[120.263679,22.641209],[120.263673,22.641104],[120.263694,22.641031],[120.263751,22.640931],[120.263786,22.640872],[120.263829,22.640834],[120.263885,22.640816],[120.263967,22.640828],[120.264053,22.640876],[120.2643,22.641031],[120.264356,22.64106],[120.264584,22.640904],[120.264591,22.64088],[120.26455,22.640841],[120.264313,22.640544],[120.264038,22.640044],[120.263965,22.639949],[120.263625,22.639525],[120.263351,22.63926],[120.263069,22.639042],[120.263007,22.638775],[120.262963,22.638583],[120.264451,22.638782],[120.264545,22.638371],[120.264598,22.63808],[120.264688,22.637794],[120.264811,22.63749],[120.264957,22.637235],[120.265154,22.636945],[120.265352,22.636731],[120.265699,22.636207],[120.265822,22.635889],[120.26587,22.635628],[120.26589,22.635524],[120.265899,22.634846],[120.265871,22.634212],[120.266385,22.633589],[120.266974,22.633098],[120.268284,22.632007],[120.268413,22.6319],[120.268696,22.631651],[120.26893,22.631564],[120.26948,22.631347],[120.270097,22.631183],[120.270309,22.631121],[120.270562,22.630957],[120.271,22.630689],[120.271075,22.630643],[120.271633,22.630251],[120.272113,22.630063],[120.272228,22.629928],[120.272277,22.629804],[120.272296,22.62964],[120.272208,22.629278],[120.272123,22.628961],[120.271983,22.628611],[120.271724,22.628185],[120.271632,22.628027],[120.271336,22.627436],[120.271068,22.626786],[120.271041,22.62671],[120.270775,22.626856],[120.27049,22.627012],[120.270451,22.627033],[120.27024,22.627082],[120.270043,22.627109],[120.269701,22.627108],[120.269498,22.62718],[120.269281,22.627273],[120.26913,22.627402],[120.269017,22.627515],[120.268987,22.62767],[120.269008,22.628019],[120.269016,22.628261],[120.269006,22.628335],[120.268973,22.62841],[120.268928,22.628445],[120.268864,22.628466],[120.268787,22.628457],[120.268703,22.628414],[120.268579,22.628295],[120.268406,22.628174],[120.268149,22.628012],[120.26795,22.627913],[120.267758,22.627843],[120.267645,22.62784],[120.267523,22.627872],[120.267397,22.627925],[120.267159,22.628073],[120.266978,22.628192],[120.266878,22.628245],[120.266791,22.62826],[120.266711,22.628238],[120.266628,22.628181],[120.266487,22.628058],[120.266388,22.627986],[120.266259,22.627941],[120.266205,22.627935],[120.266082,22.627976],[120.265934,22.628023],[120.265831,22.628037],[120.265201,22.628026],[120.264973,22.627989],[120.264975,22.627734],[120.263032,22.627808],[120.26298,22.62792],[120.262453,22.628249],[120.261685,22.629713],[120.261715,22.62991],[120.261771,22.630005],[120.261763,22.63007],[120.261702,22.630205],[120.26149,22.630672],[120.261031,22.631523],[120.26049,22.631331],[120.26036,22.631423],[120.260136,22.631709],[120.260154,22.631772],[120.260222,22.631772],[120.26044,22.631554],[120.260514,22.631543],[120.260563,22.631577],[120.260643,22.631715],[120.260629,22.631923],[120.260405,22.632306],[120.260206,22.632483],[120.260044,22.632803],[120.259858,22.632963],[120.25972,22.633226],[120.259651,22.633443],[120.259315,22.633913],[120.258888,22.634209],[120.258713,22.634391],[120.258577,22.634408],[120.258323,22.634631],[120.258035,22.634794],[120.257385,22.635164],[120.257155,22.63542],[120.257148,22.635592],[120.257011,22.635765],[120.256854,22.635875],[120.256553,22.635882],[120.256454,22.635911],[120.256355,22.635974],[120.256156,22.636242],[120.256074,22.636558],[120.255905,22.636911],[120.255566,22.637908],[120.255476,22.638715],[120.255131,22.63957],[120.254969,22.639781],[120.254823,22.639893],[120.254672,22.639951],[120.254569,22.639948],[120.254548,22.64003],[120.254375,22.640002],[120.254334,22.640035],[120.254288,22.640191],[120.254027,22.640463],[120.254026,22.640671],[120.253933,22.640711],[120.253963,22.640838],[120.253936,22.641169],[120.253786,22.641541],[120.253503,22.641935],[120.253667,22.642201],[120.253698,22.642312],[120.253683,22.642399],[120.253658,22.642474],[120.253718,22.642497],[120.253742,22.64253],[120.253777,22.642605],[120.25384,22.642644],[120.253825,22.642751],[120.254059,22.642863],[120.254115,22.642932],[120.254458,22.642963],[120.25438,22.643099],[120.254285,22.643238],[120.254204,22.643368],[120.254161,22.643518],[120.254139,22.643657],[120.254156,22.643862],[120.254213,22.644178],[120.254248,22.644331],[120.254272,22.644419],[120.254257,22.644504],[120.254154,22.64475],[120.254084,22.644867],[120.254053,22.644982],[120.254101,22.64502],[120.254124,22.645103],[120.254139,22.645516],[120.254198,22.645527],[120.254289,22.645313],[120.254348,22.645192],[120.254444,22.645072],[120.25448,22.644951],[120.254783,22.644886],[120.255002,22.644816],[120.255328,22.644795],[120.25566,22.644863],[120.255854,22.645023],[120.25596,22.645244],[120.256036,22.64531],[120.25622,22.645415],[120.256746,22.645621],[120.256763,22.645726],[120.256815,22.645875],[120.256838,22.64604],[120.256806,22.646161]]]}},{"type":"Feature","id":"A6405-0620-00","properties":{"code":"A6405-0620-00","district":"三民區","area_m2":4121.1,"centroid":[120.300639,22.648618],"population":140,"households":64,"male":65,"female":75,"ages":[14,30,56,40],"density_km2":33971},"geometry":{"type":"Polygon","coordinates":[[[120.300085,22.648821],[120.301221,22.64873],[120.301198,22.648417],[120.300059,22.648501],[120.300085,22.648821]]]}},{"type":"Feature","id":"A6405-0621-00","properties":{"code":"A6405-0621-00","district":"三民區","area_m2":3938.5,"centroid":[120.304938,22.648611],"population":153,"households":61,"male":81,"female":72,"ages":[23,35,62,33],"density_km2":38847},"geometry":{"type":"Polygon","coordinates":[[[120.304343,22.648789],[120.30551,22.648729],[120.305545,22.648726],[120.305521,22.648427],[120.305485,22.64843],[120.304324,22.648514],[120.304343,22.648789]]]}},{"type":"Feature","id":"A6405-0623-00","properties":{"code":"A6405-0623-00","district":"三民區","area_m2":3985.0,"centroid":[120.301781,22.648536],"population":112,"households":47,"male":62,"female":50,"ages":[17,19,39,37],"density_km2":28106},"geometry":{"type":"Polygon","coordinates":[[[120.301221,22.64873],[120.302373,22.64864],[120.302342,22.648347],[120.301198,22.648417],[120.301221,22.64873]]]}},{"type":"Feature","id":"A6405-0626-00","properties":{"code":"A6405-0626-00","district":"三民區","area_m2":3950.6,"centroid":[120.306097,22.648538],"population":116,"households":60,"male":60,"female":56,"ages":[8,31,42,35],"density_km2":29363},"geometry":{"type":"Polygon","coordinates":[[[120.305545,22.648726],[120.306669,22.648661],[120.306642,22.648345],[120.305521,22.648427],[120.305545,22.648726]]]}},{"type":"Feature","id":"A6405-0628-00","properties":{"code":"A6405-0628-00","district":"三民區","area_m2":3798.5,"centroid":[120.298274,22.648499],"population":126,"households":54,"male":53,"female":73,"ages":[21,27,44,34],"density_km2":33171},"geometry":{"type":"Polygon","coordinates":[[[120.297704,22.648687],[120.29887,22.648595],[120.298845,22.648311],[120.297679,22.648403],[120.297704,22.648687]]]}},{"type":"Feature","id":"A6405-0650-00","properties":{"code":"A6405-0650-00","district":"三民區","area_m2":11360.1,"centroid":[120.295155,22.648124],"population":3,"households":2,"male":1,"female":2,"ages":[1,1,1,0],"density_km2":264},"geometry":{"type":"Polygon","coordinates":[[[120.294557,22.648631],[120.295817,22.648346],[120.295816,22.648329],[120.295785,22.647665],[120.29452,22.647741],[120.294556,22.6486],[120.294557,22.648631]]]}},{"type":"Feature","id":"A6402-0465-00","properties":{"code":"A6402-0465-00","district":"鼓山區","area_m2":8026.0,"centroid":[120.277373,22.647861],"population":153,"households":61,"male":77,"female":76,"ages":[15,35,73,30],"density_km2":19063},"geometry":{"type":"Polygon","coordinates":[[[120.277483,22.648531],[120.277504,22.648541],[120.277573,22.648248],[120.277648,22.647915],[120.277789,22.647284],[120.277278,22.647193],[120.277255,22.647183],[120.277102,22.647819],[120.27695,22.648409],[120.277483,22.648531]]]}},{"type":"Feature","id":"A6405-0641-00","properties":{"code":"A6405-0641-00","district":"三民區","area_m2":7624.0,"centroid":[120.307226,22.648329],"population":223,"households":83,"male":108,"female":115,"ages":[30,49,77,67],"density_km2":29250},"geometry":{"type":"Polygon","coordinates":[[[120.306669,22.648661],[120.307831,22.64857],[120.307807,22.648266],[120.307799,22.647997],[120.306616,22.648092],[120.30664,22.648319],[120.306642,22.648345],[120.306669,22.648661]]]}},{"type":"Feature","id":"A6405-0645-00","properties":{"code":"A6405-0645-00","district":"三民區","area_m2":8496.9,"centroid":[120.299437,22.648236],"population":167,"households":81,"male":79,"female":88,"ages":[21,19,76,51],"density_km2":19654},"geometry":{"type":"Polygon","coordinates":[[[120.29887,22.648595],[120.300027,22.648504],[120.300059,22.648501],[120.300008,22.647876],[120.299944,22.647888],[120.298815,22.647968],[120.298819,22.648013],[120.298845,22.648311],[120.29887,22.648595]]]}},{"type":"Feature","id":"A6402-0461-00","properties":{"code":"A6402-0461-00","district":"鼓山區","area_m2":4075.9,"centroid":[120.279741,22.648175],"population":166,"households":68,"male":87,"female":79,"ages":[13,43,65,45],"density_km2":40727},"geometry":{"type":"Polygon","coordinates":[[[120.280507,22.648212],[120.280062,22.648113],[120.279794,22.648053],[120.279578,22.648005],[120.279383,22.64794],[120.279006,22.647939],[120.279013,22.648167],[120.279014,22.648192],[120.279343,22.648196],[120.280405,22.648432],[120.280507,22.648212]]]}},{"type":"Feature","id":"A6405-0654-00","properties":{"code":"A6405-0654-00","district":"三民區","area_m2":8045.3,"centroid":[120.300599,22.648147],"population":267,"households":110,"male":139,"female":128,"ages":[40,56,101,70],"density_km2":33187},"geometry":{"type":"Polygon","coordinates":[[[120.300059,22.648501],[120.301198,22.648417],[120.301116,22.647842],[120.301113,22.64779],[120.300008,22.647876],[120.300059,22.648501]]]}},{"type":"Feature","id":"A6405-0639-00","properties":{"code":"A6405-0639-00","district":"三民區","area_m2":3488.5,"centroid":[120.304913,22.648344],"population":100,"households":42,"male":49,"female":51,"ages":[12,24,41,23],"density_km2":28666},"geometry":{"type":"Polygon","coordinates":[[[120.304324,22.648514],[120.305485,22.64843],[120.305521,22.648427],[120.3055,22.648173],[120.305459,22.648176],[120.304306,22.648258],[120.304324,22.648514]]]}},{"type":"Feature","id":"A6405-0871-00","properties":{"code":"A6405-0871-00","district":"三民區","area_m2":4084.3,"centroid":[120.308112,22.644922],"population":22,"households":12,"male":8,"female":14,"ages":[4,2,12,4],"density_km2":5387},"geometry":{"type":"Polygon","coordinates":[[[120.308729,22.644982],[120.308749,22.644988],[120.30873,22.644734],[120.307532,22.644792],[120.30751,22.644793],[120.307515,22.64513],[120.308729,22.644982]]]}},{"type":"Feature","id":"A6405-0888-00","properties":{"code":"A6405-0888-00","district":"三民區","area_m2":9914.0,"centroid":[120.299107,22.644625],"population":258,"households":107,"male":137,"female":121,"ages":[25,63,99,71],"density_km2":26024},"geometry":{"type":"Polygon","coordinates":[[[120.29972,22.644964],[120.299665,22.644305],[120.299658,22.644219],[120.299639,22.64422],[120.298493,22.644285],[120.298497,22.644354],[120.298561,22.645031],[120.29972,22.644964]]]}},{"type":"Feature","id":"A6405-0891-00","properties":{"code":"A6405-0891-00","district":"三民區","area_m2":9883.7,"centroid":[120.300271,22.644556],"population":208,"households":84,"male":103,"female":105,"ages":[15,44,76,73],"density_km2":21045},"geometry":{"type":"Polygon","coordinates":[[[120.300887,22.644888],[120.300823,22.644219],[120.300818,22.644155],[120.300797,22.644149],[120.299709,22.644216],[120.299658,22.644219],[120.299665,22.644305],[120.29972,22.644964],[120.300887,22.644888]]]}},{"type":"Feature","id":"A6405-0908-00","properties":{"code":"A6405-0908-00","district":"三民區","area_m2":9826.5,"centroid":[120.309162,22.644336],"population":66,"households":31,"male":27,"female":39,"ages":[7,15,27,17],"density_km2":6717},"geometry":{"type":"Polygon","coordinates":[[[120.308749,22.644988],[120.308803,22.644976],[120.30955,22.644915],[120.309585,22.64492],[120.309466,22.643595],[120.309045,22.643613],[120.309058,22.644244],[120.308697,22.644288],[120.308705,22.644393],[120.30873,22.644734],[120.308749,22.644988]]]}},{"type":"Feature","id":"A6405-0879-00","properties":{"code":"A6405-0879-00","district":"三民區","area_m2":4515.4,"centroid":[120.305778,22.644756],"population":206,"households":78,"male":106,"female":100,"ages":[34,43,77,52],"density_km2":45621},"geometry":{"type":"Polygon","coordinates":[[[120.305199,22.644952],[120.306376,22.644907],[120.306338,22.644551],[120.30517,22.644636],[120.305199,22.644952]]]}},{"type":"Feature","id":"A6405-0899-00","properties":{"code":"A6405-0899-00","district":"三民區","area_m2":10088.6,"centroid":[120.301445,22.644472],"population":252,"households":114,"male":106,"female":146,"ages":[24,63,95,70],"density_km2":24979},"geometry":{"type":"Polygon","coordinates":[[[120.302065,22.644803],[120.30202,22.644116],[120.302015,22.644054],[120.30199,22.644056],[120.300818,22.644155],[120.300823,22.644219],[120.300887,22.644888],[120.302065,22.644803]]]}},{"type":"Feature","id":"A6405-0913-00","properties":{"code":"A6405-0913-00","district":"三民區","area_m2":11683.9,"centroid":[120.309908,22.644228],"population":144,"households":59,"male":69,"female":75,"ages":[25,22,58,39],"density_km2":12325},"geometry":{"type":"Polygon","coordinates":[[[120.310326,22.644885],[120.310346,22.64489],[120.310289,22.644224],[120.310243,22.643535],[120.309856,22.643565],[120.309466,22.643595],[120.309585,22.64492],[120.309974,22.644895],[120.310326,22.644885]]]}},{"type":"Feature","id":"A6405-0916-00","properties":{"code":"A6405-0916-00","district":"三民區","area_m2":19286.1,"centroid":[120.292276,22.644117],"population":126,"households":66,"male":62,"female":64,"ages":[25,38,48,15],"density_km2":6533},"geometry":{"type":"Polygon","coordinates":[[[120.291679,22.64483],[120.292949,22.644727],[120.292869,22.643417],[120.291623,22.643466],[120.29161,22.643466],[120.291676,22.644727],[120.291679,22.64483]]]}},{"type":"Feature","id":"A6405-1154-00","properties":{"code":"A6405-1154-00","district":"三民區","area_m2":6095.8,"centroid":[120.30118,22.641151],"population":90,"households":44,"male":49,"female":41,"ages":[7,12,38,33],"density_km2":14764},"geometry":{"type":"Polygon","coordinates":[[[120.300612,22.641416],[120.301779,22.641342],[120.301759,22.640885],[120.300576,22.640965],[120.300612,22.641416]]]}},{"type":"Feature","id":"A6405-1151-00","properties":{"code":"A6405-1151-00","district":"三民區","area_m2":5217.3,"centroid":[120.311937,22.641208],"population":181,"households":74,"male":90,"female":91,"ages":[30,37,68,46],"density_km2":34693},"geometry":{"type":"Polygon","coordinates":[[[120.311393,22.641451],[120.312522,22.641362],[120.312485,22.64097],[120.311359,22.641035],[120.311393,22.641451]]]}},{"type":"Feature","id":"A6405-1163-00","properties":{"code":"A6405-1163-00","district":"三民區","area_m2":3486.3,"centroid":[120.318068,22.641135],"population":165,"households":59,"male":95,"female":70,"ages":[31,33,61,40],"density_km2":47329},"geometry":{"type":"Polygon","coordinates":[[[120.317808,22.641426],[120.318372,22.641384],[120.31833,22.640845],[120.317764,22.640887],[120.317808,22.641426]]]}},{"type":"Feature","id":"A6405-1183-00","properties":{"code":"A6405-1183-00","district":"三民區","area_m2":18548.7,"centroid":[120.30274,22.640861],"population":0,"households":0,"male":0,"female":0,"ages":[0,0,0,0],"density_km2":0},"geometry":{"type":"Polygon","coordinates":[[[120.301779,22.641342],[120.302528,22.641292],[120.302731,22.641283],[120.302854,22.641275],[120.303706,22.641223],[120.303727,22.641222],[120.303707,22.640376],[120.302684,22.640457],[120.302176,22.640485],[120.301744,22.64052],[120.301759,22.640873],[120.301759,22.640885],[120.301779,22.641342]]]}},{"type":"Feature","id":"A6405-1162-00","properties":{"code":"A6405-1162-00","district":"三民區","area_m2":6348.3,"centroid":[120.313274,22.641111],"population":146,"households":56,"male":71,"female":75,"ages":[20,31,51,44],"density_km2":22998},"geometry":{"type":"Polygon","coordinates":[[[120.312522,22.641362],[120.314065,22.641191],[120.31409,22.641188],[120.314087,22.641151],[120.314079,22.641045],[120.314066,22.640877],[120.314044,22.640878],[120.312485,22.64097],[120.312522,22.641362]]]}},{"type":"Feature","id":"A6402-0486-00","properties":{"code":"A6402-0486-00","district":"鼓山區","area_m2":38666.1,"centroid":[120.282353,22.640024],"population":257,"households":117,"male":123,"female":134,"ages":[24,50,120,63],"density_km2":6647},"geometry":{"type":"Polygon","coordinates":[[[120.283422,22.640871],[120.283248,22.640788],[120.283124,22.640728],[120.283126,22.640526],[120.283134,22.640339],[120.283199,22.640137],[120.283312,22.639632],[120.283371,22.63932],[120.282453,22.639042],[120.282182,22.63896],[120.281863,22.638862],[120.281749,22.638827],[120.281721,22.638921],[120.281713,22.638948],[120.281694,22.639013],[120.281661,22.639126],[120.281652,22.63916],[120.281534,22.639591],[120.281454,22.639872],[120.281241,22.640597],[120.283195,22.641222],[120.283269,22.641111],[120.283422,22.640871]]]}},{"type":"Feature","id":"A6405-1195-00","properties":{"code":"A6405-1195-00","district":"三民區","area_m2":16551.5,"centroid":[120.290593,22.640641],"population":73,"households":32,"male":38,"female":35,"ages":[10,15,29,19],"density_km2":4410},"geometry":{"type":"Polygon","coordinates":[[[120.291639,22.641248],[120.291644,22.64121],[120.29168,22.640925],[120.291683,22.640897],[120.291721,22.640602],[120.290045,22.640054],[120.290023,22.640044],[120.289368,22.64057],[120.289347,22.640587],[120.28937,22.640598],[120.290847,22.641052],[120.291639,22.641248]]]}},{"type":"Feature","id":"A6405-1385-00","properties":{"code":"A6405-1385-00","district":"三民區","area_m2":14619.0,"centroid":[120.309764,22.637818],"population":205,"households":100,"male":98,"female":107,"ages":[13,53,86,53],"density_km2":14023},"geometry":{"type":"Polygon","coordinates":[[[120.308779,22.638187],[120.310894,22.63804],[120.310738,22.637833],[120.310742,22.63748],[120.308714,22.637488],[120.308754,22.637917],[120.308779,22.638187]]]}},{"type":"Feature","id":"A6402-0501-00","properties":{"code":"A6402-0501-00","district":"鼓山區","area_m2":3742.1,"centroid":[120.284137,22.637868],"population":33,"households":12,"male":18,"female":15,"ages":[3,8,12,10],"density_km2":8819},"geometry":{"type":"Polygon","coordinates":[[[120.283578,22.637983],[120.284103,22.638024],[120.284675,22.638068],[120.284714,22.637806],[120.284165,22.637729],[120.283626,22.637653],[120.283578,22.637983]]]}},{"type":"Feature","id":"A6405-1403-00","properties":{"code":"A6405-1403-00","district":"三民區","area_m2":5598.8,"centroid":[120.318087,22.637671],"population":119,"households":52,"male":63,"female":56,"ages":[21,23,40,35],"density_km2":21255},"geometry":{"type":"Polygon","coordinates":[[[120.317804,22.638171],[120.317812,22.638166],[120.318209,22.637902],[120.318374,22.637741],[120.318613,22.637508],[120.318622,22.637496],[120.318106,22.63719],[120.317874,22.637453],[120.317596,22.637719],[120.317804,22.638171]]]}},{"type":"Feature","id":"A6405-1387-00","properties":{"code":"A6405-1387-00","district":"三民區","area_m2":4049.8,"centroid":[120.286961,22.637708],"population":239,"households":106,"male":121,"female":118,"ages":[23,65,88,63],"density_km2":59015},"geometry":{"type":"Polygon","coordinates":[[[120.287429,22.638028],[120.287482,22.637883],[120.287539,22.637728],[120.286512,22.637387],[120.28638,22.637692],[120.287429,22.638028]]]}},{"type":"Feature","id":"A6405-1392-00","properties":{"code":"A6405-1392-00","district":"三民區","area_m2":3888.4,"centroid":[120.316579,22.637808],"population":80,"households":32,"male":48,"female":32,"ages":[14,19,22,25],"density_km2":20574},"geometry":{"type":"Polygon","coordinates":[[[120.316253,22.638116],[120.317013,22.637943],[120.316857,22.637488],[120.316838,22.637494],[120.316344,22.637649],[120.31615,22.637701],[120.316246,22.638085],[120.316253,22.638116]]]}},{"type":"Feature","id":"A6405-1389-00","properties":{"code":"A6405-1389-00","district":"三民區","area_m2":7705.5,"centroid":[120.305924,22.637765],"population":82,"households":37,"male":43,"female":39,"ages":[9,21,33,19],"density_km2":10642},"geometry":{"type":"Polygon","coordinates":[[[120.305269,22.638055],[120.306634,22.637961],[120.306596,22.63758],[120.306588,22.637486],[120.306573,22.637479],[120.306521,22.637482],[120.305219,22.637552],[120.305224,22.637601],[120.305269,22.638055]]]}},{"type":"Feature","id":"A6405-1418-00","properties":{"code":"A6405-1418-00","district":"三民區","area_m2":11175.1,"centroid":[120.285626,22.637389],"population":199,"households":104,"male":104,"female":95,"ages":[12,37,86,64],"density_km2":17807},"geometry":{"type":"Polygon","coordinates":[[[120.28625,22.637932],[120.286269,22.637946],[120.28638,22.637692],[120.286512,22.637387],[120.285394,22.637011],[120.284854,22.63683],[120.284816,22.63709],[120.284812,22.637121],[120.284795,22.637237],[120.284783,22.637322],[120.284774,22.637381],[120.28477,22.637408],[120.28625,22.637932]]]}},{"type":"Feature","id":"A6405-1400-00","properties":{"code":"A6405-1400-00","district":"三民區","area_m2":9491.5,"centroid":[120.311486,22.637698],"population":168,"households":90,"male":70,"female":98,"ages":[13,46,64,45],"density_km2":17700},"geometry":{"type":"Polygon","coordinates":[[[120.310894,22.63804],[120.31098,22.638035],[120.312221,22.637949],[120.312168,22.637344],[120.310864,22.637478],[120.310773,22.63748],[120.310742,22.63748],[120.310738,22.637833],[120.310894,22.63804]]]}},{"type":"Feature","id":"A6405-1399-00","properties":{"code":"A6405-1399-00","district":"三民區","area_m2":3756.5,"centroid":[120.288079,22.637594],"population":237,"households":120,"male":104,"female":133,"ages":[20,43,100,74],"density_km2":63091},"geometry":{"type":"Polygon","coordinates":[[[120.287581,22.637608],[120.288443,22.63791],[120.288544,22.637648],[120.288578,22.637564],[120.287696,22.637281],[120.287639,22.637442],[120.287581,22.637608]]]}},{"type":"Feature","id":"A6405-1446-00","properties":{"code":"A6405-1446-00","district":"三民區","area_m2":26075.6,"centroid":[120.290886,22.636933],"population":6,"households":2,"male":3,"female":3,"ages":[2,0,2,2],"density_km2":230},"geometry":{"type":"Polygon","coordinates":[[[120.290537,22.637524],[120.290675,22.637597],[120.291311,22.637907],[120.291589,22.637198],[120.291592,22.637095],[120.291634,22.636976],[120.29178,22.637031],[120.291968,22.636562],[120.291928,22.636548],[120.291054,22.636256],[120.290324,22.636009],[120.290138,22.636437],[120.289832,22.637145],[120.289887,22.637174],[120.290526,22.637518],[120.290537,22.637524]]]}},{"type":"Feature","id":"A6402-0526-00","properties":{"code":"A6402-0526-00","district":"鼓山區","area_m2":7723.8,"centroid":[120.28334,22.633655],"population":85,"households":34,"male":47,"female":38,"ages":[14,19,34,18],"density_km2":11005},"geometry":{"type":"Polygon","coordinates":[[[120.283093,22.634335],[120.283786,22.634425],[120.283822,22.634193],[120.283874,22.634042],[120.283885,22.634031],[120.283857,22.634006],[120.283709,22.633856],[120.283573,22.633702],[120.283487,22.633593],[120.283217,22.633213],[120.283178,22.633156],[120.283036,22.632943],[120.282992,22.632878],[120.282753,22.632549],[120.282892,22.632865],[120.283026,22.633256],[120.283089,22.633547],[120.283105,22.633746],[120.283114,22.634035],[120.283107,22.634292],[120.283093,22.634335]]]}},{"type":"Feature","id":"A6406-0061-00","properties":{"code":"A6406-0061-00","district":"新興區","area_m2":14219.8,"centroid":[120.314329,22.634119],"population":283,"households":103,"male":137,"female":146,"ages":[57,55,98,73],"density_km2":19902},"geometry":{"type":"Polygon","coordinates":[[[120.313525,22.634554],[120.313576,22.634551],[120.315193,22.63442],[120.315148,22.633688],[120.313522,22.633799],[120.313468,22.633802],[120.313494,22.634157],[120.313516,22.634468],[120.313525,22.634554]]]}},{"type":"Feature","id":"A6406-0058-00","properties":{"code":"A6406-0058-00","district":"新興區","area_m2":7467.0,"centroid":[120.309923,22.634231],"population":525,"households":211,"male":228,"female":297,"ages":[95,134,184,112],"density_km2":70310},"geometry":{"type":"Polygon","coordinates":[[[120.309281,22.634523],[120.310593,22.634441],[120.310554,22.634003],[120.310549,22.633938],[120.310529,22.633939],[120.309256,22.634022],[120.309262,22.634086],[120.309281,22.634523]]]}},{"type":"Feature","id":"A6402-0527-00","properties":{"code":"A6402-0527-00","district":"鼓山區","area_m2":10601.0,"centroid":[120.282524,22.633471],"population":204,"households":91,"male":108,"female":96,"ages":[17,45,83,59],"density_km2":19243},"geometry":{"type":"Polygon","coordinates":[[[120.282853,22.634176],[120.282934,22.634257],[120.283025,22.634311],[120.283093,22.634335],[120.283107,22.634292],[120.283114,22.634035],[120.283105,22.633746],[120.283089,22.633547],[120.283026,22.633256],[120.282892,22.632865],[120.282753,22.632549],[120.282699,22.632474],[120.282418,22.632599],[120.282523,22.632756],[120.282547,22.632793],[120.282684,22.633001],[120.28283,22.633295],[120.282782,22.633314],[120.281761,22.633705],[120.281699,22.633734],[120.281697,22.633967],[120.282102,22.63381],[120.282166,22.633801],[120.282883,22.634123],[120.282853,22.634176]]]}},{"type":"Feature","id":"A6406-0060-00","properties":{"code":"A6406-0060-00","district":"新興區","area_m2":7587.8,"centroid":[120.311229,22.634143],"population":156,"households":75,"male":73,"female":83,"ages":[40,33,57,26],"density_km2":20559},"geometry":{"type":"Polygon","coordinates":[[[120.310593,22.634441],[120.311908,22.634347],[120.311878,22.633909],[120.311873,22.633853],[120.311844,22.633848],[120.310549,22.633938],[120.310554,22.634003],[120.310593,22.634441]]]}},{"type":"Feature","id":"A6406-0062-00","properties":{"code":"A6406-0062-00","district":"新興區","area_m2":6810.8,"centroid":[120.30022,22.634022],"population":129,"households":69,"male":65,"female":64,"ages":[10,18,59,42],"density_km2":18941},"geometry":{"type":"Polygon","coordinates":[[[120.301229,22.63433],[120.301205,22.634053],[120.300767,22.634096],[120.299349,22.633629],[120.299327,22.633619],[120.299244,22.633848],[120.299222,22.633907],[120.300599,22.634366],[120.301229,22.63433]]]}},{"type":"Feature","id":"A6407-0017-00","properties":{"code":"A6407-0017-00","district":"前金區","area_m2":14918.6,"centroid":[120.291396,22.633439],"population":329,"households":144,"male":162,"female":167,"ages":[36,62,153,78],"density_km2":22053},"geometry":{"type":"Polygon","coordinates":[[[120.291809,22.634324],[120.291872,22.634155],[120.291981,22.633894],[120.292268,22.633176],[120.29056,22.632597],[120.290368,22.633058],[120.290551,22.633114],[120.290812,22.632889],[120.29107,22.633118],[120.291129,22.633221],[120.291261,22.633392],[120.291378,22.633492],[120.291143,22.634103],[120.291809,22.634324]]]}},{"type":"Feature","id":"A6406-0074-00","properties":{"code":"A6406-0074-00","district":"新興區","area_m2":24695.7,"centroid":[120.305563,22.633553],"population":0,"households":0,"male":0,"female":0,"ages":[0,0,0,0],"density_km2":0},"geometry":{"type":"Polygon","coordinates":[[[120.304922,22.634367],[120.306232,22.634276],[120.306297,22.634271],[120.306333,22.634268],[120.306209,22.632735],[120.306192,22.632743],[120.304826,22.632844],[120.304789,22.632839],[120.304825,22.633249],[120.304859,22.633633],[120.30486,22.633643],[120.304889,22.633981],[120.304922,22.634367]]]}},{"type":"Feature","id":"A6407-0011-00","properties":{"code":"A6407-0011-00","district":"前金區","area_m2":6564.8,"centroid":[120.297174,22.633902],"population":483,"households":322,"male":219,"female":264,"ages":[52,195,175,61],"density_km2":73574},"geometry":{"type":"Polygon","coordinates":[[[120.297719,22.634317],[120.297738,22.634267],[120.297877,22.633902],[120.29665,22.6335],[120.29663,22.633486],[120.296484,22.633848],[120.296466,22.633892],[120.297719,22.634317]]]}},{"type":"Feature","id":"A6408-0048-00","properties":{"code":"A6408-0048-00","district":"苓雅區","area_m2":9151.1,"centroid":[120.317205,22.633704],"population":414,"households":206,"male":181,"female":233,"ages":[131,106,142,35],"density_km2":45241},"geometry":{"type":"Polygon","coordinates":[[[120.316766,22.634379],[120.317913,22.633485],[120.316824,22.633096],[120.316672,22.633524],[120.316678,22.633588],[120.31672,22.634087],[120.316745,22.634395],[120.316766,22.634379]]]}},{"type":"Feature","id":"A6407-0058-00","properties":{"code":"A6407-0058-00","district":"前金區","area_m2":23187.6,"centroid":[120.288038,22.630218],"population":307,"households":162,"male":139,"female":168,"ages":[39,79,123,66],"density_km2":13240},"geometry":{"type":"Polygon","coordinates":[[[120.287725,22.630501],[120.289226,22.630984],[120.289521,22.630326],[120.289499,22.630316],[120.286851,22.629452],[120.286846,22.629463],[120.286808,22.629544],[120.286783,22.629587],[120.286619,22.629973],[120.28657,22.63009],[120.286561,22.630117],[120.287118,22.630306],[120.287725,22.630501]]]}},{"type":"Feature","id":"A6406-0142-00","properties":{"code":"A6406-0142-00","district":"新興區","area_m2":11607.5,"centroid":[120.306664,22.6306],"population":72,"households":34,"male":39,"female":33,"ages":[9,14,19,30],"density_km2":6203},"geometry":{"type":"Polygon","coordinates":[[[120.306046,22.631027],[120.307264,22.630949],[120.30734,22.630944],[120.307355,22.630943],[120.307291,22.630166],[120.30724,22.63017],[120.305991,22.63027],[120.305971,22.630271],[120.30603,22.631028],[120.306046,22.631027]]]}},{"type":"Feature","id":"A6407-0062-00","properties":{"code":"A6407-0062-00","district":"前金區","area_m2":27175.7,"centroid":[120.290595,22.629979],"population":0,"households":0,"male":0,"female":0,"ages":[0,0,0,0],"density_km2":0},"geometry":{"type":"Polygon","coordinates":[[[120.291169,22.630892],[120.291191,22.630902],[120.291389,22.630307],[120.291526,22.629973],[120.291674,22.629613],[120.289994,22.629064],[120.289521,22.630326],[120.291169,22.630892]]]}},{"type":"Feature","id":"A6407-0055-00","properties":{"code":"A6407-0055-00","district":"前金區","area_m2":7428.0,"centroid":[120.298492,22.630496],"population":20,"households":12,"male":12,"female":8,"ages":[0,4,7,9],"density_km2":2693},"geometry":{"type":"Polygon","coordinates":[[[120.299026,22.630936],[120.29906,22.630843],[120.299198,22.630466],[120.297966,22.630056],[120.297784,22.630524],[120.299026,22.630936]]]}},{"type":"Feature","id":"A6406-0143-00","properties":{"code":"A6406-0143-00","district":"新興區","area_m2":10546.8,"centroid":[120.316069,22.630637],"population":674,"households":298,"male":317,"female":357,"ages":[210,132,244,88],"density_km2":63906},"geometry":{"type":"Polygon","coordinates":[[[120.31528,22.630978],[120.31691,22.630866],[120.316869,22.630388],[120.316867,22.630354],[120.316861,22.630293],[120.316808,22.630301],[120.316705,22.630312],[120.315315,22.63041],[120.315227,22.630399],[120.315232,22.630474],[120.315233,22.63049],[120.31528,22.630978]]]}},{"type":"Feature","id":"A6406-0152-00","properties":{"code":"A6406-0152-00","district":"新興區","area_m2":4878.6,"centroid":[120.307438,22.630195],"population":200,"households":113,"male":90,"female":110,"ages":[19,56,84,41],"density_km2":40995},"geometry":{"type":"Polygon","coordinates":[[[120.307643,22.630924],[120.307596,22.630346],[120.307523,22.629447],[120.307233,22.629469],[120.307291,22.630166],[120.307355,22.630943],[120.307643,22.630924]]]}},{"type":"Feature","id":"A6402-0537-00","properties":{"code":"A6402-0537-00","district":"鼓山區","area_m2":7370.1,"centroid":[120.280555,22.630254],"population":127,"households":66,"male":71,"female":56,"ages":[11,19,51,46],"density_km2":17232},"geometry":{"type":"Polygon","coordinates":[[[120.280385,22.63082],[120.280967,22.63049],[120.280808,22.630233],[120.2808,22.630221],[120.281115,22.630049],[120.281084,22.630004],[120.280867,22.629684],[120.280593,22.629853],[120.279982,22.630229],[120.280385,22.63082]]]}},{"type":"Feature","id":"A6407-0056-00","properties":{"code":"A6407-0056-00","district":"前金區","area_m2":7263.6,"centroid":[120.292316,22.630424],"population":204,"households":88,"male":106,"female":98,"ages":[16,55,76,57],"density_km2":28085},"geometry":{"type":"Polygon","coordinates":[[[120.293125,22.630874],[120.293249,22.630557],[120.291526,22.629973],[120.291389,22.630307],[120.293125,22.630874]]]}},{"type":"Feature","id":"A6406-0141-00","properties":{"code":"A6406-0141-00","district":"新興區","area_m2":3105.4,"centroid":[120.307853,22.630621],"population":226,"households":131,"male":96,"female":130,"ages":[26,53,104,43],"density_km2":72777},"geometry":{"type":"Polygon","coordinates":[[[120.308106,22.630895],[120.308106,22.63077],[120.308062,22.630317],[120.307596,22.630346],[120.307643,22.630924],[120.308106,22.630895]]]}},{"type":"Feature","id":"A6406-0153-00","properties":{"code":"A6406-0153-00","district":"新興區","area_m2":10277.7,"centroid":[120.308345,22.63013],"population":323,"households":162,"male":153,"female":170,"ages":[32,74,114,103],"density_km2":31427},"geometry":{"type":"Polygon","coordinates":[[[120.308712,22.630856],[120.308587,22.629367],[120.308034,22.629408],[120.307973,22.629412],[120.308062,22.630317],[120.308106,22.63077],[120.308106,22.630895],[120.308712,22.630856]]]}},{"type":"Feature","id":"A6406-0215-00","properties":{"code":"A6406-0215-00","district":"新興區","area_m2":14792.7,"centroid":[120.30345,22.626836],"population":178,"households":87,"male":96,"female":82,"ages":[14,42,75,47],"density_km2":12033},"geometry":{"type":"Polygon","coordinates":[[[120.304311,22.627313],[120.304324,22.626771],[120.302762,22.626248],[120.302633,22.627287],[120.304311,22.627313]]]}},{"type":"Feature","id":"A6406-0220-00","properties":{"code":"A6406-0220-00","district":"新興區","area_m2":26436.4,"centroid":[120.30198,22.626338],"population":305,"households":228,"male":155,"female":150,"ages":[28,86,139,52],"density_km2":11537},"geometry":{"type":"Polygon","coordinates":[[[120.302633,22.627287],[120.302762,22.626248],[120.302786,22.625768],[120.302055,22.625851],[120.301968,22.625344],[120.301258,22.62541],[120.301181,22.625418],[120.301236,22.625941],[120.301366,22.626471],[120.301475,22.627223],[120.302319,22.627282],[120.302609,22.627286],[120.302633,22.627287]]]}},{"type":"Feature","id":"A6401-0055-00","properties":{"code":"A6401-0055-00","district":"鹽埕區","area_m2":8726.3,"centroid":[120.281241,22.626551],"population":267,"households":124,"male":135,"female":132,"ages":[40,67,96,64],"density_km2":30597},"geometry":{"type":"Polygon","coordinates":[[[120.281168,22.627184],[120.281184,22.627176],[120.281815,22.626851],[120.281319,22.625935],[120.28131,22.625918],[120.281297,22.625925],[120.280681,22.626246],[120.280665,22.626247],[120.281162,22.627166],[120.281168,22.627184]]]}},{"type":"Feature","id":"A6407-0086-00","properties":{"code":"A6407-0086-00","district":"前金區","area_m2":10416.4,"centroid":[120.295417,22.626699],"population":211,"households":93,"male":105,"female":106,"ages":[19,53,77,62],"density_km2":20257},"geometry":{"type":"Polygon","coordinates":[[[120.295811,22.627237],[120.295833,22.627248],[120.296126,22.626535],[120.295009,22.62616],[120.294988,22.626149],[120.29486,22.626483],[120.294711,22.62687],[120.295811,22.627237]]]}},{"type":"Feature","id":"A6401-0057-00","properties":{"code":"A6401-0057-00","district":"鹽埕區","area_m2":11699.7,"centroid":[120.283898,22.62647],"population":167,"households":79,"male":73,"female":94,"ages":[14,22,76,55],"density_km2":14274},"geometry":{"type":"Polygon","coordinates":[[[120.283765,22.627164],[120.283778,22.627158],[120.284578,22.626773],[120.28405,22.625791],[120.284041,22.625775],[120.284028,22.625781],[120.283216,22.626179],[120.283225,22.626195],[120.283757,22.627147],[120.283765,22.627164]]]}},{"type":"Feature","id":"A6407-0088-00","properties":{"code":"A6407-0088-00","district":"前金區","area_m2":19307.6,"centroid":[120.291966,22.62647],"population":492,"households":231,"male":265,"female":227,"ages":[35,77,215,165],"density_km2":25482},"geometry":{"type":"Polygon","coordinates":[[[120.29095,22.62663],[120.292621,22.627197],[120.292985,22.626304],[120.292964,22.626294],[120.291286,22.625746],[120.29095,22.62663]]]}},{"type":"Feature","id":"A6407-0100-00","properties":{"code":"A6407-0100-00","district":"前金區","area_m2":146963.2,"centroid":[120.299465,22.624766],"population":0,"households":0,"male":0,"female":0,"ages":[0,0,0,0],"density_km2":0},"geometry":{"type":"Polygon","coordinates":[[[120.301475,22.627223],[120.301366,22.626471],[120.301236,22.625941],[120.301181,22.625418],[120.30118,22.625406],[120.301069,22.624336],[120.301069,22.624325],[120.301038,22.624027],[120.300974,22.62309],[120.300184,22.622823],[120.299485,22.62258],[120.299122,22.622447],[120.298624,22.62227],[120.298614,22.622295],[120.298431,22.622761],[120.298079,22.623715],[120.297583,22.62506],[120.297279,22.625828],[120.298125,22.626126],[120.298183,22.626145],[120.299854,22.626695],[120.299884,22.626706],[120.300265,22.626847],[120.300604,22.626972],[120.30062,22.626977],[120.301475,22.627223]]]}},{"type":"Feature","id":"A6401-0056-00","properties":{"code":"A6401-0056-00","district":"鹽埕區","area_m2":7068.1,"centroid":[120.279019,22.626471],"population":209,"households":100,"male":93,"female":116,"ages":[19,51,81,58],"density_km2":29569},"geometry":{"type":"Polygon","coordinates":[[[120.279092,22.627073],[120.279178,22.627029],[120.279221,22.627006],[120.279568,22.626826],[120.278989,22.62589],[120.278979,22.625873],[120.278967,22.625879],[120.278561,22.626084],[120.278463,22.626134],[120.278474,22.626149],[120.27866,22.626424],[120.279084,22.627053],[120.279092,22.627073]]]}},{"type":"Feature","id":"A6402-0575-00","properties":{"code":"A6402-0575-00","district":"鼓山區","area_m2":22555.9,"centroid":[120.2686,22.622362],"population":276,"households":140,"male":141,"female":135,"ages":[20,83,108,65],"density_km2":12236},"geometry":{"type":"Polygon","coordinates":[[[120.267707,22.622905],[120.269426,22.622951],[120.269512,22.621802],[120.269315,22.621796],[120.267689,22.621786],[120.267735,22.622156],[120.267743,22.622331],[120.267745,22.6226],[120.267705,22.622861],[120.267707,22.622905]]]}},{"type":"Feature","id":"A6407-0123-00","properties":{"code":"A6407-0123-00","district":"前金區","area_m2":10847.4,"centroid":[120.300852,22.622295],"population":104,"households":74,"male":47,"female":57,"ages":[12,19,39,34],"density_km2":9588},"geometry":{"type":"Polygon","coordinates":[[[120.300974,22.62309],[120.300993,22.622878],[120.301437,22.621717],[120.3015,22.621568],[120.301092,22.621429],[120.300775,22.622241],[120.300452,22.622129],[120.300184,22.622823],[120.300974,22.62309]]]}},{"type":"Feature","id":"A6406-0260-00","properties":{"code":"A6406-0260-00","district":"新興區","area_m2":5866.1,"centroid":[120.302982,22.622659],"population":130,"households":73,"male":67,"female":63,"ages":[6,23,52,49],"density_km2":22161},"geometry":{"type":"Polygon","coordinates":[[[120.303675,22.623057],[120.303791,22.622757],[120.302283,22.622258],[120.302179,22.622573],[120.303675,22.623057]]]}},{"type":"Feature","id":"A6402-0577-00","properties":{"code":"A6402-0577-00","district":"鼓山區","area_m2":7501.5,"centroid":[120.270208,22.622191],"population":124,"households":53,"male":60,"female":64,"ages":[15,23,50,36],"density_km2":16530},"geometry":{"type":"Polygon","coordinates":[[[120.270043,22.622865],[120.270389,22.622674],[120.270699,22.622504],[120.270062,22.621605],[120.269901,22.621377],[120.269829,22.622662],[120.270043,22.622865]]]}},{"type":"Feature","id":"A6408-0345-00","properties":{"code":"A6408-0345-00","district":"苓雅區","area_m2":8280.7,"centroid":[120.317764,22.62247],"population":248,"households":109,"male":115,"female":133,"ages":[68,39,80,61],"density_km2":29949},"geometry":{"type":"Polygon","coordinates":[[[120.317637,22.622878],[120.318208,22.623069],[120.318374,22.622655],[120.317792,22.622462],[120.317948,22.622042],[120.317985,22.621949],[120.317916,22.621927],[120.317544,22.621811],[120.317194,22.622729],[120.31722,22.622738],[120.317637,22.622878]]]}},{"type":"Feature","id":"A6406-0261-00","properties":{"code":"A6406-0261-00","district":"新興區","area_m2":6097.8,"centroid":[120.307822,22.622598],"population":145,"households":77,"male":68,"female":77,"ages":[16,29,58,42],"density_km2":23779},"geometry":{"type":"Polygon","coordinates":[[[120.308362,22.622994],[120.30852,22.622624],[120.308524,22.622614],[120.307271,22.622202],[120.307122,22.622578],[120.308362,22.622994]]]}},{"type":"Feature","id":"A6402-0576-00","properties":{"code":"A6402-0576-00","district":"鼓山區","area_m2":4889.1,"centroid":[120.272222,22.622258],"population":106,"households":42,"male":55,"female":51,"ages":[5,38,43,20],"density_km2":21681},"geometry":{"type":"Polygon","coordinates":[[[120.272632,22.622645],[120.272643,22.622639],[120.272694,22.622609],[120.272088,22.621706],[120.272046,22.621732],[120.27175,22.621905],[120.272348,22.622809],[120.272632,22.622645]]]}},{"type":"Feature","id":"A6401-0101-00","properties":{"code":"A6401-0101-00","district":"鹽埕區","area_m2":13384.4,"centroid":[120.280453,22.622099],"population":221,"households":106,"male":110,"female":111,"ages":[28,44,90,59],"density_km2":16512},"geometry":{"type":"Polygon","coordinates":[[[120.28027,22.622825],[120.281177,22.622369],[120.28119,22.622362],[120.280659,22.621378],[120.280615,22.621399],[120.279711,22.621821],[120.27972,22.621838],[120.28027,22.622825]]]}},{"type":"Feature","id":"A6406-0262-00","properties":{"code":"A6406-0262-00","district":"新興區","area_m2":5841.8,"centroid":[120.306418,22.622533],"population":66,"households":33,"male":27,"female":39,"ages":[9,14,27,16],"density_km2":11298},"geometry":{"type":"Polygon","coordinates":[[[120.306984,22.622927],[120.307122,22.622578],[120.305885,22.622145],[120.305856,22.622135],[120.305728,22.622479],[120.305718,22.622502],[120.30574,22.62251],[120.306984,22.622927]]]}},{"type":"Feature","id":"A6406-0264-00","properties":{"code":"A6406-0264-00","district":"新興區","area_m2":8617.9,"centroid":[120.304823,22.622434],"population":180,"households":92,"male":87,"female":93,"ages":[21,36,68,55],"density_km2":20887},"geometry":{"type":"Polygon","coordinates":[[[120.305555,22.622905],[120.305718,22.622502],[120.304098,22.621959],[120.303935,22.622383],[120.305555,22.622905]]]}},{"type":"Feature","id":"A6401-0099-00","properties":{"code":"A6401-0099-00","district":"鹽埕區","area_m2":9717.9,"centroid":[120.282082,22.622199],"population":0,"households":0,"male":0,"female":0,"ages":[0,0,0,0],"density_km2":0},"geometry":{"type":"Polygon","coordinates":[[[120.281417,22.622783],[120.282969,22.622062],[120.282743,22.621614],[120.281996,22.621957],[120.281589,22.622162],[120.28119,22.622362],[120.281417,22.622783]]]}},{"type":"Feature","id":"A6407-0124-00","properties":{"code":"A6407-0124-00","district":"前金區","area_m2":11700.6,"centroid":[120.297131,22.622244],"population":112,"households":69,"male":54,"female":58,"ages":[8,24,39,41],"density_km2":9572},"geometry":{"type":"Polygon","coordinates":[[[120.296439,22.622463],[120.297532,22.62285],[120.297832,22.622044],[120.297843,22.622018],[120.297814,22.622009],[120.297232,22.621823],[120.296748,22.621635],[120.296417,22.622454],[120.296439,22.622463]]]}},{"type":"Feature","id":"A6408-0346-00","properties":{"code":"A6408-0346-00","district":"苓雅區","area_m2":9412.5,"centroid":[120.318599,22.62244],"population":276,"households":117,"male":122,"female":154,"ages":[72,50,94,60],"density_km2":29323},"geometry":{"type":"Polygon","coordinates":[[[120.318374,22.622655],[120.319214,22.622933],[120.319366,22.622499],[120.319402,22.622406],[120.319351,22.622389],[120.319318,22.622378],[120.317985,22.621949],[120.317948,22.622042],[120.317792,22.622462],[120.318374,22.622655]]]}},{"type":"Feature","id":"A6401-0098-00","properties":{"code":"A6401-0098-00","district":"鹽埕區","area_m2":5461.9,"centroid":[120.285414,22.622348],"population":90,"households":47,"male":38,"female":52,"ages":[3,29,39,19],"density_km2":16478},"geometry":{"type":"Polygon","coordinates":[[[120.285202,22.622785],[120.285921,22.622434],[120.285625,22.621913],[120.284909,22.62225],[120.285202,22.622785]]]}},{"type":"Feature","id":"A6408-0487-00","properties":{"code":"A6408-0487-00","district":"苓雅區","area_m2":6321.5,"centroid":[120.30129,22.61893],"population":190,"households":103,"male":88,"female":102,"ages":[22,37,89,42],"density_km2":30056},"geometry":{"type":"Polygon","coordinates":[[[120.301488,22.619405],[120.301512,22.61934],[120.301621,22.619058],[120.301637,22.619017],[120.301768,22.618678],[120.301091,22.618453],[120.30096,22.618797],[120.300836,22.619123],[120.300812,22.619186],[120.301488,22.619405]]]}},{"type":"Feature","id":"A6408-0498-00","properties":{"code":"A6408-0498-00","district":"苓雅區","area_m2":9154.1,"centroid":[120.302196,22.618749],"population":111,"households":60,"male":49,"female":62,"ages":[13,23,43,32],"density_km2":12126},"geometry":{"type":"Polygon","coordinates":[[[120.301621,22.619058],[120.302427,22.619324],[120.302598,22.61889],[120.30277,22.618444],[120.302308,22.618289],[120.301962,22.618173],[120.30179,22.618619],[120.301768,22.618678],[120.301637,22.619017],[120.301621,22.619058]]]}},{"type":"Feature","id":"A6408-0488-00","properties":{"code":"A6408-0488-00","district":"苓雅區","area_m2":3883.7,"centroid":[120.315012,22.618974],"population":120,"households":57,"male":57,"female":63,"ages":[12,26,39,43],"density_km2":30899},"geometry":{"type":"Polygon","coordinates":[[[120.314549,22.619041],[120.315321,22.619298],[120.315456,22.618957],[120.315475,22.618907],[120.314703,22.61865],[120.314549,22.619041]]]}},{"type":"Feature","id":"A6408-0525-00","properties":{"code":"A6408-0525-00","district":"苓雅區","area_m2":27807.3,"centroid":[120.3047,22.618251],"population":38,"households":24,"male":19,"female":19,"ages":[3,11,20,4],"density_km2":1367},"geometry":{"type":"Polygon","coordinates":[[[120.303685,22.618747],[120.305141,22.619244],[120.30571,22.617743],[120.304276,22.61726],[120.303685,22.618747]]]}},{"type":"Feature","id":"A6408-0513-00","properties":{"code":"A6408-0513-00","district":"苓雅區","area_m2":6760.6,"centroid":[120.31035,22.61846],"population":244,"households":116,"male":111,"female":133,"ages":[47,44,101,52],"density_km2":36091},"geometry":{"type":"Polygon","coordinates":[[[120.310212,22.619235],[120.310251,22.619246],[120.310576,22.618407],[120.310813,22.617795],[120.310449,22.617674],[120.310432,22.617719],[120.310148,22.618457],[120.309886,22.619126],[120.310171,22.619214],[120.310212,22.619235]]]}},{"type":"Feature","id":"A6408-0522-00","properties":{"code":"A6408-0522-00","district":"苓雅區","area_m2":13815.3,"centroid":[120.299691,22.618293],"population":424,"households":235,"male":188,"female":236,"ages":[58,117,172,77],"density_km2":30691},"geometry":{"type":"Polygon","coordinates":[[[120.299038,22.618952],[120.299734,22.619186],[120.299866,22.61882],[120.299994,22.618484],[120.300139,22.618138],[120.300166,22.618075],[120.30035,22.617629],[120.299647,22.617405],[120.29934,22.618178],[120.299038,22.618952]]]}},{"type":"Feature","id":"A6408-0492-00","properties":{"code":"A6408-0492-00","district":"苓雅區","area_m2":4944.7,"centroid":[120.316066,22.618896],"population":218,"households":90,"male":100,"female":118,"ages":[38,48,72,60],"density_km2":44088},"geometry":{"type":"Polygon","coordinates":[[[120.316523,22.619256],[120.316621,22.618965],[120.316654,22.618882],[120.315619,22.618537],[120.315596,22.618601],[120.315475,22.618907],[120.316523,22.619256]]]}},{"type":"Feature","id":"A6402-0602-00","properties":{"code":"A6402-0602-00","district":"鼓山區","area_m2":31881.7,"centroid":[120.267,22.617874],"population":197,"households":86,"male":107,"female":90,"ages":[25,33,87,52],"density_km2":6179},"geometry":{"type":"Polygon","coordinates":[[[120.26784,22.618416],[120.268256,22.617592],[120.268243,22.617587],[120.268269,22.617461],[120.267749,22.617341],[120.267694,22.617395],[120.26708,22.617282],[120.267078,22.617248],[120.266744,22.617201],[120.266751,22.617127],[120.266794,22.617093],[120.266592,22.616817],[120.265904,22.61713],[120.265921,22.61745],[120.265729,22.617569],[120.265765,22.617797],[120.266073,22.617773],[120.266246,22.618275],[120.266295,22.618416],[120.266337,22.618411],[120.266412,22.618338],[120.266495,22.618354],[120.266599,22.618302],[120.266913,22.618379],[120.267136,22.618871],[120.267237,22.619027],[120.267606,22.618685],[120.26784,22.618416]]]}},{"type":"Feature","id":"A6408-0503-00","properties":{"code":"A6408-0503-00","district":"苓雅區","area_m2":8747.1,"centroid":[120.312803,22.618671],"population":196,"households":100,"male":99,"female":97,"ages":[24,45,70,57],"density_km2":22407},"geometry":{"type":"Polygon","coordinates":[[[120.313645,22.619162],[120.313665,22.619105],[120.313759,22.618843],[120.31378,22.618784],[120.31197,22.618181],[120.311946,22.618241],[120.311823,22.618555],[120.313645,22.619162]]]}},{"type":"Feature","id":"A6408-0505-00","properties":{"code":"A6408-0505-00","district":"苓雅區","area_m2":10954.6,"centroid":[120.309377,22.618574],"population":186,"households":83,"male":90,"female":96,"ages":[23,34,71,58],"density_km2":16979},"geometry":{"type":"Polygon","coordinates":[[[120.309856,22.619116],[120.309886,22.619126],[120.310148,22.618457],[120.310096,22.618439],[120.308862,22.618025],[120.308602,22.618679],[120.308635,22.618684],[120.30869,22.618703],[120.309799,22.619098],[120.309856,22.619116]]]}},{"type":"Feature","id":"A6409-0046-00","properties":{"code":"A6409-0046-00","district":"前鎮區","area_m2":5127.7,"centroid":[120.309188,22.613735],"population":547,"households":255,"male":260,"female":287,"ages":[60,137,209,141],"density_km2":106675},"geometry":{"type":"Polygon","coordinates":[[[120.308942,22.614092],[120.309654,22.614021],[120.309558,22.613756],[120.309405,22.613332],[120.308705,22.613633],[120.308942,22.614092]]]}},{"type":"Feature","id":"A6409-0047-00","properties":{"code":"A6409-0047-00","district":"前鎮區","area_m2":9665.1,"centroid":[120.316984,22.613729],"population":255,"households":115,"male":126,"female":129,"ages":[42,43,95,75],"density_km2":26384},"geometry":{"type":"Polygon","coordinates":[[[120.316281,22.614104],[120.316451,22.614088],[120.317654,22.613982],[120.317702,22.613977],[120.317648,22.613342],[120.316356,22.61349],[120.316358,22.613503],[120.316398,22.613767],[120.316233,22.613784],[120.316281,22.614104]]]}},{"type":"Feature","id":"A6408-0682-00","properties":{"code":"A6408-0682-00","district":"苓雅區","area_m2":4807.8,"centroid":[120.293234,22.613508],"population":113,"households":74,"male":49,"female":64,"ages":[9,33,43,28],"density_km2":23504},"geometry":{"type":"Polygon","coordinates":[[[120.292843,22.613911],[120.293804,22.613462],[120.293633,22.613103],[120.292661,22.613561],[120.292843,22.613911]]]}},{"type":"Feature","id":"A6409-0055-00","properties":{"code":"A6409-0055-00","district":"前鎮區","area_m2":10809.5,"centroid":[120.317243,22.613345],"population":216,"households":84,"male":112,"female":104,"ages":[30,49,84,53],"density_km2":19982},"geometry":{"type":"Polygon","coordinates":[[[120.317702,22.613977],[120.318043,22.613944],[120.318034,22.613835],[120.317951,22.612841],[120.317551,22.612896],[120.317534,22.612898],[120.317093,22.612977],[120.317075,22.612973],[120.316292,22.613065],[120.316356,22.61349],[120.317648,22.613342],[120.317702,22.613977]]]}},{"type":"Feature","id":"A6409-0052-00","properties":{"code":"A6409-0052-00","district":"前鎮區","area_m2":12428.2,"centroid":[120.31085,22.613449],"population":440,"households":223,"male":216,"female":224,"ages":[51,99,191,99],"density_km2":35403},"geometry":{"type":"Polygon","coordinates":[[[120.310222,22.613939],[120.311209,22.613809],[120.311629,22.613754],[120.311627,22.613741],[120.311608,22.613662],[120.311475,22.613114],[120.311473,22.613099],[120.311445,22.61301],[120.311419,22.612927],[120.310052,22.613263],[120.310115,22.613469],[120.310135,22.613563],[120.310161,22.613667],[120.310203,22.613838],[120.310222,22.613939]]]}},{"type":"Feature","id":"A6408-0689-00","properties":{"code":"A6408-0689-00","district":"苓雅區","area_m2":29522.7,"centroid":[120.304069,22.612871],"population":138,"households":68,"male":65,"female":73,"ages":[18,28,51,41],"density_km2":4674},"geometry":{"type":"Polygon","coordinates":[[[120.303942,22.613744],[120.304492,22.613906],[120.304712,22.613359],[120.304938,22.612812],[120.305106,22.612404],[120.30394,22.612037],[120.303919,22.612023],[120.303616,22.611926],[120.303316,22.611837],[120.303288,22.611828],[120.303131,22.612232],[120.303515,22.61236],[120.303087,22.61347],[120.303387,22.613568],[120.303675,22.613663],[120.303698,22.61367],[120.303725,22.613678],[120.303942,22.613744]]]}},{"type":"Feature","id":"A6409-0064-00","properties":{"code":"A6409-0064-00","district":"前鎮區","area_m2":25125.2,"centroid":[120.305618,22.61281],"population":183,"households":89,"male":87,"female":96,"ages":[23,26,78,56],"density_km2":7284},"geometry":{"type":"Polygon","coordinates":[[[120.305041,22.613614],[120.30547,22.613435],[120.305656,22.613358],[120.306006,22.613212],[120.306677,22.612908],[120.306745,22.612886],[120.306583,22.612576],[120.306374,22.612176],[120.306286,22.612121],[120.305962,22.612012],[120.305335,22.611801],[120.305313,22.61179],[120.305106,22.612404],[120.304938,22.612812],[120.304712,22.613359],[120.304492,22.613906],[120.305041,22.613614]]]}},{"type":"Feature","id":"A6410-0006-00","properties":{"code":"A6410-0006-00","district":"旗津區","area_m2":6269.7,"centroid":[120.26904,22.613185],"population":216,"households":76,"male":110,"female":106,"ages":[27,67,75,47],"density_km2":34451},"geometry":{"type":"Polygon","coordinates":[[[120.268702,22.613482],[120.268772,22.61358],[120.2689,22.613687],[120.269062,22.613515],[120.269153,22.613422],[120.269223,22.613375],[120.269364,22.6133],[120.269598,22.613214],[120.269349,22.612706],[120.268486,22.61311],[120.268594,22.613331],[120.268702,22.613482]]]}},{"type":"Feature","id":"A6410-0007-00","properties":{"code":"A6410-0007-00","district":"旗津區","area_m2":6782.4,"centroid":[120.267779,22.613157],"population":252,"households":105,"male":133,"female":119,"ages":[32,70,102,48],"density_km2":37155},"geometry":{"type":"Polygon","coordinates":[[[120.267377,22.613602],[120.268486,22.61311],[120.268276,22.61272],[120.26706,22.613174],[120.267162,22.613384],[120.26721,22.613389],[120.267288,22.613364],[120.267377,22.613602]]]}},{"type":"Feature","id":"A6409-0056-00","properties":{"code":"A6409-0056-00","district":"前鎮區","area_m2":4565.8,"centroid":[120.309771,22.613382],"population":264,"households":115,"male":132,"female":132,"ages":[37,69,101,57],"density_km2":57821},"geometry":{"type":"Polygon","coordinates":[[[120.309558,22.613756],[120.310161,22.613667],[120.310135,22.613563],[120.310115,22.613469],[120.310052,22.613263],[120.310028,22.613183],[120.309959,22.612983],[120.309959,22.612981],[120.309957,22.612975],[120.309677,22.613071],[120.30969,22.613122],[120.309366,22.613225],[120.309405,22.613332],[120.309558,22.613756]]]}},{"type":"Feature","id":"A6405-0502-00","properties":{"code":"A6405-0502-00","district":"三民區","area_m2":83396.3,"centroid":[120.296171,22.650944],"population":0,"households":0,"male":0,"female":0,"ages":[0,0,0,0],"density_km2":0},"geometry":{"type":"Polygon","coordinates":[[[120.300292,22.651797],[120.300329,22.651818],[120.300266,22.651043],[120.300234,22.651035],[120.299076,22.65094],[120.296975,22.650967],[120.296245,22.6509],[120.295905,22.650836],[120.2954,22.650662],[120.295088,22.650536],[120.294051,22.6499],[120.293585,22.649579],[120.293342,22.649446],[120.2931,22.649358],[120.292805,22.649281],[120.292431,22.649223],[120.292127,22.649173],[120.291878,22.64923],[120.291879,22.649556],[120.29193,22.64955],[120.292188,22.649551],[120.292338,22.649565],[120.292405,22.649573],[120.292814,22.649721],[120.293004,22.64981],[120.293375,22.650031],[120.293436,22.650072],[120.294105,22.650632],[120.294414,22.650974],[120.294538,22.651132],[120.294807,22.651475],[120.294823,22.651498],[120.29484,22.651518],[120.294956,22.651672],[120.295003,22.651733],[120.295033,22.651774],[120.295053,22.651801],[120.295072,22.651822],[120.295142,22.651897],[120.295242,22.651985],[120.295291,22.652024],[120.295415,22.652094],[120.295459,22.652112],[120.295484,22.652122],[120.295532,22.65214],[120.29568,22.652188],[120.295797,22.652227],[120.295895,22.652248],[120.296259,22.652328],[120.296298,22.652337],[120.296586,22.652361],[120.29673,22.652342],[120.296795,22.652331],[120.297144,22.652253],[120.297217,22.652233],[120.297347,22.652195],[120.297481,22.652148],[120.29752,22.652131],[120.297546,22.652122],[120.297581,22.652104],[120.297714,22.652034],[120.297788,22.651996],[120.297955,22.651909],[120.298099,22.651835],[120.298131,22.651815],[120.298173,22.651788],[120.298336,22.651687],[120.298443,22.651622],[120.299112,22.651426],[120.29955,22.651473],[120.299641,22.651496],[120.299708,22.651519],[120.299756,22.65154],[120.300101,22.651695],[120.300222,22.651756],[120.300292,22.651797]]]}},{"type":"Feature","id":"A6405-0648-00","properties":{"code":"A6405-0648-00","district":"三民區","area_m2":4594.8,"centroid":[120.298246,22.648185],"population":205,"households":84,"male":94,"female":111,"ages":[34,46,74,51],"density_km2":44616},"geometry":{"type":"Polygon","coordinates":[[[120.297679,22.648403],[120.298845,22.648311],[120.298819,22.648013],[120.298815,22.647968],[120.297648,22.648058],[120.297651,22.648089],[120.297676,22.648367],[120.297679,22.648403]]]}},{"type":"Feature","id":"A6405-0658-00","properties":{"code":"A6405-0658-00","district":"三民區","area_m2":8528.3,"centroid":[120.301734,22.648059],"population":249,"households":104,"male":111,"female":138,"ages":[36,48,101,64],"density_km2":29197},"geometry":{"type":"Polygon","coordinates":[[[120.301198,22.648417],[120.302342,22.648347],[120.302303,22.647757],[120.302298,22.647698],[120.301113,22.64779],[120.301116,22.647842],[120.301198,22.648417]]]}},{"type":"Feature","id":"A6405-0646-00","properties":{"code":"A6405-0646-00","district":"三民區","area_m2":3247.4,"centroid":[120.30607,22.64826],"population":126,"households":44,"male":61,"female":65,"ages":[13,30,43,40],"density_km2":38800},"geometry":{"type":"Polygon","coordinates":[[[120.305521,22.648427],[120.306642,22.648345],[120.30664,22.648319],[120.306616,22.648092],[120.3055,22.648173],[120.305521,22.648427]]]}},{"type":"Feature","id":"A6405-0711-00","properties":{"code":"A6405-0711-00","district":"三民區","area_m2":23374.3,"centroid":[120.296179,22.647131],"population":0,"households":0,"male":0,"female":0,"ages":[0,0,0,0],"density_km2":0},"geometry":{"type":"Polygon","coordinates":[[[120.295817,22.648346],[120.296732,22.648132],[120.296533,22.645962],[120.296532,22.645949],[120.296512,22.645951],[120.295656,22.646016],[120.295627,22.646018],[120.295785,22.647665],[120.295816,22.648329],[120.295817,22.648346]]]}},{"type":"Feature","id":"A6402-0464-00","properties":{"code":"A6402-0464-00","district":"鼓山區","area_m2":11208.2,"centroid":[120.280601,22.647886],"population":295,"households":115,"male":155,"female":140,"ages":[41,71,119,64],"density_km2":26320},"geometry":{"type":"Polygon","coordinates":[[[120.280507,22.648212],[120.280531,22.648198],[120.280835,22.648273],[120.281347,22.648252],[120.281344,22.64821],[120.281304,22.647526],[120.281062,22.64753],[120.279908,22.647529],[120.279906,22.647646],[120.279794,22.648053],[120.280062,22.648113],[120.280507,22.648212]]]}},{"type":"Feature","id":"A6405-0659-00","properties":{"code":"A6405-0659-00","district":"三民區","area_m2":4810.5,"centroid":[120.304889,22.648039],"population":104,"households":42,"male":55,"female":49,"ages":[17,18,45,24],"density_km2":21619},"geometry":{"type":"Polygon","coordinates":[[[120.304306,22.648258],[120.305459,22.648176],[120.3055,22.648173],[120.305475,22.647871],[120.305471,22.647818],[120.304276,22.64791],[120.30428,22.647958],[120.304306,22.648258]]]}},{"type":"Feature","id":"A6405-0898-00","properties":{"code":"A6405-0898-00","district":"三民區","area_m2":9752.5,"centroid":[120.310973,22.644512],"population":185,"households":90,"male":85,"female":100,"ages":[16,34,78,57],"density_km2":18969},"geometry":{"type":"Polygon","coordinates":[[[120.310346,22.64489],[120.31112,22.644818],[120.311131,22.644817],[120.311578,22.644778],[120.311598,22.644777],[120.311663,22.644772],[120.311638,22.644464],[120.311612,22.644144],[120.311535,22.644148],[120.310289,22.644224],[120.310346,22.64489]]]}},{"type":"Feature","id":"A6405-0890-00","properties":{"code":"A6405-0890-00","district":"三民區","area_m2":4715.3,"centroid":[120.308109,22.644593],"population":93,"households":39,"male":41,"female":52,"ages":[11,22,37,23],"density_km2":19723},"geometry":{"type":"Polygon","coordinates":[[[120.30751,22.644793],[120.307532,22.644792],[120.30873,22.644734],[120.308705,22.644393],[120.307505,22.644456],[120.307485,22.644458],[120.30751,22.644782],[120.30751,22.644793]]]}},{"type":"Feature","id":"A6405-0921-00","properties":{"code":"A6405-0921-00","district":"三民區","area_m2":18830.2,"centroid":[120.293539,22.644036],"population":31,"households":8,"male":12,"female":19,"ages":[4,9,10,8],"density_km2":1646},"geometry":{"type":"Polygon","coordinates":[[[120.292949,22.644727],[120.294214,22.644657],[120.294114,22.643341],[120.292869,22.643417],[120.292949,22.644727]]]}},{"type":"Feature","id":"A6405-0893-00","properties":{"code":"A6405-0893-00","district":"三民區","area_m2":4090.5,"centroid":[120.312233,22.644578],"population":32,"households":11,"male":14,"female":18,"ages":[4,10,12,6],"density_km2":7823},"geometry":{"type":"Polygon","coordinates":[[[120.311663,22.644772],[120.312018,22.644745],[120.312054,22.644743],[120.312395,22.644722],[120.312432,22.644719],[120.312806,22.644694],[120.312827,22.644693],[120.312804,22.644384],[120.311638,22.644464],[120.311663,22.644772]]]}},{"type":"Feature","id":"A6405-0896-00","properties":{"code":"A6405-0896-00","district":"三民區","area_m2":4448.2,"centroid":[120.304578,22.644518],"population":137,"households":65,"male":63,"female":74,"ages":[15,27,51,44],"density_km2":30799},"geometry":{"type":"Polygon","coordinates":[[[120.304021,22.64473],[120.30517,22.644636],[120.30515,22.644314],[120.303995,22.644376],[120.304021,22.64473]]]}},{"type":"Feature","id":"A6405-0927-00","properties":{"code":"A6405-0927-00","district":"三民區","area_m2":20097.8,"centroid":[120.294826,22.64395],"population":56,"households":25,"male":33,"female":23,"ages":[9,15,19,13],"density_km2":2786},"geometry":{"type":"Polygon","coordinates":[[[120.294214,22.644657],[120.294358,22.644658],[120.295489,22.644575],[120.295538,22.644572],[120.295428,22.643235],[120.29538,22.643238],[120.294443,22.643315],[120.294114,22.643341],[120.294214,22.644657]]]}},{"type":"Feature","id":"A6405-0931-00","properties":{"code":"A6405-0931-00","district":"三民區","area_m2":22961.1,"centroid":[120.31354,22.643996],"population":0,"households":0,"male":0,"female":0,"ages":[0,0,0,0],"density_km2":0},"geometry":{"type":"Polygon","coordinates":[[[120.312827,22.644693],[120.313234,22.644673],[120.313255,22.644672],[120.313292,22.64467],[120.313611,22.644654],[120.313666,22.644651],[120.313708,22.644649],[120.314011,22.644631],[120.314367,22.64461],[120.314328,22.644233],[120.314321,22.644142],[120.314257,22.643489],[120.314238,22.643294],[120.312716,22.643386],[120.312744,22.643687],[120.312781,22.644081],[120.312804,22.644384],[120.312827,22.644693]]]}},{"type":"Feature","id":"A6405-0901-00","properties":{"code":"A6405-0901-00","district":"三民區","area_m2":4158.9,"centroid":[120.305741,22.64444],"population":91,"households":42,"male":40,"female":51,"ages":[4,24,33,30],"density_km2":21881},"geometry":{"type":"Polygon","coordinates":[[[120.30517,22.644636],[120.306338,22.644551],[120.306323,22.64425],[120.30515,22.644314],[120.30517,22.644636]]]}},{"type":"Feature","id":"A6405-0936-00","properties":{"code":"A6405-0936-00","district":"三民區","area_m2":13299.4,"centroid":[120.295922,22.643876],"population":376,"households":152,"male":187,"female":189,"ages":[44,83,155,94],"density_km2":28272},"geometry":{"type":"Polygon","coordinates":[[[120.295538,22.644572],[120.296424,22.644507],[120.296285,22.643179],[120.295865,22.643207],[120.295428,22.643235],[120.295538,22.644572]]]}},{"type":"Feature","id":"A6405-1161-00","properties":{"code":"A6405-1161-00","district":"三民區","area_m2":3714.4,"centroid":[120.292159,22.641064],"population":96,"households":43,"male":45,"female":51,"ages":[8,30,35,23],"density_km2":25845},"geometry":{"type":"Polygon","coordinates":[[[120.291639,22.641248],[120.292666,22.641204],[120.292668,22.640877],[120.29168,22.640925],[120.291644,22.64121],[120.291639,22.641248]]]}},{"type":"Feature","id":"A6405-1176-00","properties":{"code":"A6405-1176-00","district":"三民區","area_m2":4177.3,"centroid":[120.285622,22.640883],"population":136,"households":60,"male":74,"female":62,"ages":[10,40,52,34],"density_km2":32557},"geometry":{"type":"Polygon","coordinates":[[[120.286246,22.641222],[120.286322,22.641023],[120.285105,22.640534],[120.28495,22.640839],[120.286246,22.641222]]]}},{"type":"Feature","id":"A6405-1166-00","properties":{"code":"A6405-1166-00","district":"三民區","area_m2":4791.6,"centroid":[120.293293,22.640988],"population":181,"households":83,"male":81,"female":100,"ages":[18,42,68,53],"density_km2":37774},"geometry":{"type":"Polygon","coordinates":[[[120.292666,22.641204],[120.293923,22.641113],[120.293889,22.64077],[120.29287,22.640852],[120.292668,22.640877],[120.292666,22.641204]]]}},{"type":"Feature","id":"A6405-1201-00","properties":{"code":"A6405-1201-00","district":"三民區","area_m2":4665.1,"centroid":[120.296873,22.640618],"population":205,"households":102,"male":89,"female":116,"ages":[20,47,77,61],"density_km2":43944},"geometry":{"type":"Polygon","coordinates":[[[120.297081,22.641195],[120.297116,22.641193],[120.297087,22.640831],[120.297045,22.640841],[120.297022,22.640514],[120.297,22.64022],[120.296985,22.640015],[120.296909,22.64002],[120.296699,22.640021],[120.296637,22.640018],[120.296654,22.6402],[120.296759,22.641218],[120.297081,22.641195]]]}},{"type":"Feature","id":"A6405-1193-00","properties":{"code":"A6405-1193-00","district":"三民區","area_m2":10807.5,"centroid":[120.304286,22.640764],"population":177,"households":82,"male":92,"female":85,"ages":[22,42,75,38],"density_km2":16378},"geometry":{"type":"Polygon","coordinates":[[[120.303727,22.641222],[120.304855,22.641138],[120.304875,22.641136],[120.304845,22.640674],[120.304822,22.640308],[120.303707,22.640376],[120.303727,22.641222]]]}},{"type":"Feature","id":"A6405-1170-00","properties":{"code":"A6405-1170-00","district":"三民區","area_m2":4489.7,"centroid":[120.297665,22.640984],"population":80,"households":41,"male":41,"female":39,"ages":[5,13,27,35],"density_km2":17818},"geometry":{"type":"Polygon","coordinates":[[[120.297116,22.641193],[120.298252,22.641113],[120.298223,22.640794],[120.298222,22.640782],[120.298201,22.640784],[120.297087,22.640831],[120.297116,22.641193]]]}},{"type":"Feature","id":"A6405-1175-00","properties":{"code":"A6405-1175-00","district":"三民區","area_m2":1851.4,"centroid":[120.294139,22.640927],"population":44,"households":14,"male":24,"female":20,"ages":[8,6,15,15],"density_km2":23766},"geometry":{"type":"Polygon","coordinates":[[[120.293923,22.641113],[120.294385,22.641087],[120.294366,22.640741],[120.293889,22.64077],[120.293923,22.641113]]]}},{"type":"Feature","id":"A6405-1178-00","properties":{"code":"A6405-1178-00","district":"三民區","area_m2":4634.9,"centroid":[120.298807,22.640907],"population":72,"households":35,"male":32,"female":40,"ages":[9,24,21,18],"density_km2":15534},"geometry":{"type":"Polygon","coordinates":[[[120.298254,22.64113],[120.299388,22.641045],[120.299352,22.640691],[120.299352,22.64068],[120.299331,22.640681],[120.298222,22.640782],[120.298223,22.640794],[120.298252,22.641113],[120.298254,22.64113]]]}},{"type":"Feature","id":"A6405-1196-00","properties":{"code":"A6405-1196-00","district":"三民區","area_m2":8631.0,"centroid":[120.314521,22.640735],"population":56,"households":27,"male":29,"female":27,"ages":[12,9,24,11],"density_km2":6488},"geometry":{"type":"Polygon","coordinates":[[[120.314087,22.641151],[120.31409,22.641188],[120.315019,22.641079],[120.314969,22.64037],[120.314963,22.640292],[120.31494,22.640294],[120.314697,22.640316],[120.31463,22.640323],[120.314602,22.640317],[120.314026,22.640358],[120.314032,22.640437],[120.314062,22.640826],[120.314066,22.640877],[120.314079,22.641045],[120.314087,22.641151]]]}},{"type":"Feature","id":"A6405-1185-00","properties":{"code":"A6405-1185-00","district":"三民區","area_m2":6305.1,"centroid":[120.305472,22.640864],"population":76,"households":37,"male":43,"female":33,"ages":[10,15,23,28],"density_km2":12054},"geometry":{"type":"Polygon","coordinates":[[[120.304875,22.641136],[120.306046,22.641039],[120.30609,22.641036],[120.30611,22.641033],[120.306055,22.640596],[120.304845,22.640674],[120.304875,22.641136]]]}},{"type":"Feature","id":"A6405-1177-00","properties":{"code":"A6405-1177-00","district":"三民區","area_m2":3158.4,"centroid":[120.294785,22.640887],"population":59,"households":23,"male":28,"female":31,"ages":[9,14,23,13],"density_km2":18680},"geometry":{"type":"Polygon","coordinates":[[[120.294385,22.641087],[120.295208,22.641017],[120.295188,22.640691],[120.294366,22.640741],[120.294385,22.641087]]]}},{"type":"Feature","id":"A6405-1197-00","properties":{"code":"A6405-1197-00","district":"三民區","area_m2":7305.8,"centroid":[120.288597,22.640623],"population":210,"households":97,"male":105,"female":105,"ages":[20,37,103,50],"density_km2":28744},"geometry":{"type":"Polygon","coordinates":[[[120.287944,22.640865],[120.288466,22.641036],[120.289347,22.640587],[120.289368,22.64057],[120.288236,22.640198],[120.288214,22.640191],[120.287944,22.640865]]]}},{"type":"Feature","id":"A6405-1202-00","properties":{"code":"A6405-1202-00","district":"三民區","area_m2":5953.7,"centroid":[120.285761,22.640565],"population":182,"households":81,"male":102,"female":80,"ages":[21,33,79,49],"density_km2":30569},"geometry":{"type":"Polygon","coordinates":[[[120.286322,22.641023],[120.286434,22.640731],[120.285532,22.640206],[120.285332,22.640089],[120.285123,22.640499],[120.285105,22.640534],[120.286322,22.641023]]]}},{"type":"Feature","id":"A6405-1186-00","properties":{"code":"A6405-1186-00","district":"三民區","area_m2":5275.2,"centroid":[120.310706,22.640889],"population":87,"households":34,"male":36,"female":51,"ages":[14,17,34,22],"density_km2":16492},"geometry":{"type":"Polygon","coordinates":[[[120.310067,22.641111],[120.311286,22.64104],[120.311359,22.641035],[120.311334,22.640724],[120.311273,22.640657],[120.311251,22.640661],[120.310044,22.640774],[120.310067,22.641111]]]}},{"type":"Feature","id":"A6405-1394-00","properties":{"code":"A6405-1394-00","district":"三民區","area_m2":5075.7,"centroid":[120.307115,22.637712],"population":60,"households":43,"male":30,"female":30,"ages":[2,15,31,12],"density_km2":11821},"geometry":{"type":"Polygon","coordinates":[[[120.306634,22.637961],[120.307037,22.637936],[120.307034,22.6379],[120.307171,22.637901],[120.30722,22.637915],[120.307655,22.637871],[120.307626,22.637484],[120.306588,22.637486],[120.306596,22.63758],[120.306634,22.637961]]]}},{"type":"Feature","id":"A6405-1404-00","properties":{"code":"A6405-1404-00","district":"三民區","area_m2":6969.7,"centroid":[120.297156,22.637622],"population":111,"households":52,"male":56,"female":55,"ages":[13,24,39,35],"density_km2":15926},"geometry":{"type":"Polygon","coordinates":[[[120.296436,22.637905],[120.296457,22.637915],[120.297956,22.637876],[120.297941,22.637579],[120.297593,22.637587],[120.297497,22.637582],[120.296773,22.637344],[120.296636,22.63723],[120.296615,22.637219],[120.296542,22.637497],[120.296532,22.637537],[120.296436,22.637905]]]}},{"type":"Feature","id":"A6405-1417-00","properties":{"code":"A6405-1417-00","district":"三民區","area_m2":8589.1,"centroid":[120.295601,22.637447],"population":319,"households":209,"male":133,"female":186,"ages":[30,114,124,51],"density_km2":37140},"geometry":{"type":"Polygon","coordinates":[[[120.296255,22.637858],[120.296436,22.637905],[120.296532,22.637537],[120.294846,22.63698],[120.294837,22.637001],[120.294669,22.637386],[120.296115,22.637826],[120.296129,22.637826],[120.296255,22.637858]]]}},{"type":"Feature","id":"A6402-0505-00","properties":{"code":"A6402-0505-00","district":"鼓山區","area_m2":5628.2,"centroid":[120.281993,22.637267],"population":104,"households":51,"male":51,"female":53,"ages":[7,17,39,41],"density_km2":18478},"geometry":{"type":"Polygon","coordinates":[[[120.281735,22.637732],[120.281999,22.637804],[120.282131,22.637839],[120.282273,22.637306],[120.282279,22.637284],[120.282382,22.63693],[120.281781,22.636761],[120.281714,22.636739],[120.281595,22.637132],[120.281611,22.637138],[120.281907,22.637204],[120.281735,22.637732]]]}},{"type":"Feature","id":"A6405-1419-00","properties":{"code":"A6405-1419-00","district":"三民區","area_m2":11280.1,"centroid":[120.294387,22.637419],"population":78,"households":46,"male":40,"female":38,"ages":[2,21,29,26],"density_km2":6915},"geometry":{"type":"Polygon","coordinates":[[[120.295358,22.637856],[120.295614,22.637881],[120.295981,22.637893],[120.296255,22.637858],[120.296129,22.637826],[120.296115,22.637826],[120.294669,22.637386],[120.294648,22.637373],[120.293902,22.637166],[120.292952,22.636903],[120.292797,22.637289],[120.292779,22.637333],[120.292909,22.637349],[120.293731,22.637446],[120.29394,22.63747],[120.294134,22.637526],[120.29461,22.637717],[120.294637,22.637725],[120.294979,22.637818],[120.295358,22.637856]]]}},{"type":"Feature","id":"A6405-1416-00","properties":{"code":"A6405-1416-00","district":"三民區","area_m2":11658.8,"centroid":[120.312997,22.63755],"population":283,"households":180,"male":133,"female":150,"ages":[26,63,123,71],"density_km2":24274},"geometry":{"type":"Polygon","coordinates":[[[120.312221,22.637949],[120.312539,22.637927],[120.313805,22.637853],[120.313798,22.637762],[120.31376,22.637272],[120.313755,22.637196],[120.313748,22.637099],[120.313622,22.637184],[120.313135,22.637245],[120.312168,22.637344],[120.312221,22.637949]]]}},{"type":"Feature","id":"A6405-1406-00","properties":{"code":"A6405-1406-00","district":"三民區","area_m2":9558.8,"centroid":[120.298663,22.637562],"population":184,"households":118,"male":80,"female":104,"ages":[5,31,89,59],"density_km2":19249},"geometry":{"type":"Polygon","coordinates":[[[120.297956,22.637876],[120.299386,22.637844],[120.299351,22.637238],[120.297957,22.637304],[120.297938,22.637397],[120.297941,22.637579],[120.297956,22.637876]]]}},{"type":"Feature","id":"A6405-1396-00","properties":{"code":"A6405-1396-00","district":"三民區","area_m2":5362.7,"centroid":[120.308189,22.637703],"population":26,"households":16,"male":13,"female":13,"ages":[2,6,11,7],"density_km2":4848},"geometry":{"type":"Polygon","coordinates":[[[120.307658,22.637918],[120.308754,22.637917],[120.308714,22.637488],[120.308671,22.637488],[120.30865,22.637488],[120.307728,22.637484],[120.307626,22.637484],[120.307655,22.637871],[120.307658,22.637918]]]}},{"type":"Feature","id":"A6402-0506-00","properties":{"code":"A6402-0506-00","district":"鼓山區","area_m2":11688.6,"centroid":[120.284269,22.637246],"population":101,"households":49,"male":53,"female":48,"ages":[4,28,41,28],"density_km2":8641},"geometry":{"type":"Polygon","coordinates":[[[120.283626,22.637653],[120.284165,22.637729],[120.284714,22.637806],[120.28477,22.637408],[120.284774,22.637381],[120.284783,22.637322],[120.284795,22.637237],[120.284812,22.637121],[120.284816,22.63709],[120.284854,22.63683],[120.28488,22.636657],[120.284595,22.636716],[120.284227,22.636807],[120.283865,22.636946],[120.283709,22.637023],[120.283626,22.637653]]]}},{"type":"Feature","id":"A6405-1407-00","properties":{"code":"A6405-1407-00","district":"三民區","area_m2":3188.0,"centroid":[120.317222,22.637626],"population":142,"households":57,"male":60,"female":82,"ages":[27,32,44,39],"density_km2":44542},"geometry":{"type":"Polygon","coordinates":[[[120.317013,22.637943],[120.31702,22.637942],[120.317584,22.63773],[120.317596,22.637719],[120.31741,22.637315],[120.317403,22.637318],[120.316857,22.637488],[120.317013,22.637943]]]}},{"type":"Feature","id":"A6405-1425-00","properties":{"code":"A6405-1425-00","district":"三民區","area_m2":6091.2,"centroid":[120.30041,22.637345],"population":100,"households":58,"male":49,"female":51,"ages":[9,20,42,29],"density_km2":16417},"geometry":{"type":"Polygon","coordinates":[[[120.300214,22.637855],[120.300533,22.637848],[120.300719,22.637843],[120.300681,22.637382],[120.300645,22.636958],[120.300634,22.636831],[120.300614,22.636832],[120.300098,22.636868],[120.300188,22.637844],[120.300214,22.637844],[120.300214,22.637855]]]}},{"type":"Feature","id":"A6405-1424-00","properties":{"code":"A6405-1424-00","district":"三民區","area_m2":8591.7,"centroid":[120.299757,22.637356],"population":69,"households":42,"male":36,"female":33,"ages":[4,14,26,25],"density_km2":8031},"geometry":{"type":"Polygon","coordinates":[[[120.299386,22.637844],[120.300188,22.637844],[120.300098,22.636868],[120.299884,22.636883],[120.299598,22.636896],[120.299467,22.636873],[120.299376,22.636844],[120.299337,22.636982],[120.299351,22.637238],[120.299386,22.637844]]]}},{"type":"Feature","id":"A6405-1408-00","properties":{"code":"A6405-1408-00","district":"三民區","area_m2":10754.9,"centroid":[120.301635,22.637555],"population":118,"households":77,"male":60,"female":58,"ages":[3,24,53,38],"density_km2":10972},"geometry":{"type":"Polygon","coordinates":[[[120.300719,22.637843],[120.301422,22.637831],[120.301472,22.63783],[120.302324,22.637814],[120.302477,22.637801],[120.30257,22.637786],[120.302484,22.637242],[120.300681,22.637382],[120.300719,22.637843]]]}},{"type":"Feature","id":"A6402-0504-00","properties":{"code":"A6402-0504-00","district":"鼓山區","area_m2":4477.8,"centroid":[120.28147,22.637374],"population":134,"households":51,"male":70,"female":64,"ages":[5,39,52,38],"density_km2":29926},"geometry":{"type":"Polygon","coordinates":[[[120.281024,22.637541],[120.281735,22.637732],[120.281907,22.637204],[120.281611,22.637138],[120.281595,22.637132],[120.281257,22.637005],[120.281024,22.637541]]]}},{"type":"Feature","id":"A6406-0063-00","properties":{"code":"A6406-0063-00","district":"新興區","area_m2":5993.0,"centroid":[120.298549,22.633901],"population":143,"households":72,"male":64,"female":79,"ages":[8,32,67,36],"density_km2":23861},"geometry":{"type":"Polygon","coordinates":[[[120.297877,22.633902],[120.297954,22.633927],[120.299081,22.634295],[120.299222,22.633907],[120.298022,22.633507],[120.297877,22.633902]]]}},{"type":"Feature","id":"A6407-0014-00","properties":{"code":"A6407-0014-00","district":"前金區","area_m2":14595.1,"centroid":[120.292746,22.633573],"population":88,"households":38,"male":41,"female":47,"ages":[11,21,35,21],"density_km2":6029},"geometry":{"type":"Polygon","coordinates":[[[120.291981,22.633894],[120.292003,22.633904],[120.293129,22.634257],[120.293508,22.633267],[120.292401,22.632893],[120.292379,22.632882],[120.292268,22.633176],[120.291981,22.633894]]]}},{"type":"Feature","id":"A6406-0076-00","properties":{"code":"A6406-0076-00","district":"新興區","area_m2":21706.5,"centroid":[120.306894,22.633458],"population":0,"households":0,"male":0,"female":0,"ages":[0,0,0,0],"density_km2":0},"geometry":{"type":"Polygon","coordinates":[[[120.306333,22.634268],[120.307523,22.634165],[120.307561,22.634162],[120.307581,22.634167],[120.307457,22.632655],[120.307406,22.632659],[120.306209,22.632735],[120.306333,22.634268]]]}},{"type":"Feature","id":"A6407-0013-00","properties":{"code":"A6407-0013-00","district":"前金區","area_m2":10768.3,"centroid":[120.295914,22.633656],"population":203,"households":91,"male":101,"female":102,"ages":[20,36,83,64],"density_km2":18852},"geometry":{"type":"Polygon","coordinates":[[[120.295717,22.634006],[120.296338,22.634213],[120.296466,22.633892],[120.296484,22.633848],[120.29663,22.633486],[120.295488,22.633097],[120.295324,22.633516],[120.2952,22.633834],[120.295717,22.634006]]]}},{"type":"Feature","id":"A6407-0015-00","properties":{"code":"A6407-0015-00","district":"前金區","area_m2":10670.7,"centroid":[120.290742,22.633509],"population":726,"households":386,"male":320,"female":406,"ages":[62,186,310,168],"density_km2":68037},"geometry":{"type":"Polygon","coordinates":[[[120.290109,22.63376],[120.291143,22.634103],[120.291378,22.633492],[120.291261,22.633392],[120.291129,22.633221],[120.29107,22.633118],[120.290812,22.632889],[120.290551,22.633114],[120.290368,22.633058],[120.290146,22.633589],[120.290072,22.633755],[120.290109,22.63376]]]}},{"type":"Feature","id":"A6406-0079-00","properties":{"code":"A6406-0079-00","district":"新興區","area_m2":5612.9,"centroid":[120.307682,22.6334],"population":165,"households":75,"male":67,"female":98,"ages":[38,31,58,38],"density_km2":29397},"geometry":{"type":"Polygon","coordinates":[[[120.307581,22.634167],[120.307909,22.634141],[120.307777,22.632631],[120.307457,22.632655],[120.307581,22.634167]]]}},{"type":"Feature","id":"A6401-0003-00","properties":{"code":"A6401-0003-00","district":"鹽埕區","area_m2":8911.4,"centroid":[120.284867,22.633302],"population":75,"households":34,"male":36,"female":39,"ages":[6,14,33,22],"density_km2":8416},"geometry":{"type":"Polygon","coordinates":[[[120.285184,22.634067],[120.285234,22.633854],[120.28538,22.633339],[120.284976,22.632636],[120.284282,22.632907],[120.284526,22.63332],[120.284694,22.633511],[120.285184,22.634067]]]}},{"type":"Feature","id":"A6406-0080-00","properties":{"code":"A6406-0080-00","district":"新興區","area_m2":8578.6,"centroid":[120.308087,22.633363],"population":530,"households":248,"male":233,"female":297,"ages":[88,99,194,149],"density_km2":61782},"geometry":{"type":"Polygon","coordinates":[[[120.307909,22.634141],[120.308327,22.634107],[120.30837,22.634104],[120.308391,22.634109],[120.308288,22.632595],[120.308225,22.632597],[120.307777,22.632631],[120.307909,22.634141]]]}},{"type":"Feature","id":"A6401-0004-00","properties":{"code":"A6401-0004-00","district":"鹽埕區","area_m2":6463.2,"centroid":[120.283329,22.633123],"population":157,"households":56,"male":69,"female":88,"ages":[13,46,54,44],"density_km2":24291},"geometry":{"type":"Polygon","coordinates":[[[120.283885,22.634031],[120.283899,22.634015],[120.283967,22.63394],[120.283591,22.633225],[120.28309,22.63232],[120.283081,22.632304],[120.283068,22.63231],[120.282762,22.632446],[120.282699,22.632474],[120.282753,22.632549],[120.282992,22.632878],[120.283036,22.632943],[120.283178,22.633156],[120.283217,22.633213],[120.283487,22.633593],[120.283573,22.633702],[120.283709,22.633856],[120.283857,22.634006],[120.283885,22.634031]]]}},{"type":"Feature","id":"A6406-0073-00","properties":{"code":"A6406-0073-00","district":"新興區","area_m2":13097.6,"centroid":[120.300278,22.633574],"population":111,"households":59,"male":57,"female":54,"ages":[8,20,49,34],"density_km2":8475},"geometry":{"type":"Polygon","coordinates":[[[120.299349,22.633629],[120.300767,22.634096],[120.301205,22.634053],[120.301169,22.633556],[120.299595,22.633016],[120.299574,22.633006],[120.299327,22.633619],[120.299349,22.633629]]]}},{"type":"Feature","id":"A6406-0064-00","properties":{"code":"A6406-0064-00","district":"新興區","area_m2":6910.1,"centroid":[120.304001,22.633865],"population":167,"households":93,"male":87,"female":80,"ages":[19,43,68,37],"density_km2":24168},"geometry":{"type":"Polygon","coordinates":[[[120.303149,22.634091],[120.304889,22.633981],[120.30486,22.633643],[120.30312,22.633735],[120.303149,22.634091]]]}},{"type":"Feature","id":"A6407-0054-00","properties":{"code":"A6407-0054-00","district":"前金區","area_m2":4788.9,"centroid":[120.297139,22.630491],"population":142,"households":73,"male":65,"female":77,"ages":[19,29,52,42],"density_km2":29652},"geometry":{"type":"Polygon","coordinates":[[[120.297661,22.63084],[120.297784,22.630524],[120.296627,22.63014],[120.296495,22.630465],[120.297661,22.63084]]]}},{"type":"Feature","id":"A6406-0144-00","properties":{"code":"A6406-0144-00","district":"新興區","area_m2":4134.2,"centroid":[120.300211,22.630486],"population":140,"households":69,"male":71,"female":69,"ages":[19,30,51,40],"density_km2":33864},"geometry":{"type":"Polygon","coordinates":[[[120.300419,22.630842],[120.300442,22.63085],[120.300608,22.630322],[120.300014,22.630119],[120.299806,22.63065],[120.300419,22.630842]]]}},{"type":"Feature","id":"A6407-0063-00","properties":{"code":"A6407-0063-00","district":"前金區","area_m2":13956.2,"centroid":[120.295199,22.629972],"population":96,"households":55,"male":49,"female":47,"ages":[9,25,25,37],"density_km2":6879},"geometry":{"type":"Polygon","coordinates":[[[120.294873,22.630682],[120.295296,22.630823],[120.295728,22.629711],[120.295841,22.629373],[120.295526,22.629249],[120.295111,22.629122],[120.294971,22.629483],[120.294814,22.629889],[120.294693,22.630203],[120.294549,22.630574],[120.294873,22.630682]]]}},{"type":"Feature","id":"A6401-0016-00","properties":{"code":"A6401-0016-00","district":"鹽埕區","area_m2":7768.9,"centroid":[120.283916,22.630129],"population":119,"households":58,"male":60,"female":59,"ages":[7,23,47,42],"density_km2":15317},"geometry":{"type":"Polygon","coordinates":[[[120.28393,22.630757],[120.284462,22.63049],[120.283923,22.629507],[120.283366,22.629757],[120.28393,22.630757]]]}},{"type":"Feature","id":"A6406-0154-00","properties":{"code":"A6406-0154-00","district":"新興區","area_m2":4644.1,"centroid":[120.308784,22.630098],"population":161,"households":74,"male":86,"female":75,"ages":[23,32,63,43],"density_km2":34667},"geometry":{"type":"Polygon","coordinates":[[[120.308978,22.630846],[120.308932,22.630269],[120.308902,22.629814],[120.308869,22.629347],[120.308587,22.629367],[120.308712,22.630856],[120.308937,22.630841],[120.308978,22.630846]]]}},{"type":"Feature","id":"A6401-0018-00","properties":{"code":"A6401-0018-00","district":"鹽埕區","area_m2":7953.5,"centroid":[120.281247,22.629892],"population":316,"households":177,"male":141,"female":175,"ages":[22,54,130,110],"density_km2":39731},"geometry":{"type":"Polygon","coordinates":[[[120.281577,22.630731],[120.281969,22.630671],[120.281172,22.62948],[120.280883,22.62903],[120.28054,22.629203],[120.280639,22.629347],[120.280657,22.629375],[120.280726,22.629477],[120.280867,22.629684],[120.281084,22.630004],[120.281115,22.630049],[120.281474,22.63058],[120.281577,22.630731]]]}},{"type":"Feature","id":"A6406-0145-00","properties":{"code":"A6406-0145-00","district":"新興區","area_m2":8935.8,"centroid":[120.309625,22.630506],"population":24,"households":17,"male":7,"female":17,"ages":[0,2,13,9],"density_km2":2686},"geometry":{"type":"Polygon","coordinates":[[[120.310271,22.630756],[120.310316,22.630753],[120.310268,22.630163],[120.310251,22.630164],[120.308932,22.630269],[120.308978,22.630846],[120.310271,22.630756]]]}},{"type":"Feature","id":"A6401-0017-00","properties":{"code":"A6401-0017-00","district":"鹽埕區","area_m2":4914.2,"centroid":[120.281681,22.629989],"population":65,"households":30,"male":34,"female":31,"ages":[6,14,31,14],"density_km2":13227},"geometry":{"type":"Polygon","coordinates":[[[120.281969,22.630671],[120.281997,22.630713],[120.282057,22.6307],[120.282192,22.630635],[120.282053,22.630368],[120.281549,22.629405],[120.281492,22.629298],[120.281172,22.62948],[120.281969,22.630671]]]}},{"type":"Feature","id":"A6401-0015-00","properties":{"code":"A6401-0015-00","district":"鹽埕區","area_m2":2371.7,"centroid":[120.282447,22.630344],"population":30,"households":13,"male":13,"female":17,"ages":[4,7,10,9],"density_km2":12649},"geometry":{"type":"Polygon","coordinates":[[[120.282192,22.630635],[120.282214,22.630624],[120.282263,22.630593],[120.282708,22.630372],[120.282841,22.630277],[120.28272,22.630059],[120.282053,22.630368],[120.282192,22.630635]]]}},{"type":"Feature","id":"A6406-0146-00","properties":{"code":"A6406-0146-00","district":"新興區","area_m2":8634.4,"centroid":[120.310927,22.630418],"population":278,"households":123,"male":137,"female":141,"ages":[59,54,93,72],"density_km2":32197},"geometry":{"type":"Polygon","coordinates":[[[120.310316,22.630753],[120.311565,22.630679],[120.311583,22.630678],[120.311543,22.63008],[120.310268,22.630163],[120.310316,22.630753]]]}},{"type":"Feature","id":"A6406-0159-00","properties":{"code":"A6406-0159-00","district":"新興區","area_m2":7766.7,"centroid":[120.302591,22.629851],"population":133,"households":86,"male":72,"female":61,"ages":[8,19,62,44],"density_km2":17124},"geometry":{"type":"Polygon","coordinates":[[[120.302865,22.630644],[120.302852,22.630498],[120.302832,22.630138],[120.302812,22.629779],[120.302748,22.629056],[120.302747,22.629045],[120.302726,22.629046],[120.302306,22.629077],[120.302465,22.63067],[120.302865,22.630644]]]}},{"type":"Feature","id":"A6406-0148-00","properties":{"code":"A6406-0148-00","district":"新興區","area_m2":4172.3,"centroid":[120.299607,22.630284],"population":90,"households":64,"male":27,"female":63,"ages":[11,18,48,13],"density_km2":21571},"geometry":{"type":"Polygon","coordinates":[[[120.299198,22.630466],[120.299594,22.630584],[120.299806,22.63065],[120.300014,22.630119],[120.299443,22.629923],[120.299421,22.629912],[120.299198,22.630466]]]}},{"type":"Feature","id":"A6406-0147-00","properties":{"code":"A6406-0147-00","district":"新興區","area_m2":5372.2,"centroid":[120.311959,22.630352],"population":129,"households":59,"male":59,"female":70,"ages":[22,26,44,37],"density_km2":24013},"geometry":{"type":"Polygon","coordinates":[[[120.311583,22.630678],[120.312381,22.630618],[120.312324,22.630027],[120.311543,22.63008],[120.311583,22.630678]]]}},{"type":"Feature","id":"A6402-0549-00","properties":{"code":"A6402-0549-00","district":"鼓山區","area_m2":25442.6,"centroid":[120.276506,22.626055],"population":275,"households":138,"male":151,"female":124,"ages":[12,46,130,87],"density_km2":10809},"geometry":{"type":"Polygon","coordinates":[[[120.277904,22.626427],[120.276996,22.626073],[120.276383,22.62517],[120.276381,22.625232],[120.27634,22.625257],[120.276287,22.625282],[120.276211,22.625284],[120.276209,22.625223],[120.276178,22.625229],[120.276177,22.625242],[120.276118,22.625242],[120.276116,22.625285],[120.276063,22.625281],[120.276023,22.625183],[120.275973,22.625185],[120.275964,22.62522],[120.2759,22.625212],[120.275735,22.625229],[120.275731,22.625199],[120.27564,22.625173],[120.275603,22.625155],[120.275451,22.625216],[120.27545,22.625294],[120.275257,22.625316],[120.275323,22.62547],[120.275522,22.625794],[120.275716,22.626039],[120.275961,22.626583],[120.276025,22.626654],[120.276116,22.626704],[120.276293,22.62673],[120.276688,22.626818],[120.277019,22.626929],[120.277904,22.626427]]]}},{"type":"Feature","id":"A6408-0240-00","properties":{"code":"A6408-0240-00","district":"苓雅區","area_m2":6192.7,"centroid":[120.316024,22.626409],"population":365,"households":151,"male":169,"female":196,"ages":[105,65,129,66],"density_km2":58940},"geometry":{"type":"Polygon","coordinates":[[[120.315683,22.62689],[120.316043,22.627011],[120.31646,22.625955],[120.315998,22.625808],[120.315589,22.626858],[120.315683,22.62689]]]}},{"type":"Feature","id":"A6401-0058-00","properties":{"code":"A6401-0058-00","district":"鹽埕區","area_m2":7556.7,"centroid":[120.281843,22.626247],"population":270,"households":124,"male":134,"female":136,"ages":[17,55,117,81],"density_km2":35730},"geometry":{"type":"Polygon","coordinates":[[[120.281815,22.626851],[120.282377,22.626589],[120.282368,22.626572],[120.281867,22.62564],[120.28131,22.625918],[120.281319,22.625935],[120.281815,22.626851]]]}},{"type":"Feature","id":"A6401-0059-00","properties":{"code":"A6401-0059-00","district":"鹽埕區","area_m2":6599.1,"centroid":[120.279497,22.626226],"population":346,"households":174,"male":166,"female":180,"ages":[20,97,125,104],"density_km2":52432},"geometry":{"type":"Polygon","coordinates":[[[120.279568,22.626826],[120.280005,22.6266],[120.279486,22.625648],[120.279477,22.625631],[120.279464,22.625638],[120.278979,22.625873],[120.278989,22.62589],[120.279568,22.626826]]]}},{"type":"Feature","id":"A6402-0555-00","properties":{"code":"A6402-0555-00","district":"鼓山區","area_m2":60603.2,"centroid":[120.274148,22.624899],"population":323,"households":154,"male":182,"female":141,"ages":[33,67,136,87],"density_km2":5330},"geometry":{"type":"Polygon","coordinates":[[[120.271041,22.62671],[120.271068,22.626786],[120.271112,22.626774],[120.271216,22.626737],[120.271308,22.626658],[120.27148,22.626458],[120.271563,22.626404],[120.271661,22.626381],[120.272139,22.626283],[120.272222,22.626234],[120.272451,22.625983],[120.272572,22.625874],[120.272747,22.625782],[120.27285,22.625766],[120.273039,22.625783],[120.273299,22.625798],[120.273393,22.625793],[120.273482,22.625763],[120.273533,22.625714],[120.27356,22.625643],[120.273581,22.625536],[120.273632,22.625351],[120.27394,22.625129],[120.274115,22.625045],[120.274251,22.624994],[120.274343,22.624975],[120.274422,22.624983],[120.274478,22.625017],[120.274513,22.625085],[120.27462,22.625472],[120.275013,22.625191],[120.275093,22.625135],[120.275133,22.625144],[120.275159,22.625138],[120.275257,22.625316],[120.27545,22.625294],[120.275451,22.625216],[120.275603,22.625155],[120.27564,22.625173],[120.275731,22.625199],[120.275735,22.625229],[120.2759,22.625212],[120.275964,22.62522],[120.275973,22.625185],[120.276023,22.625183],[120.276063,22.625281],[120.276116,22.625285],[120.276118,22.625242],[120.276177,22.625242],[120.276178,22.625229],[120.276209,22.625223],[120.276211,22.625284],[120.276287,22.625282],[120.27634,22.625257],[120.276381,22.625232],[120.276383,22.62517],[120.276388,22.62499],[120.27645,22.624],[120.276494,22.623877],[120.276075,22.623258],[120.276065,22.623239],[120.276042,22.623253],[120.275906,22.623294],[120.275739,22.623408],[120.275272,22.623754],[120.275042,22.623903],[120.274837,22.624004],[120.274698,22.624052],[120.274539,22.624069],[120.274401,22.624045],[120.274143,22.624111],[120.273887,22.624195],[120.273662,22.624309],[120.273524,22.6244],[120.273448,22.624498],[120.273383,22.624619],[120.273272,22.624821],[120.272964,22.625121],[120.272826,22.62524],[120.272647,22.625336],[120.272439,22.625416],[120.272333,22.625481],[120.272259,22.625584],[120.27219,22.625765],[120.272072,22.625865],[120.271516,22.626159],[120.271383,22.626244],[120.271224,22.626478],[120.27108,22.626689],[120.271041,22.62671]]]}},{"type":"Feature","id":"A6407-0092-00","properties":{"code":"A6407-0092-00","district":"前金區","area_m2":36530.0,"centroid":[120.294165,22.625758],"population":0,"households":0,"male":0,"female":0,"ages":[0,0,0,0],"density_km2":0},"geometry":{"type":"Polygon","coordinates":[[[120.293786,22.626565],[120.294711,22.62687],[120.29486,22.626483],[120.294988,22.626149],[120.295142,22.625745],[120.295341,22.625216],[120.293617,22.624645],[120.293606,22.624673],[120.293272,22.625579],[120.292985,22.626304],[120.293786,22.626565]]]}},{"type":"Feature","id":"A6406-0216-00","properties":{"code":"A6406-0216-00","district":"新興區","area_m2":4397.2,"centroid":[120.309392,22.626588],"population":123,"households":62,"male":62,"female":61,"ages":[12,31,35,45],"density_km2":27973},"geometry":{"type":"Polygon","coordinates":[[[120.30988,22.626934],[120.310001,22.62662],[120.308899,22.626244],[120.308782,22.62655],[120.30988,22.626934]]]}},{"type":"Feature","id":"A6408-0244-00","properties":{"code":"A6408-0244-00","district":"苓雅區","area_m2":15905.0,"centroid":[120.313497,22.626148],"population":552,"households":229,"male":259,"female":293,"ages":[173,100,195,84],"density_km2":34706},"geometry":{"type":"Polygon","coordinates":[[[120.313763,22.626467],[120.312675,22.62611],[120.312538,22.626463],[120.313971,22.626938],[120.3144,22.625831],[120.314302,22.6258],[120.314282,22.625786],[120.314053,22.625709],[120.313971,22.625679],[120.313679,22.625583],[120.313415,22.625496],[120.312971,22.625353],[120.312806,22.625776],[120.313886,22.626145],[120.313763,22.626467]]]}},{"type":"Feature","id":"A6401-0060-00","properties":{"code":"A6401-0060-00","district":"鹽埕區","area_m2":10516.7,"centroid":[120.284683,22.626104],"population":41,"households":27,"male":24,"female":17,"ages":[3,8,15,15],"density_km2":3899},"geometry":{"type":"Polygon","coordinates":[[[120.284578,22.626773],[120.285325,22.626421],[120.285317,22.626405],[120.284792,22.625454],[120.284787,22.625436],[120.284041,22.625775],[120.28405,22.625791],[120.284578,22.626773]]]}},{"type":"Feature","id":"A6408-0354-00","properties":{"code":"A6408-0354-00","district":"苓雅區","area_m2":6511.1,"centroid":[120.316022,22.622068],"population":240,"households":97,"male":109,"female":131,"ages":[64,45,76,55],"density_km2":36860},"geometry":{"type":"Polygon","coordinates":[[[120.315921,22.622822],[120.316104,22.622364],[120.316118,22.622328],[120.316455,22.621483],[120.316352,22.621253],[120.31619,22.621205],[120.315566,22.622817],[120.315886,22.622918],[120.315921,22.622822]]]}},{"type":"Feature","id":"A6407-0126-00","properties":{"code":"A6407-0126-00","district":"前金區","area_m2":13469.7,"centroid":[120.300126,22.621952],"population":233,"households":106,"male":95,"female":138,"ages":[23,56,75,79],"density_km2":17298},"geometry":{"type":"Polygon","coordinates":[[[120.300184,22.622823],[120.300452,22.622129],[120.300765,22.621318],[120.300076,22.621081],[120.299485,22.62258],[120.300184,22.622823]]]}},{"type":"Feature","id":"A6407-0122-00","properties":{"code":"A6407-0122-00","district":"前金區","area_m2":7018.7,"centroid":[120.295499,22.622336],"population":88,"households":45,"male":34,"female":54,"ages":[11,13,34,30],"density_km2":12538},"geometry":{"type":"Polygon","coordinates":[[[120.2963,22.622778],[120.296313,22.622742],[120.296417,22.622454],[120.295916,22.62229],[120.294739,22.621905],[120.294718,22.621895],[120.2946,22.622142],[120.29457,22.622205],[120.2963,22.622778]]]}},{"type":"Feature","id":"A6401-0102-00","properties":{"code":"A6401-0102-00","district":"鹽埕區","area_m2":10805.3,"centroid":[120.287949,22.622054],"population":129,"households":60,"male":55,"female":74,"ages":[17,22,51,39],"density_km2":11939},"geometry":{"type":"Polygon","coordinates":[[[120.287832,22.622733],[120.288609,22.622357],[120.28803,22.621388],[120.288021,22.621371],[120.288008,22.621377],[120.287299,22.621747],[120.287308,22.621764],[120.287832,22.622733]]]}},{"type":"Feature","id":"A6408-0360-00","properties":{"code":"A6408-0360-00","district":"苓雅區","area_m2":7860.4,"centroid":[120.31569,22.62195],"population":210,"households":72,"male":95,"female":115,"ages":[54,35,72,49],"density_km2":26716},"geometry":{"type":"Polygon","coordinates":[[[120.315502,22.622796],[120.315566,22.622817],[120.31619,22.621205],[120.316143,22.621191],[120.316125,22.621186],[120.316086,22.621175],[120.315798,22.621091],[120.315774,22.621147],[120.315594,22.621627],[120.315471,22.621956],[120.315357,22.622258],[120.315343,22.622296],[120.315192,22.622698],[120.315502,22.622796]]]}},{"type":"Feature","id":"A6406-0265-00","properties":{"code":"A6406-0265-00","district":"新興區","area_m2":7159.7,"centroid":[120.303113,22.622326],"population":111,"households":70,"male":62,"female":49,"ages":[12,31,32,36],"density_km2":15503},"geometry":{"type":"Polygon","coordinates":[[[120.303791,22.622757],[120.303935,22.622383],[120.303913,22.622372],[120.302451,22.621898],[120.302283,22.622258],[120.303791,22.622757]]]}},{"type":"Feature","id":"A6402-0579-00","properties":{"code":"A6402-0579-00","district":"鼓山區","area_m2":9753.4,"centroid":[120.27273,22.621958],"population":239,"households":98,"male":109,"female":130,"ages":[29,53,96,61],"density_km2":24504},"geometry":{"type":"Polygon","coordinates":[[[120.273032,22.622418],[120.273331,22.62225],[120.273374,22.622226],[120.272756,22.621303],[120.272709,22.621328],[120.272418,22.621506],[120.272088,22.621706],[120.272694,22.622609],[120.273032,22.622418]]]}},{"type":"Feature","id":"A6401-0109-00","properties":{"code":"A6401-0109-00","district":"鹽埕區","area_m2":32837.5,"centroid":[120.289182,22.621619],"population":312,"households":138,"male":156,"female":156,"ages":[52,50,115,95],"density_km2":9501},"geometry":{"type":"Polygon","coordinates":[[[120.289901,22.622528],[120.289931,22.622399],[120.289988,22.622146],[120.290027,22.621937],[120.290032,22.621905],[120.29005,22.621785],[120.290055,22.621752],[120.29006,22.621718],[120.2901,22.621442],[120.290138,22.621124],[120.29014,22.621106],[120.29016,22.620899],[120.290174,22.620673],[120.290175,22.620646],[120.290175,22.620625],[120.28948,22.620624],[120.289199,22.620791],[120.289178,22.620796],[120.288498,22.621137],[120.288482,22.621138],[120.288021,22.621371],[120.28803,22.621388],[120.288609,22.622357],[120.288741,22.622338],[120.2889,22.622349],[120.28925,22.622468],[120.289868,22.622678],[120.289901,22.622528]]]}},{"type":"Feature","id":"A6408-0350-00","properties":{"code":"A6408-0350-00","district":"苓雅區","area_m2":5039.8,"centroid":[120.317152,22.622202],"population":256,"households":102,"male":123,"female":133,"ages":[68,50,82,56],"density_km2":50795},"geometry":{"type":"Polygon","coordinates":[[[120.317139,22.622711],[120.317194,22.622729],[120.317544,22.621811],[120.317491,22.621795],[120.317443,22.62178],[120.317121,22.621673],[120.316759,22.622597],[120.316792,22.622607],[120.317139,22.622711]]]}},{"type":"Feature","id":"A6401-0103-00","properties":{"code":"A6401-0103-00","district":"鹽埕區","area_m2":6067.8,"centroid":[120.278093,22.621928],"population":190,"households":84,"male":106,"female":84,"ages":[26,43,71,50],"density_km2":31313},"geometry":{"type":"Polygon","coordinates":[[[120.278223,22.622551],[120.278586,22.622374],[120.278599,22.622368],[120.27811,22.621473],[120.27805,22.621361],[120.278031,22.621327],[120.277816,22.621426],[120.27769,22.621493],[120.277591,22.621559],[120.277959,22.622226],[120.278123,22.622152],[120.278186,22.622272],[120.278231,22.622251],[120.278261,22.622301],[120.278124,22.622365],[120.278223,22.622551]]]}},{"type":"Feature","id":"A6407-0125-00","properties":{"code":"A6407-0125-00","district":"前金區","area_m2":5045.1,"centroid":[120.291989,22.62214],"population":375,"households":160,"male":172,"female":203,"ages":[47,107,145,76],"density_km2":74330},"geometry":{"type":"Polygon","coordinates":[[[120.292477,22.622599],[120.292498,22.622609],[120.292069,22.621758],[120.291771,22.62166],[120.291745,22.621727],[120.291768,22.621734],[120.291642,22.622055],[120.291598,22.62204],[120.291507,22.622274],[120.292477,22.622599]]]}},{"type":"Feature","id":"A6401-0100-00","properties":{"code":"A6401-0100-00","district":"鹽埕區","area_m2":4526.0,"centroid":[120.283492,22.622171],"population":388,"households":180,"male":179,"female":209,"ages":[52,83,136,117],"density_km2":85727},"geometry":{"type":"Polygon","coordinates":[[[120.283222,22.622567],[120.283238,22.622559],[120.283979,22.622192],[120.28376,22.621779],[120.283006,22.622135],[120.283216,22.622549],[120.283222,22.622567]]]}},{"type":"Feature","id":"A6407-0152-00","properties":{"code":"A6407-0152-00","district":"前金區","area_m2":9805.6,"centroid":[120.296974,22.618512],"population":226,"households":125,"male":94,"female":132,"ages":[18,57,81,70],"density_km2":23048},"geometry":{"type":"Polygon","coordinates":[[[120.297742,22.619012],[120.297894,22.618603],[120.297908,22.618565],[120.296776,22.618193],[120.296216,22.61801],[120.296206,22.618035],[120.296087,22.618349],[120.296043,22.618464],[120.296064,22.618475],[120.297742,22.619012]]]}},{"type":"Feature","id":"A6408-0519-00","properties":{"code":"A6408-0519-00","district":"苓雅區","area_m2":8273.2,"centroid":[120.29377,22.618355],"population":163,"households":90,"male":88,"female":75,"ages":[15,29,56,63],"density_km2":19702},"geometry":{"type":"Polygon","coordinates":[[[120.293203,22.618711],[120.293277,22.618738],[120.293895,22.618961],[120.294187,22.618253],[120.294311,22.617946],[120.293716,22.617745],[120.293533,22.618152],[120.293203,22.618711]]]}},{"type":"Feature","id":"A6408-0502-00","properties":{"code":"A6408-0502-00","district":"苓雅區","area_m2":3887.7,"centroid":[120.314241,22.618717],"population":260,"households":127,"male":113,"female":147,"ages":[42,59,94,65],"density_km2":66877},"geometry":{"type":"Polygon","coordinates":[[[120.31378,22.618784],[120.314549,22.619041],[120.314703,22.61865],[120.313929,22.618392],[120.313921,22.618411],[120.313798,22.618731],[120.31378,22.618784]]]}},{"type":"Feature","id":"A6408-0517-00","properties":{"code":"A6408-0517-00","district":"苓雅區","area_m2":10927.5,"centroid":[120.298634,22.618384],"population":204,"households":97,"male":106,"female":98,"ages":[9,41,89,65],"density_km2":18668},"geometry":{"type":"Polygon","coordinates":[[[120.299017,22.618941],[120.299038,22.618952],[120.29934,22.618178],[120.298223,22.61782],[120.297929,22.618579],[120.299017,22.618941]]]}},{"type":"Feature","id":"A6408-0516-00","properties":{"code":"A6408-0516-00","district":"苓雅區","area_m2":7373.6,"centroid":[120.314774,22.618464],"population":211,"households":94,"male":108,"female":103,"ages":[25,48,76,62],"density_km2":28616},"geometry":{"type":"Polygon","coordinates":[[[120.314703,22.61865],[120.315475,22.618907],[120.315596,22.618601],[120.315619,22.618537],[120.314071,22.618021],[120.314055,22.618062],[120.313934,22.618378],[120.313929,22.618392],[120.314703,22.61865]]]}},{"type":"Feature","id":"A6408-0518-00","properties":{"code":"A6408-0518-00","district":"苓雅區","area_m2":7595.7,"centroid":[120.295118,22.618366],"population":256,"households":112,"male":118,"female":138,"ages":[24,50,101,81],"density_km2":33703},"geometry":{"type":"Polygon","coordinates":[[[120.295909,22.618817],[120.296043,22.618464],[120.294323,22.617917],[120.294311,22.617946],[120.294187,22.618253],[120.295909,22.618817]]]}},{"type":"Feature","id":"A6408-0511-00","properties":{"code":"A6408-0511-00","district":"苓雅區","area_m2":4617.3,"centroid":[120.316206,22.618538],"population":185,"households":80,"male":87,"female":98,"ages":[33,36,71,45],"density_km2":40066},"geometry":{"type":"Polygon","coordinates":[[[120.315619,22.618537],[120.316654,22.618882],[120.316792,22.618533],[120.315747,22.618194],[120.315619,22.618537]]]}},{"type":"Feature","id":"A6402-0426-00","properties":{"code":"A6402-0426-00","district":"鼓山區","area_m2":11968.9,"centroid":[120.276698,22.650755],"population":421,"households":215,"male":195,"female":226,"ages":[73,88,187,73],"density_km2":35175},"geometry":{"type":"Polygon","coordinates":[[[120.276187,22.65178],[120.276211,22.65178],[120.27672,22.651783],[120.276831,22.651337],[120.276841,22.651296],[120.276899,22.651089],[120.277058,22.650385],[120.277064,22.650354],[120.277193,22.649807],[120.276699,22.649714],[120.276677,22.649703],[120.276594,22.650152],[120.276578,22.650222],[120.2764,22.651016],[120.276398,22.651025],[120.276387,22.651067],[120.276272,22.651506],[120.276189,22.65177],[120.276187,22.65178]]]}},{"type":"Feature","id":"A6405-0668-00","properties":{"code":"A6405-0668-00","district":"三民區","area_m2":9091.8,"centroid":[120.318389,22.647891],"population":651,"households":254,"male":306,"female":345,"ages":[105,184,257,105],"density_km2":71603},"geometry":{"type":"Polygon","coordinates":[[[120.318928,22.648277],[120.318988,22.648295],[120.319133,22.647666],[120.318335,22.647585],[120.317694,22.647519],[120.317681,22.647635],[120.317637,22.64801],[120.318419,22.648172],[120.318928,22.648277]]]}},{"type":"Feature","id":"A6405-0681-00","properties":{"code":"A6405-0681-00","district":"三民區","area_m2":11847.0,"centroid":[120.3121,22.647501],"population":482,"households":374,"male":214,"female":268,"ages":[47,232,167,36],"density_km2":40686},"geometry":{"type":"Polygon","coordinates":[[[120.311505,22.648212],[120.313019,22.64709],[120.312568,22.646965],[120.312221,22.646988],[120.311808,22.647018],[120.311385,22.64705],[120.311505,22.648212]]]}},{"type":"Feature","id":"A6405-0663-00","properties":{"code":"A6405-0663-00","district":"三民區","area_m2":4590.7,"centroid":[120.306045,22.647953],"population":114,"households":49,"male":53,"female":61,"ages":[18,18,39,39],"density_km2":24833},"geometry":{"type":"Polygon","coordinates":[[[120.3055,22.648173],[120.306616,22.648092],[120.306597,22.64779],[120.306594,22.647731],[120.305471,22.647818],[120.305475,22.647871],[120.3055,22.648173]]]}},{"type":"Feature","id":"A6405-0723-00","properties":{"code":"A6405-0723-00","district":"三民區","area_m2":13856.2,"centroid":[120.296969,22.646939],"population":378,"households":159,"male":191,"female":187,"ages":[38,101,142,97],"density_km2":27280},"geometry":{"type":"Polygon","coordinates":[[[120.296732,22.648132],[120.296754,22.648127],[120.297191,22.648094],[120.297113,22.647081],[120.297053,22.646288],[120.297502,22.646261],[120.297477,22.645885],[120.297477,22.645873],[120.297455,22.645875],[120.296532,22.645949],[120.296533,22.645962],[120.296732,22.648132]]]}},{"type":"Feature","id":"A6402-0466-00","properties":{"code":"A6402-0466-00","district":"鼓山區","area_m2":4428.2,"centroid":[120.279452,22.647768],"population":102,"households":43,"male":52,"female":50,"ages":[6,21,48,27],"density_km2":23034},"geometry":{"type":"Polygon","coordinates":[[[120.279006,22.647939],[120.279383,22.64794],[120.279578,22.648005],[120.279794,22.648053],[120.279906,22.647646],[120.279908,22.647529],[120.279832,22.647529],[120.278993,22.647527],[120.279003,22.647833],[120.279006,22.647939]]]}},{"type":"Feature","id":"A6405-0709-00","properties":{"code":"A6405-0709-00","district":"三民區","area_m2":9275.8,"centroid":[120.297349,22.647178],"population":333,"households":142,"male":169,"female":164,"ages":[65,63,119,86],"density_km2":35900},"geometry":{"type":"Polygon","coordinates":[[[120.297191,22.648094],[120.297648,22.648058],[120.297531,22.646707],[120.297502,22.646261],[120.297053,22.646288],[120.297113,22.647081],[120.297191,22.648094]]]}},{"type":"Feature","id":"A6405-0701-00","properties":{"code":"A6405-0701-00","district":"三民區","area_m2":35665.4,"centroid":[120.29874,22.647293],"population":0,"households":0,"male":0,"female":0,"ages":[0,0,0,0],"density_km2":0},"geometry":{"type":"Polygon","coordinates":[[[120.297648,22.648058],[120.298815,22.647968],[120.299944,22.647888],[120.299917,22.647564],[120.299881,22.647148],[120.299838,22.646527],[120.299098,22.646578],[120.29868,22.646621],[120.297531,22.646707],[120.297648,22.648058]]]}},{"type":"Feature","id":"A6405-0667-00","properties":{"code":"A6405-0667-00","district":"三民區","area_m2":4743.5,"centroid":[120.307193,22.647872],"population":111,"households":52,"male":51,"female":60,"ages":[11,21,43,36],"density_km2":23400},"geometry":{"type":"Polygon","coordinates":[[[120.306616,22.648092],[120.307799,22.647997],[120.307774,22.647704],[120.30777,22.647656],[120.306594,22.647731],[120.306597,22.64779],[120.306616,22.648092]]]}},{"type":"Feature","id":"A6405-0679-00","properties":{"code":"A6405-0679-00","district":"三民區","area_m2":9414.5,"centroid":[120.308394,22.647617],"population":61,"households":23,"male":24,"female":37,"ages":[12,16,20,13],"density_km2":6479},"geometry":{"type":"Polygon","coordinates":[[[120.307799,22.647997],[120.308998,22.647906],[120.309041,22.647903],[120.308987,22.647231],[120.308951,22.647235],[120.307744,22.647347],[120.30777,22.647656],[120.307774,22.647704],[120.307799,22.647997]]]}},{"type":"Feature","id":"A6405-0943-00","properties":{"code":"A6405-0943-00","district":"三民區","area_m2":7442.6,"centroid":[120.296596,22.643824],"population":115,"households":62,"male":56,"female":59,"ages":[10,21,47,37],"density_km2":15452},"geometry":{"type":"Polygon","coordinates":[[[120.296424,22.644507],[120.296903,22.644477],[120.296782,22.643143],[120.296285,22.643179],[120.296424,22.644507]]]}},{"type":"Feature","id":"A6405-0920-00","properties":{"code":"A6405-0920-00","district":"三民區","area_m2":10567.5,"centroid":[120.306887,22.644099],"population":185,"households":87,"male":87,"female":98,"ages":[26,28,69,62],"density_km2":17506},"geometry":{"type":"Polygon","coordinates":[[[120.306338,22.644551],[120.307485,22.644458],[120.307484,22.644446],[120.307452,22.644113],[120.307451,22.644102],[120.307449,22.644038],[120.307437,22.643741],[120.307437,22.643729],[120.307431,22.643647],[120.306295,22.643735],[120.306302,22.643828],[120.306323,22.64425],[120.306338,22.644551]]]}},{"type":"Feature","id":"A6405-0946-00","properties":{"code":"A6405-0946-00","district":"三民區","area_m2":7385.8,"centroid":[120.297082,22.643791],"population":194,"households":76,"male":89,"female":105,"ages":[28,50,66,50],"density_km2":26267},"geometry":{"type":"Polygon","coordinates":[[[120.296903,22.644477],[120.297348,22.644448],[120.29738,22.644446],[120.297373,22.64437],[120.29735,22.644095],[120.297327,22.643804],[120.297271,22.643108],[120.297219,22.643111],[120.296782,22.643143],[120.296903,22.644477]]]}},{"type":"Feature","id":"A6405-1009-00","properties":{"code":"A6405-1009-00","district":"三民區","area_m2":85559.2,"centroid":[120.285316,22.642737],"population":0,"households":0,"male":0,"female":0,"ages":[0,0,0,0],"density_km2":0},"geometry":{"type":"Polygon","coordinates":[[[120.284563,22.644396],[120.285645,22.644041],[120.286986,22.643591],[120.286386,22.642035],[120.286821,22.641814],[120.286807,22.641438],[120.286153,22.641466],[120.285796,22.641471],[120.28549,22.64143],[120.284834,22.641304],[120.284015,22.641121],[120.283911,22.641527],[120.283873,22.641924],[120.283809,22.642553],[120.283782,22.642808],[120.283994,22.643254],[120.284174,22.643827],[120.284178,22.643964],[120.284198,22.644092],[120.284284,22.644215],[120.284396,22.644301],[120.284563,22.644396]]]}},{"type":"Feature","id":"A6405-0911-00","properties":{"code":"A6405-0911-00","district":"三民區","area_m2":4910.5,"centroid":[120.308081,22.644247],"population":86,"households":39,"male":41,"female":45,"ages":[11,11,38,26],"density_km2":17513},"geometry":{"type":"Polygon","coordinates":[[[120.307485,22.644458],[120.307505,22.644456],[120.308705,22.644393],[120.308697,22.644288],[120.30867,22.644034],[120.307473,22.644112],[120.307452,22.644113],[120.307484,22.644446],[120.307485,22.644458]]]}},{"type":"Feature","id":"A6405-0910-00","properties":{"code":"A6405-0910-00","district":"三民區","area_m2":4158.1,"centroid":[120.312205,22.644271],"population":3,"households":1,"male":2,"female":1,"ages":[1,1,1,0],"density_km2":721},"geometry":{"type":"Polygon","coordinates":[[[120.311638,22.644464],[120.312804,22.644384],[120.312781,22.644081],[120.311612,22.644144],[120.311638,22.644464]]]}},{"type":"Feature","id":"A6405-0912-00","properties":{"code":"A6405-0912-00","district":"三民區","area_m2":3495.6,"centroid":[120.297921,22.644192],"population":88,"households":40,"male":40,"female":48,"ages":[12,21,30,25],"density_km2":25174},"geometry":{"type":"Polygon","coordinates":[[[120.297373,22.64437],[120.298472,22.644286],[120.298493,22.644285],[120.298477,22.644016],[120.29735,22.644095],[120.297373,22.64437]]]}},{"type":"Feature","id":"A6405-0919-00","properties":{"code":"A6405-0919-00","district":"三民區","area_m2":6287.2,"centroid":[120.304557,22.644105],"population":74,"households":35,"male":33,"female":41,"ages":[6,9,25,34],"density_km2":11770},"geometry":{"type":"Polygon","coordinates":[[[120.303995,22.644376],[120.30515,22.644314],[120.305125,22.643913],[120.305117,22.643835],[120.305099,22.643829],[120.303959,22.643912],[120.303966,22.643998],[120.303995,22.644376]]]}},{"type":"Feature","id":"A6402-0487-00","properties":{"code":"A6402-0487-00","district":"鼓山區","area_m2":35987.6,"centroid":[120.278232,22.63994],"population":270,"households":106,"male":108,"female":162,"ages":[18,47,94,111],"density_km2":7503},"geometry":{"type":"Polygon","coordinates":[[[120.277035,22.640613],[120.277219,22.640709],[120.277707,22.640784],[120.277865,22.640898],[120.278206,22.640962],[120.27836,22.640731],[120.27881,22.640942],[120.278928,22.640707],[120.279419,22.640014],[120.279485,22.639898],[120.279533,22.639812],[120.279008,22.639751],[120.278959,22.639705],[120.27896,22.639456],[120.278741,22.639341],[120.277671,22.638783],[120.277035,22.640613]]]}},{"type":"Feature","id":"A6405-1187-00","properties":{"code":"A6405-1187-00","district":"三民區","area_m2":4899.3,"centroid":[120.299963,22.640827],"population":120,"households":46,"male":53,"female":67,"ages":[14,29,43,34],"density_km2":24493},"geometry":{"type":"Polygon","coordinates":[[[120.299388,22.641045],[120.300576,22.640965],[120.300549,22.640624],[120.300548,22.640612],[120.300527,22.640614],[120.299352,22.64068],[120.299352,22.640691],[120.299388,22.641045]]]}},{"type":"Feature","id":"A6405-1184-00","properties":{"code":"A6405-1184-00","district":"三民區","area_m2":2408.8,"centroid":[120.295516,22.640826],"population":122,"households":59,"male":50,"female":72,"ages":[15,31,52,24],"density_km2":50648},"geometry":{"type":"Polygon","coordinates":[[[120.295208,22.641017],[120.295839,22.640969],[120.29583,22.640633],[120.295188,22.640691],[120.295208,22.641017]]]}},{"type":"Feature","id":"A6405-1206-00","properties":{"code":"A6405-1206-00","district":"三民區","area_m2":11569.6,"centroid":[120.315628,22.640631],"population":231,"households":123,"male":96,"female":135,"ages":[32,48,89,62],"density_km2":19966},"geometry":{"type":"Polygon","coordinates":[[[120.315019,22.641079],[120.316289,22.640981],[120.316253,22.640258],[120.316249,22.640178],[120.316227,22.64018],[120.316105,22.640198],[120.315537,22.640245],[120.314963,22.640292],[120.314969,22.64037],[120.315019,22.641079]]]}},{"type":"Feature","id":"A6405-1205-00","properties":{"code":"A6405-1205-00","district":"三民區","area_m2":10044.0,"centroid":[120.306626,22.640582],"population":180,"households":94,"male":89,"female":91,"ages":[15,43,69,53],"density_km2":17921},"geometry":{"type":"Polygon","coordinates":[[[120.30611,22.641033],[120.307187,22.640874],[120.307245,22.640869],[120.307185,22.640155],[120.307167,22.640156],[120.306009,22.640232],[120.306055,22.640596],[120.30611,22.641033]]]}},{"type":"Feature","id":"A6405-1209-00","properties":{"code":"A6405-1209-00","district":"三民區","area_m2":4232.2,"centroid":[120.296031,22.640495],"population":67,"households":30,"male":41,"female":26,"ages":[5,13,25,24],"density_km2":15831},"geometry":{"type":"Polygon","coordinates":[[[120.295839,22.640969],[120.29616,22.640948],[120.29622,22.640944],[120.296221,22.640932],[120.296221,22.640916],[120.296259,22.64009],[120.296153,22.640082],[120.295977,22.640053],[120.295811,22.640018],[120.295812,22.640125],[120.29583,22.640633],[120.295839,22.640969]]]}},{"type":"Feature","id":"A6405-1192-00","properties":{"code":"A6405-1192-00","district":"三民區","area_m2":5069.2,"centroid":[120.311893,22.640803],"population":150,"households":81,"male":70,"female":80,"ages":[12,38,60,40],"density_km2":29591},"geometry":{"type":"Polygon","coordinates":[[[120.311359,22.641035],[120.312485,22.64097],[120.312448,22.640567],[120.311273,22.640657],[120.311334,22.640724],[120.311359,22.641035]]]}},{"type":"Feature","id":"A6405-1194-00","properties":{"code":"A6405-1194-00","district":"三民區","area_m2":4883.7,"centroid":[120.301157,22.640744],"population":113,"households":65,"male":46,"female":67,"ages":[17,22,43,31],"density_km2":23138},"geometry":{"type":"Polygon","coordinates":[[[120.300576,22.640965],[120.301759,22.640885],[120.301759,22.640873],[120.301744,22.64052],[120.300548,22.640612],[120.300549,22.640624],[120.300576,22.640965]]]}},{"type":"Feature","id":"A6405-1208-00","properties":{"code":"A6405-1208-00","district":"三民區","area_m2":7803.0,"centroid":[120.292214,22.640529],"population":202,"households":82,"male":99,"female":103,"ages":[31,36,75,60],"density_km2":25887},"geometry":{"type":"Polygon","coordinates":[[[120.29168,22.640925],[120.292668,22.640877],[120.292654,22.64077],[120.292666,22.640656],[120.292798,22.640344],[120.292466,22.640244],[120.291806,22.640104],[120.291784,22.640093],[120.291727,22.640549],[120.291721,22.640602],[120.291683,22.640897],[120.29168,22.640925]]]}},{"type":"Feature","id":"A6402-0488-00","properties":{"code":"A6402-0488-00","district":"鼓山區","area_m2":16154.6,"centroid":[120.283728,22.639776],"population":63,"households":29,"male":25,"female":38,"ages":[6,17,29,11],"density_km2":3900},"geometry":{"type":"Polygon","coordinates":[[[120.283124,22.640728],[120.283248,22.640788],[120.283422,22.640871],[120.283495,22.640757],[120.283652,22.640505],[120.283676,22.640464],[120.283788,22.640269],[120.283869,22.640127],[120.283932,22.640014],[120.284071,22.639744],[120.284182,22.639519],[120.284219,22.63944],[120.284224,22.639429],[120.284316,22.639232],[120.284414,22.638994],[120.284439,22.63894],[120.283907,22.638872],[120.283467,22.638817],[120.283371,22.63932],[120.283312,22.639632],[120.283199,22.640137],[120.283134,22.640339],[120.283126,22.640526],[120.283124,22.640728]]]}},{"type":"Feature","id":"A6405-1220-00","properties":{"code":"A6405-1220-00","district":"三民區","area_m2":11249.5,"centroid":[120.307777,22.640389],"population":249,"households":118,"male":115,"female":134,"ages":[36,61,95,57],"density_km2":22134},"geometry":{"type":"Polygon","coordinates":[[[120.307191,22.640962],[120.307212,22.64096],[120.308127,22.640897],[120.308081,22.640311],[120.30848,22.640285],[120.308531,22.640153],[120.307859,22.639957],[120.307407,22.639801],[120.307377,22.639791],[120.307182,22.640128],[120.307185,22.640155],[120.307245,22.640869],[120.307187,22.640874],[120.307191,22.64095],[120.307191,22.640962]]]}},{"type":"Feature","id":"A6405-1210-00","properties":{"code":"A6405-1210-00","district":"三民區","area_m2":4488.4,"centroid":[120.287822,22.640442],"population":254,"households":112,"male":125,"female":129,"ages":[22,60,112,60],"density_km2":56590},"geometry":{"type":"Polygon","coordinates":[[[120.287432,22.640697],[120.287944,22.640865],[120.288214,22.640191],[120.287693,22.64002],[120.287668,22.640084],[120.287522,22.640463],[120.287432,22.640697]]]}},{"type":"Feature","id":"A6405-1199-00","properties":{"code":"A6405-1199-00","district":"三民區","area_m2":7634.4,"centroid":[120.313263,22.640708],"population":98,"households":56,"male":51,"female":47,"ages":[9,15,42,32],"density_km2":12837},"geometry":{"type":"Polygon","coordinates":[[[120.312485,22.64097],[120.314044,22.640878],[120.314066,22.640877],[120.314062,22.640826],[120.314032,22.640437],[120.314015,22.640438],[120.312448,22.640567],[120.312485,22.64097]]]}},{"type":"Feature","id":"A6405-1414-00","properties":{"code":"A6405-1414-00","district":"三民區","area_m2":3637.8,"centroid":[120.287078,22.63742],"population":226,"households":102,"male":112,"female":114,"ages":[20,46,106,54],"density_km2":62126},"geometry":{"type":"Polygon","coordinates":[[[120.287539,22.637728],[120.287581,22.637608],[120.287639,22.637442],[120.286619,22.637115],[120.286512,22.637387],[120.287539,22.637728]]]}},{"type":"Feature","id":"A6405-1421-00","properties":{"code":"A6405-1421-00","district":"三民區","area_m2":5894.6,"centroid":[120.315794,22.637467],"population":207,"households":106,"male":96,"female":111,"ages":[27,41,83,56],"density_km2":35117},"geometry":{"type":"Polygon","coordinates":[[[120.315469,22.637836],[120.315837,22.637787],[120.31615,22.637701],[120.316344,22.637649],[120.316152,22.63738],[120.315988,22.637108],[120.315296,22.637159],[120.315469,22.637836]]]}},{"type":"Feature","id":"A6405-1422-00","properties":{"code":"A6405-1422-00","district":"三民區","area_m2":5776.0,"centroid":[120.303941,22.637409],"population":86,"households":57,"male":47,"female":39,"ages":[8,14,36,28],"density_km2":14889},"geometry":{"type":"Polygon","coordinates":[[[120.303481,22.637708],[120.30445,22.637621],[120.304418,22.637115],[120.303431,22.637182],[120.303481,22.637708]]]}},{"type":"Feature","id":"A6405-1430-00","properties":{"code":"A6405-1430-00","district":"三民區","area_m2":2886.0,"centroid":[120.317743,22.63733],"population":124,"households":57,"male":52,"female":72,"ages":[12,32,40,40],"density_km2":42966},"geometry":{"type":"Polygon","coordinates":[[[120.317596,22.637719],[120.317874,22.637453],[120.318106,22.63719],[120.317735,22.63697],[120.317662,22.637068],[120.317426,22.63731],[120.31741,22.637315],[120.317596,22.637719]]]}},{"type":"Feature","id":"A6402-0507-00","properties":{"code":"A6402-0507-00","district":"鼓山區","area_m2":6792.4,"centroid":[120.281131,22.637002],"population":1237,"households":967,"male":791,"female":446,"ages":[37,198,688,314],"density_km2":182117},"geometry":{"type":"Polygon","coordinates":[[[120.280585,22.637418],[120.280608,22.637428],[120.281024,22.637541],[120.281257,22.637005],[120.281595,22.637132],[120.281714,22.636739],[120.280965,22.636491],[120.280942,22.636546],[120.280592,22.637402],[120.280585,22.637418]]]}},{"type":"Feature","id":"A6405-1458-00","properties":{"code":"A6405-1458-00","district":"三民區","area_m2":26046.3,"centroid":[120.287767,22.636748],"population":413,"households":166,"male":201,"female":212,"ages":[43,99,165,106],"density_km2":15856},"geometry":{"type":"Polygon","coordinates":[[[120.287696,22.637281],[120.288578,22.637564],[120.288928,22.636696],[120.288203,22.636333],[120.288092,22.636276],[120.287222,22.635851],[120.287186,22.635933],[120.286705,22.636897],[120.286619,22.637115],[120.287639,22.637442],[120.287696,22.637281]]]}},{"type":"Feature","id":"A6405-1426-00","properties":{"code":"A6405-1426-00","district":"三民區","area_m2":4274.5,"centroid":[120.304813,22.637342],"population":51,"households":33,"male":26,"female":25,"ages":[3,7,22,19],"density_km2":11931},"geometry":{"type":"Polygon","coordinates":[[[120.30445,22.637621],[120.305199,22.637554],[120.305219,22.637552],[120.305152,22.637066],[120.304418,22.637115],[120.30445,22.637621]]]}},{"type":"Feature","id":"A6405-1432-00","properties":{"code":"A6405-1432-00","district":"三民區","area_m2":6054.0,"centroid":[120.297286,22.637259],"population":84,"households":36,"male":42,"female":42,"ages":[6,22,29,27],"density_km2":13875},"geometry":{"type":"Polygon","coordinates":[[[120.297941,22.637579],[120.297938,22.637397],[120.297957,22.637304],[120.297962,22.637281],[120.296745,22.6369],[120.296723,22.636889],[120.296615,22.637219],[120.296636,22.63723],[120.296773,22.637344],[120.297497,22.637582],[120.297593,22.637587],[120.297941,22.637579]]]}},{"type":"Feature","id":"A6405-1435-00","properties":{"code":"A6405-1435-00","district":"三民區","area_m2":7327.6,"centroid":[120.316831,22.637277],"population":74,"households":31,"male":37,"female":37,"ages":[6,12,29,27],"density_km2":10099},"geometry":{"type":"Polygon","coordinates":[[[120.316344,22.637649],[120.316838,22.637494],[120.316857,22.637488],[120.317403,22.637318],[120.31741,22.637315],[120.317426,22.63731],[120.317662,22.637068],[120.317735,22.63697],[120.317747,22.636955],[120.317248,22.637003],[120.315988,22.637108],[120.316152,22.63738],[120.316344,22.637649]]]}},{"type":"Feature","id":"A6406-0083-00","properties":{"code":"A6406-0083-00","district":"新興區","area_m2":8117.3,"centroid":[120.308577,22.633337],"population":332,"households":178,"male":144,"female":188,"ages":[57,79,127,69],"density_km2":40900},"geometry":{"type":"Polygon","coordinates":[[[120.308391,22.634109],[120.308443,22.634097],[120.308733,22.63407],[120.308751,22.634068],[120.308791,22.634064],[120.308868,22.634057],[120.308808,22.633243],[120.308759,22.63257],[120.308666,22.632578],[120.308288,22.632595],[120.308391,22.634109]]]}},{"type":"Feature","id":"A6406-0070-00","properties":{"code":"A6406-0070-00","district":"新興區","area_m2":3485.6,"centroid":[120.30903,22.633641],"population":292,"households":127,"male":131,"female":161,"ages":[69,52,98,73],"density_km2":83773},"geometry":{"type":"Polygon","coordinates":[[[120.308868,22.634057],[120.309185,22.634028],[120.309237,22.634023],[120.309256,22.634022],[120.309223,22.633686],[120.309186,22.633311],[120.309178,22.633226],[120.308808,22.633243],[120.308868,22.634057]]]}},{"type":"Feature","id":"A6401-0002-00","properties":{"code":"A6401-0002-00","district":"鹽埕區","area_m2":6868.4,"centroid":[120.284133,22.633416],"population":144,"households":66,"male":71,"female":73,"ages":[9,33,57,45],"density_km2":20966},"geometry":{"type":"Polygon","coordinates":[[[120.283967,22.63394],[120.284694,22.633511],[120.284526,22.63332],[120.284282,22.632907],[120.283591,22.633225],[120.283967,22.63394]]]}},{"type":"Feature","id":"A6402-0529-00","properties":{"code":"A6402-0529-00","district":"鼓山區","area_m2":33637.2,"centroid":[120.279662,22.632845],"population":170,"households":92,"male":85,"female":85,"ages":[14,32,90,34],"density_km2":5054},"geometry":{"type":"Polygon","coordinates":[[[120.280951,22.633857],[120.280861,22.633762],[120.280676,22.633765],[120.280591,22.633701],[120.280531,22.633525],[120.280369,22.633405],[120.280221,22.632934],[120.280231,22.632735],[120.280266,22.632612],[120.280447,22.632441],[120.280475,22.632423],[120.280207,22.631906],[120.280171,22.631787],[120.279638,22.631934],[120.279082,22.632019],[120.279009,22.632018],[120.27891,22.632018],[120.278791,22.632074],[120.278703,22.632147],[120.278608,22.632253],[120.278529,22.632397],[120.278476,22.632578],[120.278475,22.632599],[120.278464,22.632868],[120.278784,22.633039],[120.279779,22.633913],[120.280547,22.633919],[120.280951,22.633857]]]}},{"type":"Feature","id":"A6406-0067-00","properties":{"code":"A6406-0067-00","district":"新興區","area_m2":4922.6,"centroid":[120.309877,22.633812],"population":144,"households":80,"male":57,"female":87,"ages":[16,32,54,42],"density_km2":29253},"geometry":{"type":"Polygon","coordinates":[[[120.309256,22.634022],[120.310529,22.633939],[120.310502,22.633601],[120.309223,22.633686],[120.309256,22.634022]]]}},{"type":"Feature","id":"A6402-0528-00","properties":{"code":"A6402-0528-00","district":"鼓山區","area_m2":20190.2,"centroid":[120.281427,22.633204],"population":233,"households":123,"male":123,"female":110,"ages":[10,44,106,73],"density_km2":11540},"geometry":{"type":"Polygon","coordinates":[[[120.281474,22.633836],[120.281699,22.633734],[120.281761,22.633705],[120.282782,22.633314],[120.28283,22.633295],[120.282684,22.633001],[120.282547,22.632793],[120.28253,22.632802],[120.28152,22.63329],[120.281325,22.633134],[120.281129,22.632973],[120.280673,22.632681],[120.280546,22.632554],[120.280483,22.632439],[120.280475,22.632423],[120.280447,22.632441],[120.280266,22.632612],[120.280231,22.632735],[120.280221,22.632934],[120.280369,22.633405],[120.280531,22.633525],[120.280591,22.633701],[120.280676,22.633765],[120.280861,22.633762],[120.280951,22.633857],[120.281447,22.633781],[120.281474,22.633836]]]}},{"type":"Feature","id":"A6407-0016-00","properties":{"code":"A6407-0016-00","district":"前金區","area_m2":6218.7,"centroid":[120.297336,22.633501],"population":144,"households":75,"male":74,"female":70,"ages":[19,34,55,36],"density_km2":23156},"geometry":{"type":"Polygon","coordinates":[[[120.297877,22.633902],[120.298022,22.633507],[120.296807,22.633099],[120.29665,22.6335],[120.297877,22.633902]]]}},{"type":"Feature","id":"A6406-0072-00","properties":{"code":"A6406-0072-00","district":"新興區","area_m2":4490.5,"centroid":[120.298674,22.633558],"population":203,"households":123,"male":98,"female":105,"ages":[18,35,97,53],"density_km2":45207},"geometry":{"type":"Polygon","coordinates":[[[120.299244,22.633848],[120.299327,22.633619],[120.298246,22.633249],[120.298155,22.633217],[120.298133,22.633207],[120.298043,22.633448],[120.298022,22.633507],[120.299222,22.633907],[120.299244,22.633848]]]}},{"type":"Feature","id":"A6406-0069-00","properties":{"code":"A6406-0069-00","district":"新興區","area_m2":5159.8,"centroid":[120.311187,22.633725],"population":116,"households":55,"male":58,"female":58,"ages":[14,21,50,31],"density_km2":22482},"geometry":{"type":"Polygon","coordinates":[[[120.310529,22.633939],[120.310549,22.633938],[120.311844,22.633848],[120.311873,22.633853],[120.311845,22.633512],[120.310522,22.6336],[120.310502,22.633601],[120.310529,22.633939]]]}},{"type":"Feature","id":"A6407-0059-00","properties":{"code":"A6407-0059-00","district":"前金區","area_m2":5667.8,"centroid":[120.29404,22.630192],"population":117,"households":57,"male":51,"female":66,"ages":[17,26,48,26],"density_km2":20643},"geometry":{"type":"Polygon","coordinates":[[[120.293413,22.630208],[120.294549,22.630574],[120.294693,22.630203],[120.293572,22.629815],[120.29355,22.629805],[120.293391,22.630197],[120.293413,22.630208]]]}},{"type":"Feature","id":"A6407-0060-00","properties":{"code":"A6407-0060-00","district":"前金區","area_m2":8015.2,"centroid":[120.292459,22.630085],"population":155,"households":71,"male":87,"female":68,"ages":[12,40,53,50],"density_km2":19338},"geometry":{"type":"Polygon","coordinates":[[[120.293249,22.630557],[120.293288,22.63046],[120.293391,22.630197],[120.291674,22.629613],[120.291526,22.629973],[120.293249,22.630557]]]}},{"type":"Feature","id":"A6406-0150-00","properties":{"code":"A6406-0150-00","district":"新興區","area_m2":5909.3,"centroid":[120.312788,22.630291],"population":256,"households":111,"male":114,"female":142,"ages":[44,62,86,64],"density_km2":43322},"geometry":{"type":"Polygon","coordinates":[[[120.312381,22.630618],[120.313204,22.630555],[120.313249,22.630355],[120.313223,22.630023],[120.313218,22.62997],[120.31318,22.629972],[120.312971,22.629983],[120.312324,22.630027],[120.312381,22.630618]]]}},{"type":"Feature","id":"A6401-0019-00","properties":{"code":"A6401-0019-00","district":"鹽埕區","area_m2":12200.6,"centroid":[120.28471,22.629848],"population":327,"households":175,"male":165,"female":162,"ages":[49,105,131,42],"density_km2":26802},"geometry":{"type":"Polygon","coordinates":[[[120.284462,22.63049],[120.284477,22.630482],[120.284878,22.630281],[120.285367,22.630049],[120.285766,22.62986],[120.285312,22.629711],[120.28503,22.629601],[120.284417,22.629409],[120.283776,22.629207],[120.283759,22.629215],[120.283914,22.629491],[120.283923,22.629507],[120.284462,22.63049]]]}},{"type":"Feature","id":"A6407-0061-00","properties":{"code":"A6407-0061-00","district":"前金區","area_m2":7047.0,"centroid":[120.297297,22.630094],"population":102,"households":77,"male":36,"female":66,"ages":[10,19,47,26],"density_km2":14474},"geometry":{"type":"Polygon","coordinates":[[[120.296627,22.63014],[120.297784,22.630524],[120.297966,22.630056],[120.297945,22.630045],[120.29682,22.629663],[120.296627,22.63014]]]}},{"type":"Feature","id":"A6402-0538-00","properties":{"code":"A6402-0538-00","district":"鼓山區","area_m2":18267.3,"centroid":[120.279938,22.629581],"population":469,"households":239,"male":211,"female":258,"ages":[73,107,216,73],"density_km2":25674},"geometry":{"type":"Polygon","coordinates":[[[120.27968,22.630415],[120.279982,22.630229],[120.280593,22.629853],[120.280867,22.629684],[120.280726,22.629477],[120.280657,22.629375],[120.280639,22.629347],[120.28054,22.629203],[120.280529,22.629187],[120.280346,22.628915],[120.280234,22.62875],[120.279965,22.628919],[120.279867,22.628981],[120.279315,22.629274],[120.279001,22.62944],[120.27968,22.630415]]]}},{"type":"Feature","id":"A6408-0151-00","properties":{"code":"A6408-0151-00","district":"苓雅區","area_m2":6472.4,"centroid":[120.313768,22.63025],"population":191,"households":89,"male":95,"female":96,"ages":[70,28,76,17],"density_km2":29510},"geometry":{"type":"Polygon","coordinates":[[[120.313204,22.630555],[120.313269,22.630546],[120.314323,22.630478],[120.314285,22.629945],[120.314076,22.629961],[120.313223,22.630023],[120.313249,22.630355],[120.313204,22.630555]]]}},{"type":"Feature","id":"A6406-0149-00","properties":{"code":"A6406-0149-00","district":"新興區","area_m2":7068.3,"centroid":[120.303704,22.630258],"population":402,"households":188,"male":190,"female":212,"ages":[36,84,142,140],"density_km2":56874},"geometry":{"type":"Polygon","coordinates":[[[120.302852,22.630498],[120.304578,22.630375],[120.304577,22.630364],[120.304556,22.630019],[120.302832,22.630138],[120.302852,22.630498]]]}},{"type":"Feature","id":"A6407-0064-00","properties":{"code":"A6407-0064-00","district":"前金區","area_m2":8749.3,"centroid":[120.298697,22.629986],"population":63,"households":35,"male":30,"female":33,"ages":[3,15,32,13],"density_km2":7201},"geometry":{"type":"Polygon","coordinates":[[[120.297966,22.630056],[120.299198,22.630466],[120.299421,22.629912],[120.298217,22.629507],[120.298202,22.629537],[120.297966,22.630056]]]}},{"type":"Feature","id":"A6401-0020-00","properties":{"code":"A6401-0020-00","district":"鹽埕區","area_m2":9813.9,"centroid":[120.282108,22.629698],"population":214,"households":99,"male":109,"female":105,"ages":[18,57,86,53],"density_km2":21806},"geometry":{"type":"Polygon","coordinates":[[[120.282053,22.630368],[120.28272,22.630059],[120.282711,22.630043],[120.282206,22.629076],[120.282184,22.629035],[120.281746,22.629245],[120.281696,22.629182],[120.281492,22.629298],[120.281549,22.629405],[120.282053,22.630368]]]}},{"type":"Feature","id":"A6401-0065-00","properties":{"code":"A6401-0065-00","district":"鹽埕區","area_m2":76807.6,"centroid":[120.287199,22.625327],"population":308,"households":259,"male":224,"female":84,"ages":[7,42,154,105],"density_km2":4010},"geometry":{"type":"Polygon","coordinates":[[[120.287748,22.626587],[120.288237,22.626775],[120.288242,22.626767],[120.288645,22.626039],[120.288933,22.625501],[120.289118,22.625064],[120.289131,22.625034],[120.289148,22.624994],[120.289159,22.624967],[120.289282,22.624674],[120.289296,22.624639],[120.289366,22.624464],[120.289391,22.624399],[120.287703,22.623989],[120.286919,22.624351],[120.286949,22.624406],[120.286262,22.62473],[120.285567,22.625093],[120.284809,22.625446],[120.284792,22.625454],[120.285317,22.626405],[120.286301,22.625984],[120.286656,22.626132],[120.286771,22.625857],[120.286806,22.62579],[120.286829,22.625782],[120.286864,22.625775],[120.286902,22.625784],[120.286951,22.625806],[120.286962,22.625826],[120.286981,22.625858],[120.287018,22.625889],[120.287067,22.625904],[120.287113,22.625904],[120.287179,22.625885],[120.287251,22.625868],[120.287323,22.625868],[120.287419,22.625897],[120.287489,22.625936],[120.287533,22.625975],[120.287565,22.626021],[120.287602,22.626095],[120.287656,22.62614],[120.287723,22.626165],[120.287784,22.626167],[120.287837,22.626161],[120.287896,22.626133],[120.287982,22.626049],[120.287748,22.626587]]]}},{"type":"Feature","id":"A6406-0219-00","properties":{"code":"A6406-0219-00","district":"新興區","area_m2":4442.3,"centroid":[120.310458,22.62651],"population":60,"households":38,"male":24,"female":36,"ages":[4,14,23,19],"density_km2":13507},"geometry":{"type":"Polygon","coordinates":[[[120.310001,22.62662],[120.310733,22.62687],[120.310896,22.626447],[120.310915,22.626397],[120.310882,22.626387],[120.310182,22.626151],[120.310001,22.62662]]]}},{"type":"Feature","id":"A6408-0243-00","properties":{"code":"A6408-0243-00","district":"苓雅區","area_m2":14817.4,"centroid":[120.311777,22.626228],"population":336,"households":145,"male":148,"female":188,"ages":[85,54,124,73],"density_km2":22676},"geometry":{"type":"Polygon","coordinates":[[[120.312384,22.626857],[120.312517,22.626517],[120.312538,22.626463],[120.312675,22.62611],[120.311238,22.625607],[120.311188,22.62559],[120.311061,22.625922],[120.311019,22.626029],[120.310882,22.626387],[120.310915,22.626397],[120.312349,22.626845],[120.312384,22.626857]]]}},{"type":"Feature","id":"A6408-0241-00","properties":{"code":"A6408-0241-00","district":"苓雅區","area_m2":5650.8,"centroid":[120.315584,22.626265],"population":388,"households":161,"male":183,"female":205,"ages":[87,77,108,116],"density_km2":68662},"geometry":{"type":"Polygon","coordinates":[[[120.315171,22.626717],[120.315589,22.626858],[120.315998,22.625808],[120.315953,22.625794],[120.315574,22.625674],[120.315171,22.626717]]]}},{"type":"Feature","id":"A6406-0229-00","properties":{"code":"A6406-0229-00","district":"新興區","area_m2":47386.3,"centroid":[120.303824,22.625305],"population":0,"households":0,"male":0,"female":0,"ages":[0,0,0,0],"density_km2":0},"geometry":{"type":"Polygon","coordinates":[[[120.302762,22.626248],[120.304324,22.626771],[120.304361,22.626313],[120.304472,22.625783],[120.304662,22.62518],[120.304684,22.62511],[120.30498,22.624392],[120.303361,22.623869],[120.303343,22.623915],[120.303054,22.624646],[120.302922,22.62498],[120.302811,22.625262],[120.302786,22.625768],[120.302762,22.626248]]]}},{"type":"Feature","id":"A6401-0061-00","properties":{"code":"A6401-0061-00","district":"鹽埕區","area_m2":9455.6,"centroid":[120.28008,22.625947],"population":184,"households":99,"male":88,"female":96,"ages":[20,32,70,62],"density_km2":19459},"geometry":{"type":"Polygon","coordinates":[[[120.280005,22.6266],[120.280665,22.626247],[120.280681,22.626246],[120.280179,22.625317],[120.28017,22.625301],[120.280157,22.625307],[120.279477,22.625631],[120.279486,22.625648],[120.280005,22.6266]]]}},{"type":"Feature","id":"A6401-0062-00","properties":{"code":"A6401-0062-00","district":"鹽埕區","area_m2":11462.4,"centroid":[120.282546,22.625913],"population":177,"households":95,"male":87,"female":90,"ages":[13,38,62,64],"density_km2":15442},"geometry":{"type":"Polygon","coordinates":[[[120.282377,22.626589],[120.28239,22.626583],[120.282791,22.626396],[120.283225,22.626195],[120.283216,22.626179],[120.282711,22.625251],[120.282705,22.625232],[120.281883,22.625639],[120.281867,22.62564],[120.282368,22.626572],[120.282377,22.626589]]]}},{"type":"Feature","id":"A6408-0249-00","properties":{"code":"A6408-0249-00","district":"苓雅區","area_m2":8736.0,"centroid":[120.315046,22.626088],"population":512,"households":204,"male":235,"female":277,"ages":[130,92,167,123],"density_km2":58608},"geometry":{"type":"Polygon","coordinates":[[[120.314519,22.626497],[120.315171,22.626717],[120.315574,22.625674],[120.315509,22.625654],[120.315013,22.625497],[120.314914,22.625461],[120.314732,22.625937],[120.314519,22.626497]]]}},{"type":"Feature","id":"A6406-0223-00","properties":{"code":"A6406-0223-00","district":"新興區","area_m2":4951.7,"centroid":[120.306457,22.626292],"population":217,"households":105,"male":99,"female":118,"ages":[21,49,68,79],"density_km2":43823},"geometry":{"type":"Polygon","coordinates":[[[120.307072,22.626651],[120.307119,22.626357],[120.307127,22.626329],[120.305863,22.625933],[120.305782,22.626251],[120.307072,22.626651]]]}},{"type":"Feature","id":"A6402-0551-00","properties":{"code":"A6402-0551-00","district":"鼓山區","area_m2":13715.9,"centroid":[120.27133,22.62571],"population":253,"households":101,"male":132,"female":121,"ages":[29,54,112,58],"density_km2":18446},"geometry":{"type":"Polygon","coordinates":[[[120.271224,22.626478],[120.271383,22.626244],[120.271516,22.626159],[120.272072,22.625865],[120.271905,22.625653],[120.271842,22.625617],[120.27179,22.625542],[120.271752,22.62544],[120.271679,22.625347],[120.271742,22.625307],[120.271703,22.625239],[120.271663,22.625226],[120.271613,22.625145],[120.271601,22.625134],[120.271582,22.625101],[120.271534,22.625127],[120.27147,22.625028],[120.271466,22.624974],[120.271456,22.624959],[120.271435,22.624971],[120.271299,22.625047],[120.271103,22.625102],[120.270971,22.625124],[120.270866,22.625129],[120.270868,22.625414],[120.270783,22.625414],[120.270783,22.625575],[120.270716,22.625575],[120.270717,22.625699],[120.270677,22.625699],[120.270707,22.625979],[120.270747,22.626016],[120.270818,22.626156],[120.270945,22.626257],[120.271224,22.626478]]]}},{"type":"Feature","id":"A6406-0224-00","properties":{"code":"A6406-0224-00","district":"新興區","area_m2":6791.7,"centroid":[120.309539,22.62619],"population":129,"households":62,"male":62,"female":67,"ages":[16,28,45,40],"density_km2":18994},"geometry":{"type":"Polygon","coordinates":[[[120.308899,22.626244],[120.310001,22.62662],[120.310182,22.626151],[120.310098,22.626122],[120.309088,22.625755],[120.309068,22.625806],[120.308899,22.626244]]]}},{"type":"Feature","id":"A6407-0091-00","properties":{"code":"A6407-0091-00","district":"前金區","area_m2":13570.0,"centroid":[120.295728,22.625876],"population":466,"households":219,"male":207,"female":259,"ages":[54,102,185,125],"density_km2":34341},"geometry":{"type":"Polygon","coordinates":[[[120.294988,22.626149],[120.295009,22.62616],[120.296126,22.626535],[120.296452,22.625633],[120.296467,22.625594],[120.296412,22.625579],[120.295341,22.625216],[120.295142,22.625745],[120.294988,22.626149]]]}},{"type":"Feature","id":"A6402-0580-00","properties":{"code":"A6402-0580-00","district":"鼓山區","area_m2":10396.0,"centroid":[120.27074,22.621847],"population":267,"households":110,"male":151,"female":116,"ages":[26,62,102,77],"density_km2":25683},"geometry":{"type":"Polygon","coordinates":[[[120.270699,22.622504],[120.271373,22.622126],[120.271413,22.622102],[120.270801,22.621189],[120.270765,22.621211],[120.270062,22.621605],[120.270699,22.622504]]]}},{"type":"Feature","id":"A6408-0349-00","properties":{"code":"A6408-0349-00","district":"苓雅區","area_m2":6158.3,"centroid":[120.31473,22.622292],"population":293,"households":117,"male":126,"female":167,"ages":[78,54,100,61],"density_km2":47578},"geometry":{"type":"Polygon","coordinates":[[[120.314415,22.622433],[120.315192,22.622698],[120.315343,22.622296],[120.315357,22.622258],[120.31428,22.621887],[120.3141,22.622327],[120.314415,22.622433]]]}},{"type":"Feature","id":"A6408-0364-00","properties":{"code":"A6408-0364-00","district":"苓雅區","area_m2":6163.3,"centroid":[120.310358,22.621866],"population":190,"households":85,"male":100,"female":90,"ages":[20,46,78,46],"density_km2":30828},"geometry":{"type":"Polygon","coordinates":[[[120.310181,22.622616],[120.310255,22.62264],[120.310488,22.62201],[120.310519,22.621931],[120.310803,22.621216],[120.310471,22.621089],[120.309913,22.622531],[120.310181,22.622616]]]}},{"type":"Feature","id":"A6407-0132-00","properties":{"code":"A6407-0132-00","district":"前金區","area_m2":18144.0,"centroid":[120.29931,22.621672],"population":146,"households":66,"male":67,"female":79,"ages":[14,26,57,49],"density_km2":8047},"geometry":{"type":"Polygon","coordinates":[[[120.299485,22.62258],[120.300076,22.621081],[120.29972,22.620968],[120.299195,22.620802],[120.299106,22.620773],[120.298846,22.621477],[120.298838,22.621505],[120.298789,22.621637],[120.298732,22.621766],[120.298547,22.622242],[120.298624,22.62227],[120.299122,22.622447],[120.299485,22.62258]]]}},{"type":"Feature","id":"A6406-0267-00","properties":{"code":"A6406-0267-00","district":"新興區","area_m2":7627.1,"centroid":[120.30799,22.622173],"population":133,"households":74,"male":71,"female":62,"ages":[10,19,53,51],"density_km2":17438},"geometry":{"type":"Polygon","coordinates":[[[120.308524,22.622614],[120.308544,22.622562],[120.308683,22.622209],[120.308693,22.62217],[120.308703,22.622134],[120.308634,22.62211],[120.307454,22.621733],[120.307443,22.621763],[120.307432,22.621794],[120.307281,22.622175],[120.307271,22.622202],[120.308524,22.622614]]]}},{"type":"Feature","id":"A6402-0578-00","properties":{"code":"A6402-0578-00","district":"鼓山區","area_m2":4613.8,"centroid":[120.274516,22.622029],"population":24,"households":9,"male":11,"female":13,"ages":[2,10,6,6],"density_km2":5202},"geometry":{"type":"Polygon","coordinates":[[[120.274478,22.622464],[120.274493,22.622456],[120.274961,22.622232],[120.274566,22.621589],[120.274078,22.621858],[120.274065,22.621866],[120.274078,22.621879],[120.274471,22.622446],[120.274478,22.622464]]]}},{"type":"Feature","id":"A6406-0266-00","properties":{"code":"A6406-0266-00","district":"新興區","area_m2":6012.5,"centroid":[120.306564,22.622177],"population":98,"households":45,"male":48,"female":50,"ages":[17,11,39,31],"density_km2":16299},"geometry":{"type":"Polygon","coordinates":[[[120.307122,22.622578],[120.307271,22.622202],[120.305982,22.621778],[120.305865,22.622111],[120.305856,22.622135],[120.305885,22.622145],[120.307122,22.622578]]]}},{"type":"Feature","id":"A6408-0356-00","properties":{"code":"A6408-0356-00","district":"苓雅區","area_m2":7670.2,"centroid":[120.316612,22.622035],"population":275,"households":109,"male":127,"female":148,"ages":[74,43,91,67],"density_km2":35853},"geometry":{"type":"Polygon","coordinates":[[[120.316713,22.622583],[120.316759,22.622597],[120.317121,22.621673],[120.317076,22.621658],[120.317031,22.621643],[120.316455,22.621483],[120.316118,22.622328],[120.316104,22.622364],[120.316713,22.622583]]]}},{"type":"Feature","id":"A6401-0105-00","properties":{"code":"A6401-0105-00","district":"鹽埕區","area_m2":8792.8,"centroid":[120.285979,22.621804],"population":209,"households":114,"male":98,"female":111,"ages":[28,33,86,62],"density_km2":23769},"geometry":{"type":"Polygon","coordinates":[[[120.285921,22.622434],[120.286545,22.622121],[120.286558,22.622115],[120.286056,22.621174],[120.285413,22.621503],[120.285397,22.621511],[120.285625,22.621913],[120.285921,22.622434]]]}},{"type":"Feature","id":"A6408-0368-00","properties":{"code":"A6408-0368-00","district":"苓雅區","area_m2":7659.9,"centroid":[120.309986,22.621737],"population":194,"households":94,"male":92,"female":102,"ages":[19,48,80,47],"density_km2":25327},"geometry":{"type":"Polygon","coordinates":[[[120.309834,22.622507],[120.309913,22.622531],[120.310471,22.621089],[120.310404,22.621063],[120.310065,22.620938],[120.309622,22.622085],[120.3095,22.622395],[120.309812,22.6225],[120.309834,22.622507]]]}},{"type":"Feature","id":"A6408-0362-00","properties":{"code":"A6408-0362-00","district":"苓雅區","area_m2":10287.2,"centroid":[120.311369,22.621869],"population":192,"households":95,"male":91,"female":101,"ages":[20,39,74,59],"density_km2":18664},"geometry":{"type":"Polygon","coordinates":[[[120.312359,22.622481],[120.312397,22.622382],[120.311431,22.621901],[120.311592,22.621483],[120.310803,22.621216],[120.310519,22.621931],[120.312334,22.622539],[120.312359,22.622481]]]}},{"type":"Feature","id":"A6406-0268-00","properties":{"code":"A6406-0268-00","district":"新興區","area_m2":7601.8,"centroid":[120.304978,22.622048],"population":144,"households":60,"male":67,"female":77,"ages":[27,23,55,39],"density_km2":18943},"geometry":{"type":"Polygon","coordinates":[[[120.305718,22.622502],[120.305728,22.622479],[120.305856,22.622135],[120.304239,22.621594],[120.304098,22.621959],[120.305718,22.622502]]]}},{"type":"Feature","id":"A6407-0129-00","properties":{"code":"A6407-0129-00","district":"前金區","area_m2":12520.9,"centroid":[120.295843,22.621744],"population":163,"households":96,"male":62,"female":101,"ages":[11,37,71,44],"density_km2":13018},"geometry":{"type":"Polygon","coordinates":[[[120.295916,22.62229],[120.296417,22.622454],[120.296748,22.621635],[120.295058,22.6211],[120.294869,22.621541],[120.29486,22.621562],[120.296046,22.621956],[120.295916,22.62229]]]}},{"type":"Feature","id":"A6401-0107-00","properties":{"code":"A6401-0107-00","district":"鹽埕區","area_m2":9196.7,"centroid":[120.278624,22.621702],"population":285,"households":137,"male":146,"female":139,"ages":[33,59,123,70],"density_km2":30989},"geometry":{"type":"Polygon","coordinates":[[[120.278599,22.622368],[120.2792,22.622078],[120.279216,22.622077],[120.279034,22.621737],[120.27872,22.621152],[120.278683,22.621084],[120.278659,22.621039],[120.278031,22.621327],[120.27805,22.621361],[120.27811,22.621473],[120.278599,22.622368]]]}},{"type":"Feature","id":"A6401-0106-00","properties":{"code":"A6401-0106-00","district":"鹽埕區","area_m2":5584.2,"centroid":[120.281124,22.621776],"population":126,"households":64,"male":62,"female":64,"ages":[10,25,51,40],"density_km2":22564},"geometry":{"type":"Polygon","coordinates":[[[120.28119,22.622362],[120.281589,22.622162],[120.281055,22.621192],[120.280659,22.621378],[120.28119,22.622362]]]}},{"type":"Feature","id":"A6408-0542-00","properties":{"code":"A6408-0542-00","district":"苓雅區","area_m2":17950.7,"centroid":[120.303521,22.617838],"population":139,"households":74,"male":70,"female":69,"ages":[11,31,50,47],"density_km2":7743},"geometry":{"type":"Polygon","coordinates":[[[120.302792,22.618455],[120.303685,22.618747],[120.304276,22.61726],[120.30422,22.617237],[120.303915,22.617134],[120.303842,22.61711],[120.303829,22.617098],[120.303757,22.617073],[120.303342,22.616925],[120.302983,22.617878],[120.30277,22.618444],[120.302792,22.618455]]]}},{"type":"Feature","id":"A6408-0524-00","properties":{"code":"A6408-0524-00","district":"苓雅區","area_m2":9069.5,"centroid":[120.31295,22.618288],"population":217,"households":103,"male":97,"female":120,"ages":[15,44,87,71],"density_km2":23926},"geometry":{"type":"Polygon","coordinates":[[[120.31378,22.618784],[120.313798,22.618731],[120.313921,22.618411],[120.313929,22.618392],[120.312129,22.617793],[120.31197,22.618181],[120.31378,22.618784]]]}},{"type":"Feature","id":"A6408-0527-00","properties":{"code":"A6408-0527-00","district":"苓雅區","area_m2":10639.2,"centroid":[120.301052,22.618153],"population":285,"households":130,"male":136,"female":149,"ages":[24,63,107,91],"density_km2":26788},"geometry":{"type":"Polygon","coordinates":[[[120.301768,22.618678],[120.30179,22.618619],[120.301962,22.618173],[120.301646,22.618064],[120.301287,22.61794],[120.300434,22.617657],[120.30035,22.617629],[120.300166,22.618075],[120.300139,22.618138],[120.301091,22.618453],[120.301768,22.618678]]]}},{"type":"Feature","id":"A6408-0533-00","properties":{"code":"A6408-0533-00","district":"苓雅區","area_m2":11637.2,"centroid":[120.308068,22.618104],"population":194,"households":96,"male":94,"female":100,"ages":[14,42,81,57],"density_km2":16671},"geometry":{"type":"Polygon","coordinates":[[[120.308539,22.61865],[120.308602,22.618679],[120.308862,22.618025],[120.307764,22.617611],[120.30764,22.617536],[120.30757,22.617506],[120.30756,22.617533],[120.307281,22.618252],[120.307346,22.618273],[120.308539,22.61865]]]}},{"type":"Feature","id":"A6408-0528-00","properties":{"code":"A6408-0528-00","district":"苓雅區","area_m2":7935.0,"centroid":[120.318514,22.618235],"population":132,"households":65,"male":67,"female":65,"ages":[14,25,46,47],"density_km2":16635},"geometry":{"type":"Polygon","coordinates":[[[120.319251,22.618669],[120.319266,22.618674],[120.319384,22.618369],[120.318648,22.618122],[120.318615,22.618079],[120.318626,22.618015],[120.317895,22.617772],[120.317881,22.617809],[120.317825,22.617954],[120.317703,22.618275],[120.31777,22.618293],[120.318337,22.618443],[120.319179,22.61865],[120.319229,22.618662],[120.319251,22.618669]]]}},{"type":"Feature","id":"A6408-0536-00","properties":{"code":"A6408-0536-00","district":"苓雅區","area_m2":11186.5,"centroid":[120.297499,22.618006],"population":280,"households":173,"male":126,"female":154,"ages":[30,85,126,39],"density_km2":25030},"geometry":{"type":"Polygon","coordinates":[[[120.297908,22.618565],[120.297929,22.618579],[120.298223,22.61782],[120.29707,22.617436],[120.296776,22.618193],[120.297908,22.618565]]]}},{"type":"Feature","id":"A6408-0530-00","properties":{"code":"A6408-0530-00","district":"苓雅區","area_m2":3248.7,"centroid":[120.310901,22.618171],"population":200,"households":127,"male":93,"female":107,"ages":[15,38,84,63],"density_km2":61563},"geometry":{"type":"Polygon","coordinates":[[[120.310576,22.618407],[120.310988,22.618546],[120.311226,22.617933],[120.310813,22.617795],[120.310576,22.618407]]]}},{"type":"Feature","id":"A6408-0537-00","properties":{"code":"A6408-0537-00","district":"苓雅區","area_m2":10131.0,"centroid":[120.29527,22.617958],"population":123,"households":72,"male":62,"female":61,"ages":[7,24,52,40],"density_km2":12141},"geometry":{"type":"Polygon","coordinates":[[[120.296043,22.618464],[120.296087,22.618349],[120.296206,22.618035],[120.296216,22.61801],[120.294531,22.61745],[120.294323,22.617917],[120.296043,22.618464]]]}},{"type":"Feature","id":"A6408-0543-00","properties":{"code":"A6408-0543-00","district":"苓雅區","area_m2":16460.1,"centroid":[120.315006,22.617865],"population":661,"households":343,"male":308,"female":353,"ages":[144,188,259,70],"density_km2":40158},"geometry":{"type":"Polygon","coordinates":[[[120.315619,22.618537],[120.315747,22.618194],[120.315899,22.617783],[120.315934,22.617689],[120.315904,22.617681],[120.315862,22.617668],[120.315054,22.617409],[120.314972,22.617383],[120.314935,22.617364],[120.31443,22.617205],[120.314416,22.617193],[120.314214,22.617675],[120.314211,22.617682],[120.314206,22.617694],[120.314089,22.617973],[120.314071,22.618021],[120.315619,22.618537]]]}},{"type":"Feature","id":"A6408-0534-00","properties":{"code":"A6408-0534-00","district":"苓雅區","area_m2":6696.4,"centroid":[120.316363,22.618112],"population":145,"households":84,"male":62,"female":83,"ages":[19,28,57,41],"density_km2":21653},"geometry":{"type":"Polygon","coordinates":[[[120.315747,22.618194],[120.316792,22.618533],[120.316956,22.618118],[120.316984,22.618048],[120.316946,22.618036],[120.316917,22.618026],[120.316131,22.617748],[120.316042,22.617717],[120.315934,22.617689],[120.315899,22.617783],[120.315747,22.618194]]]}},{"type":"Feature","id":"A6408-0532-00","properties":{"code":"A6408-0532-00","district":"苓雅區","area_m2":3322.1,"centroid":[120.302646,22.618086],"population":120,"households":91,"male":58,"female":62,"ages":[3,25,54,38],"density_km2":36122},"geometry":{"type":"Polygon","coordinates":[[[120.302308,22.618289],[120.30277,22.618444],[120.302983,22.617878],[120.302526,22.617728],[120.302308,22.618289]]]}},{"type":"Feature","id":"A6408-0541-00","properties":{"code":"A6408-0541-00","district":"苓雅區","area_m2":12265.9,"centroid":[120.309647,22.617869],"population":207,"households":91,"male":92,"female":115,"ages":[31,40,67,69],"density_km2":16876},"geometry":{"type":"Polygon","coordinates":[[[120.308862,22.618025],[120.310096,22.618439],[120.310148,22.618457],[120.310432,22.617719],[120.310373,22.617698],[120.309148,22.617279],[120.308984,22.617708],[120.308862,22.618025]]]}},{"type":"Feature","id":"A6405-0580-00","properties":{"code":"A6405-0580-00","district":"三民區","area_m2":136349.7,"centroid":[120.312918,22.64954],"population":335,"households":151,"male":178,"female":157,"ages":[34,78,133,90],"density_km2":2457},"geometry":{"type":"Polygon","coordinates":[[[120.311567,22.651856],[120.311811,22.651714],[120.312214,22.651574],[120.312544,22.651451],[120.312777,22.651346],[120.313132,22.651186],[120.313836,22.650838],[120.313961,22.650778],[120.314053,22.650763],[120.314384,22.650795],[120.315027,22.650954],[120.315023,22.650912],[120.314961,22.650185],[120.314958,22.650148],[120.314952,22.650075],[120.31481,22.648427],[120.314805,22.648364],[120.314648,22.647356],[120.314576,22.647071],[120.314558,22.647001],[120.314553,22.646941],[120.314264,22.647211],[120.314096,22.647402],[120.313852,22.647667],[120.313843,22.647677],[120.313825,22.64769],[120.313702,22.647771],[120.313391,22.647923],[120.312968,22.648103],[120.31291,22.648121],[120.312692,22.648144],[120.312558,22.648156],[120.312488,22.64822],[120.31237,22.648402],[120.310978,22.649735],[120.310859,22.649845],[120.310546,22.649973],[120.310616,22.650147],[120.31084,22.650706],[120.311118,22.651204],[120.311157,22.651245],[120.311278,22.651332],[120.311567,22.651856]]]}},{"type":"Feature","id":"A6402-0428-00","properties":{"code":"A6402-0428-00","district":"鼓山區","area_m2":46613.2,"centroid":[120.282656,22.65071],"population":271,"households":108,"male":143,"female":128,"ages":[87,50,106,28],"density_km2":5814},"geometry":{"type":"Polygon","coordinates":[[[120.281547,22.651647],[120.281861,22.651635],[120.282073,22.651627],[120.283477,22.651548],[120.283868,22.651549],[120.283761,22.649768],[120.28172,22.649882],[120.281442,22.649897],[120.281477,22.650476],[120.281478,22.650504],[120.281502,22.650902],[120.281503,22.650934],[120.281528,22.651362],[120.281538,22.651523],[120.281547,22.651647]]]}},{"type":"Feature","id":"A6405-0721-00","properties":{"code":"A6405-0721-00","district":"三民區","area_m2":49640.7,"centroid":[120.293116,22.647007],"population":17,"households":9,"male":13,"female":4,"ages":[0,3,5,9],"density_km2":342},"geometry":{"type":"Polygon","coordinates":[[[120.291814,22.64791],[120.293245,22.647817],[120.294005,22.647765],[120.29452,22.647741],[120.294363,22.646106],[120.294361,22.646094],[120.294341,22.646096],[120.294201,22.646109],[120.294179,22.646111],[120.293068,22.646204],[120.293046,22.646198],[120.291727,22.646289],[120.291727,22.646303],[120.291814,22.64791]]]}},{"type":"Feature","id":"A6405-0682-00","properties":{"code":"A6405-0682-00","district":"三民區","area_m2":8498.3,"centroid":[120.316934,22.647608],"population":172,"households":82,"male":85,"female":87,"ages":[17,40,65,50],"density_km2":20239},"geometry":{"type":"Polygon","coordinates":[[[120.317579,22.647991],[120.317637,22.64801],[120.317681,22.647635],[120.317444,22.647595],[120.317462,22.647458],[120.3174,22.647445],[120.317433,22.647312],[120.316938,22.647204],[120.316871,22.647447],[120.316158,22.647287],[120.316198,22.647447],[120.316182,22.647751],[120.316719,22.647831],[120.31676,22.647847],[120.316842,22.647859],[120.316922,22.647873],[120.317579,22.647991]]]}},{"type":"Feature","id":"A6405-0675-00","properties":{"code":"A6405-0675-00","district":"三民區","area_m2":4418.1,"centroid":[120.304868,22.647696],"population":99,"households":44,"male":45,"female":54,"ages":[11,18,40,30],"density_km2":22408},"geometry":{"type":"Polygon","coordinates":[[[120.304276,22.64791],[120.305471,22.647818],[120.305443,22.647471],[120.30425,22.647612],[120.304276,22.64791]]]}},{"type":"Feature","id":"A6405-0674-00","properties":{"code":"A6405-0674-00","district":"三民區","area_m2":4337.2,"centroid":[120.300518,22.647674],"population":138,"households":64,"male":65,"female":73,"ages":[18,24,55,41],"density_km2":31818},"geometry":{"type":"Polygon","coordinates":[[[120.299944,22.647888],[120.300008,22.647876],[120.301113,22.64779],[120.3011,22.647462],[120.299917,22.647564],[120.299944,22.647888]]]}},{"type":"Feature","id":"A6405-0678-00","properties":{"code":"A6405-0678-00","district":"三民區","area_m2":4415.5,"centroid":[120.306018,22.647604],"population":105,"households":42,"male":52,"female":53,"ages":[14,21,41,29],"density_km2":23780},"geometry":{"type":"Polygon","coordinates":[[[120.305471,22.647818],[120.306594,22.647731],[120.306576,22.647441],[120.306572,22.647393],[120.305443,22.647471],[120.305471,22.647818]]]}},{"type":"Feature","id":"A6405-0680-00","properties":{"code":"A6405-0680-00","district":"三民區","area_m2":4490.1,"centroid":[120.301699,22.647577],"population":133,"households":103,"male":55,"female":78,"ages":[10,53,52,18],"density_km2":29621},"geometry":{"type":"Polygon","coordinates":[[[120.301113,22.64779],[120.302298,22.647698],[120.302272,22.64736],[120.3011,22.647462],[120.301113,22.64779]]]}},{"type":"Feature","id":"A6405-0959-00","properties":{"code":"A6405-0959-00","district":"三民區","area_m2":31455.8,"centroid":[120.319533,22.643644],"population":0,"households":0,"male":0,"female":0,"ages":[0,0,0,0],"density_km2":0},"geometry":{"type":"Polygon","coordinates":[[[120.318205,22.644418],[120.318533,22.644288],[120.319229,22.644068],[120.319649,22.64391],[120.319849,22.643859],[120.320112,22.643822],[120.320279,22.64382],[120.321136,22.643867],[120.321184,22.643877],[120.321114,22.643006],[120.319849,22.6431],[120.317958,22.643241],[120.317983,22.643535],[120.318009,22.64385],[120.318162,22.643837],[120.31817,22.643948],[120.318205,22.644418]]]}},{"type":"Feature","id":"A6405-0918-00","properties":{"code":"A6405-0918-00","district":"三民區","area_m2":3843.2,"centroid":[120.299095,22.64411],"population":102,"households":44,"male":50,"female":52,"ages":[12,21,39,30],"density_km2":26540},"geometry":{"type":"Polygon","coordinates":[[[120.298493,22.644285],[120.299639,22.64422],[120.299658,22.644219],[120.299709,22.644216],[120.299684,22.643931],[120.299634,22.643935],[120.298477,22.644016],[120.298493,22.644285]]]}},{"type":"Feature","id":"A6405-0924-00","properties":{"code":"A6405-0924-00","district":"三民區","area_m2":6685.0,"centroid":[120.305725,22.644028],"population":148,"households":61,"male":75,"female":73,"ages":[28,24,52,44],"density_km2":22139},"geometry":{"type":"Polygon","coordinates":[[[120.30515,22.644314],[120.306323,22.64425],[120.306302,22.643828],[120.306295,22.643735],[120.306274,22.643736],[120.305117,22.643835],[120.305125,22.643913],[120.30515,22.644314]]]}},{"type":"Feature","id":"A6402-0480-00","properties":{"code":"A6402-0480-00","district":"鼓山區","area_m2":67202.6,"centroid":[120.279487,22.642645],"population":3,"households":2,"male":2,"female":1,"ages":[0,0,2,1],"density_km2":45},"geometry":{"type":"Polygon","coordinates":[[[120.277978,22.644193],[120.278017,22.64419],[120.27819,22.644126],[120.278511,22.644024],[120.279363,22.643763],[120.279666,22.64362],[120.280171,22.643453],[120.280362,22.643396],[120.280475,22.643354],[120.280564,22.643305],[120.280622,22.643294],[120.280659,22.6433],[120.280741,22.643329],[120.280909,22.64331],[120.280907,22.64327],[120.280885,22.642554],[120.280957,22.641719],[120.28098,22.641609],[120.280537,22.641526],[120.280248,22.641472],[120.279916,22.64141],[120.279623,22.641356],[120.278715,22.641186],[120.278692,22.641176],[120.278289,22.642868],[120.2782,22.64324],[120.278025,22.643992],[120.277978,22.644193]]]}},{"type":"Feature","id":"A6405-0935-00","properties":{"code":"A6405-0935-00","district":"三民區","area_m2":2821.9,"centroid":[120.308856,22.643945],"population":41,"households":15,"male":20,"female":21,"ages":[6,6,19,10],"density_km2":14529},"geometry":{"type":"Polygon","coordinates":[[[120.308697,22.644288],[120.309058,22.644244],[120.309045,22.643613],[120.308648,22.64363],[120.30867,22.644034],[120.308697,22.644288]]]}},{"type":"Feature","id":"A6405-0922-00","properties":{"code":"A6405-0922-00","district":"三民區","area_m2":3689.1,"centroid":[120.300253,22.644036],"population":130,"households":56,"male":60,"female":70,"ages":[23,24,45,38],"density_km2":35239},"geometry":{"type":"Polygon","coordinates":[[[120.300797,22.644149],[120.300818,22.644155],[120.300798,22.643853],[120.299684,22.643931],[120.299709,22.644216],[120.300797,22.644149]]]}},{"type":"Feature","id":"A6405-0947-00","properties":{"code":"A6405-0947-00","district":"三民區","area_m2":10429.6,"centroid":[120.310926,22.643838],"population":209,"households":96,"male":101,"female":108,"ages":[31,38,70,70],"density_km2":20039},"geometry":{"type":"Polygon","coordinates":[[[120.310289,22.644224],[120.311535,22.644148],[120.311612,22.644144],[120.311579,22.643749],[120.311555,22.643449],[120.31149,22.643453],[120.310243,22.643535],[120.310289,22.644224]]]}},{"type":"Feature","id":"A6405-0948-00","properties":{"code":"A6405-0948-00","district":"三民區","area_m2":8305.1,"centroid":[120.314772,22.643827],"population":596,"households":321,"male":250,"female":346,"ages":[89,158,260,89],"density_km2":71763},"geometry":{"type":"Polygon","coordinates":[[[120.314328,22.644233],[120.31528,22.644192],[120.315216,22.643415],[120.314257,22.643489],[120.314321,22.644142],[120.314328,22.644233]]]}},{"type":"Feature","id":"A6405-0928-00","properties":{"code":"A6405-0928-00","district":"三民區","area_m2":4010.0,"centroid":[120.301403,22.64396],"population":86,"households":47,"male":45,"female":41,"ages":[9,19,30,28],"density_km2":21446},"geometry":{"type":"Polygon","coordinates":[[[120.300818,22.644155],[120.30199,22.644056],[120.302015,22.644054],[120.301991,22.643769],[120.300798,22.643853],[120.300818,22.644155]]]}},{"type":"Feature","id":"A6405-0953-00","properties":{"code":"A6405-0953-00","district":"三民區","area_m2":10710.6,"centroid":[120.31586,22.643763],"population":435,"households":193,"male":211,"female":224,"ages":[61,119,167,88],"density_km2":40614},"geometry":{"type":"Polygon","coordinates":[[[120.31528,22.644192],[120.316507,22.644088],[120.316447,22.643342],[120.315216,22.643415],[120.31528,22.644192]]]}},{"type":"Feature","id":"A6405-0933-00","properties":{"code":"A6405-0933-00","district":"三民區","area_m2":3719.5,"centroid":[120.297902,22.643912],"population":115,"households":53,"male":60,"female":55,"ages":[12,18,51,34],"density_km2":30918},"geometry":{"type":"Polygon","coordinates":[[[120.29735,22.644095],[120.298477,22.644016],[120.298461,22.64373],[120.297327,22.643804],[120.29735,22.644095]]]}},{"type":"Feature","id":"A6405-0939-00","properties":{"code":"A6405-0939-00","district":"三民區","area_m2":5272.2,"centroid":[120.312179,22.643915],"population":115,"households":57,"male":64,"female":51,"ages":[8,27,44,36],"density_km2":21812},"geometry":{"type":"Polygon","coordinates":[[[120.311612,22.644144],[120.312781,22.644081],[120.312744,22.643687],[120.311579,22.643749],[120.311612,22.644144]]]}},{"type":"Feature","id":"A6405-1215-00","properties":{"code":"A6405-1215-00","district":"三民區","area_m2":13859.5,"centroid":[120.317006,22.640517],"population":206,"households":105,"male":102,"female":104,"ages":[22,37,82,65],"density_km2":14863},"geometry":{"type":"Polygon","coordinates":[[[120.316289,22.640981],[120.317262,22.640923],[120.317701,22.640892],[120.317764,22.640887],[120.317694,22.640042],[120.317642,22.640054],[120.317623,22.640049],[120.316662,22.640132],[120.316602,22.640137],[120.316249,22.640178],[120.316253,22.640258],[120.316289,22.640981]]]}},{"type":"Feature","id":"A6405-1270-00","properties":{"code":"A6405-1270-00","district":"三民區","area_m2":49240.2,"centroid":[120.293195,22.639702],"population":790,"households":442,"male":334,"female":456,"ages":[136,256,302,96],"density_km2":16044},"geometry":{"type":"Polygon","coordinates":[[[120.292668,22.640877],[120.29287,22.640852],[120.293889,22.64077],[120.294366,22.640741],[120.294355,22.640495],[120.294403,22.64018],[120.294454,22.63997],[120.294552,22.639729],[120.294641,22.63951],[120.293928,22.639187],[120.293794,22.639128],[120.292354,22.638417],[120.292342,22.638418],[120.292328,22.638404],[120.292296,22.638485],[120.292211,22.63868],[120.292149,22.638867],[120.291901,22.639585],[120.291847,22.639744],[120.291834,22.639781],[120.291784,22.640093],[120.291806,22.640104],[120.292466,22.640244],[120.292798,22.640344],[120.292666,22.640656],[120.292654,22.64077],[120.292668,22.640877]]]}},{"type":"Feature","id":"A6405-1207-00","properties":{"code":"A6405-1207-00","district":"三民區","area_m2":4937.6,"centroid":[120.28439,22.640491],"population":72,"households":34,"male":41,"female":31,"ages":[4,15,31,22],"density_km2":14582},"geometry":{"type":"Polygon","coordinates":[[[120.28495,22.640839],[120.285105,22.640534],[120.285123,22.640499],[120.284952,22.640428],[120.284892,22.640551],[120.283869,22.640127],[120.283788,22.640269],[120.283676,22.640464],[120.28495,22.640839]]]}},{"type":"Feature","id":"A6405-1213-00","properties":{"code":"A6405-1213-00","district":"三民區","area_m2":7529.5,"centroid":[120.308651,22.640544],"population":226,"households":108,"male":113,"female":113,"ages":[28,50,89,59],"density_km2":30015},"geometry":{"type":"Polygon","coordinates":[[[120.308127,22.640897],[120.308438,22.640875],[120.309233,22.640831],[120.30919,22.640345],[120.30889,22.640258],[120.308531,22.640153],[120.30848,22.640285],[120.308081,22.640311],[120.308127,22.640897]]]}},{"type":"Feature","id":"A6405-1198-00","properties":{"code":"A6405-1198-00","district":"三民區","area_m2":4407.7,"centroid":[120.297624,22.640644],"population":63,"households":37,"male":25,"female":38,"ages":[5,8,26,24],"density_km2":14293},"geometry":{"type":"Polygon","coordinates":[[[120.297045,22.640841],[120.297087,22.640831],[120.298201,22.640784],[120.298222,22.640782],[120.298198,22.640446],[120.297022,22.640514],[120.297045,22.640841]]]}},{"type":"Feature","id":"A6405-1222-00","properties":{"code":"A6405-1222-00","district":"三民區","area_m2":11200.1,"centroid":[120.318302,22.640414],"population":158,"households":62,"male":76,"female":82,"ages":[31,40,57,30],"density_km2":14107},"geometry":{"type":"Polygon","coordinates":[[[120.317764,22.640887],[120.31833,22.640845],[120.318913,22.640801],[120.318827,22.639935],[120.318594,22.639957],[120.318501,22.639966],[120.317694,22.640042],[120.317764,22.640887]]]}},{"type":"Feature","id":"A6405-1223-00","properties":{"code":"A6405-1223-00","district":"三民區","area_m2":5208.2,"centroid":[120.286049,22.640257],"population":253,"households":89,"male":129,"female":124,"ages":[33,59,101,60],"density_km2":48578},"geometry":{"type":"Polygon","coordinates":[[[120.286434,22.640731],[120.286523,22.640494],[120.28646,22.640454],[120.286464,22.640406],[120.286484,22.640189],[120.286442,22.640165],[120.28581,22.6398],[120.285532,22.640206],[120.286434,22.640731]]]}},{"type":"Feature","id":"A6405-1249-00","properties":{"code":"A6405-1249-00","district":"三民區","area_m2":45935.8,"centroid":[120.30948,22.640004],"population":10,"households":5,"male":6,"female":4,"ages":[4,1,4,1],"density_km2":218},"geometry":{"type":"Polygon","coordinates":[[[120.309233,22.640831],[120.310044,22.640774],[120.311251,22.640661],[120.311273,22.640657],[120.311175,22.640547],[120.311187,22.640248],[120.311289,22.640182],[120.311223,22.63935],[120.311186,22.639352],[120.311122,22.639363],[120.309497,22.639456],[120.30889,22.639388],[120.308471,22.639341],[120.308037,22.639291],[120.307729,22.639256],[120.307648,22.639247],[120.307558,22.639251],[120.307568,22.639461],[120.307377,22.639791],[120.307407,22.639801],[120.307859,22.639957],[120.308531,22.640153],[120.30889,22.640258],[120.30919,22.640345],[120.309233,22.640831]]]}},{"type":"Feature","id":"A6405-1440-00","properties":{"code":"A6405-1440-00","district":"三民區","area_m2":6705.2,"centroid":[120.295734,22.637099],"population":191,"households":94,"male":102,"female":89,"ages":[16,41,75,59],"density_km2":28485},"geometry":{"type":"Polygon","coordinates":[[[120.296542,22.637497],[120.296615,22.637219],[120.295534,22.63685],[120.294985,22.636662],[120.294846,22.63698],[120.296532,22.637537],[120.296542,22.637497]]]}},{"type":"Feature","id":"A6405-1433-00","properties":{"code":"A6405-1433-00","district":"三民區","area_m2":7881.5,"centroid":[120.305874,22.637263],"population":86,"households":46,"male":45,"female":41,"ages":[1,22,33,30],"density_km2":10912},"geometry":{"type":"Polygon","coordinates":[[[120.305219,22.637552],[120.306521,22.637482],[120.306573,22.637479],[120.306588,22.637486],[120.306548,22.637035],[120.306542,22.636971],[120.305152,22.637062],[120.305152,22.637066],[120.305219,22.637552]]]}},{"type":"Feature","id":"A6402-0510-00","properties":{"code":"A6402-0510-00","district":"鼓山區","area_m2":12697.0,"centroid":[120.280402,22.636709],"population":224,"households":94,"male":105,"female":119,"ages":[20,42,101,61],"density_km2":17642},"geometry":{"type":"Polygon","coordinates":[[[120.280151,22.637304],[120.280592,22.637402],[120.280942,22.636546],[120.280965,22.636491],[120.281056,22.636269],[120.280705,22.63608],[120.280522,22.636048],[120.280419,22.636053],[120.280304,22.636065],[120.280239,22.636103],[120.28017,22.63616],[120.280125,22.636217],[120.279739,22.636986],[120.280151,22.637304]]]}},{"type":"Feature","id":"A6402-0508-00","properties":{"code":"A6402-0508-00","district":"鼓山區","area_m2":7538.9,"centroid":[120.282843,22.637008],"population":230,"households":100,"male":113,"female":117,"ages":[35,48,95,52],"density_km2":30508},"geometry":{"type":"Polygon","coordinates":[[[120.282273,22.637306],[120.283077,22.63741],[120.2832,22.637315],[120.283432,22.637172],[120.28326,22.636926],[120.283311,22.636877],[120.283332,22.636736],[120.282711,22.636659],[120.282719,22.636632],[120.282481,22.636576],[120.282382,22.63693],[120.282279,22.637284],[120.282273,22.637306]]]}},{"type":"Feature","id":"A6405-1434-00","properties":{"code":"A6405-1434-00","district":"三民區","area_m2":5630.6,"centroid":[120.307135,22.637266],"population":136,"households":67,"male":68,"female":68,"ages":[12,29,45,50],"density_km2":24154},"geometry":{"type":"Polygon","coordinates":[[[120.307626,22.637484],[120.307728,22.637484],[120.307719,22.637089],[120.307212,22.637059],[120.306917,22.637041],[120.306548,22.637035],[120.306588,22.637486],[120.307626,22.637484]]]}},{"type":"Feature","id":"A6405-1431-00","properties":{"code":"A6405-1431-00","district":"三民區","area_m2":4040.2,"centroid":[120.308207,22.637297],"population":183,"households":124,"male":79,"female":104,"ages":[15,35,81,52],"density_km2":45295},"geometry":{"type":"Polygon","coordinates":[[[120.307728,22.637484],[120.30865,22.637488],[120.308671,22.637488],[120.308714,22.637488],[120.308688,22.637157],[120.308646,22.637154],[120.3078,22.637094],[120.307737,22.63709],[120.307719,22.637089],[120.307728,22.637484]]]}},{"type":"Feature","id":"A6405-1443-00","properties":{"code":"A6405-1443-00","district":"三民區","area_m2":14584.0,"centroid":[120.309743,22.637159],"population":200,"households":109,"male":106,"female":94,"ages":[12,48,84,56],"density_km2":13714},"geometry":{"type":"Polygon","coordinates":[[[120.308714,22.637488],[120.310742,22.63748],[120.310773,22.63748],[120.310864,22.637478],[120.310802,22.637002],[120.310787,22.636907],[120.310754,22.636901],[120.310733,22.636901],[120.30946,22.636911],[120.309402,22.636904],[120.309091,22.636855],[120.309027,22.636844],[120.308657,22.636771],[120.308688,22.637157],[120.308714,22.637488]]]}},{"type":"Feature","id":"A6405-1483-00","properties":{"code":"A6405-1483-00","district":"三民區","area_m2":42777.6,"centroid":[120.285968,22.636115],"population":77,"households":43,"male":40,"female":37,"ages":[7,8,36,26],"density_km2":1800},"geometry":{"type":"Polygon","coordinates":[[[120.286512,22.637387],[120.286619,22.637115],[120.286705,22.636897],[120.287186,22.635933],[120.287222,22.635851],[120.286666,22.635579],[120.285478,22.634995],[120.28505,22.634765],[120.285007,22.635244],[120.284978,22.635562],[120.284975,22.635589],[120.284956,22.635876],[120.284946,22.636092],[120.284937,22.636262],[120.284929,22.636318],[120.28488,22.636657],[120.284854,22.63683],[120.285394,22.637011],[120.286512,22.637387]]]}},{"type":"Feature","id":"A6405-1444-00","properties":{"code":"A6405-1444-00","district":"三民區","area_m2":16858.4,"centroid":[120.312245,22.637092],"population":250,"households":143,"male":115,"female":135,"ages":[18,45,113,74],"density_km2":14829},"geometry":{"type":"Polygon","coordinates":[[[120.310864,22.637478],[120.312168,22.637344],[120.313135,22.637245],[120.313622,22.637184],[120.313748,22.637099],[120.313763,22.637097],[120.313742,22.636811],[120.313733,22.636729],[120.313716,22.636739],[120.312123,22.636834],[120.310787,22.636907],[120.310802,22.637002],[120.310864,22.637478]]]}},{"type":"Feature","id":"A6405-1442-00","properties":{"code":"A6405-1442-00","district":"三民區","area_m2":4533.9,"centroid":[120.318409,22.637141],"population":143,"households":65,"male":74,"female":69,"ages":[27,33,43,40],"density_km2":31540},"geometry":{"type":"Polygon","coordinates":[[[120.318106,22.63719],[120.318622,22.637496],[120.318822,22.637204],[120.318996,22.636859],[120.317747,22.636955],[120.317735,22.63697],[120.318106,22.63719]]]}},{"type":"Feature","id":"A6405-1457-00","properties":{"code":"A6405-1457-00","district":"三民區","area_m2":11420.3,"centroid":[120.293832,22.636779],"population":313,"households":162,"male":148,"female":165,"ages":[42,74,134,63],"density_km2":27407},"geometry":{"type":"Polygon","coordinates":[[[120.294648,22.637373],[120.294669,22.637386],[120.294837,22.637001],[120.293609,22.636602],[120.293738,22.636264],[120.293266,22.636113],[120.293243,22.636103],[120.292929,22.636896],[120.292952,22.636903],[120.293902,22.637166],[120.294648,22.637373]]]}},{"type":"Feature","id":"A6405-1445-00","properties":{"code":"A6405-1445-00","district":"三民區","area_m2":11110.9,"centroid":[120.301553,22.637044],"population":133,"households":74,"male":62,"female":71,"ages":[8,21,57,47],"density_km2":11970},"geometry":{"type":"Polygon","coordinates":[[[120.300681,22.637382],[120.302484,22.637242],[120.302475,22.63718],[120.302417,22.636816],[120.302402,22.636708],[120.300634,22.636831],[120.300645,22.636958],[120.300681,22.637382]]]}},{"type":"Feature","id":"A6402-0530-00","properties":{"code":"A6402-0530-00","district":"鼓山區","area_m2":64485.8,"centroid":[120.277171,22.632072],"population":0,"households":0,"male":0,"female":0,"ages":[0,0,0,0],"density_km2":0},"geometry":{"type":"Polygon","coordinates":[[[120.275875,22.633664],[120.275885,22.633663],[120.276277,22.633625],[120.276498,22.633603],[120.277486,22.632949],[120.277817,22.632612],[120.277945,22.63247],[120.278257,22.632467],[120.278475,22.632599],[120.278476,22.632578],[120.278529,22.632397],[120.278608,22.632253],[120.278703,22.632147],[120.278791,22.632074],[120.27891,22.632018],[120.279009,22.632018],[120.278948,22.63187],[120.278862,22.631745],[120.278618,22.631545],[120.278579,22.631313],[120.278681,22.631216],[120.27866,22.631185],[120.278536,22.631007],[120.278521,22.630984],[120.278458,22.630891],[120.278442,22.630868],[120.278382,22.630771],[120.278167,22.630422],[120.278151,22.630395],[120.278105,22.630422],[120.277496,22.630767],[120.277475,22.630773],[120.277339,22.630814],[120.277179,22.630863],[120.276917,22.630941],[120.276797,22.630978],[120.276471,22.631081],[120.276187,22.631174],[120.276375,22.631338],[120.276497,22.632169],[120.276407,22.632352],[120.276336,22.632428],[120.275892,22.632896],[120.275715,22.633044],[120.275654,22.633096],[120.275341,22.633566],[120.275307,22.633588],[120.275258,22.63366],[120.275232,22.633692],[120.275155,22.633737],[120.27534,22.633717],[120.275875,22.633664]]]}},{"type":"Feature","id":"A6406-0071-00","properties":{"code":"A6406-0071-00","district":"新興區","area_m2":6297.9,"centroid":[120.312657,22.633632],"population":25,"households":11,"male":9,"female":16,"ages":[8,4,9,4],"density_km2":3970},"geometry":{"type":"Polygon","coordinates":[[[120.311873,22.633853],[120.313465,22.633758],[120.313434,22.633407],[120.311845,22.633512],[120.311873,22.633853]]]}},{"type":"Feature","id":"A6407-0019-00","properties":{"code":"A6407-0019-00","district":"前金區","area_m2":15559.8,"centroid":[120.289343,22.633121],"population":215,"households":110,"male":95,"female":120,"ages":[24,41,89,61],"density_km2":13818},"geometry":{"type":"Polygon","coordinates":[[[120.290064,22.633745],[120.290072,22.633755],[120.290146,22.633589],[120.290368,22.633058],[120.28861,22.632494],[120.288379,22.633003],[120.288328,22.633132],[120.288316,22.633163],[120.288367,22.633179],[120.289459,22.633543],[120.290064,22.633745]]]}},{"type":"Feature","id":"A6406-0077-00","properties":{"code":"A6406-0077-00","district":"新興區","area_m2":11543.7,"centroid":[120.314465,22.633488],"population":448,"households":275,"male":188,"female":260,"ages":[89,132,174,53],"density_km2":38809},"geometry":{"type":"Polygon","coordinates":[[[120.313468,22.633802],[120.313522,22.633799],[120.315148,22.633688],[120.315508,22.633663],[120.315474,22.633177],[120.313425,22.633301],[120.313428,22.633346],[120.313434,22.633407],[120.313465,22.633758],[120.313468,22.633802]]]}},{"type":"Feature","id":"A6406-0075-00","properties":{"code":"A6406-0075-00","district":"新興區","area_m2":7478.0,"centroid":[120.303982,22.633496],"population":161,"households":85,"male":84,"female":77,"ages":[15,37,60,49],"density_km2":21530},"geometry":{"type":"Polygon","coordinates":[[[120.30312,22.633735],[120.30486,22.633643],[120.304859,22.633633],[120.304825,22.633249],[120.303091,22.633376],[120.30312,22.633735]]]}},{"type":"Feature","id":"A6408-0155-00","properties":{"code":"A6408-0155-00","district":"苓雅區","area_m2":5552.0,"centroid":[120.314756,22.630177],"population":275,"households":139,"male":127,"female":148,"ages":[67,52,104,52],"density_km2":49532},"geometry":{"type":"Polygon","coordinates":[[[120.315216,22.630397],[120.315227,22.630399],[120.315187,22.629875],[120.314617,22.629919],[120.314285,22.629945],[120.314323,22.630478],[120.315111,22.630426],[120.315216,22.630397]]]}},{"type":"Feature","id":"A6407-0075-00","properties":{"code":"A6407-0075-00","district":"前金區","area_m2":88228.6,"centroid":[120.288736,22.628558],"population":1,"households":1,"male":0,"female":1,"ages":[0,0,0,1],"density_km2":11},"geometry":{"type":"Polygon","coordinates":[[[120.289499,22.630316],[120.289521,22.630326],[120.289994,22.629064],[120.290251,22.628369],[120.290556,22.627594],[120.290535,22.627584],[120.288913,22.627035],[120.288237,22.626775],[120.28822,22.626805],[120.288139,22.626952],[120.287678,22.627832],[120.287497,22.62819],[120.287097,22.628965],[120.287052,22.629047],[120.286987,22.629177],[120.286864,22.629425],[120.286851,22.629452],[120.289499,22.630316]]]}},{"type":"Feature","id":"A6406-0156-00","properties":{"code":"A6406-0156-00","district":"新興區","area_m2":11281.8,"centroid":[120.305248,22.62997],"population":269,"households":126,"male":136,"female":133,"ages":[20,64,94,91],"density_km2":23844},"geometry":{"type":"Polygon","coordinates":[[[120.304578,22.630375],[120.304599,22.630374],[120.305971,22.630271],[120.30597,22.630259],[120.305906,22.629568],[120.304554,22.629651],[120.304533,22.629653],[120.304556,22.630019],[120.304577,22.630364],[120.304578,22.630375]]]}},{"type":"Feature","id":"A6408-0177-00","properties":{"code":"A6408-0177-00","district":"苓雅區","area_m2":30647.3,"centroid":[120.315942,22.629269],"population":299,"households":133,"male":141,"female":158,"ages":[76,59,88,76],"density_km2":9756},"geometry":{"type":"Polygon","coordinates":[[[120.315227,22.630399],[120.315315,22.63041],[120.316705,22.630312],[120.316808,22.630301],[120.316861,22.630293],[120.316816,22.629759],[120.316055,22.629502],[120.316525,22.62823],[120.315676,22.627947],[120.315672,22.627956],[120.315482,22.62841],[120.315347,22.628731],[120.315248,22.628995],[120.315235,22.62903],[120.31514,22.629281],[120.315187,22.629875],[120.315227,22.630399]]]}},{"type":"Feature","id":"A6406-0157-00","properties":{"code":"A6406-0157-00","district":"新興區","area_m2":6104.3,"centroid":[120.3001,22.629923],"population":176,"households":81,"male":84,"female":92,"ages":[14,45,69,48],"density_km2":28832},"geometry":{"type":"Polygon","coordinates":[[[120.300014,22.630119],[120.300608,22.630322],[120.30078,22.629927],[120.299661,22.629552],[120.299601,22.629532],[120.29958,22.629522],[120.299421,22.629912],[120.299443,22.629923],[120.300014,22.630119]]]}},{"type":"Feature","id":"A6406-0161-00","properties":{"code":"A6406-0161-00","district":"新興區","area_m2":4726.6,"centroid":[120.307791,22.629881],"population":388,"households":240,"male":153,"female":235,"ages":[30,93,165,100],"density_km2":82088},"geometry":{"type":"Polygon","coordinates":[[[120.307596,22.630346],[120.308062,22.630317],[120.307973,22.629412],[120.307523,22.629447],[120.307596,22.630346]]]}},{"type":"Feature","id":"A6406-0162-00","properties":{"code":"A6406-0162-00","district":"新興區","area_m2":10620.0,"centroid":[120.306599,22.629869],"population":310,"households":147,"male":137,"female":173,"ages":[39,71,128,72],"density_km2":29190},"geometry":{"type":"Polygon","coordinates":[[[120.305971,22.630271],[120.305991,22.63027],[120.30724,22.63017],[120.307291,22.630166],[120.307233,22.629469],[120.307218,22.62947],[120.305926,22.629567],[120.305906,22.629568],[120.30597,22.630259],[120.305971,22.630271]]]}},{"type":"Feature","id":"A6406-0155-00","properties":{"code":"A6406-0155-00","district":"新興區","area_m2":6812.4,"centroid":[120.309582,22.629994],"population":159,"households":71,"male":80,"female":79,"ages":[11,38,62,48],"density_km2":23340},"geometry":{"type":"Polygon","coordinates":[[[120.308932,22.630269],[120.310251,22.630164],[120.310268,22.630163],[120.310232,22.629724],[120.310217,22.629725],[120.308902,22.629814],[120.308932,22.630269]]]}},{"type":"Feature","id":"A6407-0065-00","properties":{"code":"A6407-0065-00","district":"前金區","area_m2":4700.9,"centroid":[120.294181,22.629844],"population":196,"households":100,"male":87,"female":109,"ages":[23,43,76,54],"density_km2":41694},"geometry":{"type":"Polygon","coordinates":[[[120.294693,22.630203],[120.294814,22.629889],[120.293702,22.629493],[120.29368,22.629483],[120.29355,22.629805],[120.293572,22.629815],[120.294693,22.630203]]]}},{"type":"Feature","id":"A6407-0069-00","properties":{"code":"A6407-0069-00","district":"前金區","area_m2":32343.7,"centroid":[120.292827,22.629181],"population":0,"households":0,"male":0,"female":0,"ages":[0,0,0,0],"density_km2":0},"geometry":{"type":"Polygon","coordinates":[[[120.293391,22.630197],[120.29355,22.629805],[120.29368,22.629483],[120.293843,22.629081],[120.293982,22.628736],[120.293482,22.628572],[120.29314,22.628459],[120.293021,22.628419],[120.292256,22.628171],[120.291941,22.628937],[120.291674,22.629613],[120.293391,22.630197]]]}},{"type":"Feature","id":"A6408-0175-00","properties":{"code":"A6408-0175-00","district":"苓雅區","area_m2":34818.4,"centroid":[120.31726,22.629266],"population":201,"households":97,"male":91,"female":110,"ages":[56,38,74,33],"density_km2":5773},"geometry":{"type":"Polygon","coordinates":[[[120.316861,22.630293],[120.317396,22.630214],[120.317737,22.630156],[120.317981,22.630123],[120.318023,22.629998],[120.318471,22.628907],[120.318482,22.62888],[120.316525,22.62823],[120.316055,22.629502],[120.316816,22.629759],[120.316861,22.630293]]]}},{"type":"Feature","id":"A6402-0550-00","properties":{"code":"A6402-0550-00","district":"鼓山區","area_m2":7954.0,"centroid":[120.277778,22.625989],"population":106,"households":49,"male":55,"female":51,"ages":[12,19,42,33],"density_km2":13327},"geometry":{"type":"Polygon","coordinates":[[[120.277942,22.626442],[120.278121,22.626329],[120.278474,22.626149],[120.278463,22.626134],[120.27845,22.626114],[120.278028,22.625495],[120.277689,22.625685],[120.276996,22.626073],[120.277904,22.626427],[120.277942,22.626442]]]}},{"type":"Feature","id":"A6406-0225-00","properties":{"code":"A6406-0225-00","district":"新興區","area_m2":6279.8,"centroid":[120.308293,22.626014],"population":515,"households":238,"male":226,"female":289,"ages":[65,131,187,132],"density_km2":82009},"geometry":{"type":"Polygon","coordinates":[[[120.307884,22.626496],[120.308406,22.626554],[120.308425,22.62638],[120.308723,22.625629],[120.308632,22.625598],[120.308289,22.625489],[120.308204,22.625453],[120.307913,22.626261],[120.307884,22.626496]]]}},{"type":"Feature","id":"A6408-0245-00","properties":{"code":"A6408-0245-00","district":"苓雅區","area_m2":4575.8,"centroid":[120.31328,22.626122],"population":215,"households":91,"male":98,"female":117,"ages":[54,35,78,48],"density_km2":46987},"geometry":{"type":"Polygon","coordinates":[[[120.313763,22.626467],[120.313886,22.626145],[120.312806,22.625776],[120.312675,22.62611],[120.313763,22.626467]]]}},{"type":"Feature","id":"A6406-0233-00","properties":{"code":"A6406-0233-00","district":"新興區","area_m2":67443.5,"centroid":[120.310052,22.624933],"population":6,"households":4,"male":1,"female":5,"ages":[0,0,1,5],"density_km2":89},"geometry":{"type":"Polygon","coordinates":[[[120.310882,22.626387],[120.311019,22.626029],[120.311061,22.625922],[120.311188,22.62559],[120.311204,22.625548],[120.311313,22.625265],[120.311344,22.625184],[120.311474,22.624847],[120.31159,22.624501],[120.311603,22.624464],[120.311727,22.624094],[120.311223,22.623941],[120.309935,22.623488],[120.309638,22.624306],[120.309274,22.624187],[120.309201,22.624163],[120.308875,22.623987],[120.308851,22.62405],[120.308289,22.625489],[120.308632,22.625598],[120.308723,22.625629],[120.308987,22.625718],[120.309088,22.625755],[120.310098,22.626122],[120.310182,22.626151],[120.310882,22.626387]]]}},{"type":"Feature","id":"A6407-0093-00","properties":{"code":"A6407-0093-00","district":"前金區","area_m2":15788.4,"centroid":[120.29228,22.625663],"population":169,"households":79,"male":90,"female":79,"ages":[8,36,59,66],"density_km2":10704},"geometry":{"type":"Polygon","coordinates":[[[120.292964,22.626294],[120.292985,22.626304],[120.293272,22.625579],[120.291582,22.625022],[120.291444,22.62536],[120.291286,22.625746],[120.292964,22.626294]]]}},{"type":"Feature","id":"A6401-0063-00","properties":{"code":"A6401-0063-00","district":"鹽埕區","area_m2":8594.4,"centroid":[120.28074,22.625615],"population":190,"households":86,"male":91,"female":99,"ages":[15,59,63,53],"density_km2":22107},"geometry":{"type":"Polygon","coordinates":[[[120.281297,22.625925],[120.28131,22.625918],[120.280813,22.625004],[120.280803,22.624987],[120.280791,22.624994],[120.28017,22.625301],[120.280179,22.625317],[120.280681,22.626246],[120.281297,22.625925]]]}},{"type":"Feature","id":"A6406-0226-00","properties":{"code":"A6406-0226-00","district":"新興區","area_m2":4747.3,"centroid":[120.306523,22.625969],"population":143,"households":68,"male":80,"female":63,"ages":[12,44,46,41],"density_km2":30123},"geometry":{"type":"Polygon","coordinates":[[[120.307127,22.626329],[120.307198,22.626049],[120.305946,22.625602],[120.305863,22.625933],[120.307127,22.626329]]]}},{"type":"Feature","id":"A6401-0064-00","properties":{"code":"A6401-0064-00","district":"鹽埕區","area_m2":10974.2,"centroid":[120.283376,22.625516],"population":220,"households":104,"male":108,"female":112,"ages":[17,50,75,78],"density_km2":20047},"geometry":{"type":"Polygon","coordinates":[[[120.283216,22.626179],[120.284028,22.625781],[120.284041,22.625775],[120.283537,22.624856],[120.282728,22.625243],[120.282711,22.625251],[120.283216,22.626179]]]}},{"type":"Feature","id":"A6401-0070-00","properties":{"code":"A6401-0070-00","district":"鹽埕區","area_m2":31515.1,"centroid":[120.27837,22.624902],"population":232,"households":104,"male":122,"female":110,"ages":[27,43,102,60],"density_km2":7362},"geometry":{"type":"Polygon","coordinates":[[[120.27845,22.626114],[120.278463,22.626134],[120.278561,22.626084],[120.278967,22.625879],[120.278979,22.625873],[120.279464,22.625638],[120.279477,22.625631],[120.278947,22.624634],[120.278429,22.623678],[120.277293,22.624222],[120.277249,22.624243],[120.277277,22.624311],[120.277283,22.624327],[120.277351,22.624467],[120.277408,22.624581],[120.277506,22.624719],[120.277999,22.625452],[120.278028,22.625495],[120.27845,22.626114]]]}},{"type":"Feature","id":"A6402-0582-00","properties":{"code":"A6402-0582-00","district":"鼓山區","area_m2":10232.2,"centroid":[120.273418,22.621595],"population":140,"households":69,"male":71,"female":69,"ages":[5,31,62,42],"density_km2":13682},"geometry":{"type":"Polygon","coordinates":[[[120.273402,22.622267],[120.274078,22.621879],[120.274065,22.621866],[120.273451,22.620925],[120.273094,22.621119],[120.272756,22.621303],[120.273374,22.622226],[120.273402,22.622267]]]}},{"type":"Feature","id":"A6406-0269-00","properties":{"code":"A6406-0269-00","district":"新興區","area_m2":8135.2,"centroid":[120.303274,22.621923],"population":98,"households":53,"male":48,"female":50,"ages":[10,20,37,31],"density_km2":12046},"geometry":{"type":"Polygon","coordinates":[[[120.303913,22.622372],[120.303935,22.622383],[120.304098,22.621959],[120.302623,22.621464],[120.302451,22.621898],[120.303913,22.622372]]]}},{"type":"Feature","id":"A6408-0373-00","properties":{"code":"A6408-0373-00","district":"苓雅區","area_m2":7180.2,"centroid":[120.309595,22.6216],"population":169,"households":82,"male":78,"female":91,"ages":[23,34,60,52],"density_km2":23537},"geometry":{"type":"Polygon","coordinates":[[[120.309406,22.622364],[120.3095,22.622395],[120.309622,22.622085],[120.310065,22.620938],[120.310026,22.620924],[120.309701,22.62081],[120.309684,22.620804],[120.309202,22.622051],[120.309212,22.62206],[120.309129,22.622279],[120.309406,22.622364]]]}},{"type":"Feature","id":"A6402-0581-00","properties":{"code":"A6402-0581-00","district":"鼓山區","area_m2":4700.1,"centroid":[120.275,22.621776],"population":1,"households":1,"male":1,"female":0,"ages":[0,0,1,0],"density_km2":213},"geometry":{"type":"Polygon","coordinates":[[[120.274961,22.622232],[120.275439,22.621991],[120.275015,22.621311],[120.274566,22.621589],[120.274961,22.622232]]]}},{"type":"Feature","id":"A6408-0361-00","properties":{"code":"A6408-0361-00","district":"苓雅區","area_m2":6366.4,"centroid":[120.312025,22.621921],"population":1303,"households":1038,"male":834,"female":469,"ages":[35,186,730,352],"density_km2":204669},"geometry":{"type":"Polygon","coordinates":[[[120.312397,22.622382],[120.31261,22.621828],[120.311592,22.621483],[120.311431,22.621901],[120.312397,22.622382]]]}},{"type":"Feature","id":"A6408-0363-00","properties":{"code":"A6408-0363-00","district":"苓雅區","area_m2":9667.4,"centroid":[120.318795,22.621909],"population":235,"households":116,"male":128,"female":107,"ages":[16,58,96,65],"density_km2":24309},"geometry":{"type":"Polygon","coordinates":[[[120.319351,22.622389],[120.319402,22.622406],[120.319576,22.621958],[120.319606,22.62188],[120.318196,22.621409],[120.318163,22.621495],[120.317985,22.621949],[120.319318,22.622378],[120.319351,22.622389]]]}},{"type":"Feature","id":"A6401-0113-00","properties":{"code":"A6401-0113-00","district":"鹽埕區","area_m2":13496.9,"centroid":[120.284908,22.621412],"population":5,"households":3,"male":4,"female":1,"ages":[0,0,3,2],"density_km2":370},"geometry":{"type":"Polygon","coordinates":[[[120.284909,22.62225],[120.285625,22.621913],[120.285397,22.621511],[120.285391,22.621492],[120.28487,22.620567],[120.2842,22.620901],[120.284681,22.621834],[120.284909,22.62225]]]}},{"type":"Feature","id":"A6407-0131-00","properties":{"code":"A6407-0131-00","district":"前金區","area_m2":12337.9,"centroid":[120.290895,22.621704],"population":211,"households":102,"male":105,"female":106,"ages":[18,47,81,65],"density_km2":17102},"geometry":{"type":"Polygon","coordinates":[[[120.29005,22.621785],[120.291507,22.622274],[120.291598,22.62204],[120.291642,22.622055],[120.291768,22.621734],[120.291745,22.621727],[120.291771,22.62166],[120.290138,22.621124],[120.2901,22.621442],[120.29006,22.621718],[120.290055,22.621752],[120.29005,22.621785]]]}},{"type":"Feature","id":"A6407-0127-00","properties":{"code":"A6407-0127-00","district":"前金區","area_m2":5159.7,"centroid":[120.295383,22.621926],"population":35,"households":19,"male":18,"female":17,"ages":[4,3,15,13],"density_km2":6783},"geometry":{"type":"Polygon","coordinates":[[[120.294718,22.621895],[120.294739,22.621905],[120.295916,22.62229],[120.296046,22.621956],[120.29486,22.621562],[120.294718,22.621895]]]}},{"type":"Feature","id":"A6408-0384-00","properties":{"code":"A6408-0384-00","district":"苓雅區","area_m2":38033.5,"centroid":[120.314081,22.621281],"population":258,"households":96,"male":112,"female":146,"ages":[77,41,76,64],"density_km2":6783},"geometry":{"type":"Polygon","coordinates":[[[120.3141,22.622327],[120.31428,22.621887],[120.314532,22.621269],[120.315594,22.621627],[120.315774,22.621147],[120.315798,22.621091],[120.315747,22.621075],[120.314755,22.620743],[120.314697,22.620715],[120.313234,22.620262],[120.31316,22.620384],[120.312654,22.621714],[120.31261,22.621828],[120.312667,22.621847],[120.3141,22.622327]]]}},{"type":"Feature","id":"A6401-0111-00","properties":{"code":"A6401-0111-00","district":"鹽埕區","area_m2":9570.0,"centroid":[120.284081,22.621545],"population":136,"households":65,"male":59,"female":77,"ages":[12,24,52,48],"density_km2":14211},"geometry":{"type":"Polygon","coordinates":[[[120.283979,22.622192],[120.284681,22.621834],[120.2842,22.620901],[120.283478,22.62125],[120.28376,22.621779],[120.283979,22.622192]]]}},{"type":"Feature","id":"A6407-0133-00","properties":{"code":"A6407-0133-00","district":"前金區","area_m2":17270.2,"centroid":[120.297788,22.621573],"population":196,"households":126,"male":80,"female":116,"ages":[19,62,69,46],"density_km2":11349},"geometry":{"type":"Polygon","coordinates":[[[120.298547,22.622242],[120.298732,22.621766],[120.298789,22.621637],[120.298838,22.621505],[120.298135,22.621279],[120.297039,22.620908],[120.297017,22.620898],[120.296748,22.621635],[120.297232,22.621823],[120.297814,22.622009],[120.297843,22.622018],[120.298098,22.622099],[120.298547,22.622242]]]}},{"type":"Feature","id":"A6408-0539-00","properties":{"code":"A6408-0539-00","district":"苓雅區","area_m2":8562.1,"centroid":[120.313101,22.617908],"population":234,"households":113,"male":119,"female":115,"ages":[14,58,83,79],"density_km2":27330},"geometry":{"type":"Polygon","coordinates":[[[120.313929,22.618392],[120.313934,22.618378],[120.314055,22.618062],[120.314071,22.618021],[120.312279,22.617424],[120.312255,22.617482],[120.312129,22.617793],[120.313929,22.618392]]]}},{"type":"Feature","id":"A6408-0561-00","properties":{"code":"A6408-0561-00","district":"苓雅區","area_m2":16105.3,"centroid":[120.302491,22.617482],"population":258,"households":113,"male":136,"female":122,"ages":[31,54,107,66],"density_km2":16020},"geometry":{"type":"Polygon","coordinates":[[[120.301962,22.618173],[120.302308,22.618289],[120.302526,22.617728],[120.302983,22.617878],[120.303342,22.616925],[120.303158,22.616867],[120.302562,22.616697],[120.302377,22.617175],[120.302029,22.617061],[120.301646,22.618064],[120.301962,22.618173]]]}},{"type":"Feature","id":"A6408-0554-00","properties":{"code":"A6408-0554-00","district":"苓雅區","area_m2":14681.0,"centroid":[120.306632,22.617632],"population":269,"households":119,"male":131,"female":138,"ages":[20,65,101,83],"density_km2":18323},"geometry":{"type":"Polygon","coordinates":[[[120.30571,22.617743],[120.307281,22.618252],[120.30756,22.617533],[120.305979,22.617009],[120.305874,22.61728],[120.30571,22.617743]]]}},{"type":"Feature","id":"A6408-0545-00","properties":{"code":"A6408-0545-00","district":"苓雅區","area_m2":5428.7,"centroid":[120.296644,22.617722],"population":115,"households":86,"male":49,"female":66,"ages":[8,35,49,23],"density_km2":21184},"geometry":{"type":"Polygon","coordinates":[[[120.296216,22.61801],[120.296776,22.618193],[120.29707,22.617436],[120.296539,22.617259],[120.296517,22.617248],[120.296373,22.617613],[120.296216,22.61801]]]}},{"type":"Feature","id":"A6409-0001-00","properties":{"code":"A6409-0001-00","district":"前鎮區","area_m2":6204.6,"centroid":[120.316983,22.617869],"population":167,"households":93,"male":71,"female":96,"ages":[24,32,70,41],"density_km2":26916},"geometry":{"type":"Polygon","coordinates":[[[120.317642,22.618255],[120.317703,22.618275],[120.317825,22.617954],[120.317536,22.617854],[120.317516,22.617854],[120.317461,22.617856],[120.316243,22.617459],[120.316224,22.617508],[120.316131,22.617748],[120.316917,22.618026],[120.316946,22.618036],[120.316984,22.618048],[120.317244,22.61813],[120.317283,22.61815],[120.317642,22.618255]]]}},{"type":"Feature","id":"A6408-0553-00","properties":{"code":"A6408-0553-00","district":"苓雅區","area_m2":11162.6,"centroid":[120.298934,22.617609],"population":209,"households":91,"male":100,"female":109,"ages":[24,44,76,65],"density_km2":18723},"geometry":{"type":"Polygon","coordinates":[[[120.298223,22.61782],[120.29934,22.618178],[120.299647,22.617405],[120.299625,22.617395],[120.298526,22.61704],[120.298223,22.61782]]]}},{"type":"Feature","id":"A6408-0557-00","properties":{"code":"A6408-0557-00","district":"苓雅區","area_m2":4897.1,"centroid":[120.312028,22.617569],"population":162,"households":77,"male":71,"female":91,"ages":[21,33,61,47],"density_km2":33081},"geometry":{"type":"Polygon","coordinates":[[[120.311637,22.61807],[120.31197,22.618181],[120.312129,22.617793],[120.312255,22.617482],[120.312279,22.617424],[120.312422,22.617079],[120.312066,22.616961],[120.311966,22.61722],[120.311637,22.61807]]]}},{"type":"Feature","id":"A6402-0430-00","properties":{"code":"A6402-0430-00","district":"鼓山區","area_m2":16515.6,"centroid":[120.284216,22.650632],"population":508,"households":206,"male":229,"female":279,"ages":[143,101,211,53],"density_km2":30759},"geometry":{"type":"Polygon","coordinates":[[[120.283868,22.651549],[120.284664,22.651508],[120.284644,22.650776],[120.28456,22.649712],[120.283761,22.649768],[120.283868,22.651549]]]}},{"type":"Feature","id":"A6402-0429-00","properties":{"code":"A6402-0429-00","district":"鼓山區","area_m2":40985.1,"centroid":[120.286379,22.650755],"population":618,"households":283,"male":257,"female":361,"ages":[179,104,260,75],"density_km2":15079},"geometry":{"type":"Polygon","coordinates":[[[120.284664,22.651508],[120.288012,22.651379],[120.287965,22.650886],[120.287916,22.650365],[120.287658,22.650351],[120.287253,22.650273],[120.28698,22.650208],[120.286943,22.650192],[120.286642,22.650066],[120.286507,22.650009],[120.286168,22.649784],[120.285928,22.650194],[120.285842,22.65034],[120.285682,22.650565],[120.285573,22.650715],[120.285538,22.650737],[120.285488,22.650747],[120.285082,22.650766],[120.284644,22.650776],[120.284664,22.651508]]]}},{"type":"Feature","id":"A6405-0727-00","properties":{"code":"A6405-0727-00","district":"三民區","area_m2":23850.8,"centroid":[120.295073,22.64688],"population":313,"households":151,"male":149,"female":164,"ages":[46,95,120,52],"density_km2":13123},"geometry":{"type":"Polygon","coordinates":[[[120.29452,22.647741],[120.295785,22.647665],[120.295627,22.646018],[120.295606,22.646019],[120.294361,22.646094],[120.294363,22.646106],[120.29452,22.647741]]]}},{"type":"Feature","id":"A6405-0683-00","properties":{"code":"A6405-0683-00","district":"三民區","area_m2":4346.9,"centroid":[120.307166,22.647535],"population":121,"households":55,"male":54,"female":67,"ages":[18,17,45,41],"density_km2":27836},"geometry":{"type":"Polygon","coordinates":[[[120.306594,22.647731],[120.30777,22.647656],[120.307744,22.647347],[120.306607,22.64739],[120.306572,22.647393],[120.306576,22.647441],[120.306594,22.647731]]]}},{"type":"Feature","id":"A6405-0712-00","properties":{"code":"A6405-0712-00","district":"三民區","area_m2":4486.6,"centroid":[120.302446,22.647168],"population":166,"households":74,"male":79,"female":87,"ages":[20,31,65,50],"density_km2":36999},"geometry":{"type":"Polygon","coordinates":[[[120.302298,22.647698],[120.30267,22.64767],[120.302609,22.646641],[120.302217,22.646673],[120.302246,22.647036],[120.302272,22.64736],[120.302298,22.647698]]]}},{"type":"Feature","id":"A6405-0707-00","properties":{"code":"A6405-0707-00","district":"三民區","area_m2":11062.2,"centroid":[120.315441,22.647282],"population":164,"households":82,"male":78,"female":86,"ages":[21,31,69,43],"density_km2":14825},"geometry":{"type":"Polygon","coordinates":[[[120.316109,22.647731],[120.316182,22.647751],[120.316198,22.647447],[120.316158,22.647287],[120.316137,22.647206],[120.315997,22.646913],[120.315994,22.646842],[120.316006,22.646826],[120.314576,22.647071],[120.314648,22.647356],[120.31491,22.647464],[120.31541,22.647621],[120.31545,22.647622],[120.316109,22.647731]]]}},{"type":"Feature","id":"A6405-0717-00","properties":{"code":"A6405-0717-00","district":"三民區","area_m2":7885.4,"centroid":[120.303502,22.647112],"population":22,"households":10,"male":10,"female":12,"ages":[4,4,7,7],"density_km2":2790},"geometry":{"type":"Polygon","coordinates":[[[120.30321,22.647677],[120.303277,22.647671],[120.303853,22.647636],[120.303783,22.646543],[120.303175,22.646596],[120.303154,22.646597],[120.303204,22.647548],[120.303208,22.647628],[120.30321,22.647677]]]}},{"type":"Feature","id":"A6405-0715-00","properties":{"code":"A6405-0715-00","district":"三民區","area_m2":6372.8,"centroid":[120.30291,22.647133],"population":150,"households":65,"male":75,"female":75,"ages":[17,36,55,42],"density_km2":23538},"geometry":{"type":"Polygon","coordinates":[[[120.30267,22.64767],[120.303208,22.647628],[120.303204,22.647548],[120.303154,22.646597],[120.302609,22.646641],[120.30267,22.64767]]]}},{"type":"Feature","id":"A6402-0467-00","properties":{"code":"A6402-0467-00","district":"鼓山區","area_m2":5189.7,"centroid":[120.278629,22.647147],"population":235,"households":99,"male":108,"female":127,"ages":[40,56,110,29],"density_km2":45282},"geometry":{"type":"Polygon","coordinates":[[[120.278769,22.647472],[120.278993,22.647527],[120.279016,22.647029],[120.279031,22.646909],[120.278344,22.646769],[120.278204,22.647365],[120.278769,22.647472]]]}},{"type":"Feature","id":"A6402-0470-00","properties":{"code":"A6402-0470-00","district":"鼓山區","area_m2":12798.4,"centroid":[120.279581,22.646876],"population":439,"households":229,"male":204,"female":235,"ages":[79,106,208,46],"density_km2":34301},"geometry":{"type":"Polygon","coordinates":[[[120.278993,22.647527],[120.279832,22.647529],[120.27988,22.647251],[120.279919,22.647089],[120.280008,22.646945],[120.280223,22.64686],[120.279924,22.646294],[120.279846,22.646149],[120.279833,22.646154],[120.279564,22.646265],[120.279373,22.646378],[120.279337,22.646416],[120.279223,22.646534],[120.279097,22.646723],[120.279037,22.646865],[120.279031,22.646909],[120.279016,22.647029],[120.278993,22.647527]]]}},{"type":"Feature","id":"A6405-0720-00","properties":{"code":"A6405-0720-00","district":"三民區","area_m2":4848.6,"centroid":[120.304014,22.647076],"population":160,"households":58,"male":78,"female":82,"ages":[24,38,61,37],"density_km2":32999},"geometry":{"type":"Polygon","coordinates":[[[120.303853,22.647636],[120.30425,22.647612],[120.304158,22.64651],[120.303783,22.646543],[120.303853,22.647636]]]}},{"type":"Feature","id":"A6402-0468-00","properties":{"code":"A6402-0468-00","district":"鼓山區","area_m2":12259.7,"centroid":[120.280606,22.647105],"population":211,"households":91,"male":100,"female":111,"ages":[33,45,87,46],"density_km2":17211},"geometry":{"type":"Polygon","coordinates":[[[120.279832,22.647529],[120.279908,22.647529],[120.281062,22.64753],[120.281304,22.647526],[120.281282,22.647139],[120.281249,22.646611],[120.281014,22.646641],[120.280808,22.646666],[120.280487,22.646741],[120.280223,22.64686],[120.280008,22.646945],[120.279919,22.647089],[120.27988,22.647251],[120.279832,22.647529]]]}},{"type":"Feature","id":"A6402-0469-00","properties":{"code":"A6402-0469-00","district":"鼓山區","area_m2":25247.7,"centroid":[120.282369,22.646966],"population":167,"households":73,"male":85,"female":82,"ages":[25,41,68,33],"density_km2":6614},"geometry":{"type":"Polygon","coordinates":[[[120.281304,22.647526],[120.28161,22.647521],[120.281818,22.647521],[120.283147,22.647528],[120.283742,22.647528],[120.283514,22.647296],[120.283381,22.647148],[120.283037,22.646826],[120.282946,22.64674],[120.282636,22.646342],[120.282054,22.646358],[120.28177,22.646365],[120.281529,22.646365],[120.281233,22.646365],[120.281249,22.646611],[120.281282,22.647139],[120.281304,22.647526]]]}},{"type":"Feature","id":"A6405-0766-00","properties":{"code":"A6405-0766-00","district":"三民區","area_m2":58779.8,"centroid":[120.30534,22.646409],"population":0,"households":0,"male":0,"female":0,"ages":[0,0,0,0],"density_km2":0},"geometry":{"type":"Polygon","coordinates":[[[120.30425,22.647612],[120.305443,22.647471],[120.306572,22.647393],[120.306607,22.64739],[120.30643,22.645224],[120.306411,22.645233],[120.306391,22.645227],[120.306346,22.64523],[120.305234,22.645318],[120.305213,22.645312],[120.304085,22.645387],[120.304086,22.645399],[120.304158,22.64651],[120.30425,22.647612]]]}},{"type":"Feature","id":"A6405-0696-00","properties":{"code":"A6405-0696-00","district":"三民區","area_m2":5232.2,"centroid":[120.300484,22.64733],"population":196,"households":76,"male":90,"female":106,"ages":[21,53,79,43],"density_km2":37460},"geometry":{"type":"Polygon","coordinates":[[[120.299917,22.647564],[120.3011,22.647462],[120.301085,22.647111],[120.299881,22.647148],[120.299917,22.647564]]]}},{"type":"Feature","id":"A6405-0944-00","properties":{"code":"A6405-0944-00","district":"三民區","area_m2":5375.4,"centroid":[120.308057,22.643876],"population":80,"households":34,"male":38,"female":42,"ages":[8,19,30,23],"density_km2":14883},"geometry":{"type":"Polygon","coordinates":[[[120.307452,22.644113],[120.307473,22.644112],[120.30867,22.644034],[120.308648,22.64363],[120.307458,22.64374],[120.307437,22.643741],[120.307449,22.644038],[120.307451,22.644102],[120.307452,22.644113]]]}},{"type":"Feature","id":"A6405-0969-00","properties":{"code":"A6405-0969-00","district":"三民區","area_m2":5704.6,"centroid":[120.302162,22.64341],"population":152,"households":65,"male":81,"female":71,"ages":[8,38,58,48],"density_km2":26645},"geometry":{"type":"Polygon","coordinates":[[[120.302015,22.644054],[120.302384,22.644029],[120.302405,22.644028],[120.302316,22.642778],[120.302315,22.642767],[120.302295,22.642768],[120.301919,22.642795],[120.30192,22.642806],[120.301965,22.643466],[120.301991,22.643769],[120.302015,22.644054]]]}},{"type":"Feature","id":"A6405-0945-00","properties":{"code":"A6405-0945-00","district":"三民區","area_m2":4016.5,"centroid":[120.299074,22.643826],"population":93,"households":44,"male":45,"female":48,"ages":[10,20,28,35],"density_km2":23154},"geometry":{"type":"Polygon","coordinates":[[[120.298477,22.644016],[120.299634,22.643935],[120.299684,22.643931],[120.299659,22.643633],[120.29961,22.643636],[120.298461,22.64373],[120.298477,22.644016]]]}},{"type":"Feature","id":"A6405-0960-00","properties":{"code":"A6405-0960-00","district":"三民區","area_m2":5976.3,"centroid":[120.316833,22.643693],"population":262,"households":109,"male":134,"female":128,"ages":[42,59,110,51],"density_km2":43840},"geometry":{"type":"Polygon","coordinates":[[[120.316507,22.644088],[120.317225,22.644028],[120.317191,22.643604],[120.317163,22.643606],[120.317138,22.643299],[120.316447,22.643342],[120.316507,22.644088]]]}},{"type":"Feature","id":"A6405-0971-00","properties":{"code":"A6405-0971-00","district":"三民區","area_m2":7952.6,"centroid":[120.302633,22.643377],"population":94,"households":44,"male":39,"female":55,"ages":[8,17,42,27],"density_km2":11820},"geometry":{"type":"Polygon","coordinates":[[[120.302405,22.644028],[120.302945,22.643996],[120.302913,22.643845],[120.302907,22.643265],[120.302916,22.642749],[120.302681,22.642744],[120.302315,22.642767],[120.302316,22.642778],[120.302405,22.644028]]]}},{"type":"Feature","id":"A6405-0975-00","properties":{"code":"A6405-0975-00","district":"三民區","area_m2":14700.5,"centroid":[120.303422,22.643313],"population":223,"households":91,"male":120,"female":103,"ages":[33,46,82,62],"density_km2":15170},"geometry":{"type":"Polygon","coordinates":[[[120.302945,22.643996],[120.303939,22.643913],[120.303959,22.643912],[120.303941,22.643699],[120.303911,22.643357],[120.303883,22.643007],[120.303856,22.64267],[120.303853,22.642623],[120.302914,22.64269],[120.302915,22.642702],[120.302917,22.64273],[120.302916,22.642749],[120.302907,22.643265],[120.302913,22.643845],[120.302945,22.643996]]]}},{"type":"Feature","id":"A6405-0952-00","properties":{"code":"A6405-0952-00","district":"三民區","area_m2":4051.3,"centroid":[120.317654,22.643785],"population":188,"households":81,"male":87,"female":101,"ages":[21,50,74,43],"density_km2":46405},"geometry":{"type":"Polygon","coordinates":[[[120.317225,22.644028],[120.31736,22.644017],[120.317937,22.643968],[120.31817,22.643948],[120.318162,22.643837],[120.318009,22.64385],[120.317983,22.643535],[120.317191,22.643604],[120.317225,22.644028]]]}},{"type":"Feature","id":"A6405-0951-00","properties":{"code":"A6405-0951-00","district":"三民區","area_m2":3772.5,"centroid":[120.300228,22.643745],"population":124,"households":51,"male":62,"female":62,"ages":[18,35,35,36],"density_km2":32870},"geometry":{"type":"Polygon","coordinates":[[[120.299684,22.643931],[120.300798,22.643853],[120.300777,22.64356],[120.299659,22.643633],[120.299684,22.643931]]]}},{"type":"Feature","id":"A6405-0962-00","properties":{"code":"A6405-0962-00","district":"三民區","area_m2":7465.3,"centroid":[120.304515,22.643585],"population":165,"households":76,"male":90,"female":75,"ages":[29,24,55,57],"density_km2":22102},"geometry":{"type":"Polygon","coordinates":[[[120.305099,22.643829],[120.305117,22.643835],[120.305096,22.643617],[120.30506,22.643254],[120.303911,22.643357],[120.303941,22.643699],[120.303959,22.643912],[120.305099,22.643829]]]}},{"type":"Feature","id":"A6405-0957-00","properties":{"code":"A6405-0957-00","district":"三民區","area_m2":4061.5,"centroid":[120.301385,22.643661],"population":55,"households":22,"male":29,"female":26,"ages":[13,14,19,9],"density_km2":13542},"geometry":{"type":"Polygon","coordinates":[[[120.300798,22.643853],[120.301991,22.643769],[120.301965,22.643466],[120.300777,22.64356],[120.300798,22.643853]]]}},{"type":"Feature","id":"A6405-0967-00","properties":{"code":"A6405-0967-00","district":"三民區","area_m2":9186.6,"centroid":[120.297866,22.643414],"population":190,"households":97,"male":93,"female":97,"ages":[18,45,77,50],"density_km2":20682},"geometry":{"type":"Polygon","coordinates":[[[120.297327,22.643804],[120.298461,22.64373],[120.298406,22.643035],[120.298405,22.643023],[120.298385,22.643025],[120.29727,22.643096],[120.297271,22.643108],[120.297327,22.643804]]]}},{"type":"Feature","id":"A6405-0966-00","properties":{"code":"A6405-0966-00","district":"三民區","area_m2":7968.7,"centroid":[120.305679,22.643489],"population":153,"households":76,"male":81,"female":72,"ages":[16,40,55,42],"density_km2":19200},"geometry":{"type":"Polygon","coordinates":[[[120.305117,22.643835],[120.306274,22.643736],[120.306295,22.643735],[120.306279,22.643534],[120.306247,22.643141],[120.30506,22.643254],[120.305096,22.643617],[120.305117,22.643835]]]}},{"type":"Feature","id":"A6405-1204-00","properties":{"code":"A6405-1204-00","district":"三民區","area_m2":4125.6,"centroid":[120.298771,22.640577],"population":106,"households":43,"male":47,"female":59,"ages":[12,23,40,31],"density_km2":25693},"geometry":{"type":"Polygon","coordinates":[[[120.298222,22.640782],[120.299331,22.640681],[120.299352,22.64068],[120.299344,22.64038],[120.298198,22.640446],[120.298222,22.640782]]]}},{"type":"Feature","id":"A6405-1236-00","properties":{"code":"A6405-1236-00","district":"三民區","area_m2":15367.0,"centroid":[120.295079,22.640172],"population":243,"households":120,"male":128,"female":115,"ages":[12,38,104,89],"density_km2":15813},"geometry":{"type":"Polygon","coordinates":[[[120.294366,22.640741],[120.295188,22.640691],[120.29583,22.640633],[120.295812,22.640125],[120.295811,22.640018],[120.295793,22.640014],[120.295796,22.639917],[120.295231,22.63975],[120.294849,22.639604],[120.294715,22.639551],[120.294641,22.63951],[120.294552,22.639729],[120.294454,22.63997],[120.294403,22.64018],[120.294355,22.640495],[120.294366,22.640741]]]}},{"type":"Feature","id":"A6405-1224-00","properties":{"code":"A6405-1224-00","district":"三民區","area_m2":7611.5,"centroid":[120.287124,22.640215],"population":137,"households":60,"male":65,"female":72,"ages":[12,33,48,44],"density_km2":17999},"geometry":{"type":"Polygon","coordinates":[[[120.287432,22.640697],[120.287522,22.640463],[120.287668,22.640084],[120.287693,22.64002],[120.286819,22.639732],[120.286555,22.64041],[120.287432,22.640697]]]}},{"type":"Feature","id":"A6405-1230-00","properties":{"code":"A6405-1230-00","district":"三民區","area_m2":11243.1,"centroid":[120.299934,22.640225],"population":201,"households":87,"male":102,"female":99,"ages":[22,35,86,58],"density_km2":17878},"geometry":{"type":"Polygon","coordinates":[[[120.299352,22.64068],[120.300527,22.640614],[120.300548,22.640612],[120.300512,22.640208],[120.300473,22.639764],[120.300174,22.639782],[120.299329,22.639851],[120.299336,22.640077],[120.299344,22.64038],[120.299352,22.64068]]]}},{"type":"Feature","id":"A6405-1216-00","properties":{"code":"A6405-1216-00","district":"三民區","area_m2":5005.6,"centroid":[120.305435,22.640453],"population":129,"households":58,"male":70,"female":59,"ages":[17,22,52,38],"density_km2":25771},"geometry":{"type":"Polygon","coordinates":[[[120.304845,22.640674],[120.306055,22.640596],[120.306009,22.640232],[120.304822,22.640308],[120.304845,22.640674]]]}},{"type":"Feature","id":"A6405-1244-00","properties":{"code":"A6405-1244-00","district":"三民區","area_m2":13912.2,"centroid":[120.290998,22.639999],"population":152,"households":65,"male":80,"female":72,"ages":[27,45,51,29],"density_km2":10926},"geometry":{"type":"Polygon","coordinates":[[[120.291721,22.640602],[120.291727,22.640549],[120.291784,22.640093],[120.291834,22.639781],[120.291847,22.639744],[120.29071,22.639434],[120.290688,22.639431],[120.290512,22.63959],[120.290023,22.640044],[120.290045,22.640054],[120.291721,22.640602]]]}},{"type":"Feature","id":"A6405-1451-00","properties":{"code":"A6405-1451-00","district":"三民區","area_m2":8894.7,"centroid":[120.29866,22.636931],"population":187,"households":114,"male":90,"female":97,"ages":[20,42,79,46],"density_km2":21024},"geometry":{"type":"Polygon","coordinates":[[[120.297957,22.637304],[120.299351,22.637238],[120.299337,22.636982],[120.299376,22.636844],[120.298271,22.636485],[120.298254,22.636524],[120.298207,22.636629],[120.298088,22.636944],[120.297962,22.637281],[120.297957,22.637304]]]}},{"type":"Feature","id":"A6405-1448-00","properties":{"code":"A6405-1448-00","district":"三民區","area_m2":5471.0,"centroid":[120.297403,22.636909],"population":412,"households":274,"male":166,"female":246,"ages":[28,104,201,79],"density_km2":75307},"geometry":{"type":"Polygon","coordinates":[[[120.297962,22.637281],[120.298088,22.636944],[120.296852,22.636535],[120.296788,22.636709],[120.296785,22.636719],[120.296723,22.636889],[120.296745,22.6369],[120.297962,22.637281]]]}},{"type":"Feature","id":"A6402-0509-00","properties":{"code":"A6402-0509-00","district":"鼓山區","area_m2":5614.1,"centroid":[120.283193,22.636711],"population":182,"households":77,"male":99,"female":83,"ages":[19,47,65,51],"density_km2":32418},"geometry":{"type":"Polygon","coordinates":[[[120.283432,22.637172],[120.283523,22.637116],[120.283709,22.637023],[120.283734,22.636875],[120.283794,22.636507],[120.283467,22.63647],[120.28257,22.636346],[120.282548,22.636336],[120.282481,22.636576],[120.282719,22.636632],[120.282711,22.636659],[120.283332,22.636736],[120.283311,22.636877],[120.28326,22.636926],[120.283432,22.637172]]]}},{"type":"Feature","id":"A6405-1455-00","properties":{"code":"A6405-1455-00","district":"三民區","area_m2":6630.5,"centroid":[120.296163,22.636797],"population":314,"households":146,"male":149,"female":165,"ages":[29,86,138,61],"density_km2":47357},"geometry":{"type":"Polygon","coordinates":[[[120.296723,22.636889],[120.296785,22.636719],[120.295854,22.636424],[120.295717,22.63638],[120.295534,22.63685],[120.296615,22.637219],[120.296723,22.636889]]]}},{"type":"Feature","id":"A6405-1470-00","properties":{"code":"A6405-1470-00","district":"三民區","area_m2":15706.5,"centroid":[120.314902,22.636737],"population":134,"households":54,"male":60,"female":74,"ages":[29,30,46,29],"density_km2":8531},"geometry":{"type":"Polygon","coordinates":[[[120.31376,22.637272],[120.313927,22.63726],[120.314494,22.637218],[120.314525,22.637216],[120.315296,22.637159],[120.315988,22.637108],[120.31591,22.636988],[120.315359,22.636118],[120.315313,22.636047],[120.314839,22.636401],[120.314692,22.636488],[120.314056,22.636834],[120.313888,22.63701],[120.313763,22.637097],[120.313748,22.637099],[120.313755,22.637196],[120.31376,22.637272]]]}},{"type":"Feature","id":"A6405-1465-00","properties":{"code":"A6405-1465-00","district":"三民區","area_m2":7803.0,"centroid":[120.289553,22.636623],"population":254,"households":110,"male":126,"female":128,"ages":[21,53,99,81],"density_km2":32552},"geometry":{"type":"Polygon","coordinates":[[[120.289832,22.637145],[120.290138,22.636437],[120.289199,22.636124],[120.288974,22.636719],[120.289757,22.637112],[120.289771,22.637112],[120.289832,22.637145]]]}},{"type":"Feature","id":"A6405-1454-00","properties":{"code":"A6405-1454-00","district":"三民區","area_m2":10644.9,"centroid":[120.304264,22.636853],"population":143,"households":70,"male":65,"female":78,"ages":[16,28,54,45],"density_km2":13434},"geometry":{"type":"Polygon","coordinates":[[[120.303431,22.637182],[120.304418,22.637115],[120.305152,22.637066],[120.305152,22.637062],[120.305086,22.636583],[120.305085,22.636522],[120.30338,22.63664],[120.30339,22.636753],[120.303431,22.637182]]]}},{"type":"Feature","id":"A6406-0078-00","properties":{"code":"A6406-0078-00","district":"新興區","area_m2":5633.0,"centroid":[120.309847,22.633449],"population":317,"households":129,"male":168,"female":149,"ages":[69,66,120,62],"density_km2":56275},"geometry":{"type":"Polygon","coordinates":[[[120.309223,22.633686],[120.310502,22.633601],[120.310493,22.633488],[120.31047,22.633209],[120.309186,22.633311],[120.309223,22.633686]]]}},{"type":"Feature","id":"A6406-0086-00","properties":{"code":"A6406-0086-00","district":"新興區","area_m2":9277.1,"centroid":[120.298854,22.633118],"population":319,"households":156,"male":160,"female":159,"ages":[26,89,133,71],"density_km2":34386},"geometry":{"type":"Polygon","coordinates":[[[120.298155,22.633217],[120.298246,22.633249],[120.299327,22.633619],[120.299574,22.633006],[120.298478,22.632659],[120.298391,22.632632],[120.298369,22.632621],[120.298133,22.633207],[120.298155,22.633217]]]}},{"type":"Feature","id":"A6406-0082-00","properties":{"code":"A6406-0082-00","district":"新興區","area_m2":6885.2,"centroid":[120.316131,22.633377],"population":315,"households":176,"male":148,"female":167,"ages":[65,79,121,50],"density_km2":45751},"geometry":{"type":"Polygon","coordinates":[[[120.315508,22.633663],[120.316648,22.633589],[120.316678,22.633588],[120.316672,22.633524],[120.316824,22.633096],[120.315474,22.633177],[120.315508,22.633663]]]}},{"type":"Feature","id":"A6406-0081-00","properties":{"code":"A6406-0081-00","district":"新興區","area_m2":5935.1,"centroid":[120.311156,22.633365],"population":140,"households":59,"male":62,"female":78,"ages":[19,30,49,42],"density_km2":23589},"geometry":{"type":"Polygon","coordinates":[[[120.310502,22.633601],[120.310522,22.6336],[120.311845,22.633512],[120.311813,22.633132],[120.31049,22.633208],[120.31047,22.633209],[120.310493,22.633488],[120.310502,22.633601]]]}},{"type":"Feature","id":"A6406-0085-00","properties":{"code":"A6406-0085-00","district":"新興區","area_m2":6492.8,"centroid":[120.300434,22.633127],"population":144,"households":71,"male":66,"female":78,"ages":[15,42,52,35],"density_km2":22178},"geometry":{"type":"Polygon","coordinates":[[[120.301169,22.633556],[120.301287,22.63323],[120.299694,22.6327],[120.299574,22.633006],[120.299595,22.633016],[120.301169,22.633556]]]}},{"type":"Feature","id":"A6407-0018-00","properties":{"code":"A6407-0018-00","district":"前金區","area_m2":5070.3,"centroid":[120.294938,22.633155],"population":38,"households":22,"male":16,"female":22,"ages":[2,6,17,13],"density_km2":7495},"geometry":{"type":"Polygon","coordinates":[[[120.294887,22.633377],[120.295324,22.633516],[120.295488,22.633097],[120.295466,22.633087],[120.294555,22.632794],[120.294387,22.633219],[120.294887,22.633377]]]}},{"type":"Feature","id":"A6407-0020-00","properties":{"code":"A6407-0020-00","district":"前金區","area_m2":4619.9,"centroid":[120.297471,22.633156],"population":213,"households":94,"male":102,"female":111,"ages":[18,48,75,72],"density_km2":46105},"geometry":{"type":"Polygon","coordinates":[[[120.298022,22.633507],[120.298043,22.633448],[120.298133,22.633207],[120.296921,22.632806],[120.296807,22.633099],[120.298022,22.633507]]]}},{"type":"Feature","id":"A6407-0021-00","properties":{"code":"A6407-0021-00","district":"前金區","area_m2":10231.2,"centroid":[120.296205,22.632958],"population":107,"households":58,"male":46,"female":61,"ages":[7,21,41,38],"density_km2":10458},"geometry":{"type":"Polygon","coordinates":[[[120.29663,22.633486],[120.29665,22.6335],[120.296807,22.633099],[120.296921,22.632806],[120.295756,22.632421],[120.295488,22.633097],[120.29663,22.633486]]]}},{"type":"Feature","id":"A6406-0084-00","properties":{"code":"A6406-0084-00","district":"新興區","area_m2":6910.6,"centroid":[120.312624,22.63327],"population":163,"households":67,"male":73,"female":90,"ages":[34,28,49,52],"density_km2":23587},"geometry":{"type":"Polygon","coordinates":[[[120.311845,22.633512],[120.313434,22.633407],[120.313428,22.633346],[120.313425,22.633301],[120.313408,22.633028],[120.311813,22.633132],[120.311845,22.633512]]]}},{"type":"Feature","id":"A6408-0064-00","properties":{"code":"A6408-0064-00","district":"苓雅區","area_m2":6321.6,"centroid":[120.31755,22.633104],"population":228,"households":103,"male":115,"female":113,"ages":[46,36,86,60],"density_km2":36067},"geometry":{"type":"Polygon","coordinates":[[[120.318305,22.633179],[120.318333,22.633156],[120.317519,22.632892],[120.31696,22.632712],[120.316956,22.632721],[120.316946,22.632749],[120.316824,22.633096],[120.317913,22.633485],[120.318305,22.633179]]]}},{"type":"Feature","id":"A6401-0007-00","properties":{"code":"A6401-0007-00","district":"鹽埕區","area_m2":17563.1,"centroid":[120.285255,22.632193],"population":93,"households":48,"male":51,"female":42,"ages":[13,15,32,33],"density_km2":5295},"geometry":{"type":"Polygon","coordinates":[[[120.28538,22.633339],[120.285426,22.633166],[120.285533,22.632828],[120.285937,22.631708],[120.286026,22.63146],[120.28537,22.631255],[120.285159,22.631786],[120.284969,22.631462],[120.284437,22.631696],[120.284445,22.631712],[120.284976,22.632636],[120.28538,22.633339]]]}},{"type":"Feature","id":"A6407-0022-00","properties":{"code":"A6407-0022-00","district":"前金區","area_m2":15865.5,"centroid":[120.293431,22.632778],"population":210,"households":108,"male":109,"female":101,"ages":[17,42,93,58],"density_km2":13236},"geometry":{"type":"Polygon","coordinates":[[[120.293508,22.633267],[120.293797,22.633364],[120.293914,22.63306],[120.294387,22.633219],[120.294555,22.632794],[120.2938,22.632539],[120.293778,22.632529],[120.292662,22.632166],[120.292508,22.632555],[120.292497,22.632581],[120.292388,22.632859],[120.292379,22.632882],[120.292401,22.632893],[120.293508,22.633267]]]}},{"type":"Feature","id":"A6401-0021-00","properties":{"code":"A6401-0021-00","district":"鹽埕區","area_m2":11190.4,"centroid":[120.286073,22.629561],"population":19,"households":10,"male":10,"female":9,"ages":[1,10,7,1],"density_km2":1698},"geometry":{"type":"Polygon","coordinates":[[[120.286561,22.630117],[120.28657,22.63009],[120.286619,22.629973],[120.286783,22.629587],[120.286808,22.629544],[120.286846,22.629463],[120.286851,22.629452],[120.28598,22.629146],[120.285559,22.628999],[120.285521,22.629106],[120.285506,22.62915],[120.285312,22.629711],[120.285766,22.62986],[120.286018,22.629929],[120.286561,22.630117]]]}},{"type":"Feature","id":"A6401-0022-00","properties":{"code":"A6401-0022-00","district":"鹽埕區","area_m2":8970.1,"centroid":[120.282787,22.62942],"population":107,"households":55,"male":54,"female":53,"ages":[5,24,41,37],"density_km2":11929},"geometry":{"type":"Polygon","coordinates":[[[120.28272,22.630059],[120.282733,22.630053],[120.283366,22.629757],[120.28287,22.628801],[120.282861,22.628784],[120.282848,22.62879],[120.282206,22.629076],[120.282711,22.630043],[120.28272,22.630059]]]}},{"type":"Feature","id":"A6406-0158-00","properties":{"code":"A6406-0158-00","district":"新興區","area_m2":7133.7,"centroid":[120.303685,22.629896],"population":181,"households":86,"male":87,"female":94,"ages":[17,35,62,67],"density_km2":25373},"geometry":{"type":"Polygon","coordinates":[[[120.302832,22.630138],[120.304556,22.630019],[120.304533,22.629653],[120.302812,22.629779],[120.302832,22.630138]]]}},{"type":"Feature","id":"A6406-0160-00","properties":{"code":"A6406-0160-00","district":"新興區","area_m2":6543.3,"centroid":[120.310889,22.629895],"population":304,"households":121,"male":165,"female":139,"ages":[78,53,102,71],"density_km2":46460},"geometry":{"type":"Polygon","coordinates":[[[120.310268,22.630163],[120.311543,22.63008],[120.311504,22.629622],[120.310232,22.629724],[120.310268,22.630163]]]}},{"type":"Feature","id":"A6406-0164-00","properties":{"code":"A6406-0164-00","district":"新興區","area_m2":8580.3,"centroid":[120.30131,22.62958],"population":128,"households":65,"male":59,"female":69,"ages":[10,23,48,47],"density_km2":14918},"geometry":{"type":"Polygon","coordinates":[[[120.301787,22.63],[120.301766,22.629815],[120.301688,22.629124],[120.3015,22.62911],[120.301147,22.629037],[120.300958,22.629494],[120.30078,22.629927],[120.301162,22.630064],[120.301199,22.630074],[120.301789,22.630014],[120.301787,22.63]]]}},{"type":"Feature","id":"A6407-0066-00","properties":{"code":"A6407-0066-00","district":"前金區","area_m2":7859.2,"centroid":[120.297507,22.629598],"population":143,"households":74,"male":58,"female":85,"ages":[13,42,50,38],"density_km2":18195},"geometry":{"type":"Polygon","coordinates":[[[120.297945,22.630045],[120.297966,22.630056],[120.298202,22.629537],[120.297013,22.629141],[120.296981,22.629228],[120.29682,22.629663],[120.297945,22.630045]]]}},{"type":"Feature","id":"A6408-0169-00","properties":{"code":"A6408-0169-00","district":"苓雅區","area_m2":24188.8,"centroid":[120.319505,22.629582],"population":0,"households":0,"male":0,"female":0,"ages":[0,0,0,0],"density_km2":0},"geometry":{"type":"Polygon","coordinates":[[[120.317981,22.630123],[120.31807,22.630117],[120.318318,22.630102],[120.318407,22.630096],[120.318627,22.63008],[120.318649,22.630079],[120.319595,22.630018],[120.319676,22.630013],[120.319696,22.630013],[120.319879,22.630021],[120.319902,22.630022],[120.320499,22.629997],[120.321392,22.629927],[120.321323,22.629899],[120.320188,22.629447],[120.320076,22.629411],[120.319936,22.629365],[120.318498,22.628916],[120.318471,22.628907],[120.318023,22.629998],[120.317981,22.630123]]]}},{"type":"Feature","id":"A6406-0163-00","properties":{"code":"A6406-0163-00","district":"新興區","area_m2":8907.3,"centroid":[120.312381,22.629792],"population":285,"households":124,"male":130,"female":155,"ages":[70,53,104,58],"density_km2":31996},"geometry":{"type":"Polygon","coordinates":[[[120.311543,22.63008],[120.312324,22.630027],[120.312971,22.629983],[120.31318,22.629972],[120.313218,22.62997],[120.313216,22.629938],[120.313207,22.629823],[120.313207,22.629721],[120.313211,22.629705],[120.313229,22.629624],[120.313276,22.629503],[120.312949,22.629525],[120.311504,22.629622],[120.311543,22.63008]]]}},{"type":"Feature","id":"A6408-0164-00","properties":{"code":"A6408-0164-00","district":"苓雅區","area_m2":5688.5,"centroid":[120.313658,22.629684],"population":104,"households":51,"male":46,"female":58,"ages":[24,17,42,21],"density_km2":18283},"geometry":{"type":"Polygon","coordinates":[[[120.313218,22.62997],[120.313223,22.630023],[120.314076,22.629961],[120.314048,22.629646],[120.314145,22.62939],[120.31398,22.629341],[120.31392,22.629499],[120.313348,22.629316],[120.313276,22.629503],[120.313229,22.629624],[120.313211,22.629705],[120.313207,22.629721],[120.313207,22.629823],[120.313216,22.629938],[120.313218,22.62997]]]}},{"type":"Feature","id":"A6406-0165-00","properties":{"code":"A6406-0165-00","district":"新興區","area_m2":6783.1,"centroid":[120.300267,22.629507],"population":190,"households":80,"male":93,"female":97,"ages":[17,43,76,54],"density_km2":28011},"geometry":{"type":"Polygon","coordinates":[[[120.299601,22.629532],[120.299661,22.629552],[120.30078,22.629927],[120.300958,22.629494],[120.3004,22.629306],[120.299747,22.629086],[120.29958,22.629522],[120.299601,22.629532]]]}},{"type":"Feature","id":"A6407-0067-00","properties":{"code":"A6407-0067-00","district":"前金區","area_m2":6133.7,"centroid":[120.298895,22.629511],"population":202,"households":110,"male":93,"female":109,"ages":[13,48,81,60],"density_km2":32933},"geometry":{"type":"Polygon","coordinates":[[[120.299421,22.629912],[120.29958,22.629522],[120.29835,22.629109],[120.298217,22.629507],[120.299421,22.629912]]]}},{"type":"Feature","id":"A6407-0068-00","properties":{"code":"A6407-0068-00","district":"前金區","area_m2":5927.2,"centroid":[120.294326,22.629485],"population":64,"households":27,"male":27,"female":37,"ages":[6,16,18,24],"density_km2":10798},"geometry":{"type":"Polygon","coordinates":[[[120.29368,22.629483],[120.293702,22.629493],[120.294814,22.629889],[120.294971,22.629483],[120.293864,22.629092],[120.293843,22.629081],[120.29368,22.629483]]]}},{"type":"Feature","id":"A6402-0552-00","properties":{"code":"A6402-0552-00","district":"鼓山區","area_m2":17219.3,"centroid":[120.277191,22.625207],"population":155,"households":87,"male":85,"female":70,"ages":[17,32,65,41],"density_km2":9002},"geometry":{"type":"Polygon","coordinates":[[[120.276996,22.626073],[120.277689,22.625685],[120.278028,22.625495],[120.277999,22.625452],[120.277506,22.624719],[120.277408,22.624581],[120.277351,22.624467],[120.277283,22.624327],[120.277277,22.624311],[120.277179,22.624354],[120.277086,22.624381],[120.277015,22.624392],[120.276943,22.624384],[120.276842,22.624341],[120.276765,22.624287],[120.276932,22.624563],[120.277035,22.624708],[120.276549,22.624987],[120.276388,22.62499],[120.276383,22.62517],[120.276996,22.626073]]]}},{"type":"Feature","id":"A6408-0257-00","properties":{"code":"A6408-0257-00","district":"苓雅區","area_m2":14459.0,"centroid":[120.31208,22.625477],"population":473,"households":194,"male":218,"female":255,"ages":[107,92,182,92],"density_km2":32713},"geometry":{"type":"Polygon","coordinates":[[[120.312675,22.62611],[120.312806,22.625776],[120.312971,22.625353],[120.312939,22.625339],[120.31292,22.625333],[120.311474,22.624847],[120.311344,22.625184],[120.311313,22.625265],[120.311204,22.625548],[120.311188,22.62559],[120.311238,22.625607],[120.312675,22.62611]]]}},{"type":"Feature","id":"A6406-0227-00","properties":{"code":"A6406-0227-00","district":"新興區","area_m2":5471.3,"centroid":[120.306643,22.625661],"population":144,"households":61,"male":75,"female":69,"ages":[11,30,57,46],"density_km2":26319},"geometry":{"type":"Polygon","coordinates":[[[120.307198,22.626049],[120.307336,22.625704],[120.306071,22.625275],[120.305946,22.625602],[120.307198,22.626049]]]}},{"type":"Feature","id":"A6401-0066-00","properties":{"code":"A6401-0066-00","district":"鹽埕區","area_m2":7604.5,"centroid":[120.28134,22.625311],"population":94,"households":39,"male":40,"female":54,"ages":[9,21,32,32],"density_km2":12361},"geometry":{"type":"Polygon","coordinates":[[[120.28131,22.625918],[120.281867,22.62564],[120.281883,22.625639],[120.281359,22.624718],[120.28135,22.624701],[120.281337,22.624707],[120.280827,22.624974],[120.280803,22.624987],[120.280813,22.625004],[120.28131,22.625918]]]}},{"type":"Feature","id":"A6402-0554-00","properties":{"code":"A6402-0554-00","district":"鼓山區","area_m2":16092.4,"centroid":[120.272393,22.625014],"population":113,"households":54,"male":67,"female":46,"ages":[8,20,57,28],"density_km2":7022},"geometry":{"type":"Polygon","coordinates":[[[120.271456,22.624959],[120.271466,22.624974],[120.27147,22.625028],[120.271534,22.625127],[120.271582,22.625101],[120.271601,22.625134],[120.271613,22.625145],[120.271663,22.625226],[120.271703,22.625239],[120.271742,22.625307],[120.271679,22.625347],[120.271752,22.62544],[120.27179,22.625542],[120.271842,22.625617],[120.271905,22.625653],[120.272072,22.625865],[120.27219,22.625765],[120.272259,22.625584],[120.272333,22.625481],[120.272439,22.625416],[120.272647,22.625336],[120.272826,22.62524],[120.272964,22.625121],[120.273272,22.624821],[120.273383,22.624619],[120.273267,22.624647],[120.273197,22.624645],[120.273086,22.62457],[120.272985,22.624545],[120.272929,22.624543],[120.272783,22.624325],[120.272883,22.624276],[120.272837,22.624209],[120.272772,22.624245],[120.271456,22.624959]]]}},{"type":"Feature","id":"A6402-0553-00","properties":{"code":"A6402-0553-00","district":"鼓山區","area_m2":19393.4,"centroid":[120.269182,22.625104],"population":274,"households":106,"male":139,"female":135,"ages":[23,63,124,64],"density_km2":14128},"geometry":{"type":"Polygon","coordinates":[[[120.270037,22.625819],[120.270287,22.625059],[120.270164,22.625021],[120.269899,22.624864],[120.269872,22.624839],[120.269678,22.624658],[120.269663,22.624645],[120.269464,22.624429],[120.267933,22.624891],[120.267962,22.625061],[120.270037,22.625819]]]}},{"type":"Feature","id":"A6408-0262-00","properties":{"code":"A6408-0262-00","district":"苓雅區","area_m2":6356.9,"centroid":[120.31644,22.625348],"population":326,"households":124,"male":149,"female":177,"ages":[109,57,114,46],"density_km2":51283},"geometry":{"type":"Polygon","coordinates":[[[120.315998,22.625808],[120.31646,22.625955],[120.316884,22.6249],[120.316415,22.62474],[120.315998,22.625808]]]}},{"type":"Feature","id":"A6408-0258-00","properties":{"code":"A6408-0258-00","district":"苓雅區","area_m2":3707.1,"centroid":[120.314734,22.625446],"population":247,"households":106,"male":109,"female":138,"ages":[57,47,75,68],"density_km2":66628},"geometry":{"type":"Polygon","coordinates":[[[120.3144,22.625831],[120.314732,22.625937],[120.314914,22.625461],[120.315067,22.62506],[120.31474,22.624953],[120.3144,22.625831]]]}},{"type":"Feature","id":"A6401-0067-00","properties":{"code":"A6401-0067-00","district":"鹽埕區","area_m2":9818.8,"centroid":[120.284161,22.625139],"population":203,"households":96,"male":101,"female":102,"ages":[18,42,75,68],"density_km2":20675},"geometry":{"type":"Polygon","coordinates":[[[120.284041,22.625775],[120.284787,22.625436],[120.284266,22.624498],[120.283537,22.624856],[120.284041,22.625775]]]}},{"type":"Feature","id":"A6406-0228-00","properties":{"code":"A6406-0228-00","district":"新興區","area_m2":4568.1,"centroid":[120.302395,22.625554],"population":45,"households":18,"male":21,"female":24,"ages":[3,9,22,11],"density_km2":9851},"geometry":{"type":"Polygon","coordinates":[[[120.302786,22.625768],[120.302811,22.625262],[120.301968,22.625344],[120.302055,22.625851],[120.302786,22.625768]]]}},{"type":"Feature","id":"A6407-0095-00","properties":{"code":"A6407-0095-00","district":"前金區","area_m2":7978.8,"centroid":[120.297026,22.625318],"population":78,"households":32,"male":33,"female":45,"ages":[11,14,38,15],"density_km2":9776},"geometry":{"type":"Polygon","coordinates":[[[120.297279,22.625828],[120.297583,22.62506],[120.297139,22.624919],[120.296782,22.624805],[120.296467,22.625594],[120.296688,22.625656],[120.296812,22.62569],[120.297178,22.625792],[120.297279,22.625828]]]}},{"type":"Feature","id":"A6401-0110-00","properties":{"code":"A6401-0110-00","district":"鹽埕區","area_m2":5697.2,"centroid":[120.281526,22.621579],"population":210,"households":86,"male":101,"female":109,"ages":[29,56,80,45],"density_km2":36860},"geometry":{"type":"Polygon","coordinates":[[[120.281589,22.622162],[120.281996,22.621957],[120.281476,22.621016],[120.281466,22.620999],[120.281454,22.621005],[120.281055,22.621192],[120.281589,22.622162]]]}},{"type":"Feature","id":"A6408-0379-00","properties":{"code":"A6408-0379-00","district":"苓雅區","area_m2":8354.9,"centroid":[120.309187,22.621468],"population":148,"households":64,"male":77,"female":71,"ages":[19,31,57,41],"density_km2":17714},"geometry":{"type":"Polygon","coordinates":[[[120.309093,22.622268],[120.309129,22.622279],[120.309212,22.62206],[120.309202,22.622051],[120.309684,22.620804],[120.30961,22.620777],[120.309264,22.620656],[120.309093,22.621054],[120.308934,22.621425],[120.308796,22.621802],[120.308773,22.621866],[120.308703,22.622134],[120.308996,22.622239],[120.309036,22.622251],[120.309093,22.622268]]]}},{"type":"Feature","id":"A6407-0130-00","properties":{"code":"A6407-0130-00","district":"前金區","area_m2":3399.1,"centroid":[120.300772,22.621779],"population":49,"households":26,"male":26,"female":23,"ages":[4,11,17,17],"density_km2":14416},"geometry":{"type":"Polygon","coordinates":[[[120.300452,22.622129],[120.300775,22.622241],[120.301092,22.621429],[120.300765,22.621318],[120.300452,22.622129]]]}},{"type":"Feature","id":"A6402-0583-00","properties":{"code":"A6402-0583-00","district":"鼓山區","area_m2":9862.9,"centroid":[120.271444,22.621442],"population":225,"households":90,"male":105,"female":120,"ages":[14,47,92,72],"density_km2":22813},"geometry":{"type":"Polygon","coordinates":[[[120.271413,22.622102],[120.27175,22.621905],[120.272046,22.621732],[120.272088,22.621706],[120.271467,22.62078],[120.271418,22.620808],[120.271128,22.620987],[120.270801,22.621189],[120.271413,22.622102]]]}},{"type":"Feature","id":"A6401-0108-00","properties":{"code":"A6401-0108-00","district":"鹽埕區","area_m2":5559.3,"centroid":[120.28325,22.621694],"population":24,"households":12,"male":13,"female":11,"ages":[1,5,9,9],"density_km2":4317},"geometry":{"type":"Polygon","coordinates":[[[120.283006,22.622135],[120.28376,22.621779],[120.283478,22.62125],[120.282756,22.621608],[120.282743,22.621614],[120.282969,22.622062],[120.283006,22.622135]]]}},{"type":"Feature","id":"A6408-0367-00","properties":{"code":"A6408-0367-00","district":"苓雅區","area_m2":8612.2,"centroid":[120.314939,22.621762],"population":325,"households":141,"male":160,"female":165,"ages":[86,69,86,84],"density_km2":37737},"geometry":{"type":"Polygon","coordinates":[[[120.315357,22.622258],[120.315471,22.621956],[120.315594,22.621627],[120.314532,22.621269],[120.31428,22.621887],[120.315357,22.622258]]]}},{"type":"Feature","id":"A6401-0112-00","properties":{"code":"A6401-0112-00","district":"鹽埕區","area_m2":9919.9,"centroid":[120.286678,22.621467],"population":176,"households":87,"male":83,"female":93,"ages":[9,45,60,62],"density_km2":17742},"geometry":{"type":"Polygon","coordinates":[[[120.286558,22.622115],[120.287286,22.621754],[120.287299,22.621747],[120.2868,22.620823],[120.286056,22.621174],[120.286558,22.622115]]]}},{"type":"Feature","id":"A6406-0270-00","properties":{"code":"A6406-0270-00","district":"新興區","area_m2":7724.6,"centroid":[120.306721,22.621759],"population":130,"households":66,"male":54,"female":76,"ages":[12,27,48,43],"density_km2":16829},"geometry":{"type":"Polygon","coordinates":[[[120.307271,22.622202],[120.307281,22.622175],[120.307432,22.621794],[120.307443,22.621763],[120.307454,22.621733],[120.307379,22.621701],[120.306211,22.621331],[120.306188,22.621316],[120.306013,22.621689],[120.305982,22.621778],[120.307271,22.622202]]]}},{"type":"Feature","id":"A6401-0104-00","properties":{"code":"A6401-0104-00","district":"鹽埕區","area_m2":2327.8,"centroid":[120.279372,22.621789],"population":153,"households":86,"male":64,"female":89,"ages":[29,28,70,26],"density_km2":65729},"geometry":{"type":"Polygon","coordinates":[[[120.279216,22.622077],[120.279242,22.622057],[120.279698,22.621828],[120.279711,22.621821],[120.279536,22.621508],[120.279034,22.621737],[120.279216,22.622077]]]}},{"type":"Feature","id":"A6406-0272-00","properties":{"code":"A6406-0272-00","district":"新興區","area_m2":16882.1,"centroid":[120.305211,22.62146],"population":199,"households":99,"male":93,"female":106,"ages":[24,34,90,51],"density_km2":11788},"geometry":{"type":"Polygon","coordinates":[[[120.305856,22.622135],[120.305865,22.622111],[120.305982,22.621778],[120.306013,22.621689],[120.306188,22.621316],[120.304562,22.620788],[120.304549,22.62082],[120.304405,22.62118],[120.304382,22.621237],[120.304239,22.621594],[120.305856,22.622135]]]}},{"type":"Feature","id":"A6408-0566-00","properties":{"code":"A6408-0566-00","district":"苓雅區","area_m2":8798.6,"centroid":[120.301904,22.617223],"population":231,"households":116,"male":106,"female":125,"ages":[29,49,93,60],"density_km2":26254},"geometry":{"type":"Polygon","coordinates":[[[120.301287,22.61794],[120.301646,22.618064],[120.302029,22.617061],[120.302377,22.617175],[120.302562,22.616697],[120.302548,22.616692],[120.302526,22.616683],[120.302404,22.616646],[120.302215,22.616585],[120.301963,22.616504],[120.301867,22.616475],[120.301287,22.61794]]]}},{"type":"Feature","id":"A6408-0556-00","properties":{"code":"A6408-0556-00","district":"苓雅區","area_m2":8622.6,"centroid":[120.295451,22.617531],"population":158,"households":87,"male":86,"female":72,"ages":[12,30,65,51],"density_km2":18324},"geometry":{"type":"Polygon","coordinates":[[[120.296216,22.61801],[120.296373,22.617613],[120.294687,22.617052],[120.294531,22.61745],[120.296216,22.61801]]]}},{"type":"Feature","id":"A6408-0559-00","properties":{"code":"A6408-0559-00","district":"苓雅區","area_m2":4592.0,"centroid":[120.311597,22.617564],"population":92,"households":40,"male":49,"female":43,"ages":[9,18,33,32],"density_km2":20035},"geometry":{"type":"Polygon","coordinates":[[[120.311226,22.617933],[120.311637,22.61807],[120.311966,22.61722],[120.311791,22.617161],[120.311806,22.617127],[120.311568,22.617052],[120.311226,22.617933]]]}},{"type":"Feature","id":"A6408-0558-00","properties":{"code":"A6408-0558-00","district":"苓雅區","area_m2":8999.2,"centroid":[120.3084,22.617537],"population":224,"households":97,"male":109,"female":115,"ages":[19,57,76,72],"density_km2":24891},"geometry":{"type":"Polygon","coordinates":[[[120.308862,22.618025],[120.308984,22.617708],[120.309148,22.617279],[120.308565,22.617077],[120.308429,22.617424],[120.30769,22.617178],[120.30767,22.617231],[120.30757,22.617506],[120.30764,22.617536],[120.307764,22.617611],[120.308862,22.618025]]]}},{"type":"Feature","id":"A6408-0551-00","properties":{"code":"A6408-0551-00","district":"苓雅區","area_m2":3782.5,"centroid":[120.294124,22.617605],"population":116,"households":75,"male":58,"female":58,"ages":[6,20,58,32],"density_km2":30667},"geometry":{"type":"Polygon","coordinates":[[[120.294311,22.617946],[120.294323,22.617917],[120.294531,22.61745],[120.294508,22.61744],[120.293931,22.617269],[120.293716,22.617745],[120.294311,22.617946]]]}},{"type":"Feature","id":"A6408-0560-00","properties":{"code":"A6408-0560-00","district":"苓雅區","area_m2":8015.7,"centroid":[120.313247,22.61755],"population":225,"households":110,"male":109,"female":116,"ages":[19,42,91,73],"density_km2":28070},"geometry":{"type":"Polygon","coordinates":[[[120.314071,22.618021],[120.314089,22.617973],[120.314206,22.617694],[120.314211,22.617682],[120.314214,22.617675],[120.312422,22.617079],[120.312279,22.617424],[120.314071,22.618021]]]}},{"type":"Feature","id":"A6408-0562-00","properties":{"code":"A6408-0562-00","district":"苓雅區","area_m2":6968.7,"centroid":[120.318396,22.617512],"population":96,"households":55,"male":55,"female":41,"ages":[9,15,44,28],"density_km2":13776},"geometry":{"type":"Polygon","coordinates":[[[120.317895,22.617772],[120.318626,22.618015],[120.318632,22.617978],[120.318889,22.617217],[120.318703,22.617169],[120.318275,22.61704],[120.318195,22.617013],[120.318112,22.617222],[120.317904,22.617748],[120.317895,22.617772]]]}},{"type":"Feature","id":"A6408-0577-00","properties":{"code":"A6408-0577-00","district":"苓雅區","area_m2":17869.6,"centroid":[120.301107,22.617047],"population":229,"households":108,"male":118,"female":111,"ages":[17,56,94,62],"density_km2":12815},"geometry":{"type":"Polygon","coordinates":[[[120.300434,22.617657],[120.301287,22.61794],[120.301867,22.616475],[120.301845,22.616465],[120.30173,22.616426],[120.301089,22.616209],[120.300921,22.616154],[120.300827,22.616389],[120.30035,22.617629],[120.300434,22.617657]]]}},{"type":"Feature","id":"A6408-0581-00","properties":{"code":"A6408-0581-00","district":"苓雅區","area_m2":10488.4,"centroid":[120.311307,22.61698],"population":337,"households":166,"male":148,"female":189,"ages":[32,87,136,82],"density_km2":32131},"geometry":{"type":"Polygon","coordinates":[[[120.310813,22.617795],[120.311226,22.617933],[120.311568,22.617052],[120.311838,22.616359],[120.311811,22.616352],[120.311738,22.616332],[120.311404,22.616224],[120.311383,22.616217],[120.311278,22.616182],[120.311053,22.616105],[120.310878,22.616564],[120.311243,22.616686],[120.310813,22.617795]]]}},{"type":"Feature","id":"A6409-0004-00","properties":{"code":"A6409-0004-00","district":"前鎮區","area_m2":7073.6,"centroid":[120.317339,22.617283],"population":188,"households":90,"male":95,"female":93,"ages":[25,45,70,48],"density_km2":26578},"geometry":{"type":"Polygon","coordinates":[[[120.317516,22.617854],[120.317536,22.617854],[120.317825,22.617954],[120.317881,22.617809],[120.317895,22.617772],[120.317904,22.617748],[120.318112,22.617222],[120.317804,22.617119],[120.316539,22.616695],[120.316439,22.616954],[120.3177,22.617371],[120.317516,22.617854]]]}},{"type":"Feature","id":"A6408-0570-00","properties":{"code":"A6408-0570-00","district":"苓雅區","area_m2":17116.4,"centroid":[120.297521,22.617147],"population":274,"households":129,"male":137,"female":137,"ages":[31,51,111,81],"density_km2":16008},"geometry":{"type":"Polygon","coordinates":[[[120.29707,22.617436],[120.298223,22.61782],[120.298526,22.61704],[120.298505,22.61703],[120.297516,22.616708],[120.297292,22.616635],[120.296804,22.616476],[120.296517,22.617248],[120.296539,22.617259],[120.29707,22.617436]]]}},{"type":"Feature","id":"A6409-0003-00","properties":{"code":"A6409-0003-00","district":"前鎮區","area_m2":8147.7,"centroid":[120.316971,22.61741],"population":281,"households":127,"male":148,"female":133,"ages":[39,56,120,66],"density_km2":34488},"geometry":{"type":"Polygon","coordinates":[[[120.316243,22.617459],[120.317461,22.617856],[120.317516,22.617854],[120.3177,22.617371],[120.316439,22.616954],[120.316318,22.617266],[120.316243,22.617459]]]}},{"type":"Feature","id":"A6408-0572-00","properties":{"code":"A6408-0572-00","district":"苓雅區","area_m2":5190.7,"centroid":[120.310846,22.61718],"population":131,"households":61,"male":59,"female":72,"ages":[8,31,58,34],"density_km2":25237},"geometry":{"type":"Polygon","coordinates":[[[120.310449,22.617674],[120.310813,22.617795],[120.311243,22.616686],[120.310878,22.616564],[120.310864,22.616602],[120.310721,22.616973],[120.310594,22.617301],[120.310449,22.617674]]]}},{"type":"Feature","id":"A6405-0514-00","properties":{"code":"A6405-0514-00","district":"三民區","area_m2":9247.2,"centroid":[120.31742,22.650578],"population":457,"households":224,"male":212,"female":245,"ages":[52,125,193,87],"density_km2":49420},"geometry":{"type":"Polygon","coordinates":[[[120.317373,22.651345],[120.317387,22.651338],[120.317623,22.651209],[120.317871,22.651074],[120.317557,22.650353],[120.317664,22.650275],[120.317877,22.650192],[120.317685,22.649831],[120.317338,22.649979],[120.317196,22.650086],[120.316949,22.650222],[120.316959,22.650255],[120.317121,22.650807],[120.317153,22.650903],[120.317161,22.65092],[120.317366,22.651327],[120.317373,22.651345]]]}},{"type":"Feature","id":"A6402-0432-00","properties":{"code":"A6402-0432-00","district":"鼓山區","area_m2":10380.4,"centroid":[120.275785,22.650479],"population":245,"households":106,"male":114,"female":131,"ages":[34,40,120,51],"density_km2":23602},"geometry":{"type":"Polygon","coordinates":[[[120.276387,22.651067],[120.276398,22.651025],[120.2764,22.651016],[120.276578,22.650222],[120.275917,22.650085],[120.275872,22.650295],[120.275814,22.650335],[120.275478,22.650264],[120.275519,22.650051],[120.275063,22.649953],[120.27503,22.650127],[120.274946,22.650499],[120.274937,22.650536],[120.276166,22.650772],[120.276107,22.651023],[120.276387,22.651067]]]}},{"type":"Feature","id":"A6405-0710-00","properties":{"code":"A6405-0710-00","district":"三民區","area_m2":3966.9,"centroid":[120.317378,22.647225],"population":781,"households":328,"male":362,"female":419,"ages":[159,188,366,68],"density_km2":196881},"geometry":{"type":"Polygon","coordinates":[[[120.317681,22.647635],[120.317694,22.647519],[120.317757,22.646975],[120.317025,22.646889],[120.316938,22.647204],[120.317433,22.647312],[120.3174,22.647445],[120.317462,22.647458],[120.317444,22.647595],[120.317681,22.647635]]]}},{"type":"Feature","id":"A6405-0708-00","properties":{"code":"A6405-0708-00","district":"三民區","area_m2":4042.5,"centroid":[120.318047,22.647279],"population":381,"households":171,"male":169,"female":212,"ages":[59,102,165,55],"density_km2":94248},"geometry":{"type":"Polygon","coordinates":[[[120.317694,22.647519],[120.318335,22.647585],[120.318366,22.647318],[120.318399,22.647034],[120.31837,22.647031],[120.317757,22.646975],[120.317694,22.647519]]]}},{"type":"Feature","id":"A6402-0472-00","properties":{"code":"A6402-0472-00","district":"鼓山區","area_m2":12914.6,"centroid":[120.277863,22.646694],"population":213,"households":85,"male":105,"female":108,"ages":[36,54,89,34],"density_km2":16493},"geometry":{"type":"Polygon","coordinates":[[[120.277789,22.647284],[120.278204,22.647365],[120.278344,22.646769],[120.278469,22.646234],[120.277561,22.646022],[120.277538,22.646011],[120.277374,22.6467],[120.277306,22.646976],[120.277255,22.647183],[120.277278,22.647193],[120.277789,22.647284]]]}},{"type":"Feature","id":"A6405-0704-00","properties":{"code":"A6405-0704-00","district":"三民區","area_m2":4509.4,"centroid":[120.301673,22.647246],"population":109,"households":57,"male":44,"female":65,"ages":[20,26,42,21],"density_km2":24172},"geometry":{"type":"Polygon","coordinates":[[[120.3011,22.647462],[120.302272,22.64736],[120.302246,22.647036],[120.301085,22.647111],[120.3011,22.647462]]]}},{"type":"Feature","id":"A6405-0722-00","properties":{"code":"A6405-0722-00","district":"三民區","area_m2":5499.3,"centroid":[120.316512,22.64709],"population":360,"households":169,"male":172,"female":188,"ages":[68,96,152,44],"density_km2":65462},"geometry":{"type":"Polygon","coordinates":[[[120.316158,22.647287],[120.316871,22.647447],[120.316938,22.647204],[120.317025,22.646889],[120.316056,22.64676],[120.316006,22.646826],[120.315994,22.646842],[120.315997,22.646913],[120.316137,22.647206],[120.316158,22.647287]]]}},{"type":"Feature","id":"A6405-0784-00","properties":{"code":"A6405-0784-00","district":"三民區","area_m2":60409.5,"centroid":[120.307712,22.6462],"population":0,"households":0,"male":0,"female":0,"ages":[0,0,0,0],"density_km2":0},"geometry":{"type":"Polygon","coordinates":[[[120.306607,22.64739],[120.307744,22.647347],[120.308951,22.647235],[120.308987,22.647231],[120.308803,22.644976],[120.308749,22.644988],[120.308729,22.644982],[120.307515,22.64513],[120.30643,22.645224],[120.306607,22.64739]]]}},{"type":"Feature","id":"A6405-0742-00","properties":{"code":"A6405-0742-00","district":"三民區","area_m2":17985.3,"centroid":[120.313759,22.646744],"population":146,"households":64,"male":68,"female":78,"ages":[15,24,65,42],"density_km2":8118},"geometry":{"type":"Polygon","coordinates":[[[120.313019,22.64709],[120.314096,22.647402],[120.314264,22.647211],[120.314553,22.646941],[120.314529,22.646686],[120.314512,22.6465],[120.314508,22.646376],[120.31449,22.646149],[120.313782,22.646194],[120.313383,22.646216],[120.312945,22.64625],[120.313019,22.64709]]]}},{"type":"Feature","id":"A6405-0820-00","properties":{"code":"A6405-0820-00","district":"三民區","area_m2":65878.4,"centroid":[120.287762,22.645713],"population":3,"households":1,"male":2,"female":1,"ages":[2,0,0,1],"density_km2":46},"geometry":{"type":"Polygon","coordinates":[[[120.287615,22.647225],[120.289856,22.646411],[120.289918,22.646407],[120.289888,22.646028],[120.289624,22.645901],[120.289653,22.645844],[120.28951,22.64578],[120.285645,22.644041],[120.286077,22.645161],[120.287615,22.647225]]]}},{"type":"Feature","id":"A6405-0974-00","properties":{"code":"A6405-0974-00","district":"三民區","area_m2":9613.6,"centroid":[120.299031,22.643332],"population":195,"households":86,"male":94,"female":101,"ages":[29,40,71,55],"density_km2":20284},"geometry":{"type":"Polygon","coordinates":[[[120.298461,22.64373],[120.29961,22.643636],[120.299659,22.643633],[120.299598,22.642935],[120.299554,22.642945],[120.299533,22.64294],[120.298405,22.643023],[120.298406,22.643035],[120.298461,22.64373]]]}},{"type":"Feature","id":"A6405-0965-00","properties":{"code":"A6405-0965-00","district":"三民區","area_m2":4449.4,"centroid":[120.308031,22.643526],"population":90,"households":37,"male":45,"female":45,"ages":[15,15,35,25],"density_km2":20227},"geometry":{"type":"Polygon","coordinates":[[[120.307437,22.643741],[120.307458,22.64374],[120.308648,22.64363],[120.308626,22.64331],[120.307434,22.643419],[120.307413,22.64342],[120.307431,22.643647],[120.307437,22.643729],[120.307437,22.643741]]]}},{"type":"Feature","id":"A6405-0970-00","properties":{"code":"A6405-0970-00","district":"三民區","area_m2":7439.8,"centroid":[120.306836,22.64341],"population":162,"households":73,"male":81,"female":81,"ages":[20,32,58,52],"density_km2":21775},"geometry":{"type":"Polygon","coordinates":[[[120.306295,22.643735],[120.307431,22.643647],[120.307413,22.64342],[120.307413,22.643409],[120.307405,22.643334],[120.30738,22.643096],[120.306247,22.643141],[120.306279,22.643534],[120.306295,22.643735]]]}},{"type":"Feature","id":"A6405-0964-00","properties":{"code":"A6405-0964-00","district":"三民區","area_m2":3990.3,"centroid":[120.312149,22.643567],"population":128,"households":58,"male":63,"female":65,"ages":[17,24,43,44],"density_km2":32078},"geometry":{"type":"Polygon","coordinates":[[[120.311579,22.643749],[120.312744,22.643687],[120.312716,22.643386],[120.311555,22.643449],[120.311579,22.643749]]]}},{"type":"Feature","id":"A6405-1033-00","properties":{"code":"A6405-1033-00","district":"三民區","area_m2":18567.9,"centroid":[120.287097,22.642539],"population":0,"households":0,"male":0,"female":0,"ages":[0,0,0,0],"density_km2":0},"geometry":{"type":"Polygon","coordinates":[[[120.286986,22.643591],[120.28782,22.643286],[120.287348,22.642051],[120.287152,22.641539],[120.287086,22.641428],[120.287068,22.64143],[120.286807,22.641438],[120.286821,22.641814],[120.286386,22.642035],[120.286986,22.643591]]]}},{"type":"Feature","id":"A6405-0978-00","properties":{"code":"A6405-0978-00","district":"三民區","area_m2":9021.7,"centroid":[120.300189,22.643244],"population":258,"households":109,"male":131,"female":127,"ages":[20,42,99,97],"density_km2":28598},"geometry":{"type":"Polygon","coordinates":[[[120.299659,22.643633],[120.300777,22.64356],[120.300723,22.642864],[120.300722,22.642853],[120.300701,22.642854],[120.299598,22.642935],[120.299659,22.643633]]]}},{"type":"Feature","id":"A6405-1005-00","properties":{"code":"A6405-1005-00","district":"三民區","area_m2":12415.4,"centroid":[120.309007,22.642937],"population":0,"households":0,"male":0,"female":0,"ages":[0,0,0,0],"density_km2":0},"geometry":{"type":"Polygon","coordinates":[[[120.308648,22.64363],[120.309045,22.643613],[120.309466,22.643595],[120.309349,22.642281],[120.309346,22.642235],[120.309018,22.642258],[120.308553,22.642291],[120.308557,22.642329],[120.308583,22.642697],[120.308606,22.643025],[120.308626,22.64331],[120.308648,22.64363]]]}},{"type":"Feature","id":"A6405-0981-00","properties":{"code":"A6405-0981-00","district":"三民區","area_m2":9389.2,"centroid":[120.301342,22.643173],"population":188,"households":79,"male":95,"female":93,"ages":[18,45,75,50],"density_km2":20023},"geometry":{"type":"Polygon","coordinates":[[[120.300777,22.64356],[120.301965,22.643466],[120.30192,22.642806],[120.301919,22.642795],[120.301898,22.642797],[120.300722,22.642853],[120.300723,22.642864],[120.300777,22.64356]]]}},{"type":"Feature","id":"A6405-1007-00","properties":{"code":"A6405-1007-00","district":"三民區","area_m2":6139.9,"centroid":[120.309602,22.642899],"population":137,"households":63,"male":65,"female":72,"ages":[8,37,52,40],"density_km2":22313},"geometry":{"type":"Polygon","coordinates":[[[120.309466,22.643595],[120.309856,22.643565],[120.309747,22.642249],[120.309744,22.642207],[120.309346,22.642235],[120.309349,22.642281],[120.309466,22.643595]]]}},{"type":"Feature","id":"A6405-1241-00","properties":{"code":"A6405-1241-00","district":"三民區","area_m2":9688.3,"centroid":[120.284593,22.64002],"population":690,"households":307,"male":326,"female":364,"ages":[66,193,291,140],"density_km2":71220},"geometry":{"type":"Polygon","coordinates":[[[120.283869,22.640127],[120.284892,22.640551],[120.284952,22.640428],[120.285123,22.640499],[120.285332,22.640089],[120.284219,22.63944],[120.284182,22.639519],[120.284071,22.639744],[120.283932,22.640014],[120.283869,22.640127]]]}},{"type":"Feature","id":"A6405-1239-00","properties":{"code":"A6405-1239-00","district":"三民區","area_m2":11221.8,"centroid":[120.289085,22.640065],"population":247,"households":94,"male":120,"female":127,"ages":[27,62,105,53],"density_km2":22011},"geometry":{"type":"Polygon","coordinates":[[[120.288236,22.640198],[120.289368,22.64057],[120.290023,22.640044],[120.289664,22.639928],[120.288489,22.639541],[120.288236,22.640198]]]}},{"type":"Feature","id":"A6405-1237-00","properties":{"code":"A6405-1237-00","district":"三民區","area_m2":16053.6,"centroid":[120.301326,22.640118],"population":16,"households":9,"male":6,"female":10,"ages":[1,1,8,6],"density_km2":997},"geometry":{"type":"Polygon","coordinates":[[[120.300548,22.640612],[120.301744,22.64052],[120.302176,22.640485],[120.302108,22.639622],[120.301646,22.639661],[120.300709,22.639738],[120.300473,22.639764],[120.300512,22.640208],[120.300548,22.640612]]]}},{"type":"Feature","id":"A6405-1269-00","properties":{"code":"A6405-1269-00","district":"三民區","area_m2":45043.4,"centroid":[120.312635,22.639782],"population":450,"households":220,"male":225,"female":225,"ages":[58,98,183,111],"density_km2":9990},"geometry":{"type":"Polygon","coordinates":[[[120.311273,22.640657],[120.312448,22.640567],[120.314015,22.640438],[120.314032,22.640437],[120.314026,22.640358],[120.313989,22.640264],[120.313893,22.639001],[120.31388,22.638834],[120.313791,22.63884],[120.312607,22.638923],[120.312633,22.639252],[120.311427,22.639335],[120.311223,22.63935],[120.311289,22.640182],[120.311187,22.640248],[120.311175,22.640547],[120.311273,22.640657]]]}},{"type":"Feature","id":"A6405-1261-00","properties":{"code":"A6405-1261-00","district":"三民區","area_m2":4956.9,"centroid":[120.286738,22.639627],"population":114,"households":56,"male":58,"female":56,"ages":[9,31,40,34],"density_km2":22998},"geometry":{"type":"Polygon","coordinates":[[[120.286523,22.640494],[120.286555,22.64041],[120.286819,22.639732],[120.287076,22.63907],[120.287031,22.639055],[120.286594,22.638918],[120.286541,22.639526],[120.286484,22.640189],[120.286464,22.640406],[120.28646,22.640454],[120.286523,22.640494]]]}},{"type":"Feature","id":"A6405-1229-00","properties":{"code":"A6405-1229-00","district":"三民區","area_m2":6747.8,"centroid":[120.297593,22.640228],"population":85,"households":46,"male":46,"female":39,"ages":[7,23,28,27],"density_km2":12597},"geometry":{"type":"Polygon","coordinates":[[[120.297022,22.640514],[120.298198,22.640446],[120.298178,22.640162],[120.298161,22.639938],[120.29733,22.639997],[120.296985,22.640015],[120.297,22.64022],[120.297022,22.640514]]]}},{"type":"Feature","id":"A6405-1250-00","properties":{"code":"A6405-1250-00","district":"三民區","area_m2":26573.0,"centroid":[120.303466,22.639958],"population":25,"households":15,"male":11,"female":14,"ages":[1,6,11,7],"density_km2":941},"geometry":{"type":"Polygon","coordinates":[[[120.302176,22.640485],[120.302684,22.640457],[120.303707,22.640376],[120.304822,22.640308],[120.304794,22.639894],[120.304764,22.639434],[120.304569,22.639446],[120.303748,22.639492],[120.303644,22.639493],[120.303062,22.639542],[120.302108,22.639622],[120.302176,22.640485]]]}},{"type":"Feature","id":"A6405-1452-00","properties":{"code":"A6405-1452-00","district":"三民區","area_m2":4367.8,"centroid":[120.30821,22.636904],"population":92,"households":37,"male":35,"female":57,"ages":[11,14,41,26],"density_km2":21063},"geometry":{"type":"Polygon","coordinates":[[[120.307737,22.63709],[120.3078,22.637094],[120.308646,22.637154],[120.308688,22.637157],[120.308657,22.636771],[120.308596,22.63676],[120.308576,22.636756],[120.308132,22.636683],[120.307835,22.636634],[120.307819,22.636633],[120.307766,22.636855],[120.307737,22.63709]]]}},{"type":"Feature","id":"A6402-0512-00","properties":{"code":"A6402-0512-00","district":"鼓山區","area_m2":9906.0,"centroid":[120.284315,22.63645],"population":72,"households":37,"male":35,"female":37,"ages":[6,15,28,23],"density_km2":7268},"geometry":{"type":"Polygon","coordinates":[[[120.283709,22.637023],[120.283865,22.636946],[120.284227,22.636807],[120.284595,22.636716],[120.28488,22.636657],[120.284929,22.636318],[120.284937,22.636262],[120.284946,22.636092],[120.284431,22.636015],[120.283903,22.635937],[120.283794,22.636507],[120.283734,22.636875],[120.283709,22.637023]]]}},{"type":"Feature","id":"A6405-1456-00","properties":{"code":"A6405-1456-00","district":"三民區","area_m2":3264.7,"centroid":[120.307492,22.636813],"population":90,"households":50,"male":47,"female":43,"ages":[9,21,35,25],"density_km2":27568},"geometry":{"type":"Polygon","coordinates":[[[120.307719,22.637089],[120.307737,22.63709],[120.307766,22.636855],[120.307819,22.636633],[120.307782,22.636632],[120.307743,22.636618],[120.307196,22.636527],[120.30719,22.63673],[120.307212,22.637059],[120.307719,22.637089]]]}},{"type":"Feature","id":"A6405-1460-00","properties":{"code":"A6405-1460-00","district":"三民區","area_m2":8072.4,"centroid":[120.305821,22.636761],"population":339,"households":191,"male":157,"female":182,"ages":[29,77,134,99],"density_km2":41995},"geometry":{"type":"Polygon","coordinates":[[[120.305152,22.637062],[120.306542,22.636971],[120.306504,22.63655],[120.306492,22.636456],[120.306423,22.636452],[120.305086,22.636583],[120.305152,22.637062]]]}},{"type":"Feature","id":"A6405-1496-00","properties":{"code":"A6405-1496-00","district":"三民區","area_m2":47350.7,"centroid":[120.316739,22.636004],"population":476,"households":218,"male":210,"female":266,"ages":[81,113,193,89],"density_km2":10053},"geometry":{"type":"Polygon","coordinates":[[[120.315988,22.637108],[120.317248,22.637003],[120.317747,22.636955],[120.317765,22.636931],[120.318013,22.636482],[120.318067,22.635507],[120.318065,22.635437],[120.317193,22.635433],[120.316954,22.634746],[120.316931,22.634689],[120.316873,22.634735],[120.316801,22.634802],[120.315322,22.63604],[120.315313,22.636047],[120.315359,22.636118],[120.31591,22.636988],[120.315988,22.637108]]]}},{"type":"Feature","id":"A6405-1499-00","properties":{"code":"A6405-1499-00","district":"三民區","area_m2":16438.6,"centroid":[120.3153,22.635736],"population":324,"households":160,"male":165,"female":159,"ages":[48,67,135,74],"density_km2":19710},"geometry":{"type":"Polygon","coordinates":[[[120.313763,22.637097],[120.313888,22.63701],[120.314056,22.636834],[120.314692,22.636488],[120.314839,22.636401],[120.315313,22.636047],[120.315322,22.63604],[120.316801,22.634802],[120.316778,22.634463],[120.316766,22.634379],[120.316745,22.634395],[120.315538,22.635316],[120.3155,22.635353],[120.31505,22.635711],[120.314669,22.636014],[120.313869,22.63665],[120.313733,22.636729],[120.313742,22.636811],[120.313763,22.637097]]]}},{"type":"Feature","id":"A6405-1461-00","properties":{"code":"A6405-1461-00","district":"三民區","area_m2":4311.0,"centroid":[120.306853,22.636758],"population":171,"households":109,"male":85,"female":86,"ages":[13,33,57,68],"density_km2":39666},"geometry":{"type":"Polygon","coordinates":[[[120.306548,22.637035],[120.306917,22.637041],[120.307212,22.637059],[120.30719,22.63673],[120.307196,22.636527],[120.306912,22.636479],[120.306492,22.636456],[120.306504,22.63655],[120.306542,22.636971],[120.306548,22.637035]]]}},{"type":"Feature","id":"A6405-1466-00","properties":{"code":"A6405-1466-00","district":"三民區","area_m2":5392.7,"centroid":[120.294295,22.636632],"population":248,"households":124,"male":109,"female":139,"ages":[24,79,90,55],"density_km2":45988},"geometry":{"type":"Polygon","coordinates":[[[120.294837,22.637001],[120.294846,22.63698],[120.294985,22.636662],[120.29383,22.636293],[120.293738,22.636264],[120.293609,22.636602],[120.294837,22.637001]]]}},{"type":"Feature","id":"A6402-0511-00","properties":{"code":"A6402-0511-00","district":"鼓山區","area_m2":8774.2,"centroid":[120.281785,22.636507],"population":132,"households":57,"male":75,"female":57,"ages":[16,28,53,35],"density_km2":15044},"geometry":{"type":"Polygon","coordinates":[[[120.281714,22.636739],[120.281781,22.636761],[120.282382,22.63693],[120.282481,22.636576],[120.282548,22.636336],[120.282555,22.636317],[120.282483,22.636307],[120.282156,22.636252],[120.281892,22.636217],[120.28178,22.636203],[120.281602,22.636181],[120.281537,22.636172],[120.281261,22.636137],[120.281163,22.636137],[120.281137,22.636137],[120.281056,22.636269],[120.280965,22.636491],[120.281714,22.636739]]]}},{"type":"Feature","id":"A6405-1473-00","properties":{"code":"A6405-1473-00","district":"三民區","area_m2":7277.1,"centroid":[120.29756,22.636511],"population":230,"households":159,"male":105,"female":125,"ages":[13,56,108,53],"density_km2":31606},"geometry":{"type":"Polygon","coordinates":[[[120.298088,22.636944],[120.298207,22.636629],[120.298254,22.636524],[120.298271,22.636485],[120.297073,22.636096],[120.297022,22.63608],[120.29696,22.636236],[120.29687,22.636484],[120.296852,22.636535],[120.298088,22.636944]]]}},{"type":"Feature","id":"A6405-1476-00","properties":{"code":"A6405-1476-00","district":"三民區","area_m2":12052.8,"centroid":[120.292181,22.636353],"population":383,"households":232,"male":179,"female":204,"ages":[54,120,135,74],"density_km2":31777},"geometry":{"type":"Polygon","coordinates":[[[120.291968,22.636562],[120.292929,22.636896],[120.293243,22.636103],[120.292855,22.635976],[120.292715,22.636337],[120.291216,22.635834],[120.2912,22.635876],[120.291054,22.636256],[120.291928,22.636548],[120.291968,22.636562]]]}},{"type":"Feature","id":"A6402-0531-00","properties":{"code":"A6402-0531-00","district":"鼓山區","area_m2":41029.9,"centroid":[120.281449,22.63201],"population":133,"households":58,"male":66,"female":67,"ages":[16,17,54,46],"density_km2":3242},"geometry":{"type":"Polygon","coordinates":[[[120.28152,22.63329],[120.28253,22.632802],[120.282547,22.632793],[120.282523,22.632756],[120.282418,22.632599],[120.282699,22.632474],[120.282691,22.632463],[120.282652,22.632371],[120.282221,22.631689],[120.282057,22.631445],[120.281888,22.631193],[120.28177,22.631017],[120.281682,22.630887],[120.281577,22.630731],[120.281474,22.63058],[120.281259,22.630858],[120.280836,22.63141],[120.280679,22.63155],[120.280571,22.631612],[120.280506,22.631649],[120.280171,22.631787],[120.280207,22.631906],[120.280475,22.632423],[120.280483,22.632439],[120.280546,22.632554],[120.280673,22.632681],[120.281129,22.632973],[120.281325,22.633134],[120.28152,22.63329]]]}},{"type":"Feature","id":"A6406-0087-00","properties":{"code":"A6406-0087-00","district":"新興區","area_m2":8148.1,"centroid":[120.303941,22.633108],"population":180,"households":90,"male":96,"female":84,"ages":[17,41,71,51],"density_km2":22091},"geometry":{"type":"Polygon","coordinates":[[[120.303091,22.633376],[120.304825,22.633249],[120.304789,22.632839],[120.303058,22.632965],[120.303059,22.632977],[120.303091,22.633376]]]}},{"type":"Feature","id":"A6401-0005-00","properties":{"code":"A6401-0005-00","district":"鹽埕區","area_m2":9225.7,"centroid":[120.283684,22.632603],"population":576,"households":239,"male":270,"female":306,"ages":[84,147,252,93],"density_km2":62434},"geometry":{"type":"Polygon","coordinates":[[[120.283591,22.633225],[120.284282,22.632907],[120.283812,22.631998],[120.283803,22.631982],[120.283789,22.631988],[120.283081,22.632304],[120.28309,22.63232],[120.283591,22.633225]]]}},{"type":"Feature","id":"A6406-0092-00","properties":{"code":"A6406-0092-00","district":"新興區","area_m2":11256.6,"centroid":[120.309792,22.632881],"population":0,"households":0,"male":0,"female":0,"ages":[0,0,0,0],"density_km2":0},"geometry":{"type":"Polygon","coordinates":[[[120.309178,22.633226],[120.309186,22.633311],[120.31047,22.633209],[120.310469,22.633198],[120.310459,22.633114],[120.310443,22.632865],[120.310443,22.632853],[120.310437,22.632775],[120.310413,22.632455],[120.309112,22.632543],[120.309178,22.633226]]]}},{"type":"Feature","id":"A6406-0088-00","properties":{"code":"A6406-0088-00","district":"新興區","area_m2":7968.2,"centroid":[120.314444,22.633066],"population":266,"households":119,"male":132,"female":134,"ages":[49,47,107,63],"density_km2":33383},"geometry":{"type":"Polygon","coordinates":[[[120.313425,22.633301],[120.315474,22.633177],[120.315453,22.632868],[120.31545,22.632834],[120.315437,22.632828],[120.313405,22.632971],[120.313408,22.633028],[120.313425,22.633301]]]}},{"type":"Feature","id":"A6406-0093-00","properties":{"code":"A6406-0093-00","district":"新興區","area_m2":7297.1,"centroid":[120.300555,22.632782],"population":78,"households":56,"male":39,"female":39,"ages":[3,13,39,23],"density_km2":10689},"geometry":{"type":"Polygon","coordinates":[[[120.301287,22.63323],[120.301416,22.632875],[120.301393,22.632869],[120.301337,22.63285],[120.29986,22.632344],[120.29984,22.63233],[120.299694,22.6327],[120.301287,22.63323]]]}},{"type":"Feature","id":"A6407-0027-00","properties":{"code":"A6407-0027-00","district":"前金區","area_m2":20280.9,"centroid":[120.297788,22.632364],"population":0,"households":0,"male":0,"female":0,"ages":[0,0,0,0],"density_km2":0},"geometry":{"type":"Polygon","coordinates":[[[120.296921,22.632806],[120.298133,22.633207],[120.298369,22.632621],[120.298503,22.632303],[120.298665,22.631918],[120.297404,22.631526],[120.29715,22.632214],[120.297034,22.632514],[120.296921,22.632806]]]}},{"type":"Feature","id":"A6407-0039-00","properties":{"code":"A6407-0039-00","district":"前金區","area_m2":54557.0,"centroid":[120.287449,22.631635],"population":0,"households":0,"male":0,"female":0,"ages":[0,0,0,0],"density_km2":0},"geometry":{"type":"Polygon","coordinates":[[[120.288316,22.633163],[120.288328,22.633132],[120.288379,22.633003],[120.28861,22.632494],[120.288821,22.632029],[120.288937,22.631722],[120.289008,22.63154],[120.287504,22.631035],[120.287725,22.630501],[120.287118,22.630306],[120.286561,22.630117],[120.286518,22.630214],[120.28634,22.630631],[120.286231,22.630915],[120.286088,22.631286],[120.286026,22.63146],[120.285937,22.631708],[120.286828,22.632272],[120.287054,22.63241],[120.28811,22.633059],[120.288243,22.633138],[120.28829,22.633154],[120.288316,22.633163]]]}},{"type":"Feature","id":"A6407-0023-00","properties":{"code":"A6407-0023-00","district":"前金區","area_m2":6398.7,"centroid":[120.291469,22.632741],"population":174,"households":87,"male":95,"female":79,"ages":[16,34,63,61],"density_km2":27193},"geometry":{"type":"Polygon","coordinates":[[[120.292268,22.633176],[120.292379,22.632882],[120.290663,22.632306],[120.29056,22.632597],[120.292268,22.633176]]]}},{"type":"Feature","id":"A6406-0091-00","properties":{"code":"A6406-0091-00","district":"新興區","area_m2":2802.5,"centroid":[120.308967,22.632895],"population":159,"households":75,"male":75,"female":84,"ages":[28,31,60,40],"density_km2":56735},"geometry":{"type":"Polygon","coordinates":[[[120.308808,22.633243],[120.309178,22.633226],[120.309112,22.632543],[120.308832,22.632565],[120.308759,22.63257],[120.308808,22.633243]]]}},{"type":"Feature","id":"A6406-0089-00","properties":{"code":"A6406-0089-00","district":"新興區","area_m2":5579.6,"centroid":[120.311132,22.632983],"population":146,"households":75,"male":63,"female":83,"ages":[31,28,46,41],"density_km2":26167},"geometry":{"type":"Polygon","coordinates":[[[120.31047,22.633209],[120.31049,22.633208],[120.311813,22.633132],[120.311771,22.632749],[120.310464,22.632863],[120.310443,22.632865],[120.310459,22.633114],[120.310469,22.633198],[120.31047,22.633209]]]}},{"type":"Feature","id":"A6408-0170-00","properties":{"code":"A6408-0170-00","district":"苓雅區","area_m2":5114.3,"centroid":[120.314381,22.629497],"population":239,"households":89,"male":114,"female":125,"ages":[53,42,98,46],"density_km2":46732},"geometry":{"type":"Polygon","coordinates":[[[120.314285,22.629945],[120.314617,22.629919],[120.314592,22.629505],[120.314733,22.629143],[120.314295,22.628995],[120.314145,22.62939],[120.314048,22.629646],[120.314076,22.629961],[120.314285,22.629945]]]}},{"type":"Feature","id":"A6408-0165-00","properties":{"code":"A6408-0165-00","district":"苓雅區","area_m2":4209.2,"centroid":[120.314886,22.629549],"population":178,"households":62,"male":84,"female":94,"ages":[50,21,65,42],"density_km2":42288},"geometry":{"type":"Polygon","coordinates":[[[120.315187,22.629875],[120.31514,22.629281],[120.314733,22.629143],[120.314592,22.629505],[120.314617,22.629919],[120.315187,22.629875]]]}},{"type":"Feature","id":"A6401-0025-00","properties":{"code":"A6401-0025-00","district":"鹽埕區","area_m2":7468.5,"centroid":[120.28339,22.629149],"population":213,"households":100,"male":98,"female":115,"ages":[26,44,90,53],"density_km2":28520},"geometry":{"type":"Polygon","coordinates":[[[120.283366,22.629757],[120.283923,22.629507],[120.283914,22.629491],[120.283759,22.629215],[120.283754,22.629198],[120.283397,22.628539],[120.282861,22.628784],[120.28287,22.628801],[120.283366,22.629757]]]}},{"type":"Feature","id":"A6406-0166-00","properties":{"code":"A6406-0166-00","district":"新興區","area_m2":7012.8,"centroid":[120.309549,22.62954],"population":182,"households":80,"male":90,"female":92,"ages":[25,34,75,48],"density_km2":25953},"geometry":{"type":"Polygon","coordinates":[[[120.308902,22.629814],[120.310217,22.629725],[120.310232,22.629724],[120.310195,22.629268],[120.310179,22.629269],[120.308869,22.629347],[120.308902,22.629814]]]}},{"type":"Feature","id":"A6401-0024-00","properties":{"code":"A6401-0024-00","district":"鹽埕區","area_m2":4798.2,"centroid":[120.285077,22.629192],"population":173,"households":111,"male":86,"female":87,"ages":[18,63,61,31],"density_km2":36055},"geometry":{"type":"Polygon","coordinates":[[[120.28503,22.629601],[120.285312,22.629711],[120.285506,22.62915],[120.285128,22.629017],[120.284936,22.628665],[120.284637,22.6288],[120.284912,22.629337],[120.28503,22.629601]]]}},{"type":"Feature","id":"A6406-0168-00","properties":{"code":"A6406-0168-00","district":"新興區","area_m2":14266.4,"centroid":[120.303637,22.629356],"population":256,"households":132,"male":129,"female":127,"ages":[27,45,99,85],"density_km2":17944},"geometry":{"type":"Polygon","coordinates":[[[120.302812,22.629779],[120.304533,22.629653],[120.304533,22.629641],[120.304459,22.628937],[120.302747,22.629045],[120.302748,22.629056],[120.302812,22.629779]]]}},{"type":"Feature","id":"A6406-0167-00","properties":{"code":"A6406-0167-00","district":"新興區","area_m2":6584.6,"centroid":[120.310849,22.629448],"population":265,"households":111,"male":119,"female":146,"ages":[58,44,96,67],"density_km2":40246},"geometry":{"type":"Polygon","coordinates":[[[120.310232,22.629724],[120.311504,22.629622],[120.311471,22.629175],[120.310195,22.629268],[120.310232,22.629724]]]}},{"type":"Feature","id":"A6407-0076-00","properties":{"code":"A6407-0076-00","district":"前金區","area_m2":16814.6,"centroid":[120.296505,22.628599],"population":268,"households":167,"male":117,"female":151,"ages":[23,73,121,51],"density_km2":15938},"geometry":{"type":"Polygon","coordinates":[[[120.296799,22.629653],[120.29682,22.629663],[120.296981,22.629228],[120.296611,22.629107],[120.297148,22.627686],[120.297062,22.627657],[120.296594,22.627522],[120.296509,22.627489],[120.296465,22.627603],[120.295959,22.629033],[120.295841,22.629373],[120.296255,22.629496],[120.296799,22.629653]]]}},{"type":"Feature","id":"A6401-0023-00","properties":{"code":"A6401-0023-00","district":"鹽埕區","area_m2":4897.2,"centroid":[120.284444,22.629201],"population":93,"households":51,"male":46,"female":47,"ages":[6,25,34,28],"density_km2":18991},"geometry":{"type":"Polygon","coordinates":[[[120.284417,22.629409],[120.28503,22.629601],[120.284912,22.629337],[120.284637,22.6288],[120.284188,22.629012],[120.283776,22.629207],[120.284417,22.629409]]]}},{"type":"Feature","id":"A6402-0540-00","properties":{"code":"A6402-0540-00","district":"鼓山區","area_m2":6722.3,"centroid":[120.278848,22.628875],"population":7,"households":4,"male":3,"female":4,"ages":[0,1,3,3],"density_km2":1041},"geometry":{"type":"Polygon","coordinates":[[[120.278701,22.629555],[120.278836,22.629528],[120.279001,22.62944],[120.279315,22.629274],[120.279106,22.628912],[120.278719,22.628397],[120.278501,22.6281],[120.27848,22.628072],[120.278479,22.628089],[120.278468,22.628387],[120.27848,22.628727],[120.278511,22.628889],[120.278561,22.629081],[120.278693,22.62935],[120.27871,22.62944],[120.278698,22.629479],[120.278701,22.629555]]]}},{"type":"Feature","id":"A6407-0074-00","properties":{"code":"A6407-0074-00","district":"前金區","area_m2":31722.1,"centroid":[120.291121,22.628605],"population":3,"households":3,"male":1,"female":2,"ages":[0,0,1,2],"density_km2":95},"geometry":{"type":"Polygon","coordinates":[[[120.289994,22.629064],[120.291674,22.629613],[120.291941,22.628937],[120.292256,22.628171],[120.292234,22.62816],[120.290556,22.627594],[120.290251,22.628369],[120.289994,22.629064]]]}},{"type":"Feature","id":"A6407-0094-00","properties":{"code":"A6407-0094-00","district":"前金區","area_m2":2456.8,"centroid":[120.29112,22.625469],"population":79,"households":49,"male":45,"female":34,"ages":[6,17,38,18],"density_km2":32155},"geometry":{"type":"Polygon","coordinates":[[[120.291264,22.625736],[120.291286,22.625746],[120.291444,22.62536],[120.290946,22.625193],[120.290798,22.625583],[120.291264,22.625736]]]}},{"type":"Feature","id":"A6408-0271-00","properties":{"code":"A6408-0271-00","district":"苓雅區","area_m2":7272.5,"centroid":[120.314534,22.624972],"population":219,"households":91,"male":110,"female":109,"ages":[49,50,82,38],"density_km2":30113},"geometry":{"type":"Polygon","coordinates":[[[120.314302,22.6258],[120.3144,22.625831],[120.31474,22.624953],[120.315016,22.624238],[120.314936,22.624213],[120.314914,22.624206],[120.314853,22.624187],[120.314647,22.624122],[120.31464,22.624141],[120.314443,22.624671],[120.314325,22.624988],[120.31419,22.625347],[120.314053,22.625709],[120.314282,22.625786],[120.314302,22.6258]]]}},{"type":"Feature","id":"A6408-0268-00","properties":{"code":"A6408-0268-00","district":"苓雅區","area_m2":5836.1,"centroid":[120.315995,22.625203],"population":341,"households":136,"male":152,"female":189,"ages":[83,62,114,82],"density_km2":58429},"geometry":{"type":"Polygon","coordinates":[[[120.315953,22.625794],[120.315998,22.625808],[120.316415,22.62474],[120.316365,22.624723],[120.315991,22.624596],[120.315759,22.625198],[120.315574,22.625674],[120.315953,22.625794]]]}},{"type":"Feature","id":"A6401-0068-00","properties":{"code":"A6401-0068-00","district":"鹽埕區","area_m2":9858.1,"centroid":[120.279558,22.624967],"population":251,"households":116,"male":128,"female":123,"ages":[18,59,96,78],"density_km2":25461},"geometry":{"type":"Polygon","coordinates":[[[120.279477,22.625631],[120.280157,22.625307],[120.28017,22.625301],[120.279639,22.624303],[120.278947,22.624634],[120.279477,22.625631]]]}},{"type":"Feature","id":"A6401-0069-00","properties":{"code":"A6401-0069-00","district":"鹽埕區","area_m2":11217.1,"centroid":[120.282029,22.62497],"population":178,"households":85,"male":85,"female":93,"ages":[16,40,58,64],"density_km2":15869},"geometry":{"type":"Polygon","coordinates":[[[120.282705,22.625232],[120.282186,22.624304],[120.281811,22.624482],[120.28135,22.624701],[120.281359,22.624718],[120.281883,22.625639],[120.282705,22.625232]]]}},{"type":"Feature","id":"A6406-0231-00","properties":{"code":"A6406-0231-00","district":"新興區","area_m2":7787.2,"centroid":[120.306799,22.625253],"population":225,"households":128,"male":102,"female":123,"ages":[30,45,102,48],"density_km2":28894},"geometry":{"type":"Polygon","coordinates":[[[120.307336,22.625704],[120.307504,22.625284],[120.307527,22.625224],[120.307445,22.625195],[120.306252,22.624804],[120.306232,22.624854],[120.306071,22.625275],[120.307336,22.625704]]]}},{"type":"Feature","id":"A6408-0261-00","properties":{"code":"A6408-0261-00","district":"苓雅區","area_m2":4989.0,"centroid":[120.313582,22.625349],"population":636,"households":256,"male":293,"female":343,"ages":[159,129,222,126],"density_km2":127479},"geometry":{"type":"Polygon","coordinates":[[[120.313971,22.625679],[120.314053,22.625709],[120.31419,22.625347],[120.313122,22.62499],[120.313118,22.624999],[120.312971,22.625353],[120.313415,22.625496],[120.313679,22.625583],[120.313971,22.625679]]]}},{"type":"Feature","id":"A6407-0096-00","properties":{"code":"A6407-0096-00","district":"前金區","area_m2":8389.7,"centroid":[120.290039,22.625111],"population":169,"households":99,"male":71,"female":98,"ages":[11,40,60,58],"density_km2":20144},"geometry":{"type":"Polygon","coordinates":[[[120.290798,22.625583],[120.290946,22.625193],[120.289296,22.624639],[120.289282,22.624674],[120.289159,22.624967],[120.289148,22.624994],[120.289131,22.625034],[120.290798,22.625583]]]}},{"type":"Feature","id":"A6407-0097-00","properties":{"code":"A6407-0097-00","district":"前金區","area_m2":11455.2,"centroid":[120.296062,22.625012],"population":254,"households":125,"male":126,"female":128,"ages":[21,48,94,91],"density_km2":22173},"geometry":{"type":"Polygon","coordinates":[[[120.296467,22.625594],[120.296782,22.624805],[120.29568,22.624438],[120.295658,22.624428],[120.295539,22.624728],[120.295535,22.624738],[120.295341,22.625216],[120.296412,22.625579],[120.296467,22.625594]]]}},{"type":"Feature","id":"A6407-0099-00","properties":{"code":"A6407-0099-00","district":"前金區","area_m2":20118.2,"centroid":[120.292603,22.624832],"population":184,"households":70,"male":90,"female":94,"ages":[25,54,58,47],"density_km2":9146},"geometry":{"type":"Polygon","coordinates":[[[120.291582,22.625022],[120.293272,22.625579],[120.293606,22.624673],[120.293617,22.624645],[120.29358,22.624633],[120.292245,22.624179],[120.292192,22.624161],[120.291963,22.624084],[120.291946,22.624132],[120.291582,22.625022]]]}},{"type":"Feature","id":"A6408-0263-00","properties":{"code":"A6408-0263-00","district":"苓雅區","area_m2":4048.6,"centroid":[120.315336,22.62533],"population":284,"households":108,"male":133,"female":151,"ages":[88,45,99,52],"density_km2":70148},"geometry":{"type":"Polygon","coordinates":[[[120.315509,22.625654],[120.315574,22.625674],[120.315759,22.625198],[120.315096,22.624984],[120.315067,22.62506],[120.314914,22.625461],[120.315013,22.625497],[120.315509,22.625654]]]}},{"type":"Feature","id":"A6406-0230-00","properties":{"code":"A6406-0230-00","district":"新興區","area_m2":3543.1,"centroid":[120.305585,22.6253],"population":76,"households":34,"male":33,"female":43,"ages":[4,19,29,24],"density_km2":21450},"geometry":{"type":"Polygon","coordinates":[[[120.305098,22.625323],[120.305946,22.625602],[120.306071,22.625275],[120.305229,22.624998],[120.305098,22.625323]]]}},{"type":"Feature","id":"A6401-0071-00","properties":{"code":"A6401-0071-00","district":"鹽埕區","area_m2":10668.6,"centroid":[120.284916,22.624788],"population":251,"households":149,"male":121,"female":130,"ages":[25,42,114,70],"density_km2":23527},"geometry":{"type":"Polygon","coordinates":[[[120.284792,22.625454],[120.284809,22.625446],[120.285567,22.625093],[120.285028,22.624118],[120.284278,22.624492],[120.284266,22.624498],[120.284787,22.625436],[120.284792,22.625454]]]}},{"type":"Feature","id":"A6406-0238-00","properties":{"code":"A6406-0238-00","district":"新興區","area_m2":14884.7,"centroid":[120.308201,22.624604],"population":352,"households":189,"male":153,"female":199,"ages":[36,96,131,89],"density_km2":23648},"geometry":{"type":"Polygon","coordinates":[[[120.308289,22.625489],[120.308851,22.62405],[120.308875,22.623987],[120.30881,22.623952],[120.308477,22.623848],[120.308371,22.623814],[120.30835,22.6238],[120.308104,22.623726],[120.308096,22.623751],[120.307938,22.624148],[120.307809,22.624486],[120.30764,22.624929],[120.307527,22.625224],[120.308204,22.625453],[120.308289,22.625489]]]}},{"type":"Feature","id":"A6408-0374-00","properties":{"code":"A6408-0374-00","district":"苓雅區","area_m2":11242.0,"centroid":[120.308197,22.621563],"population":147,"households":72,"male":78,"female":69,"ages":[10,32,46,59],"density_km2":13076},"geometry":{"type":"Polygon","coordinates":[[[120.308634,22.62211],[120.308703,22.622134],[120.308773,22.621866],[120.308796,22.621802],[120.308934,22.621425],[120.307746,22.620984],[120.307627,22.62131],[120.307454,22.621733],[120.308634,22.62211]]]}},{"type":"Feature","id":"A6401-0114-00","properties":{"code":"A6401-0114-00","district":"鹽埕區","area_m2":10155.0,"centroid":[120.282103,22.621307],"population":176,"households":67,"male":94,"female":82,"ages":[27,33,78,38],"density_km2":17331},"geometry":{"type":"Polygon","coordinates":[[[120.281996,22.621957],[120.282743,22.621614],[120.282735,22.621598],[120.282195,22.620656],[120.281466,22.620999],[120.281476,22.621016],[120.281996,22.621957]]]}},{"type":"Feature","id":"A6402-0584-00","properties":{"code":"A6402-0584-00","district":"鼓山區","area_m2":7220.9,"centroid":[120.274007,22.621258],"population":53,"households":30,"male":24,"female":29,"ages":[2,11,22,18],"density_km2":7340},"geometry":{"type":"Polygon","coordinates":[[[120.274065,22.621866],[120.274078,22.621858],[120.274566,22.621589],[120.273929,22.620647],[120.273451,22.620925],[120.274065,22.621866]]]}},{"type":"Feature","id":"A6406-0271-00","properties":{"code":"A6406-0271-00","district":"新興區","area_m2":6811.3,"centroid":[120.303433,22.621534],"population":100,"households":45,"male":42,"female":58,"ages":[15,25,27,33],"density_km2":14681},"geometry":{"type":"Polygon","coordinates":[[[120.304098,22.621959],[120.304239,22.621594],[120.302763,22.621111],[120.302623,22.621464],[120.304098,22.621959]]]}},{"type":"Feature","id":"A6402-0598-00","properties":{"code":"A6402-0598-00","district":"鼓山區","area_m2":56684.7,"centroid":[120.268287,22.620237],"population":152,"households":82,"male":79,"female":73,"ages":[9,30,58,55],"density_km2":2681},"geometry":{"type":"Polygon","coordinates":[[[120.269315,22.621796],[120.269396,22.6203],[120.269308,22.620297],[120.269312,22.62023],[120.268606,22.619915],[120.268711,22.619067],[120.26784,22.618416],[120.267606,22.618685],[120.267237,22.619027],[120.267378,22.619245],[120.267407,22.619389],[120.267379,22.619579],[120.267445,22.619981],[120.267438,22.620143],[120.26745,22.620613],[120.267394,22.620845],[120.267409,22.621075],[120.267439,22.62131],[120.267606,22.621593],[120.267689,22.621786],[120.269315,22.621796]]]}},{"type":"Feature","id":"A6401-0121-00","properties":{"code":"A6401-0121-00","district":"鹽埕區","area_m2":24293.7,"centroid":[120.280107,22.620723],"population":0,"households":0,"male":0,"female":0,"ages":[0,0,0,0],"density_km2":0},"geometry":{"type":"Polygon","coordinates":[[[120.279711,22.621821],[120.280615,22.621399],[120.280294,22.620819],[120.280325,22.620812],[120.281168,22.620435],[120.280721,22.619597],[120.280369,22.61976],[120.280461,22.619914],[120.280281,22.620012],[120.2803,22.620039],[120.279998,22.620186],[120.279058,22.620641],[120.279148,22.620815],[120.279536,22.621508],[120.279711,22.621821]]]}},{"type":"Feature","id":"A6406-0273-00","properties":{"code":"A6406-0273-00","district":"新興區","area_m2":4983.9,"centroid":[120.302516,22.621264],"population":71,"households":41,"male":37,"female":34,"ages":[2,12,29,28],"density_km2":14246},"geometry":{"type":"Polygon","coordinates":[[[120.30243,22.621888],[120.302451,22.621898],[120.302623,22.621464],[120.302763,22.621111],[120.302912,22.620756],[120.302553,22.620638],[120.302127,22.621784],[120.30243,22.621888]]]}},{"type":"Feature","id":"A6408-0381-00","properties":{"code":"A6408-0381-00","district":"苓雅區","area_m2":10791.5,"centroid":[120.317325,22.621429],"population":198,"households":93,"male":100,"female":98,"ages":[12,39,75,72],"density_km2":18348},"geometry":{"type":"Polygon","coordinates":[[[120.317916,22.621927],[120.317985,22.621949],[120.318163,22.621495],[120.318196,22.621409],[120.316685,22.620904],[120.316648,22.620999],[120.316455,22.621483],[120.317031,22.621643],[120.317076,22.621658],[120.317121,22.621673],[120.317443,22.62178],[120.317491,22.621795],[120.317544,22.621811],[120.317916,22.621927]]]}},{"type":"Feature","id":"A6402-0585-00","properties":{"code":"A6402-0585-00","district":"鼓山區","area_m2":4913.1,"centroid":[120.271944,22.621144],"population":170,"households":70,"male":95,"female":75,"ages":[19,42,74,35],"density_km2":34601},"geometry":{"type":"Polygon","coordinates":[[[120.272088,22.621706],[120.272418,22.621506],[120.271811,22.620586],[120.271467,22.62078],[120.272088,22.621706]]]}},{"type":"Feature","id":"A6401-0115-00","properties":{"code":"A6401-0115-00","district":"鹽埕區","area_m2":4904.4,"centroid":[120.279096,22.621276],"population":259,"households":134,"male":121,"female":138,"ages":[49,51,105,54],"density_km2":52809},"geometry":{"type":"Polygon","coordinates":[[[120.279034,22.621737],[120.279536,22.621508],[120.279148,22.620815],[120.278659,22.621039],[120.278683,22.621084],[120.27872,22.621152],[120.279034,22.621737]]]}},{"type":"Feature","id":"A6401-0116-00","properties":{"code":"A6401-0116-00","district":"鹽埕區","area_m2":9602.5,"centroid":[120.287404,22.621098],"population":129,"households":60,"male":64,"female":65,"ages":[18,28,38,45],"density_km2":13434},"geometry":{"type":"Polygon","coordinates":[[[120.287299,22.621747],[120.288008,22.621377],[120.287511,22.620447],[120.2868,22.620823],[120.287299,22.621747]]]}},{"type":"Feature","id":"A6408-0567-00","properties":{"code":"A6408-0567-00","district":"苓雅區","area_m2":8348.0,"centroid":[120.305075,22.617275],"population":150,"households":61,"male":75,"female":75,"ages":[9,35,60,46],"density_km2":17968},"geometry":{"type":"Polygon","coordinates":[[[120.30571,22.617743],[120.305874,22.61728],[120.304429,22.616809],[120.304276,22.61726],[120.30571,22.617743]]]}},{"type":"Feature","id":"A6409-0002-00","properties":{"code":"A6409-0002-00","district":"前鎮區","area_m2":4048.9,"centroid":[120.315648,22.617431],"population":335,"households":184,"male":149,"female":186,"ages":[31,78,153,73],"density_km2":82738},"geometry":{"type":"Polygon","coordinates":[[[120.316042,22.617717],[120.316131,22.617748],[120.316224,22.617508],[120.316243,22.617459],[120.315179,22.617113],[120.315179,22.617115],[120.315054,22.617409],[120.315862,22.617668],[120.315904,22.617681],[120.315934,22.617689],[120.316042,22.617717]]]}},{"type":"Feature","id":"A6408-0573-00","properties":{"code":"A6408-0573-00","district":"苓雅區","area_m2":12304.5,"centroid":[120.309934,22.617128],"population":333,"households":176,"male":167,"female":166,"ages":[39,57,150,87],"density_km2":27063},"geometry":{"type":"Polygon","coordinates":[[[120.310373,22.617698],[120.310432,22.617719],[120.310449,22.617674],[120.310594,22.617301],[120.310721,22.616973],[120.310672,22.616957],[120.309437,22.616538],[120.309298,22.616894],[120.309148,22.617279],[120.310373,22.617698]]]}},{"type":"Feature","id":"A6408-0569-00","properties":{"code":"A6408-0569-00","district":"苓雅區","area_m2":7621.2,"centroid":[120.295606,22.617163],"population":253,"households":121,"male":122,"female":131,"ages":[30,63,91,69],"density_km2":33197},"geometry":{"type":"Polygon","coordinates":[[[120.296373,22.617613],[120.296517,22.617248],[120.295867,22.617044],[120.295022,22.616779],[120.294819,22.616715],[120.294687,22.617052],[120.296373,22.617613]]]}},{"type":"Feature","id":"A6408-0592-00","properties":{"code":"A6408-0592-00","district":"苓雅區","area_m2":13475.4,"centroid":[120.300282,22.616772],"population":244,"households":109,"male":119,"female":125,"ages":[16,60,86,82],"density_km2":18107},"geometry":{"type":"Polygon","coordinates":[[[120.299647,22.617405],[120.30035,22.617629],[120.300827,22.616389],[120.300921,22.616154],[120.300658,22.616061],[120.300218,22.615912],[120.299905,22.616703],[120.299785,22.617028],[120.299647,22.617405]]]}},{"type":"Feature","id":"A6408-0574-00","properties":{"code":"A6408-0574-00","district":"苓雅區","area_m2":11214.6,"centroid":[120.313419,22.617136],"population":166,"households":81,"male":89,"female":77,"ages":[16,40,65,45],"density_km2":14802},"geometry":{"type":"Polygon","coordinates":[[[120.314214,22.617675],[120.314416,22.617193],[120.312631,22.616598],[120.312606,22.616646],[120.312586,22.616682],[120.312422,22.617079],[120.314214,22.617675]]]}},{"type":"Feature","id":"A6408-0576-00","properties":{"code":"A6408-0576-00","district":"苓雅區","area_m2":7166.4,"centroid":[120.306835,22.617093],"population":287,"households":158,"male":134,"female":153,"ages":[30,69,112,76],"density_km2":40048},"geometry":{"type":"Polygon","coordinates":[[[120.30756,22.617533],[120.30757,22.617506],[120.30767,22.617231],[120.30769,22.617178],[120.307267,22.617037],[120.306115,22.616654],[120.306112,22.616663],[120.305988,22.616987],[120.305979,22.617009],[120.30756,22.617533]]]}},{"type":"Feature","id":"A6408-0587-00","properties":{"code":"A6408-0587-00","district":"苓雅區","area_m2":9409.4,"centroid":[120.294532,22.616811],"population":195,"households":91,"male":94,"female":101,"ages":[20,42,72,61],"density_km2":20724},"geometry":{"type":"Polygon","coordinates":[[[120.294508,22.61744],[120.294531,22.61745],[120.294687,22.617052],[120.294819,22.616715],[120.295022,22.616779],[120.295171,22.61639],[120.295179,22.616369],[120.2946,22.616214],[120.294191,22.61649],[120.293936,22.61726],[120.293931,22.617269],[120.294508,22.61744]]]}},{"type":"Feature","id":"A6408-0585-00","properties":{"code":"A6408-0585-00","district":"苓雅區","area_m2":10011.4,"centroid":[120.299217,22.616869],"population":318,"households":134,"male":147,"female":171,"ages":[56,50,131,81],"density_km2":31764},"geometry":{"type":"Polygon","coordinates":[[[120.299625,22.617395],[120.299647,22.617405],[120.299785,22.617028],[120.299905,22.616703],[120.298804,22.616333],[120.298658,22.616706],[120.298526,22.61704],[120.299625,22.617395]]]}},{"type":"Feature","id":"A6409-0005-00","properties":{"code":"A6409-0005-00","district":"前鎮區","area_m2":7424.4,"centroid":[120.31579,22.61701],"population":230,"households":121,"male":112,"female":118,"ages":[26,53,89,62],"density_km2":30979},"geometry":{"type":"Polygon","coordinates":[[[120.316243,22.617459],[120.316318,22.617266],[120.316439,22.616954],[120.315222,22.616552],[120.315179,22.617113],[120.316243,22.617459]]]}},{"type":"Feature","id":"A6408-0575-00","properties":{"code":"A6408-0575-00","district":"苓雅區","area_m2":3438.9,"centroid":[120.308124,22.617109],"population":322,"households":147,"male":132,"female":190,"ages":[36,80,114,92],"density_km2":93634},"geometry":{"type":"Polygon","coordinates":[[[120.30769,22.617178],[120.308429,22.617424],[120.308565,22.617077],[120.308099,22.616916],[120.307918,22.616801],[120.307847,22.616779],[120.307697,22.617157],[120.30769,22.617178]]]}},{"type":"Feature","id":"A6405-0526-00","properties":{"code":"A6405-0526-00","district":"三民區","area_m2":9619.6,"centroid":[120.318082,22.650323],"population":349,"households":192,"male":161,"female":188,"ages":[26,84,161,78],"density_km2":36280},"geometry":{"type":"Polygon","coordinates":[[[120.317871,22.651074],[120.317917,22.651049],[120.317937,22.651035],[120.317923,22.650967],[120.318085,22.650872],[120.318626,22.650447],[120.318563,22.650333],[120.318228,22.649601],[120.317685,22.649831],[120.317877,22.650192],[120.317664,22.650275],[120.317557,22.650353],[120.317871,22.651074]]]}},{"type":"Feature","id":"A6405-0562-00","properties":{"code":"A6405-0562-00","district":"三民區","area_m2":79463.8,"centroid":[120.294961,22.649524],"population":27,"households":12,"male":20,"female":7,"ages":[2,4,13,8],"density_km2":340},"geometry":{"type":"Polygon","coordinates":[[[120.296975,22.650967],[120.296947,22.650632],[120.296866,22.649386],[120.296736,22.648157],[120.296732,22.648132],[120.295817,22.648346],[120.294557,22.648631],[120.29334,22.648906],[120.292127,22.649173],[120.292431,22.649223],[120.292805,22.649281],[120.2931,22.649358],[120.293342,22.649446],[120.293585,22.649579],[120.294051,22.6499],[120.295088,22.650536],[120.2954,22.650662],[120.295905,22.650836],[120.296245,22.6509],[120.296975,22.650967]]]}},{"type":"Feature","id":"A6405-0735-00","properties":{"code":"A6405-0735-00","district":"三民區","area_m2":8649.5,"centroid":[120.300461,22.646808],"population":277,"households":111,"male":133,"female":144,"ages":[39,53,108,77],"density_km2":32025},"geometry":{"type":"Polygon","coordinates":[[[120.299881,22.647148],[120.301085,22.647111],[120.301016,22.64646],[120.299838,22.646527],[120.299881,22.647148]]]}},{"type":"Feature","id":"A6405-0737-00","properties":{"code":"A6405-0737-00","district":"三民區","area_m2":8746.5,"centroid":[120.301633,22.646745],"population":332,"households":165,"male":159,"female":173,"ages":[43,83,128,78],"density_km2":37958},"geometry":{"type":"Polygon","coordinates":[[[120.301085,22.647111],[120.302246,22.647036],[120.302217,22.646673],[120.302187,22.646379],[120.301016,22.64646],[120.301085,22.647111]]]}},{"type":"Feature","id":"A6405-0749-00","properties":{"code":"A6405-0749-00","district":"三民區","area_m2":3728.9,"centroid":[120.312775,22.646659],"population":82,"households":33,"male":40,"female":42,"ages":[10,17,31,24],"density_km2":21990},"geometry":{"type":"Polygon","coordinates":[[[120.312568,22.646965],[120.313019,22.64709],[120.312945,22.64625],[120.312533,22.646272],[120.312568,22.646965]]]}},{"type":"Feature","id":"A6405-0973-00","properties":{"code":"A6405-0973-00","district":"三民區","area_m2":2823.7,"centroid":[120.317559,22.643422],"population":159,"households":61,"male":73,"female":86,"ages":[31,45,67,16],"density_km2":56309},"geometry":{"type":"Polygon","coordinates":[[[120.317191,22.643604],[120.317983,22.643535],[120.317958,22.643241],[120.317892,22.643246],[120.317376,22.643283],[120.317246,22.643292],[120.317138,22.643299],[120.317163,22.643606],[120.317191,22.643604]]]}},{"type":"Feature","id":"A6405-1008-00","properties":{"code":"A6405-1008-00","district":"三民區","area_m2":5955.8,"centroid":[120.309992,22.642872],"population":263,"households":154,"male":114,"female":149,"ages":[32,112,74,45],"density_km2":44159},"geometry":{"type":"Polygon","coordinates":[[[120.309856,22.643565],[120.310243,22.643535],[120.310206,22.643137],[120.310182,22.642882],[120.310153,22.642482],[120.310134,22.642219],[120.310131,22.642179],[120.309744,22.642207],[120.309747,22.642249],[120.309856,22.643565]]]}},{"type":"Feature","id":"A6405-1017-00","properties":{"code":"A6405-1017-00","district":"三民區","area_m2":20195.9,"centroid":[120.292198,22.642719],"population":200,"households":86,"male":97,"female":103,"ages":[34,50,66,50],"density_km2":9903},"geometry":{"type":"Polygon","coordinates":[[[120.29161,22.643466],[120.291623,22.643466],[120.292869,22.643417],[120.29274,22.641963],[120.292739,22.641952],[120.292718,22.641953],[120.291538,22.642059],[120.291577,22.642822],[120.291579,22.64286],[120.29158,22.642878],[120.291609,22.64343],[120.29161,22.643466]]]}},{"type":"Feature","id":"A6405-0977-00","properties":{"code":"A6405-0977-00","district":"三民區","area_m2":6028.9,"centroid":[120.310882,22.643291],"population":129,"households":53,"male":68,"female":61,"ages":[24,24,51,30],"density_km2":21397},"geometry":{"type":"Polygon","coordinates":[[[120.310243,22.643535],[120.31149,22.643453],[120.311555,22.643449],[120.311522,22.643045],[120.311449,22.64305],[120.310206,22.643137],[120.310243,22.643535]]]}},{"type":"Feature","id":"A6405-1023-00","properties":{"code":"A6405-1023-00","district":"三民區","area_m2":20976.0,"centroid":[120.293429,22.642652],"population":77,"households":40,"male":35,"female":42,"ages":[6,25,29,17],"density_km2":3671},"geometry":{"type":"Polygon","coordinates":[[[120.292869,22.643417],[120.294114,22.643341],[120.294015,22.641905],[120.294013,22.641894],[120.293993,22.641895],[120.292739,22.641952],[120.29274,22.641963],[120.292869,22.643417]]]}},{"type":"Feature","id":"A6405-0987-00","properties":{"code":"A6405-0987-00","district":"三民區","area_m2":6907.5,"centroid":[120.314712,22.64314],"population":336,"households":155,"male":162,"female":174,"ages":[53,93,134,56],"density_km2":48643},"geometry":{"type":"Polygon","coordinates":[[[120.314257,22.643489],[120.315216,22.643415],[120.315171,22.642791],[120.31421,22.64286],[120.314223,22.643142],[120.314238,22.643294],[120.314257,22.643489]]]}},{"type":"Feature","id":"A6405-0983-00","properties":{"code":"A6405-0983-00","district":"三民區","area_m2":5481.1,"centroid":[120.312121,22.643209],"population":89,"households":41,"male":53,"female":36,"ages":[6,22,26,35],"density_km2":16238},"geometry":{"type":"Polygon","coordinates":[[[120.311555,22.643449],[120.312716,22.643386],[120.312682,22.642964],[120.311522,22.643045],[120.311555,22.643449]]]}},{"type":"Feature","id":"A6402-0481-00","properties":{"code":"A6402-0481-00","district":"鼓山區","area_m2":44577.2,"centroid":[120.281912,22.641943],"population":95,"households":51,"male":53,"female":42,"ages":[4,27,34,30],"density_km2":2131},"geometry":{"type":"Polygon","coordinates":[[[120.280909,22.64331],[120.28102,22.643297],[120.281161,22.643288],[120.282083,22.643108],[120.282115,22.64302],[120.28216,22.642898],[120.282208,22.642768],[120.28244,22.642356],[120.282859,22.641725],[120.283036,22.641459],[120.283195,22.641222],[120.281241,22.640597],[120.281047,22.641259],[120.28098,22.641609],[120.280957,22.641719],[120.280885,22.642554],[120.280907,22.64327],[120.280909,22.64331]]]}},{"type":"Feature","id":"A6405-0980-00","properties":{"code":"A6405-0980-00","district":"三民區","area_m2":4253.9,"centroid":[120.307998,22.643218],"population":145,"households":59,"male":67,"female":78,"ages":[23,25,57,40],"density_km2":34086},"geometry":{"type":"Polygon","coordinates":[[[120.307413,22.64342],[120.307434,22.643419],[120.308626,22.64331],[120.308606,22.643025],[120.3074,22.643095],[120.30738,22.643096],[120.307405,22.643334],[120.307413,22.643409],[120.307413,22.64342]]]}},{"type":"Feature","id":"A6405-1235-00","properties":{"code":"A6405-1235-00","district":"三民區","area_m2":6839.1,"centroid":[120.298757,22.640151],"population":128,"households":56,"male":70,"female":58,"ages":[16,28,49,35],"density_km2":18716},"geometry":{"type":"Polygon","coordinates":[[[120.298198,22.640446],[120.299344,22.64038],[120.299336,22.640077],[120.299329,22.639851],[120.299039,22.639875],[120.298161,22.639938],[120.298178,22.640162],[120.298198,22.640446]]]}},{"type":"Feature","id":"A6405-1282-00","properties":{"code":"A6405-1282-00","district":"三民區","area_m2":12032.7,"centroid":[120.314286,22.639573],"population":341,"households":160,"male":169,"female":172,"ages":[37,60,153,91],"density_km2":28339},"geometry":{"type":"Polygon","coordinates":[[[120.314602,22.640317],[120.31463,22.640323],[120.314697,22.640316],[120.314667,22.639992],[120.314637,22.639671],[120.314608,22.639361],[120.314568,22.638786],[120.314471,22.638793],[120.314076,22.63882],[120.31393,22.638831],[120.31388,22.638834],[120.313893,22.639001],[120.313989,22.640264],[120.314026,22.640358],[120.314602,22.640317]]]}},{"type":"Feature","id":"A6405-1258-00","properties":{"code":"A6405-1258-00","district":"三民區","area_m2":11785.7,"centroid":[120.305387,22.639837],"population":108,"households":51,"male":52,"female":56,"ages":[9,17,45,37],"density_km2":9164},"geometry":{"type":"Polygon","coordinates":[[[120.304822,22.640308],[120.306009,22.640232],[120.305975,22.639681],[120.305956,22.639365],[120.305852,22.639372],[120.305399,22.639405],[120.304764,22.639434],[120.304794,22.639894],[120.304822,22.640308]]]}},{"type":"Feature","id":"A6405-1271-00","properties":{"code":"A6405-1271-00","district":"三民區","area_m2":8671.0,"centroid":[120.285006,22.639605],"population":258,"households":95,"male":131,"female":127,"ages":[30,48,110,70],"density_km2":29754},"geometry":{"type":"Polygon","coordinates":[[[120.285532,22.640206],[120.28581,22.6398],[120.284841,22.63924],[120.284414,22.638994],[120.284316,22.639232],[120.284224,22.639429],[120.284219,22.63944],[120.285332,22.640089],[120.285532,22.640206]]]}},{"type":"Feature","id":"A6405-1245-00","properties":{"code":"A6405-1245-00","district":"三民區","area_m2":3171.8,"centroid":[120.315103,22.640113],"population":217,"households":105,"male":108,"female":109,"ages":[33,32,90,62],"density_km2":68416},"geometry":{"type":"Polygon","coordinates":[[[120.314697,22.640316],[120.31494,22.640294],[120.314963,22.640292],[120.315537,22.640245],[120.315503,22.639908],[120.314667,22.639992],[120.314697,22.640316]]]}},{"type":"Feature","id":"A6405-1256-00","properties":{"code":"A6405-1256-00","district":"三民區","area_m2":4571.8,"centroid":[120.288091,22.63978],"population":314,"households":148,"male":157,"female":157,"ages":[33,66,136,79],"density_km2":68682},"geometry":{"type":"Polygon","coordinates":[[[120.288214,22.640191],[120.288236,22.640198],[120.288489,22.639541],[120.287947,22.639363],[120.287693,22.64002],[120.288214,22.640191]]]}},{"type":"Feature","id":"A6405-1277-00","properties":{"code":"A6405-1277-00","district":"三民區","area_m2":9668.8,"centroid":[120.285593,22.63952],"population":315,"households":141,"male":158,"female":157,"ages":[42,75,140,58],"density_km2":32579},"geometry":{"type":"Polygon","coordinates":[[[120.28581,22.6398],[120.286442,22.640165],[120.286484,22.640189],[120.286541,22.639526],[120.284461,22.638884],[120.284439,22.63894],[120.284414,22.638994],[120.284841,22.63924],[120.28581,22.6398]]]}},{"type":"Feature","id":"A6402-0489-00","properties":{"code":"A6402-0489-00","district":"鼓山區","area_m2":9262.8,"centroid":[120.280136,22.639642],"population":239,"households":100,"male":123,"female":116,"ages":[27,48,104,60],"density_km2":25802},"geometry":{"type":"Polygon","coordinates":[[[120.280567,22.640142],[120.280748,22.639389],[120.279859,22.639138],[120.279837,22.639128],[120.279673,22.639546],[120.279533,22.639812],[120.279485,22.639898],[120.280567,22.640142]]]}},{"type":"Feature","id":"A6405-1266-00","properties":{"code":"A6405-1266-00","district":"三民區","area_m2":14267.8,"centroid":[120.306733,22.639732],"population":252,"households":115,"male":127,"female":125,"ages":[28,54,100,70],"density_km2":17662},"geometry":{"type":"Polygon","coordinates":[[[120.306009,22.640232],[120.307167,22.640156],[120.307185,22.640155],[120.307182,22.640128],[120.307377,22.639791],[120.307568,22.639461],[120.307558,22.639251],[120.307523,22.639253],[120.306714,22.63931],[120.306618,22.639317],[120.305956,22.639365],[120.305975,22.639681],[120.306009,22.640232]]]}},{"type":"Feature","id":"A6405-1275-00","properties":{"code":"A6405-1275-00","district":"三民區","area_m2":6654.3,"centroid":[120.31614,22.639792],"population":181,"households":85,"male":93,"female":88,"ages":[22,38,72,49],"density_km2":27200},"geometry":{"type":"Polygon","coordinates":[[[120.315537,22.640245],[120.316105,22.640198],[120.316227,22.64018],[120.316249,22.640178],[120.316602,22.640137],[120.316662,22.640132],[120.316562,22.63919],[120.316406,22.63921],[120.316271,22.639525],[120.316138,22.639834],[120.316066,22.639851],[120.315503,22.639908],[120.315537,22.640245]]]}},{"type":"Feature","id":"A6406-0004-00","properties":{"code":"A6406-0004-00","district":"新興區","area_m2":17857.2,"centroid":[120.299462,22.6364],"population":334,"households":171,"male":156,"female":178,"ages":[20,87,153,74],"density_km2":18704},"geometry":{"type":"Polygon","coordinates":[[[120.299376,22.636844],[120.299467,22.636873],[120.299598,22.636896],[120.299884,22.636883],[120.300098,22.636868],[120.300614,22.636832],[120.300608,22.63676],[120.300603,22.636715],[120.300582,22.636396],[120.300563,22.636135],[120.299632,22.636199],[120.29852,22.635831],[120.298403,22.636146],[120.298304,22.636414],[120.298271,22.636485],[120.299376,22.636844]]]}},{"type":"Feature","id":"A6405-1468-00","properties":{"code":"A6405-1468-00","district":"三民區","area_m2":3855.5,"centroid":[120.318361,22.636738],"population":95,"households":39,"male":49,"female":46,"ages":[19,24,36,16],"density_km2":24640},"geometry":{"type":"Polygon","coordinates":[[[120.317747,22.636955],[120.318996,22.636859],[120.319018,22.636815],[120.319042,22.636752],[120.318995,22.636748],[120.318418,22.636592],[120.318013,22.636482],[120.317765,22.636931],[120.317747,22.636955]]]}},{"type":"Feature","id":"A6406-0007-00","properties":{"code":"A6406-0007-00","district":"新興區","area_m2":5467.0,"centroid":[120.309232,22.636225],"population":205,"households":82,"male":103,"female":102,"ages":[45,36,73,51],"density_km2":37498},"geometry":{"type":"Polygon","coordinates":[[[120.30946,22.636911],[120.309451,22.63677],[120.309415,22.63621],[120.30935,22.635542],[120.309006,22.635563],[120.309091,22.636855],[120.309402,22.636904],[120.30946,22.636911]]]}},{"type":"Feature","id":"A6406-0011-00","properties":{"code":"A6406-0011-00","district":"新興區","area_m2":21245.3,"centroid":[120.310072,22.636186],"population":317,"households":126,"male":139,"female":178,"ages":[45,79,127,66],"density_km2":14921},"geometry":{"type":"Polygon","coordinates":[[[120.310733,22.636901],[120.310754,22.636901],[120.310787,22.636907],[120.310764,22.636758],[120.310743,22.636452],[120.310719,22.636099],[120.310674,22.635439],[120.30935,22.635542],[120.309415,22.63621],[120.309451,22.63677],[120.30946,22.636911],[120.310733,22.636901]]]}},{"type":"Feature","id":"A6405-1472-00","properties":{"code":"A6405-1472-00","district":"三民區","area_m2":3308.9,"centroid":[120.29535,22.636525],"population":73,"households":37,"male":28,"female":45,"ages":[5,23,25,20],"density_km2":22062},"geometry":{"type":"Polygon","coordinates":[[[120.294985,22.636662],[120.295534,22.63685],[120.295717,22.63638],[120.295153,22.636202],[120.294985,22.636662]]]}},{"type":"Feature","id":"A6406-0001-00","properties":{"code":"A6406-0001-00","district":"新興區","area_m2":7080.9,"centroid":[120.311433,22.636637],"population":207,"households":83,"male":100,"female":107,"ages":[43,43,59,62],"density_km2":29234},"geometry":{"type":"Polygon","coordinates":[[[120.312123,22.636834],[120.312107,22.636691],[120.312072,22.636363],[120.310743,22.636452],[120.310764,22.636758],[120.310787,22.636907],[120.312123,22.636834]]]}},{"type":"Feature","id":"A6406-0002-00","properties":{"code":"A6406-0002-00","district":"新興區","area_m2":14246.8,"centroid":[120.301477,22.636418],"population":164,"households":93,"male":77,"female":87,"ages":[16,26,62,60],"density_km2":11511},"geometry":{"type":"Polygon","coordinates":[[[120.300614,22.636832],[120.300634,22.636831],[120.302402,22.636708],[120.302387,22.636609],[120.302361,22.636428],[120.302315,22.636133],[120.302312,22.636001],[120.301776,22.636039],[120.30138,22.636067],[120.300584,22.636134],[120.300563,22.636135],[120.300582,22.636396],[120.300603,22.636715],[120.300608,22.63676],[120.300614,22.636832]]]}},{"type":"Feature","id":"A6406-0009-00","properties":{"code":"A6406-0009-00","district":"新興區","area_m2":6150.2,"centroid":[120.30883,22.6362],"population":105,"households":45,"male":54,"female":51,"ages":[22,14,42,27],"density_km2":17073},"geometry":{"type":"Polygon","coordinates":[[[120.309091,22.636855],[120.309006,22.635563],[120.3089,22.63557],[120.308562,22.635591],[120.308657,22.636771],[120.309027,22.636844],[120.309091,22.636855]]]}},{"type":"Feature","id":"A6406-0005-00","properties":{"code":"A6406-0005-00","district":"新興區","area_m2":15164.9,"centroid":[120.312876,22.636373],"population":0,"households":0,"male":0,"female":0,"ages":[0,0,0,0],"density_km2":0},"geometry":{"type":"Polygon","coordinates":[[[120.313716,22.636739],[120.31369,22.636448],[120.313643,22.635913],[120.313512,22.635921],[120.312033,22.636005],[120.312072,22.636363],[120.312107,22.636691],[120.312123,22.636834],[120.313716,22.636739]]]}},{"type":"Feature","id":"A6405-1480-00","properties":{"code":"A6405-1480-00","district":"三民區","area_m2":11018.2,"centroid":[120.288241,22.6361],"population":305,"households":129,"male":145,"female":160,"ages":[26,68,121,90],"density_km2":27681},"geometry":{"type":"Polygon","coordinates":[[[120.288974,22.636719],[120.289199,22.636124],[120.287367,22.635513],[120.287222,22.635851],[120.288092,22.636276],[120.288203,22.636333],[120.288928,22.636696],[120.288974,22.636719]]]}},{"type":"Feature","id":"A6406-0010-00","properties":{"code":"A6406-0010-00","district":"新興區","area_m2":6714.9,"centroid":[120.308344,22.636173],"population":183,"households":103,"male":96,"female":87,"ages":[18,37,76,52],"density_km2":27253},"geometry":{"type":"Polygon","coordinates":[[[120.308657,22.636771],[120.308562,22.635591],[120.308533,22.635593],[120.308065,22.635636],[120.308022,22.635634],[120.308132,22.636683],[120.308576,22.636756],[120.308596,22.63676],[120.308657,22.636771]]]}},{"type":"Feature","id":"A6405-1481-00","properties":{"code":"A6405-1481-00","district":"三民區","area_m2":13318.6,"centroid":[120.296087,22.636136],"population":324,"households":169,"male":154,"female":170,"ages":[28,62,151,83],"density_km2":24327},"geometry":{"type":"Polygon","coordinates":[[[120.296788,22.636709],[120.296852,22.636535],[120.29687,22.636484],[120.29696,22.636236],[120.297022,22.63608],[120.295883,22.635713],[120.29577,22.635674],[120.295404,22.63555],[120.29534,22.635716],[120.295153,22.636202],[120.295717,22.63638],[120.295854,22.636424],[120.296785,22.636719],[120.296788,22.636709]]]}},{"type":"Feature","id":"A6407-0033-00","properties":{"code":"A6407-0033-00","district":"前金區","area_m2":16226.0,"centroid":[120.295195,22.63202],"population":263,"households":154,"male":122,"female":141,"ages":[19,83,99,62],"density_km2":16209},"geometry":{"type":"Polygon","coordinates":[[[120.295466,22.633087],[120.295488,22.633097],[120.295756,22.632421],[120.295306,22.63226],[120.295779,22.630981],[120.295756,22.630973],[120.295296,22.630823],[120.295039,22.631499],[120.294806,22.632126],[120.294555,22.632794],[120.295466,22.633087]]]}},{"type":"Feature","id":"A6406-0090-00","properties":{"code":"A6406-0090-00","district":"新興區","area_m2":5790.6,"centroid":[120.316193,22.632951],"population":313,"households":130,"male":149,"female":164,"ages":[96,61,117,39],"density_km2":54053},"geometry":{"type":"Polygon","coordinates":[[[120.315474,22.633177],[120.316824,22.633096],[120.316946,22.632749],[120.316956,22.632721],[120.316565,22.632749],[120.31545,22.632834],[120.315453,22.632868],[120.315474,22.633177]]]}},{"type":"Feature","id":"A6407-0024-00","properties":{"code":"A6407-0024-00","district":"前金區","area_m2":10507.2,"centroid":[120.289586,22.632544],"population":403,"households":203,"male":189,"female":214,"ages":[59,92,162,90],"density_km2":38355},"geometry":{"type":"Polygon","coordinates":[[[120.290368,22.633058],[120.29056,22.632597],[120.288821,22.632029],[120.28861,22.632494],[120.290368,22.633058]]]}},{"type":"Feature","id":"A6406-0097-00","properties":{"code":"A6406-0097-00","district":"新興區","area_m2":14011.9,"centroid":[120.312573,22.6327],"population":347,"households":139,"male":152,"female":195,"ages":[71,74,117,85],"density_km2":24765},"geometry":{"type":"Polygon","coordinates":[[[120.311813,22.633132],[120.313408,22.633028],[120.313405,22.632971],[120.313402,22.632933],[120.313384,22.632639],[120.313361,22.632269],[120.31173,22.632373],[120.311771,22.632749],[120.311813,22.633132]]]}},{"type":"Feature","id":"A6408-0077-00","properties":{"code":"A6408-0077-00","district":"苓雅區","area_m2":10453.1,"centroid":[120.318232,22.632634],"population":155,"households":85,"male":66,"female":89,"ages":[25,27,52,51],"density_km2":14828},"geometry":{"type":"Polygon","coordinates":[[[120.318508,22.633013],[120.318632,22.632916],[120.318908,22.632699],[120.318986,22.632645],[120.319004,22.63263],[120.318777,22.632413],[120.317832,22.632092],[120.317823,22.632116],[120.317519,22.632892],[120.318333,22.633156],[120.318508,22.633013]]]}},{"type":"Feature","id":"A6406-0103-00","properties":{"code":"A6406-0103-00","district":"新興區","area_m2":12776.9,"centroid":[120.301167,22.63231],"population":113,"households":63,"male":55,"female":58,"ages":[3,24,43,43],"density_km2":8844},"geometry":{"type":"Polygon","coordinates":[[[120.301416,22.632875],[120.302064,22.633035],[120.301965,22.631978],[120.301948,22.631795],[120.301663,22.631905],[120.301521,22.63196],[120.301348,22.631991],[120.301196,22.632003],[120.300996,22.631962],[120.300121,22.631663],[120.300001,22.631976],[120.301489,22.63248],[120.301337,22.63285],[120.301393,22.632869],[120.301416,22.632875]]]}},{"type":"Feature","id":"A6406-0110-00","properties":{"code":"A6406-0110-00","district":"新興區","area_m2":19704.9,"centroid":[120.302482,22.632148],"population":214,"households":102,"male":113,"female":101,"ages":[23,35,77,79],"density_km2":10860},"geometry":{"type":"Polygon","coordinates":[[[120.302064,22.633035],[120.302688,22.632991],[120.303037,22.632967],[120.303058,22.632965],[120.30303,22.632577],[120.303004,22.632209],[120.302971,22.631842],[120.302927,22.631362],[120.302919,22.631271],[120.302899,22.631272],[120.302546,22.6313],[120.301901,22.631294],[120.301948,22.631795],[120.301965,22.631978],[120.302064,22.633035]]]}},{"type":"Feature","id":"A6406-0096-00","properties":{"code":"A6406-0096-00","district":"新興區","area_m2":4851.0,"centroid":[120.29903,22.632655],"population":225,"households":147,"male":104,"female":121,"ages":[14,56,108,47],"density_km2":46382},"geometry":{"type":"Polygon","coordinates":[[[120.299694,22.6327],[120.298503,22.632303],[120.298369,22.632621],[120.298391,22.632632],[120.298478,22.632659],[120.299574,22.633006],[120.299694,22.6327]]]}},{"type":"Feature","id":"A6401-0006-00","properties":{"code":"A6401-0006-00","district":"鹽埕區","area_m2":8658.3,"centroid":[120.284384,22.632305],"population":268,"households":126,"male":123,"female":145,"ages":[26,63,108,71],"density_km2":30953},"geometry":{"type":"Polygon","coordinates":[[[120.284282,22.632907],[120.284976,22.632636],[120.284445,22.631712],[120.284437,22.631696],[120.284423,22.631702],[120.283803,22.631982],[120.283812,22.631998],[120.284282,22.632907]]]}},{"type":"Feature","id":"A6406-0094-00","properties":{"code":"A6406-0094-00","district":"新興區","area_m2":8054.3,"centroid":[120.30393,22.6327],"population":184,"households":109,"male":76,"female":108,"ages":[15,43,74,52],"density_km2":22845},"geometry":{"type":"Polygon","coordinates":[[[120.304789,22.632839],[120.304826,22.632844],[120.304792,22.632432],[120.30477,22.632433],[120.303153,22.632563],[120.30303,22.632577],[120.303058,22.632965],[120.304789,22.632839]]]}},{"type":"Feature","id":"A6406-0171-00","properties":{"code":"A6406-0171-00","district":"新興區","area_m2":11389.8,"centroid":[120.305185,22.629248],"population":211,"households":104,"male":116,"female":95,"ages":[22,36,77,76],"density_km2":18525},"geometry":{"type":"Polygon","coordinates":[[[120.304533,22.629653],[120.304554,22.629651],[120.305906,22.629568],[120.305904,22.629556],[120.305875,22.629197],[120.305846,22.628842],[120.304459,22.628937],[120.304533,22.629641],[120.304533,22.629653]]]}},{"type":"Feature","id":"A6402-0545-00","properties":{"code":"A6402-0545-00","district":"鼓山區","area_m2":24059.7,"centroid":[120.278123,22.627536],"population":51,"households":30,"male":30,"female":21,"ages":[1,16,12,22],"density_km2":2120},"geometry":{"type":"Polygon","coordinates":[[[120.278698,22.629479],[120.27871,22.62944],[120.278693,22.62935],[120.278561,22.629081],[120.278511,22.628889],[120.27848,22.628727],[120.278468,22.628387],[120.278479,22.628089],[120.27848,22.628072],[120.27851,22.627692],[120.278522,22.627618],[120.278559,22.62752],[120.278602,22.62743],[120.278671,22.627337],[120.278777,22.62723],[120.279084,22.627053],[120.27866,22.626424],[120.278474,22.626149],[120.278121,22.626329],[120.277942,22.626442],[120.277904,22.626427],[120.277019,22.626929],[120.277339,22.627093],[120.277535,22.627274],[120.277649,22.627412],[120.277761,22.627426],[120.277896,22.627507],[120.278012,22.627741],[120.278128,22.627917],[120.278195,22.628213],[120.278337,22.628585],[120.278362,22.629095],[120.278471,22.629358],[120.278563,22.629467],[120.278698,22.629479]]]}},{"type":"Feature","id":"A6406-0170-00","properties":{"code":"A6406-0170-00","district":"新興區","area_m2":9935.8,"centroid":[120.312453,22.62932],"population":229,"households":96,"male":118,"female":111,"ages":[32,46,93,58],"density_km2":23048},"geometry":{"type":"Polygon","coordinates":[[[120.311504,22.629622],[120.312949,22.629525],[120.313276,22.629503],[120.313348,22.629316],[120.313465,22.629011],[120.312922,22.629056],[120.311471,22.629175],[120.311504,22.629622]]]}},{"type":"Feature","id":"A6401-0027-00","properties":{"code":"A6401-0027-00","district":"鹽埕區","area_m2":9150.5,"centroid":[120.281539,22.628861],"population":146,"households":66,"male":70,"female":76,"ages":[17,31,55,43],"density_km2":15955},"geometry":{"type":"Polygon","coordinates":[[[120.281172,22.62948],[120.281492,22.629298],[120.281696,22.629182],[120.281746,22.629245],[120.282184,22.629035],[120.281711,22.628166],[120.281454,22.628503],[120.281407,22.628565],[120.281104,22.628852],[120.280998,22.628924],[120.280883,22.62903],[120.281172,22.62948]]]}},{"type":"Feature","id":"A6407-0070-00","properties":{"code":"A6407-0070-00","district":"前金區","area_m2":6380.0,"centroid":[120.297684,22.62913],"population":362,"households":211,"male":172,"female":190,"ages":[52,85,153,72],"density_km2":56740},"geometry":{"type":"Polygon","coordinates":[[[120.298202,22.629537],[120.298217,22.629507],[120.29835,22.629109],[120.297166,22.628725],[120.297013,22.629141],[120.298202,22.629537]]]}},{"type":"Feature","id":"A6406-0169-00","properties":{"code":"A6406-0169-00","district":"新興區","area_m2":5580.2,"centroid":[120.306553,22.629336],"population":196,"households":115,"male":80,"female":116,"ages":[21,40,73,62],"density_km2":35124},"geometry":{"type":"Polygon","coordinates":[[[120.305906,22.629568],[120.305926,22.629567],[120.307218,22.62947],[120.307233,22.629469],[120.307203,22.629106],[120.305875,22.629197],[120.305904,22.629556],[120.305906,22.629568]]]}},{"type":"Feature","id":"A6407-0072-00","properties":{"code":"A6407-0072-00","district":"前金區","area_m2":6810.5,"centroid":[120.29905,22.629102],"population":280,"households":144,"male":145,"female":135,"ages":[18,63,113,86],"density_km2":41113},"geometry":{"type":"Polygon","coordinates":[[[120.29835,22.629109],[120.29958,22.629522],[120.299747,22.629086],[120.298521,22.628683],[120.29835,22.629109]]]}},{"type":"Feature","id":"A6401-0026-00","properties":{"code":"A6401-0026-00","district":"鹽埕區","area_m2":5745.9,"centroid":[120.286534,22.629053],"population":79,"households":46,"male":44,"female":35,"ages":[7,14,32,26],"density_km2":13749},"geometry":{"type":"Polygon","coordinates":[[[120.286851,22.629452],[120.286864,22.629425],[120.286987,22.629177],[120.287052,22.629047],[120.287097,22.628965],[120.286577,22.628787],[120.286189,22.628654],[120.28598,22.629146],[120.286851,22.629452]]]}},{"type":"Feature","id":"A6407-0071-00","properties":{"code":"A6407-0071-00","district":"前金區","area_m2":5200.3,"centroid":[120.294479,22.629108],"population":16,"households":7,"male":8,"female":8,"ages":[2,5,3,6],"density_km2":3077},"geometry":{"type":"Polygon","coordinates":[[[120.294971,22.629483],[120.295111,22.629122],[120.295089,22.629112],[120.293982,22.628736],[120.293843,22.629081],[120.293864,22.629092],[120.294971,22.629483]]]}},{"type":"Feature","id":"A6406-0172-00","properties":{"code":"A6406-0172-00","district":"新興區","area_m2":3334.1,"centroid":[120.300772,22.62917],"population":68,"households":39,"male":24,"female":44,"ages":[9,17,26,16],"density_km2":20396},"geometry":{"type":"Polygon","coordinates":[[[120.3004,22.629306],[120.300958,22.629494],[120.301147,22.629037],[120.301124,22.629032],[120.300884,22.628951],[120.300573,22.628846],[120.3004,22.629306]]]}},{"type":"Feature","id":"A6408-0178-00","properties":{"code":"A6408-0178-00","district":"苓雅區","area_m2":4947.7,"centroid":[120.313814,22.629128],"population":92,"households":38,"male":43,"female":49,"ages":[31,21,33,7],"density_km2":18595},"geometry":{"type":"Polygon","coordinates":[[[120.31392,22.629499],[120.31398,22.629341],[120.314145,22.62939],[120.314295,22.628995],[120.313683,22.628787],[120.313566,22.628748],[120.313465,22.629011],[120.313348,22.629316],[120.31392,22.629499]]]}},{"type":"Feature","id":"A6406-0235-00","properties":{"code":"A6406-0235-00","district":"新興區","area_m2":9715.9,"centroid":[120.301517,22.624842],"population":29,"households":14,"male":17,"female":12,"ages":[4,4,9,12],"density_km2":2985},"geometry":{"type":"Polygon","coordinates":[[[120.30118,22.625406],[120.301181,22.625418],[120.301258,22.62541],[120.301968,22.625344],[120.301921,22.624882],[120.301919,22.624858],[120.301885,22.624657],[120.301844,22.624264],[120.301146,22.624329],[120.301069,22.624336],[120.30118,22.625406]]]}},{"type":"Feature","id":"A6407-0098-00","properties":{"code":"A6407-0098-00","district":"前金區","area_m2":9226.0,"centroid":[120.290441,22.624835],"population":284,"households":151,"male":131,"female":153,"ages":[32,65,97,90],"density_km2":30782},"geometry":{"type":"Polygon","coordinates":[[[120.291444,22.62536],[120.291582,22.625022],[120.290144,22.624549],[120.289421,22.624311],[120.289404,22.624363],[120.289391,22.624399],[120.289366,22.624464],[120.289296,22.624639],[120.290946,22.625193],[120.291444,22.62536]]]}},{"type":"Feature","id":"A6401-0072-00","properties":{"code":"A6401-0072-00","district":"鹽埕區","area_m2":9299.5,"centroid":[120.280233,22.624647],"population":64,"households":31,"male":30,"female":34,"ages":[2,19,26,17],"density_km2":6882},"geometry":{"type":"Polygon","coordinates":[[[120.28017,22.625301],[120.280791,22.624994],[120.280803,22.624987],[120.280827,22.624974],[120.280296,22.623997],[120.280273,22.624008],[120.279639,22.624303],[120.28017,22.625301]]]}},{"type":"Feature","id":"A6406-0232-00","properties":{"code":"A6406-0232-00","district":"新興區","area_m2":4625.6,"centroid":[120.302403,22.62508],"population":49,"households":31,"male":20,"female":29,"ages":[2,8,21,18],"density_km2":10593},"geometry":{"type":"Polygon","coordinates":[[[120.301968,22.625344],[120.302811,22.625262],[120.302922,22.62498],[120.302565,22.624819],[120.301921,22.624882],[120.301968,22.625344]]]}},{"type":"Feature","id":"A6401-0073-00","properties":{"code":"A6401-0073-00","district":"鹽埕區","area_m2":11426.7,"centroid":[120.282863,22.624571],"population":259,"households":110,"male":135,"female":124,"ages":[22,61,97,79],"density_km2":22666},"geometry":{"type":"Polygon","coordinates":[[[120.282711,22.625251],[120.282728,22.625243],[120.283537,22.624856],[120.283027,22.623904],[120.283018,22.623888],[120.283005,22.623894],[120.282227,22.624283],[120.282186,22.624304],[120.282705,22.625232],[120.282711,22.625251]]]}},{"type":"Feature","id":"A6406-0234-00","properties":{"code":"A6406-0234-00","district":"新興區","area_m2":9495.0,"centroid":[120.305435,22.624871],"population":204,"households":115,"male":93,"female":111,"ages":[21,42,77,64],"density_km2":21485},"geometry":{"type":"Polygon","coordinates":[[[120.304662,22.62518],[120.304698,22.625191],[120.305098,22.625323],[120.305229,22.624998],[120.306071,22.625275],[120.306232,22.624854],[120.306252,22.624804],[120.306211,22.624791],[120.30498,22.624392],[120.304684,22.62511],[120.304662,22.62518]]]}},{"type":"Feature","id":"A6408-0279-00","properties":{"code":"A6408-0279-00","district":"苓雅區","area_m2":14724.4,"centroid":[120.312374,22.624722],"population":557,"households":215,"male":251,"female":306,"ages":[166,96,188,107],"density_km2":37828},"geometry":{"type":"Polygon","coordinates":[[[120.312939,22.625339],[120.312971,22.625353],[120.313118,22.624999],[120.313122,22.62499],[120.313285,22.624598],[120.311847,22.624131],[120.311739,22.624098],[120.311727,22.624094],[120.311603,22.624464],[120.31159,22.624501],[120.311474,22.624847],[120.31292,22.625333],[120.312939,22.625339]]]}},{"type":"Feature","id":"A6408-0276-00","properties":{"code":"A6408-0276-00","district":"苓雅區","area_m2":9216.0,"centroid":[120.313784,22.62483],"population":281,"households":105,"male":131,"female":150,"ages":[69,49,90,73],"density_km2":30490},"geometry":{"type":"Polygon","coordinates":[[[120.313122,22.62499],[120.31419,22.625347],[120.314325,22.624988],[120.314443,22.624671],[120.313383,22.62431],[120.313285,22.624598],[120.313122,22.62499]]]}},{"type":"Feature","id":"A6402-0556-00","properties":{"code":"A6402-0556-00","district":"鼓山區","area_m2":9688.3,"centroid":[120.270225,22.6246],"population":120,"households":50,"male":61,"female":59,"ages":[8,29,54,29],"density_km2":12386},"geometry":{"type":"Polygon","coordinates":[[[120.270971,22.625124],[120.270291,22.62401],[120.269945,22.624194],[120.269571,22.624392],[120.269464,22.624429],[120.269663,22.624645],[120.269678,22.624658],[120.269872,22.624839],[120.269899,22.624864],[120.270164,22.625021],[120.270287,22.625059],[120.270416,22.6251],[120.270559,22.625116],[120.270712,22.625137],[120.270866,22.625129],[120.270971,22.625124]]]}},{"type":"Feature","id":"A6402-0557-00","properties":{"code":"A6402-0557-00","district":"鼓山區","area_m2":7293.2,"centroid":[120.270869,22.624478],"population":286,"households":127,"male":144,"female":142,"ages":[24,64,112,86],"density_km2":39215},"geometry":{"type":"Polygon","coordinates":[[[120.271435,22.624971],[120.271456,22.624959],[120.270679,22.623802],[120.270656,22.623816],[120.270291,22.62401],[120.270971,22.625124],[120.271103,22.625102],[120.271299,22.625047],[120.271435,22.624971]]]}},{"type":"Feature","id":"A6407-0101-00","properties":{"code":"A6407-0101-00","district":"前金區","area_m2":10928.1,"centroid":[120.294557,22.624683],"population":265,"households":114,"male":118,"female":147,"ages":[39,69,86,71],"density_km2":24249},"geometry":{"type":"Polygon","coordinates":[[[120.295341,22.625216],[120.295535,22.624738],[120.293772,22.624149],[120.293757,22.624192],[120.29358,22.624633],[120.293617,22.624645],[120.295341,22.625216]]]}},{"type":"Feature","id":"A6406-0236-00","properties":{"code":"A6406-0236-00","district":"新興區","area_m2":4877.4,"centroid":[120.306945,22.624863],"population":60,"households":34,"male":31,"female":29,"ages":[4,18,24,14],"density_km2":12302},"geometry":{"type":"Polygon","coordinates":[[[120.307527,22.625224],[120.30764,22.624929],[120.306371,22.624502],[120.306252,22.624804],[120.307445,22.625195],[120.307527,22.625224]]]}},{"type":"Feature","id":"A6407-0134-00","properties":{"code":"A6407-0134-00","district":"前金區","area_m2":14124.6,"centroid":[120.291087,22.62113],"population":357,"households":217,"male":159,"female":198,"ages":[33,81,150,93],"density_km2":25275},"geometry":{"type":"Polygon","coordinates":[[[120.292069,22.621758],[120.291562,22.62075],[120.291545,22.620717],[120.291504,22.620629],[120.29104,22.620627],[120.290884,22.620626],[120.290175,22.620625],[120.290175,22.620646],[120.290174,22.620673],[120.29016,22.620899],[120.29014,22.621106],[120.290138,22.621124],[120.291771,22.62166],[120.292069,22.621758]]]}},{"type":"Feature","id":"A6406-0275-00","properties":{"code":"A6406-0275-00","district":"新興區","area_m2":14124.2,"centroid":[120.30226,22.620872],"population":46,"households":27,"male":28,"female":18,"ages":[3,10,20,13],"density_km2":3257},"geometry":{"type":"Polygon","coordinates":[[[120.3015,22.621568],[120.302127,22.621784],[120.302553,22.620638],[120.302912,22.620756],[120.302938,22.620693],[120.303085,22.620343],[120.303096,22.620318],[120.303074,22.620307],[120.302153,22.620018],[120.3015,22.621568]]]}},{"type":"Feature","id":"A6408-0400-00","properties":{"code":"A6408-0400-00","district":"苓雅區","area_m2":36761.9,"centroid":[120.312014,22.620727],"population":0,"households":0,"male":0,"female":0,"ages":[0,0,0,0],"density_km2":0},"geometry":{"type":"Polygon","coordinates":[[[120.312654,22.621714],[120.31316,22.620384],[120.313234,22.620262],[120.311421,22.619621],[120.311383,22.619723],[120.310803,22.621216],[120.311592,22.621483],[120.31261,22.621828],[120.312654,22.621714]]]}},{"type":"Feature","id":"A6402-0588-00","properties":{"code":"A6402-0588-00","district":"鼓山區","area_m2":8629.5,"centroid":[120.27029,22.620848],"population":55,"households":27,"male":31,"female":24,"ages":[3,11,24,17],"density_km2":6373},"geometry":{"type":"Polygon","coordinates":[[[120.270062,22.621605],[120.270765,22.621211],[120.270801,22.621189],[120.269962,22.619939],[120.269952,22.620194],[120.26991,22.621203],[120.269901,22.621377],[120.270062,22.621605]]]}},{"type":"Feature","id":"A6402-0586-00","properties":{"code":"A6402-0586-00","district":"鼓山區","area_m2":6705.4,"centroid":[120.274471,22.620986],"population":58,"households":28,"male":30,"female":28,"ages":[5,11,22,20],"density_km2":8650},"geometry":{"type":"Polygon","coordinates":[[[120.274566,22.621589],[120.275015,22.621311],[120.274367,22.620383],[120.273929,22.620647],[120.274566,22.621589]]]}},{"type":"Feature","id":"A6408-0387-00","properties":{"code":"A6408-0387-00","district":"苓雅區","area_m2":11975.3,"centroid":[120.306979,22.621155],"population":148,"households":71,"male":67,"female":81,"ages":[13,32,59,44],"density_km2":12359},"geometry":{"type":"Polygon","coordinates":[[[120.307379,22.621701],[120.307454,22.621733],[120.307627,22.62131],[120.307746,22.620984],[120.307727,22.620977],[120.306494,22.620578],[120.306371,22.620907],[120.306211,22.621331],[120.307379,22.621701]]]}},{"type":"Feature","id":"A6401-0117-00","properties":{"code":"A6401-0117-00","district":"鹽埕區","area_m2":10321.0,"centroid":[120.282839,22.620953],"population":184,"households":79,"male":93,"female":91,"ages":[20,44,68,52],"density_km2":17828},"geometry":{"type":"Polygon","coordinates":[[[120.282743,22.621614],[120.282756,22.621608],[120.283478,22.62125],[120.282958,22.620309],[120.282949,22.620293],[120.282936,22.620299],[120.282211,22.620655],[120.282195,22.620656],[120.282735,22.621598],[120.282743,22.621614]]]}},{"type":"Feature","id":"A6407-0136-00","properties":{"code":"A6407-0136-00","district":"前金區","area_m2":16298.0,"centroid":[120.296036,22.62098],"population":147,"households":75,"male":66,"female":81,"ages":[12,23,63,49],"density_km2":9020},"geometry":{"type":"Polygon","coordinates":[[[120.296748,22.621635],[120.297017,22.620898],[120.296222,22.620621],[120.295373,22.620326],[120.295352,22.620316],[120.29522,22.620661],[120.295058,22.6211],[120.296748,22.621635]]]}},{"type":"Feature","id":"A6402-0587-00","properties":{"code":"A6402-0587-00","district":"鼓山區","area_m2":4857.5,"centroid":[120.272283,22.62095],"population":145,"households":61,"male":72,"female":73,"ages":[9,35,68,33],"density_km2":29851},"geometry":{"type":"Polygon","coordinates":[[[120.272418,22.621506],[120.272709,22.621328],[120.272756,22.621303],[120.272147,22.620395],[120.272101,22.620422],[120.271811,22.620586],[120.272418,22.621506]]]}},{"type":"Feature","id":"A6406-0274-00","properties":{"code":"A6406-0274-00","district":"新興區","area_m2":6771.5,"centroid":[120.303573,22.621175],"population":135,"households":68,"male":63,"female":72,"ages":[8,35,50,42],"density_km2":19936},"geometry":{"type":"Polygon","coordinates":[[[120.304239,22.621594],[120.304382,22.621237],[120.302912,22.620756],[120.302763,22.621111],[120.304239,22.621594]]]}},{"type":"Feature","id":"A6401-0119-00","properties":{"code":"A6401-0119-00","district":"鹽埕區","area_m2":9184.3,"centroid":[120.285467,22.620872],"population":58,"households":27,"male":29,"female":29,"ages":[3,18,18,19],"density_km2":6315},"geometry":{"type":"Polygon","coordinates":[[[120.285391,22.621492],[120.285397,22.621511],[120.285413,22.621503],[120.286056,22.621174],[120.285575,22.620239],[120.284882,22.620561],[120.28487,22.620567],[120.285391,22.621492]]]}},{"type":"Feature","id":"A6407-0138-00","properties":{"code":"A6407-0138-00","district":"前金區","area_m2":15447.5,"centroid":[120.301453,22.620656],"population":36,"households":15,"male":18,"female":18,"ages":[1,6,10,19],"density_km2":2330},"geometry":{"type":"Polygon","coordinates":[[[120.301092,22.621429],[120.3015,22.621568],[120.302153,22.620018],[120.301355,22.619749],[120.301348,22.619769],[120.301239,22.620058],[120.300765,22.621318],[120.301092,22.621429]]]}},{"type":"Feature","id":"A6407-0135-00","properties":{"code":"A6407-0135-00","district":"前金區","area_m2":6444.8,"centroid":[120.298623,22.621029],"population":127,"households":73,"male":59,"female":68,"ages":[12,31,50,34],"density_km2":19706},"geometry":{"type":"Polygon","coordinates":[[[120.298846,22.621477],[120.299106,22.620773],[120.298426,22.620553],[120.298135,22.621279],[120.298838,22.621505],[120.298846,22.621477]]]}},{"type":"Feature","id":"A6401-0118-00","properties":{"code":"A6401-0118-00","district":"鹽埕區","area_m2":6963.5,"centroid":[120.280882,22.620916],"population":147,"households":64,"male":71,"female":76,"ages":[16,34,58,39],"density_km2":21110},"geometry":{"type":"Polygon","coordinates":[[[120.280615,22.621399],[120.280659,22.621378],[120.281055,22.621192],[120.281454,22.621005],[120.281466,22.620999],[120.281168,22.620435],[120.280325,22.620812],[120.280294,22.620819],[120.280615,22.621399]]]}},{"type":"Feature","id":"A6409-0006-00","properties":{"code":"A6409-0006-00","district":"前鎮區","area_m2":6953.9,"centroid":[120.314837,22.616896],"population":363,"households":188,"male":164,"female":199,"ages":[34,70,148,111],"density_km2":52201},"geometry":{"type":"Polygon","coordinates":[[[120.314972,22.617383],[120.315054,22.617409],[120.315179,22.617115],[120.315179,22.617113],[120.315222,22.616552],[120.315229,22.616464],[120.314529,22.61642],[120.314502,22.616843],[120.31443,22.617205],[120.314935,22.617364],[120.314972,22.617383]]]}},{"type":"Feature","id":"A6408-0594-00","properties":{"code":"A6408-0594-00","district":"苓雅區","area_m2":13290.4,"centroid":[120.293364,22.616719],"population":27,"households":11,"male":13,"female":14,"ages":[3,7,12,5],"density_km2":2032},"geometry":{"type":"Polygon","coordinates":[[[120.293931,22.617269],[120.293936,22.61726],[120.294191,22.61649],[120.294014,22.616152],[120.293659,22.616302],[120.293605,22.616202],[120.292439,22.616741],[120.292471,22.616799],[120.29273,22.617255],[120.29339,22.616957],[120.293422,22.616935],[120.293503,22.617067],[120.293612,22.617134],[120.293715,22.617199],[120.293779,22.617224],[120.293931,22.617269]]]}},{"type":"Feature","id":"A6408-0590-00","properties":{"code":"A6408-0590-00","district":"苓雅區","area_m2":5694.2,"centroid":[120.296342,22.6168],"population":154,"households":71,"male":70,"female":84,"ages":[9,29,68,48],"density_km2":27045},"geometry":{"type":"Polygon","coordinates":[[[120.295867,22.617044],[120.296517,22.617248],[120.296804,22.616476],[120.296419,22.616351],[120.296377,22.616454],[120.296334,22.616501],[120.296219,22.616534],[120.296047,22.616559],[120.295997,22.616552],[120.296005,22.616686],[120.295867,22.617044]]]}},{"type":"Feature","id":"A6408-0586-00","properties":{"code":"A6408-0586-00","district":"苓雅區","area_m2":5548.2,"centroid":[120.305205,22.616892],"population":160,"households":78,"male":73,"female":87,"ages":[17,31,61,51],"density_km2":28838},"geometry":{"type":"Polygon","coordinates":[[[120.305874,22.61728],[120.305979,22.617009],[120.305988,22.616987],[120.304533,22.616502],[120.304429,22.616809],[120.305874,22.61728]]]}},{"type":"Feature","id":"A6408-0604-00","properties":{"code":"A6408-0604-00","district":"苓雅區","area_m2":6423.4,"centroid":[120.304364,22.616466],"population":266,"households":110,"male":121,"female":145,"ages":[43,62,96,65],"density_km2":41411},"geometry":{"type":"Polygon","coordinates":[[[120.30422,22.617237],[120.304276,22.61726],[120.304429,22.616809],[120.304533,22.616502],[120.304656,22.616185],[120.304814,22.615781],[120.304478,22.615669],[120.303915,22.617134],[120.30422,22.617237]]]}},{"type":"Feature","id":"A6408-0599-00","properties":{"code":"A6408-0599-00","district":"苓雅區","area_m2":12896.4,"centroid":[120.308639,22.616663],"population":148,"households":60,"male":70,"female":78,"ages":[16,29,54,49],"density_km2":11476},"geometry":{"type":"Polygon","coordinates":[[[120.308565,22.617077],[120.309148,22.617279],[120.309298,22.616894],[120.309437,22.616538],[120.308226,22.616073],[120.308139,22.616042],[120.307996,22.616387],[120.307989,22.616412],[120.307858,22.616751],[120.307847,22.616779],[120.307918,22.616801],[120.308099,22.616916],[120.308565,22.617077]]]}},{"type":"Feature","id":"A6408-0593-00","properties":{"code":"A6408-0593-00","district":"苓雅區","area_m2":6041.6,"centroid":[120.312086,22.616783],"population":231,"households":161,"male":95,"female":136,"ages":[15,57,104,55],"density_km2":38235},"geometry":{"type":"Polygon","coordinates":[[[120.311568,22.617052],[120.311806,22.617127],[120.311791,22.617161],[120.311966,22.61722],[120.312066,22.616961],[120.312422,22.617079],[120.312586,22.616682],[120.312606,22.616646],[120.312631,22.616598],[120.312579,22.616581],[120.31253,22.616565],[120.312228,22.616466],[120.312187,22.616452],[120.312143,22.61644],[120.311838,22.616359],[120.311568,22.617052]]]}},{"type":"Feature","id":"A6408-0584-00","properties":{"code":"A6408-0584-00","district":"苓雅區","area_m2":2152.5,"centroid":[120.307558,22.61691],"population":201,"households":99,"male":90,"female":111,"ages":[26,49,81,45],"density_km2":93380},"geometry":{"type":"Polygon","coordinates":[[[120.30769,22.617178],[120.307697,22.617157],[120.307847,22.616779],[120.307426,22.616643],[120.307267,22.617037],[120.30769,22.617178]]]}},{"type":"Feature","id":"A6409-0008-00","properties":{"code":"A6409-0008-00","district":"前鎮區","area_m2":8030.9,"centroid":[120.317482,22.616613],"population":285,"households":148,"male":125,"female":160,"ages":[30,55,132,68],"density_km2":35488},"geometry":{"type":"Polygon","coordinates":[[[120.317804,22.617119],[120.318112,22.617222],[120.318195,22.617013],[120.318209,22.616977],[120.318241,22.61689],[120.318276,22.616796],[120.318276,22.616572],[120.318276,22.616502],[120.318255,22.616292],[120.317918,22.616279],[120.317846,22.616259],[120.316489,22.616183],[120.316478,22.616391],[120.316563,22.616397],[120.316558,22.616465],[120.317915,22.616546],[120.317937,22.616779],[120.317804,22.617119]]]}},{"type":"Feature","id":"A6409-0009-00","properties":{"code":"A6409-0009-00","district":"前鎮區","area_m2":21046.0,"centroid":[120.313656,22.616474],"population":213,"households":103,"male":104,"female":109,"ages":[20,44,82,67],"density_km2":10121},"geometry":{"type":"Polygon","coordinates":[[[120.314416,22.617193],[120.31443,22.617205],[120.314502,22.616843],[120.314529,22.61642],[120.31455,22.616105],[120.314559,22.615962],[120.314556,22.615888],[120.313874,22.615879],[120.312838,22.615864],[120.312818,22.616084],[120.312769,22.616353],[120.312631,22.616598],[120.314416,22.617193]]]}},{"type":"Feature","id":"A6408-0610-00","properties":{"code":"A6408-0610-00","district":"苓雅區","area_m2":10929.0,"centroid":[120.303908,22.6163],"population":96,"households":43,"male":53,"female":43,"ages":[6,20,45,25],"density_km2":8784},"geometry":{"type":"Polygon","coordinates":[[[120.303842,22.61711],[120.303915,22.617134],[120.304478,22.615669],[120.304452,22.61566],[120.303935,22.615488],[120.303889,22.615469],[120.303342,22.616925],[120.303757,22.617073],[120.303829,22.617098],[120.303842,22.61711]]]}},{"type":"Feature","id":"A6402-0444-00","properties":{"code":"A6402-0444-00","district":"鼓山區","area_m2":881553.3,"centroid":[120.266885,22.649407],"population":0,"households":0,"male":0,"female":0,"ages":[0,0,0,0],"density_km2":0},"geometry":{"type":"Polygon","coordinates":[[[120.258843,22.654565],[120.261675,22.65381],[120.263287,22.653262],[120.264258,22.652932],[120.264381,22.65289],[120.265753,22.652424],[120.268198,22.651858],[120.269381,22.651488],[120.269451,22.651466],[120.270082,22.651491],[120.270133,22.651469],[120.270532,22.651297],[120.271,22.651109],[120.271438,22.651077],[120.272816,22.650974],[120.272802,22.651038],[120.273214,22.65115],[120.273242,22.651047],[120.273316,22.651064],[120.273365,22.650876],[120.273315,22.650497],[120.273255,22.650157],[120.273331,22.649825],[120.27341,22.649517],[120.273504,22.649101],[120.273417,22.648976],[120.273245,22.648937],[120.273518,22.64774],[120.27364,22.647169],[120.274012,22.645592],[120.273941,22.645623],[120.273791,22.645565],[120.2735,22.645433],[120.273021,22.645298],[120.272763,22.64524],[120.27253,22.645187],[120.271648,22.644992],[120.271388,22.644934],[120.271307,22.644916],[120.271265,22.644906],[120.271035,22.644856],[120.269912,22.6449],[120.269841,22.644909],[120.269705,22.644926],[120.268684,22.644904],[120.268301,22.644902],[120.268264,22.64492],[120.268145,22.644976],[120.267532,22.645165],[120.266793,22.645383],[120.266253,22.645726],[120.265688,22.646051],[120.265071,22.646197],[120.264335,22.646365],[120.263674,22.646436],[120.263328,22.646554],[120.263075,22.646689],[120.262975,22.64674],[120.262885,22.646943],[120.262702,22.64724],[120.262526,22.647806],[120.262459,22.648211],[120.262428,22.648399],[120.262442,22.648977],[120.262689,22.649667],[120.262706,22.650266],[120.262749,22.650932],[120.262718,22.651187],[120.262499,22.651193],[120.262217,22.651241],[120.261789,22.651307],[120.261548,22.651421],[120.26122,22.651636],[120.261112,22.651719],[120.260972,22.651825],[120.260699,22.652137],[120.260248,22.652675],[120.260211,22.652715],[120.259992,22.652798],[120.259705,22.652957],[120.259501,22.653078],[120.259251,22.653311],[120.259091,22.653491],[120.258931,22.653743],[120.258904,22.653804],[120.258843,22.654565]]]}},{"type":"Feature","id":"A6402-0439-00","properties":{"code":"A6402-0439-00","district":"鼓山區","area_m2":23769.9,"centroid":[120.290893,22.650219],"population":133,"households":51,"male":56,"female":77,"ages":[23,27,62,21],"density_km2":5595},"geometry":{"type":"Polygon","coordinates":[[[120.289834,22.6508],[120.291943,22.650729],[120.291943,22.650718],[120.29188,22.64977],[120.291879,22.649556],[120.291669,22.649578],[120.290943,22.649738],[120.290056,22.649975],[120.290032,22.649982],[120.289767,22.650043],[120.2898,22.650411],[120.289834,22.6508]]]}},{"type":"Feature","id":"A6402-0441-00","properties":{"code":"A6402-0441-00","district":"鼓山區","area_m2":20874.1,"centroid":[120.285317,22.64996],"population":537,"households":254,"male":233,"female":304,"ages":[139,101,236,61],"density_km2":25726},"geometry":{"type":"Polygon","coordinates":[[[120.284644,22.650776],[120.285082,22.650766],[120.285488,22.650747],[120.285538,22.650737],[120.285573,22.650715],[120.285682,22.650565],[120.285842,22.65034],[120.285928,22.650194],[120.286168,22.649784],[120.286061,22.649714],[120.285863,22.649553],[120.285811,22.64951],[120.285458,22.649158],[120.28535,22.649051],[120.284986,22.649355],[120.28456,22.649712],[120.284644,22.650776]]]}},{"type":"Feature","id":"A6405-0532-00","properties":{"code":"A6405-0532-00","district":"三民區","area_m2":9517.3,"centroid":[120.316204,22.650226],"population":371,"households":182,"male":177,"female":194,"ages":[45,83,163,80],"density_km2":38982},"geometry":{"type":"Polygon","coordinates":[[[120.315605,22.650844],[120.315658,22.650827],[120.315869,22.650758],[120.315893,22.650658],[120.316009,22.650566],[120.316959,22.650255],[120.316949,22.650222],[120.316928,22.65015],[120.316271,22.649626],[120.316124,22.649766],[120.315726,22.650086],[120.315672,22.650126],[120.315622,22.650144],[120.315546,22.650157],[120.315605,22.650844]]]}},{"type":"Feature","id":"A6405-0527-00","properties":{"code":"A6405-0527-00","district":"三民區","area_m2":8178.9,"centroid":[120.308489,22.650223],"population":148,"households":56,"male":78,"female":70,"ages":[18,30,56,44],"density_km2":18095},"geometry":{"type":"Polygon","coordinates":[[[120.307974,22.650811],[120.309122,22.649999],[120.309207,22.649936],[120.309194,22.649778],[120.309114,22.649783],[120.307908,22.649858],[120.307937,22.650233],[120.30796,22.6506],[120.307974,22.650811]]]}},{"type":"Feature","id":"A6405-0602-00","properties":{"code":"A6405-0602-00","district":"三民區","area_m2":43989.9,"centroid":[120.311584,22.648798],"population":0,"households":0,"male":0,"female":0,"ages":[0,0,0,0],"density_km2":0},"geometry":{"type":"Polygon","coordinates":[[[120.309067,22.65078],[120.309102,22.650745],[120.309246,22.650508],[120.309356,22.650235],[120.309434,22.650092],[120.309554,22.649998],[120.309621,22.649966],[120.309768,22.649931],[120.309873,22.649941],[120.310237,22.650027],[120.310311,22.650038],[120.310388,22.650031],[120.310476,22.650002],[120.310546,22.649973],[120.310859,22.649845],[120.310978,22.649735],[120.31237,22.648402],[120.312488,22.64822],[120.312558,22.648156],[120.312692,22.648144],[120.31291,22.648121],[120.312968,22.648103],[120.313391,22.647923],[120.313702,22.647771],[120.313825,22.64769],[120.313843,22.647677],[120.313852,22.647667],[120.314096,22.647402],[120.313019,22.64709],[120.311505,22.648212],[120.310369,22.649064],[120.309207,22.649936],[120.309209,22.649962],[120.309067,22.65078]]]}},{"type":"Feature","id":"A6402-0436-00","properties":{"code":"A6402-0436-00","district":"鼓山區","area_m2":8632.4,"centroid":[120.277758,22.650217],"population":303,"households":134,"male":150,"female":153,"ages":[39,61,128,75],"density_km2":35100},"geometry":{"type":"Polygon","coordinates":[[[120.278145,22.650617],[120.278174,22.65052],[120.278322,22.650557],[120.278361,22.650525],[120.278402,22.650393],[120.278471,22.650077],[120.27844,22.65007],[120.277193,22.649807],[120.277064,22.650354],[120.277058,22.650385],[120.278145,22.650617]]]}},{"type":"Feature","id":"A6405-0761-00","properties":{"code":"A6405-0761-00","district":"三民區","area_m2":12067.1,"centroid":[120.315372,22.646546],"population":911,"households":474,"male":397,"female":514,"ages":[183,307,350,71],"density_km2":75494},"geometry":{"type":"Polygon","coordinates":[[[120.314553,22.646941],[120.314558,22.647001],[120.314576,22.647071],[120.316006,22.646826],[120.316056,22.64676],[120.316187,22.646292],[120.31618,22.646292],[120.315975,22.646208],[120.315817,22.646097],[120.315661,22.64596],[120.315635,22.645977],[120.314529,22.646686],[120.314553,22.646941]]]}},{"type":"Feature","id":"A6402-0473-00","properties":{"code":"A6402-0473-00","district":"鼓山區","area_m2":4767.0,"centroid":[120.278812,22.64657],"population":391,"households":193,"male":173,"female":218,"ages":[68,92,184,47],"density_km2":82023},"geometry":{"type":"Polygon","coordinates":[[[120.278344,22.646769],[120.279031,22.646909],[120.279037,22.646865],[120.279097,22.646723],[120.279223,22.646534],[120.279337,22.646416],[120.279087,22.646363],[120.278785,22.646298],[120.278469,22.646234],[120.278344,22.646769]]]}},{"type":"Feature","id":"A6405-0748-00","properties":{"code":"A6405-0748-00","district":"三民區","area_m2":3562.5,"centroid":[120.311552,22.646678],"population":64,"households":35,"male":30,"female":34,"ages":[1,18,30,15],"density_km2":17965},"geometry":{"type":"Polygon","coordinates":[[[120.311385,22.64705],[120.311808,22.647018],[120.311738,22.646311],[120.311292,22.646337],[120.311359,22.646897],[120.311385,22.64705]]]}},{"type":"Feature","id":"A6405-0752-00","properties":{"code":"A6405-0752-00","district":"三民區","area_m2":6851.4,"centroid":[120.318217,22.646667],"population":246,"households":91,"male":111,"female":135,"ages":[43,68,94,41],"density_km2":35905},"geometry":{"type":"Polygon","coordinates":[[[120.318399,22.647034],[120.31861,22.647055],[120.318644,22.64671],[120.318678,22.646369],[120.318532,22.646338],[120.318458,22.646332],[120.318135,22.646306],[120.317821,22.64628],[120.317819,22.646305],[120.317757,22.646975],[120.31837,22.647031],[120.318399,22.647034]]]}},{"type":"Feature","id":"A6405-0751-00","properties":{"code":"A6405-0751-00","district":"三民區","area_m2":3376.8,"centroid":[120.31198,22.646649],"population":80,"households":35,"male":43,"female":37,"ages":[7,25,29,19],"density_km2":23691},"geometry":{"type":"Polygon","coordinates":[[[120.311808,22.647018],[120.312221,22.646988],[120.31216,22.646283],[120.311738,22.646311],[120.311808,22.647018]]]}},{"type":"Feature","id":"A6402-0474-00","properties":{"code":"A6402-0474-00","district":"鼓山區","area_m2":11980.0,"centroid":[120.280592,22.646257],"population":26,"households":10,"male":16,"female":10,"ages":[2,5,14,5],"density_km2":2170},"geometry":{"type":"Polygon","coordinates":[[[120.280223,22.64686],[120.280487,22.646741],[120.280808,22.646666],[120.281014,22.646641],[120.281249,22.646611],[120.281233,22.646365],[120.28122,22.646143],[120.28118,22.645631],[120.280999,22.6457],[120.280338,22.645954],[120.280061,22.64606],[120.279846,22.646149],[120.279924,22.646294],[120.280223,22.64686]]]}},{"type":"Feature","id":"A6405-0753-00","properties":{"code":"A6405-0753-00","district":"三民區","area_m2":2877.2,"centroid":[120.312367,22.646626],"population":68,"households":28,"male":31,"female":37,"ages":[11,16,20,21],"density_km2":23634},"geometry":{"type":"Polygon","coordinates":[[[120.312221,22.646988],[120.312568,22.646965],[120.312533,22.646272],[120.31216,22.646283],[120.312221,22.646988]]]}},{"type":"Feature","id":"A6405-0754-00","properties":{"code":"A6405-0754-00","district":"三民區","area_m2":5198.3,"centroid":[120.317429,22.646628],"population":868,"households":352,"male":412,"female":456,"ages":[120,241,378,129],"density_km2":166978},"geometry":{"type":"Polygon","coordinates":[[[120.317025,22.646889],[120.317757,22.646975],[120.317819,22.646305],[120.317111,22.646299],[120.317025,22.646889]]]}},{"type":"Feature","id":"A6405-1029-00","properties":{"code":"A6405-1029-00","district":"三民區","area_m2":21532.6,"centroid":[120.294718,22.642569],"population":212,"households":95,"male":98,"female":114,"ages":[23,48,85,56],"density_km2":9846},"geometry":{"type":"Polygon","coordinates":[[[120.294114,22.643341],[120.294443,22.643315],[120.29538,22.643238],[120.295428,22.643235],[120.295344,22.642212],[120.29531,22.641796],[120.295275,22.641806],[120.295253,22.641801],[120.294427,22.641866],[120.294406,22.641868],[120.294013,22.641894],[120.294015,22.641905],[120.294114,22.643341]]]}},{"type":"Feature","id":"A6405-0996-00","properties":{"code":"A6405-0996-00","district":"三民區","area_m2":8879.0,"centroid":[120.31581,22.643062],"population":350,"households":211,"male":141,"female":209,"ages":[48,131,115,56],"density_km2":39419},"geometry":{"type":"Polygon","coordinates":[[[120.315216,22.643415],[120.316447,22.643342],[120.316428,22.643045],[120.316407,22.642706],[120.315171,22.642791],[120.315216,22.643415]]]}},{"type":"Feature","id":"A6405-1039-00","properties":{"code":"A6405-1039-00","district":"三民區","area_m2":21169.8,"centroid":[120.288258,22.642455],"population":26,"households":12,"male":14,"female":12,"ages":[6,7,8,5],"density_km2":1228},"geometry":{"type":"Polygon","coordinates":[[[120.28782,22.643286],[120.289184,22.642859],[120.288629,22.641616],[120.287348,22.642051],[120.28782,22.643286]]]}},{"type":"Feature","id":"A6405-0985-00","properties":{"code":"A6405-0985-00","district":"三民區","area_m2":4447.1,"centroid":[120.304468,22.643139],"population":103,"households":40,"male":45,"female":58,"ages":[14,16,39,34],"density_km2":23161},"geometry":{"type":"Polygon","coordinates":[[[120.303911,22.643357],[120.30506,22.643254],[120.305029,22.642926],[120.303883,22.643007],[120.303911,22.643357]]]}},{"type":"Feature","id":"A6405-0990-00","properties":{"code":"A6405-0990-00","district":"三民區","area_m2":7451.4,"centroid":[120.313462,22.643124],"population":150,"households":61,"male":76,"female":74,"ages":[19,44,47,40],"density_km2":20130},"geometry":{"type":"Polygon","coordinates":[[[120.312716,22.643386],[120.314238,22.643294],[120.314223,22.643142],[120.31421,22.64286],[120.312682,22.642964],[120.312716,22.643386]]]}},{"type":"Feature","id":"A6405-0989-00","properties":{"code":"A6405-0989-00","district":"三民區","area_m2":5180.1,"centroid":[120.317194,22.643141],"population":209,"households":86,"male":100,"female":109,"ages":[28,49,77,55],"density_km2":40347},"geometry":{"type":"Polygon","coordinates":[[[120.317138,22.643299],[120.317246,22.643292],[120.317376,22.643283],[120.317892,22.643246],[120.317958,22.643241],[120.317933,22.642937],[120.317427,22.642978],[120.31726,22.642989],[120.316428,22.643045],[120.316447,22.643342],[120.317138,22.643299]]]}},{"type":"Feature","id":"A6405-1037-00","properties":{"code":"A6405-1037-00","district":"三民區","area_m2":7223.0,"centroid":[120.295587,22.642498],"population":285,"households":138,"male":131,"female":154,"ages":[30,51,112,92],"density_km2":39457},"geometry":{"type":"Polygon","coordinates":[[[120.295428,22.643235],[120.295865,22.643207],[120.295783,22.642194],[120.295742,22.641757],[120.29531,22.641796],[120.295344,22.642212],[120.295428,22.643235]]]}},{"type":"Feature","id":"A6405-0993-00","properties":{"code":"A6405-0993-00","district":"三民區","area_m2":4282.5,"centroid":[120.305635,22.643044],"population":96,"households":38,"male":54,"female":42,"ages":[7,17,45,27],"density_km2":22417},"geometry":{"type":"Polygon","coordinates":[[[120.30506,22.643254],[120.306247,22.643141],[120.306226,22.642842],[120.305029,22.642926],[120.30506,22.643254]]]}},{"type":"Feature","id":"A6405-1045-00","properties":{"code":"A6405-1045-00","district":"三民區","area_m2":7360.2,"centroid":[120.29602,22.642459],"population":201,"households":118,"male":103,"female":98,"ages":[17,47,72,65],"density_km2":27309},"geometry":{"type":"Polygon","coordinates":[[[120.295865,22.643207],[120.296285,22.643179],[120.296213,22.641723],[120.296192,22.641724],[120.295861,22.641754],[120.29584,22.641748],[120.295742,22.641757],[120.295783,22.642194],[120.295865,22.643207]]]}},{"type":"Feature","id":"A6405-1046-00","properties":{"code":"A6405-1046-00","district":"三民區","area_m2":15983.2,"centroid":[120.296736,22.642422],"population":295,"households":124,"male":152,"female":143,"ages":[47,52,103,93],"density_km2":18457},"geometry":{"type":"Polygon","coordinates":[[[120.296285,22.643179],[120.296782,22.643143],[120.297219,22.643111],[120.297271,22.643108],[120.29727,22.643096],[120.297215,22.642422],[120.297154,22.641661],[120.297107,22.641664],[120.296213,22.641723],[120.296285,22.643179]]]}},{"type":"Feature","id":"A6405-1286-00","properties":{"code":"A6405-1286-00","district":"三民區","area_m2":16949.3,"centroid":[120.29556,22.639398],"population":0,"households":0,"male":0,"female":0,"ages":[0,0,0,0],"density_km2":0},"geometry":{"type":"Polygon","coordinates":[[[120.29626,22.64007],[120.296264,22.639993],[120.296266,22.639939],[120.296276,22.63954],[120.296294,22.638847],[120.296268,22.638853],[120.295246,22.638813],[120.295013,22.638776],[120.294816,22.63929],[120.294743,22.639478],[120.294715,22.639551],[120.294849,22.639604],[120.295231,22.63975],[120.295796,22.639917],[120.295793,22.640014],[120.295811,22.640018],[120.295977,22.640053],[120.296153,22.640082],[120.296259,22.64009],[120.29626,22.64007]]]}},{"type":"Feature","id":"A6405-1273-00","properties":{"code":"A6405-1273-00","district":"三民區","area_m2":5341.0,"centroid":[120.290141,22.639603],"population":12,"households":6,"male":7,"female":5,"ages":[0,1,5,6],"density_km2":2247},"geometry":{"type":"Polygon","coordinates":[[[120.289664,22.639928],[120.290023,22.640044],[120.290512,22.63959],[120.290688,22.639431],[120.28994,22.639165],[120.289793,22.639572],[120.289664,22.639928]]]}},{"type":"Feature","id":"A6405-1276-00","properties":{"code":"A6405-1276-00","district":"三民區","area_m2":7392.3,"centroid":[120.287383,22.639545],"population":179,"households":78,"male":90,"female":89,"ages":[17,47,67,48],"density_km2":24214},"geometry":{"type":"Polygon","coordinates":[[[120.286819,22.639732],[120.287693,22.64002],[120.287947,22.639363],[120.2879,22.639347],[120.287076,22.63907],[120.286819,22.639732]]]}},{"type":"Feature","id":"A6405-1280-00","properties":{"code":"A6405-1280-00","district":"三民區","area_m2":11242.5,"centroid":[120.317129,22.639614],"population":755,"households":372,"male":368,"female":387,"ages":[73,173,311,198],"density_km2":67156},"geometry":{"type":"Polygon","coordinates":[[[120.317642,22.640054],[120.317694,22.640042],[120.317663,22.639726],[120.317633,22.63941],[120.317603,22.639094],[120.317553,22.639099],[120.317179,22.639134],[120.316562,22.63919],[120.316662,22.640132],[120.317623,22.640049],[120.317642,22.640054]]]}},{"type":"Feature","id":"A6405-1313-00","properties":{"code":"A6405-1313-00","district":"三民區","area_m2":89546.4,"centroid":[120.298235,22.638916],"population":18,"households":16,"male":10,"female":8,"ages":[0,4,10,4],"density_km2":201},"geometry":{"type":"Polygon","coordinates":[[[120.296637,22.640018],[120.296699,22.640021],[120.296909,22.64002],[120.296985,22.640015],[120.29733,22.639997],[120.298161,22.639938],[120.299039,22.639875],[120.299329,22.639851],[120.300174,22.639782],[120.30008,22.639321],[120.300092,22.639201],[120.300096,22.639151],[120.300089,22.639087],[120.300051,22.638902],[120.30001,22.638697],[120.300259,22.638648],[120.30025,22.638607],[120.300248,22.638599],[120.300214,22.637855],[120.300214,22.637844],[120.300188,22.637844],[120.299386,22.637844],[120.297956,22.637876],[120.296457,22.637915],[120.296436,22.637905],[120.296294,22.638847],[120.296276,22.63954],[120.296266,22.639939],[120.296264,22.639993],[120.296324,22.640003],[120.296637,22.640018]]]}},{"type":"Feature","id":"A6405-1283-00","properties":{"code":"A6405-1283-00","district":"三民區","area_m2":8061.2,"centroid":[120.288867,22.639457],"population":223,"households":97,"male":100,"female":123,"ages":[19,62,93,49],"density_km2":27663},"geometry":{"type":"Polygon","coordinates":[[[120.289664,22.639928],[120.289793,22.639572],[120.288093,22.638983],[120.287947,22.639363],[120.288489,22.639541],[120.289664,22.639928]]]}},{"type":"Feature","id":"A6405-1262-00","properties":{"code":"A6405-1262-00","district":"三民區","area_m2":3272.0,"centroid":[120.318128,22.639841],"population":240,"households":115,"male":138,"female":102,"ages":[30,52,103,55],"density_km2":73349},"geometry":{"type":"Polygon","coordinates":[[[120.318501,22.639966],[120.318594,22.639957],[120.318557,22.639638],[120.317663,22.639726],[120.317694,22.640042],[120.318501,22.639966]]]}},{"type":"Feature","id":"A6405-1263-00","properties":{"code":"A6405-1263-00","district":"三民區","area_m2":3029.0,"centroid":[120.315069,22.639793],"population":175,"households":92,"male":94,"female":81,"ages":[18,28,75,54],"density_km2":57774},"geometry":{"type":"Polygon","coordinates":[[[120.314667,22.639992],[120.315503,22.639908],[120.315471,22.639597],[120.314637,22.639671],[120.314667,22.639992]]]}},{"type":"Feature","id":"A6406-0006-00","properties":{"code":"A6406-0006-00","district":"新興區","area_m2":8051.9,"centroid":[120.302846,22.63632],"population":25,"households":14,"male":15,"female":10,"ages":[2,4,9,10],"density_km2":3105},"geometry":{"type":"Polygon","coordinates":[[[120.302402,22.636708],[120.30338,22.63664],[120.303372,22.636536],[120.303337,22.63626],[120.303297,22.635931],[120.302333,22.635999],[120.302312,22.636001],[120.302315,22.636133],[120.302361,22.636428],[120.302387,22.636609],[120.302402,22.636708]]]}},{"type":"Feature","id":"A6405-1490-00","properties":{"code":"A6405-1490-00","district":"三民區","area_m2":16493.9,"centroid":[120.294617,22.635913],"population":229,"households":135,"male":118,"female":111,"ages":[20,41,81,87],"density_km2":13884},"geometry":{"type":"Polygon","coordinates":[[[120.29383,22.636293],[120.294985,22.636662],[120.295153,22.636202],[120.29534,22.635716],[120.295404,22.63555],[120.294261,22.63516],[120.29383,22.636293]]]}},{"type":"Feature","id":"A6406-0017-00","properties":{"code":"A6406-0017-00","district":"新興區","area_m2":11009.9,"centroid":[120.314102,22.635945],"population":204,"households":79,"male":98,"female":106,"ages":[47,34,80,43],"density_km2":18529},"geometry":{"type":"Polygon","coordinates":[[[120.313733,22.636729],[120.313869,22.63665],[120.314669,22.636014],[120.314273,22.635202],[120.313816,22.635416],[120.313614,22.635511],[120.313634,22.635812],[120.313643,22.635913],[120.31369,22.636448],[120.313716,22.636739],[120.313733,22.636729]]]}},{"type":"Feature","id":"A6406-0013-00","properties":{"code":"A6406-0013-00","district":"新興區","area_m2":3797.4,"centroid":[120.307919,22.636153],"population":120,"households":51,"male":56,"female":64,"ages":[24,40,39,17],"density_km2":31601},"geometry":{"type":"Polygon","coordinates":[[[120.308132,22.636683],[120.308022,22.635634],[120.307715,22.635625],[120.307769,22.636438],[120.307782,22.636632],[120.307819,22.636633],[120.307835,22.636634],[120.308132,22.636683]]]}},{"type":"Feature","id":"A6406-0003-00","properties":{"code":"A6406-0003-00","district":"新興區","area_m2":7331.1,"centroid":[120.304212,22.636396],"population":164,"households":95,"male":84,"female":80,"ages":[11,28,69,56],"density_km2":22370},"geometry":{"type":"Polygon","coordinates":[[[120.30338,22.63664],[120.305085,22.636522],[120.30508,22.636357],[120.305062,22.636156],[120.303337,22.63626],[120.303372,22.636536],[120.30338,22.63664]]]}},{"type":"Feature","id":"A6406-0015-00","properties":{"code":"A6406-0015-00","district":"新興區","area_m2":12589.8,"centroid":[120.307115,22.636112],"population":234,"households":108,"male":103,"female":131,"ages":[20,51,93,70],"density_km2":18586},"geometry":{"type":"Polygon","coordinates":[[[120.307782,22.636632],[120.307769,22.636438],[120.307715,22.635625],[120.306411,22.635719],[120.306467,22.636297],[120.306488,22.636441],[120.306492,22.636456],[120.306912,22.636479],[120.307196,22.636527],[120.307743,22.636618],[120.307782,22.636632]]]}},{"type":"Feature","id":"A6402-0513-00","properties":{"code":"A6402-0513-00","district":"鼓山區","area_m2":2329.5,"centroid":[120.283681,22.636193],"population":44,"households":21,"male":22,"female":22,"ages":[4,6,20,14],"density_km2":18888},"geometry":{"type":"Polygon","coordinates":[[[120.283467,22.63647],[120.283794,22.636507],[120.283903,22.635937],[120.283539,22.63588],[120.283467,22.63647]]]}},{"type":"Feature","id":"A6406-0012-00","properties":{"code":"A6406-0012-00","district":"新興區","area_m2":12086.5,"centroid":[120.305752,22.636143],"population":221,"households":92,"male":124,"female":97,"ages":[31,42,85,63],"density_km2":18285},"geometry":{"type":"Polygon","coordinates":[[[120.305086,22.636583],[120.306423,22.636452],[120.306492,22.636456],[120.306488,22.636441],[120.306467,22.636297],[120.306411,22.635719],[120.305049,22.635785],[120.305029,22.635787],[120.305052,22.636051],[120.305062,22.636156],[120.30508,22.636357],[120.305085,22.636522],[120.305086,22.636583]]]}},{"type":"Feature","id":"A6402-0515-00","properties":{"code":"A6402-0515-00","district":"鼓山區","area_m2":11356.8,"centroid":[120.283073,22.635884],"population":247,"households":109,"male":135,"female":112,"ages":[28,60,97,62],"density_km2":21749},"geometry":{"type":"Polygon","coordinates":[[[120.28257,22.636346],[120.283467,22.63647],[120.283539,22.63588],[120.283636,22.635376],[120.282948,22.635309],[120.282844,22.635305],[120.282781,22.635302],[120.282483,22.636307],[120.282555,22.636317],[120.282548,22.636336],[120.28257,22.636346]]]}},{"type":"Feature","id":"A6407-0026-00","properties":{"code":"A6407-0026-00","district":"前金區","area_m2":7167.0,"centroid":[120.291586,22.632433],"population":158,"households":66,"male":73,"female":85,"ages":[19,36,74,29],"density_km2":22046},"geometry":{"type":"Polygon","coordinates":[[[120.292379,22.632882],[120.292388,22.632859],[120.292497,22.632581],[120.292508,22.632555],[120.290789,22.631985],[120.290668,22.632291],[120.290663,22.632306],[120.292379,22.632882]]]}},{"type":"Feature","id":"A6406-0095-00","properties":{"code":"A6406-0095-00","district":"新興區","area_m2":7986.8,"centroid":[120.314421,22.632725],"population":537,"households":223,"male":270,"female":267,"ages":[168,89,201,79],"density_km2":67236},"geometry":{"type":"Polygon","coordinates":[[[120.313405,22.632971],[120.315437,22.632828],[120.31545,22.632834],[120.31542,22.632475],[120.313384,22.632639],[120.313402,22.632933],[120.313405,22.632971]]]}},{"type":"Feature","id":"A6406-0102-00","properties":{"code":"A6406-0102-00","district":"新興區","area_m2":7070.5,"centroid":[120.300674,22.632413],"population":124,"households":78,"male":56,"female":68,"ages":[6,30,52,36],"density_km2":17538},"geometry":{"type":"Polygon","coordinates":[[[120.29986,22.632344],[120.301337,22.63285],[120.301489,22.63248],[120.300001,22.631976],[120.29986,22.632344]]]}},{"type":"Feature","id":"A6406-0099-00","properties":{"code":"A6406-0099-00","district":"新興區","area_m2":6527.9,"centroid":[120.305494,22.632584],"population":98,"households":42,"male":51,"female":47,"ages":[12,23,34,29],"density_km2":15012},"geometry":{"type":"Polygon","coordinates":[[[120.304826,22.632844],[120.306192,22.632743],[120.306162,22.632322],[120.304792,22.632432],[120.304826,22.632844]]]}},{"type":"Feature","id":"A6406-0098-00","properties":{"code":"A6406-0098-00","district":"新興區","area_m2":5942.3,"centroid":[120.311086,22.632615],"population":198,"households":80,"male":98,"female":100,"ages":[49,31,65,53],"density_km2":33321},"geometry":{"type":"Polygon","coordinates":[[[120.310443,22.632865],[120.310464,22.632863],[120.311771,22.632749],[120.31173,22.632373],[120.310433,22.632454],[120.310413,22.632455],[120.310437,22.632775],[120.310443,22.632853],[120.310443,22.632865]]]}},{"type":"Feature","id":"A6407-0025-00","properties":{"code":"A6407-0025-00","district":"前金區","area_m2":4256.7,"centroid":[120.296396,22.632474],"population":93,"households":48,"male":44,"female":49,"ages":[12,29,37,15],"density_km2":21848},"geometry":{"type":"Polygon","coordinates":[[[120.296921,22.632806],[120.297034,22.632514],[120.295857,22.632144],[120.295756,22.632421],[120.296921,22.632806]]]}},{"type":"Feature","id":"A6407-0028-00","properties":{"code":"A6407-0028-00","district":"前金區","area_m2":6617.3,"centroid":[120.294301,22.632324],"population":117,"households":74,"male":52,"female":65,"ages":[14,21,41,41],"density_km2":17681},"geometry":{"type":"Polygon","coordinates":[[[120.2938,22.632539],[120.294555,22.632794],[120.294806,22.632126],[120.294036,22.63185],[120.29394,22.63214],[120.2938,22.632539]]]}},{"type":"Feature","id":"A6408-0082-00","properties":{"code":"A6408-0082-00","district":"苓雅區","area_m2":5802.1,"centroid":[120.317395,22.632398],"population":307,"households":123,"male":143,"female":164,"ages":[70,52,94,91],"density_km2":52911},"geometry":{"type":"Polygon","coordinates":[[[120.31696,22.632712],[120.317519,22.632892],[120.317823,22.632116],[120.317832,22.632092],[120.31727,22.631902],[120.317261,22.631926],[120.31725,22.631952],[120.317104,22.632332],[120.317101,22.632339],[120.316967,22.632691],[120.31696,22.632712]]]}},{"type":"Feature","id":"A6406-0100-00","properties":{"code":"A6406-0100-00","district":"新興區","area_m2":6629.1,"centroid":[120.316248,22.632587],"population":249,"households":108,"male":119,"female":130,"ages":[46,48,94,61],"density_km2":37562},"geometry":{"type":"Polygon","coordinates":[[[120.316956,22.632721],[120.31696,22.632712],[120.316967,22.632691],[120.317101,22.632339],[120.31542,22.632475],[120.31545,22.632834],[120.316565,22.632749],[120.316956,22.632721]]]}},{"type":"Feature","id":"A6406-0173-00","properties":{"code":"A6406-0173-00","district":"新興區","area_m2":6076.8,"centroid":[120.307574,22.629085],"population":192,"households":95,"male":99,"female":93,"ages":[16,40,73,63],"density_km2":31596},"geometry":{"type":"Polygon","coordinates":[[[120.307233,22.629469],[120.307523,22.629447],[120.307973,22.629412],[120.307971,22.629398],[120.307924,22.628704],[120.307173,22.628752],[120.307203,22.629106],[120.307233,22.629469]]]}},{"type":"Feature","id":"A6407-0080-00","properties":{"code":"A6407-0080-00","district":"前金區","area_m2":17006.3,"centroid":[120.295813,22.628312],"population":457,"households":275,"male":196,"female":261,"ages":[56,137,173,91],"density_km2":26872},"geometry":{"type":"Polygon","coordinates":[[[120.295526,22.629249],[120.295841,22.629373],[120.295959,22.629033],[120.296465,22.627603],[120.296509,22.627489],[120.296165,22.627365],[120.296077,22.627333],[120.295833,22.627248],[120.29547,22.628159],[120.295111,22.629122],[120.295526,22.629249]]]}},{"type":"Feature","id":"A6406-0175-00","properties":{"code":"A6406-0175-00","district":"新興區","area_m2":4955.2,"centroid":[120.308255,22.629036],"population":207,"households":118,"male":92,"female":115,"ages":[12,43,83,69],"density_km2":41774},"geometry":{"type":"Polygon","coordinates":[[[120.307973,22.629412],[120.308034,22.629408],[120.308587,22.629367],[120.308533,22.62866],[120.307924,22.628704],[120.307971,22.629398],[120.307973,22.629412]]]}},{"type":"Feature","id":"A6402-0541-00","properties":{"code":"A6402-0541-00","district":"鼓山區","area_m2":5476.3,"centroid":[120.279669,22.628815],"population":171,"households":93,"male":82,"female":89,"ages":[7,37,64,63],"density_km2":31225},"geometry":{"type":"Polygon","coordinates":[[[120.279106,22.628912],[120.279315,22.629274],[120.279867,22.628981],[120.279965,22.628919],[120.280234,22.62875],[120.280099,22.628553],[120.279958,22.628347],[120.279695,22.628521],[120.279106,22.628912]]]}},{"type":"Feature","id":"A6406-0187-00","properties":{"code":"A6406-0187-00","district":"新興區","area_m2":6067.9,"centroid":[120.308654,22.628409],"population":133,"households":69,"male":64,"female":69,"ages":[16,16,55,46],"density_km2":21919},"geometry":{"type":"Polygon","coordinates":[[[120.308587,22.629367],[120.308869,22.629347],[120.308827,22.628887],[120.308794,22.628413],[120.308729,22.627537],[120.308733,22.627462],[120.308672,22.627461],[120.30844,22.627456],[120.308533,22.62866],[120.308587,22.629367]]]}},{"type":"Feature","id":"A6406-0174-00","properties":{"code":"A6406-0174-00","district":"新興區","area_m2":7022.4,"centroid":[120.309512,22.629076],"population":222,"households":103,"male":109,"female":113,"ages":[25,43,86,68],"density_km2":31613},"geometry":{"type":"Polygon","coordinates":[[[120.308869,22.629347],[120.310179,22.629269],[120.310195,22.629268],[120.310157,22.628804],[120.310139,22.628805],[120.308827,22.628887],[120.308869,22.629347]]]}},{"type":"Feature","id":"A6406-0176-00","properties":{"code":"A6406-0176-00","district":"新興區","area_m2":3856.6,"centroid":[120.30016,22.628964],"population":138,"households":60,"male":68,"female":70,"ages":[14,30,42,52],"density_km2":35783},"geometry":{"type":"Polygon","coordinates":[[[120.299747,22.629086],[120.3004,22.629306],[120.300573,22.628846],[120.299946,22.628633],[120.299925,22.628619],[120.299849,22.628818],[120.299747,22.629086]]]}},{"type":"Feature","id":"A6401-0030-00","properties":{"code":"A6401-0030-00","district":"鹽埕區","area_m2":5036.5,"centroid":[120.280559,22.628741],"population":199,"households":104,"male":90,"female":109,"ages":[22,45,72,60],"density_km2":39511},"geometry":{"type":"Polygon","coordinates":[[[120.280529,22.629187],[120.28054,22.629203],[120.280883,22.62903],[120.280998,22.628924],[120.280645,22.62828],[120.280099,22.628553],[120.280234,22.62875],[120.280346,22.628915],[120.280529,22.629187]]]}},{"type":"Feature","id":"A6401-0031-00","properties":{"code":"A6401-0031-00","district":"鹽埕區","area_m2":8448.4,"centroid":[120.284018,22.628671],"population":170,"households":90,"male":89,"female":81,"ages":[11,23,70,66],"density_km2":20122},"geometry":{"type":"Polygon","coordinates":[[[120.283759,22.629215],[120.283776,22.629207],[120.284188,22.629012],[120.284637,22.6288],[120.284298,22.628144],[120.28429,22.628128],[120.284277,22.628134],[120.283397,22.628539],[120.283754,22.629198],[120.283759,22.629215]]]}},{"type":"Feature","id":"A6407-0078-00","properties":{"code":"A6407-0078-00","district":"前金區","area_m2":6695.8,"centroid":[120.297065,22.628456],"population":520,"households":336,"male":210,"female":310,"ages":[61,164,208,87],"density_km2":77660},"geometry":{"type":"Polygon","coordinates":[[[120.296981,22.629228],[120.297013,22.629141],[120.297166,22.628725],[120.297462,22.627961],[120.29752,22.627812],[120.297497,22.627804],[120.297148,22.627686],[120.296611,22.629107],[120.296981,22.629228]]]}},{"type":"Feature","id":"A6406-0177-00","properties":{"code":"A6406-0177-00","district":"新興區","area_m2":6827.3,"centroid":[120.310815,22.628987],"population":105,"households":49,"male":50,"female":55,"ages":[17,20,38,30],"density_km2":15379},"geometry":{"type":"Polygon","coordinates":[[[120.310195,22.629268],[120.311471,22.629175],[120.311437,22.628705],[120.310157,22.628804],[120.310195,22.629268]]]}},{"type":"Feature","id":"A6408-0184-00","properties":{"code":"A6408-0184-00","district":"苓雅區","area_m2":5563.7,"centroid":[120.314416,22.628884],"population":173,"households":74,"male":82,"female":91,"ages":[46,29,56,42],"density_km2":31094},"geometry":{"type":"Polygon","coordinates":[[[120.314733,22.629143],[120.31514,22.629281],[120.315235,22.62903],[120.315248,22.628995],[120.313723,22.628491],[120.3137,22.628543],[120.313569,22.628738],[120.313566,22.628748],[120.313683,22.628787],[120.314295,22.628995],[120.314733,22.629143]]]}},{"type":"Feature","id":"A6401-0029-00","properties":{"code":"A6401-0029-00","district":"鹽埕區","area_m2":3969.5,"centroid":[120.285351,22.628775],"population":0,"households":0,"male":0,"female":0,"ages":[0,0,0,0],"density_km2":0},"geometry":{"type":"Polygon","coordinates":[[[120.285506,22.62915],[120.285521,22.629106],[120.285559,22.628999],[120.285746,22.628503],[120.285465,22.628428],[120.285076,22.628602],[120.284936,22.628665],[120.285128,22.629017],[120.285506,22.62915]]]}},{"type":"Feature","id":"A6401-0028-00","properties":{"code":"A6401-0028-00","district":"鹽埕區","area_m2":2765.3,"centroid":[120.285872,22.628824],"population":262,"households":159,"male":122,"female":140,"ages":[31,63,97,71],"density_km2":94746},"geometry":{"type":"Polygon","coordinates":[[[120.285559,22.628999],[120.28598,22.629146],[120.286189,22.628654],[120.285746,22.628503],[120.285559,22.628999]]]}},{"type":"Feature","id":"A6401-0074-00","properties":{"code":"A6401-0074-00","district":"鹽埕區","area_m2":9759.3,"centroid":[120.285645,22.624434],"population":182,"households":90,"male":78,"female":104,"ages":[19,45,71,47],"density_km2":18649},"geometry":{"type":"Polygon","coordinates":[[[120.285567,22.625093],[120.286262,22.62473],[120.285722,22.62378],[120.285028,22.624118],[120.285567,22.625093]]]}},{"type":"Feature","id":"A6408-0277-00","properties":{"code":"A6408-0277-00","district":"苓雅區","area_m2":5167.3,"centroid":[120.315543,22.624785],"population":271,"households":102,"male":124,"female":147,"ages":[68,67,94,42],"density_km2":52446},"geometry":{"type":"Polygon","coordinates":[[[120.315096,22.624984],[120.315759,22.625198],[120.315991,22.624596],[120.315931,22.624575],[120.315408,22.624397],[120.31533,22.624371],[120.315096,22.624984]]]}},{"type":"Feature","id":"A6402-0558-00","properties":{"code":"A6402-0558-00","district":"鼓山區","area_m2":4383.3,"centroid":[120.276672,22.624484],"population":80,"households":34,"male":36,"female":44,"ages":[13,20,27,20],"density_km2":18251},"geometry":{"type":"Polygon","coordinates":[[[120.277035,22.624708],[120.276932,22.624563],[120.276765,22.624287],[120.276714,22.624202],[120.276494,22.623877],[120.27645,22.624],[120.276388,22.62499],[120.276549,22.624987],[120.277035,22.624708]]]}},{"type":"Feature","id":"A6402-0559-00","properties":{"code":"A6402-0559-00","district":"鼓山區","area_m2":25147.5,"centroid":[120.271757,22.623992],"population":2,"households":1,"male":1,"female":1,"ages":[0,0,0,2],"density_km2":80},"geometry":{"type":"Polygon","coordinates":[[[120.271456,22.624959],[120.272772,22.624245],[120.272837,22.624209],[120.272028,22.623017],[120.271971,22.62305],[120.271313,22.623439],[120.271009,22.623613],[120.270679,22.623802],[120.271456,22.624959]]]}},{"type":"Feature","id":"A6407-0102-00","properties":{"code":"A6407-0102-00","district":"前金區","area_m2":7149.2,"centroid":[120.297613,22.624329],"population":226,"households":126,"male":103,"female":123,"ages":[18,42,87,79],"density_km2":31612},"geometry":{"type":"Polygon","coordinates":[[[120.297139,22.624919],[120.297583,22.62506],[120.298079,22.623715],[120.29769,22.623587],[120.297139,22.624919]]]}},{"type":"Feature","id":"A6407-0105-00","properties":{"code":"A6407-0105-00","district":"前金區","area_m2":26451.0,"centroid":[120.290684,22.624192],"population":110,"households":66,"male":58,"female":52,"ages":[15,24,39,32],"density_km2":4159},"geometry":{"type":"Polygon","coordinates":[[[120.289421,22.624311],[120.290144,22.624549],[120.291582,22.625022],[120.291946,22.624132],[120.291963,22.624084],[120.291931,22.624073],[120.289707,22.62336],[120.289702,22.62338],[120.289658,22.623542],[120.28954,22.623935],[120.289421,22.624311]]]}},{"type":"Feature","id":"A6401-0075-00","properties":{"code":"A6401-0075-00","district":"鹽埕區","area_m2":7426.7,"centroid":[120.280823,22.624352],"population":277,"households":165,"male":133,"female":144,"ages":[26,64,99,88],"density_km2":37298},"geometry":{"type":"Polygon","coordinates":[[[120.280827,22.624974],[120.281337,22.624707],[120.28135,22.624701],[120.280819,22.623731],[120.280296,22.623997],[120.280827,22.624974]]]}},{"type":"Feature","id":"A6402-0561-00","properties":{"code":"A6402-0561-00","district":"鼓山區","area_m2":32751.2,"centroid":[120.268606,22.623846],"population":176,"households":84,"male":82,"female":94,"ages":[12,37,72,55],"density_km2":5374},"geometry":{"type":"Polygon","coordinates":[[[120.267933,22.624891],[120.269464,22.624429],[120.269571,22.624392],[120.269548,22.624339],[120.269488,22.624194],[120.269448,22.624079],[120.269427,22.623998],[120.269409,22.623875],[120.269403,22.623756],[120.269418,22.62321],[120.269426,22.622959],[120.269426,22.622951],[120.267707,22.622905],[120.267726,22.623341],[120.267764,22.623607],[120.267782,22.624153],[120.267907,22.624548],[120.267923,22.624707],[120.267917,22.624795],[120.267933,22.624891]]]}},{"type":"Feature","id":"A6408-0281-00","properties":{"code":"A6408-0281-00","district":"苓雅區","area_m2":2990.3,"centroid":[120.315041,22.624649],"population":186,"households":82,"male":78,"female":108,"ages":[57,32,60,37],"density_km2":62201},"geometry":{"type":"Polygon","coordinates":[[[120.315096,22.624984],[120.31533,22.624371],[120.315341,22.624341],[120.315016,22.624238],[120.31474,22.624953],[120.315067,22.62506],[120.315096,22.624984]]]}},{"type":"Feature","id":"A6406-0237-00","properties":{"code":"A6406-0237-00","district":"新興區","area_m2":5372.2,"centroid":[120.302412,22.624634],"population":96,"households":58,"male":42,"female":54,"ages":[7,17,35,37],"density_km2":17870},"geometry":{"type":"Polygon","coordinates":[[[120.301921,22.624882],[120.302565,22.624819],[120.302922,22.62498],[120.303054,22.624646],[120.301844,22.624264],[120.301885,22.624657],[120.301919,22.624858],[120.301921,22.624882]]]}},{"type":"Feature","id":"A6407-0106-00","properties":{"code":"A6407-0106-00","district":"前金區","area_m2":6478.3,"centroid":[120.297234,22.624185],"population":145,"households":68,"male":65,"female":80,"ages":[13,22,61,49],"density_km2":22382},"geometry":{"type":"Polygon","coordinates":[[[120.296782,22.624805],[120.297139,22.624919],[120.29769,22.623587],[120.297296,22.62346],[120.297039,22.624125],[120.296782,22.624805]]]}},{"type":"Feature","id":"A6401-0076-00","properties":{"code":"A6401-0076-00","district":"鹽埕區","area_m2":10222.6,"centroid":[120.283642,22.624189],"population":140,"households":66,"male":70,"female":70,"ages":[13,31,54,42],"density_km2":13695},"geometry":{"type":"Polygon","coordinates":[[[120.283537,22.624856],[120.284266,22.624498],[120.284256,22.624482],[120.283754,22.623522],[120.283018,22.623888],[120.283027,22.623904],[120.283537,22.624856]]]}},{"type":"Feature","id":"A6406-0239-00","properties":{"code":"A6406-0239-00","district":"新興區","area_m2":7224.4,"centroid":[120.30709,22.624493],"population":218,"households":133,"male":104,"female":114,"ages":[10,44,73,91],"density_km2":30176},"geometry":{"type":"Polygon","coordinates":[[[120.306371,22.624502],[120.30764,22.624929],[120.307809,22.624486],[120.306545,22.624058],[120.306371,22.624502]]]}},{"type":"Feature","id":"A6401-0120-00","properties":{"code":"A6401-0120-00","district":"鹽埕區","area_m2":6443.1,"centroid":[120.288003,22.620796],"population":133,"households":53,"male":64,"female":69,"ages":[14,31,51,37],"density_km2":20642},"geometry":{"type":"Polygon","coordinates":[[[120.288008,22.621377],[120.288021,22.621371],[120.288482,22.621138],[120.288498,22.621137],[120.287991,22.620215],[120.287524,22.620441],[120.287511,22.620447],[120.288008,22.621377]]]}},{"type":"Feature","id":"A6402-0589-00","properties":{"code":"A6402-0589-00","district":"鼓山區","area_m2":4827.3,"centroid":[120.272619,22.620749],"population":213,"households":90,"male":109,"female":104,"ages":[17,42,93,61],"density_km2":44124},"geometry":{"type":"Polygon","coordinates":[[[120.272756,22.621303],[120.273094,22.621119],[120.272469,22.620189],[120.272147,22.620395],[120.272756,22.621303]]]}},{"type":"Feature","id":"A6408-0407-00","properties":{"code":"A6408-0407-00","district":"苓雅區","area_m2":7052.3,"centroid":[120.316611,22.620593],"population":227,"households":109,"male":106,"female":121,"ages":[55,39,89,44],"density_km2":32188},"geometry":{"type":"Polygon","coordinates":[[[120.31619,22.621205],[120.316352,22.621253],[120.316455,22.621483],[120.316648,22.620999],[120.316685,22.620904],[120.316701,22.620866],[120.316812,22.620579],[120.316852,22.620474],[120.316864,22.620443],[120.316993,22.620109],[120.317017,22.620048],[120.317029,22.620016],[120.317054,22.619959],[120.317081,22.619885],[120.316715,22.619763],[120.316686,22.619833],[120.316143,22.621191],[120.31619,22.621205]]]}},{"type":"Feature","id":"A6408-0390-00","properties":{"code":"A6408-0390-00","district":"苓雅區","area_m2":5531.6,"centroid":[120.308422,22.621034],"population":164,"households":68,"male":86,"female":78,"ages":[23,30,64,47],"density_km2":29648},"geometry":{"type":"Polygon","coordinates":[[[120.308934,22.621425],[120.309093,22.621054],[120.307877,22.620649],[120.307746,22.620984],[120.308934,22.621425]]]}},{"type":"Feature","id":"A6408-0395-00","properties":{"code":"A6408-0395-00","district":"苓雅區","area_m2":8385.0,"centroid":[120.317526,22.620942],"population":164,"households":82,"male":79,"female":85,"ages":[13,30,60,61],"density_km2":19559},"geometry":{"type":"Polygon","coordinates":[[[120.318196,22.621409],[120.318331,22.621065],[120.318366,22.620978],[120.316852,22.620474],[120.316812,22.620579],[120.316701,22.620866],[120.316685,22.620904],[120.318196,22.621409]]]}},{"type":"Feature","id":"A6401-0122-00","properties":{"code":"A6401-0122-00","district":"鹽埕區","area_m2":9837.1,"centroid":[120.283574,22.620604],"population":258,"households":110,"male":120,"female":138,"ages":[27,76,96,59],"density_km2":26227},"geometry":{"type":"Polygon","coordinates":[[[120.283478,22.62125],[120.2842,22.620901],[120.283679,22.619978],[120.28367,22.619962],[120.283657,22.619968],[120.282949,22.620293],[120.282958,22.620309],[120.283478,22.62125]]]}},{"type":"Feature","id":"A6402-0592-00","properties":{"code":"A6402-0592-00","district":"鼓山區","area_m2":7292.3,"centroid":[120.270534,22.620438],"population":187,"households":86,"male":99,"female":88,"ages":[15,38,78,56],"density_km2":25643},"geometry":{"type":"Polygon","coordinates":[[[120.270801,22.621189],[120.271128,22.620987],[120.270538,22.6201],[120.270564,22.619808],[120.270121,22.619763],[120.26997,22.619748],[120.269962,22.619939],[120.270801,22.621189]]]}},{"type":"Feature","id":"A6407-0139-00","properties":{"code":"A6407-0139-00","district":"前金區","area_m2":10983.7,"centroid":[120.300658,22.620578],"population":241,"households":104,"male":126,"female":115,"ages":[20,59,99,63],"density_km2":21942},"geometry":{"type":"Polygon","coordinates":[[[120.300076,22.621081],[120.300765,22.621318],[120.301239,22.620058],[120.30056,22.61984],[120.300076,22.621081]]]}},{"type":"Feature","id":"A6408-0401-00","properties":{"code":"A6408-0401-00","district":"苓雅區","area_m2":16231.3,"centroid":[120.305516,22.62067],"population":257,"households":127,"male":121,"female":136,"ages":[25,46,99,87],"density_km2":15834},"geometry":{"type":"Polygon","coordinates":[[[120.306188,22.621316],[120.306211,22.621331],[120.306371,22.620907],[120.306494,22.620578],[120.305643,22.620287],[120.304856,22.620017],[120.304834,22.620006],[120.304697,22.620366],[120.304539,22.62078],[120.304562,22.620788],[120.306188,22.621316]]]}},{"type":"Feature","id":"A6407-0137-00","properties":{"code":"A6407-0137-00","district":"前金區","area_m2":10467.4,"centroid":[120.297721,22.620728],"population":75,"households":37,"male":35,"female":40,"ages":[9,19,28,19],"density_km2":7165},"geometry":{"type":"Polygon","coordinates":[[[120.297039,22.620908],[120.298135,22.621279],[120.298426,22.620553],[120.297321,22.620189],[120.2973,22.620178],[120.297017,22.620898],[120.297039,22.620908]]]}},{"type":"Feature","id":"A6402-0591-00","properties":{"code":"A6402-0591-00","district":"鼓山區","area_m2":5128.7,"centroid":[120.272958,22.620552],"population":131,"households":56,"male":63,"female":68,"ages":[15,31,45,40],"density_km2":25543},"geometry":{"type":"Polygon","coordinates":[[[120.273094,22.621119],[120.273451,22.620925],[120.272798,22.619979],[120.272786,22.619987],[120.272469,22.620189],[120.273094,22.621119]]]}},{"type":"Feature","id":"A6401-0123-00","properties":{"code":"A6401-0123-00","district":"鹽埕區","area_m2":9612.6,"centroid":[120.286183,22.620537],"population":71,"households":39,"male":38,"female":33,"ages":[8,13,26,24],"density_km2":7386},"geometry":{"type":"Polygon","coordinates":[[[120.286056,22.621174],[120.2868,22.620823],[120.286274,22.619899],[120.285575,22.620239],[120.286056,22.621174]]]}},{"type":"Feature","id":"A6408-0595-00","properties":{"code":"A6408-0595-00","district":"苓雅區","area_m2":4388.3,"centroid":[120.295525,22.616714],"population":175,"households":80,"male":84,"female":91,"ages":[13,53,77,32],"density_km2":39879},"geometry":{"type":"Polygon","coordinates":[[[120.295022,22.616779],[120.295867,22.617044],[120.296005,22.616686],[120.295997,22.616552],[120.295896,22.616539],[120.295738,22.616546],[120.29563,22.616537],[120.295171,22.61639],[120.295022,22.616779]]]}},{"type":"Feature","id":"A6408-0603-00","properties":{"code":"A6408-0603-00","district":"苓雅區","area_m2":9244.8,"centroid":[120.29816,22.616516],"population":203,"households":106,"male":99,"female":104,"ages":[19,32,91,61],"density_km2":21958},"geometry":{"type":"Polygon","coordinates":[[[120.298505,22.61703],[120.298526,22.61704],[120.298658,22.616706],[120.298804,22.616333],[120.297794,22.61599],[120.297516,22.616708],[120.298505,22.61703]]]}},{"type":"Feature","id":"A6409-0007-00","properties":{"code":"A6409-0007-00","district":"前鎮區","area_m2":6399.6,"centroid":[120.317279,22.61676],"population":228,"households":105,"male":105,"female":123,"ages":[20,35,111,62],"density_km2":35627},"geometry":{"type":"Polygon","coordinates":[[[120.316539,22.616695],[120.317804,22.617119],[120.317937,22.616779],[120.317915,22.616546],[120.316558,22.616465],[120.316554,22.616513],[120.31654,22.616694],[120.316539,22.616695]]]}},{"type":"Feature","id":"A6408-0600-00","properties":{"code":"A6408-0600-00","district":"苓雅區","area_m2":5807.0,"centroid":[120.306771,22.616651],"population":207,"households":117,"male":96,"female":111,"ages":[15,49,87,56],"density_km2":35647},"geometry":{"type":"Polygon","coordinates":[[[120.306115,22.616654],[120.307267,22.617037],[120.307426,22.616643],[120.306285,22.616275],[120.306263,22.616265],[120.306115,22.616654]]]}},{"type":"Feature","id":"A6408-0607-00","properties":{"code":"A6408-0607-00","district":"苓雅區","area_m2":13470.1,"centroid":[120.305399,22.616384],"population":274,"households":123,"male":141,"female":133,"ages":[20,68,101,85],"density_km2":20341},"geometry":{"type":"Polygon","coordinates":[[[120.305988,22.616987],[120.306112,22.616663],[120.306115,22.616654],[120.306263,22.616265],[120.304814,22.615781],[120.304656,22.616185],[120.304533,22.616502],[120.305988,22.616987]]]}},{"type":"Feature","id":"A6402-0604-00","properties":{"code":"A6402-0604-00","district":"鼓山區","area_m2":91280.2,"centroid":[120.286443,22.615135],"population":0,"households":0,"male":0,"female":0,"ages":[0,0,0,0],"density_km2":0},"geometry":{"type":"Polygon","coordinates":[[[120.284876,22.616876],[120.287442,22.615644],[120.288409,22.615269],[120.288691,22.615126],[120.288506,22.614665],[120.288569,22.61443],[120.288726,22.614376],[120.288758,22.614196],[120.288635,22.61397],[120.288541,22.613942],[120.288354,22.613996],[120.288292,22.613905],[120.288231,22.613643],[120.287951,22.613587],[120.28789,22.613443],[120.287577,22.613531],[120.284065,22.615312],[120.284876,22.616876]]]}},{"type":"Feature","id":"A6408-0602-00","properties":{"code":"A6408-0602-00","district":"苓雅區","area_m2":6068.3,"centroid":[120.310152,22.616574],"population":188,"households":79,"male":88,"female":100,"ages":[20,41,85,42],"density_km2":30981},"geometry":{"type":"Polygon","coordinates":[[[120.310721,22.616973],[120.310864,22.616602],[120.310814,22.616585],[120.309582,22.616175],[120.309437,22.616538],[120.310672,22.616957],[120.310721,22.616973]]]}},{"type":"Feature","id":"A6408-0619-00","properties":{"code":"A6408-0619-00","district":"苓雅區","area_m2":20871.6,"centroid":[120.303054,22.616019],"population":217,"households":105,"male":111,"female":106,"ages":[22,52,80,63],"density_km2":10397},"geometry":{"type":"Polygon","coordinates":[[[120.302562,22.616697],[120.303158,22.616867],[120.303342,22.616925],[120.303889,22.615469],[120.303131,22.615219],[120.303109,22.615212],[120.30279,22.615104],[120.302215,22.616585],[120.302404,22.616646],[120.302526,22.616683],[120.302548,22.616692],[120.302562,22.616697]]]}},{"type":"Feature","id":"A6409-0010-00","properties":{"code":"A6409-0010-00","district":"前鎮區","area_m2":30822.4,"centroid":[120.315567,22.616027],"population":224,"households":86,"male":107,"female":117,"ages":[46,67,76,35],"density_km2":7267},"geometry":{"type":"Polygon","coordinates":[[[120.316439,22.616954],[120.316539,22.616695],[120.31654,22.616694],[120.316554,22.616513],[120.316558,22.616465],[120.316563,22.616397],[120.316478,22.616391],[120.316489,22.616183],[120.316499,22.615979],[120.316501,22.61597],[120.316524,22.61584],[120.316552,22.615689],[120.316554,22.615678],[120.31656,22.615572],[120.31657,22.61537],[120.315728,22.615305],[120.315198,22.615258],[120.314529,22.6152],[120.314556,22.615888],[120.314559,22.615962],[120.31455,22.616105],[120.314529,22.61642],[120.315229,22.616464],[120.315222,22.616552],[120.316439,22.616954]]]}},{"type":"Feature","id":"A6402-0293-00","properties":{"code":"A6402-0293-00","district":"鼓山區","area_m2":2429259.6,"centroid":[120.262132,22.65833],"population":5,"households":2,"male":2,"female":3,"ages":[0,2,2,1],"density_km2":2},"geometry":{"type":"Polygon","coordinates":[[[120.273408,22.673957],[120.273449,22.673977],[120.273663,22.674013],[120.273945,22.674014],[120.274588,22.673888],[120.274662,22.673873],[120.275549,22.673702],[120.276492,22.673439],[120.276949,22.673225],[120.277081,22.673118],[120.275704,22.672564],[120.274457,22.672012],[120.273868,22.67167],[120.273333,22.671433],[120.27271,22.671259],[120.272012,22.671197],[120.271325,22.671153],[120.269992,22.670885],[120.269487,22.670707],[120.268904,22.670532],[120.2683,22.670254],[120.266649,22.669414],[120.265117,22.668276],[120.264266,22.667314],[120.263799,22.666827],[120.263336,22.666384],[120.262969,22.665929],[120.260976,22.664016],[120.260769,22.663738],[120.260643,22.663496],[120.260377,22.662855],[120.260197,22.662182],[120.260099,22.661457],[120.260004,22.660815],[120.259695,22.659565],[120.259342,22.658355],[120.25915,22.65768],[120.259066,22.657099],[120.258961,22.656405],[120.258847,22.655725],[120.258823,22.655176],[120.258843,22.654565],[120.258904,22.653804],[120.258931,22.653743],[120.259091,22.653491],[120.259251,22.653311],[120.259501,22.653078],[120.259705,22.652957],[120.259992,22.652798],[120.260211,22.652715],[120.260248,22.652675],[120.260699,22.652137],[120.260972,22.651825],[120.261112,22.651719],[120.26122,22.651636],[120.261548,22.651421],[120.261789,22.651307],[120.262217,22.651241],[120.262499,22.651193],[120.262718,22.651187],[120.262749,22.650932],[120.262706,22.650266],[120.262689,22.649667],[120.262442,22.648977],[120.262428,22.648399],[120.262459,22.648211],[120.262526,22.647806],[120.262702,22.64724],[120.262885,22.646943],[120.262975,22.64674],[120.263075,22.646689],[120.263328,22.646554],[120.263674,22.646436],[120.264335,22.646365],[120.265071,22.646197],[120.265688,22.646051],[120.266253,22.645726],[120.266793,22.645383],[120.267532,22.645165],[120.267422,22.644582],[120.267194,22.643992],[120.266839,22.643401],[120.266506,22.642878],[120.266124,22.642402],[120.26575,22.641953],[120.265291,22.641472],[120.264757,22.641036],[120.264591,22.64088],[120.264584,22.640904],[120.264356,22.64106],[120.2643,22.641031],[120.264053,22.640876],[120.263967,22.640828],[120.263885,22.640816],[120.263829,22.640834],[120.263786,22.640872],[120.263751,22.640931],[120.263694,22.641031],[120.263673,22.641104],[120.263679,22.641209],[120.263726,22.641322],[120.263818,22.641481],[120.263946,22.64162],[120.264018,22.641736],[120.264048,22.641836],[120.264055,22.641953],[120.264007,22.642166],[120.263956,22.642454],[120.263932,22.642548],[120.263887,22.642626],[120.263826,22.642677],[120.263723,22.642727],[120.263536,22.642767],[120.263191,22.642911],[120.262804,22.642975],[120.262685,22.643],[120.262258,22.6432],[120.262033,22.643314],[120.261635,22.643425],[120.261482,22.643475],[120.261374,22.643526],[120.261252,22.643619],[120.261188,22.643701],[120.261155,22.643786],[120.261148,22.643888],[120.261156,22.643992],[120.261181,22.644094],[120.261209,22.644153],[120.261251,22.644199],[120.261312,22.644232],[120.261433,22.644265],[120.261527,22.644296],[120.261648,22.644368],[120.26169,22.644414],[120.261715,22.644483],[120.261724,22.644564],[120.261721,22.644655],[120.261699,22.644805],[120.261746,22.644844],[120.261788,22.644877],[120.261816,22.644921],[120.261876,22.645131],[120.261896,22.645253],[120.261893,22.645349],[120.261975,22.645694],[120.26201,22.645792],[120.262044,22.646081],[120.262046,22.646237],[120.262022,22.646403],[120.261986,22.646513],[120.26194,22.646588],[120.26187,22.646666],[120.261797,22.646708],[120.261727,22.646738],[120.26167,22.646748],[120.261594,22.646729],[120.261464,22.646669],[120.261346,22.646609],[120.261262,22.646579],[120.261158,22.646571],[120.261057,22.646576],[120.260886,22.646605],[120.260761,22.646643],[120.260672,22.646692],[120.260597,22.64675],[120.260534,22.646819],[120.260445,22.646934],[120.260365,22.646983],[120.26028,22.647007],[120.260042,22.646974],[120.259698,22.646886],[120.25955,22.646872],[120.259405,22.646901],[120.259312,22.646955],[120.259251,22.647046],[120.259221,22.647164],[120.259235,22.647252],[120.259281,22.647374],[120.259321,22.647468],[120.259329,22.647562],[120.259332,22.647672],[120.259261,22.647828],[120.259177,22.647978],[120.259127,22.648055],[120.259109,22.648104],[120.259109,22.648165],[120.259138,22.64823],[120.259201,22.648295],[120.259308,22.648381],[120.259431,22.648516],[120.259543,22.648723],[120.259597,22.648845],[120.259652,22.648939],[120.25987,22.649252],[120.259933,22.649464],[120.259972,22.649685],[120.259995,22.649776],[120.260046,22.649851],[120.260202,22.64996],[120.260228,22.65],[120.260236,22.650062],[120.260227,22.650108],[120.260192,22.650148],[120.26014,22.650177],[120.260082,22.650185],[120.259981,22.650144],[120.259823,22.650047],[120.259704,22.649947],[120.259537,22.649785],[120.259371,22.649542],[120.259167,22.649141],[120.259035,22.648939],[120.258765,22.64858],[120.25867,22.648435],[120.258579,22.648252],[120.258507,22.648155],[120.258378,22.647939],[120.258343,22.647907],[120.258277,22.647885],[120.258225,22.647877],[120.258135,22.647911],[120.258062,22.647954],[120.258024,22.647994],[120.25801,22.64805],[120.258021,22.648128],[120.258049,22.648228],[120.258095,22.648292],[120.258121,22.64837],[120.258135,22.64851],[120.25814,22.648602],[120.258125,22.648669],[120.258072,22.648762],[120.257941,22.648915],[120.257836,22.649132],[120.257701,22.649462],[120.257692,22.649543],[120.257709,22.649629],[120.257743,22.649731],[120.257887,22.649936],[120.258068,22.650143],[120.258203,22.65027],[120.258387,22.650483],[120.25845,22.650599],[120.258522,22.650788],[120.258647,22.651229],[120.258766,22.651657],[120.258815,22.651807],[120.25882,22.651944],[120.258805,22.652065],[120.258766,22.652167],[120.258708,22.652234],[120.258653,22.652258],[120.258584,22.652263],[120.258511,22.652238],[120.258394,22.652135],[120.258301,22.652063],[120.258249,22.652001],[120.258221,22.651942],[120.258221,22.651848],[120.258231,22.651689],[120.25822,22.651592],[120.25818,22.651471],[120.258114,22.65138],[120.257987,22.651218],[120.257881,22.65111],[120.257803,22.651061],[120.257736,22.651053],[120.2576,22.651079],[120.257516,22.651084],[120.257432,22.651078],[120.257354,22.651059],[120.257296,22.651021],[120.25725,22.650981],[120.257222,22.650916],[120.257188,22.650792],[120.257143,22.650491],[120.257122,22.650045],[120.257155,22.64982],[120.257156,22.649669],[120.257127,22.649537],[120.257114,22.649427],[120.257114,22.649317],[120.257132,22.649191],[120.257153,22.649089],[120.257151,22.648949],[120.257112,22.648677],[120.257073,22.648331],[120.257047,22.648],[120.257025,22.647653],[120.257011,22.647575],[120.256971,22.647497],[120.256896,22.647435],[120.256769,22.647354],[120.256714,22.647308],[120.256688,22.647243],[120.256686,22.647149],[120.256713,22.647023],[120.256754,22.646905],[120.256912,22.646576],[120.256997,22.64638],[120.257055,22.646289],[120.257105,22.646147],[120.257283,22.645992],[120.257376,22.645893],[120.257396,22.645842],[120.257382,22.645799],[120.257353,22.645777],[120.25729,22.64576],[120.257237,22.645784],[120.256806,22.646161],[120.256772,22.646191],[120.256333,22.646589],[120.256286,22.646642],[120.256251,22.646707],[120.256222,22.646793],[120.256192,22.647048],[120.256138,22.647362],[120.256084,22.647582],[120.255961,22.647933],[120.255769,22.648328],[120.2557,22.648545],[120.255547,22.649171],[120.255417,22.649527],[120.255408,22.649578],[120.255412,22.649638],[120.255468,22.649744],[120.255487,22.649821],[120.255496,22.649858],[120.255492,22.649923],[120.255447,22.650196],[120.25539,22.650549],[120.255398,22.650719],[120.255423,22.650886],[120.255414,22.650933],[120.255314,22.651234],[120.255248,22.651566],[120.255147,22.652061],[120.255138,22.652164],[120.255147,22.652235],[120.255168,22.652283],[120.25529,22.65245],[120.255324,22.652569],[120.255315,22.652664],[120.255289,22.652719],[120.255254,22.652767],[120.255203,22.652794],[120.255139,22.652814],[120.255071,22.652817],[120.255008,22.652797],[120.254985,22.652777],[120.254951,22.652726],[120.254901,22.652579],[120.254844,22.652182],[120.254735,22.651766],[120.254727,22.651592],[120.254711,22.651508],[120.254669,22.651389],[120.254605,22.651278],[120.254499,22.651135],[120.254436,22.651055],[120.254394,22.650968],[120.254356,22.650833],[120.25433,22.650455],[120.254324,22.650417],[120.254294,22.650353],[120.254218,22.650266],[120.254101,22.650151],[120.253744,22.650406],[120.253641,22.650529],[120.253564,22.650646],[120.253453,22.65084],[120.253384,22.650977],[120.253329,22.651185],[120.253306,22.65126],[120.253267,22.651334],[120.253202,22.651397],[120.253083,22.651488],[120.253061,22.651513],[120.252918,22.651824],[120.252396,22.652959],[120.252334,22.653272],[120.252328,22.653339],[120.252333,22.653473],[120.252373,22.653693],[120.252357,22.65376],[120.252232,22.653989],[120.252206,22.65408],[120.252205,22.654186],[120.25224,22.654352],[120.252306,22.654654],[120.252331,22.654721],[120.252474,22.654942],[120.2525,22.655009],[120.25253,22.655167],[120.252543,22.655502],[120.252522,22.655602],[120.25247,22.655731],[120.252423,22.655798],[120.252351,22.655845],[120.251979,22.655978],[120.251886,22.656039],[120.251818,22.656106],[120.251792,22.656178],[120.251755,22.656326],[120.251713,22.656503],[120.251645,22.656717],[120.251645,22.656794],[120.251665,22.656871],[120.251716,22.656943],[120.251834,22.657082],[120.251942,22.657178],[120.251982,22.657231],[120.252303,22.658026],[120.252399,22.658371],[120.252521,22.65864],[120.252583,22.658712],[120.252752,22.658928],[120.252864,22.6591],[120.252894,22.659177],[120.252894,22.659254],[120.252868,22.65934],[120.252831,22.659416],[120.252821,22.659502],[120.25284,22.659646],[120.252835,22.659722],[120.252783,22.659861],[120.252762,22.659951],[120.25273,22.660057],[120.2527,22.660109],[120.252637,22.660171],[120.252523,22.660237],[120.252456,22.660285],[120.252409,22.660352],[120.252367,22.660461],[120.252346,22.660595],[120.252351,22.660691],[120.252391,22.660796],[120.252489,22.660921],[120.25255,22.661031],[120.252559,22.661209],[120.252574,22.661247],[120.252658,22.66131],[120.252785,22.661425],[120.253108,22.66174],[120.253234,22.661896],[120.253266,22.661939],[120.253204,22.661939],[120.253163,22.661929],[120.253007,22.661776],[120.252814,22.661602],[120.252733,22.66153],[120.25263,22.661491],[120.252563,22.661486],[120.252516,22.661495],[120.252501,22.661529],[120.25251,22.661577],[120.25256,22.661644],[120.25269,22.661702],[120.252767,22.661774],[120.252787,22.661855],[120.252776,22.661932],[120.252745,22.661984],[120.252704,22.662013],[120.252663,22.662013],[120.252622,22.661993],[120.25256,22.661859],[120.252514,22.661806],[120.252483,22.661801],[120.252442,22.66182],[120.252426,22.661878],[120.252436,22.661949],[120.252552,22.662277],[120.252696,22.662539],[120.252741,22.662611],[120.252747,22.662649],[120.252726,22.662683],[120.252685,22.662687],[120.252639,22.662663],[120.252572,22.662557],[120.252404,22.66227],[120.252173,22.661958],[120.252133,22.661881],[120.252082,22.661718],[120.25201,22.661596],[120.25193,22.661495],[120.251852,22.661411],[120.251785,22.661391],[120.251713,22.661405],[120.251671,22.661453],[120.251661,22.661496],[120.251644,22.661565],[120.251688,22.661729],[120.252489,22.663442],[120.253002,22.664454],[120.252958,22.66474],[120.252982,22.664919],[120.253277,22.665297],[120.253461,22.665436],[120.253874,22.66565],[120.254135,22.665823],[120.255344,22.666889],[120.255522,22.667111],[120.255785,22.667524],[120.256066,22.668053],[120.25617,22.668334],[120.256342,22.668569],[120.256428,22.668637],[120.256656,22.668731],[120.257059,22.668787],[120.257517,22.668726],[120.257546,22.668611],[120.257562,22.66839],[120.257575,22.668334],[120.257607,22.668194],[120.257653,22.668027],[120.257675,22.667948],[120.257767,22.667856],[120.257836,22.667789],[120.257846,22.667779],[120.257922,22.667721],[120.258028,22.667638],[120.258038,22.667631],[120.258079,22.667604],[120.258242,22.667496],[120.258351,22.667471],[120.258536,22.667526],[120.25868,22.667596],[120.258785,22.66767],[120.25895,22.667799],[120.259055,22.667865],[120.259166,22.667908],[120.259242,22.667912],[120.259363,22.667903],[120.25947,22.667942],[120.259869,22.668155],[120.260046,22.668264],[120.260142,22.668335],[120.260212,22.66842],[120.260242,22.668463],[120.260408,22.668862],[120.260509,22.669005],[120.260886,22.669458],[120.260921,22.669508],[120.261071,22.669759],[120.261162,22.669902],[120.26121,22.669945],[120.261284,22.67],[120.261607,22.670209],[120.262106,22.670526],[120.262279,22.670602],[120.262338,22.670645],[120.262389,22.670692],[120.262475,22.670791],[120.262949,22.67115],[120.263337,22.67144],[120.26369,22.671676],[120.263802,22.671728],[120.263928,22.671747],[120.264263,22.671778],[120.264496,22.67182],[120.264769,22.671906],[120.265128,22.672081],[120.265627,22.672186],[120.265812,22.672225],[120.266176,22.672357],[120.266559,22.67253],[120.266584,22.672534],[120.26708,22.672611],[120.267619,22.672716],[120.268634,22.672773],[120.269165,22.672819],[120.269853,22.672976],[120.27043,22.673126],[120.270728,22.673197],[120.271473,22.673192],[120.271794,22.673219],[120.272036,22.673298],[120.272389,22.673411],[120.27287,22.673688],[120.272919,22.673716],[120.273408,22.673957]]]}},{"type":"Feature","id":"A6405-0541-00","properties":{"code":"A6405-0541-00","district":"三民區","area_m2":6659.7,"centroid":[120.297142,22.649994],"population":380,"households":172,"male":181,"female":199,"ages":[60,120,141,59],"density_km2":57059},"geometry":{"type":"Polygon","coordinates":[[[120.296947,22.650632],[120.297422,22.650608],[120.29732,22.649348],[120.296866,22.649386],[120.296947,22.650632]]]}},{"type":"Feature","id":"A6405-0542-00","properties":{"code":"A6405-0542-00","district":"三民區","area_m2":6253.4,"centroid":[120.297587,22.649961],"population":226,"households":93,"male":110,"female":116,"ages":[26,49,97,54],"density_km2":36140},"geometry":{"type":"Polygon","coordinates":[[[120.297422,22.650608],[120.297854,22.650586],[120.297828,22.650263],[120.297805,22.649964],[120.297774,22.649625],[120.297744,22.649307],[120.29732,22.649348],[120.297422,22.650608]]]}},{"type":"Feature","id":"A6402-0438-00","properties":{"code":"A6402-0438-00","district":"鼓山區","area_m2":6790.9,"centroid":[120.27415,22.650162],"population":155,"households":69,"male":76,"female":79,"ages":[15,34,62,44],"density_km2":22825},"geometry":{"type":"Polygon","coordinates":[[[120.273255,22.650157],[120.274946,22.650499],[120.27503,22.650127],[120.274642,22.650042],[120.274614,22.650097],[120.273331,22.649825],[120.273255,22.650157]]]}},{"type":"Feature","id":"A6402-0437-00","properties":{"code":"A6402-0437-00","district":"鼓山區","area_m2":13138.8,"centroid":[120.280326,22.650173],"population":326,"households":125,"male":164,"female":162,"ages":[31,80,139,76],"density_km2":24812},"geometry":{"type":"Polygon","coordinates":[[[120.281478,22.650504],[120.281477,22.650476],[120.281442,22.649897],[120.281442,22.649887],[120.281131,22.649888],[120.280582,22.649891],[120.280237,22.649895],[120.279874,22.649893],[120.279513,22.649895],[120.279059,22.649897],[120.278988,22.649897],[120.278973,22.650067],[120.278977,22.650162],[120.279384,22.650173],[120.280865,22.650522],[120.281478,22.650504]]]}},{"type":"Feature","id":"A6405-0528-00","properties":{"code":"A6405-0528-00","district":"三民區","area_m2":5415.1,"centroid":[120.305069,22.650245],"population":109,"households":44,"male":47,"female":62,"ages":[16,24,43,26],"density_km2":20129},"geometry":{"type":"Polygon","coordinates":[[[120.304489,22.650492],[120.30564,22.650398],[120.305682,22.650395],[120.30565,22.649998],[120.305605,22.650001],[120.304454,22.650098],[120.304489,22.650492]]]}},{"type":"Feature","id":"A6405-0756-00","properties":{"code":"A6405-0756-00","district":"三民區","area_m2":5784.0,"centroid":[120.316597,22.646577],"population":520,"households":210,"male":247,"female":273,"ages":[95,126,208,91],"density_km2":89903},"geometry":{"type":"Polygon","coordinates":[[[120.316056,22.64676],[120.317025,22.646889],[120.317111,22.646299],[120.316187,22.646292],[120.316056,22.64676]]]}},{"type":"Feature","id":"A6405-0760-00","properties":{"code":"A6405-0760-00","district":"三民區","area_m2":5757.5,"centroid":[120.29809,22.646447],"population":147,"households":61,"male":72,"female":75,"ages":[16,39,55,37],"density_km2":25532},"geometry":{"type":"Polygon","coordinates":[[[120.297531,22.646707],[120.29868,22.646621],[120.298656,22.646192],[120.297502,22.646261],[120.297531,22.646707]]]}},{"type":"Feature","id":"A6405-0772-00","properties":{"code":"A6405-0772-00","district":"三民區","area_m2":3178.5,"centroid":[120.302385,22.646312],"population":81,"households":35,"male":42,"female":39,"ages":[12,12,33,24],"density_km2":25484},"geometry":{"type":"Polygon","coordinates":[[[120.302217,22.646673],[120.302609,22.646641],[120.302567,22.645953],[120.302159,22.645983],[120.302187,22.646379],[120.302217,22.646673]]]}},{"type":"Feature","id":"A6405-0790-00","properties":{"code":"A6405-0790-00","district":"三民區","area_m2":8868.1,"centroid":[120.302688,22.646026],"population":128,"households":51,"male":64,"female":64,"ages":[17,33,57,21],"density_km2":14434},"geometry":{"type":"Polygon","coordinates":[[[120.302609,22.646641],[120.303154,22.646597],[120.303154,22.646586],[120.303072,22.645474],[120.302128,22.645568],[120.302129,22.64558],[120.302159,22.645983],[120.302567,22.645953],[120.302609,22.646641]]]}},{"type":"Feature","id":"A6405-0999-00","properties":{"code":"A6405-0999-00","district":"三民區","area_m2":6451.8,"centroid":[120.318888,22.643023],"population":239,"households":104,"male":115,"female":124,"ages":[31,58,84,66],"density_km2":37044},"geometry":{"type":"Polygon","coordinates":[[[120.317958,22.643241],[120.319849,22.6431],[120.319828,22.642808],[120.318818,22.642877],[120.317933,22.642937],[120.317958,22.643241]]]}},{"type":"Feature","id":"A6405-1001-00","properties":{"code":"A6405-1001-00","district":"三民區","area_m2":4014.0,"centroid":[120.306806,22.64296],"population":115,"households":51,"male":53,"female":62,"ages":[18,19,45,33],"density_km2":28650},"geometry":{"type":"Polygon","coordinates":[[[120.306247,22.643141],[120.30738,22.643096],[120.307379,22.643085],[120.307351,22.642773],[120.306226,22.642842],[120.306247,22.643141]]]}},{"type":"Feature","id":"A6405-1019-00","properties":{"code":"A6405-1019-00","district":"三民區","area_m2":8768.3,"centroid":[120.29781,22.642722],"population":212,"households":98,"male":107,"female":105,"ages":[26,47,73,66],"density_km2":24178},"geometry":{"type":"Polygon","coordinates":[[[120.29727,22.643096],[120.298385,22.643025],[120.298405,22.643023],[120.298351,22.642348],[120.297215,22.642422],[120.29727,22.643096]]]}},{"type":"Feature","id":"A6405-1002-00","properties":{"code":"A6405-1002-00","district":"三民區","area_m2":3724.7,"centroid":[120.310849,22.64297],"population":131,"households":53,"male":68,"female":63,"ages":[16,23,52,40],"density_km2":35171},"geometry":{"type":"Polygon","coordinates":[[[120.310206,22.643137],[120.311449,22.64305],[120.311522,22.643045],[120.311503,22.642805],[120.311425,22.642811],[120.310182,22.642882],[120.310206,22.643137]]]}},{"type":"Feature","id":"A6405-1006-00","properties":{"code":"A6405-1006-00","district":"三民區","area_m2":4571.0,"centroid":[120.30798,22.642897],"population":118,"households":52,"male":56,"female":62,"ages":[21,25,46,26],"density_km2":25815},"geometry":{"type":"Polygon","coordinates":[[[120.30738,22.643096],[120.3074,22.643095],[120.308606,22.643025],[120.308583,22.642697],[120.307372,22.642772],[120.307351,22.642773],[120.307379,22.643085],[120.30738,22.643096]]]}},{"type":"Feature","id":"A6405-1026-00","properties":{"code":"A6405-1026-00","district":"三民區","area_m2":8752.5,"centroid":[120.298951,22.64265],"population":86,"households":34,"male":43,"female":43,"ages":[7,16,41,22],"density_km2":9826},"geometry":{"type":"Polygon","coordinates":[[[120.299533,22.64294],[120.299554,22.642945],[120.2995,22.642281],[120.298351,22.642348],[120.298405,22.643023],[120.299533,22.64294]]]}},{"type":"Feature","id":"A6405-1010-00","properties":{"code":"A6405-1010-00","district":"三民區","area_m2":3289.8,"centroid":[120.312095,22.642878],"population":69,"households":37,"male":36,"female":33,"ages":[1,13,31,24],"density_km2":20974},"geometry":{"type":"Polygon","coordinates":[[[120.311522,22.643045],[120.312682,22.642964],[120.312661,22.642708],[120.311503,22.642805],[120.311522,22.643045]]]}},{"type":"Feature","id":"A6405-1015-00","properties":{"code":"A6405-1015-00","district":"三民區","area_m2":5022.8,"centroid":[120.30444,22.642775],"population":86,"households":28,"male":33,"female":53,"ages":[14,20,32,20],"density_km2":17122},"geometry":{"type":"Polygon","coordinates":[[[120.303883,22.643007],[120.305029,22.642926],[120.304995,22.642576],[120.304993,22.642543],[120.303853,22.642623],[120.303856,22.64267],[120.303883,22.643007]]]}},{"type":"Feature","id":"A6405-1016-00","properties":{"code":"A6405-1016-00","district":"三民區","area_m2":5872.9,"centroid":[120.31717,22.642821],"population":248,"households":99,"male":115,"female":133,"ages":[38,62,94,54],"density_km2":42228},"geometry":{"type":"Polygon","coordinates":[[[120.316428,22.643045],[120.31726,22.642989],[120.317427,22.642978],[120.317933,22.642937],[120.317905,22.642596],[120.317851,22.6426],[120.317343,22.642638],[120.316985,22.642664],[120.316407,22.642706],[120.316428,22.643045]]]}},{"type":"Feature","id":"A6402-0496-00","properties":{"code":"A6402-0496-00","district":"鼓山區","area_m2":31191.4,"centroid":[120.278945,22.638511],"population":278,"households":141,"male":147,"female":131,"ages":[14,54,115,95],"density_km2":8913},"geometry":{"type":"Polygon","coordinates":[[[120.279533,22.639812],[120.279673,22.639546],[120.279837,22.639128],[120.2799,22.638971],[120.279912,22.638939],[120.279377,22.63874],[120.27998,22.637376],[120.280065,22.637345],[120.280151,22.637304],[120.279739,22.636986],[120.279492,22.637479],[120.279249,22.637983],[120.279136,22.638205],[120.279015,22.638316],[120.278919,22.638353],[120.278807,22.63836],[120.278703,22.638359],[120.278615,22.638337],[120.278551,22.638277],[120.278486,22.638159],[120.278473,22.638098],[120.277965,22.637939],[120.277671,22.638783],[120.278741,22.639341],[120.27896,22.639456],[120.278959,22.639705],[120.279008,22.639751],[120.279533,22.639812]]]}},{"type":"Feature","id":"A6405-1274-00","properties":{"code":"A6405-1274-00","district":"三民區","area_m2":2525.1,"centroid":[120.315857,22.639714],"population":141,"households":73,"male":72,"female":69,"ages":[9,36,64,32],"density_km2":55840},"geometry":{"type":"Polygon","coordinates":[[[120.315503,22.639908],[120.316066,22.639851],[120.316138,22.639834],[120.316271,22.639525],[120.315471,22.639597],[120.315503,22.639908]]]}},{"type":"Feature","id":"A6405-1299-00","properties":{"code":"A6405-1299-00","district":"三民區","area_m2":19759.9,"centroid":[120.30107,22.63923],"population":136,"households":67,"male":72,"female":64,"ages":[15,25,58,38],"density_km2":6883},"geometry":{"type":"Polygon","coordinates":[[[120.300174,22.639782],[120.300473,22.639764],[120.300709,22.639738],[120.301646,22.639661],[120.302108,22.639622],[120.302045,22.638915],[120.301527,22.638943],[120.301496,22.638616],[120.301033,22.638651],[120.301049,22.638828],[120.300051,22.638902],[120.300089,22.639087],[120.300096,22.639151],[120.300092,22.639201],[120.30008,22.639321],[120.300174,22.639782]]]}},{"type":"Feature","id":"A6405-1333-00","properties":{"code":"A6405-1333-00","district":"三民區","area_m2":36213.9,"centroid":[120.291128,22.638667],"population":28,"households":19,"male":13,"female":15,"ages":[2,2,15,9],"density_km2":773},"geometry":{"type":"Polygon","coordinates":[[[120.291901,22.639585],[120.292149,22.638867],[120.292211,22.63868],[120.292296,22.638485],[120.292328,22.638404],[120.291399,22.63795],[120.291311,22.637907],[120.290675,22.637597],[120.290537,22.637524],[120.290526,22.637518],[120.290306,22.638133],[120.290252,22.638284],[120.29013,22.638628],[120.28994,22.639165],[120.290688,22.639431],[120.29071,22.639434],[120.291847,22.639744],[120.291901,22.639585]]]}},{"type":"Feature","id":"A6402-0491-00","properties":{"code":"A6402-0491-00","district":"鼓山區","area_m2":8458.2,"centroid":[120.280755,22.639171],"population":194,"households":77,"male":94,"female":100,"ages":[18,48,82,46],"density_km2":22936},"geometry":{"type":"Polygon","coordinates":[[[120.280748,22.639389],[120.28107,22.639472],[120.281534,22.639591],[120.281652,22.63916],[120.279981,22.638758],[120.279912,22.638939],[120.2799,22.638971],[120.279837,22.639128],[120.279859,22.639138],[120.280748,22.639389]]]}},{"type":"Feature","id":"A6405-1287-00","properties":{"code":"A6405-1287-00","district":"三民區","area_m2":3235.0,"centroid":[120.318094,22.639525],"population":214,"households":94,"male":98,"female":116,"ages":[32,38,90,54],"density_km2":66151},"geometry":{"type":"Polygon","coordinates":[[[120.317663,22.639726],[120.318557,22.639638],[120.318521,22.639323],[120.317633,22.63941],[120.317663,22.639726]]]}},{"type":"Feature","id":"A6405-1303-00","properties":{"code":"A6405-1303-00","district":"三民區","area_m2":8678.0,"centroid":[120.289019,22.639081],"population":160,"households":74,"male":70,"female":90,"ages":[18,31,57,54],"density_km2":18437},"geometry":{"type":"Polygon","coordinates":[[[120.289793,22.639572],[120.28994,22.639165],[120.289356,22.638969],[120.288852,22.638799],[120.28881,22.638785],[120.288244,22.638591],[120.288093,22.638983],[120.289793,22.639572]]]}},{"type":"Feature","id":"A6406-0014-00","properties":{"code":"A6406-0014-00","district":"新興區","area_m2":5554.7,"centroid":[120.297712,22.636107],"population":176,"households":97,"male":85,"female":91,"ages":[15,30,74,57],"density_km2":31685},"geometry":{"type":"Polygon","coordinates":[[[120.298271,22.636485],[120.298304,22.636414],[120.298403,22.636146],[120.297166,22.635727],[120.297067,22.635966],[120.297022,22.63608],[120.297073,22.636096],[120.298271,22.636485]]]}},{"type":"Feature","id":"A6405-1485-00","properties":{"code":"A6405-1485-00","district":"三民區","area_m2":5312.6,"centroid":[120.289759,22.636062],"population":76,"households":34,"male":39,"female":37,"ages":[6,22,33,15],"density_km2":14306},"geometry":{"type":"Polygon","coordinates":[[[120.289199,22.636124],[120.290138,22.636437],[120.290324,22.636009],[120.290274,22.635992],[120.290251,22.635985],[120.289365,22.635686],[120.289199,22.636124]]]}},{"type":"Feature","id":"A6406-0008-00","properties":{"code":"A6406-0008-00","district":"新興區","area_m2":5380.7,"centroid":[120.311394,22.636229],"population":236,"households":96,"male":104,"female":132,"ages":[52,38,84,62],"density_km2":43860},"geometry":{"type":"Polygon","coordinates":[[[120.310743,22.636452],[120.312072,22.636363],[120.312033,22.636005],[120.310719,22.636099],[120.310743,22.636452]]]}},{"type":"Feature","id":"A6402-0518-00","properties":{"code":"A6402-0518-00","district":"鼓山區","area_m2":11313.6,"centroid":[120.282048,22.635753],"population":293,"households":139,"male":140,"female":153,"ages":[15,68,115,95],"density_km2":25898},"geometry":{"type":"Polygon","coordinates":[[[120.282483,22.636307],[120.282781,22.635302],[120.282724,22.6353],[120.282513,22.635231],[120.282332,22.63513],[120.282223,22.635233],[120.28127,22.636032],[120.281163,22.636137],[120.281261,22.636137],[120.281537,22.636172],[120.281602,22.636181],[120.28178,22.636203],[120.281892,22.636217],[120.282156,22.636252],[120.282483,22.636307]]]}},{"type":"Feature","id":"A6405-1487-00","properties":{"code":"A6405-1487-00","district":"三民區","area_m2":6848.0,"centroid":[120.292036,22.635909],"population":221,"households":93,"male":107,"female":114,"ages":[23,45,92,61],"density_km2":32272},"geometry":{"type":"Polygon","coordinates":[[[120.291216,22.635834],[120.292715,22.636337],[120.292855,22.635976],[120.292351,22.635812],[120.292244,22.635777],[120.291372,22.635491],[120.29135,22.63548],[120.291216,22.635834]]]}},{"type":"Feature","id":"A6405-1501-00","properties":{"code":"A6405-1501-00","district":"三民區","area_m2":8569.3,"centroid":[120.293752,22.635628],"population":55,"households":23,"male":29,"female":26,"ages":[4,10,25,16],"density_km2":6418},"geometry":{"type":"Polygon","coordinates":[[[120.293738,22.636264],[120.29383,22.636293],[120.294261,22.63516],[120.29368,22.634962],[120.293609,22.635129],[120.293438,22.635584],[120.293243,22.636103],[120.293266,22.636113],[120.293738,22.636264]]]}},{"type":"Feature","id":"A6405-1495-00","properties":{"code":"A6405-1495-00","district":"三民區","area_m2":8130.4,"centroid":[120.290284,22.635785],"population":401,"households":204,"male":198,"female":203,"ages":[42,95,147,117],"density_km2":49321},"geometry":{"type":"Polygon","coordinates":[[[120.290324,22.636009],[120.291054,22.636256],[120.2912,22.635876],[120.289508,22.635317],[120.289365,22.635686],[120.290251,22.635985],[120.290274,22.635992],[120.290324,22.636009]]]}},{"type":"Feature","id":"A6406-0016-00","properties":{"code":"A6406-0016-00","district":"新興區","area_m2":6917.0,"centroid":[120.304188,22.636028],"population":188,"households":102,"male":90,"female":98,"ages":[21,31,87,49],"density_km2":27179},"geometry":{"type":"Polygon","coordinates":[[[120.303337,22.63626],[120.305062,22.636156],[120.305052,22.636051],[120.305029,22.635787],[120.303297,22.635931],[120.303337,22.63626]]]}},{"type":"Feature","id":"A6406-0101-00","properties":{"code":"A6406-0101-00","district":"新興區","area_m2":6170.6,"centroid":[120.306813,22.632482],"population":116,"households":50,"male":65,"female":51,"ages":[8,25,44,39],"density_km2":18799},"geometry":{"type":"Polygon","coordinates":[[[120.306192,22.632743],[120.306209,22.632735],[120.307406,22.632659],[120.307457,22.632655],[120.307437,22.632219],[120.306162,22.632322],[120.306192,22.632743]]]}},{"type":"Feature","id":"A6406-0105-00","properties":{"code":"A6406-0105-00","district":"新興區","area_m2":5788.8,"centroid":[120.299171,22.63231],"population":66,"households":35,"male":38,"female":28,"ages":[2,16,28,20],"density_km2":11401},"geometry":{"type":"Polygon","coordinates":[[[120.29984,22.63233],[120.298734,22.631942],[120.298665,22.631918],[120.298503,22.632303],[120.299694,22.6327],[120.29984,22.63233]]]}},{"type":"Feature","id":"A6407-0029-00","properties":{"code":"A6407-0029-00","district":"前金區","area_m2":6617.5,"centroid":[120.289739,22.63216],"population":187,"households":90,"male":91,"female":96,"ages":[13,49,81,44],"density_km2":28258},"geometry":{"type":"Polygon","coordinates":[[[120.29056,22.632597],[120.290663,22.632306],[120.288937,22.631722],[120.288821,22.632029],[120.29056,22.632597]]]}},{"type":"Feature","id":"A6406-0119-00","properties":{"code":"A6406-0119-00","district":"新興區","area_m2":5901.2,"centroid":[120.307559,22.631793],"population":153,"households":84,"male":67,"female":86,"ages":[14,27,61,51],"density_km2":25927},"geometry":{"type":"Polygon","coordinates":[[[120.307457,22.632655],[120.307777,22.632631],[120.307643,22.630924],[120.307355,22.630943],[120.30734,22.630944],[120.307351,22.631034],[120.307402,22.631653],[120.307422,22.631894],[120.307437,22.632219],[120.307457,22.632655]]]}},{"type":"Feature","id":"A6406-0121-00","properties":{"code":"A6406-0121-00","district":"新興區","area_m2":8823.6,"centroid":[120.307935,22.631761],"population":406,"households":226,"male":173,"female":233,"ages":[54,130,149,73],"density_km2":46013},"geometry":{"type":"Polygon","coordinates":[[[120.307777,22.632631],[120.308225,22.632597],[120.30819,22.632125],[120.308149,22.631584],[120.308125,22.631261],[120.308106,22.630895],[120.307643,22.630924],[120.307777,22.632631]]]}},{"type":"Feature","id":"A6407-0032-00","properties":{"code":"A6407-0032-00","district":"前金區","area_m2":8908.8,"centroid":[120.291722,22.632064],"population":246,"households":143,"male":111,"female":135,"ages":[24,60,102,60],"density_km2":27613},"geometry":{"type":"Polygon","coordinates":[[[120.292508,22.632555],[120.292662,22.632166],[120.290954,22.631569],[120.290789,22.631985],[120.292508,22.632555]]]}},{"type":"Feature","id":"A6406-0106-00","properties":{"code":"A6406-0106-00","district":"新興區","area_m2":8551.5,"centroid":[120.314389,22.632374],"population":161,"households":73,"male":68,"female":93,"ages":[26,30,72,33],"density_km2":18827},"geometry":{"type":"Polygon","coordinates":[[[120.313384,22.632639],[120.31542,22.632475],[120.315389,22.632109],[120.313406,22.632266],[120.313361,22.632269],[120.313384,22.632639]]]}},{"type":"Feature","id":"A6407-0031-00","properties":{"code":"A6407-0031-00","district":"前金區","area_m2":5694.8,"centroid":[120.293302,22.632155],"population":30,"households":14,"male":17,"female":13,"ages":[4,8,9,9],"density_km2":5268},"geometry":{"type":"Polygon","coordinates":[[[120.293778,22.632529],[120.2938,22.632539],[120.29394,22.63214],[120.29283,22.631781],[120.292808,22.631771],[120.292662,22.632166],[120.293778,22.632529]]]}},{"type":"Feature","id":"A6406-0104-00","properties":{"code":"A6406-0104-00","district":"新興區","area_m2":7128.4,"centroid":[120.303894,22.632329],"population":191,"households":99,"male":92,"female":99,"ages":[21,35,74,61],"density_km2":26794},"geometry":{"type":"Polygon","coordinates":[[[120.30303,22.632577],[120.303153,22.632563],[120.30477,22.632433],[120.304792,22.632432],[120.304764,22.632088],[120.304737,22.63209],[120.303004,22.632209],[120.30303,22.632577]]]}},{"type":"Feature","id":"A6406-0107-00","properties":{"code":"A6406-0107-00","district":"新興區","area_m2":3333.0,"centroid":[120.308512,22.63234],"population":308,"households":134,"male":139,"female":169,"ages":[51,74,112,71],"density_km2":92408},"geometry":{"type":"Polygon","coordinates":[[[120.308225,22.632597],[120.308288,22.632595],[120.308666,22.632578],[120.308759,22.63257],[120.308832,22.632565],[120.308795,22.632079],[120.30819,22.632125],[120.308225,22.632597]]]}},{"type":"Feature","id":"A6401-0009-00","properties":{"code":"A6401-0009-00","district":"鹽埕區","area_m2":10725.1,"centroid":[120.282345,22.631521],"population":208,"households":102,"male":105,"female":103,"ages":[22,42,77,67],"density_km2":19394},"geometry":{"type":"Polygon","coordinates":[[[120.282699,22.632474],[120.282762,22.632446],[120.283068,22.63231],[120.283081,22.632304],[120.282569,22.631354],[120.282192,22.630635],[120.282057,22.6307],[120.281997,22.630713],[120.281969,22.630671],[120.281577,22.630731],[120.281682,22.630887],[120.28177,22.631017],[120.281888,22.631193],[120.282057,22.631445],[120.282221,22.631689],[120.282652,22.632371],[120.282691,22.632463],[120.282699,22.632474]]]}},{"type":"Feature","id":"A6408-0088-00","properties":{"code":"A6408-0088-00","district":"苓雅區","area_m2":6954.6,"centroid":[120.318642,22.632168],"population":277,"households":125,"male":133,"female":144,"ages":[57,59,95,66],"density_km2":39830},"geometry":{"type":"Polygon","coordinates":[[[120.319488,22.632233],[120.317976,22.631725],[120.317832,22.632092],[120.318777,22.632413],[120.319004,22.63263],[120.319488,22.632233]]]}},{"type":"Feature","id":"A6407-0030-00","properties":{"code":"A6407-0030-00","district":"前金區","area_m2":4633.2,"centroid":[120.296501,22.632171],"population":117,"households":50,"male":51,"female":66,"ages":[9,27,49,32],"density_km2":25253},"geometry":{"type":"Polygon","coordinates":[[[120.297034,22.632514],[120.29715,22.632214],[120.295973,22.631826],[120.295857,22.632144],[120.297034,22.632514]]]}},{"type":"Feature","id":"A6406-0113-00","properties":{"code":"A6406-0113-00","district":"新興區","area_m2":18382.2,"centroid":[120.309582,22.632001],"population":167,"households":81,"male":92,"female":75,"ages":[25,43,58,41],"density_km2":9085},"geometry":{"type":"Polygon","coordinates":[[[120.308832,22.632565],[120.309112,22.632543],[120.310413,22.632455],[120.310412,22.632444],[120.310406,22.632365],[120.310328,22.631438],[120.308753,22.631544],[120.308795,22.632079],[120.308832,22.632565]]]}},{"type":"Feature","id":"A6406-0178-00","properties":{"code":"A6406-0178-00","district":"新興區","area_m2":5471.2,"centroid":[120.306528,22.628969],"population":98,"households":47,"male":53,"female":45,"ages":[9,25,40,24],"density_km2":17912},"geometry":{"type":"Polygon","coordinates":[[[120.305875,22.629197],[120.307203,22.629106],[120.307173,22.628752],[120.307173,22.628736],[120.307061,22.628743],[120.305868,22.628847],[120.305846,22.628842],[120.305875,22.629197]]]}},{"type":"Feature","id":"A6401-0032-00","properties":{"code":"A6401-0032-00","district":"鹽埕區","area_m2":8535.6,"centroid":[120.282283,22.628464],"population":214,"households":95,"male":98,"female":116,"ages":[23,50,93,48],"density_km2":25072},"geometry":{"type":"Polygon","coordinates":[[[120.282206,22.629076],[120.282848,22.62879],[120.282861,22.628784],[120.282335,22.627846],[120.28172,22.628151],[120.281711,22.628166],[120.282184,22.629035],[120.282206,22.629076]]]}},{"type":"Feature","id":"A6407-0077-00","properties":{"code":"A6407-0077-00","district":"前金區","area_m2":13659.4,"centroid":[120.29473,22.628452],"population":209,"households":100,"male":97,"female":112,"ages":[19,45,72,73],"density_km2":15301},"geometry":{"type":"Polygon","coordinates":[[[120.295089,22.629112],[120.295111,22.629122],[120.29547,22.628159],[120.294378,22.627792],[120.294357,22.627781],[120.294212,22.628212],[120.293982,22.628736],[120.295089,22.629112]]]}},{"type":"Feature","id":"A6406-0179-00","properties":{"code":"A6406-0179-00","district":"新興區","area_m2":11276.3,"centroid":[120.312539,22.628851],"population":293,"households":123,"male":137,"female":156,"ages":[69,68,96,60],"density_km2":25984},"geometry":{"type":"Polygon","coordinates":[[[120.311471,22.629175],[120.312922,22.629056],[120.313465,22.629011],[120.313566,22.628748],[120.313569,22.628738],[120.3137,22.628543],[120.313651,22.628528],[120.312901,22.628592],[120.311437,22.628705],[120.311471,22.629175]]]}},{"type":"Feature","id":"A6407-0079-00","properties":{"code":"A6407-0079-00","district":"前金區","area_m2":13799.8,"centroid":[120.297936,22.628462],"population":207,"households":94,"male":88,"female":119,"ages":[14,41,69,83],"density_km2":15000},"geometry":{"type":"Polygon","coordinates":[[[120.297166,22.628725],[120.29835,22.629109],[120.298521,22.628683],[120.298653,22.628353],[120.298708,22.628216],[120.298686,22.628208],[120.297537,22.627817],[120.29752,22.627812],[120.297462,22.627961],[120.297166,22.628725]]]}},{"type":"Feature","id":"A6406-0191-00","properties":{"code":"A6406-0191-00","district":"新興區","area_m2":14443.0,"centroid":[120.301101,22.628225],"population":79,"households":43,"male":29,"female":50,"ages":[5,15,36,23],"density_km2":5470},"geometry":{"type":"Polygon","coordinates":[[[120.301147,22.629037],[120.3015,22.62911],[120.301688,22.629124],[120.301575,22.62812],[120.301475,22.627223],[120.300338,22.628315],[120.301033,22.628561],[120.300884,22.628951],[120.301124,22.629032],[120.301147,22.629037]]]}},{"type":"Feature","id":"A6406-0192-00","properties":{"code":"A6406-0192-00","district":"新興區","area_m2":22815.7,"centroid":[120.302117,22.628169],"population":86,"households":50,"male":34,"female":52,"ages":[12,12,38,24],"density_km2":3769},"geometry":{"type":"Polygon","coordinates":[[[120.301688,22.629124],[120.302306,22.629077],[120.302726,22.629046],[120.302747,22.629045],[120.302718,22.628674],[120.302688,22.62828],[120.302663,22.62795],[120.30262,22.627394],[120.302633,22.627287],[120.302609,22.627286],[120.302319,22.627282],[120.301475,22.627223],[120.301575,22.62812],[120.301688,22.629124]]]}},{"type":"Feature","id":"A6407-0073-00","properties":{"code":"A6407-0073-00","district":"前金區","area_m2":7130.0,"centroid":[120.299222,22.628654],"population":86,"households":40,"male":39,"female":47,"ages":[7,15,37,27],"density_km2":12062},"geometry":{"type":"Polygon","coordinates":[[[120.298521,22.628683],[120.299747,22.629086],[120.299849,22.628818],[120.299925,22.628619],[120.299585,22.628522],[120.299246,22.628425],[120.299226,22.628412],[120.298708,22.628216],[120.298653,22.628353],[120.298521,22.628683]]]}},{"type":"Feature","id":"A6406-0180-00","properties":{"code":"A6406-0180-00","district":"新興區","area_m2":7456.1,"centroid":[120.303592,22.628797],"population":160,"households":68,"male":81,"female":79,"ages":[12,34,62,52],"density_km2":21459},"geometry":{"type":"Polygon","coordinates":[[[120.302747,22.629045],[120.304459,22.628937],[120.304426,22.628546],[120.302718,22.628674],[120.302747,22.629045]]]}},{"type":"Feature","id":"A6401-0033-00","properties":{"code":"A6401-0033-00","district":"鹽埕區","area_m2":9467.7,"centroid":[120.286836,22.62843],"population":199,"households":106,"male":80,"female":119,"ages":[22,37,90,50],"density_km2":21019},"geometry":{"type":"Polygon","coordinates":[[[120.286189,22.628654],[120.286577,22.628787],[120.287097,22.628965],[120.287497,22.62819],[120.286945,22.62803],[120.286508,22.627903],[120.286189,22.628654]]]}},{"type":"Feature","id":"A6401-0034-00","properties":{"code":"A6401-0034-00","district":"鹽埕區","area_m2":6062.6,"centroid":[120.281005,22.62836],"population":271,"households":121,"male":136,"female":135,"ages":[26,61,102,82],"density_km2":44700},"geometry":{"type":"Polygon","coordinates":[[[120.280998,22.628924],[120.281104,22.628852],[120.281407,22.628565],[120.281454,22.628503],[120.281096,22.627825],[120.280538,22.628084],[120.280645,22.62828],[120.280998,22.628924]]]}},{"type":"Feature","id":"A6402-0542-00","properties":{"code":"A6402-0542-00","district":"鼓山區","area_m2":7515.5,"centroid":[120.279341,22.62837],"population":3,"households":3,"male":3,"female":0,"ages":[0,0,1,2],"density_km2":399},"geometry":{"type":"Polygon","coordinates":[[[120.279106,22.628912],[120.279695,22.628521],[120.279958,22.628347],[120.279865,22.628211],[120.279781,22.628086],[120.279662,22.627912],[120.279631,22.627866],[120.279612,22.627839],[120.279604,22.627826],[120.279332,22.628001],[120.278719,22.628397],[120.279106,22.628912]]]}},{"type":"Feature","id":"A6408-0284-00","properties":{"code":"A6408-0284-00","district":"苓雅區","area_m2":5386.9,"centroid":[120.316821,22.624373],"population":247,"households":109,"male":98,"female":149,"ages":[47,53,98,49],"density_km2":45852},"geometry":{"type":"Polygon","coordinates":[[[120.316415,22.62474],[120.316884,22.6249],[120.317228,22.624003],[120.316789,22.623854],[120.316763,22.623845],[120.316415,22.62474]]]}},{"type":"Feature","id":"A6407-0104-00","properties":{"code":"A6407-0104-00","district":"前金區","area_m2":9868.7,"centroid":[120.29635,22.624271],"population":313,"households":178,"male":135,"female":178,"ages":[33,77,130,73],"density_km2":31716},"geometry":{"type":"Polygon","coordinates":[[[120.29568,22.624438],[120.296782,22.624805],[120.297039,22.624125],[120.295965,22.623744],[120.295943,22.623733],[120.295804,22.624073],[120.295658,22.624428],[120.29568,22.624438]]]}},{"type":"Feature","id":"A6401-0078-00","properties":{"code":"A6401-0078-00","district":"鹽埕區","area_m2":9838.9,"centroid":[120.286338,22.624073],"population":230,"households":114,"male":104,"female":126,"ages":[18,35,100,77],"density_km2":23377},"geometry":{"type":"Polygon","coordinates":[[[120.286262,22.62473],[120.286949,22.624406],[120.286919,22.624351],[120.28644,22.623411],[120.285722,22.62378],[120.286262,22.62473]]]}},{"type":"Feature","id":"A6401-0077-00","properties":{"code":"A6401-0077-00","district":"鹽埕區","area_m2":6469.1,"centroid":[120.281316,22.624105],"population":144,"households":57,"male":71,"female":73,"ages":[18,35,50,41],"density_km2":22260},"geometry":{"type":"Polygon","coordinates":[[[120.28135,22.624701],[120.281811,22.624482],[120.281291,22.62351],[120.280819,22.623731],[120.28135,22.624701]]]}},{"type":"Feature","id":"A6406-0240-00","properties":{"code":"A6406-0240-00","district":"新興區","area_m2":12278.9,"centroid":[120.305763,22.62422],"population":296,"households":142,"male":139,"female":157,"ages":[28,63,94,111],"density_km2":24106},"geometry":{"type":"Polygon","coordinates":[[[120.306252,22.624804],[120.306371,22.624502],[120.306545,22.624058],[120.305282,22.623633],[120.305101,22.624087],[120.304986,22.624377],[120.30498,22.624392],[120.306211,22.624791],[120.306252,22.624804]]]}},{"type":"Feature","id":"A6402-0560-00","properties":{"code":"A6402-0560-00","district":"鼓山區","area_m2":11499.2,"centroid":[120.273716,22.623991],"population":265,"households":122,"male":145,"female":120,"ages":[21,59,107,78],"density_km2":23045},"geometry":{"type":"Polygon","coordinates":[[[120.273383,22.624619],[120.273448,22.624498],[120.273524,22.6244],[120.273662,22.624309],[120.273887,22.624195],[120.274143,22.624111],[120.274401,22.624045],[120.274539,22.624069],[120.27451,22.623979],[120.274431,22.623978],[120.274373,22.623951],[120.274383,22.6239],[120.27447,22.623887],[120.274593,22.623854],[120.274598,22.623807],[120.27457,22.623712],[120.274604,22.623683],[120.274347,22.623305],[120.274167,22.623415],[120.273839,22.623623],[120.273444,22.623873],[120.272837,22.624209],[120.272883,22.624276],[120.272783,22.624325],[120.272929,22.624543],[120.272985,22.624545],[120.273086,22.62457],[120.273197,22.624645],[120.273267,22.624647],[120.273383,22.624619]]]}},{"type":"Feature","id":"A6407-0103-00","properties":{"code":"A6407-0103-00","district":"前金區","area_m2":6963.8,"centroid":[120.294715,22.62429],"population":110,"households":54,"male":53,"female":57,"ages":[14,20,42,34],"density_km2":15796},"geometry":{"type":"Polygon","coordinates":[[[120.295535,22.624738],[120.295539,22.624728],[120.295658,22.624428],[120.293902,22.623852],[120.293881,22.623842],[120.293772,22.624149],[120.295535,22.624738]]]}},{"type":"Feature","id":"A6401-0079-00","properties":{"code":"A6401-0079-00","district":"鹽埕區","area_m2":9404.1,"centroid":[120.279033,22.623994],"population":44,"households":23,"male":22,"female":22,"ages":[5,8,16,15],"density_km2":4679},"geometry":{"type":"Polygon","coordinates":[[[120.278947,22.624634],[120.279639,22.624303],[120.279109,22.623353],[120.278429,22.623678],[120.278947,22.624634]]]}},{"type":"Feature","id":"A6408-0291-00","properties":{"code":"A6408-0291-00","district":"苓雅區","area_m2":4896.1,"centroid":[120.316377,22.62422],"population":346,"households":142,"male":154,"female":192,"ages":[112,72,104,58],"density_km2":70669},"geometry":{"type":"Polygon","coordinates":[[[120.316365,22.624723],[120.316415,22.62474],[120.316763,22.623845],[120.31671,22.623827],[120.31636,22.623708],[120.316338,22.6237],[120.315991,22.624596],[120.316365,22.624723]]]}},{"type":"Feature","id":"A6407-0107-00","properties":{"code":"A6407-0107-00","district":"前金區","area_m2":9018.8,"centroid":[120.29286,22.624145],"population":101,"households":52,"male":45,"female":56,"ages":[10,16,42,33],"density_km2":11199},"geometry":{"type":"Polygon","coordinates":[[[120.29358,22.624633],[120.293757,22.624192],[120.292113,22.62366],[120.291963,22.624084],[120.292192,22.624161],[120.292245,22.624179],[120.29358,22.624633]]]}},{"type":"Feature","id":"A6406-0242-00","properties":{"code":"A6406-0242-00","district":"新興區","area_m2":12307.7,"centroid":[120.302601,22.624055],"population":139,"households":64,"male":72,"female":67,"ages":[13,32,61,33],"density_km2":11294},"geometry":{"type":"Polygon","coordinates":[[[120.301844,22.624264],[120.303054,22.624646],[120.303343,22.623915],[120.303361,22.623869],[120.303325,22.623857],[120.302165,22.623457],[120.302146,22.623503],[120.301888,22.624127],[120.301844,22.624264]]]}},{"type":"Feature","id":"A6406-0276-00","properties":{"code":"A6406-0276-00","district":"新興區","area_m2":8402.7,"centroid":[120.303738,22.620776],"population":107,"households":55,"male":55,"female":52,"ages":[10,25,36,36],"density_km2":12734},"geometry":{"type":"Polygon","coordinates":[[[120.304382,22.621237],[120.304405,22.62118],[120.304549,22.62082],[120.304562,22.620788],[120.304539,22.62078],[120.303096,22.620318],[120.303085,22.620343],[120.302938,22.620693],[120.302912,22.620756],[120.304382,22.621237]]]}},{"type":"Feature","id":"A6401-0124-00","properties":{"code":"A6401-0124-00","district":"鹽埕區","area_m2":12165.4,"centroid":[120.288644,22.620409],"population":147,"households":71,"male":65,"female":82,"ages":[7,32,61,47],"density_km2":12083},"geometry":{"type":"Polygon","coordinates":[[[120.288498,22.621137],[120.289178,22.620796],[120.289199,22.620791],[120.289146,22.619836],[120.289106,22.619679],[120.287991,22.620215],[120.288498,22.621137]]]}},{"type":"Feature","id":"A6408-0417-00","properties":{"code":"A6408-0417-00","district":"苓雅區","area_m2":6927.7,"centroid":[120.310946,22.62036],"population":71,"households":31,"male":30,"female":41,"ages":[6,11,31,23],"density_km2":10249},"geometry":{"type":"Polygon","coordinates":[[[120.310471,22.621089],[120.310803,22.621216],[120.311383,22.619723],[120.311421,22.619621],[120.311367,22.619602],[120.311082,22.619508],[120.310471,22.621089]]]}},{"type":"Feature","id":"A6408-0403-00","properties":{"code":"A6408-0403-00","district":"苓雅區","area_m2":6686.1,"centroid":[120.294869,22.620598],"population":122,"households":65,"male":53,"female":69,"ages":[10,28,45,39],"density_km2":18247},"geometry":{"type":"Polygon","coordinates":[[[120.295058,22.6211],[120.29522,22.620661],[120.295352,22.620316],[120.294891,22.620161],[120.294807,22.620136],[120.29469,22.620098],[120.294384,22.620872],[120.2945,22.620911],[120.295058,22.6211]]]}},{"type":"Feature","id":"A6408-0416-00","properties":{"code":"A6408-0416-00","district":"苓雅區","area_m2":26190.0,"centroid":[120.315098,22.620412],"population":379,"households":193,"male":158,"female":221,"ages":[59,95,143,82],"density_km2":14471},"geometry":{"type":"Polygon","coordinates":[[[120.316125,22.621186],[120.316143,22.621191],[120.316686,22.619833],[120.316715,22.619763],[120.316388,22.619654],[120.316365,22.619723],[120.316241,22.620027],[120.315793,22.619881],[120.315653,22.62023],[120.31504,22.620024],[120.314922,22.620331],[120.313426,22.619819],[120.313394,22.619808],[120.313234,22.620262],[120.314697,22.620715],[120.314755,22.620743],[120.315747,22.621075],[120.315798,22.621091],[120.316086,22.621175],[120.316125,22.621186]]]}},{"type":"Feature","id":"A6402-0594-00","properties":{"code":"A6402-0594-00","district":"鼓山區","area_m2":5401.2,"centroid":[120.270984,22.62039],"population":113,"households":51,"male":50,"female":63,"ages":[8,30,48,27],"density_km2":20921},"geometry":{"type":"Polygon","coordinates":[[[120.271128,22.620987],[120.271418,22.620808],[120.271467,22.62078],[120.270827,22.619825],[120.270772,22.619829],[120.270564,22.619808],[120.270538,22.6201],[120.271128,22.620987]]]}},{"type":"Feature","id":"A6401-0128-00","properties":{"code":"A6401-0128-00","district":"鹽埕區","area_m2":14779.9,"centroid":[120.281466,22.620127],"population":0,"households":0,"male":0,"female":0,"ages":[0,0,0,0],"density_km2":0},"geometry":{"type":"Polygon","coordinates":[[[120.281466,22.620999],[120.282195,22.620656],[120.282211,22.620655],[120.281918,22.620087],[120.281696,22.619689],[120.281456,22.619256],[120.280721,22.619597],[120.281168,22.620435],[120.281466,22.620999]]]}},{"type":"Feature","id":"A6407-0141-00","properties":{"code":"A6407-0141-00","district":"前金區","area_m2":5668.6,"centroid":[120.30014,22.620402],"population":159,"households":76,"male":70,"female":89,"ages":[14,44,59,42],"density_km2":28050},"geometry":{"type":"Polygon","coordinates":[[[120.29972,22.620968],[120.300076,22.621081],[120.30056,22.61984],[120.300205,22.619723],[120.29972,22.620968]]]}},{"type":"Feature","id":"A6408-0424-00","properties":{"code":"A6408-0424-00","district":"苓雅區","area_m2":8306.6,"centroid":[120.310573,22.620228],"population":276,"households":135,"male":106,"female":170,"ages":[37,94,105,40],"density_km2":33227},"geometry":{"type":"Polygon","coordinates":[[[120.310404,22.621063],[120.310471,22.621089],[120.311082,22.619508],[120.311042,22.619495],[120.310988,22.619477],[120.310669,22.619371],[120.310434,22.619986],[120.310194,22.620606],[120.310065,22.620938],[120.310404,22.621063]]]}},{"type":"Feature","id":"A6402-0593-00","properties":{"code":"A6402-0593-00","district":"鼓山區","area_m2":6101.9,"centroid":[120.273375,22.620413],"population":145,"households":80,"male":70,"female":75,"ages":[15,41,48,41],"density_km2":23763},"geometry":{"type":"Polygon","coordinates":[[[120.273451,22.620925],[120.273929,22.620647],[120.273494,22.620049],[120.273463,22.620001],[120.272953,22.619952],[120.272798,22.619979],[120.273451,22.620925]]]}},{"type":"Feature","id":"A6408-0404-00","properties":{"code":"A6408-0404-00","district":"苓雅區","area_m2":6541.1,"centroid":[120.308567,22.620639],"population":162,"households":72,"male":83,"female":79,"ages":[16,37,59,50],"density_km2":24767},"geometry":{"type":"Polygon","coordinates":[[[120.309093,22.621054],[120.309264,22.620656],[120.308044,22.62022],[120.307877,22.620649],[120.309093,22.621054]]]}},{"type":"Feature","id":"A6401-0125-00","properties":{"code":"A6401-0125-00","district":"鹽埕區","area_m2":9338.8,"centroid":[120.284272,22.620259],"population":218,"households":106,"male":107,"female":111,"ages":[16,50,87,65],"density_km2":23343},"geometry":{"type":"Polygon","coordinates":[[[120.2842,22.620901],[120.28487,22.620567],[120.28486,22.620551],[120.284685,22.620219],[120.284516,22.619901],[120.284366,22.619617],[120.28367,22.619962],[120.283679,22.619978],[120.2842,22.620901]]]}},{"type":"Feature","id":"A6407-0142-00","properties":{"code":"A6407-0142-00","district":"前金區","area_m2":9784.8,"centroid":[120.299656,22.620246],"population":161,"households":98,"male":72,"female":89,"ages":[3,45,77,36],"density_km2":16454},"geometry":{"type":"Polygon","coordinates":[[[120.299195,22.620802],[120.29972,22.620968],[120.300205,22.619723],[120.299665,22.619546],[120.299595,22.619523],[120.299591,22.619531],[120.2994,22.62002],[120.299106,22.620773],[120.299195,22.620802]]]}},{"type":"Feature","id":"A6408-0617-00","properties":{"code":"A6408-0617-00","district":"苓雅區","area_m2":15726.1,"centroid":[120.293041,22.616036],"population":45,"households":18,"male":19,"female":26,"ages":[6,12,17,10],"density_km2":2861},"geometry":{"type":"Polygon","coordinates":[[[120.292439,22.616741],[120.293605,22.616202],[120.293659,22.616302],[120.294014,22.616152],[120.293858,22.615855],[120.293589,22.615342],[120.293584,22.615325],[120.292737,22.615702],[120.292703,22.615726],[120.292425,22.615914],[120.292064,22.61608],[120.292439,22.616741]]]}},{"type":"Feature","id":"A6408-0609-00","properties":{"code":"A6408-0609-00","district":"苓雅區","area_m2":7539.1,"centroid":[120.307125,22.616336],"population":159,"households":72,"male":74,"female":85,"ages":[9,43,53,54],"density_km2":21090},"geometry":{"type":"Polygon","coordinates":[[[120.307847,22.616779],[120.307858,22.616751],[120.307989,22.616412],[120.306436,22.615897],[120.306421,22.615892],[120.306263,22.616265],[120.306285,22.616275],[120.307426,22.616643],[120.307847,22.616779]]]}},{"type":"Feature","id":"A6408-0613-00","properties":{"code":"A6408-0613-00","district":"苓雅區","area_m2":6632.1,"centroid":[120.297298,22.616228],"population":134,"households":57,"male":69,"female":65,"ages":[17,26,54,37],"density_km2":20205},"geometry":{"type":"Polygon","coordinates":[[[120.297292,22.616635],[120.297516,22.616708],[120.297794,22.61599],[120.297105,22.615757],[120.297076,22.615747],[120.296927,22.616146],[120.296804,22.616476],[120.297292,22.616635]]]}},{"type":"Feature","id":"A6408-0614-00","properties":{"code":"A6408-0614-00","district":"苓雅區","area_m2":11120.0,"centroid":[120.299512,22.616127],"population":0,"households":0,"male":0,"female":0,"ages":[0,0,0,0],"density_km2":0},"geometry":{"type":"Polygon","coordinates":[[[120.298804,22.616333],[120.299905,22.616703],[120.300218,22.615912],[120.300196,22.615905],[120.300101,22.615874],[120.299123,22.615553],[120.298804,22.616333]]]}},{"type":"Feature","id":"A6408-0611-00","properties":{"code":"A6408-0611-00","district":"苓雅區","area_m2":6719.7,"centroid":[120.295515,22.616253],"population":189,"households":84,"male":96,"female":93,"ages":[15,41,78,55],"density_km2":28126},"geometry":{"type":"Polygon","coordinates":[[[120.295171,22.61639],[120.29563,22.616537],[120.295738,22.616546],[120.295896,22.616539],[120.295997,22.616552],[120.296047,22.616559],[120.296219,22.616534],[120.296334,22.616501],[120.296377,22.616454],[120.296419,22.616351],[120.296355,22.616331],[120.29627,22.616303],[120.29505,22.61591],[120.2946,22.616214],[120.295179,22.616369],[120.295171,22.61639]]]}},{"type":"Feature","id":"A6408-0630-00","properties":{"code":"A6408-0630-00","district":"苓雅區","area_m2":6513.8,"centroid":[120.302329,22.61579],"population":211,"households":113,"male":105,"female":106,"ages":[17,43,86,65],"density_km2":32393},"geometry":{"type":"Polygon","coordinates":[[[120.301867,22.616475],[120.301963,22.616504],[120.302215,22.616585],[120.30279,22.615104],[120.302453,22.614991],[120.302017,22.616095],[120.301867,22.616475]]]}},{"type":"Feature","id":"A6408-0616-00","properties":{"code":"A6408-0616-00","district":"苓雅區","area_m2":8232.9,"centroid":[120.310318,22.616136],"population":137,"households":64,"male":64,"female":73,"ages":[12,28,50,47],"density_km2":16641},"geometry":{"type":"Polygon","coordinates":[[[120.310864,22.616602],[120.310878,22.616564],[120.311053,22.616105],[120.311011,22.616098],[120.310979,22.616079],[120.310093,22.615776],[120.30999,22.615741],[120.309785,22.615667],[120.309755,22.615742],[120.309582,22.616175],[120.310814,22.616585],[120.310864,22.616602]]]}},{"type":"Feature","id":"A6409-0012-00","properties":{"code":"A6409-0012-00","district":"前鎮區","area_m2":16331.2,"centroid":[120.312308,22.615813],"population":397,"households":195,"male":189,"female":208,"ages":[71,66,165,95],"density_km2":24309},"geometry":{"type":"Polygon","coordinates":[[[120.312579,22.616581],[120.312631,22.616598],[120.312769,22.616353],[120.312818,22.616084],[120.312838,22.615864],[120.312867,22.615548],[120.312874,22.615147],[120.311806,22.615089],[120.311786,22.615087],[120.311769,22.615859],[120.311762,22.616188],[120.311738,22.616332],[120.311811,22.616352],[120.311838,22.616359],[120.312143,22.61644],[120.312187,22.616452],[120.312228,22.616466],[120.31253,22.616565],[120.312579,22.616581]]]}},{"type":"Feature","id":"A6408-0626-00","properties":{"code":"A6408-0626-00","district":"苓雅區","area_m2":9575.2,"centroid":[120.294598,22.615808],"population":133,"households":57,"male":69,"female":64,"ages":[13,30,59,31],"density_km2":13890},"geometry":{"type":"Polygon","coordinates":[[[120.294191,22.61649],[120.2946,22.616214],[120.29505,22.61591],[120.295238,22.615439],[120.295242,22.61543],[120.295337,22.6152],[120.29505,22.6151],[120.294932,22.615387],[120.293858,22.615855],[120.294014,22.616152],[120.294191,22.61649]]]}},{"type":"Feature","id":"A6408-0625-00","properties":{"code":"A6408-0625-00","district":"苓雅區","area_m2":14257.4,"centroid":[120.308964,22.615878],"population":264,"households":141,"male":114,"female":150,"ages":[18,73,107,66],"density_km2":18517},"geometry":{"type":"Polygon","coordinates":[[[120.309437,22.616538],[120.309582,22.616175],[120.309755,22.615742],[120.309785,22.615667],[120.309703,22.615637],[120.309672,22.615627],[120.309343,22.615521],[120.308518,22.615256],[120.308452,22.615228],[120.308307,22.615647],[120.308296,22.615672],[120.308157,22.616],[120.308139,22.616042],[120.308226,22.616073],[120.309437,22.616538]]]}},{"type":"Feature","id":"A6408-0621-00","properties":{"code":"A6408-0621-00","district":"苓雅區","area_m2":6096.2,"centroid":[120.29671,22.615935],"population":163,"households":81,"male":84,"female":79,"ages":[21,31,67,44],"density_km2":26738},"geometry":{"type":"Polygon","coordinates":[[[120.296419,22.616351],[120.296804,22.616476],[120.296927,22.616146],[120.297076,22.615747],[120.297145,22.615561],[120.296639,22.615391],[120.296459,22.615836],[120.296377,22.616041],[120.29627,22.616303],[120.296355,22.616331],[120.296419,22.616351]]]}},{"type":"Feature","id":"A6402-0440-00","properties":{"code":"A6402-0440-00","district":"鼓山區","area_m2":10201.8,"centroid":[120.275861,22.649878],"population":232,"households":79,"male":113,"female":119,"ages":[38,50,94,50],"density_km2":22741},"geometry":{"type":"Polygon","coordinates":[[[120.276578,22.650222],[120.276594,22.650152],[120.276677,22.649703],[120.275182,22.649442],[120.27508,22.64986],[120.275063,22.649953],[120.275519,22.650051],[120.275478,22.650264],[120.275814,22.650335],[120.275872,22.650295],[120.275917,22.650085],[120.276578,22.650222]]]}},{"type":"Feature","id":"A6405-0631-00","properties":{"code":"A6405-0631-00","district":"三民區","area_m2":135795.6,"centroid":[120.287956,22.648532],"population":103,"households":60,"male":54,"female":49,"ages":[12,42,36,13],"density_km2":758},"geometry":{"type":"Polygon","coordinates":[[[120.287253,22.650273],[120.287658,22.650351],[120.287916,22.650365],[120.28802,22.650371],[120.288278,22.650356],[120.288615,22.650317],[120.288894,22.650264],[120.289157,22.650202],[120.289767,22.650043],[120.290032,22.649982],[120.290056,22.649975],[120.289918,22.646407],[120.289856,22.646411],[120.287615,22.647225],[120.28617,22.648567],[120.28535,22.649051],[120.285458,22.649158],[120.285811,22.64951],[120.285863,22.649553],[120.286061,22.649714],[120.286168,22.649784],[120.286507,22.650009],[120.286642,22.650066],[120.286943,22.650192],[120.28698,22.650208],[120.287253,22.650273]]]}},{"type":"Feature","id":"A6405-0552-00","properties":{"code":"A6405-0552-00","district":"三民區","area_m2":5175.2,"centroid":[120.300337,22.649754],"population":190,"households":80,"male":102,"female":88,"ages":[17,38,76,59],"density_km2":36714},"geometry":{"type":"Polygon","coordinates":[[[120.300213,22.650405],[120.300563,22.650391],[120.300465,22.649101],[120.30011,22.649128],[120.300135,22.649441],[120.300161,22.64976],[120.300187,22.650078],[120.300213,22.650405]]]}},{"type":"Feature","id":"A6405-0553-00","properties":{"code":"A6405-0553-00","district":"三民區","area_m2":8961.8,"centroid":[120.301072,22.649819],"population":310,"households":133,"male":166,"female":144,"ages":[47,68,121,74],"density_km2":34591},"geometry":{"type":"Polygon","coordinates":[[[120.300563,22.650391],[120.300935,22.650352],[120.301347,22.650328],[120.301873,22.650285],[120.301852,22.649954],[120.300906,22.650022],[120.300879,22.649715],[120.300852,22.649416],[120.300822,22.649074],[120.300465,22.649101],[120.300563,22.650391]]]}},{"type":"Feature","id":"A6405-0533-00","properties":{"code":"A6405-0533-00","district":"三民區","area_m2":4981.5,"centroid":[120.306223,22.650159],"population":204,"households":110,"male":92,"female":112,"ages":[30,68,70,36],"density_km2":40951},"geometry":{"type":"Polygon","coordinates":[[[120.305682,22.650395],[120.306802,22.65031],[120.30676,22.649926],[120.30565,22.649998],[120.305682,22.650395]]]}},{"type":"Feature","id":"A6402-0443-00","properties":{"code":"A6402-0443-00","district":"鼓山區","area_m2":8705.5,"centroid":[120.278103,22.649786],"population":220,"households":84,"male":105,"female":115,"ages":[24,48,89,59],"density_km2":25271},"geometry":{"type":"Polygon","coordinates":[[[120.278978,22.650188],[120.278977,22.650162],[120.278973,22.650067],[120.278988,22.649897],[120.278989,22.649884],[120.278986,22.649773],[120.278946,22.649736],[120.277867,22.649509],[120.277299,22.649389],[120.277193,22.649807],[120.27844,22.65007],[120.278471,22.650077],[120.278978,22.650188]]]}},{"type":"Feature","id":"A6405-0539-00","properties":{"code":"A6405-0539-00","district":"三民區","area_m2":4957.2,"centroid":[120.307349,22.650083],"population":255,"households":132,"male":121,"female":134,"ages":[53,73,103,26],"density_km2":51440},"geometry":{"type":"Polygon","coordinates":[[[120.306802,22.65031],[120.307937,22.650233],[120.307908,22.649858],[120.30676,22.649926],[120.306802,22.65031]]]}},{"type":"Feature","id":"A6405-0558-00","properties":{"code":"A6405-0558-00","district":"三民區","area_m2":14967.6,"centroid":[120.301521,22.649586],"population":336,"households":146,"male":163,"female":173,"ages":[44,64,144,84],"density_km2":22448},"geometry":{"type":"Polygon","coordinates":[[[120.301873,22.650285],[120.302188,22.65026],[120.302086,22.648972],[120.301767,22.648993],[120.30124,22.649038],[120.300822,22.649074],[120.300852,22.649416],[120.300879,22.649715],[120.300906,22.650022],[120.301852,22.649954],[120.301873,22.650285]]]}},{"type":"Feature","id":"A6405-0537-00","properties":{"code":"A6405-0537-00","district":"三民區","area_m2":4087.8,"centroid":[120.298402,22.650062],"population":226,"households":89,"male":102,"female":124,"ages":[41,54,91,40],"density_km2":55286},"geometry":{"type":"Polygon","coordinates":[[[120.297828,22.650263],[120.298997,22.650172],[120.298964,22.649858],[120.297805,22.649964],[120.297828,22.650263]]]}},{"type":"Feature","id":"A6405-0559-00","properties":{"code":"A6405-0559-00","district":"三民區","area_m2":4640.2,"centroid":[120.302295,22.649607],"population":44,"households":17,"male":21,"female":23,"ages":[7,12,15,10],"density_km2":9482},"geometry":{"type":"Polygon","coordinates":[[[120.302188,22.65026],[120.302505,22.650247],[120.302397,22.648951],[120.302086,22.648972],[120.302188,22.65026]]]}},{"type":"Feature","id":"A6402-0442-00","properties":{"code":"A6402-0442-00","district":"鼓山區","area_m2":6040.9,"centroid":[120.274197,22.649829],"population":238,"households":98,"male":120,"female":118,"ages":[32,64,98,44],"density_km2":39398},"geometry":{"type":"Polygon","coordinates":[[[120.27503,22.650127],[120.275063,22.649953],[120.27508,22.64986],[120.27341,22.649517],[120.273331,22.649825],[120.274614,22.650097],[120.274642,22.650042],[120.27503,22.650127]]]}},{"type":"Feature","id":"A6405-0770-00","properties":{"code":"A6405-0770-00","district":"三民區","area_m2":5457.3,"centroid":[120.299245,22.646368],"population":150,"households":56,"male":73,"female":77,"ages":[17,36,65,32],"density_km2":27486},"geometry":{"type":"Polygon","coordinates":[[[120.29868,22.646621],[120.299098,22.646578],[120.299838,22.646527],[120.299815,22.646123],[120.298656,22.646192],[120.29868,22.646621]]]}},{"type":"Feature","id":"A6405-0848-00","properties":{"code":"A6405-0848-00","district":"三民區","area_m2":58698.6,"centroid":[120.316036,22.645136],"population":0,"households":0,"male":0,"female":0,"ages":[0,0,0,0],"density_km2":0},"geometry":{"type":"Polygon","coordinates":[[[120.314512,22.6465],[120.314529,22.646686],[120.315635,22.645977],[120.315661,22.64596],[120.315693,22.645939],[120.316504,22.645227],[120.316517,22.645216],[120.316593,22.645149],[120.316743,22.645039],[120.316929,22.644925],[120.318205,22.644418],[120.31817,22.643948],[120.317937,22.643968],[120.31736,22.644017],[120.317225,22.644028],[120.316507,22.644088],[120.31528,22.644192],[120.314328,22.644233],[120.314367,22.64461],[120.314429,22.645388],[120.314435,22.645463],[120.314481,22.646044],[120.31449,22.646149],[120.314508,22.646376],[120.314512,22.6465]]]}},{"type":"Feature","id":"A6405-0795-00","properties":{"code":"A6405-0795-00","district":"三民區","area_m2":12970.8,"centroid":[120.303616,22.645992],"population":188,"households":78,"male":91,"female":97,"ages":[27,34,65,62],"density_km2":14494},"geometry":{"type":"Polygon","coordinates":[[[120.303154,22.646597],[120.303175,22.646596],[120.303783,22.646543],[120.304158,22.64651],[120.304086,22.645399],[120.304085,22.645387],[120.304064,22.645389],[120.303072,22.645474],[120.303154,22.646586],[120.303154,22.646597]]]}},{"type":"Feature","id":"A6405-0773-00","properties":{"code":"A6405-0773-00","district":"三民區","area_m2":5446.2,"centroid":[120.300415,22.64629],"population":153,"households":57,"male":74,"female":79,"ages":[15,32,65,41],"density_km2":28093},"geometry":{"type":"Polygon","coordinates":[[[120.299838,22.646527],[120.301016,22.64646],[120.300989,22.646053],[120.299815,22.646123],[120.299838,22.646527]]]}},{"type":"Feature","id":"A6402-0476-00","properties":{"code":"A6402-0476-00","district":"鼓山區","area_m2":31968.6,"centroid":[120.279829,22.645551],"population":211,"households":74,"male":108,"female":103,"ages":[30,49,94,38],"density_km2":6600},"geometry":{"type":"Polygon","coordinates":[[[120.278785,22.646298],[120.279087,22.646363],[120.279337,22.646416],[120.279373,22.646378],[120.279564,22.646265],[120.279833,22.646154],[120.279846,22.646149],[120.280061,22.64606],[120.280338,22.645954],[120.280999,22.6457],[120.28118,22.645631],[120.281177,22.645599],[120.281006,22.644754],[120.281,22.644665],[120.280798,22.644718],[120.279843,22.644966],[120.279365,22.6451],[120.278663,22.645395],[120.278584,22.645764],[120.278469,22.646234],[120.278785,22.646298]]]}},{"type":"Feature","id":"A6405-0781-00","properties":{"code":"A6405-0781-00","district":"三民區","area_m2":5375.9,"centroid":[120.301586,22.64622],"population":153,"households":68,"male":76,"female":77,"ages":[15,31,52,55],"density_km2":28461},"geometry":{"type":"Polygon","coordinates":[[[120.301016,22.64646],[120.302187,22.646379],[120.302159,22.645983],[120.300989,22.646053],[120.301016,22.64646]]]}},{"type":"Feature","id":"A6405-0885-00","properties":{"code":"A6405-0885-00","district":"三民區","area_m2":53287.4,"centroid":[120.290798,22.644792],"population":345,"households":174,"male":163,"female":182,"ages":[35,100,139,71],"density_km2":6474},"geometry":{"type":"Polygon","coordinates":[[[120.289918,22.646407],[120.291727,22.646303],[120.291727,22.646289],[120.291711,22.645809],[120.2917,22.645455],[120.291697,22.645367],[120.291679,22.64483],[120.291676,22.644727],[120.29161,22.643466],[120.291609,22.64343],[120.29158,22.642878],[120.291579,22.64286],[120.291577,22.642822],[120.291169,22.642853],[120.289653,22.645844],[120.289624,22.645901],[120.289888,22.646028],[120.289918,22.646407]]]}},{"type":"Feature","id":"A6402-0482-00","properties":{"code":"A6402-0482-00","district":"鼓山區","area_m2":40945.8,"centroid":[120.277574,22.641726],"population":85,"households":44,"male":43,"female":42,"ages":[6,14,31,34],"density_km2":2076},"geometry":{"type":"Polygon","coordinates":[[[120.276868,22.642359],[120.277278,22.642658],[120.278289,22.642868],[120.278692,22.641176],[120.27881,22.640942],[120.27836,22.640731],[120.278206,22.640962],[120.277865,22.640898],[120.277707,22.640784],[120.277219,22.640709],[120.277035,22.640613],[120.276968,22.640805],[120.276277,22.641858],[120.276868,22.642359]]]}},{"type":"Feature","id":"A6405-1035-00","properties":{"code":"A6405-1035-00","district":"三民區","area_m2":8862.8,"centroid":[120.300113,22.642565],"population":52,"households":24,"male":23,"female":29,"ages":[8,9,21,14],"density_km2":5867},"geometry":{"type":"Polygon","coordinates":[[[120.299554,22.642945],[120.299598,22.642935],[120.300701,22.642854],[120.300722,22.642853],[120.300699,22.642517],[120.300677,22.642187],[120.300064,22.642238],[120.2995,22.642281],[120.299554,22.642945]]]}},{"type":"Feature","id":"A6405-1018-00","properties":{"code":"A6405-1018-00","district":"三民區","area_m2":4304.9,"centroid":[120.313431,22.642792],"population":100,"households":49,"male":52,"female":48,"ages":[10,25,32,33],"density_km2":23230},"geometry":{"type":"Polygon","coordinates":[[[120.312682,22.642964],[120.31421,22.64286],[120.314208,22.642833],[120.314206,22.642783],[120.314198,22.642624],[120.312661,22.642708],[120.312682,22.642964]]]}},{"type":"Feature","id":"A6405-1098-00","properties":{"code":"A6405-1098-00","district":"三民區","area_m2":24842.9,"centroid":[120.289262,22.641725],"population":44,"households":23,"male":26,"female":18,"ages":[4,7,19,14],"density_km2":1771},"geometry":{"type":"Polygon","coordinates":[[[120.289184,22.642859],[120.29012,22.642538],[120.289493,22.640714],[120.289455,22.640661],[120.28937,22.640598],[120.289347,22.640587],[120.288466,22.641036],[120.288373,22.641083],[120.288395,22.641094],[120.288629,22.641616],[120.289184,22.642859]]]}},{"type":"Feature","id":"A6405-1024-00","properties":{"code":"A6405-1024-00","district":"三民區","area_m2":5287.6,"centroid":[120.305611,22.642692],"population":115,"households":53,"male":57,"female":58,"ages":[15,31,43,26],"density_km2":21749},"geometry":{"type":"Polygon","coordinates":[[[120.305029,22.642926],[120.306226,22.642842],[120.306202,22.642491],[120.306199,22.642457],[120.304993,22.642543],[120.304995,22.642576],[120.305029,22.642926]]]}},{"type":"Feature","id":"A6405-1027-00","properties":{"code":"A6405-1027-00","district":"三民區","area_m2":3478.9,"centroid":[120.318362,22.642735],"population":220,"households":104,"male":104,"female":116,"ages":[32,50,85,53],"density_km2":63238},"geometry":{"type":"Polygon","coordinates":[[[120.317933,22.642937],[120.318818,22.642877],[120.318795,22.642532],[120.317905,22.642596],[120.317933,22.642937]]]}},{"type":"Feature","id":"A6405-1028-00","properties":{"code":"A6405-1028-00","district":"三民區","area_m2":4678.3,"centroid":[120.30131,22.64265],"population":140,"households":65,"male":72,"female":68,"ages":[14,31,59,36],"density_km2":29925},"geometry":{"type":"Polygon","coordinates":[[[120.300722,22.642853],[120.301898,22.642797],[120.301919,22.642795],[120.301885,22.642444],[120.30083,22.64251],[120.300699,22.642517],[120.300722,22.642853]]]}},{"type":"Feature","id":"A6405-1030-00","properties":{"code":"A6405-1030-00","district":"三民區","area_m2":6163.5,"centroid":[120.31083,22.642638],"population":183,"households":69,"male":89,"female":94,"ages":[21,41,67,54],"density_km2":29691},"geometry":{"type":"Polygon","coordinates":[[[120.310182,22.642882],[120.311425,22.642811],[120.311503,22.642805],[120.311469,22.64239],[120.311386,22.642396],[120.310153,22.642482],[120.310182,22.642882]]]}},{"type":"Feature","id":"A6405-1032-00","properties":{"code":"A6405-1032-00","district":"三民區","area_m2":4997.7,"centroid":[120.306776,22.642611],"population":119,"households":49,"male":59,"female":60,"ages":[12,34,33,40],"density_km2":23811},"geometry":{"type":"Polygon","coordinates":[[[120.306226,22.642842],[120.307351,22.642773],[120.30735,22.642761],[120.307319,22.642396],[120.307318,22.642378],[120.306199,22.642457],[120.306202,22.642491],[120.306226,22.642842]]]}},{"type":"Feature","id":"A6405-1090-00","properties":{"code":"A6405-1090-00","district":"三民區","area_m2":18195.7,"centroid":[120.314628,22.641976],"population":340,"households":161,"male":173,"female":167,"ages":[48,72,136,84],"density_km2":18686},"geometry":{"type":"Polygon","coordinates":[[[120.314208,22.642833],[120.31421,22.64286],[120.315171,22.642791],[120.31506,22.641617],[120.315019,22.641079],[120.31409,22.641188],[120.314114,22.641494],[120.314118,22.64155],[120.31414,22.641832],[120.314146,22.641909],[120.314168,22.642189],[120.314169,22.642201],[120.314192,22.642505],[120.314198,22.642624],[120.314206,22.642783],[120.314208,22.642833]]]}},{"type":"Feature","id":"A6405-1330-00","properties":{"code":"A6405-1330-00","district":"三民區","area_m2":23431.1,"centroid":[120.302246,22.638678],"population":0,"households":0,"male":0,"female":0,"ages":[0,0,0,0],"density_km2":0},"geometry":{"type":"Polygon","coordinates":[[[120.302108,22.639622],[120.303062,22.639542],[120.302982,22.639022],[120.302884,22.63871],[120.302869,22.638648],[120.302868,22.638638],[120.30267,22.638071],[120.30257,22.637786],[120.302477,22.637801],[120.302324,22.637814],[120.301472,22.63783],[120.301422,22.637831],[120.301496,22.638616],[120.301527,22.638943],[120.302045,22.638915],[120.302108,22.639622]]]}},{"type":"Feature","id":"A6405-1288-00","properties":{"code":"A6405-1288-00","district":"三民區","area_m2":2955.2,"centroid":[120.315039,22.63948],"population":173,"households":84,"male":81,"female":92,"ages":[28,38,61,46],"density_km2":58541},"geometry":{"type":"Polygon","coordinates":[[[120.314637,22.639671],[120.315471,22.639597],[120.315439,22.639289],[120.314608,22.639361],[120.314637,22.639671]]]}},{"type":"Feature","id":"A6405-1314-00","properties":{"code":"A6405-1314-00","district":"三民區","area_m2":15299.2,"centroid":[120.285533,22.638878],"population":137,"households":57,"male":62,"female":75,"ages":[18,27,69,23],"density_km2":8955},"geometry":{"type":"Polygon","coordinates":[[[120.286541,22.639526],[120.286594,22.638918],[120.286551,22.638904],[120.285352,22.638486],[120.285143,22.638406],[120.284641,22.638215],[120.284551,22.638617],[120.284527,22.638716],[120.284461,22.638884],[120.286541,22.639526]]]}},{"type":"Feature","id":"A6405-1306-00","properties":{"code":"A6405-1306-00","district":"三民區","area_m2":8824.4,"centroid":[120.294406,22.638994],"population":246,"households":118,"male":124,"female":122,"ages":[28,61,92,65],"density_km2":27877},"geometry":{"type":"Polygon","coordinates":[[[120.294715,22.639551],[120.294743,22.639478],[120.294816,22.63929],[120.295013,22.638776],[120.294283,22.63853],[120.294072,22.638459],[120.293904,22.638864],[120.293794,22.639128],[120.293928,22.639187],[120.294641,22.63951],[120.294715,22.639551]]]}},{"type":"Feature","id":"A6405-1293-00","properties":{"code":"A6405-1293-00","district":"三民區","area_m2":3112.7,"centroid":[120.31591,22.639401],"population":191,"households":92,"male":102,"female":89,"ages":[16,44,86,45],"density_km2":61362},"geometry":{"type":"Polygon","coordinates":[[[120.315471,22.639597],[120.316271,22.639525],[120.316406,22.63921],[120.316363,22.639209],[120.315439,22.639289],[120.315471,22.639597]]]}},{"type":"Feature","id":"A6405-1305-00","properties":{"code":"A6405-1305-00","district":"三民區","area_m2":19157.0,"centroid":[120.304085,22.639076],"population":134,"households":68,"male":71,"female":63,"ages":[13,27,55,39],"density_km2":6995},"geometry":{"type":"Polygon","coordinates":[[[120.303062,22.639542],[120.303644,22.639493],[120.303748,22.639492],[120.304569,22.639446],[120.304764,22.639434],[120.305399,22.639405],[120.305382,22.639227],[120.305343,22.638821],[120.305263,22.638829],[120.303997,22.638936],[120.303943,22.638823],[120.303925,22.638559],[120.303566,22.638587],[120.302869,22.638648],[120.302884,22.63871],[120.302982,22.639022],[120.303062,22.639542]]]}},{"type":"Feature","id":"A6405-1317-00","properties":{"code":"A6405-1317-00","district":"三民區","area_m2":8565.2,"centroid":[120.28766,22.638836],"population":211,"households":83,"male":107,"female":104,"ages":[20,55,78,58],"density_km2":24635},"geometry":{"type":"Polygon","coordinates":[[[120.2879,22.639347],[120.287947,22.639363],[120.288093,22.638983],[120.288244,22.638591],[120.288186,22.638579],[120.288165,22.638565],[120.28737,22.638312],[120.287076,22.63907],[120.2879,22.639347]]]}},{"type":"Feature","id":"A6405-1329-00","properties":{"code":"A6405-1329-00","district":"三民區","area_m2":32969.2,"centroid":[120.309954,22.638753],"population":7,"households":4,"male":1,"female":6,"ages":[0,3,3,1],"density_km2":212},"geometry":{"type":"Polygon","coordinates":[[[120.30889,22.639388],[120.309497,22.639456],[120.311122,22.639363],[120.31107,22.638887],[120.311027,22.638493],[120.311022,22.638447],[120.310984,22.638077],[120.31098,22.638035],[120.310894,22.63804],[120.308779,22.638187],[120.30889,22.639388]]]}},{"type":"Feature","id":"A6402-0492-00","properties":{"code":"A6402-0492-00","district":"鼓山區","area_m2":4511.7,"centroid":[120.282976,22.639002],"population":14,"households":8,"male":6,"female":8,"ages":[2,3,3,6],"density_km2":3103},"geometry":{"type":"Polygon","coordinates":[[[120.282453,22.639042],[120.283371,22.63932],[120.283467,22.638817],[120.282554,22.63872],[120.282453,22.639042]]]}},{"type":"Feature","id":"A6405-1309-00","properties":{"code":"A6405-1309-00","district":"三民區","area_m2":9430.4,"centroid":[120.306,22.639027],"population":174,"households":76,"male":83,"female":91,"ages":[19,38,64,53],"density_km2":18451},"geometry":{"type":"Polygon","coordinates":[[[120.305399,22.639405],[120.305852,22.639372],[120.305956,22.639365],[120.306618,22.639317],[120.306591,22.638942],[120.306669,22.638925],[120.306639,22.63865],[120.305337,22.638757],[120.305343,22.638821],[120.305382,22.639227],[120.305399,22.639405]]]}},{"type":"Feature","id":"A6405-1325-00","properties":{"code":"A6405-1325-00","district":"三民區","area_m2":14103.6,"centroid":[120.308286,22.638781],"population":0,"households":0,"male":0,"female":0,"ages":[0,0,0,0],"density_km2":0},"geometry":{"type":"Polygon","coordinates":[[[120.307729,22.639256],[120.308037,22.639291],[120.308471,22.639341],[120.30889,22.639388],[120.308779,22.638187],[120.308733,22.63819],[120.307678,22.638263],[120.30768,22.638287],[120.307708,22.638568],[120.307707,22.638614],[120.307707,22.638635],[120.30769,22.638703],[120.307729,22.639256]]]}},{"type":"Feature","id":"A6406-0018-00","properties":{"code":"A6406-0018-00","district":"新興區","area_m2":9564.2,"centroid":[120.299528,22.63584],"population":221,"households":132,"male":104,"female":117,"ages":[14,55,93,59],"density_km2":23107},"geometry":{"type":"Polygon","coordinates":[[[120.300563,22.636135],[120.300584,22.636134],[120.300558,22.635773],[120.299848,22.635819],[120.298655,22.635407],[120.298497,22.635824],[120.29852,22.635831],[120.299632,22.636199],[120.300563,22.636135]]]}},{"type":"Feature","id":"A6405-1500-00","properties":{"code":"A6405-1500-00","district":"三民區","area_m2":9988.5,"centroid":[120.288371,22.635611],"population":155,"households":66,"male":71,"female":84,"ages":[20,29,61,45],"density_km2":15518},"geometry":{"type":"Polygon","coordinates":[[[120.289199,22.636124],[120.289365,22.635686],[120.289339,22.635677],[120.289315,22.635669],[120.288685,22.635468],[120.287544,22.635103],[120.287367,22.635513],[120.289199,22.636124]]]}},{"type":"Feature","id":"A6402-0517-00","properties":{"code":"A6402-0517-00","district":"鼓山區","area_m2":8420.0,"centroid":[120.284268,22.635729],"population":63,"households":27,"male":24,"female":39,"ages":[10,11,26,16],"density_km2":7482},"geometry":{"type":"Polygon","coordinates":[[[120.283903,22.635937],[120.284431,22.636015],[120.284946,22.636092],[120.284956,22.635876],[120.284975,22.635589],[120.284978,22.635562],[120.28449,22.63548],[120.284164,22.635425],[120.283636,22.635376],[120.283539,22.63588],[120.283903,22.635937]]]}},{"type":"Feature","id":"A6406-0019-00","properties":{"code":"A6406-0019-00","district":"新興區","area_m2":5159.7,"centroid":[120.297841,22.63577],"population":112,"households":60,"male":58,"female":54,"ages":[17,22,44,29],"density_km2":21706},"geometry":{"type":"Polygon","coordinates":[[[120.298403,22.636146],[120.29852,22.635831],[120.298497,22.635824],[120.297391,22.635423],[120.297326,22.635399],[120.297305,22.635389],[120.297182,22.635686],[120.297166,22.635727],[120.298403,22.636146]]]}},{"type":"Feature","id":"A6405-1507-00","properties":{"code":"A6405-1507-00","district":"三民區","area_m2":12935.4,"centroid":[120.293016,22.635385],"population":204,"households":99,"male":106,"female":98,"ages":[20,37,80,67],"density_km2":15771},"geometry":{"type":"Polygon","coordinates":[[[120.292855,22.635976],[120.293243,22.636103],[120.293438,22.635584],[120.293609,22.635129],[120.29368,22.634962],[120.292953,22.634721],[120.292803,22.634665],[120.29253,22.635357],[120.292351,22.635812],[120.292855,22.635976]]]}},{"type":"Feature","id":"A6406-0027-00","properties":{"code":"A6406-0027-00","district":"新興區","area_m2":12471.0,"centroid":[120.300928,22.635409],"population":77,"households":32,"male":41,"female":36,"ages":[9,23,28,17],"density_km2":6174},"geometry":{"type":"Polygon","coordinates":[[[120.300584,22.636134],[120.30138,22.636067],[120.30126,22.634694],[120.301259,22.634682],[120.301238,22.634683],[120.30048,22.634751],[120.300535,22.635454],[120.300558,22.635773],[120.300584,22.636134]]]}},{"type":"Feature","id":"A6407-0001-00","properties":{"code":"A6407-0001-00","district":"前金區","area_m2":11463.6,"centroid":[120.296536,22.635519],"population":129,"households":56,"male":62,"female":67,"ages":[15,25,49,40],"density_km2":11253},"geometry":{"type":"Polygon","coordinates":[[[120.297067,22.635966],[120.297166,22.635727],[120.297182,22.635686],[120.297305,22.635389],[120.296095,22.634955],[120.296069,22.634957],[120.295845,22.635482],[120.29577,22.635674],[120.295883,22.635713],[120.297022,22.63608],[120.297067,22.635966]]]}},{"type":"Feature","id":"A6406-0028-00","properties":{"code":"A6406-0028-00","district":"新興區","area_m2":6239.2,"centroid":[120.301517,22.635363],"population":16,"households":9,"male":7,"female":9,"ages":[0,5,8,3],"density_km2":2564},"geometry":{"type":"Polygon","coordinates":[[[120.30138,22.636067],[120.301776,22.636039],[120.301651,22.634658],[120.301259,22.634682],[120.30126,22.634694],[120.30138,22.636067]]]}},{"type":"Feature","id":"A6406-0021-00","properties":{"code":"A6406-0021-00","district":"新興區","area_m2":10008.2,"centroid":[120.311354,22.635716],"population":108,"households":47,"male":46,"female":62,"ages":[23,23,26,36],"density_km2":10791},"geometry":{"type":"Polygon","coordinates":[[[120.310719,22.636099],[120.312033,22.636005],[120.311981,22.63533],[120.310674,22.635439],[120.310719,22.636099]]]}},{"type":"Feature","id":"A6406-0030-00","properties":{"code":"A6406-0030-00","district":"新興區","area_m2":8508.8,"centroid":[120.301982,22.635331],"population":76,"households":58,"male":29,"female":47,"ages":[4,15,36,21],"density_km2":8932},"geometry":{"type":"Polygon","coordinates":[[[120.301776,22.636039],[120.302312,22.636001],[120.302312,22.635988],[120.302192,22.634625],[120.301651,22.634658],[120.301776,22.636039]]]}},{"type":"Feature","id":"A6406-0031-00","properties":{"code":"A6406-0031-00","district":"新興區","area_m2":15641.9,"centroid":[120.302747,22.635277],"population":173,"households":95,"male":86,"female":87,"ages":[12,54,68,39],"density_km2":11060},"geometry":{"type":"Polygon","coordinates":[[[120.302312,22.636001],[120.302333,22.635999],[120.303297,22.635931],[120.303273,22.635582],[120.303252,22.635272],[120.303221,22.634942],[120.303187,22.634567],[120.303186,22.634554],[120.303165,22.634557],[120.302813,22.634581],[120.302192,22.634625],[120.302312,22.635988],[120.302312,22.636001]]]}},{"type":"Feature","id":"A6406-0023-00","properties":{"code":"A6406-0023-00","district":"新興區","area_m2":12779.8,"centroid":[120.312816,22.635607],"population":0,"households":0,"male":0,"female":0,"ages":[0,0,0,0],"density_km2":0},"geometry":{"type":"Polygon","coordinates":[[[120.312033,22.636005],[120.313512,22.635921],[120.313643,22.635913],[120.313634,22.635812],[120.313614,22.635511],[120.3136,22.635257],[120.313594,22.635201],[120.311981,22.63533],[120.312033,22.636005]]]}},{"type":"Feature","id":"A6406-0026-00","properties":{"code":"A6406-0026-00","district":"新興區","area_m2":4619.2,"centroid":[120.314666,22.635494],"population":200,"households":73,"male":96,"female":104,"ages":[47,34,72,47],"density_km2":43298},"geometry":{"type":"Polygon","coordinates":[[[120.31505,22.635711],[120.314712,22.634997],[120.314273,22.635202],[120.314669,22.636014],[120.31505,22.635711]]]}},{"type":"Feature","id":"A6406-0020-00","properties":{"code":"A6406-0020-00","district":"新興區","area_m2":6584.0,"centroid":[120.304143,22.635697],"population":163,"households":69,"male":79,"female":84,"ages":[25,36,62,40],"density_km2":24757},"geometry":{"type":"Polygon","coordinates":[[[120.303297,22.635931],[120.305029,22.635787],[120.305028,22.635775],[120.305,22.635471],[120.303273,22.635582],[120.303297,22.635931]]]}},{"type":"Feature","id":"A6407-0037-00","properties":{"code":"A6407-0037-00","district":"前金區","area_m2":7434.3,"centroid":[120.29577,22.6317],"population":116,"households":50,"male":50,"female":66,"ages":[6,31,42,37],"density_km2":15603},"geometry":{"type":"Polygon","coordinates":[[[120.295306,22.63226],[120.295756,22.632421],[120.295857,22.632144],[120.295973,22.631826],[120.296235,22.631137],[120.296213,22.631127],[120.295779,22.630981],[120.295306,22.63226]]]}},{"type":"Feature","id":"A6406-0108-00","properties":{"code":"A6406-0108-00","district":"新興區","area_m2":5317.8,"centroid":[120.305462,22.632209],"population":96,"households":43,"male":55,"female":41,"ages":[10,16,45,25],"density_km2":18053},"geometry":{"type":"Polygon","coordinates":[[[120.304792,22.632432],[120.306162,22.632322],[120.306138,22.631988],[120.304764,22.632088],[120.304792,22.632432]]]}},{"type":"Feature","id":"A6406-0126-00","properties":{"code":"A6406-0126-00","district":"新興區","area_m2":25454.3,"centroid":[120.310999,22.631567],"population":36,"households":11,"male":23,"female":13,"ages":[9,9,12,6],"density_km2":1414},"geometry":{"type":"Polygon","coordinates":[[[120.310413,22.632455],[120.310433,22.632454],[120.31173,22.632373],[120.311685,22.631905],[120.311656,22.631596],[120.311586,22.630724],[120.311583,22.630678],[120.311565,22.630679],[120.310316,22.630753],[120.310271,22.630756],[120.310321,22.631348],[120.310328,22.631438],[120.310406,22.632365],[120.310412,22.632444],[120.310413,22.632455]]]}},{"type":"Feature","id":"A6406-0109-00","properties":{"code":"A6406-0109-00","district":"新興區","area_m2":7510.9,"centroid":[120.316306,22.632214],"population":199,"households":89,"male":99,"female":100,"ages":[38,39,69,53],"density_km2":26495},"geometry":{"type":"Polygon","coordinates":[[[120.31542,22.632475],[120.317101,22.632339],[120.317104,22.632332],[120.31725,22.631952],[120.316995,22.631971],[120.315389,22.632109],[120.31542,22.632475]]]}},{"type":"Feature","id":"A6401-0008-00","properties":{"code":"A6401-0008-00","district":"鹽埕區","area_m2":9373.7,"centroid":[120.283178,22.631678],"population":30,"households":14,"male":12,"female":18,"ages":[4,4,14,8],"density_km2":3200},"geometry":{"type":"Polygon","coordinates":[[[120.283081,22.632304],[120.283789,22.631988],[120.283274,22.631055],[120.282569,22.631354],[120.283081,22.632304]]]}},{"type":"Feature","id":"A6407-0034-00","properties":{"code":"A6407-0034-00","district":"前金區","area_m2":7029.6,"centroid":[120.289865,22.631858],"population":114,"households":45,"male":64,"female":50,"ages":[11,24,42,37],"density_km2":16217},"geometry":{"type":"Polygon","coordinates":[[[120.290663,22.632306],[120.290668,22.632291],[120.290789,22.631985],[120.289058,22.631411],[120.289008,22.63154],[120.288937,22.631722],[120.290663,22.632306]]]}},{"type":"Feature","id":"A6406-0116-00","properties":{"code":"A6406-0116-00","district":"新興區","area_m2":10260.6,"centroid":[120.299392,22.6318],"population":254,"households":121,"male":124,"female":130,"ages":[32,59,95,68],"density_km2":24755},"geometry":{"type":"Polygon","coordinates":[[[120.29984,22.63233],[120.29986,22.632344],[120.300001,22.631976],[120.300121,22.631663],[120.299003,22.631298],[120.298928,22.631274],[120.298906,22.631263],[120.298816,22.631509],[120.298791,22.631577],[120.298665,22.631918],[120.298734,22.631942],[120.29984,22.63233]]]}},{"type":"Feature","id":"A6406-0112-00","properties":{"code":"A6406-0112-00","district":"新興區","area_m2":8366.5,"centroid":[120.312518,22.632104],"population":218,"households":81,"male":111,"female":107,"ages":[41,52,76,49],"density_km2":26056},"geometry":{"type":"Polygon","coordinates":[[[120.31173,22.632373],[120.313361,22.632269],[120.313354,22.632164],[120.313335,22.631844],[120.311685,22.631905],[120.31173,22.632373]]]}},{"type":"Feature","id":"A6406-0111-00","properties":{"code":"A6406-0111-00","district":"新興區","area_m2":4823.2,"centroid":[120.306787,22.632107],"population":95,"households":53,"male":43,"female":52,"ages":[9,15,34,37],"density_km2":19697},"geometry":{"type":"Polygon","coordinates":[[[120.306162,22.632322],[120.307437,22.632219],[120.307422,22.631894],[120.306138,22.631988],[120.306162,22.632322]]]}},{"type":"Feature","id":"A6407-0040-00","properties":{"code":"A6407-0040-00","district":"前金區","area_m2":10358.8,"centroid":[120.296689,22.631675],"population":468,"households":308,"male":209,"female":259,"ages":[62,176,179,51],"density_km2":45179},"geometry":{"type":"Polygon","coordinates":[[[120.295973,22.631826],[120.29715,22.632214],[120.297404,22.631526],[120.297382,22.631516],[120.296235,22.631137],[120.295973,22.631826]]]}},{"type":"Feature","id":"A6406-0115-00","properties":{"code":"A6406-0115-00","district":"新興區","area_m2":10721.5,"centroid":[120.314358,22.631959],"population":178,"households":72,"male":88,"female":90,"ages":[32,28,74,44],"density_km2":16602},"geometry":{"type":"Polygon","coordinates":[[[120.313361,22.632269],[120.313406,22.632266],[120.315389,22.632109],[120.315345,22.631649],[120.314438,22.631719],[120.314219,22.631735],[120.313965,22.631755],[120.313332,22.631803],[120.313335,22.631844],[120.313354,22.632164],[120.313361,22.632269]]]}},{"type":"Feature","id":"A6406-0182-00","properties":{"code":"A6406-0182-00","district":"新興區","area_m2":4157.7,"centroid":[120.300515,22.628628],"population":57,"households":41,"male":29,"female":28,"ages":[3,10,30,14],"density_km2":13709},"geometry":{"type":"Polygon","coordinates":[[[120.300573,22.628846],[120.300884,22.628951],[120.301033,22.628561],[120.300338,22.628315],[120.299946,22.628633],[120.300573,22.628846]]]}},{"type":"Feature","id":"A6408-0196-00","properties":{"code":"A6408-0196-00","district":"苓雅區","area_m2":9040.1,"centroid":[120.314659,22.628535],"population":250,"households":103,"male":114,"female":136,"ages":[70,35,87,58],"density_km2":27655},"geometry":{"type":"Polygon","coordinates":[[[120.315248,22.628995],[120.315347,22.628731],[120.315482,22.62841],[120.314512,22.628094],[120.314388,22.62842],[120.313835,22.628244],[120.313767,22.628391],[120.313736,22.628462],[120.313723,22.628491],[120.315248,22.628995]]]}},{"type":"Feature","id":"A6406-0181-00","properties":{"code":"A6406-0181-00","district":"新興區","area_m2":6384.0,"centroid":[120.305148,22.628689],"population":105,"households":60,"male":42,"female":63,"ages":[13,24,35,33],"density_km2":16447},"geometry":{"type":"Polygon","coordinates":[[[120.305846,22.628842],[120.305868,22.628847],[120.305834,22.62844],[120.304446,22.628544],[120.304426,22.628546],[120.304459,22.628937],[120.305846,22.628842]]]}},{"type":"Feature","id":"A6401-0035-00","properties":{"code":"A6401-0035-00","district":"鹽埕區","area_m2":4084.7,"centroid":[120.284681,22.628366],"population":158,"households":67,"male":88,"female":70,"ages":[23,42,56,37],"density_km2":38681},"geometry":{"type":"Polygon","coordinates":[[[120.284637,22.6288],[120.284936,22.628665],[120.285076,22.628602],[120.28471,22.627931],[120.28429,22.628128],[120.284298,22.628144],[120.284637,22.6288]]]}},{"type":"Feature","id":"A6401-0037-00","properties":{"code":"A6401-0037-00","district":"鹽埕區","area_m2":7535.0,"centroid":[120.282869,22.628177],"population":142,"households":66,"male":68,"female":74,"ages":[13,26,56,47],"density_km2":18845},"geometry":{"type":"Polygon","coordinates":[[[120.282861,22.628784],[120.283397,22.628539],[120.282907,22.627567],[120.282335,22.627846],[120.282861,22.628784]]]}},{"type":"Feature","id":"A6406-0184-00","properties":{"code":"A6406-0184-00","district":"新興區","area_m2":7222.1,"centroid":[120.309475,22.628607],"population":172,"households":83,"male":79,"female":93,"ages":[33,25,56,58],"density_km2":23816},"geometry":{"type":"Polygon","coordinates":[[[120.308827,22.628887],[120.310139,22.628805],[120.310157,22.628804],[120.310118,22.628327],[120.310084,22.628329],[120.308794,22.628413],[120.308827,22.628887]]]}},{"type":"Feature","id":"A6406-0183-00","properties":{"code":"A6406-0183-00","district":"新興區","area_m2":5976.2,"centroid":[120.306501,22.628593],"population":143,"households":60,"male":70,"female":73,"ages":[12,38,54,39],"density_km2":23928},"geometry":{"type":"Polygon","coordinates":[[[120.305868,22.628847],[120.307061,22.628743],[120.307173,22.628736],[120.30714,22.628342],[120.307121,22.628344],[120.305834,22.62844],[120.305868,22.628847]]]}},{"type":"Feature","id":"A6408-0238-00","properties":{"code":"A6408-0238-00","district":"苓雅區","area_m2":139240.3,"centroid":[120.317821,22.626442],"population":0,"households":0,"male":0,"female":0,"ages":[0,0,0,0],"density_km2":0},"geometry":{"type":"Polygon","coordinates":[[[120.318482,22.62888],[120.318492,22.628753],[120.31862,22.6284],[120.318638,22.62835],[120.318645,22.628331],[120.318803,22.62792],[120.318832,22.627845],[120.318997,22.627417],[120.319013,22.627377],[120.319205,22.626881],[120.319959,22.624925],[120.319503,22.624778],[120.319457,22.624763],[120.318761,22.624522],[120.318655,22.624485],[120.318165,22.624326],[120.31813,22.624315],[120.317228,22.624003],[120.316884,22.6249],[120.31646,22.625955],[120.316043,22.627011],[120.316031,22.627042],[120.315676,22.627947],[120.316525,22.62823],[120.318482,22.62888]]]}},{"type":"Feature","id":"A6407-0081-00","properties":{"code":"A6407-0081-00","district":"前金區","area_m2":21551.6,"centroid":[120.293307,22.627969],"population":213,"households":110,"male":108,"female":105,"ages":[31,39,84,59],"density_km2":9883},"geometry":{"type":"Polygon","coordinates":[[[120.293482,22.628572],[120.293982,22.628736],[120.294212,22.628212],[120.294357,22.627781],[120.292621,22.627197],[120.292256,22.628171],[120.293021,22.628419],[120.29314,22.628459],[120.293482,22.628572]]]}},{"type":"Feature","id":"A6406-0185-00","properties":{"code":"A6406-0185-00","district":"新興區","area_m2":6921.0,"centroid":[120.310776,22.628519],"population":257,"households":98,"male":121,"female":136,"ages":[63,50,88,56],"density_km2":37133},"geometry":{"type":"Polygon","coordinates":[[[120.310157,22.628804],[120.311437,22.628705],[120.31139,22.628236],[120.310118,22.628327],[120.310157,22.628804]]]}},{"type":"Feature","id":"A6408-0290-00","properties":{"code":"A6408-0290-00","district":"苓雅區","area_m2":7323.5,"centroid":[120.314014,22.624224],"population":293,"households":116,"male":128,"female":165,"ages":[72,52,97,72],"density_km2":40008},"geometry":{"type":"Polygon","coordinates":[[[120.313383,22.62431],[120.314443,22.624671],[120.31464,22.624141],[120.314647,22.624122],[120.314565,22.624096],[120.31387,22.623884],[120.313794,22.623853],[120.313563,22.62378],[120.313552,22.623811],[120.313383,22.62431]]]}},{"type":"Feature","id":"A6401-0081-00","properties":{"code":"A6401-0081-00","district":"鹽埕區","area_m2":10522.7,"centroid":[120.284389,22.623825],"population":197,"households":96,"male":88,"female":109,"ages":[18,43,81,55],"density_km2":18721},"geometry":{"type":"Polygon","coordinates":[[[120.284266,22.624498],[120.284278,22.624492],[120.285028,22.624118],[120.284499,22.623169],[120.28449,22.623152],[120.284478,22.623159],[120.283754,22.623522],[120.284256,22.624482],[120.284266,22.624498]]]}},{"type":"Feature","id":"A6401-0080-00","properties":{"code":"A6401-0080-00","district":"鹽埕區","area_m2":5753.6,"centroid":[120.281759,22.623899],"population":249,"households":119,"male":124,"female":125,"ages":[23,57,72,97],"density_km2":43277},"geometry":{"type":"Polygon","coordinates":[[[120.281811,22.624482],[120.282186,22.624304],[120.282227,22.624283],[120.28205,22.623956],[120.281705,22.623315],[120.281678,22.623328],[120.281291,22.62351],[120.281811,22.624482]]]}},{"type":"Feature","id":"A6408-0293-00","properties":{"code":"A6408-0293-00","district":"苓雅區","area_m2":5880.5,"centroid":[120.312551,22.624191],"population":257,"households":103,"male":114,"female":143,"ages":[81,43,86,47],"density_km2":43704},"geometry":{"type":"Polygon","coordinates":[[[120.313285,22.624598],[120.313383,22.62431],[120.31197,22.623829],[120.311832,22.623782],[120.311829,22.623794],[120.311736,22.624069],[120.311727,22.624094],[120.311739,22.624098],[120.311847,22.624131],[120.313285,22.624598]]]}},{"type":"Feature","id":"A6402-0564-00","properties":{"code":"A6402-0564-00","district":"鼓山區","area_m2":11272.7,"centroid":[120.270016,22.62359],"population":144,"households":69,"male":65,"female":79,"ages":[14,36,65,29],"density_km2":12774},"geometry":{"type":"Polygon","coordinates":[[[120.269571,22.624392],[120.269945,22.624194],[120.270291,22.62401],[120.270656,22.623816],[120.270679,22.623802],[120.270061,22.622882],[120.270043,22.622865],[120.269829,22.622662],[120.269814,22.622914],[120.269811,22.622968],[120.269798,22.62321],[120.269775,22.623625],[120.269586,22.623691],[120.269551,22.623704],[120.269403,22.623756],[120.269409,22.623875],[120.269427,22.623998],[120.269448,22.624079],[120.269488,22.624194],[120.269548,22.624339],[120.269571,22.624392]]]}},{"type":"Feature","id":"A6408-0297-00","properties":{"code":"A6408-0297-00","district":"苓雅區","area_m2":7760.9,"centroid":[120.315831,22.624032],"population":215,"households":82,"male":95,"female":120,"ages":[51,42,79,43],"density_km2":27703},"geometry":{"type":"Polygon","coordinates":[[[120.315931,22.624575],[120.315991,22.624596],[120.316338,22.6237],[120.316282,22.623681],[120.315663,22.623471],[120.315508,22.623858],[120.315341,22.624341],[120.31533,22.624371],[120.315408,22.624397],[120.315931,22.624575]]]}},{"type":"Feature","id":"A6402-0562-00","properties":{"code":"A6402-0562-00","district":"鼓山區","area_m2":10851.3,"centroid":[120.276706,22.623635],"population":0,"households":0,"male":0,"female":0,"ages":[0,0,0,0],"density_km2":0},"geometry":{"type":"Polygon","coordinates":[[[120.277277,22.624311],[120.277249,22.624243],[120.277236,22.624198],[120.277211,22.624054],[120.277188,22.623941],[120.277168,22.623848],[120.277076,22.623577],[120.277035,22.62343],[120.276992,22.623294],[120.276973,22.623209],[120.276959,22.623149],[120.276962,22.623],[120.276954,22.622891],[120.276174,22.623168],[120.276065,22.623239],[120.276075,22.623258],[120.276494,22.623877],[120.276714,22.624202],[120.276765,22.624287],[120.276842,22.624341],[120.276943,22.624384],[120.277015,22.624392],[120.277086,22.624381],[120.277179,22.624354],[120.277277,22.624311]]]}},{"type":"Feature","id":"A6406-0241-00","properties":{"code":"A6406-0241-00","district":"新興區","area_m2":5435.6,"centroid":[120.307243,22.624106],"population":76,"households":37,"male":33,"female":43,"ages":[4,20,24,28],"density_km2":13982},"geometry":{"type":"Polygon","coordinates":[[[120.307809,22.624486],[120.307938,22.624148],[120.306675,22.623727],[120.306545,22.624058],[120.307809,22.624486]]]}},{"type":"Feature","id":"A6407-0108-00","properties":{"code":"A6407-0108-00","district":"前金區","area_m2":7860.5,"centroid":[120.294859,22.623996],"population":192,"households":95,"male":89,"female":103,"ages":[22,34,74,62],"density_km2":24426},"geometry":{"type":"Polygon","coordinates":[[[120.295658,22.624428],[120.295804,22.624073],[120.29459,22.623662],[120.293981,22.623605],[120.293881,22.623842],[120.293902,22.623852],[120.295658,22.624428]]]}},{"type":"Feature","id":"A6401-0086-00","properties":{"code":"A6401-0086-00","district":"鹽埕區","area_m2":51762.7,"centroid":[120.288243,22.623381],"population":0,"households":0,"male":0,"female":0,"ages":[0,0,0,0],"density_km2":0},"geometry":{"type":"Polygon","coordinates":[[[120.289404,22.624363],[120.289421,22.624311],[120.28954,22.623935],[120.289658,22.623542],[120.289702,22.62338],[120.289707,22.62336],[120.289742,22.623209],[120.289778,22.623055],[120.28981,22.622916],[120.28985,22.622749],[120.289868,22.622678],[120.28925,22.622468],[120.2889,22.622349],[120.288741,22.622338],[120.288609,22.622357],[120.287832,22.622733],[120.28711,22.623098],[120.286453,22.623404],[120.28644,22.623411],[120.286919,22.624351],[120.287703,22.623989],[120.289391,22.624399],[120.289404,22.624363]]]}},{"type":"Feature","id":"A6401-0083-00","properties":{"code":"A6401-0083-00","district":"鹽埕區","area_m2":8985.5,"centroid":[120.279704,22.623676],"population":110,"households":53,"male":60,"female":50,"ages":[11,24,44,31],"density_km2":12242},"geometry":{"type":"Polygon","coordinates":[[[120.279639,22.624303],[120.280273,22.624008],[120.280296,22.623997],[120.279782,22.623051],[120.279759,22.623061],[120.279109,22.623353],[120.279639,22.624303]]]}},{"type":"Feature","id":"A6406-0243-00","properties":{"code":"A6406-0243-00","district":"新興區","area_m2":6388.6,"centroid":[120.30423,22.623976],"population":114,"households":52,"male":56,"female":58,"ages":[14,30,32,38],"density_km2":17844},"geometry":{"type":"Polygon","coordinates":[[[120.30498,22.624392],[120.304986,22.624377],[120.305101,22.624087],[120.303481,22.623559],[120.303361,22.623869],[120.30498,22.624392]]]}},{"type":"Feature","id":"A6401-0082-00","properties":{"code":"A6401-0082-00","district":"鹽埕區","area_m2":7045.9,"centroid":[120.2829,22.623746],"population":81,"households":36,"male":38,"female":43,"ages":[10,26,28,17],"density_km2":11496},"geometry":{"type":"Polygon","coordinates":[[[120.282227,22.624283],[120.283005,22.623894],[120.283018,22.623888],[120.283754,22.623522],[120.283581,22.623211],[120.28205,22.623956],[120.282227,22.624283]]]}},{"type":"Feature","id":"A6408-0414-00","properties":{"code":"A6408-0414-00","district":"苓雅區","area_m2":12467.2,"centroid":[120.307266,22.620391],"population":322,"households":136,"male":143,"female":179,"ages":[46,80,126,70],"density_km2":25828},"geometry":{"type":"Polygon","coordinates":[[[120.307727,22.620977],[120.307746,22.620984],[120.307877,22.620649],[120.308044,22.62022],[120.30796,22.620193],[120.306772,22.619794],[120.306618,22.620229],[120.306494,22.620578],[120.307727,22.620977]]]}},{"type":"Feature","id":"A6407-0140-00","properties":{"code":"A6407-0140-00","district":"前金區","area_m2":7436.0,"centroid":[120.296761,22.620397],"population":181,"households":81,"male":93,"female":88,"ages":[15,46,68,52],"density_km2":24341},"geometry":{"type":"Polygon","coordinates":[[[120.296222,22.620621],[120.297017,22.620898],[120.2973,22.620178],[120.296507,22.619895],[120.296222,22.620621]]]}},{"type":"Feature","id":"A6402-0596-00","properties":{"code":"A6402-0596-00","district":"鼓山區","area_m2":7722.2,"centroid":[120.271503,22.620269],"population":185,"households":98,"male":91,"female":94,"ages":[14,40,75,56],"density_km2":23957},"geometry":{"type":"Polygon","coordinates":[[[120.271467,22.62078],[120.271811,22.620586],[120.272101,22.620422],[120.272147,22.620395],[120.271817,22.619904],[120.271744,22.619905],[120.271721,22.619896],[120.270827,22.619825],[120.271467,22.62078]]]}},{"type":"Feature","id":"A6408-0412-00","properties":{"code":"A6408-0412-00","district":"苓雅區","area_m2":8309.7,"centroid":[120.317693,22.620513],"population":231,"households":108,"male":123,"female":108,"ages":[23,63,83,62],"density_km2":27799},"geometry":{"type":"Polygon","coordinates":[[[120.318366,22.620978],[120.318516,22.620595],[120.318533,22.620551],[120.317017,22.620048],[120.316993,22.620109],[120.316864,22.620443],[120.316852,22.620474],[120.318366,22.620978]]]}},{"type":"Feature","id":"A6408-0420-00","properties":{"code":"A6408-0420-00","district":"苓雅區","area_m2":11032.5,"centroid":[120.293946,22.620242],"population":278,"households":125,"male":116,"female":162,"ages":[38,69,106,65],"density_km2":25198},"geometry":{"type":"Polygon","coordinates":[[[120.294384,22.620872],[120.29469,22.620098],[120.294497,22.620034],[120.294162,22.619924],[120.293704,22.619774],[120.293151,22.619606],[120.293718,22.620671],[120.29394,22.62072],[120.294384,22.620872]]]}},{"type":"Feature","id":"A6408-0429-00","properties":{"code":"A6408-0429-00","district":"苓雅區","area_m2":7312.3,"centroid":[120.310185,22.620098],"population":65,"households":27,"male":33,"female":32,"ages":[13,16,22,14],"density_km2":8889},"geometry":{"type":"Polygon","coordinates":[[[120.310026,22.620924],[120.310065,22.620938],[120.310194,22.620606],[120.310434,22.619986],[120.310669,22.619371],[120.31063,22.619366],[120.310575,22.61934],[120.310302,22.619261],[120.309962,22.620138],[120.309701,22.62081],[120.310026,22.620924]]]}},{"type":"Feature","id":"A6401-0127-00","properties":{"code":"A6401-0127-00","district":"鹽埕區","area_m2":9865.2,"centroid":[120.286896,22.620172],"population":149,"households":65,"male":79,"female":70,"ages":[21,24,56,48],"density_km2":15104},"geometry":{"type":"Polygon","coordinates":[[[120.2868,22.620823],[120.287511,22.620447],[120.287502,22.62043],[120.287025,22.619522],[120.286274,22.619899],[120.2868,22.620823]]]}},{"type":"Feature","id":"A6401-0131-00","properties":{"code":"A6401-0131-00","district":"鹽埕區","area_m2":19503.8,"centroid":[120.289806,22.619687],"population":0,"households":0,"male":0,"female":0,"ages":[0,0,0,0],"density_km2":0},"geometry":{"type":"Polygon","coordinates":[[[120.289199,22.620791],[120.28948,22.620624],[120.290175,22.620625],[120.290176,22.620086],[120.290228,22.619632],[120.290274,22.619495],[120.29028,22.619474],[120.290315,22.619387],[120.290346,22.619323],[120.290373,22.619251],[120.290395,22.619181],[120.290418,22.619107],[120.290433,22.619033],[120.290496,22.618737],[120.290274,22.618957],[120.289931,22.618442],[120.28979,22.618814],[120.289729,22.618977],[120.289592,22.619248],[120.289485,22.619426],[120.289326,22.619656],[120.289146,22.619836],[120.289199,22.620791]]]}},{"type":"Feature","id":"A6408-0635-00","properties":{"code":"A6408-0635-00","district":"苓雅區","area_m2":13053.8,"centroid":[120.301514,22.615585],"population":126,"households":61,"male":54,"female":72,"ages":[13,28,45,40],"density_km2":9652},"geometry":{"type":"Polygon","coordinates":[[[120.301845,22.616465],[120.301867,22.616475],[120.302017,22.616095],[120.301647,22.615973],[120.302065,22.614887],[120.302074,22.614862],[120.301575,22.614692],[120.3015,22.614665],[120.301447,22.614742],[120.300995,22.615949],[120.300921,22.616154],[120.301089,22.616209],[120.30173,22.616426],[120.301845,22.616465]]]}},{"type":"Feature","id":"A6410-0005-00","properties":{"code":"A6410-0005-00","district":"旗津區","area_m2":145138.0,"centroid":[120.264384,22.613499],"population":266,"households":105,"male":135,"female":131,"ages":[23,66,113,64],"density_km2":1833},"geometry":{"type":"Polygon","coordinates":[[[120.26623,22.614083],[120.265913,22.613385],[120.265838,22.613203],[120.265726,22.613285],[120.265664,22.613216],[120.265429,22.612978],[120.265383,22.612899],[120.265228,22.612675],[120.265043,22.612393],[120.264971,22.612244],[120.264441,22.611362],[120.264309,22.611369],[120.264211,22.611374],[120.264119,22.611292],[120.263966,22.611057],[120.263944,22.610921],[120.263863,22.610844],[120.263856,22.610785],[120.263772,22.610713],[120.263653,22.610671],[120.263684,22.610545],[120.263552,22.610434],[120.263568,22.610326],[120.263457,22.610298],[120.263364,22.610336],[120.263247,22.61029],[120.263191,22.61032],[120.263149,22.610369],[120.263121,22.610685],[120.263089,22.610771],[120.263119,22.610981],[120.26302,22.611156],[120.262988,22.611287],[120.263007,22.61135],[120.263267,22.611681],[120.263276,22.611731],[120.26323,22.612144],[120.263255,22.612331],[120.263215,22.612848],[120.263153,22.612963],[120.262746,22.613277],[120.262457,22.613572],[120.262278,22.613911],[120.262548,22.61408],[120.262885,22.614447],[120.263143,22.614762],[120.263363,22.615131],[120.263652,22.615453],[120.264285,22.616041],[120.264697,22.616255],[120.266158,22.615747],[120.266297,22.61514],[120.265799,22.614662],[120.265874,22.614669],[120.265862,22.614569],[120.265992,22.614466],[120.266406,22.614836],[120.266492,22.614821],[120.26623,22.614083]]]}},{"type":"Feature","id":"A6408-0622-00","properties":{"code":"A6408-0622-00","district":"苓雅區","area_m2":7821.0,"centroid":[120.307277,22.615953],"population":175,"households":75,"male":90,"female":85,"ages":[22,35,63,55],"density_km2":22376},"geometry":{"type":"Polygon","coordinates":[[[120.307989,22.616412],[120.307996,22.616387],[120.308139,22.616042],[120.307033,22.615647],[120.306594,22.61549],[120.306421,22.615892],[120.306436,22.615897],[120.307989,22.616412]]]}},{"type":"Feature","id":"A6408-0633-00","properties":{"code":"A6408-0633-00","district":"苓雅區","area_m2":17413.3,"centroid":[120.298097,22.615653],"population":48,"households":23,"male":25,"female":23,"ages":[2,6,22,18],"density_km2":2757},"geometry":{"type":"Polygon","coordinates":[[[120.297794,22.61599],[120.298804,22.616333],[120.299123,22.615553],[120.2991,22.615546],[120.297363,22.614975],[120.297145,22.615561],[120.297076,22.615747],[120.297105,22.615757],[120.297794,22.61599]]]}},{"type":"Feature","id":"A6408-0623-00","properties":{"code":"A6408-0623-00","district":"苓雅區","area_m2":4971.1,"centroid":[120.295685,22.61589],"population":231,"households":116,"male":111,"female":120,"ages":[21,56,93,61],"density_km2":46469},"geometry":{"type":"Polygon","coordinates":[[[120.29627,22.616303],[120.296377,22.616041],[120.295429,22.615716],[120.295509,22.615519],[120.295242,22.61543],[120.295238,22.615439],[120.29505,22.61591],[120.29627,22.616303]]]}},{"type":"Feature","id":"A6409-0011-00","properties":{"code":"A6409-0011-00","district":"前鎮區","area_m2":3835.2,"centroid":[120.311412,22.615982],"population":218,"households":132,"male":94,"female":124,"ages":[28,56,95,39],"density_km2":56842},"geometry":{"type":"Polygon","coordinates":[[[120.311404,22.616224],[120.311738,22.616332],[120.311762,22.616188],[120.311769,22.615859],[120.311077,22.615631],[120.311053,22.616105],[120.311278,22.616182],[120.311383,22.616217],[120.311404,22.616224]]]}},{"type":"Feature","id":"A6408-0627-00","properties":{"code":"A6408-0627-00","district":"苓雅區","area_m2":7194.0,"centroid":[120.305614,22.615828],"population":190,"households":88,"male":97,"female":93,"ages":[16,37,73,64],"density_km2":26411},"geometry":{"type":"Polygon","coordinates":[[[120.306263,22.616265],[120.306421,22.615892],[120.304963,22.615388],[120.304814,22.615781],[120.306263,22.616265]]]}},{"type":"Feature","id":"A6409-0013-00","properties":{"code":"A6409-0013-00","district":"前鎮區","area_m2":15573.7,"centroid":[120.317375,22.615834],"population":272,"households":124,"male":133,"female":139,"ages":[27,76,97,72],"density_km2":17465},"geometry":{"type":"Polygon","coordinates":[[[120.316489,22.616183],[120.317846,22.616259],[120.317918,22.616279],[120.318255,22.616292],[120.318174,22.615466],[120.318147,22.615464],[120.317776,22.615444],[120.31659,22.61538],[120.31657,22.61537],[120.31656,22.615572],[120.316554,22.615678],[120.316552,22.615689],[120.316524,22.61584],[120.316501,22.61597],[120.316499,22.615979],[120.316489,22.616183]]]}},{"type":"Feature","id":"A6408-0646-00","properties":{"code":"A6408-0646-00","district":"苓雅區","area_m2":34241.4,"centroid":[120.300296,22.615117],"population":0,"households":0,"male":0,"female":0,"ages":[0,0,0,0],"density_km2":0},"geometry":{"type":"Polygon","coordinates":[[[120.300218,22.615912],[120.300658,22.616061],[120.300921,22.616154],[120.300995,22.615949],[120.301447,22.614742],[120.3015,22.614665],[120.300789,22.614445],[120.299906,22.614174],[120.299651,22.61409],[120.299379,22.614801],[120.299282,22.615061],[120.299152,22.615407],[120.2991,22.615546],[120.299123,22.615553],[120.300101,22.615874],[120.300196,22.615905],[120.300218,22.615912]]]}},{"type":"Feature","id":"A6405-0560-00","properties":{"code":"A6405-0560-00","district":"三民區","area_m2":5522.2,"centroid":[120.302638,22.649587],"population":225,"households":97,"male":101,"female":124,"ages":[37,50,85,53],"density_km2":40745},"geometry":{"type":"Polygon","coordinates":[[[120.302505,22.650247],[120.302881,22.65021],[120.302768,22.648927],[120.302397,22.648951],[120.302505,22.650247]]]}},{"type":"Feature","id":"A6405-0568-00","properties":{"code":"A6405-0568-00","district":"三民區","area_m2":7723.1,"centroid":[120.303092,22.649552],"population":318,"households":148,"male":154,"female":164,"ages":[37,88,112,81],"density_km2":41175},"geometry":{"type":"Polygon","coordinates":[[[120.302881,22.65021],[120.303425,22.650176],[120.303424,22.650161],[120.30327,22.648884],[120.302768,22.648927],[120.302881,22.65021]]]}},{"type":"Feature","id":"A6405-0543-00","properties":{"code":"A6405-0543-00","district":"三民區","area_m2":4324.1,"centroid":[120.299577,22.649966],"population":123,"households":52,"male":63,"female":60,"ages":[16,24,45,38],"density_km2":28445},"geometry":{"type":"Polygon","coordinates":[[[120.298997,22.650172],[120.300169,22.65008],[120.300187,22.650078],[120.300161,22.64976],[120.300143,22.649761],[120.298964,22.649858],[120.298997,22.650172]]]}},{"type":"Feature","id":"A6405-0569-00","properties":{"code":"A6405-0569-00","district":"三民區","area_m2":9786.7,"centroid":[120.303674,22.649497],"population":56,"households":29,"male":20,"female":36,"ages":[6,6,19,25],"density_km2":5722},"geometry":{"type":"Polygon","coordinates":[[[120.303425,22.650176],[120.303509,22.650171],[120.304073,22.650116],[120.304053,22.650054],[120.303953,22.648824],[120.303407,22.648872],[120.30327,22.648884],[120.303424,22.650161],[120.303425,22.650176]]]}},{"type":"Feature","id":"A6405-0590-00","properties":{"code":"A6405-0590-00","district":"三民區","area_m2":23334.9,"centroid":[120.31791,22.649188],"population":749,"households":353,"male":347,"female":402,"ages":[125,152,367,105],"density_km2":32098},"geometry":{"type":"Polygon","coordinates":[[[120.316949,22.650222],[120.317196,22.650086],[120.317338,22.649979],[120.317685,22.649831],[120.318228,22.649601],[120.318465,22.64947],[120.31832,22.649063],[120.319162,22.648666],[120.318988,22.648295],[120.318928,22.648277],[120.318419,22.648172],[120.31837,22.648536],[120.318246,22.648519],[120.317938,22.648643],[120.317973,22.648704],[120.317334,22.64902],[120.317257,22.648921],[120.316805,22.649084],[120.316813,22.649356],[120.31685,22.64969],[120.3169,22.649965],[120.316928,22.65015],[120.316949,22.650222]]]}},{"type":"Feature","id":"A6405-0585-00","properties":{"code":"A6405-0585-00","district":"三民區","area_m2":10682.6,"centroid":[120.315205,22.649331],"population":96,"households":47,"male":47,"female":49,"ages":[4,23,41,28],"density_km2":8987},"geometry":{"type":"Polygon","coordinates":[[[120.314961,22.650185],[120.315512,22.650163],[120.315546,22.650157],[120.315472,22.649303],[120.315655,22.649096],[120.315649,22.649091],[120.315628,22.649073],[120.315012,22.648547],[120.314805,22.648364],[120.31481,22.648427],[120.314952,22.650075],[120.314958,22.650148],[120.314961,22.650185]]]}},{"type":"Feature","id":"A6405-0573-00","properties":{"code":"A6405-0573-00","district":"三民區","area_m2":5930.9,"centroid":[120.304205,22.649455],"population":189,"households":86,"male":83,"female":106,"ages":[20,49,74,46],"density_km2":31867},"geometry":{"type":"Polygon","coordinates":[[[120.304073,22.650116],[120.304454,22.650098],[120.304431,22.649753],[120.30441,22.649436],[120.304377,22.649121],[120.304343,22.648789],[120.303953,22.648824],[120.304053,22.650054],[120.304073,22.650116]]]}},{"type":"Feature","id":"A6405-0563-00","properties":{"code":"A6405-0563-00","district":"三民區","area_m2":5331.9,"centroid":[120.315824,22.649627],"population":121,"households":53,"male":65,"female":56,"ages":[7,21,60,33],"density_km2":22694},"geometry":{"type":"Polygon","coordinates":[[[120.315546,22.650157],[120.315622,22.650144],[120.315672,22.650126],[120.315726,22.650086],[120.316124,22.649766],[120.316271,22.649626],[120.316174,22.649548],[120.315853,22.649271],[120.315831,22.649252],[120.315817,22.649233],[120.315726,22.649156],[120.315655,22.649096],[120.315472,22.649303],[120.315546,22.650157]]]}},{"type":"Feature","id":"A6405-0548-00","properties":{"code":"A6405-0548-00","district":"三民區","area_m2":4570.0,"centroid":[120.305037,22.649883],"population":46,"households":17,"male":23,"female":23,"ages":[8,6,18,14],"density_km2":10066},"geometry":{"type":"Polygon","coordinates":[[[120.304454,22.650098],[120.305605,22.650001],[120.30565,22.649998],[120.305623,22.649673],[120.305579,22.649676],[120.304431,22.649753],[120.304454,22.650098]]]}},{"type":"Feature","id":"A6405-0607-00","properties":{"code":"A6405-0607-00","district":"三民區","area_m2":20771.7,"centroid":[120.316269,22.648778],"population":280,"households":132,"male":147,"female":133,"ages":[15,61,111,93],"density_km2":13480},"geometry":{"type":"Polygon","coordinates":[[[120.316271,22.649626],[120.316928,22.65015],[120.3169,22.649965],[120.31685,22.64969],[120.316813,22.649356],[120.316805,22.649084],[120.316802,22.648997],[120.316804,22.648579],[120.316903,22.647984],[120.316922,22.647873],[120.316842,22.647859],[120.31676,22.647847],[120.316719,22.647831],[120.316182,22.647751],[120.316109,22.647731],[120.31545,22.647622],[120.31541,22.647621],[120.315518,22.64782],[120.315704,22.64807],[120.315825,22.648234],[120.316083,22.648464],[120.315965,22.648605],[120.31629,22.64883],[120.315853,22.649271],[120.316174,22.649548],[120.316271,22.649626]]]}},{"type":"Feature","id":"A6405-0649-00","properties":{"code":"A6405-0649-00","district":"三民區","area_m2":70824.3,"centroid":[120.290892,22.648098],"population":1174,"households":715,"male":522,"female":652,"ages":[170,499,396,109],"density_km2":16576},"geometry":{"type":"Polygon","coordinates":[[[120.290056,22.649975],[120.290943,22.649738],[120.291669,22.649578],[120.291879,22.649556],[120.291878,22.64923],[120.291877,22.649137],[120.291814,22.64791],[120.291727,22.646303],[120.289918,22.646407],[120.290056,22.649975]]]}},{"type":"Feature","id":"A6402-0475-00","properties":{"code":"A6402-0475-00","district":"鼓山區","area_m2":12016.7,"centroid":[120.281862,22.645879],"population":0,"households":0,"male":0,"female":0,"ages":[0,0,0,0],"density_km2":0},"geometry":{"type":"Polygon","coordinates":[[[120.281233,22.646365],[120.281529,22.646365],[120.28177,22.646365],[120.282054,22.646358],[120.282636,22.646342],[120.282535,22.646212],[120.282227,22.645664],[120.282072,22.645288],[120.281985,22.645321],[120.281767,22.645405],[120.281509,22.645504],[120.28118,22.645631],[120.28122,22.646143],[120.281233,22.646365]]]}},{"type":"Feature","id":"A6402-0477-00","properties":{"code":"A6402-0477-00","district":"鼓山區","area_m2":56854.7,"centroid":[120.279256,22.644687],"population":164,"households":80,"male":85,"female":79,"ages":[17,39,67,41],"density_km2":2885},"geometry":{"type":"Polygon","coordinates":[[[120.277538,22.646011],[120.277561,22.646022],[120.278469,22.646234],[120.278584,22.645764],[120.278663,22.645395],[120.279365,22.6451],[120.279843,22.644966],[120.280798,22.644718],[120.281,22.644665],[120.280922,22.643505],[120.280909,22.64331],[120.280741,22.643329],[120.280659,22.6433],[120.280622,22.643294],[120.280564,22.643305],[120.280475,22.643354],[120.280362,22.643396],[120.280171,22.643453],[120.279666,22.64362],[120.279363,22.643763],[120.278511,22.644024],[120.27819,22.644126],[120.278017,22.64419],[120.277978,22.644193],[120.277883,22.644604],[120.277878,22.644622],[120.277605,22.645737],[120.277538,22.646011]]]}},{"type":"Feature","id":"A6405-0829-00","properties":{"code":"A6405-0829-00","district":"三民區","area_m2":21852.7,"centroid":[120.292365,22.645513],"population":318,"households":145,"male":148,"female":170,"ages":[41,92,120,65],"density_km2":14552},"geometry":{"type":"Polygon","coordinates":[[[120.293046,22.646198],[120.293068,22.646204],[120.292949,22.644727],[120.291679,22.64483],[120.291697,22.645367],[120.2917,22.645455],[120.291711,22.645809],[120.291727,22.646289],[120.293046,22.646198]]]}},{"type":"Feature","id":"A6405-0802-00","properties":{"code":"A6405-0802-00","district":"三民區","area_m2":3383.8,"centroid":[120.311488,22.645991],"population":53,"households":19,"male":30,"female":23,"ages":[6,7,22,18],"density_km2":15663},"geometry":{"type":"Polygon","coordinates":[[[120.311292,22.646337],[120.311738,22.646311],[120.311686,22.645642],[120.311237,22.645684],[120.311292,22.646337]]]}},{"type":"Feature","id":"A6405-1061-00","properties":{"code":"A6405-1061-00","district":"三民區","area_m2":4714.2,"centroid":[120.302073,22.642272],"population":149,"households":62,"male":78,"female":71,"ages":[16,38,47,48],"density_km2":31607},"geometry":{"type":"Polygon","coordinates":[[[120.301919,22.642795],[120.302295,22.642768],[120.302315,22.642767],[120.30225,22.641847],[120.30216,22.641751],[120.30183,22.641772],[120.301855,22.64212],[120.301885,22.642444],[120.301919,22.642795]]]}},{"type":"Feature","id":"A6405-1084-00","properties":{"code":"A6405-1084-00","district":"三民區","area_m2":18087.4,"centroid":[120.301919,22.641922],"population":177,"households":107,"male":91,"female":86,"ages":[25,40,62,50],"density_km2":9786},"geometry":{"type":"Polygon","coordinates":[[[120.302315,22.642767],[120.302681,22.642744],[120.302916,22.642749],[120.302917,22.64273],[120.302915,22.642702],[120.302914,22.64269],[120.302845,22.641553],[120.302854,22.641275],[120.302731,22.641283],[120.302528,22.641292],[120.301779,22.641342],[120.300612,22.641416],[120.300613,22.641428],[120.300648,22.641845],[120.30183,22.641772],[120.30216,22.641751],[120.30225,22.641847],[120.302315,22.642767]]]}},{"type":"Feature","id":"A6405-1038-00","properties":{"code":"A6405-1038-00","district":"三民區","area_m2":5353.5,"centroid":[120.31206,22.642556],"population":86,"households":47,"male":44,"female":42,"ages":[8,24,29,25],"density_km2":16064},"geometry":{"type":"Polygon","coordinates":[[[120.311503,22.642805],[120.312661,22.642708],[120.312605,22.64231],[120.311469,22.64239],[120.311503,22.642805]]]}},{"type":"Feature","id":"A6405-1042-00","properties":{"code":"A6405-1042-00","district":"三民區","area_m2":5655.9,"centroid":[120.307952,22.642533],"population":164,"households":76,"male":73,"female":91,"ages":[14,39,60,51],"density_km2":28996},"geometry":{"type":"Polygon","coordinates":[[[120.307351,22.642773],[120.307372,22.642772],[120.308583,22.642697],[120.308557,22.642329],[120.308553,22.642291],[120.307318,22.642378],[120.307319,22.642396],[120.30735,22.642761],[120.307351,22.642773]]]}},{"type":"Feature","id":"A6405-1075-00","properties":{"code":"A6405-1075-00","district":"三民區","area_m2":16786.9,"centroid":[120.315736,22.64216],"population":0,"households":0,"male":0,"female":0,"ages":[0,0,0,0],"density_km2":0},"geometry":{"type":"Polygon","coordinates":[[[120.315171,22.642791],[120.316407,22.642706],[120.316361,22.642101],[120.316325,22.641532],[120.31506,22.641617],[120.315171,22.642791]]]}},{"type":"Feature","id":"A6405-1088-00","properties":{"code":"A6405-1088-00","district":"三民區","area_m2":14788.4,"centroid":[120.303341,22.641958],"population":322,"households":153,"male":157,"female":165,"ages":[32,83,122,85],"density_km2":21774},"geometry":{"type":"Polygon","coordinates":[[[120.302914,22.64269],[120.303853,22.642623],[120.30383,22.642342],[120.303801,22.641993],[120.303727,22.641234],[120.303727,22.641222],[120.303706,22.641223],[120.302854,22.641275],[120.302845,22.641553],[120.302914,22.64269]]]}},{"type":"Feature","id":"A6405-1052-00","properties":{"code":"A6405-1052-00","district":"三民區","area_m2":7299.7,"centroid":[120.313409,22.642457],"population":175,"households":67,"male":83,"female":92,"ages":[25,33,68,49],"density_km2":23974},"geometry":{"type":"Polygon","coordinates":[[[120.312661,22.642708],[120.314198,22.642624],[120.314192,22.642505],[120.314169,22.642201],[120.31415,22.642202],[120.312605,22.64231],[120.312661,22.642708]]]}},{"type":"Feature","id":"A6405-1058-00","properties":{"code":"A6405-1058-00","district":"三民區","area_m2":3960.7,"centroid":[120.316672,22.642385],"population":135,"households":66,"male":58,"female":77,"ages":[19,28,50,38],"density_km2":34085},"geometry":{"type":"Polygon","coordinates":[[[120.316407,22.642706],[120.316985,22.642664],[120.31693,22.642064],[120.316361,22.642101],[120.316407,22.642706]]]}},{"type":"Feature","id":"A6405-1051-00","properties":{"code":"A6405-1051-00","district":"三民區","area_m2":3737.0,"centroid":[120.304413,22.642439],"population":153,"households":56,"male":77,"female":76,"ages":[26,33,62,32],"density_km2":40942},"geometry":{"type":"Polygon","coordinates":[[[120.303853,22.642623],[120.304993,22.642543],[120.304973,22.642252],[120.30383,22.642342],[120.303853,22.642623]]]}},{"type":"Feature","id":"A6405-1063-00","properties":{"code":"A6405-1063-00","district":"三民區","area_m2":6347.1,"centroid":[120.317419,22.642329],"population":467,"households":193,"male":208,"female":259,"ages":[88,103,203,73],"density_km2":73577},"geometry":{"type":"Polygon","coordinates":[[[120.316985,22.642664],[120.317343,22.642638],[120.317851,22.6426],[120.317905,22.642596],[120.317855,22.641992],[120.3178,22.641995],[120.317315,22.642039],[120.31693,22.642064],[120.316985,22.642664]]]}},{"type":"Feature","id":"A6405-1302-00","properties":{"code":"A6405-1302-00","district":"三民區","area_m2":3201.0,"centroid":[120.318061,22.63921],"population":202,"households":91,"male":96,"female":106,"ages":[25,48,83,46],"density_km2":63106},"geometry":{"type":"Polygon","coordinates":[[[120.317633,22.63941],[120.318521,22.639323],[120.318485,22.639009],[120.318371,22.639021],[120.317603,22.639094],[120.317633,22.63941]]]}},{"type":"Feature","id":"A6405-1322-00","properties":{"code":"A6405-1322-00","district":"三民區","area_m2":15092.3,"centroid":[120.311833,22.638874],"population":0,"households":0,"male":0,"female":0,"ages":[0,0,0,0],"density_km2":0},"geometry":{"type":"Polygon","coordinates":[[[120.311122,22.639363],[120.311186,22.639352],[120.311223,22.63935],[120.311427,22.639335],[120.312633,22.639252],[120.312607,22.638923],[120.31257,22.638389],[120.312558,22.63839],[120.311027,22.638493],[120.31107,22.638887],[120.311122,22.639363]]]}},{"type":"Feature","id":"A6405-1311-00","properties":{"code":"A6405-1311-00","district":"三民區","area_m2":11479.3,"centroid":[120.315482,22.639007],"population":382,"households":195,"male":193,"female":189,"ages":[28,89,148,117],"density_km2":33277},"geometry":{"type":"Polygon","coordinates":[[[120.314608,22.639361],[120.315439,22.639289],[120.316363,22.639209],[120.316406,22.63921],[120.31635,22.638658],[120.316316,22.638663],[120.315709,22.638706],[120.314568,22.638786],[120.314608,22.639361]]]}},{"type":"Feature","id":"A6405-1342-00","properties":{"code":"A6405-1342-00","district":"三民區","area_m2":16279.2,"centroid":[120.307166,22.638602],"population":56,"households":29,"male":29,"female":27,"ages":[3,9,22,22],"density_km2":3440},"geometry":{"type":"Polygon","coordinates":[[[120.306618,22.639317],[120.306714,22.63931],[120.307523,22.639253],[120.307558,22.639251],[120.307648,22.639247],[120.307729,22.639256],[120.30769,22.638703],[120.307707,22.638635],[120.307707,22.638614],[120.307708,22.638568],[120.30768,22.638287],[120.307678,22.638263],[120.307658,22.637918],[120.307655,22.637871],[120.30722,22.637915],[120.307171,22.637901],[120.307034,22.6379],[120.307037,22.637936],[120.306634,22.637961],[120.306667,22.638355],[120.306692,22.638651],[120.306639,22.63865],[120.306669,22.638925],[120.306591,22.638942],[120.306618,22.639317]]]}},{"type":"Feature","id":"A6402-0494-00","properties":{"code":"A6402-0494-00","district":"鼓山區","area_m2":10856.8,"centroid":[120.280907,22.638695],"population":268,"households":108,"male":131,"female":137,"ages":[38,61,116,53],"density_km2":24685},"geometry":{"type":"Polygon","coordinates":[[[120.281652,22.63916],[120.281661,22.639126],[120.281694,22.639013],[120.281713,22.638948],[120.281721,22.638921],[120.281749,22.638827],[120.28175,22.638824],[120.281777,22.638731],[120.281813,22.638606],[120.281703,22.638581],[120.281325,22.638497],[120.280225,22.638233],[120.279989,22.638735],[120.279981,22.638758],[120.281652,22.63916]]]}},{"type":"Feature","id":"A6405-1323-00","properties":{"code":"A6405-1323-00","district":"三民區","area_m2":4600.6,"centroid":[120.289717,22.638773],"population":214,"households":76,"male":112,"female":102,"ages":[20,50,86,58],"density_km2":46515},"geometry":{"type":"Polygon","coordinates":[[[120.289356,22.638969],[120.28994,22.639165],[120.29013,22.638628],[120.289348,22.638381],[120.289356,22.638969]]]}},{"type":"Feature","id":"A6405-1340-00","properties":{"code":"A6405-1340-00","district":"三民區","area_m2":11324.1,"centroid":[120.293218,22.638519],"population":148,"households":61,"male":70,"female":78,"ages":[17,32,56,43],"density_km2":13069},"geometry":{"type":"Polygon","coordinates":[[[120.294072,22.638459],[120.293476,22.638259],[120.292673,22.637989],[120.292534,22.637942],[120.292394,22.63829],[120.292342,22.638418],[120.292354,22.638417],[120.293794,22.639128],[120.293904,22.638864],[120.294072,22.638459]]]}},{"type":"Feature","id":"A6405-1321-00","properties":{"code":"A6405-1321-00","district":"三民區","area_m2":6985.2,"centroid":[120.316966,22.638906],"population":222,"households":105,"male":101,"female":121,"ages":[16,51,99,56],"density_km2":31781},"geometry":{"type":"Polygon","coordinates":[[[120.316406,22.63921],[120.316562,22.63919],[120.317179,22.639134],[120.317553,22.639099],[120.317603,22.639094],[120.317558,22.638629],[120.317405,22.638644],[120.317075,22.638656],[120.316822,22.638639],[120.316663,22.638616],[120.316388,22.63866],[120.31635,22.638658],[120.316406,22.63921]]]}},{"type":"Feature","id":"A6405-1505-00","properties":{"code":"A6405-1505-00","district":"三民區","area_m2":8499.0,"centroid":[120.29043,22.635401],"population":154,"households":75,"male":76,"female":78,"ages":[10,38,59,47],"density_km2":18120},"geometry":{"type":"Polygon","coordinates":[[[120.2912,22.635876],[120.291216,22.635834],[120.29135,22.63548],[120.289658,22.634928],[120.289508,22.635317],[120.2912,22.635876]]]}},{"type":"Feature","id":"A6405-1509-00","properties":{"code":"A6405-1509-00","district":"三民區","area_m2":18284.3,"centroid":[120.286316,22.63506],"population":254,"households":112,"male":125,"female":129,"ages":[33,56,116,49],"density_km2":13892},"geometry":{"type":"Polygon","coordinates":[[[120.287222,22.635851],[120.287367,22.635513],[120.287544,22.635103],[120.287522,22.635092],[120.286139,22.634639],[120.286118,22.634625],[120.285518,22.634418],[120.285127,22.634299],[120.285081,22.634565],[120.28505,22.634765],[120.285478,22.634995],[120.286666,22.635579],[120.287222,22.635851]]]}},{"type":"Feature","id":"A6405-1504-00","properties":{"code":"A6405-1504-00","district":"三民區","area_m2":5932.8,"centroid":[120.29194,22.635416],"population":193,"households":94,"male":103,"female":90,"ages":[13,42,75,63],"density_km2":32531},"geometry":{"type":"Polygon","coordinates":[[[120.292244,22.635777],[120.292351,22.635812],[120.29253,22.635357],[120.291536,22.635017],[120.29135,22.63548],[120.291372,22.635491],[120.292244,22.635777]]]}},{"type":"Feature","id":"A6406-0032-00","properties":{"code":"A6406-0032-00","district":"新興區","area_m2":11504.7,"centroid":[120.298046,22.635239],"population":157,"households":85,"male":72,"female":85,"ages":[14,28,65,50],"density_km2":13647},"geometry":{"type":"Polygon","coordinates":[[[120.298655,22.635407],[120.298669,22.635369],[120.298785,22.635062],[120.297679,22.634692],[120.297612,22.634669],[120.29759,22.634659],[120.297467,22.634975],[120.297305,22.635389],[120.297326,22.635399],[120.297391,22.635423],[120.298497,22.635824],[120.298655,22.635407]]]}},{"type":"Feature","id":"A6406-0025-00","properties":{"code":"A6406-0025-00","district":"新興區","area_m2":7762.7,"centroid":[120.299602,22.63547],"population":198,"households":108,"male":100,"female":98,"ages":[18,41,94,45],"density_km2":25507},"geometry":{"type":"Polygon","coordinates":[[[120.300558,22.635773],[120.300535,22.635454],[120.300069,22.635484],[120.298807,22.635072],[120.298785,22.635062],[120.298669,22.635369],[120.298655,22.635407],[120.299848,22.635819],[120.300558,22.635773]]]}},{"type":"Feature","id":"A6406-0022-00","properties":{"code":"A6406-0022-00","district":"新興區","area_m2":5287.9,"centroid":[120.305713,22.635581],"population":123,"households":56,"male":69,"female":54,"ages":[18,13,54,38],"density_km2":23261},"geometry":{"type":"Polygon","coordinates":[[[120.305029,22.635787],[120.305049,22.635785],[120.306411,22.635719],[120.306393,22.635367],[120.305022,22.635469],[120.305,22.635471],[120.305028,22.635775],[120.305029,22.635787]]]}},{"type":"Feature","id":"A6405-1506-00","properties":{"code":"A6405-1506-00","district":"三民區","area_m2":3250.1,"centroid":[120.289096,22.635389],"population":216,"households":109,"male":103,"female":113,"ages":[23,52,81,60],"density_km2":66459},"geometry":{"type":"Polygon","coordinates":[[[120.289339,22.635677],[120.289365,22.635686],[120.289508,22.635317],[120.289473,22.635305],[120.288826,22.63509],[120.288685,22.635468],[120.289315,22.635669],[120.289339,22.635677]]]}},{"type":"Feature","id":"A6407-0002-00","properties":{"code":"A6407-0002-00","district":"前金區","area_m2":13596.8,"centroid":[120.294887,22.635088],"population":339,"households":183,"male":150,"female":189,"ages":[32,80,143,84],"density_km2":24932},"geometry":{"type":"Polygon","coordinates":[[[120.295404,22.63555],[120.29577,22.635674],[120.295845,22.635482],[120.296069,22.634957],[120.295339,22.634989],[120.294803,22.634814],[120.294377,22.634676],[120.293888,22.634518],[120.293866,22.634508],[120.293756,22.634784],[120.29368,22.634962],[120.294261,22.63516],[120.295404,22.63555]]]}},{"type":"Feature","id":"A6407-0036-00","properties":{"code":"A6407-0036-00","district":"前金區","area_m2":8225.3,"centroid":[120.291887,22.631688],"population":141,"households":69,"male":71,"female":70,"ages":[26,25,64,26],"density_km2":17142},"geometry":{"type":"Polygon","coordinates":[[[120.292662,22.632166],[120.292808,22.631771],[120.29108,22.631214],[120.290954,22.631569],[120.292662,22.632166]]]}},{"type":"Feature","id":"A6406-0114-00","properties":{"code":"A6406-0114-00","district":"新興區","area_m2":7353.3,"centroid":[120.303867,22.631967],"population":272,"households":152,"male":126,"female":146,"ages":[40,65,104,63],"density_km2":36990},"geometry":{"type":"Polygon","coordinates":[[[120.303004,22.632209],[120.304737,22.63209],[120.304764,22.632088],[120.304735,22.631726],[120.302971,22.631842],[120.303004,22.632209]]]}},{"type":"Feature","id":"A6407-0035-00","properties":{"code":"A6407-0035-00","district":"前金區","area_m2":4172.2,"centroid":[120.293422,22.63181],"population":70,"households":33,"male":30,"female":40,"ages":[6,9,36,19],"density_km2":16778},"geometry":{"type":"Polygon","coordinates":[[[120.29394,22.63214],[120.294036,22.63185],[120.292939,22.631488],[120.292918,22.631477],[120.292808,22.631771],[120.29283,22.631781],[120.29394,22.63214]]]}},{"type":"Feature","id":"A6408-0099-00","properties":{"code":"A6408-0099-00","district":"苓雅區","area_m2":7121.1,"centroid":[120.318873,22.631811],"population":137,"households":57,"male":64,"female":73,"ages":[30,23,47,37],"density_km2":19239},"geometry":{"type":"Polygon","coordinates":[[[120.319582,22.632156],[120.319718,22.632057],[120.319823,22.63197],[120.319092,22.631715],[120.318508,22.631511],[120.318113,22.631373],[120.318102,22.631404],[120.317976,22.631725],[120.319488,22.632233],[120.319582,22.632156]]]}},{"type":"Feature","id":"A6407-0038-00","properties":{"code":"A6407-0038-00","district":"前金區","area_m2":6045.0,"centroid":[120.29454,22.631686],"population":81,"households":40,"male":36,"female":45,"ages":[7,19,30,25],"density_km2":13399},"geometry":{"type":"Polygon","coordinates":[[[120.294036,22.63185],[120.294806,22.632126],[120.295039,22.631499],[120.294588,22.631351],[120.294283,22.63125],[120.294036,22.63185]]]}},{"type":"Feature","id":"A6402-0532-00","properties":{"code":"A6402-0532-00","district":"鼓山區","area_m2":7147.3,"centroid":[120.279528,22.631597],"population":248,"households":125,"male":122,"female":126,"ages":[21,51,118,58],"density_km2":34698},"geometry":{"type":"Polygon","coordinates":[[[120.279009,22.632018],[120.279082,22.632019],[120.279638,22.631934],[120.280171,22.631787],[120.279847,22.631264],[120.279732,22.631086],[120.279441,22.631251],[120.279512,22.631354],[120.278862,22.631745],[120.278948,22.63187],[120.279009,22.632018]]]}},{"type":"Feature","id":"A6406-0117-00","properties":{"code":"A6406-0117-00","district":"新興區","area_m2":3721.9,"centroid":[120.308472,22.631834],"population":181,"households":71,"male":80,"female":101,"ages":[31,43,53,54],"density_km2":48632},"geometry":{"type":"Polygon","coordinates":[[[120.30819,22.632125],[120.308795,22.632079],[120.308753,22.631544],[120.308149,22.631584],[120.30819,22.632125]]]}},{"type":"Feature","id":"A6406-0124-00","properties":{"code":"A6406-0124-00","district":"新興區","area_m2":14996.3,"centroid":[120.305411,22.631559],"population":245,"households":131,"male":113,"female":132,"ages":[29,50,88,78],"density_km2":16337},"geometry":{"type":"Polygon","coordinates":[[[120.304764,22.632088],[120.306138,22.631988],[120.306114,22.631746],[120.306053,22.631126],[120.306046,22.631027],[120.30603,22.631028],[120.304687,22.631133],[120.304735,22.631726],[120.304764,22.632088]]]}},{"type":"Feature","id":"A6401-0010-00","properties":{"code":"A6401-0010-00","district":"鹽埕區","area_m2":8654.3,"centroid":[120.283856,22.631373],"population":101,"households":43,"male":52,"female":49,"ages":[14,16,36,35],"density_km2":11671},"geometry":{"type":"Polygon","coordinates":[[[120.283789,22.631988],[120.283803,22.631982],[120.284423,22.631702],[120.284437,22.631696],[120.28393,22.630757],[120.283288,22.631049],[120.283274,22.631055],[120.283789,22.631988]]]}},{"type":"Feature","id":"A6406-0120-00","properties":{"code":"A6406-0120-00","district":"新興區","area_m2":8371.1,"centroid":[120.316169,22.631815],"population":203,"households":87,"male":89,"female":114,"ages":[35,35,75,58],"density_km2":24250},"geometry":{"type":"Polygon","coordinates":[[[120.315389,22.632109],[120.316995,22.631971],[120.316962,22.631525],[120.315345,22.631649],[120.315389,22.632109]]]}},{"type":"Feature","id":"A6407-0042-00","properties":{"code":"A6407-0042-00","district":"前金區","area_m2":9400.4,"centroid":[120.290005,22.631485],"population":296,"households":163,"male":129,"female":167,"ages":[28,76,107,85],"density_km2":31488},"geometry":{"type":"Polygon","coordinates":[[[120.290789,22.631985],[120.290954,22.631569],[120.289226,22.630984],[120.289058,22.631411],[120.290789,22.631985]]]}},{"type":"Feature","id":"A6408-0102-00","properties":{"code":"A6408-0102-00","district":"苓雅區","area_m2":5306.5,"centroid":[120.31769,22.631631],"population":216,"households":111,"male":90,"female":126,"ages":[46,43,70,57],"density_km2":40705},"geometry":{"type":"Polygon","coordinates":[[[120.31727,22.631902],[120.317832,22.632092],[120.317976,22.631725],[120.318102,22.631404],[120.318113,22.631373],[120.317649,22.631211],[120.31754,22.631166],[120.317527,22.631204],[120.317273,22.631891],[120.31727,22.631902]]]}},{"type":"Feature","id":"A6406-0194-00","properties":{"code":"A6406-0194-00","district":"新興區","area_m2":11130.3,"centroid":[120.307495,22.628088],"population":108,"households":60,"male":51,"female":57,"ages":[18,19,37,34],"density_km2":9703},"geometry":{"type":"Polygon","coordinates":[[[120.307173,22.628752],[120.307924,22.628704],[120.307923,22.62869],[120.307847,22.62772],[120.307831,22.627487],[120.30783,22.627443],[120.307436,22.627435],[120.307393,22.627434],[120.307065,22.627434],[120.307113,22.628018],[120.30714,22.628342],[120.307173,22.628736],[120.307173,22.628752]]]}},{"type":"Feature","id":"A6401-0036-00","properties":{"code":"A6401-0036-00","district":"鹽埕區","area_m2":4260.0,"centroid":[120.286127,22.628211],"population":111,"households":82,"male":63,"female":48,"ages":[8,18,53,32],"density_km2":26057},"geometry":{"type":"Polygon","coordinates":[[[120.285746,22.628503],[120.286189,22.628654],[120.286508,22.627903],[120.286061,22.627773],[120.285907,22.628131],[120.285746,22.628503]]]}},{"type":"Feature","id":"A6406-0195-00","properties":{"code":"A6406-0195-00","district":"新興區","area_m2":8585.9,"centroid":[120.30818,22.62807],"population":194,"households":91,"male":97,"female":97,"ages":[25,63,85,21],"density_km2":22595},"geometry":{"type":"Polygon","coordinates":[[[120.307924,22.628704],[120.308533,22.62866],[120.30844,22.627456],[120.308309,22.627453],[120.30783,22.627443],[120.307831,22.627487],[120.307847,22.62772],[120.307923,22.62869],[120.307924,22.628704]]]}},{"type":"Feature","id":"A6401-0038-00","properties":{"code":"A6401-0038-00","district":"鹽埕區","area_m2":3797.2,"centroid":[120.285089,22.628173],"population":229,"households":114,"male":109,"female":120,"ages":[20,37,94,78],"density_km2":60307},"geometry":{"type":"Polygon","coordinates":[[[120.285076,22.628602],[120.285465,22.628428],[120.285121,22.627759],[120.285112,22.627742],[120.285098,22.627749],[120.28471,22.627931],[120.285076,22.628602]]]}},{"type":"Feature","id":"A6406-0186-00","properties":{"code":"A6406-0186-00","district":"新興區","area_m2":7434.1,"centroid":[120.303552,22.628423],"population":209,"households":101,"male":97,"female":112,"ages":[21,47,77,64],"density_km2":28114},"geometry":{"type":"Polygon","coordinates":[[[120.302718,22.628674],[120.304426,22.628546],[120.304425,22.628534],[120.304395,22.628179],[120.302688,22.62828],[120.302718,22.628674]]]}},{"type":"Feature","id":"A6406-0189-00","properties":{"code":"A6406-0189-00","district":"新興區","area_m2":10892.3,"centroid":[120.312326,22.628319],"population":228,"households":95,"male":105,"female":123,"ages":[52,45,80,51],"density_km2":20932},"geometry":{"type":"Polygon","coordinates":[[[120.311437,22.628705],[120.312901,22.628592],[120.313651,22.628528],[120.313042,22.628347],[120.312976,22.62832],[120.312703,22.628262],[120.311972,22.628037],[120.311925,22.628015],[120.311373,22.627839],[120.311363,22.627836],[120.311363,22.627874],[120.31139,22.628236],[120.311437,22.628705]]]}},{"type":"Feature","id":"A6401-0039-00","properties":{"code":"A6401-0039-00","district":"鹽埕區","area_m2":5673.1,"centroid":[120.28016,22.62808],"population":305,"households":140,"male":146,"female":159,"ages":[21,74,110,100],"density_km2":53763},"geometry":{"type":"Polygon","coordinates":[[[120.279958,22.628347],[120.280099,22.628553],[120.280645,22.62828],[120.280538,22.628084],[120.280284,22.62762],[120.280275,22.627604],[120.280262,22.62761],[120.280094,22.627701],[120.280078,22.627702],[120.279769,22.627859],[120.279662,22.627912],[120.279781,22.628086],[120.279865,22.628211],[120.279958,22.628347]]]}},{"type":"Feature","id":"A6406-0201-00","properties":{"code":"A6406-0201-00","district":"新興區","area_m2":7576.2,"centroid":[120.300102,22.627742],"population":140,"households":58,"male":71,"female":69,"ages":[11,32,55,42],"density_km2":18479},"geometry":{"type":"Polygon","coordinates":[[[120.299925,22.628619],[120.299946,22.628633],[120.300484,22.627285],[120.300595,22.627008],[120.30062,22.626977],[120.300604,22.626972],[120.300265,22.626847],[120.299585,22.628522],[120.299925,22.628619]]]}},{"type":"Feature","id":"A6406-0200-00","properties":{"code":"A6406-0200-00","district":"新興區","area_m2":9497.7,"centroid":[120.300692,22.627717],"population":253,"households":121,"male":114,"female":139,"ages":[34,76,86,57],"density_km2":26638},"geometry":{"type":"Polygon","coordinates":[[[120.299946,22.628633],[120.300338,22.628315],[120.301475,22.627223],[120.30062,22.626977],[120.300595,22.627008],[120.300484,22.627285],[120.299946,22.628633]]]}},{"type":"Feature","id":"A6401-0041-00","properties":{"code":"A6401-0041-00","district":"鹽埕區","area_m2":11917.2,"centroid":[120.28359,22.627852],"population":258,"households":124,"male":121,"female":137,"ages":[33,54,95,76],"density_km2":21649},"geometry":{"type":"Polygon","coordinates":[[[120.283397,22.628539],[120.284277,22.628134],[120.283765,22.627164],[120.283331,22.627367],[120.28292,22.62756],[120.282907,22.627567],[120.283397,22.628539]]]}},{"type":"Feature","id":"A6402-0547-00","properties":{"code":"A6402-0547-00","district":"鼓山區","area_m2":118785.9,"centroid":[120.266952,22.626784],"population":39,"households":18,"male":24,"female":15,"ages":[10,7,18,4],"density_km2":328},"geometry":{"type":"Polygon","coordinates":[[[120.264973,22.627989],[120.265201,22.628026],[120.265831,22.628037],[120.265934,22.628023],[120.266082,22.627976],[120.266205,22.627935],[120.266259,22.627941],[120.266388,22.627986],[120.266487,22.628058],[120.266628,22.628181],[120.266711,22.628238],[120.266791,22.62826],[120.266878,22.628245],[120.266978,22.628192],[120.267159,22.628073],[120.267397,22.627925],[120.267523,22.627872],[120.267645,22.62784],[120.267758,22.627843],[120.26795,22.627913],[120.268149,22.628012],[120.268406,22.628174],[120.268579,22.628295],[120.268703,22.628414],[120.268787,22.628457],[120.268864,22.628466],[120.268928,22.628445],[120.268973,22.62841],[120.269006,22.628335],[120.269016,22.628261],[120.269008,22.628019],[120.268987,22.62767],[120.269017,22.627515],[120.26913,22.627402],[120.269039,22.627319],[120.268944,22.627177],[120.26875,22.626903],[120.268617,22.626568],[120.26857,22.626221],[120.268379,22.625914],[120.268261,22.625757],[120.268107,22.625397],[120.268029,22.625222],[120.265831,22.625246],[120.264963,22.625256],[120.264979,22.627334],[120.264975,22.627734],[120.264973,22.627989]]]}},{"type":"Feature","id":"A6401-0042-00","properties":{"code":"A6401-0042-00","district":"鹽埕區","area_m2":5255.3,"centroid":[120.281282,22.627817],"population":70,"households":31,"male":33,"female":37,"ages":[0,21,26,23],"density_km2":13320},"geometry":{"type":"Polygon","coordinates":[[[120.281454,22.628503],[120.281711,22.628166],[120.281698,22.628141],[120.281168,22.627184],[120.281162,22.627166],[120.280836,22.627334],[120.281096,22.627825],[120.281454,22.628503]]]}},{"type":"Feature","id":"A6401-0091-00","properties":{"code":"A6401-0091-00","district":"鹽埕區","area_m2":27383.9,"centroid":[120.277634,22.622935],"population":12,"households":7,"male":3,"female":9,"ages":[0,3,8,1],"density_km2":438},"geometry":{"type":"Polygon","coordinates":[[[120.277249,22.624243],[120.277293,22.624222],[120.278429,22.623678],[120.277907,22.622713],[120.278223,22.622551],[120.278124,22.622365],[120.278261,22.622301],[120.278231,22.622251],[120.278186,22.622272],[120.278123,22.622152],[120.277959,22.622226],[120.277591,22.621559],[120.277581,22.621565],[120.277485,22.621646],[120.27742,22.621707],[120.277397,22.621729],[120.277304,22.621828],[120.27722,22.621934],[120.277141,22.622053],[120.277078,22.622175],[120.277026,22.622308],[120.276982,22.622429],[120.276955,22.622567],[120.276946,22.622714],[120.276953,22.622867],[120.276954,22.622891],[120.276962,22.623],[120.276959,22.623149],[120.276973,22.623209],[120.276992,22.623294],[120.277035,22.62343],[120.277076,22.623577],[120.277168,22.623848],[120.277188,22.623941],[120.277211,22.624054],[120.277236,22.624198],[120.277249,22.624243]]]}},{"type":"Feature","id":"A6406-0244-00","properties":{"code":"A6406-0244-00","district":"新興區","area_m2":11639.8,"centroid":[120.301525,22.623729],"population":3,"households":1,"male":2,"female":1,"ages":[0,2,1,0],"density_km2":258},"geometry":{"type":"Polygon","coordinates":[[[120.301069,22.624325],[120.301069,22.624336],[120.301146,22.624329],[120.301844,22.624264],[120.301888,22.624127],[120.302146,22.623503],[120.302165,22.623457],[120.302115,22.62344],[120.301858,22.623369],[120.300974,22.62309],[120.301038,22.624027],[120.301069,22.624325]]]}},{"type":"Feature","id":"A6402-0565-00","properties":{"code":"A6402-0565-00","district":"鼓山區","area_m2":11801.8,"centroid":[120.272732,22.623425],"population":320,"households":145,"male":156,"female":164,"ages":[31,75,127,87],"density_km2":27114},"geometry":{"type":"Polygon","coordinates":[[[120.272837,22.624209],[120.273444,22.623873],[120.272654,22.622655],[120.272643,22.622639],[120.272632,22.622645],[120.272348,22.622809],[120.272016,22.623],[120.272028,22.623017],[120.272837,22.624209]]]}},{"type":"Feature","id":"A6408-0311-00","properties":{"code":"A6408-0311-00","district":"苓雅區","area_m2":5700.9,"centroid":[120.31545,22.623578],"population":583,"households":247,"male":258,"female":325,"ages":[203,107,219,54],"density_km2":102264},"geometry":{"type":"Polygon","coordinates":[[[120.315016,22.624238],[120.315341,22.624341],[120.315508,22.623858],[120.315663,22.623471],[120.315681,22.623424],[120.315886,22.622918],[120.315566,22.622817],[120.315016,22.624238]]]}},{"type":"Feature","id":"A6406-0248-00","properties":{"code":"A6406-0248-00","district":"新興區","area_m2":7437.9,"centroid":[120.309765,22.623421],"population":144,"households":73,"male":60,"female":84,"ages":[14,31,52,47],"density_km2":19360},"geometry":{"type":"Polygon","coordinates":[[[120.309274,22.624187],[120.309638,22.624306],[120.309935,22.623488],[120.310231,22.622704],[120.310242,22.622675],[120.310255,22.62264],[120.310181,22.622616],[120.309913,22.622531],[120.309274,22.624187]]]}},{"type":"Feature","id":"A6408-0307-00","properties":{"code":"A6408-0307-00","district":"苓雅區","area_m2":10777.9,"centroid":[120.312694,22.623766],"population":199,"households":67,"male":98,"female":101,"ages":[67,32,72,28],"density_km2":18464},"geometry":{"type":"Polygon","coordinates":[[[120.311832,22.623782],[120.31197,22.623829],[120.313383,22.62431],[120.313552,22.623811],[120.313563,22.62378],[120.313507,22.623763],[120.312023,22.623215],[120.311832,22.623782]]]}},{"type":"Feature","id":"A6408-0301-00","properties":{"code":"A6408-0301-00","district":"苓雅區","area_m2":6483.2,"centroid":[120.317795,22.623896],"population":587,"households":230,"male":245,"female":342,"ages":[162,94,203,128],"density_km2":90542},"geometry":{"type":"Polygon","coordinates":[[[120.31813,22.624315],[120.318165,22.624326],[120.318366,22.623798],[120.317421,22.623463],[120.317228,22.623983],[120.317228,22.624003],[120.31813,22.624315]]]}},{"type":"Feature","id":"A6407-0109-00","properties":{"code":"A6407-0109-00","district":"前金區","area_m2":7760.3,"centroid":[120.292991,22.623732],"population":131,"households":65,"male":59,"female":72,"ages":[11,28,49,43],"density_km2":16881},"geometry":{"type":"Polygon","coordinates":[[[120.293757,22.624192],[120.293772,22.624149],[120.293881,22.623842],[120.292252,22.623267],[120.292113,22.62366],[120.293757,22.624192]]]}},{"type":"Feature","id":"A6401-0084-00","properties":{"code":"A6401-0084-00","district":"鹽埕區","area_m2":9968.0,"centroid":[120.285108,22.623453],"population":162,"households":73,"male":75,"female":87,"ages":[16,34,52,60],"density_km2":16252},"geometry":{"type":"Polygon","coordinates":[[[120.285028,22.624118],[120.285722,22.62378],[120.285211,22.622802],[120.285202,22.622785],[120.285189,22.622791],[120.28449,22.623152],[120.284499,22.623169],[120.285028,22.624118]]]}},{"type":"Feature","id":"A6407-0145-00","properties":{"code":"A6407-0145-00","district":"前金區","area_m2":14083.3,"centroid":[120.299077,22.619862],"population":226,"households":106,"male":94,"female":132,"ages":[22,46,75,83],"density_km2":16047},"geometry":{"type":"Polygon","coordinates":[[[120.298426,22.620553],[120.299106,22.620773],[120.2994,22.62002],[120.299591,22.619531],[120.299595,22.619523],[120.299734,22.619186],[120.299038,22.618952],[120.299024,22.618987],[120.298712,22.619789],[120.298585,22.620129],[120.298426,22.620553]]]}},{"type":"Feature","id":"A6408-0415-00","properties":{"code":"A6408-0415-00","district":"苓雅區","area_m2":3780.2,"centroid":[120.309613,22.620397],"population":227,"households":112,"male":106,"female":121,"ages":[25,49,95,58],"density_km2":60049},"geometry":{"type":"Polygon","coordinates":[[[120.309684,22.620804],[120.309701,22.62081],[120.309962,22.620138],[120.309532,22.619984],[120.309416,22.620275],[120.309399,22.620317],[120.309264,22.620656],[120.30961,22.620777],[120.309684,22.620804]]]}},{"type":"Feature","id":"A6402-0595-00","properties":{"code":"A6402-0595-00","district":"鼓山區","area_m2":3502.9,"centroid":[120.273929,22.620302],"population":24,"households":15,"male":11,"female":13,"ages":[2,4,5,13],"density_km2":6852},"geometry":{"type":"Polygon","coordinates":[[[120.273929,22.620647],[120.274367,22.620383],[120.274163,22.620068],[120.273463,22.620001],[120.273494,22.620049],[120.273929,22.620647]]]}},{"type":"Feature","id":"A6408-0426-00","properties":{"code":"A6408-0426-00","district":"苓雅區","area_m2":14311.0,"centroid":[120.303965,22.62016],"population":176,"households":90,"male":84,"female":92,"ages":[17,39,66,54],"density_km2":12298},"geometry":{"type":"Polygon","coordinates":[[[120.304539,22.62078],[120.304697,22.620366],[120.304834,22.620006],[120.303393,22.61954],[120.303252,22.619907],[120.303096,22.620318],[120.304539,22.62078]]]}},{"type":"Feature","id":"A6401-0126-00","properties":{"code":"A6401-0126-00","district":"鹽埕區","area_m2":5903.6,"centroid":[120.282433,22.620196],"population":182,"households":80,"male":99,"female":83,"ages":[24,41,62,55],"density_km2":30829},"geometry":{"type":"Polygon","coordinates":[[[120.282211,22.620655],[120.282936,22.620299],[120.282949,22.620293],[120.282659,22.619738],[120.281918,22.620087],[120.282211,22.620655]]]}},{"type":"Feature","id":"A6402-0603-00","properties":{"code":"A6402-0603-00","district":"鼓山區","area_m2":148065.6,"centroid":[120.281298,22.617875],"population":1,"households":1,"male":1,"female":0,"ages":[0,0,0,1],"density_km2":7},"geometry":{"type":"Polygon","coordinates":[[[120.279998,22.620186],[120.2803,22.620039],[120.280281,22.620012],[120.28006,22.619682],[120.279972,22.619554],[120.279814,22.619624],[120.279602,22.619294],[120.282014,22.618178],[120.282057,22.618248],[120.282584,22.618002],[120.282578,22.617957],[120.282862,22.617843],[120.283035,22.61776],[120.284876,22.616876],[120.284065,22.615312],[120.283035,22.615835],[120.282943,22.615882],[120.279264,22.61759],[120.278707,22.61784],[120.277905,22.618201],[120.278003,22.618382],[120.27837,22.619052],[120.278307,22.619142],[120.27832,22.619272],[120.279058,22.620641],[120.279998,22.620186]]]}},{"type":"Feature","id":"A6408-0431-00","properties":{"code":"A6408-0431-00","district":"苓雅區","area_m2":23806.0,"centroid":[120.29241,22.6201],"population":106,"households":58,"male":49,"female":57,"ages":[4,21,42,39],"density_km2":4453},"geometry":{"type":"Polygon","coordinates":[[[120.293718,22.620671],[120.293151,22.619606],[120.293007,22.619356],[120.291247,22.620167],[120.291097,22.620257],[120.291036,22.620347],[120.29104,22.620627],[120.291504,22.620629],[120.291524,22.620629],[120.292376,22.620643],[120.29369,22.620665],[120.293718,22.620671]]]}},{"type":"Feature","id":"A6408-0440-00","properties":{"code":"A6408-0440-00","district":"苓雅區","area_m2":18319.1,"centroid":[120.291389,22.619898],"population":183,"households":96,"male":90,"female":93,"ages":[18,56,67,42],"density_km2":9990},"geometry":{"type":"Polygon","coordinates":[[[120.29104,22.620627],[120.291036,22.620347],[120.291097,22.620257],[120.291247,22.620167],[120.293007,22.619356],[120.292882,22.619139],[120.292592,22.619176],[120.29249,22.619247],[120.292341,22.619327],[120.292044,22.619467],[120.291775,22.619574],[120.291695,22.619598],[120.291525,22.619636],[120.291369,22.619656],[120.291252,22.619664],[120.291139,22.619665],[120.290992,22.619656],[120.29088,22.61964],[120.290739,22.619616],[120.290274,22.619495],[120.290228,22.619632],[120.290176,22.620086],[120.290175,22.620625],[120.290884,22.620626],[120.29104,22.620627]]]}},{"type":"Feature","id":"A6407-0144-00","properties":{"code":"A6407-0144-00","district":"前金區","area_m2":8294.0,"centroid":[120.295927,22.620101],"population":213,"households":100,"male":115,"female":98,"ages":[25,48,81,59],"density_km2":25681},"geometry":{"type":"Polygon","coordinates":[[[120.295373,22.620326],[120.296222,22.620621],[120.296507,22.619895],[120.295646,22.619588],[120.295624,22.619578],[120.295504,22.619904],[120.295477,22.619977],[120.295352,22.620316],[120.295373,22.620326]]]}},{"type":"Feature","id":"A6401-0129-00","properties":{"code":"A6401-0129-00","district":"鹽埕區","area_m2":9152.0,"centroid":[120.284967,22.619942],"population":195,"households":75,"male":95,"female":100,"ages":[21,55,73,46],"density_km2":21307},"geometry":{"type":"Polygon","coordinates":[[[120.28487,22.620567],[120.284882,22.620561],[120.285575,22.620239],[120.285029,22.619316],[120.284383,22.619616],[120.284366,22.619617],[120.284516,22.619901],[120.284685,22.620219],[120.28486,22.620551],[120.28487,22.620567]]]}},{"type":"Feature","id":"A6408-0423-00","properties":{"code":"A6408-0423-00","district":"苓雅區","area_m2":5849.6,"centroid":[120.308731,22.620258],"population":189,"households":72,"male":94,"female":95,"ages":[33,47,70,39],"density_km2":32310},"geometry":{"type":"Polygon","coordinates":[[[120.309264,22.620656],[120.309399,22.620317],[120.309416,22.620275],[120.308181,22.619863],[120.308044,22.62022],[120.309264,22.620656]]]}},{"type":"Feature","id":"A6407-0143-00","properties":{"code":"A6407-0143-00","district":"前金區","area_m2":5923.2,"centroid":[120.297944,22.620165],"population":134,"households":68,"male":68,"female":66,"ages":[12,24,49,49],"density_km2":22623},"geometry":{"type":"Polygon","coordinates":[[[120.297321,22.620189],[120.298426,22.620553],[120.298585,22.620129],[120.297471,22.61979],[120.29745,22.61978],[120.2973,22.620178],[120.297321,22.620189]]]}},{"type":"Feature","id":"A6408-0645-00","properties":{"code":"A6408-0645-00","district":"苓雅區","area_m2":24191.4,"centroid":[120.29251,22.615157],"population":200,"households":107,"male":85,"female":115,"ages":[19,42,94,45],"density_km2":8267},"geometry":{"type":"Polygon","coordinates":[[[120.292048,22.616051],[120.292064,22.61608],[120.292425,22.615914],[120.292703,22.615726],[120.292737,22.615702],[120.293584,22.615325],[120.293421,22.615015],[120.293271,22.614729],[120.293066,22.614339],[120.293017,22.614246],[120.29299,22.614258],[120.292149,22.61464],[120.291432,22.614964],[120.291471,22.615035],[120.292048,22.616051]]]}},{"type":"Feature","id":"A6408-0636-00","properties":{"code":"A6408-0636-00","district":"苓雅區","area_m2":5341.5,"centroid":[120.302049,22.615478],"population":274,"households":120,"male":141,"female":133,"ages":[35,62,100,77],"density_km2":51297},"geometry":{"type":"Polygon","coordinates":[[[120.301647,22.615973],[120.302017,22.616095],[120.302453,22.614991],[120.302107,22.614874],[120.302074,22.614862],[120.302065,22.614887],[120.301647,22.615973]]]}},{"type":"Feature","id":"A6409-0014-00","properties":{"code":"A6409-0014-00","district":"前鎮區","area_m2":4828.6,"centroid":[120.310603,22.615729],"population":273,"households":169,"male":99,"female":174,"ages":[39,63,119,52],"density_km2":56538},"geometry":{"type":"Polygon","coordinates":[[[120.311011,22.616098],[120.311053,22.616105],[120.311077,22.615631],[120.310259,22.615361],[120.310243,22.615402],[120.310093,22.615776],[120.310979,22.616079],[120.311011,22.616098]]]}},{"type":"Feature","id":"A6408-0628-00","properties":{"code":"A6408-0628-00","district":"苓雅區","area_m2":2469.5,"centroid":[120.295945,22.615779],"population":265,"households":142,"male":109,"female":156,"ages":[32,75,92,66],"density_km2":107308},"geometry":{"type":"Polygon","coordinates":[[[120.296377,22.616041],[120.296459,22.615836],[120.295509,22.615519],[120.295429,22.615716],[120.296377,22.616041]]]}},{"type":"Feature","id":"A6408-0634-00","properties":{"code":"A6408-0634-00","district":"苓雅區","area_m2":6134.0,"centroid":[120.307677,22.615647],"population":667,"households":324,"male":306,"female":361,"ages":[60,166,253,188],"density_km2":108738},"geometry":{"type":"Polygon","coordinates":[[[120.308139,22.616042],[120.308157,22.616],[120.308296,22.615672],[120.308089,22.615605],[120.308139,22.615482],[120.307523,22.615282],[120.307474,22.615404],[120.307168,22.615304],[120.307033,22.615647],[120.308139,22.616042]]]}},{"type":"Feature","id":"A6408-0639-00","properties":{"code":"A6408-0639-00","district":"苓雅區","area_m2":8013.1,"centroid":[120.294312,22.61538],"population":232,"households":109,"male":102,"female":130,"ages":[16,53,95,68],"density_km2":28953},"geometry":{"type":"Polygon","coordinates":[[[120.293858,22.615855],[120.294932,22.615387],[120.29505,22.6151],[120.294596,22.614942],[120.293606,22.615335],[120.293589,22.615342],[120.293858,22.615855]]]}},{"type":"Feature","id":"A6408-0640-00","properties":{"code":"A6408-0640-00","district":"苓雅區","area_m2":7492.9,"centroid":[120.305779,22.615446],"population":191,"households":88,"male":91,"female":100,"ages":[23,37,66,65],"density_km2":25491},"geometry":{"type":"Polygon","coordinates":[[[120.306421,22.615892],[120.306594,22.61549],[120.30511,22.615002],[120.304963,22.615388],[120.306421,22.615892]]]}},{"type":"Feature","id":"A6408-0638-00","properties":{"code":"A6408-0638-00","district":"苓雅區","area_m2":7013.3,"centroid":[120.29594,22.615409],"population":177,"households":85,"male":83,"female":94,"ages":[18,40,77,42],"density_km2":25238},"geometry":{"type":"Polygon","coordinates":[[[120.295509,22.615519],[120.296459,22.615836],[120.296639,22.615391],[120.29542,22.614982],[120.295337,22.6152],[120.295242,22.61543],[120.295509,22.615519]]]}},{"type":"Feature","id":"A6409-0016-00","properties":{"code":"A6409-0016-00","district":"前鎮區","area_m2":13443.5,"centroid":[120.313698,22.615522],"population":309,"households":156,"male":151,"female":158,"ages":[21,74,113,101],"density_km2":22985},"geometry":{"type":"Polygon","coordinates":[[[120.313874,22.615879],[120.314556,22.615888],[120.314529,22.6152],[120.313877,22.615179],[120.312874,22.615147],[120.312867,22.615548],[120.312838,22.615864],[120.313874,22.615879]]]}},{"type":"Feature","id":"A6409-0017-00","properties":{"code":"A6409-0017-00","district":"前鎮區","area_m2":9647.1,"centroid":[120.311076,22.615387],"population":125,"households":62,"male":63,"female":62,"ages":[11,24,52,38],"density_km2":12957},"geometry":{"type":"Polygon","coordinates":[[[120.311077,22.615631],[120.311769,22.615859],[120.311786,22.615087],[120.311448,22.615065],[120.311378,22.61506],[120.311086,22.615041],[120.310401,22.614995],[120.310259,22.615361],[120.311077,22.615631]]]}},{"type":"Feature","id":"A6408-0652-00","properties":{"code":"A6408-0652-00","district":"苓雅區","area_m2":18542.4,"centroid":[120.304646,22.614845],"population":179,"households":71,"male":97,"female":82,"ages":[16,41,75,47],"density_km2":9654},"geometry":{"type":"Polygon","coordinates":[[[120.304478,22.615669],[120.304814,22.615781],[120.304963,22.615388],[120.30511,22.615002],[120.305234,22.614674],[120.305247,22.614639],[120.305401,22.614227],[120.305379,22.61422],[120.305217,22.614159],[120.30512,22.614123],[120.305094,22.614112],[120.304492,22.613906],[120.304269,22.614468],[120.303889,22.615469],[120.303935,22.615488],[120.304452,22.61566],[120.304478,22.615669]]]}},{"type":"Feature","id":"A6409-0015-00","properties":{"code":"A6409-0015-00","district":"前鎮區","area_m2":2049.3,"centroid":[120.309957,22.615515],"population":139,"households":89,"male":57,"female":82,"ages":[9,27,70,33],"density_km2":67829},"geometry":{"type":"Polygon","coordinates":[[[120.30999,22.615741],[120.310093,22.615776],[120.310243,22.615402],[120.310221,22.615395],[120.309814,22.615255],[120.309672,22.615627],[120.309703,22.615637],[120.309785,22.615667],[120.30999,22.615741]]]}},{"type":"Feature","id":"A6408-0643-00","properties":{"code":"A6408-0643-00","district":"苓雅區","area_m2":3669.2,"centroid":[120.307998,22.615298],"population":236,"households":123,"male":100,"female":136,"ages":[22,55,94,65],"density_km2":64320},"geometry":{"type":"Polygon","coordinates":[[[120.307523,22.615282],[120.308139,22.615482],[120.308089,22.615605],[120.308296,22.615672],[120.308307,22.615647],[120.308452,22.615228],[120.307652,22.614956],[120.307523,22.615282]]]}},{"type":"Feature","id":"A6408-0641-00","properties":{"code":"A6408-0641-00","district":"苓雅區","area_m2":1849.2,"centroid":[120.306882,22.61541],"population":122,"households":83,"male":55,"female":67,"ages":[14,24,57,27],"density_km2":65973},"geometry":{"type":"Polygon","coordinates":[[[120.306594,22.61549],[120.307033,22.615647],[120.307168,22.615304],[120.306725,22.61518],[120.306594,22.61549]]]}},{"type":"Feature","id":"A6409-0018-00","properties":{"code":"A6409-0018-00","district":"前鎮區","area_m2":5653.0,"centroid":[120.309164,22.615246],"population":344,"households":187,"male":157,"female":187,"ages":[34,69,139,102],"density_km2":60852},"geometry":{"type":"Polygon","coordinates":[[[120.309343,22.615521],[120.309672,22.615627],[120.309814,22.615255],[120.309481,22.615141],[120.308666,22.614862],[120.308518,22.615256],[120.309343,22.615521]]]}},{"type":"Feature","id":"A6405-0448-00","properties":{"code":"A6405-0448-00","district":"三民區","area_m2":72897.4,"centroid":[120.309962,22.651785],"population":41,"households":16,"male":25,"female":16,"ages":[1,10,16,14],"density_km2":562},"geometry":{"type":"Polygon","coordinates":[[[120.308567,22.653449],[120.308691,22.653612],[120.308797,22.653701],[120.30888,22.653748],[120.308929,22.653764],[120.30901,22.653774],[120.309086,22.653759],[120.309134,22.653724],[120.310023,22.652803],[120.310126,22.652713],[120.310279,22.652578],[120.310491,22.652443],[120.310806,22.652308],[120.310946,22.652237],[120.311177,22.652117],[120.311398,22.651949],[120.311567,22.651856],[120.311278,22.651332],[120.311157,22.651245],[120.311118,22.651204],[120.31084,22.650706],[120.310616,22.650147],[120.310546,22.649973],[120.310476,22.650002],[120.310388,22.650031],[120.310311,22.650038],[120.310237,22.650027],[120.309873,22.649941],[120.309768,22.649931],[120.309621,22.649966],[120.309554,22.649998],[120.309434,22.650092],[120.309356,22.650235],[120.309246,22.650508],[120.309102,22.650745],[120.309067,22.65078],[120.308966,22.650904],[120.308946,22.651047],[120.308567,22.653449]]]}},{"type":"Feature","id":"A6402-0447-00","properties":{"code":"A6402-0447-00","district":"鼓山區","area_m2":6356.1,"centroid":[120.279251,22.649383],"population":191,"households":83,"male":92,"female":99,"ages":[17,41,91,42],"density_km2":30050},"geometry":{"type":"Polygon","coordinates":[[[120.278988,22.649897],[120.279059,22.649897],[120.279513,22.649895],[120.279539,22.648875],[120.279036,22.648881],[120.278967,22.648874],[120.278976,22.649313],[120.278984,22.649721],[120.278986,22.649773],[120.278989,22.649884],[120.278988,22.649897]]]}},{"type":"Feature","id":"A6402-0448-00","properties":{"code":"A6402-0448-00","district":"鼓山區","area_m2":4062.8,"centroid":[120.279699,22.649388],"population":154,"households":52,"male":83,"female":71,"ages":[12,37,66,39],"density_km2":37905},"geometry":{"type":"Polygon","coordinates":[[[120.279513,22.649895],[120.279874,22.649893],[120.279879,22.648875],[120.279539,22.648875],[120.279513,22.649895]]]}},{"type":"Feature","id":"A6402-0449-00","properties":{"code":"A6402-0449-00","district":"鼓山區","area_m2":4234.3,"centroid":[120.28006,22.649384],"population":167,"households":68,"male":82,"female":85,"ages":[12,48,69,38],"density_km2":39440},"geometry":{"type":"Polygon","coordinates":[[[120.279874,22.649893],[120.280237,22.649895],[120.280246,22.648876],[120.279879,22.648875],[120.279874,22.649893]]]}},{"type":"Feature","id":"A6402-0450-00","properties":{"code":"A6402-0450-00","district":"鼓山區","area_m2":3964.7,"centroid":[120.280413,22.649387],"population":182,"households":79,"male":89,"female":93,"ages":[19,35,60,68],"density_km2":45906},"geometry":{"type":"Polygon","coordinates":[[[120.280237,22.649895],[120.280582,22.649891],[120.280589,22.648884],[120.280344,22.648878],[120.280246,22.648876],[120.280237,22.649895]]]}},{"type":"Feature","id":"A6402-0455-00","properties":{"code":"A6402-0455-00","district":"鼓山區","area_m2":47612.0,"centroid":[120.283341,22.6491],"population":1567,"households":661,"male":732,"female":835,"ages":[536,324,583,124],"density_km2":32912},"geometry":{"type":"Polygon","coordinates":[[[120.281442,22.649897],[120.28172,22.649882],[120.283761,22.649768],[120.28456,22.649712],[120.284986,22.649355],[120.28535,22.649051],[120.285309,22.649011],[120.284456,22.64821],[120.284363,22.648123],[120.284006,22.648397],[120.283592,22.648714],[120.283484,22.648732],[120.281676,22.648824],[120.281381,22.648842],[120.281383,22.648878],[120.281442,22.649887],[120.281442,22.649897]]]}},{"type":"Feature","id":"A6402-0451-00","properties":{"code":"A6402-0451-00","district":"鼓山區","area_m2":9489.1,"centroid":[120.281007,22.649388],"population":142,"households":60,"male":70,"female":72,"ages":[11,37,50,44],"density_km2":14965},"geometry":{"type":"Polygon","coordinates":[[[120.280582,22.649891],[120.281131,22.649888],[120.281442,22.649887],[120.281383,22.648878],[120.280589,22.648884],[120.280582,22.649891]]]}},{"type":"Feature","id":"A6405-0551-00","properties":{"code":"A6405-0551-00","district":"三民區","area_m2":4438.4,"centroid":[120.298368,22.649747],"population":111,"households":44,"male":52,"female":59,"ages":[15,24,42,30],"density_km2":25009},"geometry":{"type":"Polygon","coordinates":[[[120.297805,22.649964],[120.298964,22.649858],[120.298947,22.649533],[120.297774,22.649625],[120.297805,22.649964]]]}},{"type":"Feature","id":"A6405-0550-00","properties":{"code":"A6405-0550-00","district":"三民區","area_m2":4159.9,"centroid":[120.306193,22.649798],"population":131,"households":56,"male":64,"female":67,"ages":[15,37,46,33],"density_km2":31491},"geometry":{"type":"Polygon","coordinates":[[[120.30565,22.649998],[120.30676,22.649926],[120.306739,22.649598],[120.305623,22.649673],[120.30565,22.649998]]]}},{"type":"Feature","id":"A6402-0445-00","properties":{"code":"A6402-0445-00","district":"鼓山區","area_m2":8325.8,"centroid":[120.274296,22.64948],"population":219,"households":94,"male":109,"female":110,"ages":[25,44,97,53],"density_km2":26304},"geometry":{"type":"Polygon","coordinates":[[[120.27341,22.649517],[120.27508,22.64986],[120.275182,22.649442],[120.273504,22.649101],[120.27341,22.649517]]]}},{"type":"Feature","id":"A6402-0454-00","properties":{"code":"A6402-0454-00","district":"鼓山區","area_m2":8243.4,"centroid":[120.277087,22.649108],"population":147,"households":54,"male":74,"female":73,"ages":[18,37,61,31],"density_km2":17832},"geometry":{"type":"Polygon","coordinates":[[[120.276699,22.649714],[120.277193,22.649807],[120.277299,22.649389],[120.277397,22.648984],[120.277504,22.648541],[120.277483,22.648531],[120.27695,22.648409],[120.276799,22.649125],[120.276677,22.649703],[120.276699,22.649714]]]}},{"type":"Feature","id":"A6405-0554-00","properties":{"code":"A6405-0554-00","district":"三民區","area_m2":4383.4,"centroid":[120.307326,22.649724],"population":140,"households":72,"male":65,"female":75,"ages":[17,33,52,38],"density_km2":31938},"geometry":{"type":"Polygon","coordinates":[[[120.30676,22.649926],[120.307908,22.649858],[120.307894,22.64952],[120.306739,22.649598],[120.30676,22.649926]]]}},{"type":"Feature","id":"A6405-0697-00","properties":{"code":"A6405-0697-00","district":"三民區","area_m2":114178.4,"centroid":[120.310122,22.647204],"population":0,"households":0,"male":0,"female":0,"ages":[0,0,0,0],"density_km2":0},"geometry":{"type":"Polygon","coordinates":[[[120.309207,22.649936],[120.310369,22.649064],[120.311505,22.648212],[120.311385,22.64705],[120.311359,22.646897],[120.311292,22.646337],[120.311237,22.645684],[120.311143,22.644921],[120.311131,22.644817],[120.31112,22.644818],[120.310346,22.64489],[120.310326,22.644885],[120.309974,22.644895],[120.309585,22.64492],[120.30955,22.644915],[120.308803,22.644976],[120.308987,22.647231],[120.309041,22.647903],[120.309088,22.648478],[120.309114,22.648797],[120.30914,22.649118],[120.309194,22.649778],[120.309207,22.649936]]]}},{"type":"Feature","id":"A6402-0446-00","properties":{"code":"A6402-0446-00","district":"鼓山區","area_m2":5124.0,"centroid":[120.278442,22.649431],"population":224,"households":98,"male":108,"female":116,"ages":[25,46,75,78],"density_km2":43716},"geometry":{"type":"Polygon","coordinates":[[[120.277867,22.649509],[120.278946,22.649736],[120.278986,22.649773],[120.278984,22.649721],[120.278976,22.649313],[120.277973,22.649104],[120.27796,22.649165],[120.277972,22.649204],[120.277867,22.649509]]]}},{"type":"Feature","id":"A6405-0557-00","properties":{"code":"A6405-0557-00","district":"三民區","area_m2":4391.6,"centroid":[120.299552,22.649649],"population":152,"households":59,"male":66,"female":86,"ages":[12,35,58,47],"density_km2":34611},"geometry":{"type":"Polygon","coordinates":[[[120.298964,22.649858],[120.300143,22.649761],[120.300161,22.64976],[120.300135,22.649441],[120.30012,22.649442],[120.298947,22.649533],[120.298964,22.649858]]]}},{"type":"Feature","id":"A6405-0791-00","properties":{"code":"A6405-0791-00","district":"三民區","area_m2":5107.7,"centroid":[120.298067,22.646033],"population":60,"households":23,"male":34,"female":26,"ages":[11,14,15,20],"density_km2":11747},"geometry":{"type":"Polygon","coordinates":[[[120.297502,22.646261],[120.298656,22.646192],[120.298635,22.645817],[120.298634,22.645805],[120.298614,22.645807],[120.297495,22.645872],[120.297477,22.645873],[120.297477,22.645885],[120.297502,22.646261]]]}},{"type":"Feature","id":"A6405-0805-00","properties":{"code":"A6405-0805-00","district":"三民區","area_m2":3289.5,"centroid":[120.311925,22.645961],"population":73,"households":36,"male":36,"female":37,"ages":[12,17,26,18],"density_km2":22192},"geometry":{"type":"Polygon","coordinates":[[[120.311738,22.646311],[120.31216,22.646283],[120.312124,22.645613],[120.311686,22.645642],[120.311738,22.646311]]]}},{"type":"Feature","id":"A6405-0832-00","properties":{"code":"A6405-0832-00","district":"三民區","area_m2":21306.7,"centroid":[120.29365,22.645427],"population":367,"households":154,"male":164,"female":203,"ages":[42,89,153,83],"density_km2":17225},"geometry":{"type":"Polygon","coordinates":[[[120.293068,22.646204],[120.294179,22.646111],[120.294201,22.646109],[120.294341,22.646096],[120.294361,22.646094],[120.294305,22.645597],[120.29428,22.645339],[120.294214,22.644657],[120.292949,22.644727],[120.293068,22.646204]]]}},{"type":"Feature","id":"A6405-0806-00","properties":{"code":"A6405-0806-00","district":"三民區","area_m2":2847.4,"centroid":[120.312329,22.645943],"population":62,"households":28,"male":33,"female":29,"ages":[10,13,22,17],"density_km2":21774},"geometry":{"type":"Polygon","coordinates":[[[120.31216,22.646283],[120.312533,22.646272],[120.312498,22.645603],[120.312124,22.645613],[120.31216,22.646283]]]}},{"type":"Feature","id":"A6405-0798-00","properties":{"code":"A6405-0798-00","district":"三民區","area_m2":4335.3,"centroid":[120.317493,22.646031],"population":448,"households":178,"male":192,"female":256,"ages":[73,132,182,61],"density_km2":103338},"geometry":{"type":"Polygon","coordinates":[[[120.317111,22.646299],[120.317819,22.646305],[120.317821,22.64628],[120.31787,22.645759],[120.317176,22.645756],[120.317133,22.646147],[120.317111,22.646299]]]}},{"type":"Feature","id":"A6405-0818-00","properties":{"code":"A6405-0818-00","district":"三民區","area_m2":3644.6,"centroid":[120.318022,22.645779],"population":140,"households":83,"male":53,"female":87,"ages":[22,31,64,23],"density_km2":38413},"geometry":{"type":"Polygon","coordinates":[[[120.317821,22.64628],[120.318135,22.646306],[120.318216,22.645436],[120.318186,22.645434],[120.318204,22.645241],[120.317913,22.645288],[120.31787,22.645759],[120.317821,22.64628]]]}},{"type":"Feature","id":"A6405-0799-00","properties":{"code":"A6405-0799-00","district":"三民區","area_m2":5073.9,"centroid":[120.316703,22.646035],"population":547,"households":252,"male":255,"female":292,"ages":[79,149,230,89],"density_km2":107807},"geometry":{"type":"Polygon","coordinates":[[[120.316187,22.646292],[120.317111,22.646299],[120.317133,22.646147],[120.317176,22.645756],[120.316644,22.645754],[120.316277,22.645967],[120.316187,22.646292]]]}},{"type":"Feature","id":"A6405-0822-00","properties":{"code":"A6405-0822-00","district":"三民區","area_m2":8289.8,"centroid":[120.316443,22.645722],"population":145,"households":47,"male":75,"female":70,"ages":[21,29,53,42],"density_km2":17491},"geometry":{"type":"Polygon","coordinates":[[[120.31618,22.646292],[120.316187,22.646292],[120.316277,22.645967],[120.316644,22.645754],[120.317176,22.645756],[120.317215,22.6454],[120.316517,22.645216],[120.316504,22.645227],[120.315693,22.645939],[120.315661,22.64596],[120.315817,22.646097],[120.315975,22.646208],[120.31618,22.646292]]]}},{"type":"Feature","id":"A6405-0808-00","properties":{"code":"A6405-0808-00","district":"三民區","area_m2":3130.1,"centroid":[120.31272,22.645923],"population":76,"households":30,"male":39,"female":37,"ages":[7,22,25,22],"density_km2":24281},"geometry":{"type":"Polygon","coordinates":[[[120.312533,22.646272],[120.312945,22.64625],[120.312897,22.645569],[120.312498,22.645603],[120.312533,22.646272]]]}},{"type":"Feature","id":"A6405-0796-00","properties":{"code":"A6405-0796-00","district":"三民區","area_m2":5222.5,"centroid":[120.299227,22.645958],"population":314,"households":120,"male":156,"female":158,"ages":[40,66,125,83],"density_km2":60124},"geometry":{"type":"Polygon","coordinates":[[[120.298656,22.646192],[120.299815,22.646123],[120.299794,22.645732],[120.299792,22.64572],[120.299772,22.645722],[120.298634,22.645805],[120.298635,22.645817],[120.298656,22.646192]]]}},{"type":"Feature","id":"A6405-0809-00","properties":{"code":"A6405-0809-00","district":"三民區","area_m2":3474.0,"centroid":[120.313143,22.645896],"population":58,"households":23,"male":32,"female":26,"ages":[9,8,27,14],"density_km2":16696},"geometry":{"type":"Polygon","coordinates":[[[120.312945,22.64625],[120.313383,22.646216],[120.31336,22.645547],[120.312897,22.645569],[120.312945,22.64625]]]}},{"type":"Feature","id":"A6405-0811-00","properties":{"code":"A6405-0811-00","district":"三民區","area_m2":2919.3,"centroid":[120.313567,22.645874],"population":98,"households":48,"male":51,"female":47,"ages":[13,19,34,32],"density_km2":33570},"geometry":{"type":"Polygon","coordinates":[[[120.313383,22.646216],[120.313782,22.646194],[120.313728,22.645529],[120.31336,22.645547],[120.313383,22.646216]]]}},{"type":"Feature","id":"A6405-1117-00","properties":{"code":"A6405-1117-00","district":"三民區","area_m2":27265.5,"centroid":[120.290531,22.641579],"population":45,"households":19,"male":22,"female":23,"ages":[5,14,17,9],"density_km2":1650},"geometry":{"type":"Polygon","coordinates":[[[120.29012,22.642538],[120.291538,22.642059],[120.291599,22.641564],[120.291639,22.641248],[120.290847,22.641052],[120.28937,22.640598],[120.289455,22.640661],[120.289493,22.640714],[120.29012,22.642538]]]}},{"type":"Feature","id":"A6405-1057-00","properties":{"code":"A6405-1057-00","district":"三民區","area_m2":4060.4,"centroid":[120.305586,22.642351],"population":76,"households":35,"male":39,"female":37,"ages":[9,15,29,23],"density_km2":18718},"geometry":{"type":"Polygon","coordinates":[[[120.304993,22.642543],[120.306199,22.642457],[120.30617,22.642158],[120.304973,22.642252],[120.304993,22.642543]]]}},{"type":"Feature","id":"A6405-1067-00","properties":{"code":"A6405-1067-00","district":"三民區","area_m2":8613.7,"centroid":[120.318506,22.642253],"population":383,"households":160,"male":169,"female":214,"ages":[64,91,149,79],"density_km2":44464},"geometry":{"type":"Polygon","coordinates":[[[120.317905,22.642596],[120.318795,22.642532],[120.319157,22.642506],[120.319117,22.641912],[120.318658,22.641941],[120.317855,22.641992],[120.317905,22.642596]]]}},{"type":"Feature","id":"A6405-1059-00","properties":{"code":"A6405-1059-00","district":"三民區","area_m2":4425.9,"centroid":[120.301279,22.642318],"population":111,"households":44,"male":49,"female":62,"ages":[18,17,42,34],"density_km2":25080},"geometry":{"type":"Polygon","coordinates":[[[120.300699,22.642517],[120.30083,22.64251],[120.301885,22.642444],[120.301855,22.64212],[120.300677,22.642187],[120.300699,22.642517]]]}},{"type":"Feature","id":"A6405-1064-00","properties":{"code":"A6405-1064-00","district":"三民區","area_m2":4555.7,"centroid":[120.3108,22.642284],"population":93,"households":41,"male":46,"female":47,"ages":[8,23,36,26],"density_km2":20414},"geometry":{"type":"Polygon","coordinates":[[[120.310153,22.642482],[120.311386,22.642396],[120.311469,22.64239],[120.311446,22.642119],[120.311445,22.642086],[120.310131,22.642179],[120.310134,22.642219],[120.310153,22.642482]]]}},{"type":"Feature","id":"A6405-1081-00","properties":{"code":"A6405-1081-00","district":"三民區","area_m2":9915.7,"centroid":[120.297753,22.642004],"population":147,"households":74,"male":77,"female":70,"ages":[12,26,57,52],"density_km2":14825},"geometry":{"type":"Polygon","coordinates":[[[120.297215,22.642422],[120.298351,22.642348],[120.298325,22.641989],[120.298297,22.641598],[120.298296,22.641587],[120.298275,22.641589],[120.297154,22.641661],[120.297215,22.642422]]]}},{"type":"Feature","id":"A6405-1065-00","properties":{"code":"A6405-1065-00","district":"三民區","area_m2":3921.7,"centroid":[120.306745,22.642263],"population":85,"households":35,"male":41,"female":44,"ages":[12,20,27,26],"density_km2":21674},"geometry":{"type":"Polygon","coordinates":[[[120.306199,22.642457],[120.307318,22.642378],[120.307311,22.642307],[120.307288,22.642066],[120.30617,22.642158],[120.306199,22.642457]]]}},{"type":"Feature","id":"A6405-1071-00","properties":{"code":"A6405-1071-00","district":"三民區","area_m2":4718.8,"centroid":[120.298912,22.642134],"population":98,"households":42,"male":43,"female":55,"ages":[12,21,41,24],"density_km2":20768},"geometry":{"type":"Polygon","coordinates":[[[120.298351,22.642348],[120.2995,22.642281],[120.299463,22.641919],[120.298325,22.641989],[120.298351,22.642348]]]}},{"type":"Feature","id":"A6405-1070-00","properties":{"code":"A6405-1070-00","district":"三民區","area_m2":4236.3,"centroid":[120.307915,22.642188],"population":114,"households":51,"male":59,"female":55,"ages":[10,29,46,29],"density_km2":26910},"geometry":{"type":"Polygon","coordinates":[[[120.307318,22.642378],[120.308553,22.642291],[120.308517,22.642003],[120.307308,22.642065],[120.307288,22.642066],[120.307311,22.642307],[120.307318,22.642378]]]}},{"type":"Feature","id":"A6405-1068-00","properties":{"code":"A6405-1068-00","district":"三民區","area_m2":3504.2,"centroid":[120.312024,22.642215],"population":104,"households":44,"male":44,"female":60,"ages":[7,29,35,33],"density_km2":29679},"geometry":{"type":"Polygon","coordinates":[[[120.311469,22.64239],[120.312605,22.64231],[120.312567,22.64204],[120.311446,22.642119],[120.311469,22.64239]]]}},{"type":"Feature","id":"A6405-1073-00","properties":{"code":"A6405-1073-00","district":"三民區","area_m2":4549.8,"centroid":[120.304387,22.642124],"population":100,"households":50,"male":50,"female":50,"ages":[14,17,36,33],"density_km2":21979},"geometry":{"type":"Polygon","coordinates":[[[120.30383,22.642342],[120.304973,22.642252],[120.30495,22.641908],[120.303801,22.641993],[120.30383,22.642342]]]}},{"type":"Feature","id":"A6405-1336-00","properties":{"code":"A6405-1336-00","district":"三民區","area_m2":5700.0,"centroid":[120.286959,22.63858],"population":150,"households":66,"male":81,"female":69,"ages":[7,35,63,45],"density_km2":26316},"geometry":{"type":"Polygon","coordinates":[[[120.287031,22.639055],[120.287076,22.63907],[120.28737,22.638312],[120.28733,22.638299],[120.287308,22.638289],[120.286734,22.638099],[120.286646,22.638325],[120.286594,22.638918],[120.287031,22.639055]]]}},{"type":"Feature","id":"A6402-0495-00","properties":{"code":"A6402-0495-00","district":"鼓山區","area_m2":7105.8,"centroid":[120.282664,22.63867],"population":184,"households":82,"male":90,"female":94,"ages":[21,29,79,55],"density_km2":25894},"geometry":{"type":"Polygon","coordinates":[[[120.281863,22.638862],[120.282182,22.63896],[120.282453,22.639042],[120.282554,22.63872],[120.283467,22.638817],[120.283508,22.638496],[120.282337,22.63836],[120.282197,22.638342],[120.282163,22.63839],[120.281981,22.638707],[120.281863,22.638862]]]}},{"type":"Feature","id":"A6402-0523-00","properties":{"code":"A6402-0523-00","district":"鼓山區","area_m2":670638.0,"centroid":[120.270306,22.634581],"population":10,"households":5,"male":5,"female":5,"ages":[1,1,5,3],"density_km2":15},"geometry":{"type":"Polygon","coordinates":[[[120.265625,22.638796],[120.268432,22.63885],[120.268642,22.638859],[120.269504,22.638902],[120.269537,22.638904],[120.269698,22.638912],[120.269858,22.638906],[120.269979,22.638865],[120.270008,22.638857],[120.270124,22.638816],[120.270153,22.638808],[120.270464,22.638703],[120.27107,22.638462],[120.271846,22.638416],[120.272645,22.638399],[120.272912,22.637188],[120.273047,22.636563],[120.27303,22.636082],[120.273011,22.635897],[120.272227,22.634963],[120.272134,22.634922],[120.272031,22.63447],[120.271972,22.634282],[120.272382,22.633817],[120.272429,22.63377],[120.272464,22.633734],[120.272799,22.633392],[120.273364,22.633063],[120.273483,22.633034],[120.273673,22.632886],[120.273827,22.633035],[120.273856,22.633065],[120.274201,22.633398],[120.274554,22.633743],[120.274591,22.633779],[120.27507,22.633745],[120.275155,22.633737],[120.275232,22.633692],[120.275258,22.63366],[120.275307,22.633588],[120.275341,22.633566],[120.275654,22.633096],[120.275715,22.633044],[120.275892,22.632896],[120.276336,22.632428],[120.276407,22.632352],[120.276497,22.632169],[120.276375,22.631338],[120.276187,22.631174],[120.275917,22.631069],[120.275775,22.630935],[120.275535,22.630855],[120.27534,22.630778],[120.275036,22.630657],[120.274589,22.630348],[120.27452,22.630271],[120.274458,22.630171],[120.274234,22.629949],[120.274163,22.629811],[120.27409,22.629944],[120.273971,22.630129],[120.273722,22.63043],[120.273557,22.630591],[120.273386,22.630685],[120.273174,22.63076],[120.272822,22.63085],[120.272532,22.630906],[120.27246,22.630928],[120.272009,22.630942],[120.271917,22.630951],[120.271684,22.631089],[120.271606,22.631092],[120.271514,22.631076],[120.271054,22.630899],[120.271012,22.630745],[120.271,22.630689],[120.270562,22.630957],[120.270309,22.631121],[120.270097,22.631183],[120.26948,22.631347],[120.26893,22.631564],[120.268696,22.631651],[120.268413,22.6319],[120.268284,22.632007],[120.266974,22.633098],[120.266385,22.633589],[120.265871,22.634212],[120.265899,22.634846],[120.26589,22.635524],[120.26587,22.635628],[120.265822,22.635889],[120.265699,22.636207],[120.265352,22.636731],[120.265154,22.636945],[120.264957,22.637235],[120.264811,22.63749],[120.264688,22.637794],[120.264598,22.63808],[120.264545,22.638371],[120.264451,22.638782],[120.264498,22.638791],[120.264679,22.638832],[120.264723,22.638842],[120.264904,22.638881],[120.265402,22.638845],[120.265444,22.638836],[120.265614,22.638796],[120.265625,22.638796]]]}},{"type":"Feature","id":"A6402-0499-00","properties":{"code":"A6402-0499-00","district":"鼓山區","area_m2":10574.7,"centroid":[120.279982,22.638106],"population":305,"households":139,"male":158,"female":147,"ages":[26,65,123,91],"density_km2":28842},"geometry":{"type":"Polygon","coordinates":[[[120.279912,22.638939],[120.279981,22.638758],[120.279989,22.638735],[120.280225,22.638233],[120.280424,22.637811],[120.280585,22.637418],[120.280592,22.637402],[120.280151,22.637304],[120.280065,22.637345],[120.27998,22.637376],[120.279377,22.63874],[120.279912,22.638939]]]}},{"type":"Feature","id":"A6405-1328-00","properties":{"code":"A6405-1328-00","district":"三民區","area_m2":5074.3,"centroid":[120.318042,22.638803],"population":203,"households":75,"male":102,"female":101,"ages":[38,51,73,41],"density_km2":40006},"geometry":{"type":"Polygon","coordinates":[[[120.317603,22.639094],[120.318371,22.639021],[120.318485,22.639009],[120.318523,22.639005],[120.318462,22.638501],[120.317719,22.638613],[120.317558,22.638629],[120.317603,22.639094]]]}},{"type":"Feature","id":"A6405-1339-00","properties":{"code":"A6405-1339-00","district":"三民區","area_m2":6606.6,"centroid":[120.289504,22.638487],"population":250,"households":98,"male":121,"female":129,"ages":[29,52,88,81],"density_km2":37841},"geometry":{"type":"Polygon","coordinates":[[[120.288852,22.638799],[120.289356,22.638969],[120.289348,22.638381],[120.29013,22.638628],[120.290252,22.638284],[120.289627,22.638162],[120.289027,22.638081],[120.289,22.638429],[120.288852,22.638799]]]}},{"type":"Feature","id":"A6402-0493-00","properties":{"code":"A6402-0493-00","district":"鼓山區","area_m2":3815.5,"centroid":[120.284003,22.638717],"population":29,"households":14,"male":16,"female":13,"ages":[1,4,12,12],"density_km2":7601},"geometry":{"type":"Polygon","coordinates":[[[120.284461,22.638884],[120.284527,22.638716],[120.284551,22.638617],[120.283992,22.638552],[120.283508,22.638496],[120.283467,22.638817],[120.283907,22.638872],[120.284439,22.63894],[120.284461,22.638884]]]}},{"type":"Feature","id":"A6405-1361-00","properties":{"code":"A6405-1361-00","district":"三民區","area_m2":19018.6,"centroid":[120.285682,22.638163],"population":462,"households":216,"male":226,"female":236,"ages":[88,117,205,52],"density_km2":24292},"geometry":{"type":"Polygon","coordinates":[[[120.286551,22.638904],[120.286594,22.638918],[120.286646,22.638325],[120.286734,22.638099],[120.286579,22.638048],[120.286269,22.637946],[120.28625,22.637932],[120.28477,22.637408],[120.284714,22.637806],[120.284675,22.638068],[120.284641,22.638215],[120.285143,22.638406],[120.285352,22.638486],[120.286551,22.638904]]]}},{"type":"Feature","id":"A6406-0024-00","properties":{"code":"A6406-0024-00","district":"新興區","area_m2":5235.3,"centroid":[120.307053,22.635496],"population":91,"households":44,"male":48,"female":43,"ages":[11,19,36,25],"density_km2":17382},"geometry":{"type":"Polygon","coordinates":[[[120.306411,22.635719],[120.307715,22.635625],[120.307686,22.635272],[120.306393,22.635367],[120.306411,22.635719]]]}},{"type":"Feature","id":"A6406-0035-00","properties":{"code":"A6406-0035-00","district":"新興區","area_m2":4500.0,"centroid":[120.315107,22.635229],"population":163,"households":67,"male":84,"female":79,"ages":[32,25,68,38],"density_km2":36222},"geometry":{"type":"Polygon","coordinates":[[[120.3155,22.635353],[120.315441,22.635243],[120.315191,22.634772],[120.314712,22.634997],[120.31505,22.635711],[120.3155,22.635353]]]}},{"type":"Feature","id":"A6402-0521-00","properties":{"code":"A6402-0521-00","district":"鼓山區","area_m2":15550.0,"centroid":[120.284331,22.634862],"population":59,"households":37,"male":29,"female":30,"ages":[5,11,20,23],"density_km2":3794},"geometry":{"type":"Polygon","coordinates":[[[120.283636,22.635376],[120.284164,22.635425],[120.28449,22.63548],[120.284978,22.635562],[120.285007,22.635244],[120.28505,22.634765],[120.284921,22.634708],[120.28479,22.634649],[120.28466,22.634583],[120.28453,22.63451],[120.284347,22.634394],[120.284175,22.634276],[120.284013,22.634142],[120.283885,22.634031],[120.283874,22.634042],[120.283822,22.634193],[120.283786,22.634425],[120.283636,22.635376]]]}},{"type":"Feature","id":"A6406-0044-00","properties":{"code":"A6406-0044-00","district":"新興區","area_m2":14489.7,"centroid":[120.308075,22.63487],"population":79,"households":35,"male":37,"female":42,"ages":[7,12,26,34],"density_km2":5452},"geometry":{"type":"Polygon","coordinates":[[[120.307715,22.635625],[120.308022,22.635634],[120.308065,22.635636],[120.308533,22.635593],[120.308562,22.635591],[120.308443,22.634097],[120.308391,22.634109],[120.30837,22.634104],[120.308327,22.634107],[120.307909,22.634141],[120.307581,22.634167],[120.307586,22.634225],[120.307625,22.634609],[120.30766,22.634957],[120.307686,22.635272],[120.307715,22.635625]]]}},{"type":"Feature","id":"A6406-0029-00","properties":{"code":"A6406-0029-00","district":"新興區","area_m2":6358.4,"centroid":[120.30413,22.635362],"population":126,"households":51,"male":65,"female":61,"ages":[17,37,45,27],"density_km2":19816},"geometry":{"type":"Polygon","coordinates":[[[120.303273,22.635582],[120.305,22.635471],[120.304994,22.635393],[120.30497,22.635137],[120.303252,22.635272],[120.303273,22.635582]]]}},{"type":"Feature","id":"A6406-0047-00","properties":{"code":"A6406-0047-00","district":"新興區","area_m2":7468.1,"centroid":[120.308722,22.634828],"population":411,"households":179,"male":188,"female":223,"ages":[81,86,158,86],"density_km2":55034},"geometry":{"type":"Polygon","coordinates":[[[120.308562,22.635591],[120.3089,22.63557],[120.309006,22.635563],[120.308868,22.634057],[120.308791,22.634064],[120.308751,22.634068],[120.308733,22.63407],[120.308443,22.634097],[120.308562,22.635591]]]}},{"type":"Feature","id":"A6406-0048-00","properties":{"code":"A6406-0048-00","district":"新興區","area_m2":6246.3,"centroid":[120.309113,22.634786],"population":349,"households":141,"male":165,"female":184,"ages":[62,69,118,100],"density_km2":55873},"geometry":{"type":"Polygon","coordinates":[[[120.309006,22.635563],[120.30935,22.635542],[120.309316,22.635113],[120.309295,22.634855],[120.309281,22.634523],[120.309262,22.634086],[120.309256,22.634022],[120.309237,22.634023],[120.309185,22.634028],[120.308868,22.634057],[120.309006,22.635563]]]}},{"type":"Feature","id":"A6405-1511-00","properties":{"code":"A6405-1511-00","district":"三民區","area_m2":9999.9,"centroid":[120.290597,22.634976],"population":329,"households":156,"male":154,"female":175,"ages":[36,71,126,96],"density_km2":32900},"geometry":{"type":"Polygon","coordinates":[[[120.29135,22.63548],[120.291536,22.635017],[120.289834,22.634473],[120.289658,22.634928],[120.29135,22.63548]]]}},{"type":"Feature","id":"A6405-1508-00","properties":{"code":"A6405-1508-00","district":"三民區","area_m2":5591.3,"centroid":[120.288183,22.635091],"population":282,"households":129,"male":125,"female":157,"ages":[31,59,121,71],"density_km2":50435},"geometry":{"type":"Polygon","coordinates":[[[120.287544,22.635103],[120.288685,22.635468],[120.288826,22.63509],[120.287685,22.634711],[120.287544,22.635103]]]}},{"type":"Feature","id":"A6406-0033-00","properties":{"code":"A6406-0033-00","district":"新興區","area_m2":6338.0,"centroid":[120.309992,22.635284],"population":116,"households":36,"male":55,"female":61,"ages":[27,15,44,30],"density_km2":18302},"geometry":{"type":"Polygon","coordinates":[[[120.30935,22.635542],[120.310674,22.635439],[120.310642,22.635032],[120.309316,22.635113],[120.30935,22.635542]]]}},{"type":"Feature","id":"A6406-0041-00","properties":{"code":"A6406-0041-00","district":"新興區","area_m2":15042.8,"centroid":[120.29968,22.634913],"population":143,"households":72,"male":80,"female":63,"ages":[8,26,60,49],"density_km2":9506},"geometry":{"type":"Polygon","coordinates":[[[120.298807,22.635072],[120.300069,22.635484],[120.300535,22.635454],[120.30048,22.634751],[120.30046,22.634753],[120.299081,22.634295],[120.298944,22.634648],[120.298785,22.635062],[120.298807,22.635072]]]}},{"type":"Feature","id":"A6406-0039-00","properties":{"code":"A6406-0039-00","district":"新興區","area_m2":12241.9,"centroid":[120.314306,22.634906],"population":282,"households":121,"male":155,"female":127,"ages":[51,52,102,77],"density_km2":23036},"geometry":{"type":"Polygon","coordinates":[[[120.313614,22.635511],[120.313816,22.635416],[120.314273,22.635202],[120.314712,22.634997],[120.315191,22.634772],[120.315193,22.63442],[120.313576,22.634551],[120.313525,22.634554],[120.313594,22.635201],[120.3136,22.635257],[120.313614,22.635511]]]}},{"type":"Feature","id":"A6406-0034-00","properties":{"code":"A6406-0034-00","district":"新興區","area_m2":5283.9,"centroid":[120.305681,22.635255],"population":166,"households":97,"male":78,"female":88,"ages":[23,44,66,33],"density_km2":31416},"geometry":{"type":"Polygon","coordinates":[[[120.305,22.635471],[120.305022,22.635469],[120.306393,22.635367],[120.306375,22.635041],[120.304994,22.635135],[120.30497,22.635137],[120.304994,22.635393],[120.305,22.635471]]]}},{"type":"Feature","id":"A6406-0129-00","properties":{"code":"A6406-0129-00","district":"新興區","area_m2":16029.6,"centroid":[120.301041,22.631452],"population":68,"households":30,"male":36,"female":32,"ages":[6,19,17,26],"density_km2":4242},"geometry":{"type":"Polygon","coordinates":[[[120.300121,22.631663],[120.300996,22.631962],[120.301196,22.632003],[120.301348,22.631991],[120.301521,22.63196],[120.301663,22.631905],[120.301948,22.631795],[120.301901,22.631294],[120.301459,22.631132],[120.301044,22.630997],[120.30073,22.630955],[120.300442,22.63085],[120.300423,22.630909],[120.300121,22.631663]]]}},{"type":"Feature","id":"A6406-0118-00","properties":{"code":"A6406-0118-00","district":"新興區","area_m2":3559.8,"centroid":[120.306769,22.63182],"population":74,"households":45,"male":34,"female":40,"ages":[6,19,27,22],"density_km2":20788},"geometry":{"type":"Polygon","coordinates":[[[120.306138,22.631988],[120.307422,22.631894],[120.307402,22.631653],[120.306114,22.631746],[120.306138,22.631988]]]}},{"type":"Feature","id":"A6407-0041-00","properties":{"code":"A6407-0041-00","district":"前金區","area_m2":5645.3,"centroid":[120.298095,22.631542],"population":123,"households":72,"male":59,"female":64,"ages":[7,27,49,40],"density_km2":21788},"geometry":{"type":"Polygon","coordinates":[[[120.298665,22.631918],[120.298791,22.631577],[120.29754,22.631162],[120.297404,22.631526],[120.298665,22.631918]]]}},{"type":"Feature","id":"A6406-0136-00","properties":{"code":"A6406-0136-00","district":"新興區","area_m2":14412.3,"centroid":[120.317403,22.630962],"population":174,"households":90,"male":79,"female":95,"ages":[31,34,66,43],"density_km2":12073},"geometry":{"type":"Polygon","coordinates":[[[120.316995,22.631971],[120.31725,22.631952],[120.317261,22.631926],[120.31727,22.631902],[120.317273,22.631891],[120.317527,22.631204],[120.31754,22.631166],[120.317649,22.631211],[120.31807,22.630117],[120.317981,22.630123],[120.317737,22.630156],[120.317396,22.630214],[120.316861,22.630293],[120.316867,22.630354],[120.316869,22.630388],[120.31691,22.630866],[120.31694,22.631222],[120.316962,22.631525],[120.316995,22.631971]]]}},{"type":"Feature","id":"A6407-0048-00","properties":{"code":"A6407-0048-00","district":"前金區","area_m2":18817.3,"centroid":[120.293728,22.631023],"population":168,"households":96,"male":82,"female":86,"ages":[12,43,58,55],"density_km2":8928},"geometry":{"type":"Polygon","coordinates":[[[120.292939,22.631488],[120.294036,22.63185],[120.294283,22.63125],[120.294549,22.630574],[120.293413,22.630208],[120.293391,22.630197],[120.293288,22.63046],[120.293249,22.630557],[120.293125,22.630874],[120.293055,22.631079],[120.292918,22.631477],[120.292939,22.631488]]]}},{"type":"Feature","id":"A6402-0533-00","properties":{"code":"A6402-0533-00","district":"鼓山區","area_m2":3210.6,"centroid":[120.280207,22.631418],"population":206,"households":90,"male":102,"female":104,"ages":[13,56,85,52],"density_km2":64162},"geometry":{"type":"Polygon","coordinates":[[[120.280171,22.631787],[120.280506,22.631649],[120.280571,22.631612],[120.280214,22.631034],[120.279847,22.631264],[120.280171,22.631787]]]}},{"type":"Feature","id":"A6406-0122-00","properties":{"code":"A6406-0122-00","district":"新興區","area_m2":6294.3,"centroid":[120.312506,22.631702],"population":252,"households":117,"male":105,"female":147,"ages":[52,43,105,52],"density_km2":40036},"geometry":{"type":"Polygon","coordinates":[[[120.311685,22.631905],[120.313335,22.631844],[120.313332,22.631803],[120.31333,22.631772],[120.313313,22.631487],[120.311656,22.631596],[120.311685,22.631905]]]}},{"type":"Feature","id":"A6401-0013-00","properties":{"code":"A6401-0013-00","district":"鹽埕區","area_m2":25092.8,"centroid":[120.285526,22.630754],"population":175,"households":95,"male":98,"female":77,"ages":[16,34,77,48],"density_km2":6974},"geometry":{"type":"Polygon","coordinates":[[[120.285159,22.631786],[120.28537,22.631255],[120.286026,22.63146],[120.286088,22.631286],[120.286231,22.630915],[120.28634,22.630631],[120.286518,22.630214],[120.286561,22.630117],[120.286018,22.629929],[120.285766,22.62986],[120.285367,22.630049],[120.284878,22.630281],[120.284477,22.630482],[120.284484,22.630493],[120.284969,22.631462],[120.285159,22.631786]]]}},{"type":"Feature","id":"A6402-0534-00","properties":{"code":"A6402-0534-00","district":"鼓山區","area_m2":4278.8,"centroid":[120.279125,22.631349],"population":155,"households":69,"male":78,"female":77,"ages":[11,40,59,45],"density_km2":36225},"geometry":{"type":"Polygon","coordinates":[[[120.278681,22.631216],[120.278579,22.631313],[120.278618,22.631545],[120.278862,22.631745],[120.279512,22.631354],[120.279441,22.631251],[120.279732,22.631086],[120.27961,22.630929],[120.278976,22.631319],[120.278892,22.631208],[120.278746,22.631303],[120.278681,22.631216]]]}},{"type":"Feature","id":"A6406-0127-00","properties":{"code":"A6406-0127-00","district":"新興區","area_m2":11781.3,"centroid":[120.30383,22.63149],"population":178,"households":95,"male":91,"female":87,"ages":[11,51,56,60],"density_km2":15109},"geometry":{"type":"Polygon","coordinates":[[[120.302971,22.631842],[120.304735,22.631726],[120.304687,22.631133],[120.304638,22.631137],[120.302919,22.631271],[120.302927,22.631362],[120.302971,22.631842]]]}},{"type":"Feature","id":"A6407-0043-00","properties":{"code":"A6407-0043-00","district":"前金區","area_m2":6663.3,"centroid":[120.291995,22.631337],"population":173,"households":80,"male":80,"female":93,"ages":[22,42,62,47],"density_km2":25963},"geometry":{"type":"Polygon","coordinates":[[[120.292808,22.631771],[120.292918,22.631477],[120.291191,22.630902],[120.29108,22.631214],[120.292808,22.631771]]]}},{"type":"Feature","id":"A6401-0011-00","properties":{"code":"A6401-0011-00","district":"鹽埕區","area_m2":7348.6,"centroid":[120.284451,22.631091],"population":393,"households":293,"male":204,"female":189,"ages":[22,62,178,131],"density_km2":53479},"geometry":{"type":"Polygon","coordinates":[[[120.284437,22.631696],[120.284969,22.631462],[120.284484,22.630493],[120.284477,22.630482],[120.284462,22.63049],[120.28393,22.630757],[120.284437,22.631696]]]}},{"type":"Feature","id":"A6401-0040-00","properties":{"code":"A6401-0040-00","district":"鹽埕區","area_m2":4142.8,"centroid":[120.285508,22.628042],"population":283,"households":184,"male":144,"female":139,"ages":[28,63,102,90],"density_km2":68311},"geometry":{"type":"Polygon","coordinates":[[[120.285465,22.628428],[120.285746,22.628503],[120.285907,22.628131],[120.28574,22.62808],[120.285464,22.627568],[120.285112,22.627742],[120.285121,22.627759],[120.285465,22.628428]]]}},{"type":"Feature","id":"A6406-0188-00","properties":{"code":"A6406-0188-00","district":"新興區","area_m2":5741.1,"centroid":[120.305111,22.628318],"population":195,"households":91,"male":98,"female":97,"ages":[21,44,70,60],"density_km2":33966},"geometry":{"type":"Polygon","coordinates":[[[120.304426,22.628546],[120.304446,22.628544],[120.305834,22.62844],[120.305805,22.628095],[120.304416,22.628177],[120.304395,22.628179],[120.304425,22.628534],[120.304426,22.628546]]]}},{"type":"Feature","id":"A6406-0204-00","properties":{"code":"A6406-0204-00","district":"新興區","area_m2":7852.0,"centroid":[120.299754,22.627609],"population":198,"households":80,"male":102,"female":96,"ages":[20,29,87,62],"density_km2":25216},"geometry":{"type":"Polygon","coordinates":[[[120.299246,22.628425],[120.299585,22.628522],[120.300265,22.626847],[120.299884,22.626706],[120.299867,22.626751],[120.299246,22.628425]]]}},{"type":"Feature","id":"A6402-0546-00","properties":{"code":"A6402-0546-00","district":"鼓山區","area_m2":9928.2,"centroid":[120.279002,22.62773],"population":2,"households":2,"male":2,"female":0,"ages":[0,0,1,1],"density_km2":201},"geometry":{"type":"Polygon","coordinates":[[[120.278719,22.628397],[120.279332,22.628001],[120.279604,22.627826],[120.279092,22.627073],[120.279084,22.627053],[120.278777,22.62723],[120.278671,22.627337],[120.278602,22.62743],[120.278559,22.62752],[120.278522,22.627618],[120.27851,22.627692],[120.27848,22.628072],[120.278501,22.6281],[120.278719,22.628397]]]}},{"type":"Feature","id":"A6406-0193-00","properties":{"code":"A6406-0193-00","district":"新興區","area_m2":4563.8,"centroid":[120.313483,22.628176],"population":179,"households":87,"male":85,"female":94,"ages":[40,40,57,42],"density_km2":39221},"geometry":{"type":"Polygon","coordinates":[[[120.313651,22.628528],[120.3137,22.628543],[120.313723,22.628491],[120.313736,22.628462],[120.313767,22.628391],[120.313835,22.628244],[120.313841,22.628229],[120.313859,22.628191],[120.313927,22.628017],[120.31325,22.627807],[120.313042,22.628347],[120.313651,22.628528]]]}},{"type":"Feature","id":"A6406-0208-00","properties":{"code":"A6406-0208-00","district":"新興區","area_m2":37001.5,"centroid":[120.298713,22.627278],"population":0,"households":0,"male":0,"female":0,"ages":[0,0,0,0],"density_km2":0},"geometry":{"type":"Polygon","coordinates":[[[120.299226,22.628412],[120.299246,22.628425],[120.299867,22.626751],[120.299884,22.626706],[120.299854,22.626695],[120.298183,22.626145],[120.297537,22.627817],[120.298686,22.628208],[120.298708,22.628216],[120.299226,22.628412]]]}},{"type":"Feature","id":"A6406-0190-00","properties":{"code":"A6406-0190-00","district":"新興區","area_m2":5003.3,"centroid":[120.30647,22.628227],"population":131,"households":66,"male":74,"female":57,"ages":[8,23,47,53],"density_km2":26183},"geometry":{"type":"Polygon","coordinates":[[[120.305834,22.62844],[120.307121,22.628344],[120.30714,22.628342],[120.307113,22.628018],[120.307096,22.628019],[120.305805,22.628095],[120.305834,22.62844]]]}},{"type":"Feature","id":"A6406-0197-00","properties":{"code":"A6406-0197-00","district":"新興區","area_m2":13482.4,"centroid":[120.309415,22.627932],"population":196,"households":84,"male":102,"female":94,"ages":[17,41,77,61],"density_km2":14537},"geometry":{"type":"Polygon","coordinates":[[[120.308794,22.628413],[120.310084,22.628329],[120.310118,22.628327],[120.310053,22.627519],[120.30985,22.627485],[120.309678,22.627487],[120.309575,22.627478],[120.308733,22.627462],[120.308729,22.627537],[120.308794,22.628413]]]}},{"type":"Feature","id":"A6402-0563-00","properties":{"code":"A6402-0563-00","district":"鼓山區","area_m2":10237.9,"centroid":[120.275114,22.623523],"population":264,"households":125,"male":134,"female":130,"ages":[24,51,122,67],"density_km2":25787},"geometry":{"type":"Polygon","coordinates":[[[120.274539,22.624069],[120.274698,22.624052],[120.274837,22.624004],[120.275042,22.623903],[120.275272,22.623754],[120.275739,22.623408],[120.275906,22.623294],[120.276042,22.623253],[120.275644,22.623155],[120.27548,22.623134],[120.274887,22.623056],[120.274864,22.623053],[120.274347,22.623305],[120.274604,22.623683],[120.27457,22.623712],[120.274598,22.623807],[120.274593,22.623854],[120.27447,22.623887],[120.274383,22.6239],[120.274373,22.623951],[120.274431,22.623978],[120.27451,22.623979],[120.274539,22.624069]]]}},{"type":"Feature","id":"A6408-0314-00","properties":{"code":"A6408-0314-00","district":"苓雅區","area_m2":6747.7,"centroid":[120.315107,22.623468],"population":278,"households":111,"male":133,"female":145,"ages":[84,45,97,52],"density_km2":41199},"geometry":{"type":"Polygon","coordinates":[[[120.314936,22.624213],[120.315016,22.624238],[120.315566,22.622817],[120.315502,22.622796],[120.315192,22.622698],[120.314647,22.624122],[120.314853,22.624187],[120.314914,22.624206],[120.314936,22.624213]]]}},{"type":"Feature","id":"A6406-0252-00","properties":{"code":"A6406-0252-00","district":"新興區","area_m2":10411.3,"centroid":[120.309357,22.623267],"population":115,"households":59,"male":48,"female":67,"ages":[12,25,48,30],"density_km2":11046},"geometry":{"type":"Polygon","coordinates":[[[120.309201,22.624163],[120.309274,22.624187],[120.309913,22.622531],[120.309834,22.622507],[120.309812,22.6225],[120.3095,22.622395],[120.309406,22.622364],[120.30881,22.623952],[120.308875,22.623987],[120.309201,22.624163]]]}},{"type":"Feature","id":"A6407-0111-00","properties":{"code":"A6407-0111-00","district":"前金區","area_m2":9262.5,"centroid":[120.296619,22.623608],"population":400,"households":190,"male":184,"female":216,"ages":[68,94,155,83],"density_km2":43185},"geometry":{"type":"Polygon","coordinates":[[[120.295965,22.623744],[120.297039,22.624125],[120.297296,22.62346],[120.296202,22.623104],[120.296181,22.623097],[120.295943,22.623733],[120.295965,22.623744]]]}},{"type":"Feature","id":"A6407-0112-00","properties":{"code":"A6407-0112-00","district":"前金區","area_m2":12303.3,"centroid":[120.290903,22.623502],"population":135,"households":74,"male":58,"female":77,"ages":[12,31,54,38],"density_km2":10973},"geometry":{"type":"Polygon","coordinates":[[[120.291963,22.624084],[120.292113,22.62366],[120.290654,22.623189],[120.28981,22.622916],[120.289778,22.623055],[120.289742,22.623209],[120.289707,22.62336],[120.291931,22.624073],[120.291963,22.624084]]]}},{"type":"Feature","id":"A6406-0245-00","properties":{"code":"A6406-0245-00","district":"新興區","area_m2":6923.1,"centroid":[120.307388,22.623723],"population":125,"households":68,"male":62,"female":63,"ages":[9,25,42,49],"density_km2":18056},"geometry":{"type":"Polygon","coordinates":[[[120.307938,22.624148],[120.308096,22.623751],[120.308104,22.623726],[120.30802,22.623701],[120.306837,22.623295],[120.306823,22.62333],[120.306675,22.623727],[120.307938,22.624148]]]}},{"type":"Feature","id":"A6407-0110-00","properties":{"code":"A6407-0110-00","district":"前金區","area_m2":8084.6,"centroid":[120.294956,22.623609],"population":134,"households":65,"male":57,"female":77,"ages":[20,29,43,42],"density_km2":16575},"geometry":{"type":"Polygon","coordinates":[[[120.295804,22.624073],[120.295943,22.623733],[120.295083,22.62345],[120.294198,22.623158],[120.294176,22.623148],[120.293981,22.623605],[120.29459,22.623662],[120.295804,22.624073]]]}},{"type":"Feature","id":"A6401-0085-00","properties":{"code":"A6401-0085-00","district":"鹽埕區","area_m2":6818.2,"centroid":[120.280298,22.62341],"population":44,"households":18,"male":19,"female":25,"ages":[11,8,13,12],"density_km2":6453},"geometry":{"type":"Polygon","coordinates":[[[120.280296,22.623997],[120.280819,22.623731],[120.28027,22.622825],[120.279782,22.623051],[120.280296,22.623997]]]}},{"type":"Feature","id":"A6406-0247-00","properties":{"code":"A6406-0247-00","district":"新興區","area_m2":10492.9,"centroid":[120.304391,22.623572],"population":212,"households":114,"male":87,"female":125,"ages":[23,51,77,61],"density_km2":20204},"geometry":{"type":"Polygon","coordinates":[[[120.305101,22.624087],[120.305282,22.623633],[120.305302,22.623583],[120.303675,22.623057],[120.303481,22.623559],[120.305101,22.624087]]]}},{"type":"Feature","id":"A6408-0322-00","properties":{"code":"A6408-0322-00","district":"苓雅區","area_m2":14274.1,"centroid":[120.314531,22.62328],"population":787,"households":298,"male":366,"female":421,"ages":[203,160,259,165],"density_km2":55135},"geometry":{"type":"Polygon","coordinates":[[[120.314565,22.624096],[120.314647,22.624122],[120.315192,22.622698],[120.314415,22.622433],[120.31387,22.623884],[120.314565,22.624096]]]}},{"type":"Feature","id":"A6406-0249-00","properties":{"code":"A6406-0249-00","district":"新興區","area_m2":19562.1,"centroid":[120.310982,22.623368],"population":236,"households":90,"male":124,"female":112,"ages":[30,69,83,54],"density_km2":12064},"geometry":{"type":"Polygon","coordinates":[[[120.311736,22.624069],[120.311829,22.623794],[120.311832,22.623782],[120.312023,22.623215],[120.311868,22.623181],[120.311756,22.623153],[120.311576,22.623085],[120.311538,22.62307],[120.311448,22.62304],[120.310255,22.62264],[120.310242,22.622675],[120.310231,22.622704],[120.309935,22.623488],[120.311223,22.623941],[120.311727,22.624094],[120.311736,22.624069]]]}},{"type":"Feature","id":"A6401-0090-00","properties":{"code":"A6401-0090-00","district":"鹽埕區","area_m2":25465.3,"centroid":[120.282499,22.623007],"population":0,"households":0,"male":0,"female":0,"ages":[0,0,0,0],"density_km2":0},"geometry":{"type":"Polygon","coordinates":[[[120.28205,22.623956],[120.283581,22.623211],[120.283222,22.622567],[120.283216,22.622549],[120.283006,22.622135],[120.282969,22.622062],[120.281417,22.622783],[120.281705,22.623315],[120.28205,22.623956]]]}},{"type":"Feature","id":"A6406-0246-00","properties":{"code":"A6406-0246-00","district":"新興區","area_m2":5422.6,"centroid":[120.305978,22.623678],"population":137,"households":78,"male":67,"female":70,"ages":[8,28,55,46],"density_km2":25265},"geometry":{"type":"Polygon","coordinates":[[[120.306545,22.624058],[120.306675,22.623727],[120.305432,22.623306],[120.305403,22.623296],[120.305302,22.623583],[120.305282,22.623633],[120.306545,22.624058]]]}},{"type":"Feature","id":"A6408-0434-00","properties":{"code":"A6408-0434-00","district":"苓雅區","area_m2":8359.1,"centroid":[120.306211,22.620046],"population":232,"households":104,"male":112,"female":120,"ages":[24,54,79,75],"density_km2":27754},"geometry":{"type":"Polygon","coordinates":[[[120.305643,22.620287],[120.306494,22.620578],[120.306618,22.620229],[120.306772,22.619794],[120.306693,22.619767],[120.305947,22.619516],[120.305643,22.620287]]]}},{"type":"Feature","id":"A6402-0597-00","properties":{"code":"A6402-0597-00","district":"鼓山區","area_m2":2550.6,"centroid":[120.272275,22.620123],"population":22,"households":10,"male":11,"female":11,"ages":[2,4,8,8],"density_km2":8625},"geometry":{"type":"Polygon","coordinates":[[[120.272147,22.620395],[120.272469,22.620189],[120.272786,22.619987],[120.271817,22.619904],[120.272147,22.620395]]]}},{"type":"Feature","id":"A6401-0130-00","properties":{"code":"A6401-0130-00","district":"鹽埕區","area_m2":20536.7,"centroid":[120.288064,22.619613],"population":407,"households":155,"male":196,"female":211,"ages":[43,110,151,103],"density_km2":19818},"geometry":{"type":"Polygon","coordinates":[[[120.287511,22.620447],[120.287524,22.620441],[120.287991,22.620215],[120.289106,22.619679],[120.288608,22.61878],[120.28746,22.619338],[120.287061,22.619505],[120.287025,22.619522],[120.287502,22.62043],[120.287511,22.620447]]]}},{"type":"Feature","id":"A6408-0435-00","properties":{"code":"A6408-0435-00","district":"苓雅區","area_m2":8932.0,"centroid":[120.317862,22.620067],"population":158,"households":78,"male":77,"female":81,"ages":[14,34,61,49],"density_km2":17689},"geometry":{"type":"Polygon","coordinates":[[[120.318533,22.620551],[120.318687,22.620158],[120.31871,22.620099],[120.318624,22.620071],[120.317197,22.619582],[120.317098,22.61984],[120.317081,22.619885],[120.317054,22.619959],[120.317029,22.620016],[120.317017,22.620048],[120.318533,22.620551]]]}},{"type":"Feature","id":"A6401-0134-00","properties":{"code":"A6401-0134-00","district":"鹽埕區","area_m2":22768.1,"centroid":[120.283155,22.619222],"population":165,"households":65,"male":91,"female":74,"ages":[22,38,72,33],"density_km2":7247},"geometry":{"type":"Polygon","coordinates":[[[120.282949,22.620293],[120.283657,22.619968],[120.28367,22.619962],[120.283366,22.619402],[120.284088,22.619074],[120.283965,22.618827],[120.283656,22.618207],[120.283035,22.618519],[120.282883,22.618595],[120.282215,22.618904],[120.282457,22.619358],[120.282659,22.619738],[120.282949,22.620293]]]}},{"type":"Feature","id":"A6402-0601-00","properties":{"code":"A6402-0601-00","district":"鼓山區","area_m2":26264.3,"centroid":[120.268772,22.618794],"population":176,"households":90,"male":90,"female":86,"ages":[7,39,71,59],"density_km2":6701},"geometry":{"type":"Polygon","coordinates":[[[120.269312,22.62023],[120.269348,22.619593],[120.269372,22.619155],[120.269279,22.619152],[120.269322,22.618541],[120.269282,22.618509],[120.269295,22.618389],[120.269622,22.618391],[120.269649,22.618086],[120.269353,22.618078],[120.269312,22.618116],[120.269205,22.618057],[120.269219,22.618012],[120.268936,22.617852],[120.26897,22.617769],[120.268848,22.617717],[120.268779,22.617825],[120.26865,22.617756],[120.268681,22.617682],[120.26865,22.617664],[120.268625,22.617716],[120.268527,22.61772],[120.268496,22.617704],[120.26854,22.617582],[120.268367,22.617502],[120.268305,22.61761],[120.268256,22.617592],[120.26784,22.618416],[120.268711,22.619067],[120.268606,22.619915],[120.269312,22.62023]]]}},{"type":"Feature","id":"A6408-0433-00","properties":{"code":"A6408-0433-00","district":"苓雅區","area_m2":3686.6,"centroid":[120.294987,22.620006],"population":226,"households":138,"male":101,"female":125,"ages":[16,66,95,49],"density_km2":61303},"geometry":{"type":"Polygon","coordinates":[[[120.29469,22.620098],[120.294807,22.620136],[120.294891,22.620161],[120.295352,22.620316],[120.295477,22.619977],[120.294624,22.619696],[120.294497,22.620034],[120.29469,22.620098]]]}},{"type":"Feature","id":"A6408-0465-00","properties":{"code":"A6408-0465-00","district":"苓雅區","area_m2":18678.3,"centroid":[120.302922,22.619383],"population":220,"households":100,"male":106,"female":114,"ages":[24,46,85,65],"density_km2":11778},"geometry":{"type":"Polygon","coordinates":[[[120.303074,22.620307],[120.303096,22.620318],[120.303252,22.619907],[120.303393,22.61954],[120.303525,22.619181],[120.303685,22.618747],[120.302792,22.618455],[120.30277,22.618444],[120.302598,22.61889],[120.302427,22.619324],[120.302153,22.620018],[120.303074,22.620307]]]}},{"type":"Feature","id":"A6408-0650-00","properties":{"code":"A6408-0650-00","district":"苓雅區","area_m2":12946.1,"centroid":[120.296392,22.614978],"population":572,"households":303,"male":242,"female":330,"ages":[50,165,228,129],"density_km2":44183},"geometry":{"type":"Polygon","coordinates":[[[120.296639,22.615391],[120.297145,22.615561],[120.297363,22.614975],[120.295667,22.614403],[120.295645,22.614393],[120.295604,22.6145],[120.29542,22.614982],[120.296639,22.615391]]]}},{"type":"Feature","id":"A6408-0651-00","properties":{"code":"A6408-0651-00","district":"苓雅區","area_m2":16705.3,"centroid":[120.298369,22.614882],"population":242,"households":108,"male":112,"female":130,"ages":[24,47,99,72],"density_km2":14486},"geometry":{"type":"Polygon","coordinates":[[[120.2991,22.615546],[120.299152,22.615407],[120.299282,22.615061],[120.299379,22.614801],[120.297658,22.614224],[120.297636,22.614214],[120.297626,22.614243],[120.29752,22.614536],[120.297363,22.614975],[120.2991,22.615546]]]}},{"type":"Feature","id":"A6408-0647-00","properties":{"code":"A6408-0647-00","district":"苓雅區","area_m2":6128.5,"centroid":[120.305914,22.615083],"population":194,"households":94,"male":97,"female":97,"ages":[16,31,75,72],"density_km2":31655},"geometry":{"type":"Polygon","coordinates":[[[120.306594,22.61549],[120.306725,22.61518],[120.305234,22.614674],[120.30511,22.615002],[120.306594,22.61549]]]}},{"type":"Feature","id":"A6408-0659-00","properties":{"code":"A6408-0659-00","district":"苓雅區","area_m2":15034.0,"centroid":[120.30381,22.614571],"population":151,"households":71,"male":72,"female":79,"ages":[12,33,55,51],"density_km2":10044},"geometry":{"type":"Polygon","coordinates":[[[120.303131,22.615219],[120.303889,22.615469],[120.304269,22.614468],[120.304492,22.613906],[120.303942,22.613744],[120.303725,22.613678],[120.303131,22.615219]]]}},{"type":"Feature","id":"A6409-0021-00","properties":{"code":"A6409-0021-00","district":"前鎮區","area_m2":13995.0,"centroid":[120.317325,22.61502],"population":297,"households":144,"male":141,"female":156,"ages":[29,63,108,97],"density_km2":21222},"geometry":{"type":"Polygon","coordinates":[[[120.317776,22.615444],[120.318147,22.615464],[120.318174,22.615466],[120.318163,22.615359],[120.318119,22.614844],[120.317777,22.614864],[120.317751,22.614559],[120.316494,22.61464],[120.316499,22.614679],[120.316521,22.614858],[120.316534,22.615007],[120.316559,22.615271],[120.31657,22.61537],[120.31659,22.61538],[120.317776,22.615444]]]}},{"type":"Feature","id":"A6408-0648-00","properties":{"code":"A6408-0648-00","district":"苓雅區","area_m2":4334.0,"centroid":[120.307189,22.615058],"population":258,"households":136,"male":121,"female":137,"ages":[18,52,92,96],"density_km2":59529},"geometry":{"type":"Polygon","coordinates":[[[120.307168,22.615304],[120.307474,22.615404],[120.307523,22.615282],[120.307652,22.614956],[120.306922,22.614709],[120.306742,22.615141],[120.306725,22.61518],[120.307168,22.615304]]]}},{"type":"Feature","id":"A6408-0649-00","properties":{"code":"A6408-0649-00","district":"苓雅區","area_m2":4940.1,"centroid":[120.29404,22.614979],"population":272,"households":119,"male":125,"female":147,"ages":[30,68,116,58],"density_km2":55059},"geometry":{"type":"Polygon","coordinates":[[[120.293589,22.615342],[120.293606,22.615335],[120.294596,22.614942],[120.294668,22.614738],[120.29439,22.614663],[120.294234,22.61465],[120.294225,22.614654],[120.293421,22.615015],[120.293584,22.615325],[120.293589,22.615342]]]}},{"type":"Feature","id":"A6409-0023-00","properties":{"code":"A6409-0023-00","district":"前鎮區","area_m2":8004.8,"centroid":[120.309533,22.614936],"population":128,"households":64,"male":60,"female":68,"ages":[12,27,47,42],"density_km2":15990},"geometry":{"type":"Polygon","coordinates":[[[120.310243,22.615402],[120.310259,22.615361],[120.310401,22.614995],[120.310357,22.614992],[120.308813,22.614471],[120.308666,22.614862],[120.309481,22.615141],[120.309814,22.615255],[120.310221,22.615395],[120.310243,22.615402]]]}},{"type":"Feature","id":"A6409-0029-00","properties":{"code":"A6409-0029-00","district":"前鎮區","area_m2":17016.3,"centroid":[120.315856,22.614743],"population":1018,"households":571,"male":414,"female":604,"ages":[154,311,439,114],"density_km2":59825},"geometry":{"type":"Polygon","coordinates":[[[120.315728,22.615305],[120.31657,22.61537],[120.316559,22.615271],[120.316534,22.615007],[120.316521,22.614858],[120.316499,22.614679],[120.316494,22.61464],[120.316485,22.614555],[120.316457,22.614348],[120.31632,22.614365],[120.316281,22.614104],[120.315141,22.614209],[120.315162,22.614318],[120.315202,22.614529],[120.315198,22.615258],[120.315728,22.615305]]]}},{"type":"Feature","id":"A6405-0456-00","properties":{"code":"A6405-0456-00","district":"三民區","area_m2":80126.9,"centroid":[120.306398,22.651886],"population":0,"households":0,"male":0,"female":0,"ages":[0,0,0,0],"density_km2":0},"geometry":{"type":"Polygon","coordinates":[[[120.30629,22.653318],[120.306418,22.653392],[120.306747,22.653255],[120.30726,22.652813],[120.307272,22.652803],[120.30783,22.652297],[120.308966,22.650904],[120.309067,22.65078],[120.309209,22.649962],[120.309207,22.649936],[120.309122,22.649999],[120.307974,22.650811],[120.306906,22.651434],[120.306575,22.651595],[120.306194,22.651738],[120.305803,22.651866],[120.305807,22.651904],[120.304643,22.652036],[120.304611,22.652041],[120.304245,22.652006],[120.303607,22.651939],[120.303624,22.65199],[120.303658,22.652359],[120.303674,22.652605],[120.303684,22.652787],[120.303694,22.652979],[120.303686,22.653241],[120.303712,22.65324],[120.303878,22.653235],[120.304098,22.653211],[120.30424,22.653196],[120.304309,22.653176],[120.304507,22.65312],[120.304698,22.653094],[120.304807,22.653081],[120.305103,22.653089],[120.305479,22.653097],[120.305916,22.653183],[120.305971,22.653203],[120.306018,22.653219],[120.306122,22.653256],[120.30629,22.653318]]]}},{"type":"Feature","id":"A6405-0582-00","properties":{"code":"A6405-0582-00","district":"三民區","area_m2":14182.5,"centroid":[120.308521,22.64933],"population":188,"households":78,"male":87,"female":101,"ages":[13,47,74,54],"density_km2":13256},"geometry":{"type":"Polygon","coordinates":[[[120.307908,22.649858],[120.309114,22.649783],[120.309194,22.649778],[120.30914,22.649118],[120.309114,22.648797],[120.309056,22.648802],[120.307849,22.648889],[120.307873,22.649196],[120.307894,22.64952],[120.307908,22.649858]]]}},{"type":"Feature","id":"A6402-0452-00","properties":{"code":"A6402-0452-00","district":"鼓山區","area_m2":10526.1,"centroid":[120.275989,22.649268],"population":211,"households":87,"male":105,"female":106,"ages":[13,71,77,50],"density_km2":20045},"geometry":{"type":"Polygon","coordinates":[[[120.275182,22.649442],[120.276677,22.649703],[120.276799,22.649125],[120.275327,22.648825],[120.275273,22.649048],[120.275182,22.649442]]]}},{"type":"Feature","id":"A6405-0567-00","properties":{"code":"A6405-0567-00","district":"三民區","area_m2":4298.9,"centroid":[120.305016,22.649555],"population":170,"households":76,"male":90,"female":80,"ages":[25,35,59,51],"density_km2":39545},"geometry":{"type":"Polygon","coordinates":[[[120.304431,22.649753],[120.305579,22.649676],[120.305623,22.649673],[120.305597,22.649358],[120.305554,22.649361],[120.30441,22.649436],[120.304431,22.649753]]]}},{"type":"Feature","id":"A6405-0571-00","properties":{"code":"A6405-0571-00","district":"三民區","area_m2":4059.6,"centroid":[120.30617,22.649476],"population":103,"households":35,"male":51,"female":52,"ages":[16,23,36,28],"density_km2":25372},"geometry":{"type":"Polygon","coordinates":[[[120.305623,22.649673],[120.306739,22.649598],[120.306721,22.649279],[120.305597,22.649358],[120.305623,22.649673]]]}},{"type":"Feature","id":"A6405-0574-00","properties":{"code":"A6405-0574-00","district":"三民區","area_m2":4293.1,"centroid":[120.298346,22.649419],"population":120,"households":48,"male":54,"female":66,"ages":[20,23,49,28],"density_km2":27952},"geometry":{"type":"Polygon","coordinates":[[[120.297774,22.649625],[120.298947,22.649533],[120.298917,22.649212],[120.297744,22.649307],[120.297774,22.649625]]]}},{"type":"Feature","id":"A6402-0453-00","properties":{"code":"A6402-0453-00","district":"鼓山區","area_m2":2825.4,"centroid":[120.277638,22.649246],"population":367,"households":156,"male":156,"female":211,"ages":[58,82,179,48],"density_km2":129891},"geometry":{"type":"Polygon","coordinates":[[[120.277299,22.649389],[120.277867,22.649509],[120.277972,22.649204],[120.27796,22.649165],[120.277973,22.649104],[120.277397,22.648984],[120.277299,22.649389]]]}},{"type":"Feature","id":"A6405-0578-00","properties":{"code":"A6405-0578-00","district":"三民區","area_m2":4238.7,"centroid":[120.307308,22.649398],"population":164,"households":80,"male":74,"female":90,"ages":[17,25,66,56],"density_km2":38691},"geometry":{"type":"Polygon","coordinates":[[[120.306739,22.649598],[120.307894,22.64952],[120.307873,22.649196],[120.306721,22.649279],[120.306739,22.649598]]]}},{"type":"Feature","id":"A6402-0471-00","properties":{"code":"A6402-0471-00","district":"鼓山區","area_m2":162783.0,"centroid":[120.275596,22.646772],"population":36,"households":7,"male":25,"female":11,"ages":[21,5,6,4],"density_km2":221},"geometry":{"type":"Polygon","coordinates":[[[120.273504,22.649101],[120.275182,22.649442],[120.275273,22.649048],[120.275327,22.648825],[120.275401,22.648522],[120.275483,22.648145],[120.27695,22.648409],[120.277102,22.647819],[120.277255,22.647183],[120.277306,22.646976],[120.277374,22.6467],[120.277538,22.646011],[120.277605,22.645737],[120.277878,22.644622],[120.277883,22.644604],[120.277978,22.644193],[120.278025,22.643992],[120.277942,22.643966],[120.277904,22.643997],[120.277527,22.644318],[120.277352,22.644485],[120.277159,22.644667],[120.276961,22.644483],[120.276407,22.644663],[120.276056,22.644779],[120.275845,22.644877],[120.275721,22.644936],[120.275684,22.644953],[120.275565,22.645009],[120.27523,22.645167],[120.275212,22.645176],[120.275162,22.645199],[120.275106,22.645226],[120.275056,22.645251],[120.274938,22.645307],[120.274899,22.645352],[120.274729,22.64543],[120.274695,22.645439],[120.274086,22.64556],[120.274012,22.645592],[120.27364,22.647169],[120.273518,22.64774],[120.273245,22.648937],[120.273417,22.648976],[120.273504,22.649101]]]}},{"type":"Feature","id":"A6405-0816-00","properties":{"code":"A6405-0816-00","district":"三民區","area_m2":5470.2,"centroid":[120.31411,22.645831],"population":47,"households":25,"male":20,"female":27,"ages":[6,8,20,13],"density_km2":8592},"geometry":{"type":"Polygon","coordinates":[[[120.313782,22.646194],[120.31449,22.646149],[120.314481,22.646044],[120.314435,22.645463],[120.313728,22.645529],[120.313782,22.646194]]]}},{"type":"Feature","id":"A6405-0807-00","properties":{"code":"A6405-0807-00","district":"三民區","area_m2":5488.0,"centroid":[120.300392,22.645881],"population":124,"households":52,"male":64,"female":60,"ages":[19,14,49,42],"density_km2":22595},"geometry":{"type":"Polygon","coordinates":[[[120.299815,22.646123],[120.300989,22.646053],[120.300961,22.645647],[120.30096,22.645635],[120.30094,22.645636],[120.299792,22.64572],[120.299794,22.645732],[120.299815,22.646123]]]}},{"type":"Feature","id":"A6405-0819-00","properties":{"code":"A6405-0819-00","district":"三民區","area_m2":11411.4,"centroid":[120.294971,22.645671],"population":234,"households":92,"male":112,"female":122,"ages":[27,65,89,53],"density_km2":20506},"geometry":{"type":"Polygon","coordinates":[[[120.294361,22.646094],[120.295606,22.646019],[120.295627,22.646018],[120.295656,22.646016],[120.295593,22.645246],[120.29428,22.645339],[120.294305,22.645597],[120.294361,22.646094]]]}},{"type":"Feature","id":"A6405-0812-00","properties":{"code":"A6405-0812-00","district":"三民區","area_m2":5558.2,"centroid":[120.301559,22.64581],"population":147,"households":63,"male":73,"female":74,"ages":[14,33,44,56],"density_km2":26448},"geometry":{"type":"Polygon","coordinates":[[[120.300989,22.646053],[120.302159,22.645983],[120.302129,22.64558],[120.302128,22.645568],[120.302108,22.64557],[120.30096,22.645635],[120.300961,22.645647],[120.300989,22.646053]]]}},{"type":"Feature","id":"A6405-0846-00","properties":{"code":"A6405-0846-00","district":"三民區","area_m2":14549.4,"centroid":[120.296036,22.645261],"population":193,"households":78,"male":87,"female":106,"ages":[26,48,70,49],"density_km2":13265},"geometry":{"type":"Polygon","coordinates":[[[120.295656,22.646016],[120.296512,22.645951],[120.296532,22.645949],[120.296424,22.644507],[120.295538,22.644572],[120.295593,22.645246],[120.295656,22.646016]]]}},{"type":"Feature","id":"A6405-0852-00","properties":{"code":"A6405-0852-00","district":"三民區","area_m2":15737.3,"centroid":[120.296958,22.645196],"population":157,"households":80,"male":82,"female":75,"ages":[6,33,62,56],"density_km2":9976},"geometry":{"type":"Polygon","coordinates":[[[120.296532,22.645949],[120.297455,22.645875],[120.297477,22.645873],[120.297495,22.645872],[120.297434,22.645123],[120.29738,22.644446],[120.297348,22.644448],[120.296903,22.644477],[120.296424,22.644507],[120.296532,22.645949]]]}},{"type":"Feature","id":"A6405-0925-00","properties":{"code":"A6405-0925-00","district":"三民區","area_m2":108185.8,"centroid":[120.288801,22.643949],"population":570,"households":411,"male":248,"female":322,"ages":[64,213,253,40],"density_km2":5269},"geometry":{"type":"Polygon","coordinates":[[[120.289653,22.645844],[120.291169,22.642853],[120.291577,22.642822],[120.291538,22.642059],[120.29012,22.642538],[120.289184,22.642859],[120.28782,22.643286],[120.286986,22.643591],[120.285645,22.644041],[120.28951,22.64578],[120.289653,22.645844]]]}},{"type":"Feature","id":"A6405-0831-00","properties":{"code":"A6405-0831-00","district":"三民區","area_m2":9887.5,"centroid":[120.298034,22.645455],"population":170,"households":69,"male":83,"female":87,"ages":[21,37,62,50],"density_km2":17194},"geometry":{"type":"Polygon","coordinates":[[[120.297495,22.645872],[120.298614,22.645807],[120.298634,22.645805],[120.298561,22.645031],[120.297434,22.645123],[120.297495,22.645872]]]}},{"type":"Feature","id":"A6405-1077-00","properties":{"code":"A6405-1077-00","district":"三民區","area_m2":4787.0,"centroid":[120.300068,22.642061],"population":79,"households":38,"male":42,"female":37,"ages":[4,18,32,25],"density_km2":16503},"geometry":{"type":"Polygon","coordinates":[[[120.2995,22.642281],[120.300064,22.642238],[120.300677,22.642187],[120.300648,22.641845],[120.299463,22.641919],[120.2995,22.642281]]]}},{"type":"Feature","id":"A6405-1078-00","properties":{"code":"A6405-1078-00","district":"三民區","area_m2":5070.2,"centroid":[120.313374,22.642112],"population":143,"households":62,"male":69,"female":74,"ages":[16,28,60,39],"density_km2":28204},"geometry":{"type":"Polygon","coordinates":[[[120.312605,22.64231],[120.31415,22.642202],[120.314169,22.642201],[120.314168,22.642189],[120.314146,22.641909],[120.314124,22.641911],[120.312567,22.64204],[120.312605,22.64231]]]}},{"type":"Feature","id":"A6405-1102-00","properties":{"code":"A6405-1102-00","district":"三民區","area_m2":5543.0,"centroid":[120.308736,22.64177],"population":101,"households":41,"male":46,"female":55,"ages":[9,18,43,31],"density_km2":18221},"geometry":{"type":"Polygon","coordinates":[[[120.308553,22.642291],[120.309018,22.642258],[120.308935,22.641252],[120.308456,22.641286],[120.308459,22.641334],[120.308473,22.641652],[120.308517,22.642003],[120.308553,22.642291]]]}},{"type":"Feature","id":"A6405-1082-00","properties":{"code":"A6405-1082-00","district":"三民區","area_m2":4640.3,"centroid":[120.305557,22.642036],"population":128,"households":55,"male":67,"female":61,"ages":[25,30,41,32],"density_km2":27585},"geometry":{"type":"Polygon","coordinates":[[[120.304973,22.642252],[120.30617,22.642158],[120.306137,22.641822],[120.30495,22.641908],[120.304973,22.642252]]]}},{"type":"Feature","id":"A6405-1127-00","properties":{"code":"A6405-1127-00","district":"三民區","area_m2":7494.5,"centroid":[120.308944,22.641473],"population":288,"households":144,"male":148,"female":140,"ages":[23,58,112,95],"density_km2":38428},"geometry":{"type":"Polygon","coordinates":[[[120.309018,22.642258],[120.309346,22.642235],[120.309233,22.640831],[120.308438,22.640875],[120.308456,22.641286],[120.308935,22.641252],[120.309018,22.642258]]]}},{"type":"Feature","id":"A6405-1131-00","properties":{"code":"A6405-1131-00","district":"三民區","area_m2":12871.1,"centroid":[120.309686,22.641503],"population":248,"households":117,"male":116,"female":132,"ages":[24,60,102,62],"density_km2":19268},"geometry":{"type":"Polygon","coordinates":[[[120.309346,22.642235],[120.309744,22.642207],[120.310131,22.642179],[120.310111,22.641796],[120.310098,22.641559],[120.310067,22.641111],[120.310044,22.640774],[120.309233,22.640831],[120.309346,22.642235]]]}},{"type":"Feature","id":"A6405-1087-00","properties":{"code":"A6405-1087-00","district":"三民區","area_m2":4655.4,"centroid":[120.301253,22.64198],"population":130,"households":57,"male":64,"female":66,"ages":[8,34,40,48],"density_km2":27924},"geometry":{"type":"Polygon","coordinates":[[[120.300677,22.642187],[120.301855,22.64212],[120.30183,22.641772],[120.300648,22.641845],[120.300677,22.642187]]]}},{"type":"Feature","id":"A6405-1091-00","properties":{"code":"A6405-1091-00","district":"三民區","area_m2":5637.0,"centroid":[120.310775,22.641946],"population":106,"households":41,"male":56,"female":50,"ages":[12,30,36,28],"density_km2":18804},"geometry":{"type":"Polygon","coordinates":[[[120.310131,22.642179],[120.311445,22.642086],[120.311414,22.641716],[120.311339,22.641721],[120.310111,22.641796],[120.310131,22.642179]]]}},{"type":"Feature","id":"A6405-1089-00","properties":{"code":"A6405-1089-00","district":"三民區","area_m2":4312.2,"centroid":[120.306713,22.641944],"population":133,"households":50,"male":57,"female":76,"ages":[22,24,49,38],"density_km2":30843},"geometry":{"type":"Polygon","coordinates":[[[120.30617,22.642158],[120.307288,22.642066],[120.307287,22.642054],[120.307256,22.64173],[120.306137,22.641822],[120.30617,22.642158]]]}},{"type":"Feature","id":"A6405-1116-00","properties":{"code":"A6405-1116-00","district":"三民區","area_m2":8946.6,"centroid":[120.287859,22.641567],"population":30,"households":15,"male":16,"female":14,"ages":[3,11,10,6],"density_km2":3353},"geometry":{"type":"Polygon","coordinates":[[[120.287348,22.642051],[120.288629,22.641616],[120.288395,22.641094],[120.288373,22.641083],[120.287994,22.641238],[120.287718,22.641332],[120.287445,22.641389],[120.287303,22.641405],[120.287152,22.641421],[120.287086,22.641428],[120.287152,22.641539],[120.287348,22.642051]]]}},{"type":"Feature","id":"A6405-1112-00","properties":{"code":"A6405-1112-00","district":"三民區","area_m2":9867.3,"centroid":[120.292139,22.641629],"population":170,"households":83,"male":89,"female":81,"ages":[15,40,70,45],"density_km2":17229},"geometry":{"type":"Polygon","coordinates":[[[120.291538,22.642059],[120.292718,22.641953],[120.292739,22.641952],[120.292666,22.641204],[120.291639,22.641248],[120.291599,22.641564],[120.291538,22.642059]]]}},{"type":"Feature","id":"A6405-1093-00","properties":{"code":"A6405-1093-00","district":"三民區","area_m2":5108.9,"centroid":[120.31199,22.641881],"population":161,"households":71,"male":83,"female":78,"ages":[20,30,64,47],"density_km2":31514},"geometry":{"type":"Polygon","coordinates":[[[120.311446,22.642119],[120.312567,22.64204],[120.312541,22.641647],[120.311414,22.641716],[120.311445,22.642086],[120.311446,22.642119]]]}},{"type":"Feature","id":"A6402-0500-00","properties":{"code":"A6402-0500-00","district":"鼓山區","area_m2":6784.5,"centroid":[120.282374,22.63799],"population":92,"households":40,"male":56,"female":36,"ages":[11,19,39,23],"density_km2":13560},"geometry":{"type":"Polygon","coordinates":[[[120.281749,22.638827],[120.281863,22.638862],[120.281981,22.638707],[120.282163,22.63839],[120.282197,22.638342],[120.282383,22.638086],[120.282627,22.637809],[120.282899,22.637546],[120.283036,22.637441],[120.283077,22.63741],[120.282273,22.637306],[120.282131,22.637839],[120.282105,22.637928],[120.282008,22.638204],[120.281873,22.638486],[120.281813,22.638606],[120.281777,22.638731],[120.28175,22.638824],[120.281749,22.638827]]]}},{"type":"Feature","id":"A6405-1332-00","properties":{"code":"A6405-1332-00","district":"三民區","area_m2":5948.5,"centroid":[120.304633,22.638692],"population":178,"households":92,"male":84,"female":94,"ages":[28,31,72,47],"density_km2":29924},"geometry":{"type":"Polygon","coordinates":[[[120.305343,22.638821],[120.305337,22.638757],[120.305308,22.63845],[120.303925,22.638559],[120.303943,22.638823],[120.303997,22.638936],[120.305263,22.638829],[120.305343,22.638821]]]}},{"type":"Feature","id":"A6405-1327-00","properties":{"code":"A6405-1327-00","district":"三民區","area_m2":3034.5,"centroid":[120.30054,22.63873],"population":35,"households":24,"male":18,"female":17,"ages":[1,4,12,18],"density_km2":11534},"geometry":{"type":"Polygon","coordinates":[[[120.300051,22.638902],[120.301049,22.638828],[120.301033,22.638651],[120.301035,22.638557],[120.300582,22.638586],[120.30025,22.638607],[120.300259,22.638648],[120.30001,22.638697],[120.300051,22.638902]]]}},{"type":"Feature","id":"A6405-1352-00","properties":{"code":"A6405-1352-00","district":"三民區","area_m2":12897.7,"centroid":[120.295749,22.63836],"population":206,"households":91,"male":113,"female":93,"ages":[16,41,83,66],"density_km2":15972},"geometry":{"type":"Polygon","coordinates":[[[120.295013,22.638776],[120.295246,22.638813],[120.296268,22.638853],[120.296294,22.638847],[120.296436,22.637905],[120.296255,22.637858],[120.295981,22.637893],[120.295614,22.637881],[120.295358,22.637856],[120.295013,22.638776]]]}},{"type":"Feature","id":"A6405-1344-00","properties":{"code":"A6405-1344-00","district":"三民區","area_m2":8040.1,"centroid":[120.313223,22.638603],"population":174,"households":77,"male":88,"female":86,"ages":[9,49,65,51],"density_km2":21642},"geometry":{"type":"Polygon","coordinates":[[[120.31388,22.638834],[120.313859,22.638563],[120.313841,22.638319],[120.313838,22.638287],[120.312569,22.638364],[120.31257,22.638389],[120.312607,22.638923],[120.313791,22.63884],[120.31388,22.638834]]]}},{"type":"Feature","id":"A6402-0516-00","properties":{"code":"A6402-0516-00","district":"鼓山區","area_m2":306214.0,"centroid":[120.275772,22.635849],"population":0,"households":0,"male":0,"female":0,"ages":[0,0,0,0],"density_km2":0},"geometry":{"type":"Polygon","coordinates":[[[120.279478,22.635686],[120.279844,22.635424],[120.279914,22.635383],[120.27997,22.635327],[120.280145,22.63516],[120.280263,22.635037],[120.280395,22.634899],[120.280294,22.634927],[120.28021,22.63493],[120.280126,22.634924],[120.279746,22.634812],[120.279621,22.634787],[120.279488,22.634778],[120.279508,22.634344],[120.279406,22.634417],[120.278935,22.634758],[120.278707,22.634924],[120.278564,22.634757],[120.278271,22.634412],[120.277821,22.634754],[120.277771,22.63471],[120.277426,22.634409],[120.276976,22.634016],[120.276762,22.63383],[120.276704,22.633778],[120.276674,22.633753],[120.276641,22.633723],[120.276576,22.633666],[120.276498,22.633603],[120.276277,22.633625],[120.275885,22.633663],[120.275875,22.633664],[120.27534,22.633717],[120.275155,22.633737],[120.27507,22.633745],[120.274591,22.633779],[120.274554,22.633743],[120.274201,22.633398],[120.273856,22.633065],[120.273827,22.633035],[120.273673,22.632886],[120.273483,22.633034],[120.273364,22.633063],[120.272799,22.633392],[120.272464,22.633734],[120.272429,22.63377],[120.272382,22.633817],[120.271972,22.634282],[120.272031,22.63447],[120.272134,22.634922],[120.272227,22.634963],[120.273011,22.635897],[120.27303,22.636082],[120.273047,22.636563],[120.272912,22.637188],[120.272645,22.638399],[120.272954,22.6384],[120.27318,22.638444],[120.274007,22.63857],[120.275128,22.63874],[120.276094,22.638579],[120.276228,22.638458],[120.276275,22.638415],[120.276506,22.638206],[120.276679,22.638049],[120.276987,22.638209],[120.277081,22.638051],[120.278195,22.636196],[120.278448,22.635894],[120.278642,22.635708],[120.278817,22.635609],[120.278954,22.635535],[120.27923,22.635611],[120.279478,22.635686]]]}},{"type":"Feature","id":"A6405-1363-00","properties":{"code":"A6405-1363-00","district":"三民區","area_m2":4525.6,"centroid":[120.288711,22.638232],"population":241,"households":105,"male":116,"female":125,"ages":[36,49,87,69],"density_km2":53252},"geometry":{"type":"Polygon","coordinates":[[[120.28881,22.638785],[120.288852,22.638799],[120.289,22.638429],[120.289027,22.638081],[120.289069,22.637543],[120.288897,22.637529],[120.288799,22.638333],[120.288596,22.638282],[120.288551,22.638319],[120.288521,22.638413],[120.288335,22.638355],[120.288244,22.638591],[120.28881,22.638785]]]}},{"type":"Feature","id":"A6405-1355-00","properties":{"code":"A6405-1355-00","district":"三民區","area_m2":7829.1,"centroid":[120.294821,22.638243],"population":222,"households":98,"male":105,"female":117,"ages":[25,46,91,60],"density_km2":28356},"geometry":{"type":"Polygon","coordinates":[[[120.294283,22.63853],[120.295013,22.638776],[120.295358,22.637856],[120.294979,22.637818],[120.294637,22.637725],[120.29458,22.637841],[120.294546,22.637955],[120.294451,22.638086],[120.294283,22.63853]]]}},{"type":"Feature","id":"A6402-0519-00","properties":{"code":"A6402-0519-00","district":"鼓山區","area_m2":8566.0,"centroid":[120.283302,22.634864],"population":322,"households":140,"male":165,"female":157,"ages":[28,81,139,74],"density_km2":37590},"geometry":{"type":"Polygon","coordinates":[[[120.282844,22.635305],[120.282948,22.635309],[120.283636,22.635376],[120.283786,22.634425],[120.283093,22.634335],[120.282838,22.635158],[120.282781,22.635302],[120.282844,22.635305]]]}},{"type":"Feature","id":"A6407-0003-00","properties":{"code":"A6407-0003-00","district":"前金區","area_m2":11725.7,"centroid":[120.296828,22.634802],"population":270,"households":134,"male":132,"female":138,"ages":[20,59,110,81],"density_km2":23026},"geometry":{"type":"Polygon","coordinates":[[[120.297305,22.635389],[120.297467,22.634975],[120.29759,22.634659],[120.296359,22.634223],[120.296338,22.634213],[120.29621,22.634566],[120.296073,22.634946],[120.296069,22.634957],[120.296095,22.634955],[120.297305,22.635389]]]}},{"type":"Feature","id":"A6406-0036-00","properties":{"code":"A6406-0036-00","district":"新興區","area_m2":5891.2,"centroid":[120.311308,22.635192],"population":114,"households":42,"male":57,"female":57,"ages":[24,27,42,21],"density_km2":19351},"geometry":{"type":"Polygon","coordinates":[[[120.310674,22.635439],[120.311981,22.63533],[120.311952,22.634951],[120.310642,22.635032],[120.310674,22.635439]]]}},{"type":"Feature","id":"A6405-1512-00","properties":{"code":"A6405-1512-00","district":"三民區","area_m2":8895.6,"centroid":[120.29217,22.63484],"population":70,"households":33,"male":30,"female":40,"ages":[2,10,26,32],"density_km2":7869},"geometry":{"type":"Polygon","coordinates":[[[120.291536,22.635017],[120.29253,22.635357],[120.292803,22.634665],[120.292732,22.634638],[120.291862,22.634341],[120.291809,22.634324],[120.291734,22.634524],[120.291536,22.635017]]]}},{"type":"Feature","id":"A6402-0522-00","properties":{"code":"A6402-0522-00","district":"鼓山區","area_m2":4735.5,"centroid":[120.282726,22.634764],"population":73,"households":38,"male":36,"female":37,"ages":[4,16,29,24],"density_km2":15416},"geometry":{"type":"Polygon","coordinates":[[[120.282724,22.6353],[120.282781,22.635302],[120.282838,22.635158],[120.283093,22.634335],[120.283025,22.634311],[120.282934,22.634257],[120.282853,22.634176],[120.282608,22.634602],[120.282332,22.63513],[120.282513,22.635231],[120.282724,22.6353]]]}},{"type":"Feature","id":"A6405-1513-00","properties":{"code":"A6405-1513-00","district":"三民區","area_m2":9125.8,"centroid":[120.28867,22.634818],"population":271,"households":117,"male":140,"female":131,"ages":[24,64,116,67],"density_km2":29696},"geometry":{"type":"Polygon","coordinates":[[[120.289473,22.635305],[120.289508,22.635317],[120.289658,22.634928],[120.289614,22.634914],[120.287827,22.634319],[120.287685,22.634711],[120.288826,22.63509],[120.289473,22.635305]]]}},{"type":"Feature","id":"A6405-1515-00","properties":{"code":"A6405-1515-00","district":"三民區","area_m2":12570.7,"centroid":[120.317545,22.634841],"population":68,"households":29,"male":39,"female":29,"ages":[12,8,28,20],"density_km2":5409},"geometry":{"type":"Polygon","coordinates":[[[120.317193,22.635433],[120.318065,22.635437],[120.318053,22.634275],[120.318087,22.634197],[120.317989,22.634214],[120.317608,22.634291],[120.317434,22.63434],[120.317318,22.634389],[120.316931,22.634689],[120.316954,22.634746],[120.317193,22.635433]]]}},{"type":"Feature","id":"A6406-0037-00","properties":{"code":"A6406-0037-00","district":"新興區","area_m2":4726.3,"centroid":[120.307028,22.635161],"population":180,"households":72,"male":90,"female":90,"ages":[36,34,69,41],"density_km2":38085},"geometry":{"type":"Polygon","coordinates":[[[120.306393,22.635367],[120.307686,22.635272],[120.30766,22.634957],[120.306375,22.635041],[120.306393,22.635367]]]}},{"type":"Feature","id":"A6406-0055-00","properties":{"code":"A6406-0055-00","district":"新興區","area_m2":22420.1,"centroid":[120.315914,22.634386],"population":284,"households":104,"male":137,"female":147,"ages":[76,38,107,63],"density_km2":12667},"geometry":{"type":"Polygon","coordinates":[[[120.315538,22.635316],[120.316745,22.634395],[120.31672,22.634087],[120.316678,22.633588],[120.316648,22.633589],[120.315508,22.633663],[120.315148,22.633688],[120.315193,22.63442],[120.315191,22.634772],[120.315441,22.635243],[120.3155,22.635353],[120.315538,22.635316]]]}},{"type":"Feature","id":"A6406-0042-00","properties":{"code":"A6406-0042-00","district":"新興區","area_m2":12207.2,"centroid":[120.312756,22.634938],"population":0,"households":0,"male":0,"female":0,"ages":[0,0,0,0],"density_km2":0},"geometry":{"type":"Polygon","coordinates":[[[120.311981,22.63533],[120.313594,22.635201],[120.313525,22.634554],[120.311929,22.634648],[120.311952,22.634951],[120.311981,22.63533]]]}},{"type":"Feature","id":"A6406-0038-00","properties":{"code":"A6406-0038-00","district":"新興區","area_m2":6316.4,"centroid":[120.304092,22.635046],"population":103,"households":44,"male":41,"female":62,"ages":[18,11,49,25],"density_km2":16307},"geometry":{"type":"Polygon","coordinates":[[[120.303252,22.635272],[120.30497,22.635137],[120.304962,22.635059],[120.304949,22.634825],[120.303221,22.634942],[120.303252,22.635272]]]}},{"type":"Feature","id":"A6406-0123-00","properties":{"code":"A6406-0123-00","district":"新興區","area_m2":2263.8,"centroid":[120.313638,22.631622],"population":195,"households":73,"male":106,"female":89,"ages":[43,54,66,32],"density_km2":86140},"geometry":{"type":"Polygon","coordinates":[[[120.313332,22.631803],[120.313965,22.631755],[120.313938,22.631442],[120.31333,22.631486],[120.313313,22.631487],[120.31333,22.631772],[120.313332,22.631803]]]}},{"type":"Feature","id":"A6406-0131-00","properties":{"code":"A6406-0131-00","district":"新興區","area_m2":10584.4,"centroid":[120.306724,22.631344],"population":150,"households":91,"male":68,"female":82,"ages":[8,28,62,52],"density_km2":14172},"geometry":{"type":"Polygon","coordinates":[[[120.306114,22.631746],[120.307402,22.631653],[120.307351,22.631034],[120.30734,22.630944],[120.307264,22.630949],[120.306046,22.631027],[120.306053,22.631126],[120.306114,22.631746]]]}},{"type":"Feature","id":"A6402-0535-00","properties":{"code":"A6402-0535-00","district":"鼓山區","area_m2":10105.1,"centroid":[120.280827,22.63084],"population":259,"households":110,"male":115,"female":144,"ages":[16,55,107,81],"density_km2":25631},"geometry":{"type":"Polygon","coordinates":[[[120.280214,22.631034],[120.280571,22.631612],[120.280679,22.63155],[120.280836,22.63141],[120.281259,22.630858],[120.281474,22.63058],[120.281115,22.630049],[120.2808,22.630221],[120.280808,22.630233],[120.280967,22.63049],[120.280385,22.63082],[120.280342,22.630845],[120.28015,22.630951],[120.280214,22.631034]]]}},{"type":"Feature","id":"A6406-0125-00","properties":{"code":"A6406-0125-00","district":"新興區","area_m2":1703.0,"centroid":[120.314188,22.63158],"population":400,"households":159,"male":183,"female":217,"ages":[103,87,137,73],"density_km2":234874},"geometry":{"type":"Polygon","coordinates":[[[120.313965,22.631755],[120.314219,22.631735],[120.314438,22.631719],[120.314416,22.631407],[120.314194,22.631423],[120.313938,22.631442],[120.313965,22.631755]]]}},{"type":"Feature","id":"A6406-0133-00","properties":{"code":"A6406-0133-00","district":"新興區","area_m2":12719.4,"centroid":[120.299672,22.631062],"population":126,"households":57,"male":62,"female":64,"ages":[12,23,49,42],"density_km2":9906},"geometry":{"type":"Polygon","coordinates":[[[120.298928,22.631274],[120.299003,22.631298],[120.300121,22.631663],[120.300423,22.630909],[120.300442,22.63085],[120.300419,22.630842],[120.299806,22.63065],[120.299594,22.630584],[120.299198,22.630466],[120.29906,22.630843],[120.299026,22.630936],[120.298906,22.631263],[120.298928,22.631274]]]}},{"type":"Feature","id":"A6406-0128-00","properties":{"code":"A6406-0128-00","district":"新興區","area_m2":3204.7,"centroid":[120.314879,22.631529],"population":100,"households":40,"male":48,"female":52,"ages":[28,13,34,25],"density_km2":31204},"geometry":{"type":"Polygon","coordinates":[[[120.314438,22.631719],[120.315345,22.631649],[120.315315,22.631341],[120.314416,22.631407],[120.314438,22.631719]]]}},{"type":"Feature","id":"A6408-0131-00","properties":{"code":"A6408-0131-00","district":"苓雅區","area_m2":21990.5,"centroid":[120.318696,22.630791],"population":273,"households":112,"male":133,"female":140,"ages":[62,42,102,67],"density_km2":12414},"geometry":{"type":"Polygon","coordinates":[[[120.318508,22.631511],[120.319092,22.631715],[120.319377,22.630916],[120.31965,22.630149],[120.319696,22.630013],[120.319676,22.630013],[120.319595,22.630018],[120.318649,22.630079],[120.318627,22.63008],[120.318407,22.630096],[120.318318,22.630102],[120.31807,22.630117],[120.317649,22.631211],[120.318113,22.631373],[120.318343,22.630748],[120.318344,22.63074],[120.318752,22.630716],[120.318771,22.630814],[120.318508,22.631511]]]}},{"type":"Feature","id":"A6407-0049-00","properties":{"code":"A6407-0049-00","district":"前金區","area_m2":14606.5,"centroid":[120.290215,22.630947],"population":312,"households":158,"male":146,"female":166,"ages":[63,53,119,77],"density_km2":21360},"geometry":{"type":"Polygon","coordinates":[[[120.290954,22.631569],[120.29108,22.631214],[120.291191,22.630902],[120.291169,22.630892],[120.289521,22.630326],[120.289226,22.630984],[120.290954,22.631569]]]}},{"type":"Feature","id":"A6407-0047-00","properties":{"code":"A6407-0047-00","district":"前金區","area_m2":10545.5,"centroid":[120.288368,22.631019],"population":204,"households":113,"male":86,"female":118,"ages":[19,44,82,59],"density_km2":19345},"geometry":{"type":"Polygon","coordinates":[[[120.289008,22.63154],[120.289058,22.631411],[120.289226,22.630984],[120.287725,22.630501],[120.287504,22.631035],[120.289008,22.63154]]]}},{"type":"Feature","id":"A6406-0130-00","properties":{"code":"A6406-0130-00","district":"新興區","area_m2":5678.6,"centroid":[120.316138,22.631435],"population":253,"households":91,"male":109,"female":144,"ages":[63,45,95,50],"density_km2":44554},"geometry":{"type":"Polygon","coordinates":[[[120.315345,22.631649],[120.316962,22.631525],[120.31694,22.631222],[120.315315,22.631341],[120.315345,22.631649]]]}},{"type":"Feature","id":"A6407-0044-00","properties":{"code":"A6407-0044-00","district":"前金區","area_m2":5076.0,"centroid":[120.298222,22.631209],"population":245,"households":116,"male":107,"female":138,"ages":[22,51,103,69],"density_km2":48267},"geometry":{"type":"Polygon","coordinates":[[[120.298791,22.631577],[120.298816,22.631509],[120.298906,22.631263],[120.297661,22.63084],[120.29754,22.631162],[120.298791,22.631577]]]}},{"type":"Feature","id":"A6408-0211-00","properties":{"code":"A6408-0211-00","district":"苓雅區","area_m2":11472.1,"centroid":[120.314723,22.627955],"population":46,"households":22,"male":23,"female":23,"ages":[14,4,17,11],"density_km2":4010},"geometry":{"type":"Polygon","coordinates":[[[120.313835,22.628244],[120.314388,22.62842],[120.314512,22.628094],[120.315482,22.62841],[120.315672,22.627956],[120.315676,22.627947],[120.315324,22.62783],[120.314158,22.627443],[120.314093,22.627614],[120.313959,22.627931],[120.31394,22.627975],[120.313927,22.628017],[120.313859,22.628191],[120.313841,22.628229],[120.313835,22.628244]]]}},{"type":"Feature","id":"A6406-0199-00","properties":{"code":"A6406-0199-00","district":"新興區","area_m2":8949.0,"centroid":[120.312645,22.627878],"population":296,"households":137,"male":135,"female":161,"ages":[59,56,112,69],"density_km2":33076},"geometry":{"type":"Polygon","coordinates":[[[120.312976,22.62832],[120.313042,22.628347],[120.31325,22.627807],[120.313316,22.627636],[120.313042,22.627546],[120.313028,22.627582],[120.312901,22.627541],[120.312858,22.627655],[120.312683,22.627598],[120.312725,22.627487],[120.312578,22.62744],[120.312486,22.62753],[120.312185,22.627427],[120.312169,22.627472],[120.311972,22.628037],[120.312703,22.628262],[120.312976,22.62832]]]}},{"type":"Feature","id":"A6406-0198-00","properties":{"code":"A6406-0198-00","district":"新興區","area_m2":9145.2,"centroid":[120.310691,22.627943],"population":73,"households":34,"male":42,"female":31,"ages":[15,10,29,19],"density_km2":7982},"geometry":{"type":"Polygon","coordinates":[[[120.310118,22.628327],[120.31139,22.628236],[120.311363,22.627874],[120.311363,22.627836],[120.310766,22.627646],[120.310455,22.627595],[120.310369,22.627571],[120.310053,22.627519],[120.310118,22.628327]]]}},{"type":"Feature","id":"A6406-0196-00","properties":{"code":"A6406-0196-00","district":"新興區","area_m2":6626.2,"centroid":[120.303532,22.628056],"population":179,"households":93,"male":83,"female":96,"ages":[20,27,73,59],"density_km2":27014},"geometry":{"type":"Polygon","coordinates":[[[120.302688,22.62828],[120.304395,22.628179],[120.304394,22.628167],[120.30439,22.628121],[120.304361,22.627828],[120.302663,22.62795],[120.302688,22.62828]]]}},{"type":"Feature","id":"A6401-0045-00","properties":{"code":"A6401-0045-00","district":"鹽埕區","area_m2":9083.2,"centroid":[120.281753,22.627507],"population":176,"households":79,"male":75,"female":101,"ages":[14,34,65,63],"density_km2":19376},"geometry":{"type":"Polygon","coordinates":[[[120.281711,22.628166],[120.28172,22.628151],[120.282335,22.627846],[120.281815,22.626851],[120.281184,22.627176],[120.281168,22.627184],[120.281698,22.628141],[120.281711,22.628166]]]}},{"type":"Feature","id":"A6401-0052-00","properties":{"code":"A6401-0052-00","district":"鹽埕區","area_m2":49400.9,"centroid":[120.286803,22.62696],"population":74,"households":52,"male":33,"female":41,"ages":[5,12,40,17],"density_km2":1498},"geometry":{"type":"Polygon","coordinates":[[[120.286508,22.627903],[120.286945,22.62803],[120.287497,22.62819],[120.287678,22.627832],[120.288139,22.626952],[120.28822,22.626805],[120.288237,22.626775],[120.287748,22.626587],[120.287982,22.626049],[120.287896,22.626133],[120.287837,22.626161],[120.287784,22.626167],[120.287723,22.626165],[120.287656,22.62614],[120.287602,22.626095],[120.287565,22.626021],[120.287533,22.625975],[120.287489,22.625936],[120.287419,22.625897],[120.287323,22.625868],[120.287251,22.625868],[120.287179,22.625885],[120.287113,22.625904],[120.287067,22.625904],[120.287018,22.625889],[120.286981,22.625858],[120.286962,22.625826],[120.286951,22.625806],[120.286902,22.625784],[120.286864,22.625775],[120.286829,22.625782],[120.286806,22.62579],[120.286771,22.625857],[120.286656,22.626132],[120.286301,22.625984],[120.285317,22.626405],[120.285325,22.626421],[120.285827,22.627389],[120.286061,22.627773],[120.286508,22.627903]]]}},{"type":"Feature","id":"A6407-0083-00","properties":{"code":"A6407-0083-00","district":"前金區","area_m2":21026.1,"centroid":[120.291592,22.627399],"population":163,"households":77,"male":92,"female":71,"ages":[9,39,65,50],"density_km2":7752},"geometry":{"type":"Polygon","coordinates":[[[120.292234,22.62816],[120.292256,22.628171],[120.292621,22.627197],[120.29095,22.62663],[120.290556,22.627594],[120.292234,22.62816]]]}},{"type":"Feature","id":"A6401-0046-00","properties":{"code":"A6401-0046-00","district":"鹽埕區","area_m2":11422.5,"centroid":[120.284436,22.627454],"population":156,"households":79,"male":95,"female":61,"ages":[10,18,75,53],"density_km2":13657},"geometry":{"type":"Polygon","coordinates":[[[120.284277,22.628134],[120.28429,22.628128],[120.28471,22.627931],[120.285098,22.627749],[120.285112,22.627742],[120.284578,22.626773],[120.283778,22.627158],[120.283765,22.627164],[120.284277,22.628134]]]}},{"type":"Feature","id":"A6401-0043-00","properties":{"code":"A6401-0043-00","district":"鹽埕區","area_m2":2832.4,"centroid":[120.285774,22.627754],"population":52,"households":24,"male":26,"female":26,"ages":[5,16,23,8],"density_km2":18359},"geometry":{"type":"Polygon","coordinates":[[[120.285907,22.628131],[120.286061,22.627773],[120.285827,22.627389],[120.285464,22.627568],[120.28574,22.62808],[120.285907,22.628131]]]}},{"type":"Feature","id":"A6407-0082-00","properties":{"code":"A6407-0082-00","district":"前金區","area_m2":13170.8,"centroid":[120.295094,22.627515],"population":253,"households":137,"male":111,"female":142,"ages":[16,42,89,106],"density_km2":19209},"geometry":{"type":"Polygon","coordinates":[[[120.294378,22.627792],[120.29547,22.628159],[120.295833,22.627248],[120.295811,22.627237],[120.294711,22.62687],[120.29455,22.627284],[120.294357,22.627781],[120.294378,22.627792]]]}},{"type":"Feature","id":"A6401-0044-00","properties":{"code":"A6401-0044-00","district":"鹽埕區","area_m2":3843.9,"centroid":[120.280687,22.627711],"population":103,"households":51,"male":59,"female":44,"ages":[11,15,51,26],"density_km2":26796},"geometry":{"type":"Polygon","coordinates":[[[120.281096,22.627825],[120.280836,22.627334],[120.280492,22.627512],[120.280476,22.627513],[120.280275,22.627604],[120.280284,22.62762],[120.280538,22.628084],[120.281096,22.627825]]]}},{"type":"Feature","id":"A6402-0567-00","properties":{"code":"A6402-0567-00","district":"鼓山區","area_m2":7601.8,"centroid":[120.273242,22.623145],"population":173,"households":72,"male":90,"female":83,"ages":[21,35,65,52],"density_km2":22758},"geometry":{"type":"Polygon","coordinates":[[[120.273444,22.623873],[120.273839,22.623623],[120.273032,22.622418],[120.272694,22.622609],[120.272643,22.622639],[120.272654,22.622655],[120.273444,22.623873]]]}},{"type":"Feature","id":"A6402-0566-00","properties":{"code":"A6402-0566-00","district":"鼓山區","area_m2":4935.0,"centroid":[120.270528,22.623237],"population":207,"households":89,"male":97,"female":110,"ages":[26,44,85,52],"density_km2":41945},"geometry":{"type":"Polygon","coordinates":[[[120.270679,22.623802],[120.271009,22.623613],[120.270389,22.622674],[120.270043,22.622865],[120.270061,22.622882],[120.270679,22.623802]]]}},{"type":"Feature","id":"A6408-0319-00","properties":{"code":"A6408-0319-00","district":"苓雅區","area_m2":6110.3,"centroid":[120.317214,22.623371],"population":356,"households":143,"male":158,"female":198,"ages":[103,47,140,66],"density_km2":58262},"geometry":{"type":"Polygon","coordinates":[[[120.317228,22.624003],[120.317228,22.623983],[120.317421,22.623463],[120.317633,22.622889],[120.317637,22.622878],[120.31722,22.622738],[120.316789,22.623854],[120.317228,22.624003]]]}},{"type":"Feature","id":"A6406-0255-00","properties":{"code":"A6406-0255-00","district":"新興區","area_m2":6503.5,"centroid":[120.308943,22.623113],"population":101,"households":48,"male":42,"female":59,"ages":[8,21,43,29],"density_km2":15530},"geometry":{"type":"Polygon","coordinates":[[[120.308477,22.623848],[120.30881,22.623952],[120.309406,22.622364],[120.309129,22.622279],[120.309093,22.622268],[120.308477,22.623848]]]}},{"type":"Feature","id":"A6407-0114-00","properties":{"code":"A6407-0114-00","district":"前金區","area_m2":14466.5,"centroid":[120.293213,22.623222],"population":336,"households":178,"male":162,"female":174,"ages":[43,99,125,69],"density_km2":23226},"geometry":{"type":"Polygon","coordinates":[[[120.293881,22.623842],[120.293981,22.623605],[120.294176,22.623148],[120.292772,22.622694],[120.292498,22.622609],[120.292252,22.623267],[120.293881,22.623842]]]}},{"type":"Feature","id":"A6406-0253-00","properties":{"code":"A6406-0253-00","district":"新興區","area_m2":15388.9,"centroid":[120.30277,22.623218],"population":78,"households":58,"male":37,"female":41,"ages":[2,13,25,38],"density_km2":5069},"geometry":{"type":"Polygon","coordinates":[[[120.303361,22.623869],[120.303481,22.623559],[120.303675,22.623057],[120.302179,22.622573],[120.301858,22.623369],[120.302115,22.62344],[120.302165,22.623457],[120.303325,22.623857],[120.303361,22.623869]]]}},{"type":"Feature","id":"A6401-0087-00","properties":{"code":"A6401-0087-00","district":"鹽埕區","area_m2":10190.2,"centroid":[120.285821,22.623105],"population":189,"households":95,"male":84,"female":105,"ages":[18,43,74,54],"density_km2":18547},"geometry":{"type":"Polygon","coordinates":[[[120.285722,22.62378],[120.28644,22.623411],[120.286431,22.623394],[120.286334,22.623212],[120.285921,22.622434],[120.285202,22.622785],[120.285211,22.622802],[120.285722,22.62378]]]}},{"type":"Feature","id":"A6408-0335-00","properties":{"code":"A6408-0335-00","district":"苓雅區","area_m2":33481.8,"centroid":[120.313229,22.622853],"population":0,"households":0,"male":0,"female":0,"ages":[0,0,0,0],"density_km2":0},"geometry":{"type":"Polygon","coordinates":[[[120.313794,22.623853],[120.31387,22.623884],[120.314415,22.622433],[120.3141,22.622327],[120.312667,22.621847],[120.31261,22.621828],[120.312397,22.622382],[120.312359,22.622481],[120.312334,22.622539],[120.312304,22.622609],[120.312023,22.623215],[120.313507,22.623763],[120.313563,22.62378],[120.313794,22.623853]]]}},{"type":"Feature","id":"A6401-0088-00","properties":{"code":"A6401-0088-00","district":"鹽埕區","area_m2":12215.1,"centroid":[120.280991,22.62305],"population":127,"households":58,"male":58,"female":69,"ages":[16,27,56,28],"density_km2":10397},"geometry":{"type":"Polygon","coordinates":[[[120.280819,22.623731],[120.281291,22.62351],[120.281678,22.623328],[120.281705,22.623315],[120.281417,22.622783],[120.28119,22.622362],[120.281177,22.622369],[120.28027,22.622825],[120.280819,22.623731]]]}},{"type":"Feature","id":"A6406-0256-00","properties":{"code":"A6406-0256-00","district":"新興區","area_m2":7841.8,"centroid":[120.308596,22.622991],"population":174,"households":91,"male":80,"female":94,"ages":[8,39,65,62],"density_km2":22189},"geometry":{"type":"Polygon","coordinates":[[[120.308371,22.623814],[120.308477,22.623848],[120.309093,22.622268],[120.309036,22.622251],[120.308996,22.622239],[120.308703,22.622134],[120.308693,22.62217],[120.308683,22.622209],[120.308544,22.622562],[120.308524,22.622614],[120.30852,22.622624],[120.308362,22.622994],[120.308238,22.623348],[120.308104,22.623726],[120.30835,22.6238],[120.308371,22.623814]]]}},{"type":"Feature","id":"A6408-0323-00","properties":{"code":"A6408-0323-00","district":"苓雅區","area_m2":6084.6,"centroid":[120.31679,22.623229],"population":372,"households":151,"male":170,"female":202,"ages":[116,76,112,68],"density_km2":61138},"geometry":{"type":"Polygon","coordinates":[[[120.316763,22.623845],[120.316789,22.623854],[120.31722,22.622738],[120.317194,22.622729],[120.317139,22.622711],[120.316792,22.622607],[120.31636,22.623708],[120.31671,22.623827],[120.316763,22.623845]]]}},{"type":"Feature","id":"A6401-0136-00","properties":{"code":"A6401-0136-00","district":"鹽埕區","area_m2":46355.6,"centroid":[120.285726,22.618817],"population":0,"households":0,"male":0,"female":0,"ages":[0,0,0,0],"density_km2":0},"geometry":{"type":"Polygon","coordinates":[[[120.285575,22.620239],[120.286274,22.619899],[120.287025,22.619522],[120.287061,22.619505],[120.285916,22.617398],[120.2859,22.617406],[120.284399,22.618103],[120.28439,22.618107],[120.284727,22.618749],[120.284736,22.618766],[120.285029,22.619316],[120.285575,22.620239]]]}},{"type":"Feature","id":"A6408-0448-00","properties":{"code":"A6408-0448-00","district":"苓雅區","area_m2":12834.5,"centroid":[120.314286,22.619746],"population":427,"households":209,"male":197,"female":230,"ages":[92,81,156,98],"density_km2":33270},"geometry":{"type":"Polygon","coordinates":[[[120.314922,22.620331],[120.31504,22.620024],[120.315176,22.619673],[120.313645,22.619162],[120.313627,22.619212],[120.313409,22.619765],[120.313394,22.619808],[120.313426,22.619819],[120.314922,22.620331]]]}},{"type":"Feature","id":"A6408-0446-00","properties":{"code":"A6408-0446-00","district":"苓雅區","area_m2":8022.4,"centroid":[120.305391,22.619765],"population":216,"households":103,"male":113,"female":103,"ages":[23,41,86,66],"density_km2":26925},"geometry":{"type":"Polygon","coordinates":[[[120.304856,22.620017],[120.305643,22.620287],[120.305947,22.619516],[120.305141,22.619244],[120.304974,22.619658],[120.304834,22.620006],[120.304856,22.620017]]]}},{"type":"Feature","id":"A6408-0442-00","properties":{"code":"A6408-0442-00","district":"苓雅區","area_m2":5529.1,"centroid":[120.308868,22.619896],"population":195,"households":74,"male":96,"female":99,"ages":[36,32,75,52],"density_km2":35268},"geometry":{"type":"Polygon","coordinates":[[[120.309416,22.620275],[120.309532,22.619984],[120.309555,22.619925],[120.308314,22.619518],[120.308181,22.619863],[120.309416,22.620275]]]}},{"type":"Feature","id":"A6408-0466-00","properties":{"code":"A6408-0466-00","district":"苓雅區","area_m2":25217.7,"centroid":[120.312533,22.619405],"population":557,"households":257,"male":261,"female":296,"ages":[134,106,215,102],"density_km2":22088},"geometry":{"type":"Polygon","coordinates":[[[120.313234,22.620262],[120.313394,22.619808],[120.313409,22.619765],[120.313627,22.619212],[120.313645,22.619162],[120.311823,22.618555],[120.311797,22.618622],[120.311421,22.619621],[120.313234,22.620262]]]}},{"type":"Feature","id":"A6407-0149-00","properties":{"code":"A6407-0149-00","district":"前金區","area_m2":16592.0,"centroid":[120.296607,22.619497],"population":102,"households":50,"male":48,"female":54,"ages":[11,26,32,33],"density_km2":6148},"geometry":{"type":"Polygon","coordinates":[[[120.296507,22.619895],[120.2973,22.620178],[120.29745,22.61978],[120.29759,22.619406],[120.29593,22.618827],[120.295909,22.618817],[120.295624,22.619578],[120.295646,22.619588],[120.296507,22.619895]]]}},{"type":"Feature","id":"A6408-0451-00","properties":{"code":"A6408-0451-00","district":"苓雅區","area_m2":11519.3,"centroid":[120.307543,22.619654],"population":282,"households":127,"male":131,"female":151,"ages":[36,69,108,69],"density_km2":24481},"geometry":{"type":"Polygon","coordinates":[[[120.30796,22.620193],[120.308044,22.62022],[120.308181,22.619863],[120.308314,22.619518],[120.307049,22.619087],[120.306772,22.619794],[120.30796,22.620193]]]}},{"type":"Feature","id":"A6402-0600-00","properties":{"code":"A6402-0600-00","district":"鼓山區","area_m2":47390.9,"centroid":[120.272761,22.619004],"population":145,"households":66,"male":61,"female":84,"ages":[16,24,69,36],"density_km2":3060},"geometry":{"type":"Polygon","coordinates":[[[120.273463,22.620001],[120.274163,22.620068],[120.274186,22.619523],[120.274259,22.618526],[120.271195,22.617854],[120.271075,22.618278],[120.271229,22.618452],[120.271314,22.618507],[120.271851,22.61859],[120.273283,22.618888],[120.273257,22.619096],[120.272257,22.618999],[120.272257,22.618958],[120.272016,22.618941],[120.272009,22.618975],[120.27196,22.61897],[120.271836,22.618958],[120.271817,22.619119],[120.271732,22.619838],[120.271744,22.619905],[120.271817,22.619904],[120.272786,22.619987],[120.272798,22.619979],[120.272953,22.619952],[120.273463,22.620001]]]}},{"type":"Feature","id":"A6401-0133-00","properties":{"code":"A6401-0133-00","district":"鹽埕區","area_m2":8916.8,"centroid":[120.282059,22.619496],"population":96,"households":48,"male":49,"female":47,"ages":[15,20,37,24],"density_km2":10766},"geometry":{"type":"Polygon","coordinates":[[[120.281918,22.620087],[120.282659,22.619738],[120.282457,22.619358],[120.282215,22.618904],[120.281456,22.619256],[120.281696,22.619689],[120.281918,22.620087]]]}},{"type":"Feature","id":"A6408-0447-00","properties":{"code":"A6408-0447-00","district":"苓雅區","area_m2":7930.4,"centroid":[120.315684,22.619765],"population":175,"households":83,"male":85,"female":90,"ages":[16,45,68,46],"density_km2":22067},"geometry":{"type":"Polygon","coordinates":[[[120.31504,22.620024],[120.315653,22.62023],[120.315793,22.619881],[120.316241,22.620027],[120.316365,22.619723],[120.316388,22.619654],[120.315321,22.619298],[120.315296,22.619363],[120.315183,22.619655],[120.315176,22.619673],[120.31504,22.620024]]]}},{"type":"Feature","id":"A6407-0147-00","properties":{"code":"A6407-0147-00","district":"前金區","area_m2":5148.7,"centroid":[120.298078,22.619771],"population":120,"households":52,"male":64,"female":56,"ages":[10,24,46,40],"density_km2":23307},"geometry":{"type":"Polygon","coordinates":[[[120.298585,22.620129],[120.298712,22.619789],[120.297612,22.619416],[120.29759,22.619406],[120.29745,22.61978],[120.297471,22.61979],[120.298585,22.620129]]]}},{"type":"Feature","id":"A6408-0454-00","properties":{"code":"A6408-0454-00","district":"苓雅區","area_m2":4908.8,"centroid":[120.309916,22.619625],"population":304,"households":133,"male":149,"female":155,"ages":[34,66,120,84],"density_km2":61929},"geometry":{"type":"Polygon","coordinates":[[[120.309532,22.619984],[120.309962,22.620138],[120.310302,22.619261],[120.310251,22.619246],[120.310212,22.619235],[120.310171,22.619214],[120.309886,22.619126],[120.309856,22.619116],[120.30983,22.619189],[120.309627,22.619733],[120.309555,22.619925],[120.309532,22.619984]]]}},{"type":"Feature","id":"A6408-0450-00","properties":{"code":"A6408-0450-00","district":"苓雅區","area_m2":7699.8,"centroid":[120.294871,22.619608],"population":201,"households":120,"male":73,"female":128,"ages":[20,51,84,46],"density_km2":26105},"geometry":{"type":"Polygon","coordinates":[[[120.294162,22.619924],[120.294497,22.620034],[120.294624,22.619696],[120.295477,22.619977],[120.295504,22.619904],[120.295624,22.619578],[120.294451,22.619159],[120.294162,22.619924]]]}},{"type":"Feature","id":"A6407-0146-00","properties":{"code":"A6407-0146-00","district":"前金區","area_m2":2733.7,"centroid":[120.300958,22.61979],"population":32,"households":14,"male":15,"female":17,"ages":[4,5,15,8],"density_km2":11706},"geometry":{"type":"Polygon","coordinates":[[[120.30056,22.61984],[120.301239,22.620058],[120.301348,22.619769],[120.301355,22.619749],[120.301334,22.619738],[120.300685,22.61952],[120.300676,22.619543],[120.30056,22.61984]]]}},{"type":"Feature","id":"A6408-0656-00","properties":{"code":"A6408-0656-00","district":"苓雅區","area_m2":7869.0,"centroid":[120.295119,22.61466],"population":240,"households":121,"male":113,"female":127,"ages":[27,53,102,58],"density_km2":30500},"geometry":{"type":"Polygon","coordinates":[[[120.29505,22.6151],[120.295337,22.6152],[120.29542,22.614982],[120.295604,22.6145],[120.295645,22.614393],[120.294891,22.614116],[120.294876,22.614157],[120.294668,22.614738],[120.294596,22.614942],[120.29505,22.6151]]]}},{"type":"Feature","id":"A6409-0024-00","properties":{"code":"A6409-0024-00","district":"前鎮區","area_m2":8173.4,"centroid":[120.307779,22.61478],"population":99,"households":66,"male":51,"female":48,"ages":[6,24,36,33],"density_km2":12112},"geometry":{"type":"Polygon","coordinates":[[[120.308452,22.615228],[120.308518,22.615256],[120.308666,22.614862],[120.307047,22.614306],[120.306889,22.614705],[120.306922,22.614709],[120.307652,22.614956],[120.308452,22.615228]]]}},{"type":"Feature","id":"A6408-0661-00","properties":{"code":"A6408-0661-00","district":"苓雅區","area_m2":6703.6,"centroid":[120.303257,22.614394],"population":207,"households":136,"male":89,"female":118,"ages":[28,49,105,25],"density_km2":30879},"geometry":{"type":"Polygon","coordinates":[[[120.303109,22.615212],[120.303131,22.615219],[120.303725,22.613678],[120.303698,22.61367],[120.303675,22.613663],[120.303387,22.613568],[120.30279,22.615104],[120.303109,22.615212]]]}},{"type":"Feature","id":"A6409-0028-00","properties":{"code":"A6409-0028-00","district":"前鎮區","area_m2":7208.6,"centroid":[120.31484,22.614772],"population":448,"households":200,"male":226,"female":222,"ages":[84,105,170,89],"density_km2":62148},"geometry":{"type":"Polygon","coordinates":[[[120.314529,22.6152],[120.315198,22.615258],[120.315202,22.614529],[120.315162,22.614318],[120.315,22.614339],[120.31492,22.614339],[120.314465,22.61429],[120.314529,22.6152]]]}},{"type":"Feature","id":"A6410-0001-00","properties":{"code":"A6410-0001-00","district":"旗津區","area_m2":18247.1,"centroid":[120.268346,22.614284],"population":315,"households":128,"male":170,"female":145,"ages":[27,85,117,86],"density_km2":17263},"geometry":{"type":"Polygon","coordinates":[[[120.267275,22.614562],[120.267505,22.615046],[120.267609,22.615013],[120.269256,22.614354],[120.26929,22.614422],[120.269387,22.614394],[120.269387,22.614351],[120.269353,22.614355],[120.269303,22.614244],[120.269469,22.614176],[120.269434,22.61414],[120.269428,22.614124],[120.269108,22.613861],[120.2689,22.613687],[120.268772,22.61358],[120.268702,22.613482],[120.268374,22.613787],[120.268177,22.613921],[120.267976,22.614045],[120.267776,22.614132],[120.267297,22.614328],[120.267386,22.614523],[120.267275,22.614562]]]}},{"type":"Feature","id":"A6408-0657-00","properties":{"code":"A6408-0657-00","district":"苓雅區","area_m2":8915.9,"centroid":[120.306079,22.614702],"population":109,"households":54,"male":57,"female":52,"ages":[10,30,40,29],"density_km2":12225},"geometry":{"type":"Polygon","coordinates":[[[120.306725,22.61518],[120.306742,22.615141],[120.306922,22.614709],[120.306889,22.614705],[120.306814,22.614672],[120.305768,22.614342],[120.305662,22.614309],[120.305401,22.614227],[120.305247,22.614639],[120.305234,22.614674],[120.306725,22.61518]]]}},{"type":"Feature","id":"A6409-0039-00","properties":{"code":"A6409-0039-00","district":"前鎮區","area_m2":51715.9,"centroid":[120.313104,22.614289],"population":0,"households":0,"male":0,"female":0,"ages":[0,0,0,0],"density_km2":0},"geometry":{"type":"Polygon","coordinates":[[[120.313877,22.615179],[120.314529,22.6152],[120.314465,22.61429],[120.314463,22.614271],[120.314305,22.613393],[120.314292,22.613331],[120.313813,22.613386],[120.31379,22.613381],[120.313752,22.613386],[120.312896,22.613494],[120.312866,22.613498],[120.311991,22.613626],[120.311933,22.613627],[120.311608,22.613662],[120.311627,22.613741],[120.311629,22.613754],[120.311732,22.614392],[120.311788,22.614985],[120.311786,22.615087],[120.311806,22.615089],[120.312874,22.615147],[120.313877,22.615179]]]}},{"type":"Feature","id":"A6408-0668-00","properties":{"code":"A6408-0668-00","district":"苓雅區","area_m2":6668.3,"centroid":[120.30292,22.61428],"population":221,"households":119,"male":96,"female":125,"ages":[36,49,100,36],"density_km2":33142},"geometry":{"type":"Polygon","coordinates":[[[120.302453,22.614991],[120.30279,22.615104],[120.303387,22.613568],[120.303087,22.61347],[120.303048,22.613457],[120.302453,22.614991]]]}},{"type":"Feature","id":"A6408-0654-00","properties":{"code":"A6408-0654-00","district":"苓雅區","area_m2":3533.2,"centroid":[120.293767,22.614674],"population":212,"households":91,"male":96,"female":116,"ages":[33,40,93,46],"density_km2":60003},"geometry":{"type":"Polygon","coordinates":[[[120.293421,22.615015],[120.294225,22.614654],[120.294231,22.614342],[120.294119,22.614346],[120.294008,22.614396],[120.293271,22.614729],[120.293421,22.615015]]]}},{"type":"Feature","id":"A6409-0034-00","properties":{"code":"A6409-0034-00","district":"前鎮區","area_m2":9899.8,"centroid":[120.311096,22.614334],"population":218,"households":99,"male":100,"female":118,"ages":[20,53,77,68],"density_km2":22021},"geometry":{"type":"Polygon","coordinates":[[[120.311448,22.615065],[120.311786,22.615087],[120.311788,22.614985],[120.311732,22.614392],[120.311629,22.613754],[120.311209,22.613809],[120.310222,22.613939],[120.310276,22.614239],[120.310292,22.614319],[120.311343,22.614183],[120.311396,22.614554],[120.311448,22.615065]]]}},{"type":"Feature","id":"A6409-0031-00","properties":{"code":"A6409-0031-00","district":"前鎮區","area_m2":9230.8,"centroid":[120.310888,22.614629],"population":262,"households":124,"male":115,"female":147,"ages":[24,64,95,79],"density_km2":28383},"geometry":{"type":"Polygon","coordinates":[[[120.311378,22.61506],[120.311448,22.615065],[120.311396,22.614554],[120.311343,22.614183],[120.310292,22.614319],[120.310293,22.614323],[120.310341,22.614562],[120.310372,22.614558],[120.310415,22.614958],[120.310401,22.614995],[120.311086,22.615041],[120.311378,22.61506]]]}},{"type":"Feature","id":"A6408-0667-00","properties":{"code":"A6408-0667-00","district":"苓雅區","area_m2":15134.0,"centroid":[120.292048,22.614265],"population":206,"households":108,"male":95,"female":111,"ages":[16,45,85,60],"density_km2":13612},"geometry":{"type":"Polygon","coordinates":[[[120.291432,22.614964],[120.292149,22.61464],[120.29299,22.614258],[120.293017,22.614246],[120.292843,22.613911],[120.292661,22.613561],[120.292625,22.613578],[120.29179,22.613966],[120.291074,22.614314],[120.291407,22.614921],[120.291432,22.614964]]]}},{"type":"Feature","id":"A6408-0664-00","properties":{"code":"A6408-0664-00","district":"苓雅區","area_m2":15810.9,"centroid":[120.296639,22.614327],"population":118,"households":50,"male":57,"female":61,"ages":[12,22,46,38],"density_km2":7463},"geometry":{"type":"Polygon","coordinates":[[[120.297363,22.614975],[120.29752,22.614536],[120.297626,22.614243],[120.295928,22.613683],[120.295857,22.613867],[120.2957,22.614255],[120.295645,22.614393],[120.295667,22.614403],[120.297363,22.614975]]]}},{"type":"Feature","id":"A6402-0416-00","properties":{"code":"A6402-0416-00","district":"鼓山區","area_m2":70467.0,"centroid":[120.293446,22.651376],"population":106,"households":44,"male":51,"female":55,"ages":[18,22,40,26],"density_km2":1504},"geometry":{"type":"Polygon","coordinates":[[[120.291992,22.651577],[120.291992,22.651593],[120.292024,22.651592],[120.292444,22.651576],[120.292547,22.651575],[120.292585,22.651588],[120.292645,22.651626],[120.293087,22.651932],[120.293337,22.652119],[120.29336,22.652175],[120.293372,22.652221],[120.293372,22.652272],[120.29333,22.652569],[120.293337,22.652609],[120.293353,22.65264],[120.293377,22.652664],[120.293406,22.652684],[120.293646,22.652821],[120.294218,22.65314],[120.294577,22.653277],[120.29463,22.653288],[120.29467,22.653292],[120.294714,22.653273],[120.294757,22.65324],[120.294819,22.653138],[120.294865,22.653059],[120.294928,22.652988],[120.294992,22.652944],[120.295065,22.65292],[120.295085,22.6528],[120.295082,22.652732],[120.295077,22.652683],[120.295087,22.652643],[120.295109,22.652594],[120.295141,22.652419],[120.295136,22.652411],[120.295126,22.652402],[120.294742,22.652311],[120.294714,22.652298],[120.294688,22.652278],[120.29465,22.652215],[120.294553,22.652005],[120.294485,22.651847],[120.294435,22.651714],[120.294405,22.651614],[120.294384,22.651474],[120.294374,22.651419],[120.294375,22.651388],[120.294401,22.651346],[120.294538,22.651132],[120.294414,22.650974],[120.294105,22.650632],[120.293436,22.650072],[120.293375,22.650031],[120.293004,22.64981],[120.292814,22.649721],[120.292405,22.649573],[120.292338,22.649565],[120.292188,22.649551],[120.29193,22.64955],[120.291879,22.649556],[120.29188,22.64977],[120.291943,22.650718],[120.291943,22.650729],[120.291958,22.651194],[120.29196,22.65121],[120.291992,22.651577]]]}},{"type":"Feature","id":"A6405-0581-00","properties":{"code":"A6405-0581-00","district":"三民區","area_m2":4320.9,"centroid":[120.299525,22.64933],"population":119,"households":45,"male":52,"female":67,"ages":[18,21,44,36],"density_km2":27541},"geometry":{"type":"Polygon","coordinates":[[[120.298947,22.649533],[120.30012,22.649442],[120.300135,22.649441],[120.30011,22.649128],[120.300097,22.649129],[120.298917,22.649212],[120.298947,22.649533]]]}},{"type":"Feature","id":"A6405-0584-00","properties":{"code":"A6405-0584-00","district":"三民區","area_m2":4281.7,"centroid":[120.304988,22.64924],"population":123,"households":51,"male":59,"female":64,"ages":[15,27,44,37],"density_km2":28727},"geometry":{"type":"Polygon","coordinates":[[[120.30441,22.649436],[120.305554,22.649361],[120.305597,22.649358],[120.305571,22.649045],[120.305532,22.649047],[120.304377,22.649121],[120.30441,22.649436]]]}},{"type":"Feature","id":"A6402-0456-00","properties":{"code":"A6402-0456-00","district":"鼓山區","area_m2":8228.5,"centroid":[120.278202,22.648923],"population":74,"households":31,"male":40,"female":34,"ages":[9,14,26,25],"density_km2":8993},"geometry":{"type":"Polygon","coordinates":[[[120.277973,22.649104],[120.278976,22.649313],[120.278967,22.648874],[120.278966,22.648824],[120.277504,22.648541],[120.277397,22.648984],[120.277973,22.649104]]]}},{"type":"Feature","id":"A6405-0611-00","properties":{"code":"A6405-0611-00","district":"三民區","area_m2":6565.6,"centroid":[120.297027,22.648739],"population":151,"households":50,"male":75,"female":76,"ages":[20,38,56,37],"density_km2":22999},"geometry":{"type":"Polygon","coordinates":[[[120.296866,22.649386],[120.29732,22.649348],[120.297193,22.648123],[120.297191,22.648094],[120.296754,22.648127],[120.296732,22.648132],[120.296736,22.648157],[120.296866,22.649386]]]}},{"type":"Feature","id":"A6405-0614-00","properties":{"code":"A6405-0614-00","district":"三民區","area_m2":6388.1,"centroid":[120.297472,22.648698],"population":266,"households":103,"male":136,"female":130,"ages":[33,60,99,74],"density_km2":41640},"geometry":{"type":"Polygon","coordinates":[[[120.29732,22.649348],[120.297744,22.649307],[120.297724,22.648995],[120.297704,22.648687],[120.297679,22.648403],[120.297676,22.648367],[120.297651,22.648089],[120.297648,22.648058],[120.297191,22.648094],[120.297193,22.648123],[120.29732,22.649348]]]}},{"type":"Feature","id":"A6405-0588-00","properties":{"code":"A6405-0588-00","district":"三民區","area_m2":3983.7,"centroid":[120.306145,22.649165],"population":110,"households":38,"male":50,"female":60,"ages":[19,23,43,25],"density_km2":27613},"geometry":{"type":"Polygon","coordinates":[[[120.305597,22.649358],[120.306721,22.649279],[120.306695,22.648973],[120.305571,22.649045],[120.305597,22.649358]]]}},{"type":"Feature","id":"A6405-0592-00","properties":{"code":"A6405-0592-00","district":"三民區","area_m2":4126.0,"centroid":[120.298319,22.649107],"population":79,"households":31,"male":47,"female":32,"ages":[9,17,34,19],"density_km2":19147},"geometry":{"type":"Polygon","coordinates":[[[120.297744,22.649307],[120.298917,22.649212],[120.298893,22.648908],[120.297724,22.648995],[120.297744,22.649307]]]}},{"type":"Feature","id":"A6405-0622-00","properties":{"code":"A6405-0622-00","district":"三民區","area_m2":19984.5,"centroid":[120.292562,22.648497],"population":101,"households":53,"male":42,"female":59,"ages":[27,35,33,6],"density_km2":5054},"geometry":{"type":"Polygon","coordinates":[[[120.291878,22.64923],[120.292127,22.649173],[120.29334,22.648906],[120.293338,22.64888],[120.293245,22.647817],[120.291814,22.64791],[120.291877,22.649137],[120.291878,22.64923]]]}},{"type":"Feature","id":"A6405-0595-00","properties":{"code":"A6405-0595-00","district":"三民區","area_m2":4048.6,"centroid":[120.307284,22.649084],"population":60,"households":29,"male":29,"female":31,"ages":[10,8,20,22],"density_km2":14820},"geometry":{"type":"Polygon","coordinates":[[[120.306721,22.649279],[120.307873,22.649196],[120.307849,22.648889],[120.306695,22.648973],[120.306721,22.649279]]]}},{"type":"Feature","id":"A6402-0458-00","properties":{"code":"A6402-0458-00","district":"鼓山區","area_m2":12143.2,"centroid":[120.276143,22.648632],"population":236,"households":97,"male":120,"female":116,"ages":[34,55,98,49],"density_km2":19435},"geometry":{"type":"Polygon","coordinates":[[[120.275327,22.648825],[120.276799,22.649125],[120.27695,22.648409],[120.275483,22.648145],[120.275401,22.648522],[120.275327,22.648825]]]}},{"type":"Feature","id":"A6405-0837-00","properties":{"code":"A6405-0837-00","district":"三民區","area_m2":10148.3,"centroid":[120.299176,22.645383],"population":290,"households":126,"male":141,"female":149,"ages":[38,54,108,90],"density_km2":28576},"geometry":{"type":"Polygon","coordinates":[[[120.298634,22.645805],[120.299772,22.645722],[120.299792,22.64572],[120.29972,22.644964],[120.298561,22.645031],[120.298634,22.645805]]]}},{"type":"Feature","id":"A6402-0484-00","properties":{"code":"A6402-0484-00","district":"鼓山區","area_m2":895557.3,"centroid":[120.271463,22.641011],"population":9,"households":5,"male":5,"female":4,"ages":[0,1,4,4],"density_km2":10},"geometry":{"type":"Polygon","coordinates":[[[120.273791,22.645565],[120.273941,22.645623],[120.274012,22.645592],[120.274086,22.64556],[120.274695,22.645439],[120.274729,22.64543],[120.274899,22.645352],[120.274938,22.645307],[120.275056,22.645251],[120.275106,22.645226],[120.275162,22.645199],[120.275212,22.645176],[120.27523,22.645167],[120.275565,22.645009],[120.275684,22.644953],[120.275721,22.644936],[120.275845,22.644877],[120.276056,22.644779],[120.276407,22.644663],[120.276961,22.644483],[120.277159,22.644667],[120.277352,22.644485],[120.277527,22.644318],[120.277904,22.643997],[120.277942,22.643966],[120.278025,22.643992],[120.2782,22.64324],[120.278289,22.642868],[120.277278,22.642658],[120.276868,22.642359],[120.276277,22.641858],[120.276968,22.640805],[120.277035,22.640613],[120.277671,22.638783],[120.277965,22.637939],[120.278473,22.638098],[120.278492,22.637989],[120.278521,22.637863],[120.278545,22.637789],[120.278586,22.637683],[120.278675,22.637542],[120.278788,22.637401],[120.278897,22.63726],[120.278921,22.637119],[120.278963,22.636889],[120.278962,22.636601],[120.279035,22.63624],[120.279121,22.636075],[120.279271,22.635921],[120.279543,22.635696],[120.279478,22.635686],[120.27923,22.635611],[120.278954,22.635535],[120.278817,22.635609],[120.278642,22.635708],[120.278448,22.635894],[120.278195,22.636196],[120.277081,22.638051],[120.276987,22.638209],[120.276679,22.638049],[120.276506,22.638206],[120.276275,22.638415],[120.276228,22.638458],[120.276094,22.638579],[120.275128,22.63874],[120.274007,22.63857],[120.27318,22.638444],[120.272954,22.6384],[120.272645,22.638399],[120.271846,22.638416],[120.27107,22.638462],[120.270464,22.638703],[120.270153,22.638808],[120.270124,22.638816],[120.270008,22.638857],[120.269979,22.638865],[120.269858,22.638906],[120.269698,22.638912],[120.269537,22.638904],[120.269504,22.638902],[120.268642,22.638859],[120.268432,22.63885],[120.265625,22.638796],[120.265614,22.638796],[120.265444,22.638836],[120.265402,22.638845],[120.264904,22.638881],[120.264723,22.638842],[120.264679,22.638832],[120.264498,22.638791],[120.264451,22.638782],[120.262963,22.638583],[120.263007,22.638775],[120.263069,22.639042],[120.263351,22.63926],[120.263625,22.639525],[120.263965,22.639949],[120.264038,22.640044],[120.264313,22.640544],[120.26455,22.640841],[120.264591,22.64088],[120.264757,22.641036],[120.265291,22.641472],[120.26575,22.641953],[120.266124,22.642402],[120.266506,22.642878],[120.266839,22.643401],[120.267194,22.643992],[120.267422,22.644582],[120.267532,22.645165],[120.268145,22.644976],[120.268264,22.64492],[120.268301,22.644902],[120.268684,22.644904],[120.269705,22.644926],[120.269841,22.644909],[120.269912,22.6449],[120.271035,22.644856],[120.271265,22.644906],[120.271307,22.644916],[120.271388,22.644934],[120.271648,22.644992],[120.27253,22.645187],[120.272763,22.64524],[120.273021,22.645298],[120.2735,22.645433],[120.273791,22.645565]]]}},{"type":"Feature","id":"A6405-0843-00","properties":{"code":"A6405-0843-00","district":"三民區","area_m2":10055.8,"centroid":[120.300339,22.645303],"population":164,"households":84,"male":86,"female":78,"ages":[16,31,64,53],"density_km2":16309},"geometry":{"type":"Polygon","coordinates":[[[120.299792,22.64572],[120.30094,22.645636],[120.30096,22.645635],[120.300887,22.644888],[120.29972,22.644964],[120.299792,22.64572]]]}},{"type":"Feature","id":"A6402-0478-00","properties":{"code":"A6402-0478-00","district":"鼓山區","area_m2":24976.8,"centroid":[120.281486,22.644341],"population":0,"households":0,"male":0,"female":0,"ages":[0,0,0,0],"density_km2":0},"geometry":{"type":"Polygon","coordinates":[[[120.28118,22.645631],[120.281509,22.645504],[120.281767,22.645405],[120.281985,22.645321],[120.282072,22.645288],[120.282062,22.645264],[120.282018,22.645108],[120.281965,22.644758],[120.281915,22.644424],[120.28193,22.643819],[120.282023,22.643273],[120.282083,22.643108],[120.281161,22.643288],[120.28102,22.643297],[120.280909,22.64331],[120.280922,22.643505],[120.281,22.644665],[120.281006,22.644754],[120.281177,22.645599],[120.28118,22.645631]]]}},{"type":"Feature","id":"A6405-0833-00","properties":{"code":"A6405-0833-00","district":"三民區","area_m2":3253.3,"centroid":[120.317552,22.645536],"population":22,"households":9,"male":14,"female":8,"ages":[2,7,8,5],"density_km2":6762},"geometry":{"type":"Polygon","coordinates":[[[120.317176,22.645756],[120.31787,22.645759],[120.317913,22.645288],[120.317215,22.6454],[120.317176,22.645756]]]}},{"type":"Feature","id":"A6405-1094-00","properties":{"code":"A6405-1094-00","district":"三民區","area_m2":4818.9,"centroid":[120.307887,22.641861],"population":136,"households":69,"male":62,"female":74,"ages":[18,29,54,35],"density_km2":28222},"geometry":{"type":"Polygon","coordinates":[[[120.307288,22.642066],[120.307308,22.642065],[120.308517,22.642003],[120.308473,22.641652],[120.307276,22.641728],[120.307256,22.64173],[120.307287,22.642054],[120.307288,22.642066]]]}},{"type":"Feature","id":"A6405-1103-00","properties":{"code":"A6405-1103-00","district":"三民區","area_m2":3663.4,"centroid":[120.316626,22.641798],"population":189,"households":90,"male":73,"female":116,"ages":[42,35,91,21],"density_km2":51591},"geometry":{"type":"Polygon","coordinates":[[[120.316361,22.642101],[120.31693,22.642064],[120.31688,22.641493],[120.316325,22.641532],[120.316361,22.642101]]]}},{"type":"Feature","id":"A6405-1099-00","properties":{"code":"A6405-1099-00","district":"三民區","area_m2":5387.1,"centroid":[120.298882,22.641743],"population":74,"households":29,"male":35,"female":39,"ages":[10,12,23,29],"density_km2":13737},"geometry":{"type":"Polygon","coordinates":[[[120.299463,22.641919],[120.299453,22.641829],[120.299436,22.641504],[120.299434,22.641492],[120.299414,22.641494],[120.298296,22.641587],[120.298297,22.641598],[120.298325,22.641989],[120.299463,22.641919]]]}},{"type":"Feature","id":"A6405-1109-00","properties":{"code":"A6405-1109-00","district":"三民區","area_m2":6045.3,"centroid":[120.317367,22.641745],"population":303,"households":132,"male":151,"female":152,"ages":[52,52,99,100],"density_km2":50121},"geometry":{"type":"Polygon","coordinates":[[[120.31693,22.642064],[120.317315,22.642039],[120.3178,22.641995],[120.317855,22.641992],[120.317808,22.641426],[120.317745,22.64143],[120.317288,22.641465],[120.31688,22.641493],[120.31693,22.642064]]]}},{"type":"Feature","id":"A6405-1101-00","properties":{"code":"A6405-1101-00","district":"三民區","area_m2":6789.9,"centroid":[120.313337,22.641791],"population":178,"households":78,"male":84,"female":94,"ages":[20,32,74,52],"density_km2":26216},"geometry":{"type":"Polygon","coordinates":[[[120.312567,22.64204],[120.314124,22.641911],[120.314146,22.641909],[120.31414,22.641832],[120.314118,22.64155],[120.314094,22.641551],[120.312541,22.641647],[120.312567,22.64204]]]}},{"type":"Feature","id":"A6405-1122-00","properties":{"code":"A6405-1122-00","district":"三民區","area_m2":11086.5,"centroid":[120.29334,22.641537],"population":263,"households":121,"male":127,"female":136,"ages":[36,51,112,64],"density_km2":23723},"geometry":{"type":"Polygon","coordinates":[[[120.292739,22.641952],[120.293993,22.641895],[120.294013,22.641894],[120.293923,22.641113],[120.292666,22.641204],[120.292739,22.641952]]]}},{"type":"Feature","id":"A6405-1125-00","properties":{"code":"A6405-1125-00","district":"三民區","area_m2":10153.5,"centroid":[120.304338,22.641565],"population":132,"households":55,"male":57,"female":75,"ages":[16,35,52,29],"density_km2":13000},"geometry":{"type":"Polygon","coordinates":[[[120.303801,22.641993],[120.30495,22.641908],[120.304916,22.641556],[120.304876,22.641149],[120.304875,22.641136],[120.304855,22.641138],[120.303727,22.641222],[120.303727,22.641234],[120.303801,22.641993]]]}},{"type":"Feature","id":"A6405-1111-00","properties":{"code":"A6405-1111-00","district":"三民區","area_m2":5782.5,"centroid":[120.30004,22.641668],"population":102,"households":52,"male":38,"female":64,"ages":[9,22,41,30],"density_km2":17639},"geometry":{"type":"Polygon","coordinates":[[[120.300648,22.641845],[120.300613,22.641428],[120.300612,22.641416],[120.300592,22.641418],[120.299434,22.641492],[120.299436,22.641504],[120.299453,22.641829],[120.299463,22.641919],[120.300648,22.641845]]]}},{"type":"Feature","id":"A6405-1126-00","properties":{"code":"A6405-1126-00","district":"三民區","area_m2":3891.1,"centroid":[120.29418,22.641487],"population":28,"households":9,"male":14,"female":14,"ages":[3,9,8,8],"density_km2":7196},"geometry":{"type":"Polygon","coordinates":[[[120.294013,22.641894],[120.294406,22.641868],[120.294427,22.641866],[120.2944,22.641453],[120.294385,22.641087],[120.293923,22.641113],[120.294013,22.641894]]]}},{"type":"Feature","id":"A6405-1118-00","properties":{"code":"A6405-1118-00","district":"三民區","area_m2":5632.6,"centroid":[120.318271,22.641673],"population":275,"households":112,"male":108,"female":167,"ages":[42,54,88,91],"density_km2":48823},"geometry":{"type":"Polygon","coordinates":[[[120.317855,22.641992],[120.318658,22.641941],[120.318649,22.641656],[120.318747,22.64165],[120.318718,22.641358],[120.318372,22.641384],[120.317808,22.641426],[120.317855,22.641992]]]}},{"type":"Feature","id":"A6405-1130-00","properties":{"code":"A6405-1130-00","district":"三民區","area_m2":7480.4,"centroid":[120.294827,22.641443],"population":34,"households":14,"male":17,"female":17,"ages":[3,8,13,10],"density_km2":4545},"geometry":{"type":"Polygon","coordinates":[[[120.295253,22.641801],[120.295275,22.641806],[120.295208,22.641017],[120.294385,22.641087],[120.2944,22.641453],[120.294427,22.641866],[120.295253,22.641801]]]}},{"type":"Feature","id":"A6405-1110-00","properties":{"code":"A6405-1110-00","district":"三民區","area_m2":4764.5,"centroid":[120.305528,22.641692],"population":121,"households":42,"male":61,"female":60,"ages":[20,22,39,40],"density_km2":25396},"geometry":{"type":"Polygon","coordinates":[[[120.30495,22.641908],[120.306137,22.641822],[120.306126,22.641479],[120.304916,22.641556],[120.30495,22.641908]]]}},{"type":"Feature","id":"A6405-1376-00","properties":{"code":"A6405-1376-00","district":"三民區","area_m2":19809.6,"centroid":[120.31461,22.638095],"population":326,"households":143,"male":155,"female":171,"ages":[54,82,116,74],"density_km2":16457},"geometry":{"type":"Polygon","coordinates":[[[120.31393,22.638831],[120.314076,22.63882],[120.314471,22.638793],[120.314568,22.638786],[120.315709,22.638706],[120.315563,22.638191],[120.314648,22.638284],[120.314525,22.637216],[120.314494,22.637218],[120.313927,22.63726],[120.31376,22.637272],[120.313798,22.637762],[120.313805,22.637853],[120.313808,22.637888],[120.313832,22.638208],[120.313838,22.638287],[120.313841,22.638319],[120.313859,22.638563],[120.31388,22.638834],[120.31393,22.638831]]]}},{"type":"Feature","id":"A6405-1345-00","properties":{"code":"A6405-1345-00","district":"三民區","area_m2":4653.8,"centroid":[120.305997,22.638554],"population":157,"households":93,"male":86,"female":71,"ages":[12,44,62,39],"density_km2":33736},"geometry":{"type":"Polygon","coordinates":[[[120.306639,22.63865],[120.306692,22.638651],[120.306667,22.638355],[120.306641,22.638357],[120.305308,22.63845],[120.305337,22.638757],[120.306639,22.63865]]]}},{"type":"Feature","id":"A6402-0498-00","properties":{"code":"A6402-0498-00","district":"鼓山區","area_m2":8304.4,"centroid":[120.281115,22.638212],"population":213,"households":92,"male":113,"female":100,"ages":[28,44,94,47],"density_km2":25649},"geometry":{"type":"Polygon","coordinates":[[[120.281703,22.638581],[120.281813,22.638606],[120.281873,22.638486],[120.282008,22.638204],[120.28188,22.638173],[120.280447,22.637821],[120.280424,22.637811],[120.280225,22.638233],[120.281325,22.638497],[120.281703,22.638581]]]}},{"type":"Feature","id":"A6402-0497-00","properties":{"code":"A6402-0497-00","district":"鼓山區","area_m2":6576.5,"centroid":[120.284088,22.638295],"population":67,"households":26,"male":29,"female":38,"ages":[8,21,23,15],"density_km2":10188},"geometry":{"type":"Polygon","coordinates":[[[120.283508,22.638496],[120.283992,22.638552],[120.284551,22.638617],[120.284641,22.638215],[120.284675,22.638068],[120.284103,22.638024],[120.283578,22.637983],[120.283508,22.638496]]]}},{"type":"Feature","id":"A6405-1359-00","properties":{"code":"A6405-1359-00","district":"三民區","area_m2":7838.4,"centroid":[120.301016,22.638231],"population":107,"households":87,"male":57,"female":50,"ages":[2,26,41,38],"density_km2":13651},"geometry":{"type":"Polygon","coordinates":[[[120.301033,22.638651],[120.301496,22.638616],[120.301422,22.637831],[120.300719,22.637843],[120.300533,22.637848],[120.300582,22.638586],[120.301035,22.638557],[120.301033,22.638651]]]}},{"type":"Feature","id":"A6405-1393-00","properties":{"code":"A6405-1393-00","district":"三民區","area_m2":10498.9,"centroid":[120.289,22.637566],"population":87,"households":50,"male":46,"female":41,"ages":[2,18,41,26],"density_km2":8287},"geometry":{"type":"Polygon","coordinates":[[[120.288186,22.638579],[120.288244,22.638591],[120.288335,22.638355],[120.288521,22.638413],[120.288551,22.638319],[120.288596,22.638282],[120.288799,22.638333],[120.288897,22.637529],[120.289069,22.637543],[120.289127,22.637547],[120.289122,22.637286],[120.289781,22.637421],[120.289887,22.637174],[120.289832,22.637145],[120.289771,22.637112],[120.289757,22.637112],[120.288974,22.636719],[120.288928,22.636696],[120.288578,22.637564],[120.288544,22.637648],[120.288443,22.63791],[120.288345,22.638166],[120.288186,22.638579]]]}},{"type":"Feature","id":"A6405-1367-00","properties":{"code":"A6405-1367-00","district":"三民區","area_m2":7254.0,"centroid":[120.315931,22.638215],"population":210,"households":89,"male":97,"female":113,"ages":[32,35,84,59],"density_km2":28950},"geometry":{"type":"Polygon","coordinates":[[[120.316316,22.638663],[120.31635,22.638658],[120.316388,22.63866],[120.316356,22.638528],[120.316253,22.638116],[120.316246,22.638085],[120.31615,22.637701],[120.315837,22.637787],[120.315469,22.637836],[120.31553,22.638075],[120.315563,22.638191],[120.315709,22.638706],[120.316316,22.638663]]]}},{"type":"Feature","id":"A6405-1401-00","properties":{"code":"A6405-1401-00","district":"三民區","area_m2":19752.8,"centroid":[120.303003,22.637621],"population":40,"households":25,"male":22,"female":18,"ages":[5,6,17,12],"density_km2":2025},"geometry":{"type":"Polygon","coordinates":[[[120.302869,22.638648],[120.303566,22.638587],[120.303482,22.63772],[120.303481,22.637708],[120.303431,22.637182],[120.30339,22.636753],[120.30338,22.63664],[120.302402,22.636708],[120.302417,22.636816],[120.302475,22.63718],[120.302484,22.637242],[120.30257,22.637786],[120.30267,22.638071],[120.302868,22.638638],[120.302869,22.638648]]]}},{"type":"Feature","id":"A6405-1354-00","properties":{"code":"A6405-1354-00","district":"三民區","area_m2":4519.6,"centroid":[120.287836,22.63823],"population":175,"households":78,"male":77,"female":98,"ages":[17,39,62,57],"density_km2":38720},"geometry":{"type":"Polygon","coordinates":[[[120.288165,22.638565],[120.288186,22.638579],[120.288345,22.638166],[120.287482,22.637883],[120.287429,22.638028],[120.28733,22.638299],[120.28737,22.638312],[120.288165,22.638565]]]}},{"type":"Feature","id":"A6405-1362-00","properties":{"code":"A6405-1362-00","district":"三民區","area_m2":2773.5,"centroid":[120.300396,22.638227],"population":72,"households":40,"male":39,"female":33,"ages":[4,15,28,25],"density_km2":25960},"geometry":{"type":"Polygon","coordinates":[[[120.30025,22.638607],[120.300582,22.638586],[120.300533,22.637848],[120.300214,22.637855],[120.300248,22.638599],[120.30025,22.638607]]]}},{"type":"Feature","id":"A6405-1360-00","properties":{"code":"A6405-1360-00","district":"三民區","area_m2":5221.3,"centroid":[120.316716,22.638305],"population":92,"households":39,"male":47,"female":45,"ages":[20,18,26,28],"density_km2":17620},"geometry":{"type":"Polygon","coordinates":[[[120.316388,22.63866],[120.316663,22.638616],[120.316797,22.638597],[120.316827,22.638597],[120.316862,22.638589],[120.317058,22.6385],[120.317132,22.638474],[120.317185,22.638446],[120.317013,22.637943],[120.316253,22.638116],[120.316356,22.638528],[120.316388,22.63866]]]}},{"type":"Feature","id":"A6402-0520-00","properties":{"code":"A6402-0520-00","district":"鼓山區","area_m2":2520.8,"centroid":[120.282298,22.634794],"population":51,"households":24,"male":25,"female":26,"ages":[3,9,19,20],"density_km2":20232},"geometry":{"type":"Polygon","coordinates":[[[120.281988,22.63498],[120.282332,22.63513],[120.282608,22.634602],[120.28226,22.634459],[120.281988,22.63498]]]}},{"type":"Feature","id":"A6405-1525-00","properties":{"code":"A6405-1525-00","district":"三民區","area_m2":37045.9,"centroid":[120.287233,22.63379],"population":0,"households":0,"male":0,"female":0,"ages":[0,0,0,0],"density_km2":0},"geometry":{"type":"Polygon","coordinates":[[[120.287522,22.635092],[120.287544,22.635103],[120.287685,22.634711],[120.287827,22.634319],[120.288012,22.633888],[120.288241,22.633354],[120.288316,22.633163],[120.28829,22.633154],[120.288243,22.633138],[120.28811,22.633059],[120.287054,22.63241],[120.28696,22.632635],[120.286139,22.634639],[120.287522,22.635092]]]}},{"type":"Feature","id":"A6406-0040-00","properties":{"code":"A6406-0040-00","district":"新興區","area_m2":5313.2,"centroid":[120.305661,22.634923],"population":127,"households":74,"male":64,"female":63,"ages":[11,26,51,39],"density_km2":23903},"geometry":{"type":"Polygon","coordinates":[[[120.30497,22.635137],[120.304994,22.635135],[120.306375,22.635041],[120.30634,22.634708],[120.304948,22.634807],[120.304949,22.634825],[120.304962,22.635059],[120.30497,22.635137]]]}},{"type":"Feature","id":"A6406-0043-00","properties":{"code":"A6406-0043-00","district":"新興區","area_m2":4212.4,"centroid":[120.309976,22.634928],"population":181,"households":76,"male":86,"female":95,"ages":[25,35,71,50],"density_km2":42969},"geometry":{"type":"Polygon","coordinates":[[[120.309316,22.635113],[120.310642,22.635032],[120.310619,22.634735],[120.309295,22.634855],[120.309316,22.635113]]]}},{"type":"Feature","id":"A6406-0053-00","properties":{"code":"A6406-0053-00","district":"新興區","area_m2":11746.2,"centroid":[120.298335,22.634481],"population":181,"households":82,"male":96,"female":85,"ages":[21,34,76,50],"density_km2":15409},"geometry":{"type":"Polygon","coordinates":[[[120.297612,22.634669],[120.297679,22.634692],[120.298785,22.635062],[120.298944,22.634648],[120.299081,22.634295],[120.297954,22.633927],[120.297877,22.633902],[120.297738,22.634267],[120.297719,22.634317],[120.29759,22.634659],[120.297612,22.634669]]]}},{"type":"Feature","id":"A6402-0524-00","properties":{"code":"A6402-0524-00","district":"鼓山區","area_m2":12664.0,"centroid":[120.282067,22.634337],"population":340,"households":166,"male":174,"female":166,"ages":[26,75,141,98],"density_km2":26848},"geometry":{"type":"Polygon","coordinates":[[[120.282608,22.634602],[120.282853,22.634176],[120.282883,22.634123],[120.282166,22.633801],[120.282102,22.63381],[120.281697,22.633967],[120.281699,22.633734],[120.281474,22.633836],[120.281368,22.63473],[120.281988,22.63498],[120.28226,22.634459],[120.282608,22.634602]]]}},{"type":"Feature","id":"A6405-1521-00","properties":{"code":"A6405-1521-00","district":"三民區","area_m2":15367.7,"centroid":[120.29082,22.63439],"population":276,"households":119,"male":131,"female":145,"ages":[32,54,98,92],"density_km2":17960},"geometry":{"type":"Polygon","coordinates":[[[120.291536,22.635017],[120.291734,22.634524],[120.291809,22.634324],[120.291143,22.634103],[120.290109,22.63376],[120.289834,22.634473],[120.291536,22.635017]]]}},{"type":"Feature","id":"A6402-0525-00","properties":{"code":"A6402-0525-00","district":"鼓山區","area_m2":58892.5,"centroid":[120.278521,22.633772],"population":0,"households":0,"male":0,"female":0,"ages":[0,0,0,0],"density_km2":0},"geometry":{"type":"Polygon","coordinates":[[[120.279508,22.634344],[120.279488,22.634778],[120.279621,22.634787],[120.279746,22.634812],[120.280126,22.634924],[120.28021,22.63493],[120.280294,22.634927],[120.280395,22.634899],[120.280493,22.634737],[120.280547,22.633919],[120.279779,22.633913],[120.278784,22.633039],[120.278464,22.632868],[120.278475,22.632599],[120.278257,22.632467],[120.277945,22.63247],[120.277817,22.632612],[120.277486,22.632949],[120.276498,22.633603],[120.276576,22.633666],[120.276641,22.633723],[120.276674,22.633753],[120.276704,22.633778],[120.276762,22.63383],[120.276976,22.634016],[120.277426,22.634409],[120.277771,22.63471],[120.277821,22.634754],[120.278271,22.634412],[120.278564,22.634757],[120.278707,22.634924],[120.278935,22.634758],[120.279406,22.634417],[120.279508,22.634344]]]}},{"type":"Feature","id":"A6406-0045-00","properties":{"code":"A6406-0045-00","district":"新興區","area_m2":5018.0,"centroid":[120.307003,22.634827],"population":348,"households":156,"male":163,"female":185,"ages":[41,75,135,97],"density_km2":69350},"geometry":{"type":"Polygon","coordinates":[[[120.306375,22.635041],[120.30766,22.634957],[120.307625,22.634609],[120.30634,22.634708],[120.306375,22.635041]]]}},{"type":"Feature","id":"A6406-0132-00","properties":{"code":"A6406-0132-00","district":"新興區","area_m2":16998.3,"centroid":[120.309214,22.63117],"population":551,"households":428,"male":359,"female":192,"ages":[36,66,299,150],"density_km2":32415},"geometry":{"type":"Polygon","coordinates":[[[120.308149,22.631584],[120.308753,22.631544],[120.310328,22.631438],[120.310321,22.631348],[120.310271,22.630756],[120.308978,22.630846],[120.308937,22.630841],[120.308712,22.630856],[120.308106,22.630895],[120.308125,22.631261],[120.308149,22.631584]]]}},{"type":"Feature","id":"A6406-0135-00","properties":{"code":"A6406-0135-00","district":"新興區","area_m2":17412.4,"centroid":[120.312445,22.631078],"population":220,"households":99,"male":98,"female":122,"ages":[48,37,80,55],"density_km2":12635},"geometry":{"type":"Polygon","coordinates":[[[120.311656,22.631596],[120.313313,22.631487],[120.313307,22.631383],[120.313265,22.631047],[120.313204,22.630555],[120.312381,22.630618],[120.311583,22.630678],[120.311586,22.630724],[120.311656,22.631596]]]}},{"type":"Feature","id":"A6407-0045-00","properties":{"code":"A6407-0045-00","district":"前金區","area_m2":5397.3,"centroid":[120.296888,22.631151],"population":78,"households":39,"male":41,"female":37,"ages":[6,22,24,26],"density_km2":14452},"geometry":{"type":"Polygon","coordinates":[[[120.297382,22.631516],[120.297404,22.631526],[120.29754,22.631162],[120.296374,22.630777],[120.296235,22.631137],[120.297382,22.631516]]]}},{"type":"Feature","id":"A6407-0046-00","properties":{"code":"A6407-0046-00","district":"前金區","area_m2":3788.8,"centroid":[120.294945,22.631091],"population":1,"households":1,"male":1,"female":0,"ages":[0,0,0,1],"density_km2":264},"geometry":{"type":"Polygon","coordinates":[[[120.294588,22.631351],[120.295039,22.631499],[120.295296,22.630823],[120.294873,22.630682],[120.294588,22.631351]]]}},{"type":"Feature","id":"A6407-0051-00","properties":{"code":"A6407-0051-00","district":"前金區","area_m2":13126.7,"centroid":[120.292158,22.630891],"population":277,"households":132,"male":139,"female":138,"ages":[31,50,90,106],"density_km2":21102},"geometry":{"type":"Polygon","coordinates":[[[120.292918,22.631477],[120.293055,22.631079],[120.293125,22.630874],[120.291389,22.630307],[120.291191,22.630902],[120.292918,22.631477]]]}},{"type":"Feature","id":"A6401-0012-00","properties":{"code":"A6401-0012-00","district":"鹽埕區","area_m2":7217.2,"centroid":[120.28273,22.630824],"population":92,"households":38,"male":46,"female":46,"ages":[9,22,30,31],"density_km2":12747},"geometry":{"type":"Polygon","coordinates":[[[120.282569,22.631354],[120.283274,22.631055],[120.283265,22.631039],[120.282841,22.630277],[120.282708,22.630372],[120.282263,22.630593],[120.282214,22.630624],[120.282192,22.630635],[120.282569,22.631354]]]}},{"type":"Feature","id":"A6406-0137-00","properties":{"code":"A6406-0137-00","district":"新興區","area_m2":21430.7,"centroid":[120.314262,22.630945],"population":286,"households":118,"male":124,"female":162,"ages":[72,41,99,74],"density_km2":13345},"geometry":{"type":"Polygon","coordinates":[[[120.313313,22.631487],[120.31333,22.631486],[120.313938,22.631442],[120.314194,22.631423],[120.314416,22.631407],[120.315315,22.631341],[120.31528,22.630978],[120.315233,22.63049],[120.315232,22.630474],[120.315227,22.630399],[120.315216,22.630397],[120.315111,22.630426],[120.314323,22.630478],[120.313269,22.630546],[120.313204,22.630555],[120.313265,22.631047],[120.313307,22.631383],[120.313313,22.631487]]]}},{"type":"Feature","id":"A6402-0539-00","properties":{"code":"A6402-0539-00","district":"鼓山區","area_m2":42907.4,"centroid":[120.278433,22.629601],"population":187,"households":82,"male":93,"female":94,"ages":[29,40,72,46],"density_km2":4358},"geometry":{"type":"Polygon","coordinates":[[[120.278681,22.631216],[120.278746,22.631303],[120.278892,22.631208],[120.278976,22.631319],[120.27961,22.630929],[120.279365,22.63061],[120.27968,22.630415],[120.279001,22.62944],[120.278836,22.629528],[120.278701,22.629555],[120.278698,22.629479],[120.278563,22.629467],[120.278471,22.629358],[120.278362,22.629095],[120.278337,22.628585],[120.278195,22.628213],[120.278128,22.627917],[120.278012,22.627741],[120.277896,22.627507],[120.277761,22.627426],[120.277649,22.627412],[120.277626,22.627409],[120.277563,22.62746],[120.277548,22.62754],[120.27758,22.627613],[120.277708,22.627768],[120.277775,22.628092],[120.277866,22.62849],[120.277869,22.628826],[120.2778,22.629104],[120.277646,22.62934],[120.277553,22.629624],[120.27741,22.630328],[120.277331,22.630443],[120.277273,22.630517],[120.277255,22.630594],[120.27728,22.630702],[120.277339,22.630814],[120.277475,22.630773],[120.277496,22.630767],[120.278105,22.630422],[120.278151,22.630395],[120.278167,22.630422],[120.278382,22.630771],[120.278442,22.630868],[120.278458,22.630891],[120.278521,22.630984],[120.278536,22.631007],[120.27866,22.631185],[120.278681,22.631216]]]}},{"type":"Feature","id":"A6406-0202-00","properties":{"code":"A6406-0202-00","district":"新興區","area_m2":12628.8,"centroid":[120.305048,22.627748],"population":189,"households":108,"male":85,"female":104,"ages":[14,42,75,58],"density_km2":14966},"geometry":{"type":"Polygon","coordinates":[[[120.304395,22.628179],[120.304416,22.628177],[120.305805,22.628095],[120.305752,22.627453],[120.305751,22.627401],[120.305712,22.6274],[120.304311,22.627313],[120.304361,22.627828],[120.30439,22.628121],[120.304394,22.628167],[120.304395,22.628179]]]}},{"type":"Feature","id":"A6406-0203-00","properties":{"code":"A6406-0203-00","district":"新興區","area_m2":9607.6,"centroid":[120.306423,22.627743],"population":195,"households":90,"male":98,"female":97,"ages":[27,39,68,61],"density_km2":20296},"geometry":{"type":"Polygon","coordinates":[[[120.305805,22.628095],[120.307096,22.628019],[120.307113,22.628018],[120.307065,22.627434],[120.306996,22.627426],[120.305751,22.627401],[120.305752,22.627453],[120.305805,22.628095]]]}},{"type":"Feature","id":"A6401-0047-00","properties":{"code":"A6401-0047-00","district":"鹽埕區","area_m2":5844.5,"centroid":[120.279596,22.627369],"population":284,"households":121,"male":143,"female":141,"ages":[22,76,112,74],"density_km2":48593},"geometry":{"type":"Polygon","coordinates":[[[120.279631,22.627866],[120.279662,22.627912],[120.279769,22.627859],[120.280078,22.627702],[120.280094,22.627701],[120.279568,22.626826],[120.279221,22.627006],[120.279178,22.627029],[120.279092,22.627073],[120.279604,22.627826],[120.279612,22.627839],[120.279631,22.627866]]]}},{"type":"Feature","id":"A6406-0207-00","properties":{"code":"A6406-0207-00","district":"新興區","area_m2":11555.0,"centroid":[120.311323,22.627491],"population":182,"households":84,"male":86,"female":96,"ages":[36,37,72,37],"density_km2":15751},"geometry":{"type":"Polygon","coordinates":[[[120.311925,22.628015],[120.311972,22.628037],[120.312169,22.627472],[120.312185,22.627427],[120.310704,22.626947],[120.31068,22.62701],[120.310455,22.627595],[120.310766,22.627646],[120.311363,22.627836],[120.311373,22.627839],[120.311925,22.628015]]]}},{"type":"Feature","id":"A6402-0570-00","properties":{"code":"A6402-0570-00","district":"鼓山區","area_m2":310775.8,"centroid":[120.26487,22.623027],"population":0,"households":0,"male":0,"female":0,"ages":[0,0,0,0],"density_km2":0},"geometry":{"type":"Polygon","coordinates":[[[120.264975,22.627734],[120.264979,22.627334],[120.264963,22.625256],[120.265831,22.625246],[120.268029,22.625222],[120.267966,22.62508],[120.267962,22.625061],[120.267933,22.624891],[120.267917,22.624795],[120.267923,22.624707],[120.267907,22.624548],[120.267782,22.624153],[120.267764,22.623607],[120.267726,22.623341],[120.267707,22.622905],[120.267705,22.622861],[120.267745,22.6226],[120.267743,22.622331],[120.267735,22.622156],[120.267689,22.621786],[120.267606,22.621593],[120.267439,22.62131],[120.267409,22.621075],[120.267394,22.620845],[120.26745,22.620613],[120.267438,22.620143],[120.267445,22.619981],[120.267379,22.619579],[120.267407,22.619389],[120.267378,22.619245],[120.267237,22.619027],[120.267136,22.618871],[120.266913,22.618379],[120.266599,22.618302],[120.266495,22.618354],[120.266412,22.618338],[120.266337,22.618411],[120.266295,22.618416],[120.266246,22.618275],[120.266073,22.617773],[120.265765,22.617797],[120.265884,22.618539],[120.265998,22.619252],[120.266005,22.619984],[120.265956,22.620338],[120.265926,22.620548],[120.265663,22.620786],[120.265539,22.620792],[120.265465,22.620844],[120.265562,22.621061],[120.265542,22.621463],[120.265473,22.621566],[120.265399,22.621607],[120.263494,22.622108],[120.263327,22.622124],[120.262778,22.622269],[120.262733,22.622281],[120.262029,22.622499],[120.261168,22.62271],[120.260871,22.622877],[120.260987,22.623002],[120.261307,22.623126],[120.26146,22.62321],[120.262101,22.623565],[120.262408,22.623695],[120.262756,22.623735],[120.263234,22.623965],[120.263285,22.623981],[120.263334,22.624079],[120.263344,22.624672],[120.263433,22.625181],[120.263456,22.62626],[120.263317,22.62721],[120.263032,22.627808],[120.264975,22.627734]]]}},{"type":"Feature","id":"A6406-0206-00","properties":{"code":"A6406-0206-00","district":"新興區","area_m2":5068.7,"centroid":[120.313704,22.627619],"population":89,"households":38,"male":39,"female":50,"ages":[19,15,34,21],"density_km2":17559},"geometry":{"type":"Polygon","coordinates":[[[120.313927,22.628017],[120.31394,22.627975],[120.313959,22.627931],[120.314093,22.627614],[120.314158,22.627443],[120.313477,22.627218],[120.313458,22.627269],[120.313437,22.627323],[120.313316,22.627636],[120.31325,22.627807],[120.313927,22.628017]]]}},{"type":"Feature","id":"A6406-0205-00","properties":{"code":"A6406-0205-00","district":"新興區","area_m2":11421.3,"centroid":[120.303471,22.627609],"population":164,"households":86,"male":79,"female":85,"ages":[24,39,64,37],"density_km2":14359},"geometry":{"type":"Polygon","coordinates":[[[120.302663,22.62795],[120.304361,22.627828],[120.304311,22.627313],[120.302633,22.627287],[120.30262,22.627394],[120.302663,22.62795]]]}},{"type":"Feature","id":"A6401-0048-00","properties":{"code":"A6401-0048-00","district":"鹽埕區","area_m2":7992.0,"centroid":[120.28236,22.627217],"population":361,"households":210,"male":172,"female":189,"ages":[55,131,120,55],"density_km2":45170},"geometry":{"type":"Polygon","coordinates":[[[120.282335,22.627846],[120.282907,22.627567],[120.282898,22.62755],[120.282377,22.626589],[120.281815,22.626851],[120.282335,22.627846]]]}},{"type":"Feature","id":"A6401-0089-00","properties":{"code":"A6401-0089-00","district":"鹽埕區","area_m2":9607.1,"centroid":[120.278509,22.623024],"population":207,"households":94,"male":102,"female":105,"ages":[18,33,94,62],"density_km2":21547},"geometry":{"type":"Polygon","coordinates":[[[120.278429,22.623678],[120.279109,22.623353],[120.278608,22.622384],[120.278599,22.622368],[120.278586,22.622374],[120.278223,22.622551],[120.277907,22.622713],[120.278429,22.623678]]]}},{"type":"Feature","id":"A6407-0113-00","properties":{"code":"A6407-0113-00","district":"前金區","area_m2":6965.5,"centroid":[120.295633,22.623275],"population":252,"households":130,"male":116,"female":136,"ages":[28,55,85,84],"density_km2":36178},"geometry":{"type":"Polygon","coordinates":[[[120.295083,22.62345],[120.295943,22.623733],[120.296181,22.623097],[120.295327,22.622817],[120.295083,22.62345]]]}},{"type":"Feature","id":"A6402-0568-00","properties":{"code":"A6402-0568-00","district":"鼓山區","area_m2":4482.6,"centroid":[120.270852,22.623058],"population":149,"households":65,"male":82,"female":67,"ages":[10,30,61,48],"density_km2":33239},"geometry":{"type":"Polygon","coordinates":[[[120.271009,22.623613],[120.271313,22.623439],[120.270699,22.622504],[120.270389,22.622674],[120.271009,22.623613]]]}},{"type":"Feature","id":"A6402-0569-00","properties":{"code":"A6402-0569-00","district":"鼓山區","area_m2":6387.6,"centroid":[120.273601,22.622922],"population":203,"households":83,"male":105,"female":98,"ages":[21,55,71,56],"density_km2":31780},"geometry":{"type":"Polygon","coordinates":[[[120.273839,22.623623],[120.274167,22.623415],[120.273402,22.622267],[120.273374,22.622226],[120.273331,22.62225],[120.273032,22.622418],[120.273839,22.623623]]]}},{"type":"Feature","id":"A6407-0118-00","properties":{"code":"A6407-0118-00","district":"前金區","area_m2":14337.6,"centroid":[120.29796,22.622866],"population":122,"households":71,"male":59,"female":63,"ages":[7,26,42,47],"density_km2":8509},"geometry":{"type":"Polygon","coordinates":[[[120.29769,22.623587],[120.298079,22.623715],[120.298431,22.622761],[120.298614,22.622295],[120.298624,22.62227],[120.298547,22.622242],[120.298098,22.622099],[120.297843,22.622018],[120.297832,22.622044],[120.297532,22.62285],[120.297424,22.623129],[120.297414,22.623155],[120.297296,22.62346],[120.29769,22.623587]]]}},{"type":"Feature","id":"A6408-0321-00","properties":{"code":"A6408-0321-00","district":"苓雅區","area_m2":7666.7,"centroid":[120.318036,22.623341],"population":276,"households":102,"male":120,"female":156,"ages":[91,35,91,59],"density_km2":36000},"geometry":{"type":"Polygon","coordinates":[[[120.318375,22.623777],[120.318429,22.623795],[120.318652,22.623218],[120.318579,22.623194],[120.318208,22.623069],[120.317637,22.622878],[120.317633,22.622889],[120.317421,22.623463],[120.318366,22.623798],[120.318375,22.623777]]]}},{"type":"Feature","id":"A6406-0251-00","properties":{"code":"A6406-0251-00","district":"新興區","area_m2":6746.3,"centroid":[120.306124,22.623313],"population":98,"households":49,"male":41,"female":57,"ages":[5,29,36,28],"density_km2":14527},"geometry":{"type":"Polygon","coordinates":[[[120.306675,22.623727],[120.306823,22.62333],[120.306837,22.623295],[120.306746,22.623264],[120.305555,22.622905],[120.305428,22.623224],[120.305403,22.623296],[120.305432,22.623306],[120.306675,22.623727]]]}},{"type":"Feature","id":"A6407-0115-00","properties":{"code":"A6407-0115-00","district":"前金區","area_m2":11316.5,"centroid":[120.29103,22.623095],"population":220,"households":107,"male":102,"female":118,"ages":[24,39,77,80],"density_km2":19441},"geometry":{"type":"Polygon","coordinates":[[[120.292113,22.62366],[120.292252,22.623267],[120.290766,22.6228],[120.289901,22.622528],[120.289868,22.622678],[120.28985,22.622749],[120.28981,22.622916],[120.290654,22.623189],[120.292113,22.62366]]]}},{"type":"Feature","id":"A6406-0250-00","properties":{"code":"A6406-0250-00","district":"新興區","area_m2":6055.5,"centroid":[120.30754,22.623326],"population":121,"households":61,"male":59,"female":62,"ages":[2,34,38,47],"density_km2":19982},"geometry":{"type":"Polygon","coordinates":[[[120.30802,22.623701],[120.308104,22.623726],[120.308238,22.623348],[120.306984,22.622927],[120.306837,22.623295],[120.30802,22.623701]]]}},{"type":"Feature","id":"A6408-0329-00","properties":{"code":"A6408-0329-00","district":"苓雅區","area_m2":9879.6,"centroid":[120.316228,22.623037],"population":186,"households":71,"male":87,"female":99,"ages":[52,39,66,29],"density_km2":18827},"geometry":{"type":"Polygon","coordinates":[[[120.316338,22.6237],[120.31636,22.623708],[120.316792,22.622607],[120.316759,22.622597],[120.316713,22.622583],[120.316104,22.622364],[120.315921,22.622822],[120.315886,22.622918],[120.315681,22.623424],[120.315663,22.623471],[120.316282,22.623681],[120.316338,22.6237]]]}},{"type":"Feature","id":"A6401-0092-00","properties":{"code":"A6401-0092-00","district":"鹽埕區","area_m2":10355.0,"centroid":[120.283858,22.622857],"population":135,"households":58,"male":68,"female":67,"ages":[14,27,49,45],"density_km2":13037},"geometry":{"type":"Polygon","coordinates":[[[120.283754,22.623522],[120.284478,22.623159],[120.28449,22.623152],[120.283979,22.622192],[120.283238,22.622559],[120.283222,22.622567],[120.283581,22.623211],[120.283754,22.623522]]]}},{"type":"Feature","id":"A6402-0571-00","properties":{"code":"A6402-0571-00","district":"鼓山區","area_m2":10392.2,"centroid":[120.271363,22.622769],"population":201,"households":82,"male":109,"female":92,"ages":[15,43,86,57],"density_km2":19341},"geometry":{"type":"Polygon","coordinates":[[[120.271313,22.623439],[120.271971,22.62305],[120.272028,22.623017],[120.272016,22.623],[120.271982,22.62295],[120.271413,22.622102],[120.271373,22.622126],[120.270699,22.622504],[120.271313,22.623439]]]}},{"type":"Feature","id":"A6406-0254-00","properties":{"code":"A6406-0254-00","district":"新興區","area_m2":6053.3,"centroid":[120.304537,22.623171],"population":163,"households":73,"male":74,"female":89,"ages":[8,40,58,57],"density_km2":26928},"geometry":{"type":"Polygon","coordinates":[[[120.305302,22.623583],[120.305403,22.623296],[120.303791,22.622757],[120.303675,22.623057],[120.305302,22.623583]]]}},{"type":"Feature","id":"A6401-0132-00","properties":{"code":"A6401-0132-00","district":"鹽埕區","area_m2":5616.1,"centroid":[120.283874,22.619516],"population":1,"households":1,"male":1,"female":0,"ages":[0,0,0,1],"density_km2":178},"geometry":{"type":"Polygon","coordinates":[[[120.28367,22.619962],[120.284366,22.619617],[120.284383,22.619616],[120.284088,22.619074],[120.283366,22.619402],[120.28367,22.619962]]]}},{"type":"Feature","id":"A6402-0599-00","properties":{"code":"A6402-0599-00","district":"鼓山區","area_m2":24382.3,"centroid":[120.270841,22.61908],"population":277,"households":137,"male":137,"female":140,"ages":[17,50,125,85],"density_km2":11361},"geometry":{"type":"Polygon","coordinates":[[[120.271721,22.619896],[120.271744,22.619905],[120.271732,22.619838],[120.271817,22.619119],[120.271836,22.618958],[120.270903,22.618868],[120.27059,22.618838],[120.270662,22.618079],[120.270134,22.61807],[120.270133,22.618359],[120.270027,22.618356],[120.26997,22.619748],[120.270121,22.619763],[120.270564,22.619808],[120.270772,22.619829],[120.270827,22.619825],[120.271721,22.619896]]]}},{"type":"Feature","id":"A6408-0458-00","properties":{"code":"A6408-0458-00","district":"苓雅區","area_m2":9197.8,"centroid":[120.318045,22.619606],"population":234,"households":127,"male":120,"female":114,"ages":[19,56,90,69],"density_km2":25441},"geometry":{"type":"Polygon","coordinates":[[[120.318624,22.620071],[120.31871,22.620099],[120.318891,22.619623],[120.317445,22.619136],[120.317378,22.619114],[120.317197,22.619582],[120.318624,22.620071]]]}},{"type":"Feature","id":"A6408-0457-00","properties":{"code":"A6408-0457-00","district":"苓雅區","area_m2":7147.6,"centroid":[120.30189,22.619537],"population":90,"households":49,"male":38,"female":52,"ages":[12,23,41,14],"density_km2":12592},"geometry":{"type":"Polygon","coordinates":[[[120.301355,22.619749],[120.302153,22.620018],[120.302427,22.619324],[120.301621,22.619058],[120.301512,22.61934],[120.301488,22.619405],[120.301355,22.619749]]]}},{"type":"Feature","id":"A6408-0455-00","properties":{"code":"A6408-0455-00","district":"苓雅區","area_m2":6549.7,"centroid":[120.304181,22.619594],"population":362,"households":190,"male":173,"female":189,"ages":[33,77,130,122],"density_km2":55269},"geometry":{"type":"Polygon","coordinates":[[[120.304834,22.620006],[120.304974,22.619658],[120.303525,22.619181],[120.303393,22.61954],[120.304834,22.620006]]]}},{"type":"Feature","id":"A6408-0467-00","properties":{"code":"A6408-0467-00","district":"苓雅區","area_m2":12808.9,"centroid":[120.293666,22.619316],"population":308,"households":159,"male":146,"female":162,"ages":[34,86,123,65],"density_km2":24046},"geometry":{"type":"Polygon","coordinates":[[[120.293151,22.619606],[120.293704,22.619774],[120.294162,22.619924],[120.294451,22.619159],[120.293895,22.618961],[120.293277,22.618738],[120.293203,22.618711],[120.293086,22.61891],[120.29295,22.619057],[120.292882,22.619139],[120.293007,22.619356],[120.293151,22.619606]]]}},{"type":"Feature","id":"A6401-0137-00","properties":{"code":"A6401-0137-00","district":"鹽埕區","area_m2":93236.7,"centroid":[120.287975,22.617993],"population":0,"households":0,"male":0,"female":0,"ages":[0,0,0,0],"density_km2":0},"geometry":{"type":"Polygon","coordinates":[[[120.289146,22.619836],[120.289326,22.619656],[120.289485,22.619426],[120.289592,22.619248],[120.289729,22.618977],[120.28979,22.618814],[120.289931,22.618442],[120.289684,22.61807],[120.288703,22.616277],[120.288483,22.616206],[120.285916,22.617398],[120.287061,22.619505],[120.28746,22.619338],[120.288608,22.61878],[120.289106,22.619679],[120.289146,22.619836]]]}},{"type":"Feature","id":"A6408-0469-00","properties":{"code":"A6408-0469-00","district":"苓雅區","area_m2":12989.1,"centroid":[120.309086,22.619308],"population":263,"households":130,"male":125,"female":138,"ages":[28,66,94,75],"density_km2":20248},"geometry":{"type":"Polygon","coordinates":[[[120.309555,22.619925],[120.309627,22.619733],[120.30983,22.619189],[120.309856,22.619116],[120.309799,22.619098],[120.30869,22.618703],[120.308635,22.618684],[120.308314,22.619518],[120.309555,22.619925]]]}},{"type":"Feature","id":"A6407-0148-00","properties":{"code":"A6407-0148-00","district":"前金區","area_m2":4084.1,"centroid":[120.30014,22.619514],"population":30,"households":12,"male":12,"female":18,"ages":[4,9,12,5],"density_km2":7346},"geometry":{"type":"Polygon","coordinates":[[[120.300205,22.619723],[120.30056,22.61984],[120.300676,22.619543],[120.300685,22.61952],[120.300663,22.61951],[120.299734,22.619186],[120.299595,22.619523],[120.299665,22.619546],[120.300205,22.619723]]]}},{"type":"Feature","id":"A6408-0669-00","properties":{"code":"A6408-0669-00","district":"苓雅區","area_m2":7420.3,"centroid":[120.302561,22.614165],"population":299,"households":142,"male":142,"female":157,"ages":[47,74,124,54],"density_km2":40295},"geometry":{"type":"Polygon","coordinates":[[[120.302107,22.614874],[120.302453,22.614991],[120.303048,22.613457],[120.303025,22.613449],[120.302713,22.613351],[120.302692,22.61334],[120.302685,22.613338],[120.302638,22.613421],[120.302356,22.614142],[120.302074,22.614862],[120.302107,22.614874]]]}},{"type":"Feature","id":"A6410-0002-00","properties":{"code":"A6410-0002-00","district":"旗津區","area_m2":18267.1,"centroid":[120.266672,22.613883],"population":388,"households":161,"male":201,"female":187,"ages":[32,102,157,97],"density_km2":21240},"geometry":{"type":"Polygon","coordinates":[[[120.266492,22.614821],[120.266594,22.614803],[120.266603,22.614681],[120.266645,22.614634],[120.266812,22.614657],[120.266812,22.614608],[120.266867,22.614608],[120.266941,22.614651],[120.267032,22.614647],[120.267275,22.614562],[120.267386,22.614523],[120.267297,22.614328],[120.26704,22.613762],[120.267377,22.613602],[120.267288,22.613364],[120.26721,22.613389],[120.267162,22.613384],[120.26706,22.613174],[120.267045,22.613143],[120.266981,22.612997],[120.266961,22.612997],[120.266933,22.612997],[120.266704,22.613078],[120.26667,22.613075],[120.26658,22.613097],[120.266576,22.613101],[120.266567,22.613111],[120.266578,22.613162],[120.266488,22.613191],[120.266362,22.61321],[120.266325,22.613225],[120.266254,22.613267],[120.266215,22.613206],[120.266139,22.61324],[120.265913,22.613385],[120.26623,22.614083],[120.266492,22.614821]]]}},{"type":"Feature","id":"A6409-0037-00","properties":{"code":"A6409-0037-00","district":"前鎮區","area_m2":13723.4,"centroid":[120.309678,22.614331],"population":316,"households":164,"male":153,"female":163,"ages":[35,63,128,90],"density_km2":23026},"geometry":{"type":"Polygon","coordinates":[[[120.310357,22.614992],[120.310401,22.614995],[120.310415,22.614958],[120.310372,22.614558],[120.310341,22.614562],[120.310293,22.614323],[120.310292,22.614319],[120.310276,22.614239],[120.310222,22.613939],[120.310203,22.613838],[120.310161,22.613667],[120.309558,22.613756],[120.309654,22.614021],[120.308942,22.614092],[120.308813,22.614471],[120.310357,22.614992]]]}},{"type":"Feature","id":"A6408-0660-00","properties":{"code":"A6408-0660-00","district":"苓雅區","area_m2":4281.1,"centroid":[120.301922,22.614478],"population":294,"households":149,"male":130,"female":164,"ages":[42,78,123,51],"density_km2":68674},"geometry":{"type":"Polygon","coordinates":[[[120.301575,22.614692],[120.302074,22.614862],[120.302356,22.614142],[120.302206,22.614093],[120.302125,22.614297],[120.301701,22.614149],[120.301516,22.614571],[120.3015,22.614665],[120.301575,22.614692]]]}},{"type":"Feature","id":"A6409-0035-00","properties":{"code":"A6409-0035-00","district":"前鎮區","area_m2":8744.8,"centroid":[120.307923,22.614365],"population":232,"households":125,"male":97,"female":135,"ages":[15,54,94,69],"density_km2":26530},"geometry":{"type":"Polygon","coordinates":[[[120.308666,22.614862],[120.308813,22.614471],[120.308075,22.614198],[120.307708,22.61402],[120.307221,22.613868],[120.307047,22.614306],[120.308666,22.614862]]]}},{"type":"Feature","id":"A6408-0662-00","properties":{"code":"A6408-0662-00","district":"苓雅區","area_m2":8316.7,"centroid":[120.298737,22.614354],"population":385,"households":181,"male":185,"female":200,"ages":[48,89,153,95],"density_km2":46292},"geometry":{"type":"Polygon","coordinates":[[[120.297658,22.614224],[120.299379,22.614801],[120.299651,22.61409],[120.299175,22.613933],[120.299087,22.614161],[120.299107,22.614228],[120.299062,22.614355],[120.298287,22.61416],[120.297715,22.614016],[120.297636,22.614214],[120.297658,22.614224]]]}},{"type":"Feature","id":"A6409-0036-00","properties":{"code":"A6409-0036-00","district":"前鎮區","area_m2":3493.2,"centroid":[120.317911,22.614405],"population":258,"households":117,"male":120,"female":138,"ages":[29,75,92,62],"density_km2":73859},"geometry":{"type":"Polygon","coordinates":[[[120.317751,22.614559],[120.317777,22.614864],[120.318119,22.614844],[120.318069,22.614258],[120.318057,22.614108],[120.318043,22.613944],[120.317702,22.613977],[120.317751,22.614559]]]}},{"type":"Feature","id":"A6408-0666-00","properties":{"code":"A6408-0666-00","district":"苓雅區","area_m2":6707.6,"centroid":[120.294323,22.614258],"population":207,"households":112,"male":98,"female":109,"ages":[20,50,91,46],"density_km2":30861},"geometry":{"type":"Polygon","coordinates":[[[120.294225,22.614654],[120.294234,22.61465],[120.29439,22.614663],[120.294668,22.614738],[120.294876,22.614157],[120.294891,22.614116],[120.294865,22.614106],[120.294044,22.613844],[120.293942,22.613813],[120.29372,22.613917],[120.293915,22.614284],[120.293939,22.614269],[120.294008,22.614396],[120.294119,22.614346],[120.294231,22.614342],[120.294225,22.614654]]]}},{"type":"Feature","id":"A6408-0663-00","properties":{"code":"A6408-0663-00","district":"苓雅區","area_m2":4915.3,"centroid":[120.293507,22.614324],"population":195,"households":110,"male":93,"female":102,"ages":[19,66,78,32],"density_km2":39672},"geometry":{"type":"Polygon","coordinates":[[[120.293271,22.614729],[120.294008,22.614396],[120.293939,22.614269],[120.293915,22.614284],[120.29372,22.613917],[120.293017,22.614246],[120.293066,22.614339],[120.293271,22.614729]]]}},{"type":"Feature","id":"A6409-0044-00","properties":{"code":"A6409-0044-00","district":"前鎮區","area_m2":20512.4,"centroid":[120.306457,22.613803],"population":531,"households":330,"male":216,"female":315,"ages":[42,141,256,92],"density_km2":25887},"geometry":{"type":"Polygon","coordinates":[[[120.306814,22.614672],[120.306889,22.614705],[120.307047,22.614306],[120.307221,22.613868],[120.307148,22.61373],[120.306986,22.613391],[120.306745,22.612886],[120.306677,22.612908],[120.306006,22.613212],[120.305656,22.613358],[120.305911,22.613851],[120.305937,22.613903],[120.305768,22.614342],[120.306814,22.614672]]]}},{"type":"Feature","id":"A6405-0598-00","properties":{"code":"A6405-0598-00","district":"三民區","area_m2":4172.9,"centroid":[120.299502,22.649017],"population":98,"households":41,"male":44,"female":54,"ages":[12,23,41,22],"density_km2":23485},"geometry":{"type":"Polygon","coordinates":[[[120.298917,22.649212],[120.300097,22.649129],[120.30011,22.649128],[120.300085,22.648821],[120.300068,22.648822],[120.298893,22.648908],[120.298917,22.649212]]]}},{"type":"Feature","id":"A6405-0644-00","properties":{"code":"A6405-0644-00","district":"三民區","area_m2":16369.4,"centroid":[120.315433,22.648313],"population":96,"households":50,"male":42,"female":54,"ages":[2,20,36,38],"density_km2":5865},"geometry":{"type":"Polygon","coordinates":[[[120.315831,22.649252],[120.315853,22.649271],[120.31629,22.64883],[120.315965,22.648605],[120.316083,22.648464],[120.315825,22.648234],[120.315704,22.64807],[120.315518,22.64782],[120.31541,22.647621],[120.31491,22.647464],[120.314648,22.647356],[120.314805,22.648364],[120.315012,22.648547],[120.315628,22.649073],[120.315649,22.649091],[120.315655,22.649096],[120.315726,22.649156],[120.315817,22.649233],[120.315831,22.649252]]]}},{"type":"Feature","id":"A6405-0599-00","properties":{"code":"A6405-0599-00","district":"三民區","area_m2":4014.1,"centroid":[120.300663,22.648929],"population":101,"households":43,"male":45,"female":56,"ages":[7,27,45,22],"density_km2":25162},"geometry":{"type":"Polygon","coordinates":[[[120.30011,22.649128],[120.300465,22.649101],[120.300822,22.649074],[120.30124,22.649038],[120.301221,22.64873],[120.300085,22.648821],[120.30011,22.649128]]]}},{"type":"Feature","id":"A6405-0750-00","properties":{"code":"A6405-0750-00","district":"三民區","area_m2":169148.5,"centroid":[120.284891,22.646497],"population":2,"households":2,"male":1,"female":1,"ages":[0,0,1,1],"density_km2":12},"geometry":{"type":"Polygon","coordinates":[[[120.28617,22.648567],[120.287615,22.647225],[120.286077,22.645161],[120.285645,22.644041],[120.284563,22.644396],[120.284233,22.644508],[120.282731,22.645042],[120.282479,22.645132],[120.282072,22.645288],[120.282227,22.645664],[120.282535,22.646212],[120.282636,22.646342],[120.282946,22.64674],[120.283037,22.646826],[120.283381,22.647148],[120.283514,22.647296],[120.283742,22.647528],[120.283891,22.647679],[120.284363,22.648123],[120.284456,22.64821],[120.285309,22.649011],[120.28535,22.649051],[120.28617,22.648567]]]}},{"type":"Feature","id":"A6405-0600-00","properties":{"code":"A6405-0600-00","district":"三民區","area_m2":4461.8,"centroid":[120.304956,22.648922],"population":85,"households":33,"male":41,"female":44,"ages":[8,13,36,28],"density_km2":19051},"geometry":{"type":"Polygon","coordinates":[[[120.304377,22.649121],[120.305532,22.649047],[120.305571,22.649045],[120.305545,22.648726],[120.30551,22.648729],[120.304343,22.648789],[120.304377,22.649121]]]}},{"type":"Feature","id":"A6405-0605-00","properties":{"code":"A6405-0605-00","district":"三民區","area_m2":4056.8,"centroid":[120.301809,22.648839],"population":63,"households":24,"male":35,"female":28,"ages":[7,11,29,16],"density_km2":15530},"geometry":{"type":"Polygon","coordinates":[[[120.30124,22.649038],[120.301767,22.648993],[120.302086,22.648972],[120.302397,22.648951],[120.302373,22.64864],[120.301221,22.64873],[120.30124,22.649038]]]}},{"type":"Feature","id":"A6405-0606-00","properties":{"code":"A6405-0606-00","district":"三民區","area_m2":4051.7,"centroid":[120.306119,22.648852],"population":152,"households":68,"male":69,"female":83,"ages":[20,34,54,44],"density_km2":37515},"geometry":{"type":"Polygon","coordinates":[[[120.305571,22.649045],[120.306695,22.648973],[120.306669,22.648661],[120.305545,22.648726],[120.305571,22.649045]]]}},{"type":"Feature","id":"A6405-0632-00","properties":{"code":"A6405-0632-00","district":"三民區","area_m2":14403.6,"centroid":[120.31754,22.648461],"population":308,"households":171,"male":143,"female":165,"ages":[26,72,149,61],"density_km2":21384},"geometry":{"type":"Polygon","coordinates":[[[120.316805,22.649084],[120.317257,22.648921],[120.317334,22.64902],[120.317973,22.648704],[120.317938,22.648643],[120.318246,22.648519],[120.31837,22.648536],[120.318419,22.648172],[120.317637,22.64801],[120.317579,22.647991],[120.316922,22.647873],[120.316903,22.647984],[120.316804,22.648579],[120.316802,22.648997],[120.316805,22.649084]]]}},{"type":"Feature","id":"A6405-0854-00","properties":{"code":"A6405-0854-00","district":"三民區","area_m2":4563.5,"centroid":[120.31141,22.645229],"population":44,"households":13,"male":24,"female":20,"ages":[4,10,24,6],"density_km2":9642},"geometry":{"type":"Polygon","coordinates":[[[120.311237,22.645684],[120.311686,22.645642],[120.311609,22.644889],[120.311598,22.644777],[120.311578,22.644778],[120.311131,22.644817],[120.311143,22.644921],[120.311237,22.645684]]]}},{"type":"Feature","id":"A6405-0851-00","properties":{"code":"A6405-0851-00","district":"三民區","area_m2":10157.7,"centroid":[120.30151,22.645221],"population":192,"households":88,"male":98,"female":94,"ages":[18,42,67,65],"density_km2":18902},"geometry":{"type":"Polygon","coordinates":[[[120.30096,22.645635],[120.302108,22.64557],[120.302128,22.645568],[120.302065,22.644803],[120.300887,22.644888],[120.30096,22.645635]]]}},{"type":"Feature","id":"A6405-0860-00","properties":{"code":"A6405-0860-00","district":"三民區","area_m2":4451.0,"centroid":[120.311863,22.645191],"population":80,"households":38,"male":38,"female":42,"ages":[10,12,38,20],"density_km2":17973},"geometry":{"type":"Polygon","coordinates":[[[120.311686,22.645642],[120.312124,22.645613],[120.312063,22.644855],[120.312054,22.644743],[120.312018,22.644745],[120.311663,22.644772],[120.311598,22.644777],[120.311609,22.644889],[120.311686,22.645642]]]}},{"type":"Feature","id":"A6405-0861-00","properties":{"code":"A6405-0861-00","district":"三民區","area_m2":7761.5,"centroid":[120.312476,22.645155],"population":58,"households":27,"male":29,"female":29,"ages":[7,16,19,16],"density_km2":7473},"geometry":{"type":"Polygon","coordinates":[[[120.312124,22.645613],[120.312498,22.645603],[120.312897,22.645569],[120.312835,22.644804],[120.312827,22.644693],[120.312806,22.644694],[120.312432,22.644719],[120.312395,22.644722],[120.312054,22.644743],[120.312063,22.644855],[120.312124,22.645613]]]}},{"type":"Feature","id":"A6405-0878-00","properties":{"code":"A6405-0878-00","district":"三民區","area_m2":16107.9,"centroid":[120.30254,22.644778],"population":197,"households":101,"male":94,"female":103,"ages":[19,36,74,68],"density_km2":12230},"geometry":{"type":"Polygon","coordinates":[[[120.302128,22.645568],[120.303072,22.645474],[120.302945,22.643996],[120.302405,22.644028],[120.302384,22.644029],[120.302015,22.644054],[120.30202,22.644116],[120.302065,22.644803],[120.302128,22.645568]]]}},{"type":"Feature","id":"A6405-0863-00","properties":{"code":"A6405-0863-00","district":"三民區","area_m2":4649.4,"centroid":[120.313094,22.645119],"population":93,"households":49,"male":46,"female":47,"ages":[7,21,38,27],"density_km2":20003},"geometry":{"type":"Polygon","coordinates":[[[120.312897,22.645569],[120.31336,22.645547],[120.3133,22.644782],[120.313292,22.64467],[120.313255,22.644672],[120.313234,22.644673],[120.312827,22.644693],[120.312835,22.644804],[120.312897,22.645569]]]}},{"type":"Feature","id":"A6405-0864-00","properties":{"code":"A6405-0864-00","district":"三民區","area_m2":3931.9,"centroid":[120.313516,22.645094],"population":112,"households":49,"male":65,"female":47,"ages":[9,31,43,29],"density_km2":28485},"geometry":{"type":"Polygon","coordinates":[[[120.31336,22.645547],[120.313728,22.645529],[120.313711,22.644762],[120.313708,22.644649],[120.313666,22.644651],[120.313611,22.644654],[120.313292,22.64467],[120.3133,22.644782],[120.31336,22.645547]]]}},{"type":"Feature","id":"A6405-0866-00","properties":{"code":"A6405-0866-00","district":"三民區","area_m2":6760.4,"centroid":[120.314065,22.645069],"population":95,"households":40,"male":44,"female":51,"ages":[7,20,43,25],"density_km2":14052},"geometry":{"type":"Polygon","coordinates":[[[120.313728,22.645529],[120.314435,22.645463],[120.314429,22.645388],[120.314367,22.64461],[120.314011,22.644631],[120.313708,22.644649],[120.313711,22.644762],[120.313728,22.645529]]]}},{"type":"Feature","id":"A6405-1135-00","properties":{"code":"A6405-1135-00","district":"三民區","area_m2":5435.8,"centroid":[120.295539,22.641383],"population":141,"households":71,"male":73,"female":68,"ages":[14,31,53,43],"density_km2":25939},"geometry":{"type":"Polygon","coordinates":[[[120.295275,22.641806],[120.29531,22.641796],[120.295742,22.641757],[120.29584,22.641748],[120.295861,22.641754],[120.295839,22.640969],[120.295208,22.641017],[120.295275,22.641806]]]}},{"type":"Feature","id":"A6405-1120-00","properties":{"code":"A6405-1120-00","district":"三民區","area_m2":4213.5,"centroid":[120.306686,22.641614],"population":70,"households":32,"male":31,"female":39,"ages":[10,8,27,25],"density_km2":16613},"geometry":{"type":"Polygon","coordinates":[[[120.306137,22.641822],[120.307256,22.64173],[120.307255,22.641718],[120.307236,22.641411],[120.306126,22.641479],[120.306137,22.641822]]]}},{"type":"Feature","id":"A6405-1139-00","properties":{"code":"A6405-1139-00","district":"三民區","area_m2":3170.9,"centroid":[120.296028,22.641344],"population":40,"households":14,"male":23,"female":17,"ages":[2,11,19,8],"density_km2":12615},"geometry":{"type":"Polygon","coordinates":[[[120.295861,22.641754],[120.296192,22.641724],[120.29622,22.640944],[120.29616,22.640948],[120.295839,22.640969],[120.295861,22.641754]]]}},{"type":"Feature","id":"A6405-1121-00","properties":{"code":"A6405-1121-00","district":"三民區","area_m2":3729.2,"centroid":[120.310762,22.641627],"population":130,"households":63,"male":55,"female":75,"ages":[32,30,39,29],"density_km2":34860},"geometry":{"type":"Polygon","coordinates":[[[120.310111,22.641796],[120.311339,22.641721],[120.311414,22.641716],[120.311393,22.641451],[120.311325,22.641456],[120.310098,22.641559],[120.310111,22.641796]]]}},{"type":"Feature","id":"A6405-1180-00","properties":{"code":"A6405-1180-00","district":"三民區","area_m2":11455.3,"centroid":[120.296616,22.640935],"population":113,"households":45,"male":59,"female":54,"ages":[15,21,47,30],"density_km2":9864},"geometry":{"type":"Polygon","coordinates":[[[120.296192,22.641724],[120.296213,22.641723],[120.297107,22.641664],[120.297154,22.641661],[120.297116,22.641193],[120.297081,22.641195],[120.296759,22.641218],[120.296654,22.6402],[120.296637,22.640018],[120.296324,22.640003],[120.296264,22.639993],[120.29626,22.64007],[120.296259,22.64009],[120.296221,22.640916],[120.296221,22.640932],[120.29622,22.640944],[120.296192,22.641724]]]}},{"type":"Feature","id":"A6405-1146-00","properties":{"code":"A6405-1146-00","district":"三民區","area_m2":10832.1,"centroid":[120.307837,22.641302],"population":148,"households":68,"male":74,"female":74,"ages":[16,29,57,46],"density_km2":13663},"geometry":{"type":"Polygon","coordinates":[[[120.307256,22.64173],[120.307276,22.641728],[120.308473,22.641652],[120.308459,22.641334],[120.308456,22.641286],[120.308438,22.640875],[120.308127,22.640897],[120.307212,22.64096],[120.307191,22.640962],[120.307227,22.641266],[120.307234,22.641372],[120.307235,22.641399],[120.307236,22.641411],[120.307255,22.641718],[120.307256,22.64173]]]}},{"type":"Feature","id":"A6402-0485-00","properties":{"code":"A6402-0485-00","district":"鼓山區","area_m2":18420.5,"centroid":[120.280883,22.640496],"population":144,"households":53,"male":75,"female":69,"ages":[20,25,60,39],"density_km2":7817},"geometry":{"type":"Polygon","coordinates":[[[120.280537,22.641526],[120.28098,22.641609],[120.281047,22.641259],[120.281241,22.640597],[120.281454,22.639872],[120.281534,22.639591],[120.28107,22.639472],[120.280748,22.639389],[120.280567,22.640142],[120.280248,22.641472],[120.280537,22.641526]]]}},{"type":"Feature","id":"A6405-1136-00","properties":{"code":"A6405-1136-00","district":"三民區","area_m2":6147.4,"centroid":[120.297706,22.641388],"population":108,"households":44,"male":58,"female":50,"ages":[14,22,30,42],"density_km2":17568},"geometry":{"type":"Polygon","coordinates":[[[120.297154,22.641661],[120.298275,22.641589],[120.298296,22.641587],[120.298254,22.64113],[120.298252,22.641113],[120.297116,22.641193],[120.297154,22.641661]]]}},{"type":"Feature","id":"A6405-1128-00","properties":{"code":"A6405-1128-00","district":"三民區","area_m2":3545.4,"centroid":[120.31197,22.641541],"population":102,"households":44,"male":47,"female":55,"ages":[16,21,39,26],"density_km2":28770},"geometry":{"type":"Polygon","coordinates":[[[120.311414,22.641716],[120.312541,22.641647],[120.312522,22.641362],[120.311393,22.641451],[120.311414,22.641716]]]}},{"type":"Feature","id":"A6408-0001-00","properties":{"code":"A6408-0001-00","district":"苓雅區","area_m2":46890.6,"centroid":[120.319951,22.637803],"population":180,"households":77,"male":94,"female":86,"ages":[43,52,54,31],"density_km2":3839},"geometry":{"type":"Polygon","coordinates":[[[120.316663,22.638616],[120.316822,22.638639],[120.317075,22.638656],[120.317405,22.638644],[120.317558,22.638629],[120.317719,22.638613],[120.318462,22.638501],[120.318633,22.638475],[120.319512,22.638321],[120.320686,22.638114],[120.322784,22.637751],[120.322563,22.636922],[120.321522,22.637126],[120.320267,22.637371],[120.318374,22.637741],[120.318209,22.637902],[120.317812,22.638166],[120.317804,22.638171],[120.317764,22.638194],[120.31737,22.638354],[120.31722,22.638428],[120.317185,22.638446],[120.317132,22.638474],[120.317058,22.6385],[120.316862,22.638589],[120.316827,22.638597],[120.316797,22.638597],[120.316663,22.638616]]]}},{"type":"Feature","id":"A6405-1372-00","properties":{"code":"A6405-1372-00","district":"三民區","area_m2":17751.7,"centroid":[120.304396,22.638072],"population":232,"households":106,"male":110,"female":122,"ages":[33,48,100,51],"density_km2":13069},"geometry":{"type":"Polygon","coordinates":[[[120.303566,22.638587],[120.303925,22.638559],[120.305308,22.63845],[120.305269,22.638055],[120.305224,22.637601],[120.305219,22.637552],[120.305199,22.637554],[120.30445,22.637621],[120.303481,22.637708],[120.303482,22.63772],[120.303566,22.638587]]]}},{"type":"Feature","id":"A6402-0503-00","properties":{"code":"A6402-0503-00","district":"鼓山區","area_m2":13228.4,"centroid":[120.283029,22.637831],"population":266,"households":119,"male":142,"female":124,"ages":[27,59,105,75],"density_km2":20108},"geometry":{"type":"Polygon","coordinates":[[[120.282197,22.638342],[120.282337,22.63836],[120.283508,22.638496],[120.283578,22.637983],[120.283626,22.637653],[120.283709,22.637023],[120.283523,22.637116],[120.283432,22.637172],[120.2832,22.637315],[120.283077,22.63741],[120.283036,22.637441],[120.282899,22.637546],[120.282627,22.637809],[120.282383,22.638086],[120.282197,22.638342]]]}},{"type":"Feature","id":"A6405-1374-00","properties":{"code":"A6405-1374-00","district":"三民區","area_m2":9046.7,"centroid":[120.294045,22.63798],"population":187,"households":93,"male":96,"female":91,"ages":[15,35,80,57],"density_km2":20670},"geometry":{"type":"Polygon","coordinates":[[[120.294072,22.638459],[120.294283,22.63853],[120.294451,22.638086],[120.294546,22.637955],[120.29458,22.637841],[120.294637,22.637725],[120.29461,22.637717],[120.294134,22.637526],[120.29394,22.63747],[120.293731,22.637446],[120.293701,22.63771],[120.293617,22.637702],[120.293597,22.637757],[120.293573,22.637883],[120.293476,22.638259],[120.294072,22.638459]]]}},{"type":"Feature","id":"A6402-0514-00","properties":{"code":"A6402-0514-00","district":"鼓山區","area_m2":60869.0,"centroid":[120.280347,22.63597],"population":298,"households":143,"male":164,"female":134,"ages":[26,69,128,75],"density_km2":4896},"geometry":{"type":"Polygon","coordinates":[[[120.278551,22.638277],[120.278615,22.638337],[120.278703,22.638359],[120.278807,22.63836],[120.278919,22.638353],[120.279015,22.638316],[120.279136,22.638205],[120.279249,22.637983],[120.279492,22.637479],[120.279739,22.636986],[120.280125,22.636217],[120.28017,22.63616],[120.280239,22.636103],[120.280304,22.636065],[120.280419,22.636053],[120.280522,22.636048],[120.280705,22.63608],[120.281056,22.636269],[120.281137,22.636137],[120.281163,22.636137],[120.28127,22.636032],[120.282223,22.635233],[120.282332,22.63513],[120.281988,22.63498],[120.281368,22.63473],[120.281474,22.633836],[120.281447,22.633781],[120.280951,22.633857],[120.280547,22.633919],[120.280493,22.634737],[120.280395,22.634899],[120.280263,22.635037],[120.280145,22.63516],[120.27997,22.635327],[120.279914,22.635383],[120.279844,22.635424],[120.279478,22.635686],[120.279543,22.635696],[120.279271,22.635921],[120.279121,22.636075],[120.279035,22.63624],[120.278962,22.636601],[120.278963,22.636889],[120.278921,22.637119],[120.278897,22.63726],[120.278788,22.637401],[120.278675,22.637542],[120.278586,22.637683],[120.278545,22.637789],[120.278521,22.637863],[120.278492,22.637989],[120.278473,22.638098],[120.278486,22.638159],[120.278551,22.638277]]]}},{"type":"Feature","id":"A6405-1411-00","properties":{"code":"A6405-1411-00","district":"三民區","area_m2":19840.4,"centroid":[120.292132,22.637475],"population":0,"households":0,"male":0,"female":0,"ages":[0,0,0,0],"density_km2":0},"geometry":{"type":"Polygon","coordinates":[[[120.292342,22.638418],[120.292394,22.63829],[120.292534,22.637942],[120.292542,22.637922],[120.292779,22.637333],[120.292797,22.637289],[120.292952,22.636903],[120.292929,22.636896],[120.291968,22.636562],[120.29178,22.637031],[120.291634,22.636976],[120.291592,22.637095],[120.291589,22.637198],[120.291311,22.637907],[120.291399,22.63795],[120.292328,22.638404],[120.292342,22.638418]]]}},{"type":"Feature","id":"A6405-1365-00","properties":{"code":"A6405-1365-00","district":"三民區","area_m2":8178.4,"centroid":[120.311777,22.63821],"population":0,"households":0,"male":0,"female":0,"ages":[0,0,0,0],"density_km2":0},"geometry":{"type":"Polygon","coordinates":[[[120.311027,22.638493],[120.312558,22.63839],[120.31257,22.638389],[120.312569,22.638364],[120.312539,22.637927],[120.312221,22.637949],[120.31098,22.638035],[120.310984,22.638077],[120.311022,22.638447],[120.311027,22.638493]]]}},{"type":"Feature","id":"A6407-0006-00","properties":{"code":"A6407-0006-00","district":"前金區","area_m2":6653.6,"centroid":[120.295262,22.634412],"population":147,"households":69,"male":77,"female":70,"ages":[12,31,59,45],"density_km2":22093},"geometry":{"type":"Polygon","coordinates":[[[120.294803,22.634814],[120.295339,22.634989],[120.295717,22.634006],[120.2952,22.633834],[120.294803,22.634814]]]}},{"type":"Feature","id":"A6407-0005-00","properties":{"code":"A6407-0005-00","district":"前金區","area_m2":6956.5,"centroid":[120.295844,22.63452],"population":147,"households":78,"male":72,"female":75,"ages":[18,29,56,44],"density_km2":21131},"geometry":{"type":"Polygon","coordinates":[[[120.295339,22.634989],[120.296069,22.634957],[120.296073,22.634946],[120.29621,22.634566],[120.296338,22.634213],[120.295717,22.634006],[120.295339,22.634989]]]}},{"type":"Feature","id":"A6407-0004-00","properties":{"code":"A6407-0004-00","district":"前金區","area_m2":4332.2,"centroid":[120.293409,22.63461],"population":252,"households":128,"male":109,"female":143,"ages":[17,61,111,63],"density_km2":58170},"geometry":{"type":"Polygon","coordinates":[[[120.29368,22.634962],[120.293756,22.634784],[120.293866,22.634508],[120.293414,22.634355],[120.293129,22.634257],[120.293023,22.634536],[120.292953,22.634721],[120.29368,22.634962]]]}},{"type":"Feature","id":"A6406-0046-00","properties":{"code":"A6406-0046-00","district":"新興區","area_m2":4495.9,"centroid":[120.311287,22.634841],"population":142,"households":58,"male":74,"female":68,"ages":[28,29,50,35],"density_km2":31584},"geometry":{"type":"Polygon","coordinates":[[[120.310642,22.635032],[120.311952,22.634951],[120.311929,22.634648],[120.310619,22.634735],[120.310642,22.635032]]]}},{"type":"Feature","id":"A6405-1520-00","properties":{"code":"A6405-1520-00","district":"三民區","area_m2":10426.7,"centroid":[120.288835,22.634406],"population":215,"households":97,"male":99,"female":116,"ages":[26,30,83,76],"density_km2":20620},"geometry":{"type":"Polygon","coordinates":[[[120.289614,22.634914],[120.289658,22.634928],[120.289834,22.634473],[120.289789,22.634459],[120.288012,22.633888],[120.287827,22.634319],[120.289614,22.634914]]]}},{"type":"Feature","id":"A6406-0049-00","properties":{"code":"A6406-0049-00","district":"新興區","area_m2":8401.6,"centroid":[120.304081,22.634662],"population":194,"households":116,"male":78,"female":116,"ages":[14,42,79,59],"density_km2":23091},"geometry":{"type":"Polygon","coordinates":[[[120.303221,22.634942],[120.304949,22.634825],[120.304948,22.634807],[120.304927,22.63442],[120.304922,22.634367],[120.303186,22.634554],[120.303187,22.634567],[120.303221,22.634942]]]}},{"type":"Feature","id":"A6407-0009-00","properties":{"code":"A6407-0009-00","district":"前金區","area_m2":7219.4,"centroid":[120.29485,22.634094],"population":291,"households":130,"male":140,"female":151,"ages":[17,70,123,81],"density_km2":40308},"geometry":{"type":"Polygon","coordinates":[[[120.294377,22.634676],[120.294803,22.634814],[120.2952,22.633834],[120.295324,22.633516],[120.294887,22.633377],[120.294377,22.634676]]]}},{"type":"Feature","id":"A6401-0001-00","properties":{"code":"A6401-0001-00","district":"鹽埕區","area_m2":9962.2,"centroid":[120.284582,22.634128],"population":52,"households":26,"male":27,"female":25,"ages":[6,9,13,24],"density_km2":5220},"geometry":{"type":"Polygon","coordinates":[[[120.28505,22.634765],[120.285081,22.634565],[120.285127,22.634299],[120.285133,22.634265],[120.285156,22.634174],[120.285184,22.634067],[120.284694,22.633511],[120.283967,22.63394],[120.283899,22.634015],[120.283885,22.634031],[120.284013,22.634142],[120.284175,22.634276],[120.284347,22.634394],[120.28453,22.63451],[120.28466,22.634583],[120.28479,22.634649],[120.284921,22.634708],[120.28505,22.634765]]]}},{"type":"Feature","id":"A6406-0050-00","properties":{"code":"A6406-0050-00","district":"新興區","area_m2":4719.0,"centroid":[120.309942,22.634644],"population":402,"households":165,"male":183,"female":219,"ages":[82,88,160,72],"density_km2":85187},"geometry":{"type":"Polygon","coordinates":[[[120.309295,22.634855],[120.310619,22.634735],[120.310593,22.634441],[120.309281,22.634523],[120.309295,22.634855]]]}},{"type":"Feature","id":"A6406-0051-00","properties":{"code":"A6406-0051-00","district":"新興區","area_m2":6927.3,"centroid":[120.305629,22.634539],"population":101,"households":64,"male":48,"female":53,"ages":[10,17,40,34],"density_km2":14580},"geometry":{"type":"Polygon","coordinates":[[[120.304948,22.634807],[120.30634,22.634708],[120.306301,22.634337],[120.306297,22.634271],[120.306232,22.634276],[120.304922,22.634367],[120.304927,22.63442],[120.304948,22.634807]]]}},{"type":"Feature","id":"A6407-0007-00","properties":{"code":"A6407-0007-00","district":"前金區","area_m2":6529.9,"centroid":[120.292472,22.634304],"population":103,"households":56,"male":52,"female":51,"ages":[18,16,39,30],"density_km2":15774},"geometry":{"type":"Polygon","coordinates":[[[120.292803,22.634665],[120.292953,22.634721],[120.293023,22.634536],[120.293129,22.634257],[120.292003,22.633904],[120.291981,22.633894],[120.291872,22.634155],[120.291809,22.634324],[120.291862,22.634341],[120.292732,22.634638],[120.292803,22.634665]]]}},{"type":"Feature","id":"A6406-0056-00","properties":{"code":"A6406-0056-00","district":"新興區","area_m2":9777.4,"centroid":[120.300164,22.634363],"population":433,"households":291,"male":196,"female":237,"ages":[45,136,172,80],"density_km2":44286},"geometry":{"type":"Polygon","coordinates":[[[120.30046,22.634753],[120.30048,22.634751],[120.301238,22.634683],[120.301259,22.634682],[120.301229,22.63433],[120.300599,22.634366],[120.299222,22.633907],[120.299081,22.634295],[120.30046,22.634753]]]}},{"type":"Feature","id":"A6407-0050-00","properties":{"code":"A6407-0050-00","district":"前金區","area_m2":2737.4,"centroid":[120.294576,22.630961],"population":54,"households":26,"male":25,"female":29,"ages":[5,12,24,13],"density_km2":19727},"geometry":{"type":"Polygon","coordinates":[[[120.294283,22.63125],[120.294588,22.631351],[120.294873,22.630682],[120.294549,22.630574],[120.294283,22.63125]]]}},{"type":"Feature","id":"A6402-0536-00","properties":{"code":"A6402-0536-00","district":"鼓山區","area_m2":6173.6,"centroid":[120.279882,22.630741],"population":271,"households":128,"male":138,"female":133,"ages":[19,68,120,64],"density_km2":43896},"geometry":{"type":"Polygon","coordinates":[[[120.279732,22.631086],[120.279847,22.631264],[120.280214,22.631034],[120.28015,22.630951],[120.280342,22.630845],[120.280385,22.63082],[120.279982,22.630229],[120.27968,22.630415],[120.279365,22.63061],[120.27961,22.630929],[120.279732,22.631086]]]}},{"type":"Feature","id":"A6406-0151-00","properties":{"code":"A6406-0151-00","district":"新興區","area_m2":18141.9,"centroid":[120.302254,22.630253],"population":167,"households":89,"male":86,"female":81,"ages":[15,33,68,51],"density_km2":9205},"geometry":{"type":"Polygon","coordinates":[[[120.302546,22.6313],[120.302899,22.631272],[120.302919,22.631271],[120.302865,22.630644],[120.302465,22.63067],[120.302306,22.629077],[120.301688,22.629124],[120.301766,22.629815],[120.301787,22.63],[120.301789,22.630014],[120.301881,22.630831],[120.301901,22.631294],[120.302546,22.6313]]]}},{"type":"Feature","id":"A6406-0140-00","properties":{"code":"A6406-0140-00","district":"新興區","area_m2":15236.4,"centroid":[120.30121,22.630593],"population":185,"households":120,"male":87,"female":98,"ages":[5,57,75,48],"density_km2":12142},"geometry":{"type":"Polygon","coordinates":[[[120.301459,22.631132],[120.301901,22.631294],[120.301881,22.630831],[120.301789,22.630014],[120.301199,22.630074],[120.301162,22.630064],[120.30078,22.629927],[120.300608,22.630322],[120.300442,22.63085],[120.30073,22.630955],[120.301044,22.630997],[120.301459,22.631132]]]}},{"type":"Feature","id":"A6402-0543-00","properties":{"code":"A6402-0543-00","district":"鼓山區","area_m2":150928.9,"centroid":[120.275962,22.628396],"population":24,"households":10,"male":11,"female":13,"ages":[4,5,11,4],"density_km2":159},"geometry":{"type":"Polygon","coordinates":[[[120.276187,22.631174],[120.276471,22.631081],[120.276797,22.630978],[120.276917,22.630941],[120.277179,22.630863],[120.277339,22.630814],[120.27728,22.630702],[120.277255,22.630594],[120.277273,22.630517],[120.277331,22.630443],[120.27741,22.630328],[120.277553,22.629624],[120.277646,22.62934],[120.2778,22.629104],[120.277869,22.628826],[120.277866,22.62849],[120.277775,22.628092],[120.277708,22.627768],[120.27758,22.627613],[120.277548,22.62754],[120.277563,22.62746],[120.277626,22.627409],[120.277649,22.627412],[120.277535,22.627274],[120.277339,22.627093],[120.277019,22.626929],[120.276688,22.626818],[120.276293,22.62673],[120.276116,22.626704],[120.276025,22.626654],[120.275961,22.626583],[120.275716,22.626039],[120.275522,22.625794],[120.275323,22.62547],[120.275257,22.625316],[120.275159,22.625138],[120.275133,22.625144],[120.275093,22.625135],[120.275013,22.625191],[120.27462,22.625472],[120.274601,22.625478],[120.274563,22.625574],[120.274681,22.626002],[120.274746,22.626238],[120.274755,22.626388],[120.274815,22.626964],[120.274818,22.626989],[120.274844,22.627243],[120.274987,22.627507],[120.275106,22.62766],[120.275286,22.62771],[120.275395,22.627748],[120.275535,22.627777],[120.275801,22.627779],[120.275836,22.627843],[120.275937,22.627879],[120.275866,22.628072],[120.275922,22.628184],[120.275948,22.628225],[120.275928,22.628331],[120.275877,22.628383],[120.275776,22.628418],[120.275497,22.628429],[120.275314,22.628416],[120.275098,22.628544],[120.275002,22.62865],[120.274826,22.628619],[120.274719,22.628578],[120.274631,22.628519],[120.274542,22.628424],[120.274185,22.628521],[120.27415,22.628522],[120.27408,22.628663],[120.273983,22.628663],[120.273998,22.629496],[120.274082,22.629657],[120.274163,22.629811],[120.274234,22.629949],[120.274458,22.630171],[120.27452,22.630271],[120.274589,22.630348],[120.275036,22.630657],[120.27534,22.630778],[120.275535,22.630855],[120.275775,22.630935],[120.275917,22.631069],[120.276187,22.631174]]]}},{"type":"Feature","id":"A6406-0134-00","properties":{"code":"A6406-0134-00","district":"新興區","area_m2":6705.8,"centroid":[120.316109,22.631102],"population":118,"households":58,"male":55,"female":63,"ages":[21,21,39,37],"density_km2":17597},"geometry":{"type":"Polygon","coordinates":[[[120.315315,22.631341],[120.31694,22.631222],[120.31691,22.630866],[120.31528,22.630978],[120.315315,22.631341]]]}},{"type":"Feature","id":"A6407-0052-00","properties":{"code":"A6407-0052-00","district":"前金區","area_m2":5135.0,"centroid":[120.298345,22.630893],"population":230,"households":128,"male":110,"female":120,"ages":[16,47,82,85],"density_km2":44791},"geometry":{"type":"Polygon","coordinates":[[[120.298906,22.631263],[120.299026,22.630936],[120.297784,22.630524],[120.297661,22.63084],[120.298906,22.631263]]]}},{"type":"Feature","id":"A6406-0138-00","properties":{"code":"A6406-0138-00","district":"新興區","area_m2":15131.4,"centroid":[120.303745,22.630822],"population":63,"households":42,"male":31,"female":32,"ages":[6,20,28,9],"density_km2":4164},"geometry":{"type":"Polygon","coordinates":[[[120.304638,22.631137],[120.304607,22.630748],[120.304578,22.630375],[120.302852,22.630498],[120.302865,22.630644],[120.302919,22.631271],[120.304638,22.631137]]]}},{"type":"Feature","id":"A6408-0221-00","properties":{"code":"A6408-0221-00","district":"苓雅區","area_m2":4296.1,"centroid":[120.315683,22.627418],"population":200,"households":95,"male":100,"female":100,"ages":[50,47,75,28],"density_km2":46554},"geometry":{"type":"Polygon","coordinates":[[[120.315676,22.627947],[120.316031,22.627042],[120.316043,22.627011],[120.315683,22.62689],[120.315324,22.62783],[120.315676,22.627947]]]}},{"type":"Feature","id":"A6407-0085-00","properties":{"code":"A6407-0085-00","district":"前金區","area_m2":19941.8,"centroid":[120.297392,22.626826],"population":125,"households":66,"male":52,"female":73,"ages":[5,24,43,53],"density_km2":6268},"geometry":{"type":"Polygon","coordinates":[[[120.29752,22.627812],[120.297537,22.627817],[120.298183,22.626145],[120.298125,22.626126],[120.297279,22.625828],[120.297258,22.625881],[120.296598,22.627512],[120.296594,22.627522],[120.297062,22.627657],[120.297148,22.627686],[120.297497,22.627804],[120.29752,22.627812]]]}},{"type":"Feature","id":"A6401-0050-00","properties":{"code":"A6401-0050-00","district":"鹽埕區","area_m2":10142.5,"centroid":[120.285205,22.62708],"population":196,"households":99,"male":94,"female":102,"ages":[4,48,79,65],"density_km2":19325},"geometry":{"type":"Polygon","coordinates":[[[120.285112,22.627742],[120.285464,22.627568],[120.285827,22.627389],[120.285325,22.626421],[120.284578,22.626773],[120.285112,22.627742]]]}},{"type":"Feature","id":"A6407-0084-00","properties":{"code":"A6407-0084-00","district":"前金區","area_m2":20137.3,"centroid":[120.293668,22.627041],"population":279,"households":213,"male":176,"female":103,"ages":[24,36,133,86],"density_km2":13855},"geometry":{"type":"Polygon","coordinates":[[[120.294357,22.627781],[120.29455,22.627284],[120.294711,22.62687],[120.293786,22.626565],[120.292985,22.626304],[120.292621,22.627197],[120.294357,22.627781]]]}},{"type":"Feature","id":"A6401-0049-00","properties":{"code":"A6401-0049-00","district":"鹽埕區","area_m2":5408.1,"centroid":[120.280032,22.62715],"population":331,"households":146,"male":149,"female":182,"ages":[42,62,127,100],"density_km2":61204},"geometry":{"type":"Polygon","coordinates":[[[120.280094,22.627701],[120.280262,22.62761],[120.280275,22.627604],[120.280476,22.627513],[120.280492,22.627512],[120.280005,22.6266],[120.279568,22.626826],[120.280094,22.627701]]]}},{"type":"Feature","id":"A6408-0227-00","properties":{"code":"A6408-0227-00","district":"苓雅區","area_m2":14095.7,"centroid":[120.31492,22.627164],"population":0,"households":0,"male":0,"female":0,"ages":[0,0,0,0],"density_km2":0},"geometry":{"type":"Polygon","coordinates":[[[120.315324,22.62783],[120.315683,22.62689],[120.315589,22.626858],[120.315171,22.626717],[120.314519,22.626497],[120.314158,22.627443],[120.315324,22.62783]]]}},{"type":"Feature","id":"A6401-0051-00","properties":{"code":"A6401-0051-00","district":"鹽埕區","area_m2":5839.7,"centroid":[120.282853,22.626982],"population":38,"households":19,"male":20,"female":18,"ages":[5,7,14,12],"density_km2":6507},"geometry":{"type":"Polygon","coordinates":[[[120.282907,22.627567],[120.28292,22.62756],[120.283331,22.627367],[120.282791,22.626396],[120.28239,22.626583],[120.282377,22.626589],[120.282898,22.62755],[120.282907,22.627567]]]}},{"type":"Feature","id":"A6407-0090-00","properties":{"code":"A6407-0090-00","district":"前金區","area_m2":52737.5,"centroid":[120.289786,22.626312],"population":2,"households":2,"male":1,"female":1,"ages":[0,1,0,1],"density_km2":38},"geometry":{"type":"Polygon","coordinates":[[[120.290535,22.627584],[120.290556,22.627594],[120.29095,22.62663],[120.291286,22.625746],[120.291264,22.625736],[120.290798,22.625583],[120.289131,22.625034],[120.289118,22.625064],[120.288933,22.625501],[120.288645,22.626039],[120.288242,22.626767],[120.288237,22.626775],[120.288913,22.627035],[120.290535,22.627584]]]}},{"type":"Feature","id":"A6406-0209-00","properties":{"code":"A6406-0209-00","district":"新興區","area_m2":6951.3,"centroid":[120.312819,22.627269],"population":511,"households":212,"male":212,"female":299,"ages":[122,108,212,69],"density_km2":73511},"geometry":{"type":"Polygon","coordinates":[[[120.312185,22.627427],[120.312486,22.62753],[120.312578,22.62744],[120.312725,22.627487],[120.312683,22.627598],[120.312858,22.627655],[120.312901,22.627541],[120.313028,22.627582],[120.313042,22.627546],[120.313316,22.627636],[120.313437,22.627323],[120.313458,22.627269],[120.313477,22.627218],[120.313393,22.62719],[120.312384,22.626857],[120.31237,22.626894],[120.312351,22.626948],[120.312185,22.627427]]]}},{"type":"Feature","id":"A6401-0053-00","properties":{"code":"A6401-0053-00","district":"鹽埕區","area_m2":8886.9,"centroid":[120.280583,22.626881],"population":182,"households":78,"male":90,"female":92,"ages":[25,40,62,55],"density_km2":20480},"geometry":{"type":"Polygon","coordinates":[[[120.280492,22.627512],[120.280836,22.627334],[120.281162,22.627166],[120.280665,22.626247],[120.280005,22.6266],[120.280492,22.627512]]]}},{"type":"Feature","id":"A6406-0210-00","properties":{"code":"A6406-0210-00","district":"新興區","area_m2":7320.5,"centroid":[120.310207,22.62712],"population":72,"households":37,"male":37,"female":35,"ages":[2,21,28,21],"density_km2":9835},"geometry":{"type":"Polygon","coordinates":[[[120.310369,22.627571],[120.310455,22.627595],[120.31068,22.62701],[120.310704,22.626947],[120.310733,22.62687],[120.310001,22.62662],[120.30988,22.626934],[120.309678,22.627487],[120.30985,22.627485],[120.310053,22.627519],[120.310369,22.627571]]]}},{"type":"Feature","id":"A6402-0572-00","properties":{"code":"A6402-0572-00","district":"鼓山區","area_m2":12391.6,"centroid":[120.274131,22.622648],"population":124,"households":58,"male":56,"female":68,"ages":[11,22,41,50],"density_km2":10007},"geometry":{"type":"Polygon","coordinates":[[[120.274347,22.623305],[120.274864,22.623053],[120.274478,22.622464],[120.274471,22.622446],[120.274078,22.621879],[120.273402,22.622267],[120.274167,22.623415],[120.274347,22.623305]]]}},{"type":"Feature","id":"A6407-0116-00","properties":{"code":"A6407-0116-00","district":"前金區","area_m2":4456.6,"centroid":[120.296796,22.62312],"population":63,"households":30,"male":33,"female":30,"ages":[5,17,19,22],"density_km2":14136},"geometry":{"type":"Polygon","coordinates":[[[120.297296,22.62346],[120.297414,22.623155],[120.2963,22.622778],[120.296181,22.623097],[120.296202,22.623104],[120.297296,22.62346]]]}},{"type":"Feature","id":"A6407-0117-00","properties":{"code":"A6407-0117-00","district":"前金區","area_m2":7335.6,"centroid":[120.294752,22.622984],"population":194,"households":93,"male":84,"female":110,"ages":[19,42,68,65],"density_km2":26446},"geometry":{"type":"Polygon","coordinates":[[[120.294198,22.623158],[120.295083,22.62345],[120.295327,22.622817],[120.294444,22.622527],[120.294422,22.622516],[120.294311,22.62282],[120.294176,22.623148],[120.294198,22.623158]]]}},{"type":"Feature","id":"A6401-0093-00","properties":{"code":"A6401-0093-00","district":"鹽埕區","area_m2":9216.0,"centroid":[120.286513,22.622765],"population":233,"households":114,"male":114,"female":119,"ages":[30,50,93,60],"density_km2":25282},"geometry":{"type":"Polygon","coordinates":[[[120.28644,22.623411],[120.286453,22.623404],[120.28711,22.623098],[120.286567,22.622131],[120.286558,22.622115],[120.286545,22.622121],[120.285921,22.622434],[120.286334,22.623212],[120.286431,22.623394],[120.28644,22.623411]]]}},{"type":"Feature","id":"A6401-0094-00","properties":{"code":"A6401-0094-00","district":"鹽埕區","area_m2":9225.3,"centroid":[120.279188,22.622707],"population":143,"households":61,"male":84,"female":59,"ages":[20,24,64,35],"density_km2":15501},"geometry":{"type":"Polygon","coordinates":[[[120.279109,22.623353],[120.279759,22.623061],[120.279782,22.623051],[120.279242,22.622057],[120.279216,22.622077],[120.2792,22.622078],[120.278599,22.622368],[120.278608,22.622384],[120.279109,22.623353]]]}},{"type":"Feature","id":"A6406-0263-00","properties":{"code":"A6406-0263-00","district":"新興區","area_m2":18005.1,"centroid":[120.301697,22.62247],"population":39,"households":17,"male":18,"female":21,"ages":[4,7,18,10],"density_km2":2166},"geometry":{"type":"Polygon","coordinates":[[[120.301858,22.623369],[120.302179,22.622573],[120.302283,22.622258],[120.302451,22.621898],[120.30243,22.621888],[120.302127,22.621784],[120.3015,22.621568],[120.301437,22.621717],[120.300993,22.622878],[120.300974,22.62309],[120.301858,22.623369]]]}},{"type":"Feature","id":"A6402-0573-00","properties":{"code":"A6402-0573-00","district":"鼓山區","area_m2":12015.4,"centroid":[120.275272,22.622644],"population":38,"households":16,"male":20,"female":18,"ages":[1,4,18,15],"density_km2":3163},"geometry":{"type":"Polygon","coordinates":[[[120.276042,22.623253],[120.276065,22.623239],[120.275439,22.621991],[120.274961,22.622232],[120.274493,22.622456],[120.274478,22.622464],[120.274864,22.623053],[120.274887,22.623056],[120.27548,22.623134],[120.275644,22.623155],[120.276042,22.623253]]]}},{"type":"Feature","id":"A6402-0590-00","properties":{"code":"A6402-0590-00","district":"鼓山區","area_m2":161612.8,"centroid":[120.276575,22.620557],"population":116,"households":45,"male":53,"female":63,"ages":[18,27,42,29],"density_km2":718},"geometry":{"type":"Polygon","coordinates":[[[120.276065,22.623239],[120.276174,22.623168],[120.276954,22.622891],[120.276953,22.622867],[120.276946,22.622714],[120.276955,22.622567],[120.276982,22.622429],[120.277026,22.622308],[120.277078,22.622175],[120.277141,22.622053],[120.27722,22.621934],[120.277304,22.621828],[120.277397,22.621729],[120.27742,22.621707],[120.277485,22.621646],[120.277581,22.621565],[120.277591,22.621559],[120.27769,22.621493],[120.277816,22.621426],[120.278031,22.621327],[120.278659,22.621039],[120.279148,22.620815],[120.279058,22.620641],[120.27832,22.619272],[120.278307,22.619142],[120.27837,22.619052],[120.278003,22.618382],[120.277905,22.618201],[120.276307,22.61892],[120.276284,22.618919],[120.276046,22.61891],[120.275767,22.618857],[120.274259,22.618526],[120.274186,22.619523],[120.274163,22.620068],[120.274367,22.620383],[120.275015,22.621311],[120.275439,22.621991],[120.276065,22.623239]]]}},{"type":"Feature","id":"A6406-0257-00","properties":{"code":"A6406-0257-00","district":"新興區","area_m2":5615.1,"centroid":[120.307675,22.622963],"population":165,"households":70,"male":83,"female":82,"ages":[23,30,54,58],"density_km2":29385},"geometry":{"type":"Polygon","coordinates":[[[120.308238,22.623348],[120.308362,22.622994],[120.307122,22.622578],[120.306984,22.622927],[120.308238,22.623348]]]}},{"type":"Feature","id":"A6408-0489-00","properties":{"code":"A6408-0489-00","district":"苓雅區","area_m2":9549.4,"centroid":[120.317194,22.618917],"population":410,"households":197,"male":191,"female":219,"ages":[91,105,165,49],"density_km2":42935},"geometry":{"type":"Polygon","coordinates":[[[120.317081,22.619885],[120.317098,22.61984],[120.317197,22.619582],[120.317378,22.619114],[120.317401,22.619055],[120.317703,22.618275],[120.317642,22.618255],[120.317283,22.61815],[120.317244,22.61813],[120.316984,22.618048],[120.316956,22.618118],[120.316792,22.618533],[120.317171,22.618656],[120.316715,22.619763],[120.317081,22.619885]]]}},{"type":"Feature","id":"A6407-0150-00","properties":{"code":"A6407-0150-00","district":"前金區","area_m2":12151.0,"centroid":[120.298314,22.619178],"population":167,"households":79,"male":80,"female":87,"ages":[21,41,60,45],"density_km2":13744},"geometry":{"type":"Polygon","coordinates":[[[120.297612,22.619416],[120.298712,22.619789],[120.299024,22.618987],[120.299038,22.618952],[120.299017,22.618941],[120.297929,22.618579],[120.297908,22.618565],[120.297894,22.618603],[120.297742,22.619012],[120.29759,22.619406],[120.297612,22.619416]]]}},{"type":"Feature","id":"A6408-0497-00","properties":{"code":"A6408-0497-00","district":"苓雅區","area_m2":31684.8,"centroid":[120.306245,22.618767],"population":0,"households":0,"male":0,"female":0,"ages":[0,0,0,0],"density_km2":0},"geometry":{"type":"Polygon","coordinates":[[[120.306693,22.619767],[120.306772,22.619794],[120.307049,22.619087],[120.307346,22.618273],[120.307281,22.618252],[120.30571,22.617743],[120.305141,22.619244],[120.305947,22.619516],[120.306693,22.619767]]]}},{"type":"Feature","id":"A6408-0460-00","properties":{"code":"A6408-0460-00","district":"苓雅區","area_m2":2914.1,"centroid":[120.301086,22.619466],"population":121,"households":70,"male":43,"female":78,"ages":[13,28,52,28],"density_km2":41522},"geometry":{"type":"Polygon","coordinates":[[[120.301334,22.619738],[120.301355,22.619749],[120.301488,22.619405],[120.300812,22.619186],[120.300685,22.61952],[120.301334,22.619738]]]}},{"type":"Feature","id":"A6408-0520-00","properties":{"code":"A6408-0520-00","district":"苓雅區","area_m2":54201.6,"centroid":[120.292111,22.618408],"population":0,"households":0,"male":0,"female":0,"ages":[0,0,0,0],"density_km2":0},"geometry":{"type":"Polygon","coordinates":[[[120.29028,22.619474],[120.290274,22.619495],[120.290739,22.619616],[120.29088,22.61964],[120.290992,22.619656],[120.291139,22.619665],[120.291252,22.619664],[120.291369,22.619656],[120.291525,22.619636],[120.291695,22.619598],[120.291775,22.619574],[120.292044,22.619467],[120.292341,22.619327],[120.29249,22.619247],[120.292592,22.619176],[120.292882,22.619139],[120.29295,22.619057],[120.293086,22.61891],[120.293203,22.618711],[120.293533,22.618152],[120.293716,22.617745],[120.293931,22.617269],[120.293779,22.617224],[120.293715,22.617199],[120.293612,22.617134],[120.293503,22.617067],[120.293422,22.616935],[120.29339,22.616957],[120.29273,22.617255],[120.292759,22.617307],[120.292652,22.618038],[120.291871,22.617935],[120.291298,22.618032],[120.290828,22.618409],[120.290496,22.618737],[120.290433,22.619033],[120.290418,22.619107],[120.290395,22.619181],[120.290373,22.619251],[120.290346,22.619323],[120.290315,22.619387],[120.29028,22.619474]]]}},{"type":"Feature","id":"A6408-0480-00","properties":{"code":"A6408-0480-00","district":"苓雅區","area_m2":5137.6,"centroid":[120.316774,22.619142],"population":182,"households":86,"male":97,"female":85,"ages":[20,40,71,51],"density_km2":35425},"geometry":{"type":"Polygon","coordinates":[[[120.316388,22.619654],[120.316715,22.619763],[120.317171,22.618656],[120.316792,22.618533],[120.316654,22.618882],[120.316621,22.618965],[120.316523,22.619256],[120.316498,22.619328],[120.316388,22.619654]]]}},{"type":"Feature","id":"A6401-0135-00","properties":{"code":"A6401-0135-00","district":"鹽埕區","area_m2":11333.1,"centroid":[120.284357,22.618856],"population":0,"households":0,"male":0,"female":0,"ages":[0,0,0,0],"density_km2":0},"geometry":{"type":"Polygon","coordinates":[[[120.284383,22.619616],[120.285029,22.619316],[120.284736,22.618766],[120.284727,22.618749],[120.28439,22.618107],[120.283903,22.618333],[120.283695,22.618188],[120.283656,22.618207],[120.283965,22.618827],[120.284088,22.619074],[120.284383,22.619616]]]}},{"type":"Feature","id":"A6408-0476-00","properties":{"code":"A6408-0476-00","district":"苓雅區","area_m2":7917.1,"centroid":[120.30433,22.619204],"population":350,"households":171,"male":152,"female":198,"ages":[30,89,135,96],"density_km2":44208},"geometry":{"type":"Polygon","coordinates":[[[120.304974,22.619658],[120.305141,22.619244],[120.303685,22.618747],[120.303525,22.619181],[120.304974,22.619658]]]}},{"type":"Feature","id":"A6408-0674-00","properties":{"code":"A6408-0674-00","district":"苓雅區","area_m2":12145.8,"centroid":[120.301453,22.613867],"population":162,"households":77,"male":76,"female":86,"ages":[17,41,66,38],"density_km2":13338},"geometry":{"type":"Polygon","coordinates":[[[120.300789,22.614445],[120.3015,22.614665],[120.301516,22.614571],[120.301701,22.614149],[120.301961,22.613557],[120.302088,22.613267],[120.302135,22.613158],[120.301729,22.613047],[120.301579,22.613445],[120.301484,22.61341],[120.301436,22.613389],[120.301433,22.6134],[120.301365,22.613377],[120.301372,22.613366],[120.301268,22.613327],[120.301227,22.613339],[120.301213,22.613335],[120.301092,22.613675],[120.300947,22.614042],[120.300789,22.614445]]]}},{"type":"Feature","id":"A6409-0038-00","properties":{"code":"A6409-0038-00","district":"前鎮區","area_m2":8642.5,"centroid":[120.31704,22.61431],"population":259,"households":113,"male":142,"female":117,"ages":[27,67,96,69],"density_km2":29968},"geometry":{"type":"Polygon","coordinates":[[[120.316494,22.61464],[120.317751,22.614559],[120.317702,22.613977],[120.317654,22.613982],[120.316451,22.614088],[120.316281,22.614104],[120.31632,22.614365],[120.316457,22.614348],[120.316485,22.614555],[120.316494,22.61464]]]}},{"type":"Feature","id":"A6410-0003-00","properties":{"code":"A6410-0003-00","district":"旗津區","area_m2":10900.2,"centroid":[120.267865,22.61372],"population":206,"households":82,"male":104,"female":102,"ages":[29,46,83,48],"density_km2":18899},"geometry":{"type":"Polygon","coordinates":[[[120.26704,22.613762],[120.267297,22.614328],[120.267776,22.614132],[120.267976,22.614045],[120.268177,22.613921],[120.268374,22.613787],[120.268702,22.613482],[120.268594,22.613331],[120.268486,22.61311],[120.267377,22.613602],[120.26704,22.613762]]]}},{"type":"Feature","id":"A6408-0676-00","properties":{"code":"A6408-0676-00","district":"苓雅區","area_m2":12520.0,"centroid":[120.300563,22.613748],"population":349,"households":162,"male":163,"female":186,"ages":[40,70,143,96],"density_km2":27875},"geometry":{"type":"Polygon","coordinates":[[[120.299906,22.614174],[120.300789,22.614445],[120.300947,22.614042],[120.301092,22.613675],[120.301213,22.613335],[120.301061,22.613283],[120.300363,22.613043],[120.300161,22.613571],[120.300129,22.613634],[120.300106,22.613662],[120.300092,22.613705],[120.300068,22.613695],[120.300046,22.613762],[120.300054,22.613795],[120.299906,22.614174]]]}},{"type":"Feature","id":"A6409-0043-00","properties":{"code":"A6409-0043-00","district":"前鎮區","area_m2":13580.0,"centroid":[120.308118,22.613814],"population":0,"households":0,"male":0,"female":0,"ages":[0,0,0,0],"density_km2":0},"geometry":{"type":"Polygon","coordinates":[[[120.308813,22.614471],[120.308942,22.614092],[120.308705,22.613633],[120.308467,22.61317],[120.30846,22.613156],[120.307148,22.61373],[120.307221,22.613868],[120.307708,22.61402],[120.308075,22.614198],[120.308813,22.614471]]]}},{"type":"Feature","id":"A6408-0677-00","properties":{"code":"A6408-0677-00","district":"苓雅區","area_m2":10887.6,"centroid":[120.295486,22.61371],"population":124,"households":73,"male":61,"female":63,"ages":[9,19,49,47],"density_km2":11389},"geometry":{"type":"Polygon","coordinates":[[[120.295645,22.614393],[120.2957,22.614255],[120.295857,22.613867],[120.295928,22.613683],[120.296093,22.613311],[120.29529,22.61303],[120.295057,22.613666],[120.295053,22.613675],[120.294891,22.614116],[120.295645,22.614393]]]}},{"type":"Feature","id":"A6410-0004-00","properties":{"code":"A6410-0004-00","district":"旗津區","area_m2":9532.7,"centroid":[120.269842,22.613678],"population":152,"households":57,"male":67,"female":85,"ages":[12,50,53,37],"density_km2":15945},"geometry":{"type":"Polygon","coordinates":[[[120.269469,22.614176],[120.269479,22.614189],[120.269507,22.61425],[120.269681,22.61418],[120.270004,22.613735],[120.27015,22.613699],[120.270459,22.613726],[120.270927,22.613452],[120.270817,22.613271],[120.270976,22.613184],[120.270954,22.613141],[120.270026,22.61366],[120.269844,22.613535],[120.269598,22.613214],[120.269364,22.6133],[120.269223,22.613375],[120.269153,22.613422],[120.269062,22.613515],[120.2689,22.613687],[120.269108,22.613861],[120.269428,22.614124],[120.269434,22.61414],[120.269469,22.614176]]]}},{"type":"Feature","id":"A6408-0671-00","properties":{"code":"A6408-0671-00","district":"苓雅區","area_m2":4207.3,"centroid":[120.298727,22.614026],"population":319,"households":218,"male":123,"female":196,"ages":[26,101,154,38],"density_km2":75821},"geometry":{"type":"Polygon","coordinates":[[[120.298287,22.61416],[120.299062,22.614355],[120.299107,22.614228],[120.299087,22.614161],[120.299175,22.613933],[120.298433,22.613687],[120.29832,22.614],[120.298306,22.614028],[120.298287,22.61416]]]}},{"type":"Feature","id":"A6408-0688-00","properties":{"code":"A6408-0688-00","district":"苓雅區","area_m2":48853.3,"centroid":[120.291297,22.612848],"population":0,"households":0,"male":0,"female":0,"ages":[0,0,0,0],"density_km2":0},"geometry":{"type":"Polygon","coordinates":[[[120.29179,22.613966],[120.292625,22.613578],[120.291512,22.611379],[120.290225,22.611994],[120.290006,22.612188],[120.290015,22.612382],[120.291074,22.614314],[120.29179,22.613966]]]}},{"type":"Feature","id":"A6409-0041-00","properties":{"code":"A6409-0041-00","district":"前鎮區","area_m2":8364.8,"centroid":[120.305292,22.613856],"population":107,"households":91,"male":38,"female":69,"ages":[1,22,62,22],"density_km2":12792},"geometry":{"type":"Polygon","coordinates":[[[120.305662,22.614309],[120.305768,22.614342],[120.305937,22.613903],[120.305911,22.613851],[120.305656,22.613358],[120.30547,22.613435],[120.305041,22.613614],[120.304492,22.613906],[120.305094,22.614112],[120.30512,22.614123],[120.305217,22.614159],[120.305379,22.61422],[120.305401,22.614227],[120.305662,22.614309]]]}},{"type":"Feature","id":"A6408-0678-00","properties":{"code":"A6408-0678-00","district":"苓雅區","area_m2":6820.2,"centroid":[120.302192,22.613728],"population":60,"households":30,"male":32,"female":28,"ages":[8,12,23,17],"density_km2":8797},"geometry":{"type":"Polygon","coordinates":[[[120.301701,22.614149],[120.302125,22.614297],[120.302206,22.614093],[120.302356,22.614142],[120.302638,22.613421],[120.302685,22.613338],[120.302155,22.613172],[120.302135,22.613158],[120.302088,22.613267],[120.301961,22.613557],[120.301701,22.614149]]]}},{"type":"Feature","id":"A6405-0609-00","properties":{"code":"A6405-0609-00","district":"三民區","area_m2":4153.0,"centroid":[120.298299,22.648796],"population":196,"households":86,"male":91,"female":105,"ages":[20,40,80,56],"density_km2":47194},"geometry":{"type":"Polygon","coordinates":[[[120.297724,22.648995],[120.298893,22.648908],[120.29887,22.648595],[120.297704,22.648687],[120.297724,22.648995]]]}},{"type":"Feature","id":"A6402-0463-00","properties":{"code":"A6402-0463-00","district":"鼓山區","area_m2":20424.6,"centroid":[120.278301,22.648077],"population":216,"households":96,"male":108,"female":108,"ages":[15,58,92,51],"density_km2":10575},"geometry":{"type":"Polygon","coordinates":[[[120.278967,22.648874],[120.279036,22.648881],[120.279035,22.648837],[120.279014,22.648192],[120.279013,22.648167],[120.279006,22.647939],[120.279003,22.647833],[120.278993,22.647527],[120.278769,22.647472],[120.278204,22.647365],[120.277789,22.647284],[120.277648,22.647915],[120.277573,22.648248],[120.277504,22.648541],[120.278966,22.648824],[120.278967,22.648874]]]}},{"type":"Feature","id":"A6402-0459-00","properties":{"code":"A6402-0459-00","district":"鼓山區","area_m2":9028.7,"centroid":[120.279676,22.648556],"population":177,"households":71,"male":95,"female":82,"ages":[21,43,56,57],"density_km2":19604},"geometry":{"type":"Polygon","coordinates":[[[120.279036,22.648881],[120.279539,22.648875],[120.279879,22.648875],[120.280246,22.648876],[120.280344,22.648878],[120.280346,22.648604],[120.280405,22.648432],[120.279343,22.648196],[120.279014,22.648192],[120.279035,22.648837],[120.279036,22.648881]]]}},{"type":"Feature","id":"A6402-0460-00","properties":{"code":"A6402-0460-00","district":"鼓山區","area_m2":7041.3,"centroid":[120.280866,22.648559],"population":259,"households":110,"male":146,"female":113,"ages":[20,61,102,76],"density_km2":36783},"geometry":{"type":"Polygon","coordinates":[[[120.280344,22.648878],[120.280589,22.648884],[120.281383,22.648878],[120.281381,22.648842],[120.281347,22.648252],[120.280835,22.648273],[120.280531,22.648198],[120.280507,22.648212],[120.280405,22.648432],[120.280346,22.648604],[120.280344,22.648878]]]}},{"type":"Feature","id":"A6405-0612-00","properties":{"code":"A6405-0612-00","district":"三民區","area_m2":4177.1,"centroid":[120.307261,22.648772],"population":144,"households":77,"male":63,"female":81,"ages":[19,44,53,28],"density_km2":34474},"geometry":{"type":"Polygon","coordinates":[[[120.306695,22.648973],[120.307849,22.648889],[120.307831,22.64857],[120.306669,22.648661],[120.306695,22.648973]]]}},{"type":"Feature","id":"A6405-0640-00","properties":{"code":"A6405-0640-00","district":"三民區","area_m2":5365.1,"centroid":[120.302533,22.648311],"population":256,"households":114,"male":119,"female":137,"ages":[38,53,91,74],"density_km2":47716},"geometry":{"type":"Polygon","coordinates":[[[120.302397,22.648951],[120.302768,22.648927],[120.302673,22.647724],[120.30267,22.64767],[120.302298,22.647698],[120.302303,22.647757],[120.302342,22.648347],[120.302373,22.64864],[120.302397,22.648951]]]}},{"type":"Feature","id":"A6405-0637-00","properties":{"code":"A6405-0637-00","district":"三民區","area_m2":14215.1,"centroid":[120.293897,22.648298],"population":3,"households":2,"male":1,"female":2,"ages":[1,0,1,1],"density_km2":211},"geometry":{"type":"Polygon","coordinates":[[[120.29334,22.648906],[120.294557,22.648631],[120.294556,22.6486],[120.29452,22.647741],[120.294005,22.647765],[120.293245,22.647817],[120.293338,22.64888],[120.29334,22.648906]]]}},{"type":"Feature","id":"A6402-0462-00","properties":{"code":"A6402-0462-00","district":"鼓山區","area_m2":37923.0,"centroid":[120.282746,22.648164],"population":74,"households":37,"male":34,"female":40,"ages":[17,9,32,16],"density_km2":1951},"geometry":{"type":"Polygon","coordinates":[[[120.281381,22.648842],[120.281676,22.648824],[120.283484,22.648732],[120.283592,22.648714],[120.284006,22.648397],[120.284363,22.648123],[120.283891,22.647679],[120.283742,22.647528],[120.283147,22.647528],[120.281818,22.647521],[120.28161,22.647521],[120.281304,22.647526],[120.281344,22.64821],[120.281347,22.648252],[120.281381,22.648842]]]}},{"type":"Feature","id":"A6405-0643-00","properties":{"code":"A6405-0643-00","district":"三民區","area_m2":7473.7,"centroid":[120.302974,22.648274],"population":88,"households":49,"male":43,"female":45,"ages":[5,15,35,33],"density_km2":11775},"geometry":{"type":"Polygon","coordinates":[[[120.302768,22.648927],[120.30327,22.648884],[120.303269,22.648872],[120.30321,22.647677],[120.303208,22.647628],[120.30267,22.64767],[120.302673,22.647724],[120.302768,22.648927]]]}},{"type":"Feature","id":"A6405-0615-00","properties":{"code":"A6405-0615-00","district":"三民區","area_m2":4311.2,"centroid":[120.299478,22.648705],"population":82,"households":33,"male":40,"female":42,"ages":[14,15,30,23],"density_km2":19020},"geometry":{"type":"Polygon","coordinates":[[[120.298893,22.648908],[120.300068,22.648822],[120.300085,22.648821],[120.300059,22.648501],[120.300027,22.648504],[120.29887,22.648595],[120.298893,22.648908]]]}},{"type":"Feature","id":"A6405-0647-00","properties":{"code":"A6405-0647-00","district":"三民區","area_m2":14460.4,"centroid":[120.303772,22.648246],"population":250,"households":101,"male":122,"female":128,"ages":[41,46,99,64],"density_km2":17289},"geometry":{"type":"Polygon","coordinates":[[[120.30327,22.648884],[120.303407,22.648872],[120.303953,22.648824],[120.304343,22.648789],[120.304324,22.648514],[120.304306,22.648258],[120.30428,22.647958],[120.304276,22.64791],[120.30425,22.647612],[120.303853,22.647636],[120.303277,22.647671],[120.30321,22.647677],[120.303269,22.648872],[120.30327,22.648884]]]}},{"type":"Feature","id":"A6405-0636-00","properties":{"code":"A6405-0636-00","district":"三民區","area_m2":12828.8,"centroid":[120.308454,22.648397],"population":157,"households":110,"male":71,"female":86,"ages":[22,91,36,8],"density_km2":12238},"geometry":{"type":"Polygon","coordinates":[[[120.307849,22.648889],[120.309056,22.648802],[120.309114,22.648797],[120.309088,22.648478],[120.309041,22.647903],[120.308998,22.647906],[120.307799,22.647997],[120.307807,22.648266],[120.307831,22.64857],[120.307849,22.648889]]]}},{"type":"Feature","id":"A6405-0881-00","properties":{"code":"A6405-0881-00","district":"三民區","area_m2":17101.6,"centroid":[120.303514,22.644692],"population":266,"households":112,"male":122,"female":144,"ages":[32,64,85,85],"density_km2":15554},"geometry":{"type":"Polygon","coordinates":[[[120.303072,22.645474],[120.304064,22.645389],[120.304085,22.645387],[120.304021,22.64473],[120.303995,22.644376],[120.303966,22.643998],[120.303959,22.643912],[120.303939,22.643913],[120.302945,22.643996],[120.303072,22.645474]]]}},{"type":"Feature","id":"A6405-0869-00","properties":{"code":"A6405-0869-00","district":"三民區","area_m2":8770.4,"centroid":[120.304629,22.645014],"population":208,"households":92,"male":100,"female":108,"ages":[29,37,78,64],"density_km2":23716},"geometry":{"type":"Polygon","coordinates":[[[120.305213,22.645312],[120.305234,22.645318],[120.305199,22.644952],[120.30517,22.644636],[120.304021,22.64473],[120.304085,22.645387],[120.305213,22.645312]]]}},{"type":"Feature","id":"A6405-0982-00","properties":{"code":"A6405-0982-00","district":"三民區","area_m2":74735.4,"centroid":[120.283162,22.643206],"population":1,"households":1,"male":1,"female":0,"ages":[0,0,1,0],"density_km2":13},"geometry":{"type":"Polygon","coordinates":[[[120.282072,22.645288],[120.282479,22.645132],[120.282731,22.645042],[120.284233,22.644508],[120.284563,22.644396],[120.284396,22.644301],[120.284284,22.644215],[120.284198,22.644092],[120.284178,22.643964],[120.284174,22.643827],[120.283994,22.643254],[120.283782,22.642808],[120.283809,22.642553],[120.283873,22.641924],[120.283911,22.641527],[120.284015,22.641121],[120.283862,22.641083],[120.283422,22.640871],[120.283269,22.641111],[120.283195,22.641222],[120.283036,22.641459],[120.282859,22.641725],[120.28244,22.642356],[120.282208,22.642768],[120.28216,22.642898],[120.282115,22.64302],[120.282083,22.643108],[120.282023,22.643273],[120.28193,22.643819],[120.281915,22.644424],[120.281965,22.644758],[120.282018,22.645108],[120.282062,22.645264],[120.282072,22.645288]]]}},{"type":"Feature","id":"A6405-0870-00","properties":{"code":"A6405-0870-00","district":"三民區","area_m2":10160.7,"centroid":[120.294905,22.644955],"population":189,"households":83,"male":95,"female":94,"ages":[17,44,75,53],"density_km2":18601},"geometry":{"type":"Polygon","coordinates":[[[120.29428,22.645339],[120.295593,22.645246],[120.295538,22.644572],[120.295489,22.644575],[120.294358,22.644658],[120.294214,22.644657],[120.29428,22.645339]]]}},{"type":"Feature","id":"A6405-0892-00","properties":{"code":"A6405-0892-00","district":"三民區","area_m2":43202.1,"centroid":[120.319013,22.64461],"population":6,"households":3,"male":2,"female":4,"ages":[0,1,3,2],"density_km2":139},"geometry":{"type":"Polygon","coordinates":[[[120.317215,22.6454],[120.317913,22.645288],[120.318204,22.645241],[120.318337,22.645219],[120.318472,22.645198],[120.320631,22.644794],[120.321076,22.644711],[120.32119,22.644693],[120.321136,22.643867],[120.320279,22.64382],[120.320112,22.643822],[120.319849,22.643859],[120.319649,22.64391],[120.319229,22.644068],[120.318533,22.644288],[120.318205,22.644418],[120.316929,22.644925],[120.316743,22.645039],[120.316593,22.645149],[120.316517,22.645216],[120.317215,22.6454]]]}},{"type":"Feature","id":"A6405-0862-00","properties":{"code":"A6405-0862-00","district":"三民區","area_m2":4609.2,"centroid":[120.305798,22.645107],"population":49,"households":30,"male":25,"female":24,"ages":[10,4,23,12],"density_km2":10631},"geometry":{"type":"Polygon","coordinates":[[[120.305234,22.645318],[120.306346,22.64523],[120.306391,22.645227],[120.306411,22.645233],[120.306376,22.644907],[120.305199,22.644952],[120.305234,22.645318]]]}},{"type":"Feature","id":"A6405-0875-00","properties":{"code":"A6405-0875-00","district":"三民區","area_m2":8725.9,"centroid":[120.306932,22.644842],"population":323,"households":152,"male":141,"female":182,"ages":[73,97,101,52],"density_km2":37016},"geometry":{"type":"Polygon","coordinates":[[[120.306411,22.645233],[120.30643,22.645224],[120.307515,22.64513],[120.30751,22.644793],[120.30751,22.644782],[120.307485,22.644458],[120.306338,22.644551],[120.306376,22.644907],[120.306411,22.645233]]]}},{"type":"Feature","id":"A6405-0880-00","properties":{"code":"A6405-0880-00","district":"三民區","area_m2":9646.8,"centroid":[120.297966,22.644704],"population":265,"households":110,"male":131,"female":134,"ages":[33,56,99,77],"density_km2":27470},"geometry":{"type":"Polygon","coordinates":[[[120.298561,22.645031],[120.298497,22.644354],[120.298493,22.644285],[120.298472,22.644286],[120.297373,22.64437],[120.29738,22.644446],[120.297434,22.645123],[120.298561,22.645031]]]}},{"type":"Feature","id":"A6405-1142-00","properties":{"code":"A6405-1142-00","district":"三民區","area_m2":5888.8,"centroid":[120.298843,22.641315],"population":167,"households":111,"male":76,"female":91,"ages":[22,63,62,20],"density_km2":28359},"geometry":{"type":"Polygon","coordinates":[[[120.298296,22.641587],[120.299414,22.641494],[120.299434,22.641492],[120.299388,22.641045],[120.298254,22.64113],[120.298296,22.641587]]]}},{"type":"Feature","id":"A6405-1140-00","properties":{"code":"A6405-1140-00","district":"三民區","area_m2":5827.2,"centroid":[120.313335,22.641426],"population":141,"households":59,"male":65,"female":76,"ages":[11,36,56,38],"density_km2":24197},"geometry":{"type":"Polygon","coordinates":[[[120.312541,22.641647],[120.314094,22.641551],[120.314118,22.64155],[120.314114,22.641494],[120.31409,22.641188],[120.314065,22.641191],[120.312522,22.641362],[120.312541,22.641647]]]}},{"type":"Feature","id":"A6402-0483-00","properties":{"code":"A6402-0483-00","district":"鼓山區","area_m2":21682.3,"centroid":[120.279673,22.640697],"population":307,"households":118,"male":152,"female":155,"ages":[29,63,121,94],"density_km2":14159},"geometry":{"type":"Polygon","coordinates":[[[120.279916,22.64141],[120.280248,22.641472],[120.280567,22.640142],[120.279485,22.639898],[120.279419,22.640014],[120.278928,22.640707],[120.27881,22.640942],[120.278692,22.641176],[120.278715,22.641186],[120.279623,22.641356],[120.279916,22.64141]]]}},{"type":"Feature","id":"A6405-1149-00","properties":{"code":"A6405-1149-00","district":"三民區","area_m2":7893.9,"centroid":[120.315674,22.6413],"population":546,"households":287,"male":255,"female":291,"ages":[118,200,174,54],"density_km2":69168},"geometry":{"type":"Polygon","coordinates":[[[120.31506,22.641617],[120.316325,22.641532],[120.316289,22.640981],[120.315019,22.641079],[120.31506,22.641617]]]}},{"type":"Feature","id":"A6405-1145-00","properties":{"code":"A6405-1145-00","district":"三民區","area_m2":6049.4,"centroid":[120.305506,22.641297],"population":96,"households":45,"male":49,"female":47,"ages":[11,16,39,30],"density_km2":15869},"geometry":{"type":"Polygon","coordinates":[[[120.304916,22.641556],[120.306126,22.641479],[120.306112,22.641046],[120.30611,22.641033],[120.30609,22.641036],[120.306046,22.641039],[120.304875,22.641136],[120.304876,22.641149],[120.304916,22.641556]]]}},{"type":"Feature","id":"A6405-1164-00","properties":{"code":"A6405-1164-00","district":"三民區","area_m2":14179.5,"centroid":[120.284794,22.640997],"population":156,"households":61,"male":87,"female":69,"ages":[15,40,63,38],"density_km2":11002},"geometry":{"type":"Polygon","coordinates":[[[120.286153,22.641466],[120.286246,22.641222],[120.28495,22.640839],[120.283676,22.640464],[120.283652,22.640505],[120.283495,22.640757],[120.283422,22.640871],[120.283862,22.641083],[120.284015,22.641121],[120.284834,22.641304],[120.28549,22.64143],[120.285796,22.641471],[120.286153,22.641466]]]}},{"type":"Feature","id":"A6405-1169-00","properties":{"code":"A6405-1169-00","district":"三民區","area_m2":9988.1,"centroid":[120.286794,22.640968],"population":284,"households":113,"male":157,"female":127,"ages":[27,60,117,80],"density_km2":28434},"geometry":{"type":"Polygon","coordinates":[[[120.286153,22.641466],[120.286807,22.641438],[120.287068,22.64143],[120.287086,22.641428],[120.287152,22.641421],[120.287432,22.640697],[120.286555,22.64041],[120.286523,22.640494],[120.286434,22.640731],[120.286322,22.641023],[120.286246,22.641222],[120.286153,22.641466]]]}},{"type":"Feature","id":"A6405-1147-00","properties":{"code":"A6405-1147-00","district":"三民區","area_m2":6393.5,"centroid":[120.310725,22.641294],"population":122,"households":60,"male":60,"female":62,"ages":[21,18,59,24],"density_km2":19082},"geometry":{"type":"Polygon","coordinates":[[[120.310098,22.641559],[120.311325,22.641456],[120.311393,22.641451],[120.311359,22.641035],[120.311286,22.64104],[120.310067,22.641111],[120.310098,22.641559]]]}},{"type":"Feature","id":"A6405-1150-00","properties":{"code":"A6405-1150-00","district":"三民區","area_m2":6084.0,"centroid":[120.300002,22.641229],"population":80,"households":42,"male":40,"female":40,"ages":[5,15,28,32],"density_km2":13149},"geometry":{"type":"Polygon","coordinates":[[[120.299434,22.641492],[120.300592,22.641418],[120.300612,22.641416],[120.300576,22.640965],[120.299388,22.641045],[120.299434,22.641492]]]}},{"type":"Feature","id":"A6405-1160-00","properties":{"code":"A6405-1160-00","district":"三民區","area_m2":5504.3,"centroid":[120.287754,22.64107],"population":147,"households":71,"male":68,"female":79,"ages":[21,39,56,31],"density_km2":26706},"geometry":{"type":"Polygon","coordinates":[[[120.287152,22.641421],[120.287303,22.641405],[120.287445,22.641389],[120.287718,22.641332],[120.287994,22.641238],[120.288373,22.641083],[120.288466,22.641036],[120.287944,22.640865],[120.287432,22.640697],[120.287152,22.641421]]]}},{"type":"Feature","id":"A6405-1156-00","properties":{"code":"A6405-1156-00","district":"三民區","area_m2":9195.0,"centroid":[120.317046,22.641209],"population":230,"households":97,"male":115,"female":115,"ages":[36,45,83,66],"density_km2":25014},"geometry":{"type":"Polygon","coordinates":[[[120.316325,22.641532],[120.31688,22.641493],[120.317288,22.641465],[120.317745,22.64143],[120.317808,22.641426],[120.317764,22.640887],[120.317701,22.640892],[120.317262,22.640923],[120.316289,22.640981],[120.316325,22.641532]]]}},{"type":"Feature","id":"A6405-1153-00","properties":{"code":"A6405-1153-00","district":"三民區","area_m2":6158.0,"centroid":[120.306678,22.641187],"population":101,"households":31,"male":43,"female":58,"ages":[16,26,37,22],"density_km2":16401},"geometry":{"type":"Polygon","coordinates":[[[120.306126,22.641479],[120.307236,22.641411],[120.307235,22.641399],[120.307234,22.641372],[120.307227,22.641266],[120.307191,22.640962],[120.307191,22.64095],[120.307187,22.640874],[120.30611,22.641033],[120.306112,22.641046],[120.306126,22.641479]]]}},{"type":"Feature","id":"A6405-1364-00","properties":{"code":"A6405-1364-00","district":"三民區","area_m2":6156.0,"centroid":[120.305969,22.638205],"population":100,"households":49,"male":47,"female":53,"ages":[7,19,40,34],"density_km2":16244},"geometry":{"type":"Polygon","coordinates":[[[120.305308,22.63845],[120.306641,22.638357],[120.306667,22.638355],[120.306634,22.637961],[120.305269,22.638055],[120.305308,22.63845]]]}},{"type":"Feature","id":"A6405-1375-00","properties":{"code":"A6405-1375-00","district":"三民區","area_m2":3756.3,"centroid":[120.317403,22.638079],"population":236,"households":105,"male":117,"female":119,"ages":[45,43,92,56],"density_km2":62827},"geometry":{"type":"Polygon","coordinates":[[[120.317185,22.638446],[120.31722,22.638428],[120.31737,22.638354],[120.317764,22.638194],[120.317804,22.638171],[120.317596,22.637719],[120.317584,22.63773],[120.31702,22.637942],[120.317013,22.637943],[120.317185,22.638446]]]}},{"type":"Feature","id":"A6405-1370-00","properties":{"code":"A6405-1370-00","district":"三民區","area_m2":3541.0,"centroid":[120.286852,22.637994],"population":146,"households":77,"male":70,"female":76,"ages":[10,31,65,40],"density_km2":41231},"geometry":{"type":"Polygon","coordinates":[[[120.287308,22.638289],[120.28733,22.638299],[120.287429,22.638028],[120.28638,22.637692],[120.286269,22.637946],[120.286579,22.638048],[120.286734,22.638099],[120.287308,22.638289]]]}},{"type":"Feature","id":"A6405-1386-00","properties":{"code":"A6405-1386-00","district":"三民區","area_m2":12916.4,"centroid":[120.289769,22.63774],"population":154,"households":67,"male":81,"female":73,"ages":[15,41,62,36],"density_km2":11923},"geometry":{"type":"Polygon","coordinates":[[[120.289027,22.638081],[120.289627,22.638162],[120.290252,22.638284],[120.290306,22.638133],[120.290526,22.637518],[120.289887,22.637174],[120.289781,22.637421],[120.289122,22.637286],[120.289127,22.637547],[120.289069,22.637543],[120.289027,22.638081]]]}},{"type":"Feature","id":"A6405-1371-00","properties":{"code":"A6405-1371-00","district":"三民區","area_m2":6310.5,"centroid":[120.313188,22.638108],"population":120,"households":54,"male":60,"female":60,"ages":[9,25,50,36],"density_km2":19016},"geometry":{"type":"Polygon","coordinates":[[[120.312569,22.638364],[120.313838,22.638287],[120.313832,22.638208],[120.313808,22.637888],[120.313805,22.637853],[120.312539,22.637927],[120.312569,22.638364]]]}},{"type":"Feature","id":"A6405-1384-00","properties":{"code":"A6405-1384-00","district":"三民區","area_m2":8248.9,"centroid":[120.293141,22.637773],"population":222,"households":89,"male":112,"female":110,"ages":[19,55,81,67],"density_km2":26913},"geometry":{"type":"Polygon","coordinates":[[[120.292534,22.637942],[120.292673,22.637989],[120.293476,22.638259],[120.293573,22.637883],[120.293597,22.637757],[120.293617,22.637702],[120.293701,22.63771],[120.293731,22.637446],[120.292909,22.637349],[120.292779,22.637333],[120.292542,22.637922],[120.292534,22.637942]]]}},{"type":"Feature","id":"A6402-0502-00","properties":{"code":"A6402-0502-00","district":"鼓山區","area_m2":7421.6,"centroid":[120.281276,22.637814],"population":167,"households":71,"male":75,"female":92,"ages":[12,32,71,52],"density_km2":22502},"geometry":{"type":"Polygon","coordinates":[[[120.282008,22.638204],[120.282105,22.637928],[120.282131,22.637839],[120.281999,22.637804],[120.281735,22.637732],[120.281024,22.637541],[120.280608,22.637428],[120.280585,22.637418],[120.280424,22.637811],[120.280447,22.637821],[120.28188,22.638173],[120.282008,22.638204]]]}},{"type":"Feature","id":"A6405-1369-00","properties":{"code":"A6405-1369-00","district":"三民區","area_m2":3849.8,"centroid":[120.308207,22.638081],"population":57,"households":33,"male":33,"female":24,"ages":[2,9,21,25],"density_km2":14806},"geometry":{"type":"Polygon","coordinates":[[[120.307678,22.638263],[120.308733,22.63819],[120.308779,22.638187],[120.308754,22.637917],[120.307658,22.637918],[120.307678,22.638263]]]}},{"type":"Feature","id":"A6405-1398-00","properties":{"code":"A6405-1398-00","district":"三民區","area_m2":10224.5,"centroid":[120.315026,22.637725],"population":382,"households":170,"male":177,"female":205,"ages":[51,73,151,107],"density_km2":37361},"geometry":{"type":"Polygon","coordinates":[[[120.315563,22.638191],[120.31553,22.638075],[120.315469,22.637836],[120.315296,22.637159],[120.314525,22.637216],[120.314648,22.638284],[120.315563,22.638191]]]}},{"type":"Feature","id":"A6405-1377-00","properties":{"code":"A6405-1377-00","district":"三民區","area_m2":2928.2,"centroid":[120.287961,22.637888],"population":202,"households":94,"male":110,"female":92,"ages":[21,42,72,67],"density_km2":68984},"geometry":{"type":"Polygon","coordinates":[[[120.288345,22.638166],[120.288443,22.63791],[120.287581,22.637608],[120.287539,22.637728],[120.287482,22.637883],[120.288345,22.638166]]]}},{"type":"Feature","id":"A6405-1526-00","properties":{"code":"A6405-1526-00","district":"三民區","area_m2":10830.6,"centroid":[120.317701,22.633897],"population":365,"households":157,"male":172,"female":193,"ages":[87,68,133,77],"density_km2":33701},"geometry":{"type":"Polygon","coordinates":[[[120.316801,22.634802],[120.316873,22.634735],[120.316931,22.634689],[120.317318,22.634389],[120.317434,22.63434],[120.317608,22.634291],[120.317989,22.634214],[120.318087,22.634197],[120.31858,22.63305],[120.318632,22.632916],[120.318508,22.633013],[120.318333,22.633156],[120.318305,22.633179],[120.317913,22.633485],[120.316766,22.634379],[120.316778,22.634463],[120.316801,22.634802]]]}},{"type":"Feature","id":"A6407-0010-00","properties":{"code":"A6407-0010-00","district":"前金區","area_m2":8406.1,"centroid":[120.294377,22.633948],"population":251,"households":136,"male":113,"female":138,"ages":[25,56,111,59],"density_km2":29859},"geometry":{"type":"Polygon","coordinates":[[[120.293888,22.634518],[120.294377,22.634676],[120.294887,22.633377],[120.294387,22.633219],[120.293866,22.634508],[120.293888,22.634518]]]}},{"type":"Feature","id":"A6405-1529-00","properties":{"code":"A6405-1529-00","district":"三民區","area_m2":35146.6,"centroid":[120.286072,22.633194],"population":0,"households":0,"male":0,"female":0,"ages":[0,0,0,0],"density_km2":0},"geometry":{"type":"Polygon","coordinates":[[[120.286118,22.634625],[120.286139,22.634639],[120.28696,22.632635],[120.287054,22.63241],[120.286828,22.632272],[120.285937,22.631708],[120.285533,22.632828],[120.285426,22.633166],[120.28538,22.633339],[120.285234,22.633854],[120.285184,22.634067],[120.285156,22.634174],[120.285133,22.634265],[120.285127,22.634299],[120.285518,22.634418],[120.286118,22.634625]]]}},{"type":"Feature","id":"A6406-0052-00","properties":{"code":"A6406-0052-00","district":"新興區","area_m2":4471.8,"centroid":[120.311263,22.634542],"population":220,"households":76,"male":111,"female":109,"ages":[52,54,72,42],"density_km2":49197},"geometry":{"type":"Polygon","coordinates":[[[120.310619,22.634735],[120.311929,22.634648],[120.311908,22.634347],[120.310593,22.634441],[120.310619,22.634735]]]}},{"type":"Feature","id":"A6406-0054-00","properties":{"code":"A6406-0054-00","district":"新興區","area_m2":6527.9,"centroid":[120.306962,22.634436],"population":106,"households":54,"male":53,"female":53,"ages":[16,16,40,34],"density_km2":16238},"geometry":{"type":"Polygon","coordinates":[[[120.30634,22.634708],[120.307625,22.634609],[120.307586,22.634225],[120.307581,22.634167],[120.307561,22.634162],[120.307523,22.634165],[120.306333,22.634268],[120.306297,22.634271],[120.306301,22.634337],[120.30634,22.634708]]]}},{"type":"Feature","id":"A6406-0066-00","properties":{"code":"A6406-0066-00","district":"新興區","area_m2":17249.6,"centroid":[120.301677,22.633809],"population":168,"households":86,"male":81,"female":87,"ages":[10,34,68,56],"density_km2":9739},"geometry":{"type":"Polygon","coordinates":[[[120.301259,22.634682],[120.301651,22.634658],[120.302192,22.634625],[120.302064,22.633035],[120.301416,22.632875],[120.301287,22.63323],[120.301169,22.633556],[120.301205,22.634053],[120.301229,22.63433],[120.301259,22.634682]]]}},{"type":"Feature","id":"A6407-0008-00","properties":{"code":"A6407-0008-00","district":"前金區","area_m2":5382.9,"centroid":[120.297031,22.634274],"population":119,"households":53,"male":62,"female":57,"ages":[14,26,51,28],"density_km2":22107},"geometry":{"type":"Polygon","coordinates":[[[120.29759,22.634659],[120.297719,22.634317],[120.296466,22.633892],[120.296338,22.634213],[120.296359,22.634223],[120.29759,22.634659]]]}},{"type":"Feature","id":"A6406-0065-00","properties":{"code":"A6406-0065-00","district":"新興區","area_m2":11324.2,"centroid":[120.302439,22.633808],"population":126,"households":74,"male":61,"female":65,"ages":[10,30,44,42],"density_km2":11127},"geometry":{"type":"Polygon","coordinates":[[[120.302192,22.634625],[120.302813,22.634581],[120.302688,22.632991],[120.302064,22.633035],[120.302192,22.634625]]]}},{"type":"Feature","id":"A6406-0059-00","properties":{"code":"A6406-0059-00","district":"新興區","area_m2":14478.8,"centroid":[120.312699,22.634204],"population":226,"households":106,"male":109,"female":117,"ages":[62,39,84,41],"density_km2":15609},"geometry":{"type":"Polygon","coordinates":[[[120.311929,22.634648],[120.313525,22.634554],[120.313516,22.634468],[120.313494,22.634157],[120.313468,22.633802],[120.313465,22.633758],[120.311873,22.633853],[120.311878,22.633909],[120.311908,22.634347],[120.311929,22.634648]]]}},{"type":"Feature","id":"A6406-0068-00","properties":{"code":"A6406-0068-00","district":"新興區","area_m2":6760.0,"centroid":[120.302937,22.633774],"population":178,"households":86,"male":100,"female":78,"ages":[10,41,67,60],"density_km2":26331},"geometry":{"type":"Polygon","coordinates":[[[120.302813,22.634581],[120.303165,22.634557],[120.303186,22.634554],[120.303149,22.634091],[120.30312,22.633735],[120.303091,22.633376],[120.303059,22.632977],[120.303058,22.632965],[120.303037,22.632967],[120.302688,22.632991],[120.302813,22.634581]]]}},{"type":"Feature","id":"A6406-0057-00","properties":{"code":"A6406-0057-00","district":"新興區","area_m2":8452.9,"centroid":[120.304023,22.634259],"population":34,"households":16,"male":21,"female":13,"ages":[2,12,9,11],"density_km2":4022},"geometry":{"type":"Polygon","coordinates":[[[120.303186,22.634554],[120.304922,22.634367],[120.304889,22.633981],[120.303149,22.634091],[120.303186,22.634554]]]}},{"type":"Feature","id":"A6407-0012-00","properties":{"code":"A6407-0012-00","district":"前金區","area_m2":11366.9,"centroid":[120.293758,22.633787],"population":202,"households":109,"male":94,"female":108,"ages":[14,48,83,57],"density_km2":17771},"geometry":{"type":"Polygon","coordinates":[[[120.293414,22.634355],[120.293866,22.634508],[120.294387,22.633219],[120.293914,22.63306],[120.293797,22.633364],[120.293508,22.633267],[120.293129,22.634257],[120.293414,22.634355]]]}},{"type":"Feature","id":"A6405-1524-00","properties":{"code":"A6405-1524-00","district":"三民區","area_m2":16736.3,"centroid":[120.289062,22.633819],"population":278,"households":142,"male":138,"female":140,"ages":[30,79,112,57],"density_km2":16611},"geometry":{"type":"Polygon","coordinates":[[[120.289789,22.634459],[120.289834,22.634473],[120.290109,22.63376],[120.290072,22.633755],[120.290064,22.633745],[120.289459,22.633543],[120.288367,22.633179],[120.288316,22.633163],[120.288241,22.633354],[120.288012,22.633888],[120.289789,22.634459]]]}},{"type":"Feature","id":"A6402-0544-00","properties":{"code":"A6402-0544-00","district":"鼓山區","area_m2":170724.6,"centroid":[120.273357,22.62802],"population":23,"households":9,"male":12,"female":11,"ages":[6,4,9,4],"density_km2":135},"geometry":{"type":"Polygon","coordinates":[[[120.271054,22.630899],[120.271514,22.631076],[120.271606,22.631092],[120.271684,22.631089],[120.271917,22.630951],[120.272009,22.630942],[120.27246,22.630928],[120.272532,22.630906],[120.272822,22.63085],[120.273174,22.63076],[120.273386,22.630685],[120.273557,22.630591],[120.273722,22.63043],[120.273971,22.630129],[120.27409,22.629944],[120.274163,22.629811],[120.274082,22.629657],[120.273998,22.629496],[120.273983,22.628663],[120.27408,22.628663],[120.27415,22.628522],[120.274185,22.628521],[120.274542,22.628424],[120.274631,22.628519],[120.274719,22.628578],[120.274826,22.628619],[120.275002,22.62865],[120.275098,22.628544],[120.275314,22.628416],[120.275497,22.628429],[120.275776,22.628418],[120.275877,22.628383],[120.275928,22.628331],[120.275948,22.628225],[120.275922,22.628184],[120.275866,22.628072],[120.275937,22.627879],[120.275836,22.627843],[120.275801,22.627779],[120.275535,22.627777],[120.275395,22.627748],[120.275286,22.62771],[120.275106,22.62766],[120.274987,22.627507],[120.274844,22.627243],[120.274818,22.626989],[120.274815,22.626964],[120.274755,22.626388],[120.274746,22.626238],[120.274681,22.626002],[120.274563,22.625574],[120.274601,22.625478],[120.27462,22.625472],[120.274513,22.625085],[120.274478,22.625017],[120.274422,22.624983],[120.274343,22.624975],[120.274251,22.624994],[120.274115,22.625045],[120.27394,22.625129],[120.273632,22.625351],[120.273581,22.625536],[120.27356,22.625643],[120.273533,22.625714],[120.273482,22.625763],[120.273393,22.625793],[120.273299,22.625798],[120.273039,22.625783],[120.27285,22.625766],[120.272747,22.625782],[120.272572,22.625874],[120.272451,22.625983],[120.272222,22.626234],[120.272139,22.626283],[120.271661,22.626381],[120.271563,22.626404],[120.27148,22.626458],[120.271308,22.626658],[120.271216,22.626737],[120.271112,22.626774],[120.271068,22.626786],[120.271336,22.627436],[120.271632,22.628027],[120.271724,22.628185],[120.271983,22.628611],[120.272123,22.628961],[120.272208,22.629278],[120.272296,22.62964],[120.272277,22.629804],[120.272228,22.629928],[120.272113,22.630063],[120.271633,22.630251],[120.271075,22.630643],[120.271,22.630689],[120.271012,22.630745],[120.271054,22.630899]]]}},{"type":"Feature","id":"A6407-0053-00","properties":{"code":"A6407-0053-00","district":"前金區","area_m2":4727.3,"centroid":[120.297019,22.630813],"population":219,"households":144,"male":100,"female":119,"ages":[21,60,87,51],"density_km2":46326},"geometry":{"type":"Polygon","coordinates":[[[120.29754,22.631162],[120.297661,22.63084],[120.296495,22.630465],[120.296374,22.630777],[120.29754,22.631162]]]}},{"type":"Feature","id":"A6407-0057-00","properties":{"code":"A6407-0057-00","district":"前金區","area_m2":17711.3,"centroid":[120.296056,22.63025],"population":185,"households":121,"male":90,"female":95,"ages":[20,46,81,38],"density_km2":10445},"geometry":{"type":"Polygon","coordinates":[[[120.296213,22.631127],[120.296235,22.631137],[120.296374,22.630777],[120.296495,22.630465],[120.296627,22.63014],[120.29682,22.629663],[120.296799,22.629653],[120.296255,22.629496],[120.295841,22.629373],[120.295728,22.629711],[120.295296,22.630823],[120.295756,22.630973],[120.295779,22.630981],[120.296213,22.631127]]]}},{"type":"Feature","id":"A6401-0014-00","properties":{"code":"A6401-0014-00","district":"鹽埕區","area_m2":9305.3,"centroid":[120.283324,22.630407],"population":215,"households":92,"male":111,"female":104,"ages":[30,42,84,59],"density_km2":23105},"geometry":{"type":"Polygon","coordinates":[[[120.283274,22.631055],[120.283288,22.631049],[120.28393,22.630757],[120.283366,22.629757],[120.282733,22.630053],[120.28272,22.630059],[120.282841,22.630277],[120.283265,22.631039],[120.283274,22.631055]]]}},{"type":"Feature","id":"A6406-0139-00","properties":{"code":"A6406-0139-00","district":"新興區","area_m2":12104.8,"centroid":[120.305304,22.630703],"population":259,"households":118,"male":118,"female":141,"ages":[33,64,100,62],"density_km2":21397},"geometry":{"type":"Polygon","coordinates":[[[120.304687,22.631133],[120.30603,22.631028],[120.305971,22.630271],[120.304599,22.630374],[120.304578,22.630375],[120.304607,22.630748],[120.304638,22.631137],[120.304687,22.631133]]]}},{"type":"Feature","id":"A6402-0548-00","properties":{"code":"A6402-0548-00","district":"鼓山區","area_m2":46887.4,"centroid":[120.26962,22.626219],"population":258,"households":115,"male":136,"female":122,"ages":[35,45,110,68],"density_km2":5503},"geometry":{"type":"Polygon","coordinates":[[[120.26913,22.627402],[120.269281,22.627273],[120.269498,22.62718],[120.269701,22.627108],[120.270043,22.627109],[120.27024,22.627082],[120.270451,22.627033],[120.27049,22.627012],[120.270775,22.626856],[120.271041,22.62671],[120.27108,22.626689],[120.271224,22.626478],[120.270945,22.626257],[120.270818,22.626156],[120.270747,22.626016],[120.270707,22.625979],[120.270677,22.625699],[120.270717,22.625699],[120.270716,22.625575],[120.270783,22.625575],[120.270783,22.625414],[120.270868,22.625414],[120.270866,22.625129],[120.270712,22.625137],[120.270559,22.625116],[120.270416,22.6251],[120.270287,22.625059],[120.270037,22.625819],[120.267962,22.625061],[120.267966,22.62508],[120.268029,22.625222],[120.268107,22.625397],[120.268261,22.625757],[120.268379,22.625914],[120.26857,22.626221],[120.268617,22.626568],[120.26875,22.626903],[120.268944,22.627177],[120.269039,22.627319],[120.26913,22.627402]]]}},{"type":"Feature","id":"A6407-0087-00","properties":{"code":"A6407-0087-00","district":"前金區","area_m2":9730.6,"centroid":[120.296719,22.626599],"population":256,"households":136,"male":113,"female":143,"ages":[25,48,92,91],"density_km2":26309},"geometry":{"type":"Polygon","coordinates":[[[120.296594,22.627522],[120.296598,22.627512],[120.297258,22.625881],[120.297279,22.625828],[120.297178,22.625792],[120.296812,22.62569],[120.296165,22.627365],[120.296509,22.627489],[120.296594,22.627522]]]}},{"type":"Feature","id":"A6406-0211-00","properties":{"code":"A6406-0211-00","district":"新興區","area_m2":8774.1,"centroid":[120.30927,22.627053],"population":546,"households":269,"male":249,"female":297,"ages":[56,124,210,156],"density_km2":62229},"geometry":{"type":"Polygon","coordinates":[[[120.309678,22.627487],[120.30988,22.626934],[120.308782,22.62655],[120.308733,22.627462],[120.309575,22.627478],[120.309678,22.627487]]]}},{"type":"Feature","id":"A6401-0054-00","properties":{"code":"A6401-0054-00","district":"鹽埕區","area_m2":6038.7,"centroid":[120.283278,22.626781],"population":105,"households":47,"male":45,"female":60,"ages":[13,14,46,32],"density_km2":17388},"geometry":{"type":"Polygon","coordinates":[[[120.283331,22.627367],[120.283765,22.627164],[120.283757,22.627147],[120.283225,22.626195],[120.282791,22.626396],[120.283331,22.627367]]]}},{"type":"Feature","id":"A6406-0218-00","properties":{"code":"A6406-0218-00","district":"新興區","area_m2":8176.7,"centroid":[120.308672,22.626557],"population":165,"households":81,"male":80,"female":85,"ages":[21,28,64,52],"density_km2":20179},"geometry":{"type":"Polygon","coordinates":[[[120.308733,22.627462],[120.308782,22.62655],[120.308899,22.626244],[120.309068,22.625806],[120.309088,22.625755],[120.308987,22.625718],[120.308723,22.625629],[120.308425,22.62638],[120.308406,22.626554],[120.308309,22.627453],[120.30844,22.627456],[120.308672,22.627461],[120.308733,22.627462]]]}},{"type":"Feature","id":"A6406-0212-00","properties":{"code":"A6406-0212-00","district":"新興區","area_m2":5468.4,"centroid":[120.308105,22.626977],"population":84,"households":53,"male":37,"female":47,"ages":[1,16,41,26],"density_km2":15361},"geometry":{"type":"Polygon","coordinates":[[[120.308309,22.627453],[120.308406,22.626554],[120.307884,22.626496],[120.307821,22.627019],[120.307825,22.627164],[120.30783,22.627443],[120.308309,22.627453]]]}},{"type":"Feature","id":"A6406-0221-00","properties":{"code":"A6406-0221-00","district":"新興區","area_m2":10571.6,"centroid":[120.307749,22.626283],"population":300,"households":174,"male":127,"female":173,"ages":[39,93,110,58],"density_km2":28378},"geometry":{"type":"Polygon","coordinates":[[[120.30783,22.627443],[120.307825,22.627164],[120.307821,22.627019],[120.307884,22.626496],[120.307913,22.626261],[120.308204,22.625453],[120.307527,22.625224],[120.307504,22.625284],[120.307336,22.625704],[120.307704,22.625817],[120.307573,22.626207],[120.307508,22.626674],[120.307436,22.627435],[120.30783,22.627443]]]}},{"type":"Feature","id":"A6406-0214-00","properties":{"code":"A6406-0214-00","district":"新興區","area_m2":14585.8,"centroid":[120.306383,22.626883],"population":0,"households":0,"male":0,"female":0,"ages":[0,0,0,0],"density_km2":0},"geometry":{"type":"Polygon","coordinates":[[[120.307065,22.627434],[120.307072,22.626651],[120.305782,22.626251],[120.305742,22.62656],[120.305733,22.626868],[120.305751,22.627401],[120.306996,22.627426],[120.307065,22.627434]]]}},{"type":"Feature","id":"A6406-0217-00","properties":{"code":"A6406-0217-00","district":"新興區","area_m2":7933.9,"centroid":[120.307357,22.626577],"population":184,"households":86,"male":90,"female":94,"ages":[14,34,73,63],"density_km2":23192},"geometry":{"type":"Polygon","coordinates":[[[120.307436,22.627435],[120.307508,22.626674],[120.307573,22.626207],[120.307704,22.625817],[120.307336,22.625704],[120.307198,22.626049],[120.307127,22.626329],[120.307119,22.626357],[120.307072,22.626651],[120.307065,22.627434],[120.307393,22.627434],[120.307436,22.627435]]]}},{"type":"Feature","id":"A6407-0089-00","properties":{"code":"A6407-0089-00","district":"前金區","area_m2":6999.1,"centroid":[120.296324,22.626476],"population":84,"households":47,"male":47,"female":37,"ages":[9,12,40,23],"density_km2":12001},"geometry":{"type":"Polygon","coordinates":[[[120.296077,22.627333],[120.296165,22.627365],[120.296812,22.62569],[120.296688,22.625656],[120.296467,22.625594],[120.296452,22.625633],[120.296126,22.626535],[120.295833,22.627248],[120.296077,22.627333]]]}},{"type":"Feature","id":"A6408-0233-00","properties":{"code":"A6408-0233-00","district":"苓雅區","area_m2":13708.4,"centroid":[120.313626,22.626704],"population":513,"households":248,"male":222,"female":291,"ages":[141,101,194,77],"density_km2":37422},"geometry":{"type":"Polygon","coordinates":[[[120.314158,22.627443],[120.314519,22.626497],[120.314732,22.625937],[120.3144,22.625831],[120.313971,22.626938],[120.312538,22.626463],[120.312517,22.626517],[120.312384,22.626857],[120.313393,22.62719],[120.313477,22.627218],[120.314158,22.627443]]]}},{"type":"Feature","id":"A6406-0222-00","properties":{"code":"A6406-0222-00","district":"新興區","area_m2":31720.9,"centroid":[120.305106,22.626331],"population":0,"households":0,"male":0,"female":0,"ages":[0,0,0,0],"density_km2":0},"geometry":{"type":"Polygon","coordinates":[[[120.305751,22.627401],[120.305733,22.626868],[120.305742,22.62656],[120.305782,22.626251],[120.305863,22.625933],[120.305946,22.625602],[120.305098,22.625323],[120.304698,22.625191],[120.304662,22.62518],[120.304472,22.625783],[120.304361,22.626313],[120.304324,22.626771],[120.304311,22.627313],[120.305712,22.6274],[120.305751,22.627401]]]}},{"type":"Feature","id":"A6406-0213-00","properties":{"code":"A6406-0213-00","district":"新興區","area_m2":10502.8,"centroid":[120.311547,22.62691],"population":311,"households":145,"male":123,"female":188,"ages":[66,54,110,81],"density_km2":29611},"geometry":{"type":"Polygon","coordinates":[[[120.312185,22.627427],[120.312351,22.626948],[120.31237,22.626894],[120.312384,22.626857],[120.312349,22.626845],[120.310915,22.626397],[120.310896,22.626447],[120.310733,22.62687],[120.310704,22.626947],[120.312185,22.627427]]]}},{"type":"Feature","id":"A6407-0121-00","properties":{"code":"A6407-0121-00","district":"前金區","area_m2":20868.2,"centroid":[120.291183,22.622534],"population":416,"households":283,"male":160,"female":256,"ages":[37,109,205,65],"density_km2":19935},"geometry":{"type":"Polygon","coordinates":[[[120.292252,22.623267],[120.292498,22.622609],[120.292477,22.622599],[120.291507,22.622274],[120.29005,22.621785],[120.290032,22.621905],[120.290027,22.621937],[120.289988,22.622146],[120.289931,22.622399],[120.289901,22.622528],[120.290766,22.6228],[120.292252,22.623267]]]}},{"type":"Feature","id":"A6406-0259-00","properties":{"code":"A6406-0259-00","district":"新興區","area_m2":7930.5,"centroid":[120.304675,22.622838],"population":200,"households":106,"male":88,"female":112,"ages":[15,42,79,64],"density_km2":25219},"geometry":{"type":"Polygon","coordinates":[[[120.305403,22.623296],[120.305428,22.623224],[120.305555,22.622905],[120.303935,22.622383],[120.303791,22.622757],[120.305403,22.623296]]]}},{"type":"Feature","id":"A6406-0258-00","properties":{"code":"A6406-0258-00","district":"新興區","area_m2":6282.4,"centroid":[120.306266,22.622901],"population":249,"households":125,"male":110,"female":139,"ages":[23,45,88,93],"density_km2":39634},"geometry":{"type":"Polygon","coordinates":[[[120.306746,22.623264],[120.306837,22.623295],[120.306984,22.622927],[120.30574,22.62251],[120.305718,22.622502],[120.305555,22.622905],[120.306746,22.623264]]]}},{"type":"Feature","id":"A6401-0095-00","properties":{"code":"A6401-0095-00","district":"鹽埕區","area_m2":9825.3,"centroid":[120.28459,22.622493],"population":167,"households":87,"male":79,"female":88,"ages":[12,35,63,57],"density_km2":16997},"geometry":{"type":"Polygon","coordinates":[[[120.28449,22.623152],[120.285189,22.622791],[120.285202,22.622785],[120.284909,22.62225],[120.284681,22.621834],[120.283979,22.622192],[120.28449,22.623152]]]}},{"type":"Feature","id":"A6407-0128-00","properties":{"code":"A6407-0128-00","district":"前金區","area_m2":64841.2,"centroid":[120.293316,22.621784],"population":126,"households":61,"male":71,"female":55,"ages":[13,22,45,46],"density_km2":1943},"geometry":{"type":"Polygon","coordinates":[[[120.294176,22.623148],[120.294311,22.62282],[120.294422,22.622516],[120.29457,22.622205],[120.2946,22.622142],[120.294718,22.621895],[120.29486,22.621562],[120.294869,22.621541],[120.295058,22.6211],[120.2945,22.620911],[120.294384,22.620872],[120.29394,22.62072],[120.293718,22.620671],[120.29369,22.620665],[120.292376,22.620643],[120.291524,22.620629],[120.291504,22.620629],[120.291545,22.620717],[120.291562,22.62075],[120.292069,22.621758],[120.292498,22.622609],[120.292772,22.622694],[120.294176,22.623148]]]}},{"type":"Feature","id":"A6407-0119-00","properties":{"code":"A6407-0119-00","district":"前金區","area_m2":4496.0,"centroid":[120.296914,22.622806],"population":94,"households":45,"male":40,"female":54,"ages":[6,17,40,31],"density_km2":20907},"geometry":{"type":"Polygon","coordinates":[[[120.297414,22.623155],[120.297424,22.623129],[120.297532,22.62285],[120.296439,22.622463],[120.296417,22.622454],[120.296313,22.622742],[120.2963,22.622778],[120.297414,22.623155]]]}},{"type":"Feature","id":"A6408-0339-00","properties":{"code":"A6408-0339-00","district":"苓雅區","area_m2":16256.2,"centroid":[120.311288,22.622578],"population":770,"households":374,"male":359,"female":411,"ages":[182,191,285,112],"density_km2":47366},"geometry":{"type":"Polygon","coordinates":[[[120.311756,22.623153],[120.311868,22.623181],[120.312023,22.623215],[120.312304,22.622609],[120.312334,22.622539],[120.310519,22.621931],[120.310488,22.62201],[120.310255,22.62264],[120.311448,22.62304],[120.311538,22.62307],[120.311576,22.623085],[120.311756,22.623153]]]}},{"type":"Feature","id":"A6401-0097-00","properties":{"code":"A6401-0097-00","district":"鹽埕區","area_m2":10456.8,"centroid":[120.287196,22.622422],"population":174,"households":90,"male":79,"female":95,"ages":[23,30,72,49],"density_km2":16640},"geometry":{"type":"Polygon","coordinates":[[[120.28711,22.623098],[120.287832,22.622733],[120.287308,22.621764],[120.287299,22.621747],[120.287286,22.621754],[120.286558,22.622115],[120.286567,22.622131],[120.28711,22.623098]]]}},{"type":"Feature","id":"A6401-0096-00","properties":{"code":"A6401-0096-00","district":"鹽埕區","area_m2":6883.6,"centroid":[120.279754,22.622438],"population":30,"households":21,"male":16,"female":14,"ages":[2,5,13,10],"density_km2":4358},"geometry":{"type":"Polygon","coordinates":[[[120.279782,22.623051],[120.28027,22.622825],[120.27972,22.621838],[120.279711,22.621821],[120.279698,22.621828],[120.279242,22.622057],[120.279782,22.623051]]]}},{"type":"Feature","id":"A6402-0574-00","properties":{"code":"A6402-0574-00","district":"鼓山區","area_m2":4756.4,"centroid":[120.271881,22.622453],"population":152,"households":69,"male":75,"female":77,"ages":[8,37,63,44],"density_km2":31957},"geometry":{"type":"Polygon","coordinates":[[[120.272348,22.622809],[120.27175,22.621905],[120.271413,22.622102],[120.271982,22.62295],[120.272016,22.623],[120.272348,22.622809]]]}},{"type":"Feature","id":"A6407-0120-00","properties":{"code":"A6407-0120-00","district":"前金區","area_m2":7159.7,"centroid":[120.295363,22.62265],"population":119,"households":57,"male":51,"female":68,"ages":[8,29,44,38],"density_km2":16621},"geometry":{"type":"Polygon","coordinates":[[[120.295327,22.622817],[120.296181,22.623097],[120.2963,22.622778],[120.29457,22.622205],[120.294422,22.622516],[120.294444,22.622527],[120.295327,22.622817]]]}},{"type":"Feature","id":"A6408-0477-00","properties":{"code":"A6408-0477-00","district":"苓雅區","area_m2":7399.7,"centroid":[120.314482,22.619229],"population":249,"households":121,"male":110,"female":139,"ages":[26,65,83,75],"density_km2":33650},"geometry":{"type":"Polygon","coordinates":[[[120.315176,22.619673],[120.315183,22.619655],[120.315296,22.619363],[120.315321,22.619298],[120.314549,22.619041],[120.31378,22.618784],[120.313759,22.618843],[120.313665,22.619105],[120.313645,22.619162],[120.315176,22.619673]]]}},{"type":"Feature","id":"A6408-0485-00","properties":{"code":"A6408-0485-00","district":"苓雅區","area_m2":16367.4,"centroid":[120.294907,22.618911],"population":265,"households":133,"male":113,"female":152,"ages":[21,65,107,72],"density_km2":16191},"geometry":{"type":"Polygon","coordinates":[[[120.294451,22.619159],[120.295624,22.619578],[120.295909,22.618817],[120.294187,22.618253],[120.293895,22.618961],[120.294451,22.619159]]]}},{"type":"Feature","id":"A6408-0473-00","properties":{"code":"A6408-0473-00","district":"苓雅區","area_m2":5320.7,"centroid":[120.315924,22.61928],"population":222,"households":97,"male":99,"female":123,"ages":[35,45,86,56],"density_km2":41724},"geometry":{"type":"Polygon","coordinates":[[[120.316388,22.619654],[120.316498,22.619328],[120.316523,22.619256],[120.315475,22.618907],[120.315456,22.618957],[120.315321,22.619298],[120.316388,22.619654]]]}},{"type":"Feature","id":"A6408-0496-00","properties":{"code":"A6408-0496-00","district":"苓雅區","area_m2":6169.8,"centroid":[120.311526,22.618847],"population":148,"households":67,"male":75,"female":73,"ages":[19,29,56,44],"density_km2":23988},"geometry":{"type":"Polygon","coordinates":[[[120.311367,22.619602],[120.311421,22.619621],[120.311797,22.618622],[120.311823,22.618555],[120.311946,22.618241],[120.31197,22.618181],[120.311637,22.61807],[120.311082,22.619508],[120.311367,22.619602]]]}},{"type":"Feature","id":"A6408-0490-00","properties":{"code":"A6408-0490-00","district":"苓雅區","area_m2":17344.2,"centroid":[120.318318,22.618938],"population":295,"households":142,"male":140,"female":155,"ages":[24,69,119,83],"density_km2":17009},"geometry":{"type":"Polygon","coordinates":[[[120.318891,22.619623],[120.318901,22.619597],[120.319074,22.619144],[120.319091,22.619101],[120.31919,22.618841],[120.319251,22.618669],[120.319229,22.618662],[120.319179,22.61865],[120.318337,22.618443],[120.31777,22.618293],[120.317703,22.618275],[120.317401,22.619055],[120.317378,22.619114],[120.317445,22.619136],[120.318891,22.619623]]]}},{"type":"Feature","id":"A6408-0493-00","properties":{"code":"A6408-0493-00","district":"苓雅區","area_m2":13024.1,"centroid":[120.300412,22.618826],"population":198,"households":97,"male":102,"female":96,"ages":[15,42,85,56],"density_km2":15203},"geometry":{"type":"Polygon","coordinates":[[[120.300663,22.61951],[120.300685,22.61952],[120.300812,22.619186],[120.300836,22.619123],[120.30096,22.618797],[120.301091,22.618453],[120.300139,22.618138],[120.299994,22.618484],[120.299866,22.61882],[120.299734,22.619186],[120.300663,22.61951]]]}},{"type":"Feature","id":"A6408-0491-00","properties":{"code":"A6408-0491-00","district":"苓雅區","area_m2":13484.7,"centroid":[120.307841,22.618893],"population":226,"households":97,"male":92,"female":134,"ages":[32,40,103,51],"density_km2":16760},"geometry":{"type":"Polygon","coordinates":[[[120.307049,22.619087],[120.308314,22.619518],[120.308635,22.618684],[120.308602,22.618679],[120.308539,22.61865],[120.307346,22.618273],[120.307049,22.619087]]]}},{"type":"Feature","id":"A6408-0500-00","properties":{"code":"A6408-0500-00","district":"苓雅區","area_m2":12035.2,"centroid":[120.310951,22.618752],"population":176,"households":76,"male":83,"female":93,"ages":[25,42,62,47],"density_km2":14624},"geometry":{"type":"Polygon","coordinates":[[[120.311042,22.619495],[120.311082,22.619508],[120.311637,22.61807],[120.311226,22.617933],[120.310988,22.618546],[120.310576,22.618407],[120.310251,22.619246],[120.310302,22.619261],[120.310575,22.61934],[120.31063,22.619366],[120.310669,22.619371],[120.310988,22.619477],[120.311042,22.619495]]]}},{"type":"Feature","id":"A6407-0151-00","properties":{"code":"A6407-0151-00","district":"前金區","area_m2":8099.7,"centroid":[120.296831,22.618933],"population":222,"households":124,"male":93,"female":129,"ages":[29,53,86,54],"density_km2":27408},"geometry":{"type":"Polygon","coordinates":[[[120.29759,22.619406],[120.297742,22.619012],[120.296064,22.618475],[120.296043,22.618464],[120.295909,22.618817],[120.29593,22.618827],[120.29759,22.619406]]]}},{"type":"Feature","id":"A6408-0673-00","properties":{"code":"A6408-0673-00","district":"苓雅區","area_m2":4466.1,"centroid":[120.293397,22.613855],"population":163,"households":72,"male":72,"female":91,"ages":[12,50,61,40],"density_km2":36497},"geometry":{"type":"Polygon","coordinates":[[[120.293017,22.614246],[120.29372,22.613917],[120.293942,22.613813],[120.293804,22.613462],[120.292843,22.613911],[120.293017,22.614246]]]}},{"type":"Feature","id":"A6409-0048-00","properties":{"code":"A6409-0048-00","district":"前鎮區","area_m2":14614.5,"centroid":[120.315232,22.613652],"population":173,"households":73,"male":78,"female":95,"ages":[16,40,67,50],"density_km2":11838},"geometry":{"type":"Polygon","coordinates":[[[120.314465,22.61429],[120.31492,22.614339],[120.315,22.614339],[120.315162,22.614318],[120.315141,22.614209],[120.315034,22.613642],[120.316356,22.61349],[120.316292,22.613065],[120.316222,22.613073],[120.315721,22.61314],[120.3157,22.613136],[120.314956,22.613227],[120.314926,22.61323],[120.314292,22.613331],[120.314305,22.613393],[120.314463,22.614271],[120.314465,22.61429]]]}},{"type":"Feature","id":"A6408-0684-00","properties":{"code":"A6408-0684-00","district":"苓雅區","area_m2":24396.6,"centroid":[120.297,22.613404],"population":18,"households":7,"male":9,"female":9,"ages":[0,9,4,5],"density_km2":738},"geometry":{"type":"Polygon","coordinates":[[[120.297626,22.614243],[120.297636,22.614214],[120.297715,22.614016],[120.297916,22.613513],[120.298066,22.613118],[120.296383,22.612565],[120.296249,22.612883],[120.296093,22.613311],[120.295928,22.613683],[120.297626,22.614243]]]}},{"type":"Feature","id":"A6409-0053-00","properties":{"code":"A6409-0053-00","district":"前鎮區","area_m2":25657.9,"centroid":[120.318764,22.613465],"population":6,"households":4,"male":5,"female":1,"ages":[0,1,2,3],"density_km2":234},"geometry":{"type":"Polygon","coordinates":[[[120.318069,22.614258],[120.318123,22.614258],[120.318308,22.614259],[120.31889,22.614223],[120.319259,22.614201],[120.319553,22.614183],[120.319492,22.612737],[120.319488,22.612644],[120.319451,22.612649],[120.317951,22.612841],[120.318034,22.613835],[120.318043,22.613944],[120.318057,22.614108],[120.318069,22.614258]]]}},{"type":"Feature","id":"A6408-0685-00","properties":{"code":"A6408-0685-00","district":"苓雅區","area_m2":11321.1,"centroid":[120.300641,22.61329],"population":192,"households":109,"male":89,"female":103,"ages":[18,41,75,58],"density_km2":16959},"geometry":{"type":"Polygon","coordinates":[[[120.299651,22.61409],[120.299906,22.614174],[120.300054,22.613795],[120.300046,22.613762],[120.300068,22.613695],[120.300092,22.613705],[120.300106,22.613662],[120.300129,22.613634],[120.300161,22.613571],[120.300363,22.613043],[120.301061,22.613283],[120.301213,22.613335],[120.301227,22.613339],[120.301268,22.613327],[120.301372,22.613366],[120.301365,22.613377],[120.301433,22.6134],[120.301436,22.613389],[120.301484,22.61341],[120.301579,22.613445],[120.301729,22.613047],[120.301355,22.612934],[120.301176,22.61288],[120.300232,22.612595],[120.300212,22.612581],[120.300072,22.612952],[120.299944,22.613293],[120.299807,22.613666],[120.299651,22.61409]]]}},{"type":"Feature","id":"A6408-0675-00","properties":{"code":"A6408-0675-00","district":"苓雅區","area_m2":3279.2,"centroid":[120.298076,22.613841],"population":130,"households":56,"male":57,"female":73,"ages":[23,29,52,26],"density_km2":39643},"geometry":{"type":"Polygon","coordinates":[[[120.297715,22.614016],[120.298287,22.61416],[120.298306,22.614028],[120.29832,22.614],[120.298433,22.613687],[120.297938,22.613523],[120.297916,22.613513],[120.297715,22.614016]]]}},{"type":"Feature","id":"A6409-0042-00","properties":{"code":"A6409-0042-00","district":"前鎮區","area_m2":8251.4,"centroid":[120.315711,22.61385],"population":289,"households":124,"male":143,"female":146,"ages":[24,76,121,68],"density_km2":35024},"geometry":{"type":"Polygon","coordinates":[[[120.315141,22.614209],[120.316281,22.614104],[120.316233,22.613784],[120.316398,22.613767],[120.316358,22.613503],[120.316356,22.61349],[120.315034,22.613642],[120.315141,22.614209]]]}},{"type":"Feature","id":"A6408-0683-00","properties":{"code":"A6408-0683-00","district":"苓雅區","area_m2":11220.5,"centroid":[120.294333,22.613421],"population":222,"households":106,"male":97,"female":125,"ages":[18,54,85,65],"density_km2":19785},"geometry":{"type":"Polygon","coordinates":[[[120.294865,22.614106],[120.294891,22.614116],[120.295053,22.613675],[120.295057,22.613666],[120.29444,22.613459],[120.294325,22.613246],[120.294713,22.613067],[120.294509,22.612692],[120.293709,22.613068],[120.293633,22.613103],[120.293804,22.613462],[120.293942,22.613813],[120.294044,22.613844],[120.294865,22.614106]]]}},{"type":"Feature","id":"A6408-0681-00","properties":{"code":"A6408-0681-00","district":"苓雅區","area_m2":9383.9,"centroid":[120.298862,22.613591],"population":397,"households":197,"male":192,"female":205,"ages":[57,90,174,76],"density_km2":42306},"geometry":{"type":"Polygon","coordinates":[[[120.299175,22.613933],[120.299651,22.61409],[120.299807,22.613666],[120.298097,22.613101],[120.298076,22.613091],[120.298066,22.613118],[120.297916,22.613513],[120.297938,22.613523],[120.298433,22.613687],[120.299175,22.613933]]]}}]}
