{"type":"FeatureCollection","name":"new-taipei historic core named roads","features":[{"type":"Feature","id":128795585,"properties":{"osm_id":128795585,"name":"40","name_en":"Lane 40, Xiaoqian Street","highway":"residential","lanes":null,"oneway":null,"surface":null,"source":"OpenStreetMap"},"geometry":{"type":"LineString","coordinates":[[121.4611311,25.0026881],[121.4612052,25.0023586],[121.4612695,25.0020727]]}},{"type":"Feature","id":253772667,"properties":{"osm_id":253772667,"name":"三民路二段正隆巷","name_en":null,"highway":"residential","lanes":null,"oneway":null,"surface":null,"source":"OpenStreetMap"},"geometry":{"type":"LineString","coordinates":[[121.4758648,25.0129509],[121.4764054,25.0132235],[121.4765693,25.0133346],[121.4769362,25.01361],[121.477046,25.0136445]]}},{"type":"Feature","id":27595303,"properties":{"osm_id":27595303,"name":"中山路一段","name_en":"Section 1, Jhongshan Road","highway":"primary","lanes":"2","oneway":null,"surface":"asphalt","source":"OpenStreetMap"},"geometry":{"type":"LineString","coordinates":[[121.4627443,25.010586],[121.4626399,25.0105283],[121.461692,25.0100932],[121.4614766,25.0099658],[121.4614539,25.0099082]]}},{"type":"Feature","id":111317486,"properties":{"osm_id":111317486,"name":"中山路一段","name_en":"Section 1, Jhongshan Road","highway":"secondary","lanes":"2","oneway":null,"surface":"asphalt","source":"OpenStreetMap"},"geometry":{"type":"LineString","coordinates":[[121.4717425,25.0147659],[121.4710424,25.014437],[121.470314,25.0140949],[121.4701003,25.0139944],[121.4698368,25.0138707],[121.4693605,25.013647],[121.4689128,25.0134366],[121.4686451,25.0133101]]}},{"type":"Feature","id":297240236,"properties":{"osm_id":297240236,"name":"中山路一段","name_en":"Section 1, Jhongshan Road","highway":"secondary","lanes":"2","oneway":null,"surface":"asphalt","source":"OpenStreetMap"},"geometry":{"type":"LineString","coordinates":[[121.4686451,25.0133101],[121.4685648,25.013268]]}},{"type":"Feature","id":308170363,"properties":{"osm_id":308170363,"name":"中山路一段","name_en":"Section 1, Jhongshan Road","highway":"primary","lanes":"2","oneway":null,"surface":"asphalt","source":"OpenStreetMap"},"geometry":{"type":"LineString","coordinates":[[121.4628837,25.0106381],[121.4627443,25.010586]]}},{"type":"Feature","id":310849373,"properties":{"osm_id":310849373,"name":"中山路一段","name_en":"Section 1, Jhongshan Road","highway":"secondary","lanes":"2","oneway":null,"surface":"asphalt","source":"OpenStreetMap"},"geometry":{"type":"LineString","coordinates":[[121.4667187,25.0123996],[121.4666553,25.0123698],[121.4664042,25.0122564],[121.4659827,25.0120545],[121.4655529,25.0118514],[121.4649058,25.011544],[121.4647755,25.0114873]]}},{"type":"Feature","id":316959981,"properties":{"osm_id":316959981,"name":"中山路一段","name_en":"Section 1, Jhongshan Road","highway":"primary","lanes":"3","oneway":null,"surface":"asphalt","source":"OpenStreetMap"},"geometry":{"type":"LineString","coordinates":[[121.4614539,25.0099082],[121.4613374,25.0097444],[121.4608842,25.0091219],[121.4603453,25.0084129],[121.4602858,25.0083253],[121.4602502,25.008272],[121.4594529,25.0072217],[121.4593958,25.0070798]]}},{"type":"Feature","id":318090107,"properties":{"osm_id":318090107,"name":"中山路一段","name_en":"Section 1, Jhongshan Road","highway":"secondary","lanes":"2","oneway":null,"surface":"asphalt","source":"OpenStreetMap"},"geometry":{"type":"LineString","coordinates":[[121.4647002,25.0114556],[121.4646453,25.0114307],[121.4640749,25.0111716],[121.4638567,25.0110786],[121.4629949,25.0106781],[121.4628837,25.0106381]]}},{"type":"Feature","id":318170905,"properties":{"osm_id":318170905,"name":"中山路一段","name_en":"Section 1, Jhongshan Road","highway":"secondary","lanes":"2","oneway":null,"surface":"asphalt","source":"OpenStreetMap"},"geometry":{"type":"LineString","coordinates":[[121.4647755,25.0114873],[121.4647002,25.0114556]]}},{"type":"Feature","id":415499621,"properties":{"osm_id":415499621,"name":"中山路一段","name_en":"Section 1, Jhongshan Road","highway":"secondary","lanes":"2","oneway":null,"surface":"asphalt","source":"OpenStreetMap"},"geometry":{"type":"LineString","coordinates":[[121.4668046,25.0124374],[121.4667187,25.0123996]]}},{"type":"Feature","id":415499622,"properties":{"osm_id":415499622,"name":"中山路一段","name_en":"Section 1, Jhongshan Road","highway":"secondary","lanes":"2","oneway":null,"surface":"asphalt","source":"OpenStreetMap"},"geometry":{"type":"LineString","coordinates":[[121.4685648,25.013268],[121.4684653,25.0132265],[121.4684326,25.0132112],[121.4676695,25.0128437],[121.467327,25.0126811],[121.4673085,25.0126698],[121.4671833,25.0126085],[121.4669001,25.0124812],[121.4668046,25.0124374]]}},{"type":"Feature","id":222521511,"properties":{"osm_id":222521511,"name":"中山路一段158巷","name_en":null,"highway":"residential","lanes":null,"oneway":null,"surface":"asphalt","source":"OpenStreetMap"},"geometry":{"type":"LineString","coordinates":[[121.4659827,25.0120545],[121.4660392,25.0119701],[121.4666118,25.010894],[121.4670599,25.0110809]]}},{"type":"Feature","id":285365066,"properties":{"osm_id":285365066,"name":"中山路一段216巷","name_en":null,"highway":"residential","lanes":null,"oneway":null,"surface":null,"source":"OpenStreetMap"},"geometry":{"type":"LineString","coordinates":[[121.4701003,25.0139944],[121.4702809,25.013719],[121.4702769,25.0136144],[121.4706655,25.0130108],[121.470699,25.0129889],[121.4707392,25.0129841],[121.470782,25.0129939],[121.471395,25.0133219],[121.4715077,25.013458],[121.4717439,25.0135915]]}},{"type":"Feature","id":111443141,"properties":{"osm_id":111443141,"name":"中山路三段","name_en":"Section 3, Zhongshan Road","highway":"secondary","lanes":null,"oneway":"yes","surface":"asphalt","source":"OpenStreetMap"},"geometry":{"type":"LineString","coordinates":[[121.4799665,25.0060349],[121.4798855,25.0060493],[121.4795934,25.0061013],[121.4794626,25.0061121],[121.4793247,25.0060994],[121.4789906,25.0060017],[121.4785409,25.0058847],[121.4779331,25.0057464],[121.477881,25.0057377],[121.4777764,25.005717],[121.4775525,25.0057049],[121.4773513,25.0057],[121.4771273,25.0057134],[121.4768591,25.0057413],[121.4766378,25.0057668],[121.4762824,25.0058349],[121.4755674,25.0059685]]}},{"type":"Feature","id":126975988,"properties":{"osm_id":126975988,"name":"中山路三段","name_en":"Section 3, Zhongshan Road","highway":"secondary","lanes":"3","oneway":"yes","surface":"asphalt","source":"OpenStreetMap"},"geometry":{"type":"LineString","coordinates":[[121.4718491,25.0064732],[121.4723661,25.0064021],[121.4725405,25.0063772]]}},{"type":"Feature","id":297240237,"properties":{"osm_id":297240237,"name":"中山路三段","name_en":"Section 3, Zhongshan Road","highway":"secondary","lanes":null,"oneway":"yes","surface":"asphalt","source":"OpenStreetMap"},"geometry":{"type":"LineString","coordinates":[[121.4725405,25.0063772],[121.4727879,25.0063444],[121.4734973,25.0062204],[121.4737481,25.0061718],[121.4747671,25.0060281],[121.474817,25.0060211],[121.4755505,25.0058852],[121.4760485,25.005793],[121.476542,25.0057015],[121.4768041,25.0056544],[121.4771213,25.0056119],[121.4771895,25.0056067],[121.4772474,25.0056022],[121.4774794,25.0055997],[121.4776142,25.0056156],[121.4777436,25.0056313],[121.4786042,25.005826],[121.479011,25.005918],[121.47936,25.0060204],[121.4795363,25.0060289],[121.4798686,25.005969],[121.4798888,25.0059631],[121.4799983,25.005933]]}},{"type":"Feature","id":310849374,"properties":{"osm_id":310849374,"name":"中山路三段","name_en":"Section 3, Zhongshan Road","highway":"secondary","lanes":"2","oneway":"yes","surface":"asphalt","source":"OpenStreetMap"},"geometry":{"type":"LineString","coordinates":[[121.4725009,25.0064501],[121.4718424,25.0065425]]}},{"type":"Feature","id":1474693961,"properties":{"osm_id":1474693961,"name":"中山路三段","name_en":"Section 3, Zhongshan Road","highway":"secondary","lanes":null,"oneway":"yes","surface":"asphalt","source":"OpenStreetMap"},"geometry":{"type":"LineString","coordinates":[[121.4755674,25.0059685],[121.4748278,25.0061028],[121.474787,25.0061084],[121.4747537,25.0061129],[121.4745942,25.0061347],[121.4738731,25.0062331],[121.4737544,25.0062497],[121.4728461,25.0064003],[121.4725659,25.0064386],[121.4725009,25.0064501]]}},{"type":"Feature","id":263510751,"properties":{"osm_id":263510751,"name":"中山路三段118巷","name_en":"Lane 118, Zhongshan Rd. Sec. 3","highway":"residential","lanes":null,"oneway":null,"surface":null,"source":"OpenStreetMap"},"geometry":{"type":"LineString","coordinates":[[121.4745788,25.0093593],[121.4746099,25.0092628],[121.4747448,25.0088446],[121.4747969,25.0086476],[121.4748811,25.0082841],[121.4751937,25.0075387],[121.4752166,25.0074213],[121.4752344,25.00733],[121.4753502,25.0071813],[121.4754205,25.0068683],[121.4754927,25.0066332],[121.4756324,25.0062888],[121.4755674,25.0059685]]}},{"type":"Feature","id":1442565187,"properties":{"osm_id":1442565187,"name":"中山路三段179巷","name_en":null,"highway":"residential","lanes":null,"oneway":null,"surface":null,"source":"OpenStreetMap"},"geometry":{"type":"LineString","coordinates":[[121.472803,25.0061457],[121.4727797,25.0062479],[121.4727879,25.0063444],[121.4728461,25.0064003]]}},{"type":"Feature","id":111808393,"properties":{"osm_id":111808393,"name":"中山路三段229巷","name_en":"Lane 229, Section 3, Zhongshan Road","highway":"unclassified","lanes":null,"oneway":null,"surface":"asphalt","source":"OpenStreetMap"},"geometry":{"type":"LineString","coordinates":[[121.4684969,25.0047678],[121.4687131,25.0050014],[121.469091,25.0053898],[121.4693653,25.0056565],[121.4695414,25.0058345],[121.4696207,25.0058952],[121.4697321,25.0059548],[121.4701085,25.0061523],[121.4704872,25.006333],[121.4706519,25.0064172],[121.4710029,25.0066106]]}},{"type":"Feature","id":297240238,"properties":{"osm_id":297240238,"name":"中山路二段","name_en":"Section 2, Zhongshan Road","highway":"secondary","lanes":null,"oneway":null,"surface":"asphalt","source":"OpenStreetMap"},"geometry":{"type":"LineString","coordinates":[[121.4718484,25.014812],[121.4717425,25.0147659]]}},{"type":"Feature","id":299618596,"properties":{"osm_id":299618596,"name":"中山路二段","name_en":"Section 2, Zhongshan Road","highway":"secondary","lanes":null,"oneway":null,"surface":"asphalt","source":"OpenStreetMap"},"geometry":{"type":"LineString","coordinates":[[121.4751358,25.0163862],[121.4741737,25.0159241],[121.4741507,25.015913],[121.4738292,25.01576],[121.4736394,25.0156674],[121.4735134,25.0156068],[121.4733114,25.0155019]]}},{"type":"Feature","id":310849375,"properties":{"osm_id":310849375,"name":"中山路二段","name_en":"Section 2, Zhongshan Road","highway":"secondary","lanes":null,"oneway":null,"surface":"asphalt","source":"OpenStreetMap"},"geometry":{"type":"LineString","coordinates":[[121.4731269,25.0154096],[121.4729378,25.0153191],[121.4725722,25.0151545],[121.472362,25.0150489],[121.4722118,25.0149784],[121.4720174,25.0148837]]}},{"type":"Feature","id":318170907,"properties":{"osm_id":318170907,"name":"中山路二段","name_en":"Section 2, Zhongshan Road","highway":"secondary","lanes":null,"oneway":null,"surface":"asphalt","source":"OpenStreetMap"},"geometry":{"type":"LineString","coordinates":[[121.4720174,25.0148837],[121.4718484,25.014812]]}},{"type":"Feature","id":325052449,"properties":{"osm_id":325052449,"name":"中山路二段","name_en":"Section 2, Zhongshan Road","highway":"secondary","lanes":"4","oneway":"no","surface":"asphalt","source":"OpenStreetMap"},"geometry":{"type":"LineString","coordinates":[[121.4779058,25.0178177],[121.4778029,25.017754],[121.4775065,25.0175698],[121.4772401,25.0174169],[121.4766023,25.017075],[121.4762979,25.0169202],[121.4760695,25.0168069],[121.4757024,25.0166414],[121.4751358,25.0163862]]}},{"type":"Feature","id":414184495,"properties":{"osm_id":414184495,"name":"中山路二段","name_en":"Section 2, Zhongshan Road","highway":"secondary","lanes":null,"oneway":null,"surface":"asphalt","source":"OpenStreetMap"},"geometry":{"type":"LineString","coordinates":[[121.4733114,25.0155019],[121.4731269,25.0154096]]}},{"type":"Feature","id":360706187,"properties":{"osm_id":360706187,"name":"中山路二段90巷","name_en":null,"highway":"residential","lanes":null,"oneway":null,"surface":null,"source":"OpenStreetMap"},"geometry":{"type":"LineString","coordinates":[[121.4765543,25.014399],[121.4764458,25.0145491],[121.4762591,25.0148073],[121.4761353,25.0149785],[121.476045,25.0151037],[121.4758895,25.0153192],[121.4758508,25.0153728],[121.4756403,25.0156644],[121.4754335,25.0159509],[121.4751358,25.0163862]]}},{"type":"Feature","id":127030480,"properties":{"osm_id":127030480,"name":"中正路","name_en":"Zhongzheng Road","highway":"residential","lanes":null,"oneway":"no","surface":"asphalt","source":"OpenStreetMap"},"geometry":{"type":"LineString","coordinates":[[121.4561194,25.0119874],[121.4561676,25.012387],[121.4561949,25.012627],[121.4563027,25.013274],[121.4563489,25.0136084],[121.4564477,25.0143936],[121.4564994,25.0147473],[121.4566052,25.0154732],[121.4566415,25.0157322],[121.456684,25.0160897],[121.4567358,25.0164718]]}},{"type":"Feature","id":251873321,"properties":{"osm_id":251873321,"name":"中正路","name_en":"Zhongzheng Road","highway":"secondary","lanes":null,"oneway":"yes","surface":"asphalt","source":"OpenStreetMap"},"geometry":{"type":"LineString","coordinates":[[121.4561126,25.0289012],[121.456062,25.0288219],[121.4556142,25.0281153],[121.4552935,25.0275618],[121.4549,25.0269677],[121.454685,25.0266513],[121.4545352,25.0263952],[121.4544967,25.0262432],[121.4544566,25.0256001],[121.454438,25.025515]]}},{"type":"Feature","id":329664610,"properties":{"osm_id":329664610,"name":"中正路","name_en":"Zhongzheng Road","highway":"secondary","lanes":null,"oneway":null,"surface":"asphalt","source":"OpenStreetMap"},"geometry":{"type":"LineString","coordinates":[[121.4542934,25.0226293],[121.4542732,25.0222805],[121.4542679,25.0220873],[121.4542786,25.0219342],[121.4543068,25.0217495],[121.4543765,25.0215125],[121.4544704,25.0213059],[121.4545522,25.0211333],[121.4546568,25.0209],[121.4548465,25.0204728],[121.4549746,25.0202037],[121.4550162,25.020115],[121.4551941,25.0197571],[121.4552361,25.0196732],[121.4553343,25.0194613],[121.4553593,25.0193955],[121.4554189,25.0192798],[121.4554448,25.0192216],[121.4555895,25.0189327],[121.4556752,25.0187407],[121.4558305,25.0183918],[121.4558605,25.01833],[121.4559607,25.0181118],[121.4560801,25.0178462],[121.4562428,25.01749],[121.4563844,25.0171942],[121.4564958,25.0169651],[121.4566005,25.0167463],[121.4566436,25.0166764],[121.4567358,25.0164718]]}},{"type":"Feature","id":329664611,"properties":{"osm_id":329664611,"name":"中正路","name_en":"Zhongzheng Road","highway":"secondary","lanes":null,"oneway":"yes","surface":"asphalt","source":"OpenStreetMap"},"geometry":{"type":"LineString","coordinates":[[121.4544262,25.0250732],[121.4544683,25.0251695],[121.4545061,25.0254196],[121.4545454,25.0255143],[121.4545777,25.0255887],[121.454611,25.0262136],[121.4546429,25.0263522],[121.4547476,25.0265478],[121.4547892,25.0265975]]}},{"type":"Feature","id":414194141,"properties":{"osm_id":414194141,"name":"中正路","name_en":"Zhongzheng Road","highway":"secondary","lanes":null,"oneway":null,"surface":"asphalt","source":"OpenStreetMap"},"geometry":{"type":"LineString","coordinates":[[121.4543772,25.0243671],[121.4543507,25.0239561],[121.4543402,25.0238169],[121.454334,25.0237204],[121.4543041,25.0234411],[121.4542974,25.0230242],[121.4542934,25.0227946],[121.4542934,25.0226293]]}},{"type":"Feature","id":1019368448,"properties":{"osm_id":1019368448,"name":"中正路","name_en":"Zhongzheng Road","highway":"secondary","lanes":null,"oneway":null,"surface":"asphalt","source":"OpenStreetMap"},"geometry":{"type":"LineString","coordinates":[[121.4543772,25.0243671],[121.4544262,25.0250732]]}},{"type":"Feature","id":1090890395,"properties":{"osm_id":1090890395,"name":"中正路","name_en":"Zhongzheng Road","highway":"secondary","lanes":null,"oneway":"yes","surface":"asphalt","source":"OpenStreetMap"},"geometry":{"type":"LineString","coordinates":[[121.454438,25.025515],[121.4544223,25.0254041],[121.454403,25.025213],[121.4544262,25.0250732]]}},{"type":"Feature","id":259193946,"properties":{"osm_id":259193946,"name":"中正路183巷","name_en":"Lane 183, Zhongzheng Road","highway":"residential","lanes":null,"oneway":"yes","surface":"asphalt","source":"OpenStreetMap"},"geometry":{"type":"LineString","coordinates":[[121.4566005,25.0167463],[121.4561941,25.0164939]]}},{"type":"Feature","id":1442303718,"properties":{"osm_id":1442303718,"name":"中正路183巷","name_en":"Lane 183, Zhongzheng Road","highway":"residential","lanes":null,"oneway":"yes","surface":"asphalt","source":"OpenStreetMap"},"geometry":{"type":"LineString","coordinates":[[121.4561941,25.0164939],[121.4566436,25.0166764]]}},{"type":"Feature","id":1442303719,"properties":{"osm_id":1442303719,"name":"中正路183巷","name_en":"Lane 183, Zhongzheng Road","highway":"residential","lanes":null,"oneway":"no","surface":"asphalt","source":"OpenStreetMap"},"geometry":{"type":"LineString","coordinates":[[121.4559098,25.0163966],[121.4560316,25.0164279],[121.4561941,25.0164939]]}},{"type":"Feature","id":360245161,"properties":{"osm_id":360245161,"name":"中正路275巷3弄","name_en":null,"highway":"residential","lanes":null,"oneway":null,"surface":null,"source":"OpenStreetMap"},"geometry":{"type":"LineString","coordinates":[[121.4546832,25.0179264],[121.4544369,25.0184861]]}},{"type":"Feature","id":402142410,"properties":{"osm_id":402142410,"name":"中正路372巷","name_en":"Lane 372, Zhongzheng Road","highway":"unclassified","lanes":null,"oneway":null,"surface":"asphalt","source":"OpenStreetMap"},"geometry":{"type":"LineString","coordinates":[[121.4567424,25.0228089],[121.456711,25.0228249],[121.4558818,25.0233517],[121.4549666,25.0240799],[121.4546548,25.0243126],[121.4545576,25.0243637],[121.4543772,25.0243671]]}},{"type":"Feature","id":587411614,"properties":{"osm_id":587411614,"name":"中正路379巷","name_en":null,"highway":"residential","lanes":null,"oneway":null,"surface":null,"source":"OpenStreetMap"},"geometry":{"type":"LineString","coordinates":[[121.4517942,25.02273],[121.4525971,25.0239738],[121.4526367,25.024]]}},{"type":"Feature","id":314057316,"properties":{"osm_id":314057316,"name":"中正路379巷1弄","name_en":null,"highway":"residential","lanes":null,"oneway":null,"surface":null,"source":"OpenStreetMap"},"geometry":{"type":"LineString","coordinates":[[121.4523656,25.0214222],[121.4527476,25.0212428],[121.452854,25.0212119],[121.4529569,25.0212056],[121.4530748,25.0212175],[121.4532714,25.0212719],[121.4535365,25.0213405],[121.4537557,25.0213972],[121.4541721,25.021505],[121.4543765,25.0215125]]}},{"type":"Feature","id":356619795,"properties":{"osm_id":356619795,"name":"中正路433巷","name_en":null,"highway":"residential","lanes":null,"oneway":null,"surface":null,"source":"OpenStreetMap"},"geometry":{"type":"LineString","coordinates":[[121.4526367,25.024],[121.452725,25.0239597],[121.4530935,25.0237496],[121.4542974,25.0230242]]}},{"type":"Feature","id":360246937,"properties":{"osm_id":360246937,"name":"中正路80巷","name_en":null,"highway":"residential","lanes":null,"oneway":null,"surface":null,"source":"OpenStreetMap"},"geometry":{"type":"LineString","coordinates":[[121.4564994,25.0147473],[121.4569126,25.014613],[121.4571013,25.0145341],[121.4574366,25.0146347],[121.4576512,25.014707],[121.4580477,25.0149495]]}},{"type":"Feature","id":316978083,"properties":{"osm_id":316978083,"name":"中興路","name_en":null,"highway":"residential","lanes":null,"oneway":null,"surface":null,"source":"OpenStreetMap"},"geometry":{"type":"LineString","coordinates":[[121.4560324,25.0080737],[121.4559053,25.0079018],[121.4556979,25.0077072],[121.4558089,25.0076067]]}},{"type":"Feature","id":316978097,"properties":{"osm_id":316978097,"name":"中興路","name_en":null,"highway":"residential","lanes":null,"oneway":null,"surface":null,"source":"OpenStreetMap"},"geometry":{"type":"LineString","coordinates":[[121.4556979,25.0077072],[121.4555087,25.0078622],[121.4552771,25.0076333],[121.455118,25.0074793],[121.4550491,25.0074079],[121.4546214,25.0069868]]}},{"type":"Feature","id":316978103,"properties":{"osm_id":316978103,"name":"中興路","name_en":null,"highway":"residential","lanes":null,"oneway":null,"surface":null,"source":"OpenStreetMap"},"geometry":{"type":"LineString","coordinates":[[121.4558089,25.0076067],[121.4555845,25.0073818],[121.4553595,25.0071563],[121.4548464,25.0066421]]}},{"type":"Feature","id":316978106,"properties":{"osm_id":316978106,"name":"中興路","name_en":null,"highway":"residential","lanes":null,"oneway":null,"surface":null,"source":"OpenStreetMap"},"geometry":{"type":"LineString","coordinates":[[121.4548464,25.0066421],[121.454332,25.006329]]}},{"type":"Feature","id":127657868,"properties":{"osm_id":127657868,"name":"互助街","name_en":"Huzhu Street","highway":"residential","lanes":null,"oneway":null,"surface":null,"source":"OpenStreetMap"},"geometry":{"type":"LineString","coordinates":[[121.4635623,25.0279294],[121.4633456,25.0278123],[121.4628168,25.0275396],[121.4624726,25.0273538],[121.4616422,25.0269056],[121.4612538,25.026709],[121.4608699,25.0265147],[121.4603384,25.0262458],[121.4600677,25.0261088],[121.4593098,25.0257287]]}},{"type":"Feature","id":127158187,"properties":{"osm_id":127158187,"name":"仁愛路","name_en":"Ren’ai Road","highway":"residential","lanes":null,"oneway":null,"surface":null,"source":"OpenStreetMap"},"geometry":{"type":"LineString","coordinates":[[121.4582101,24.9996611],[121.4585678,24.9995053],[121.4587958,24.9994555],[121.4589698,24.9994284],[121.4591537,24.9994216],[121.4595849,24.9993904],[121.4598222,24.9994301],[121.4600592,24.9994811],[121.4604968,24.9995752],[121.4609212,24.9996668],[121.4613417,24.9997508]]}},{"type":"Feature","id":126591284,"properties":{"osm_id":126591284,"name":"仁愛路62巷","name_en":"Lane 62, Ren’ai Road","highway":"residential","lanes":null,"oneway":null,"surface":null,"source":"OpenStreetMap"},"geometry":{"type":"LineString","coordinates":[[121.4596048,24.996617],[121.46027,24.9967738],[121.4603438,24.9968163],[121.4603274,24.9970365],[121.460277,24.997321],[121.4601949,24.9975797],[121.4601185,24.9978678],[121.4600796,24.9979614],[121.4600407,24.9981631],[121.4599509,24.9985059],[121.4599321,24.9986846],[121.459899,24.9990078],[121.4598943,24.9990335],[121.4598488,24.9992836],[121.4598222,24.9994301]]}},{"type":"Feature","id":127293838,"properties":{"osm_id":127293838,"name":"仁愛路62巷15弄","name_en":"Alley 15, Lane 62, Ren’ai Road","highway":"residential","lanes":null,"oneway":null,"surface":null,"source":"OpenStreetMap"},"geometry":{"type":"LineString","coordinates":[[121.4610958,24.998677],[121.4608364,24.9986374],[121.4606557,24.9986099],[121.4599509,24.9985059]]}},{"type":"Feature","id":129221801,"properties":{"osm_id":129221801,"name":"介壽街","name_en":"Jieshou Street","highway":"residential","lanes":null,"oneway":null,"surface":null,"source":"OpenStreetMap"},"geometry":{"type":"LineString","coordinates":[[121.4666059,25.0205286],[121.4666837,25.0204885],[121.4668945,25.0203673],[121.4673304,25.0202718],[121.46777,25.0201426],[121.4677907,25.020164],[121.467916,25.0201549],[121.4682266,25.0199547],[121.4686035,25.0198082],[121.4693881,25.019489]]}},{"type":"Feature","id":447729229,"properties":{"osm_id":447729229,"name":"介壽街","name_en":"Jieshou Street","highway":"residential","lanes":null,"oneway":null,"surface":null,"source":"OpenStreetMap"},"geometry":{"type":"LineString","coordinates":[[121.4697874,25.0177894],[121.4698694,25.0176911]]}},{"type":"Feature","id":447729230,"properties":{"osm_id":447729230,"name":"介壽街","name_en":"Jieshou Street","highway":"residential","lanes":null,"oneway":null,"surface":null,"source":"OpenStreetMap"},"geometry":{"type":"LineString","coordinates":[[121.4693881,25.019489],[121.4694219,25.0191961]]}},{"type":"Feature","id":447729231,"properties":{"osm_id":447729231,"name":"介壽街","name_en":"Jieshou Street","highway":"residential","lanes":null,"oneway":null,"surface":null,"source":"OpenStreetMap"},"geometry":{"type":"LineString","coordinates":[[121.4703455,25.0183942],[121.4697874,25.0177894]]}},{"type":"Feature","id":447729232,"properties":{"osm_id":447729232,"name":"介壽街","name_en":"Jieshou Street","highway":"residential","lanes":null,"oneway":null,"surface":null,"source":"OpenStreetMap"},"geometry":{"type":"LineString","coordinates":[[121.4694219,25.0191961],[121.4700139,25.0186441],[121.4703455,25.0183942]]}},{"type":"Feature","id":273640673,"properties":{"osm_id":273640673,"name":"倉後街","name_en":"Canghou Street","highway":"residential","lanes":null,"oneway":"no","surface":"paved","source":"OpenStreetMap"},"geometry":{"type":"LineString","coordinates":[[121.4555162,25.0094892],[121.455604,25.0090996],[121.4557053,25.0086804],[121.4557166,25.0083891],[121.4556452,25.0082431]]}},{"type":"Feature","id":273644765,"properties":{"osm_id":273644765,"name":"倉後街","name_en":"Canghou Street","highway":"residential","lanes":null,"oneway":null,"surface":null,"source":"OpenStreetMap"},"geometry":{"type":"LineString","coordinates":[[121.4554194,25.0098812],[121.4555162,25.0094892]]}},{"type":"Feature","id":364219974,"properties":{"osm_id":364219974,"name":"僑中一街","name_en":"Qiaozhong 1st Street","highway":"residential","lanes":null,"oneway":null,"surface":null,"source":"OpenStreetMap"},"geometry":{"type":"LineString","coordinates":[[121.4497598,25.0110548],[121.4494526,25.0111209],[121.4490069,25.0112096],[121.448631,25.0112884],[121.4483152,25.0113546],[121.4476449,25.0115086],[121.4475097,25.0115775]]}},{"type":"Feature","id":369709778,"properties":{"osm_id":369709778,"name":"僑中一街","name_en":"Qiaozhong 1st Street","highway":"residential","lanes":null,"oneway":null,"surface":null,"source":"OpenStreetMap"},"geometry":{"type":"LineString","coordinates":[[121.4475097,25.0115775],[121.4473361,25.0116325],[121.4471136,25.0116714],[121.4466666,25.0117287],[121.4458361,25.0118351],[121.4449195,25.011926],[121.444842,25.0119328]]}},{"type":"Feature","id":216574038,"properties":{"osm_id":216574038,"name":"僑中一街 125 巷","name_en":"Lane 125, Qiaozhong 1st Street","highway":"unclassified","lanes":null,"oneway":null,"surface":null,"source":"OpenStreetMap"},"geometry":{"type":"LineString","coordinates":[[121.4458361,25.0118351],[121.4456972,25.0116672],[121.4455177,25.0114408],[121.4454951,25.0114094],[121.4454704,25.0113751],[121.4453576,25.0112183],[121.4453215,25.0111683],[121.4452395,25.0110543],[121.4451209,25.0108895],[121.4449096,25.0105609],[121.4447057,25.0102415],[121.444378,25.0098093],[121.4443114,25.0097215]]}},{"type":"Feature","id":111449686,"properties":{"osm_id":111449686,"name":"僑中一街124巷","name_en":"Lane 124, Qiaozhong 1st Street","highway":"residential","lanes":null,"oneway":null,"surface":null,"source":"OpenStreetMap"},"geometry":{"type":"LineString","coordinates":[[121.4468549,25.0187797],[121.4467694,25.0179344],[121.4467443,25.0175721],[121.44672,25.0172213],[121.4467061,25.0168935],[121.4466924,25.0165682],[121.4466887,25.0164807],[121.4466793,25.0162579],[121.4466557,25.0160393],[121.4466407,25.0158996],[121.4466195,25.0157103],[121.4464664,25.0154195],[121.4464034,25.0151945],[121.4464079,25.0148678],[121.4464008,25.0146854],[121.4462418,25.0143266],[121.4461478,25.0140598],[121.4461267,25.0139703],[121.4461073,25.0137802],[121.4460715,25.0134834],[121.4460506,25.0131726],[121.4460017,25.0129727],[121.4459718,25.0127289],[121.4459515,25.0124369],[121.445949,25.0124031],[121.4459062,25.0121271],[121.4458843,25.0119997],[121.4458612,25.0118654],[121.4458361,25.0118351]]}},{"type":"Feature","id":273643569,"properties":{"osm_id":273643569,"name":"僑中一街125巷","name_en":null,"highway":"residential","lanes":null,"oneway":"no","surface":null,"source":"OpenStreetMap"},"geometry":{"type":"LineString","coordinates":[[121.4451209,25.0108895],[121.444621,25.0109216],[121.4446024,25.0107649]]}},{"type":"Feature","id":216714213,"properties":{"osm_id":216714213,"name":"僑中一街80巷","name_en":"Lane 80, Qiaozhong 1st Street","highway":"unclassified","lanes":null,"oneway":null,"surface":null,"source":"OpenStreetMap"},"geometry":{"type":"LineString","coordinates":[[121.4479663,25.0127624],[121.4478539,25.0124603],[121.44773,25.0121847],[121.447663,25.0119984],[121.4476339,25.0119174],[121.4475097,25.0115775]]}},{"type":"Feature","id":216702006,"properties":{"osm_id":216702006,"name":"僑中三街","name_en":"Qiaozhong 3rd Street","highway":"residential","lanes":null,"oneway":null,"surface":null,"source":"OpenStreetMap"},"geometry":{"type":"LineString","coordinates":[[121.4451372,25.0048762],[121.4459322,25.0047274],[121.446945,25.004519]]}},{"type":"Feature","id":216714216,"properties":{"osm_id":216714216,"name":"僑中二街","name_en":"Qiaozhong 2nd Street","highway":"unclassified","lanes":null,"oneway":null,"surface":null,"source":"OpenStreetMap"},"geometry":{"type":"LineString","coordinates":[[121.4475097,25.0115775],[121.4472353,25.0112144],[121.4470584,25.0109731],[121.4469672,25.0108457],[121.4468687,25.0106855],[121.4467572,25.0105041],[121.4467393,25.0104683],[121.4466436,25.0100609],[121.4464648,25.0094156],[121.4463923,25.0091689],[121.4463064,25.0089016],[121.4462313,25.0087388],[121.446171,25.0085507],[121.4461381,25.0084481],[121.4460421,25.0082193],[121.4459321,25.0078937],[121.4458918,25.0077127],[121.4458527,25.007573],[121.4457995,25.0073143],[121.4457517,25.0070857],[121.4457237,25.0069541],[121.4456814,25.0067323],[121.4456278,25.006415],[121.4455675,25.0061172],[121.4455003,25.00582],[121.4454121,25.0054103],[121.4453676,25.0052035],[121.445309,25.0051113],[121.4452587,25.0050798],[121.4452289,25.0050611],[121.4451372,25.0048762],[121.4450779,25.0047566],[121.4449766,25.0044935],[121.4449041,25.0042891]]}},{"type":"Feature","id":273641964,"properties":{"osm_id":273641964,"name":"僑中二街48巷","name_en":null,"highway":"residential","lanes":null,"oneway":"yes","surface":null,"source":"OpenStreetMap"},"geometry":{"type":"LineString","coordinates":[[121.4449096,25.0105609],[121.4461555,25.0104126],[121.4463043,25.0104845],[121.4463124,25.0105431],[121.4466668,25.0105094],[121.4467572,25.0105041]]}},{"type":"Feature","id":127655568,"properties":{"osm_id":127655568,"name":"光明街","name_en":"Guangming Street","highway":"residential","lanes":null,"oneway":"yes","surface":null,"source":"OpenStreetMap"},"geometry":{"type":"LineString","coordinates":[[121.4625758,25.0029191],[121.4623956,25.0028901],[121.4623158,25.0028774],[121.4611311,25.0026881],[121.4608605,25.0026355],[121.4605196,25.0025693],[121.4600048,25.0024852],[121.4597937,25.0024753],[121.4597087,25.0024867]]}},{"type":"Feature","id":132215815,"properties":{"osm_id":132215815,"name":"光明街","name_en":"Guangming Street","highway":"residential","lanes":null,"oneway":null,"surface":"asphalt","source":"OpenStreetMap"},"geometry":{"type":"LineString","coordinates":[[121.4625758,25.0029191],[121.4630799,25.0030009],[121.4638919,25.0031321],[121.4644157,25.0032144]]}},{"type":"Feature","id":366059295,"properties":{"osm_id":366059295,"name":"光明街","name_en":null,"highway":"unclassified","lanes":null,"oneway":"yes","surface":"asphalt","source":"OpenStreetMap"},"geometry":{"type":"LineString","coordinates":[[121.4651387,25.0026392],[121.4650975,25.0026563],[121.4649703,25.0027091],[121.4647401,25.0028046],[121.4644731,25.0029168],[121.4638919,25.0031321]]}},{"type":"Feature","id":228864122,"properties":{"osm_id":228864122,"name":"光正街","name_en":null,"highway":"residential","lanes":null,"oneway":null,"surface":"asphalt","source":"OpenStreetMap"},"geometry":{"type":"LineString","coordinates":[[121.4634165,25.0168217],[121.4629572,25.0171196],[121.4626568,25.0171928],[121.462456,25.0172241],[121.4620828,25.0172462],[121.4618105,25.0172699],[121.4617549,25.0174794],[121.4617213,25.017645],[121.4616923,25.0178828],[121.4616714,25.0181957],[121.4616339,25.0185291]]}},{"type":"Feature","id":41119313,"properties":{"osm_id":41119313,"name":"光武街","name_en":"Guangwu Street","highway":"residential","lanes":null,"oneway":null,"surface":null,"source":"OpenStreetMap"},"geometry":{"type":"LineString","coordinates":[[121.4687927,25.0245309],[121.4686986,25.0245726],[121.468239,25.0247773],[121.4680061,25.0248898],[121.4679273,25.0249585],[121.4676107,25.0255791],[121.4675936,25.0256154],[121.4674248,25.0259413],[121.4672879,25.026209],[121.4671369,25.0265043],[121.4669372,25.0268762],[121.4664011,25.0279174],[121.4662236,25.0282676],[121.4660945,25.0285132],[121.4660498,25.0285991],[121.4659661,25.0287656],[121.4657154,25.0292765],[121.465637,25.0294376],[121.4653842,25.029932],[121.4650772,25.0305324],[121.4649175,25.0308213],[121.4646543,25.0313874]]}},{"type":"Feature","id":41119315,"properties":{"osm_id":41119315,"name":"光武街2巷","name_en":null,"highway":"residential","lanes":null,"oneway":null,"surface":null,"source":"OpenStreetMap"},"geometry":{"type":"LineString","coordinates":[[121.4691349,25.0262486],[121.4689193,25.0258932],[121.4686675,25.0254802],[121.468239,25.0247773]]}},{"type":"Feature","id":41119324,"properties":{"osm_id":41119324,"name":"光武街36巷","name_en":null,"highway":"residential","lanes":null,"oneway":null,"surface":null,"source":"OpenStreetMap"},"geometry":{"type":"LineString","coordinates":[[121.4688545,25.026614],[121.4686186,25.026503],[121.468131,25.0262731],[121.4674248,25.0259413]]}},{"type":"Feature","id":214573807,"properties":{"osm_id":214573807,"name":"光武街4巷","name_en":null,"highway":"residential","lanes":null,"oneway":null,"surface":null,"source":"OpenStreetMap"},"geometry":{"type":"LineString","coordinates":[[121.468131,25.0262731],[121.4682565,25.0260691],[121.4682608,25.0259741],[121.4682419,25.025517],[121.4682247,25.0252121],[121.4681596,25.0250954],[121.4680061,25.0248898]]}},{"type":"Feature","id":259192884,"properties":{"osm_id":259192884,"name":"光華街","name_en":null,"highway":"residential","lanes":null,"oneway":null,"surface":"asphalt","source":"OpenStreetMap"},"geometry":{"type":"LineString","coordinates":[[121.4542736,25.0111341],[121.4542248,25.0112878],[121.4541598,25.0115635],[121.4540784,25.0118534],[121.4539871,25.0121603],[121.4539008,25.0124315],[121.4537682,25.0128705],[121.4536592,25.0131631]]}},{"type":"Feature","id":128795573,"properties":{"osm_id":128795573,"name":"公園街","name_en":"Gongyuan Street","highway":"residential","lanes":null,"oneway":"yes","surface":"asphalt","source":"OpenStreetMap"},"geometry":{"type":"LineString","coordinates":[[121.4632457,25.0093859],[121.4630966,25.0092711],[121.4630423,25.0091917],[121.462874,25.0089583],[121.4625254,25.0084689],[121.4621407,25.0079579],[121.4618792,25.0075865],[121.4617158,25.0074287]]}},{"type":"Feature","id":41119238,"properties":{"osm_id":41119238,"name":"公館街","name_en":null,"highway":"residential","lanes":null,"oneway":null,"surface":"asphalt","source":"OpenStreetMap"},"geometry":{"type":"LineString","coordinates":[[121.4613436,25.01849],[121.4612997,25.0185571],[121.4611291,25.0186777],[121.4609925,25.0187909],[121.4609563,25.0188954],[121.4609483,25.0189902],[121.4609797,25.0192288],[121.4609273,25.0193557],[121.4607766,25.0195826],[121.4607284,25.0197058],[121.4606624,25.0199132],[121.4606025,25.0200273],[121.4605237,25.0201524],[121.4604343,25.0202132],[121.4601793,25.0204283],[121.4600626,25.0206872],[121.4600652,25.0209541],[121.4600038,25.021094],[121.4599697,25.0211619],[121.4599398,25.0212214],[121.4599207,25.0213108]]}},{"type":"Feature","id":41119239,"properties":{"osm_id":41119239,"name":"公館街","name_en":"Gongguan Street","highway":"residential","lanes":null,"oneway":null,"surface":null,"source":"OpenStreetMap"},"geometry":{"type":"LineString","coordinates":[[121.4599207,25.0213108],[121.4593733,25.02131],[121.4591873,25.0213672],[121.4582959,25.0220546],[121.4581784,25.0221289]]}},{"type":"Feature","id":127030478,"properties":{"osm_id":127030478,"name":"公館街","name_en":"Gongguan Street","highway":"residential","lanes":null,"oneway":null,"surface":"asphalt","source":"OpenStreetMap"},"geometry":{"type":"LineString","coordinates":[[121.4586846,25.0133236],[121.4583871,25.0131635],[121.458347,25.0131416],[121.4579617,25.0129312],[121.456617,25.0122408],[121.4563034,25.0120798],[121.4561194,25.0119874]]}},{"type":"Feature","id":228864088,"properties":{"osm_id":228864088,"name":"公館街","name_en":null,"highway":"residential","lanes":null,"oneway":null,"surface":"asphalt","source":"OpenStreetMap"},"geometry":{"type":"LineString","coordinates":[[121.4592785,25.0134905],[121.4594497,25.0135956],[121.4596081,25.0136525],[121.4597664,25.0137198],[121.4598664,25.0137758],[121.4600438,25.013899],[121.4602745,25.0141177],[121.4603185,25.0141593],[121.4603536,25.0142075],[121.4604048,25.0142594],[121.4604156,25.0142703],[121.4604504,25.0143056],[121.4606721,25.0145559],[121.4606919,25.0145783],[121.4608388,25.0148736],[121.4609389,25.0151475],[121.4609792,25.0152141],[121.461082,25.0152919],[121.4612848,25.0153579],[121.4613726,25.0154166],[121.461426,25.015554],[121.4614465,25.0156519],[121.4614296,25.015738],[121.461383,25.0157775],[121.4613394,25.0158389],[121.4613073,25.0158984],[121.4612974,25.0159529],[121.4612967,25.0160089],[121.4613401,25.0161654],[121.4613502,25.0162301],[121.4613581,25.0163296],[121.4613589,25.0163796],[121.461352,25.0164264],[121.4612878,25.016647],[121.4612771,25.0166671],[121.4612607,25.0166847],[121.4612368,25.0166944],[121.4611363,25.0167351],[121.4610424,25.0167649],[121.4609307,25.0167958],[121.4608908,25.0168153],[121.460862,25.0168366],[121.4608264,25.0168855],[121.4608424,25.0169605],[121.4608848,25.0170767],[121.4609252,25.0171672],[121.4609618,25.0172315],[121.4609948,25.0173396],[121.4609016,25.0174622],[121.4608818,25.0174882],[121.4608251,25.0176257],[121.4610052,25.0179261],[121.4610965,25.0180571],[121.4613436,25.01849]]}},{"type":"Feature","id":281749455,"properties":{"osm_id":281749455,"name":"前庭","name_en":null,"highway":"pedestrian","lanes":null,"oneway":null,"surface":null,"source":"OpenStreetMap"},"geometry":{"type":"LineString","coordinates":[[121.4741433,25.0182052],[121.4744393,25.0182596],[121.4744447,25.0183253],[121.4745225,25.0183415],[121.4745398,25.0182733],[121.4747773,25.0183228],[121.4748282,25.0182596],[121.4748148,25.0181891],[121.4747773,25.0181794],[121.4747344,25.0182256],[121.4744956,25.0181819],[121.4744554,25.018194],[121.4743219,25.0181694],[121.4743297,25.0181347],[121.4741658,25.0181045],[121.474151,25.0181709],[121.4741433,25.0182052]]}},{"type":"Feature","id":127030476,"properties":{"osm_id":127030476,"name":"北門街","name_en":null,"highway":"residential","lanes":"2","oneway":"yes","surface":"asphalt","source":"OpenStreetMap"},"geometry":{"type":"LineString","coordinates":[[121.4560805,25.0116657],[121.4561194,25.0119874]]}},{"type":"Feature","id":127030482,"properties":{"osm_id":127030482,"name":"北門街","name_en":"Beimen Street","highway":"residential","lanes":"2","oneway":null,"surface":"asphalt","source":"OpenStreetMap"},"geometry":{"type":"LineString","coordinates":[[121.4578952,25.0103125],[121.4578297,25.010357],[121.4577024,25.0104516],[121.4576493,25.010491],[121.4572994,25.0107511],[121.4570247,25.0109572],[121.4566162,25.0112704],[121.4565429,25.0113245],[121.4560805,25.0116657]]}},{"type":"Feature","id":128995034,"properties":{"osm_id":128995034,"name":"區運路","name_en":"Quyun Road","highway":"tertiary","lanes":"3","oneway":null,"surface":"asphalt","source":"OpenStreetMap"},"geometry":{"type":"LineString","coordinates":[[121.4649709,25.0088465],[121.46522,25.0094193],[121.4653809,25.0097912],[121.4655621,25.0099516]]}},{"type":"Feature","id":310261316,"properties":{"osm_id":310261316,"name":"區運路","name_en":"Quyun Road","highway":"tertiary","lanes":null,"oneway":null,"surface":"asphalt","source":"OpenStreetMap"},"geometry":{"type":"LineString","coordinates":[[121.4656414,25.0099815],[121.4655621,25.0099516]]}},{"type":"Feature","id":310261320,"properties":{"osm_id":310261320,"name":"區運路","name_en":"Quyun Road","highway":"tertiary","lanes":"4","oneway":null,"surface":"asphalt","source":"OpenStreetMap"},"geometry":{"type":"LineString","coordinates":[[121.4695231,25.0118568],[121.4693313,25.0117701],[121.4682889,25.0112606],[121.4677746,25.0110146],[121.4676605,25.010957],[121.4675905,25.0109161],[121.4672523,25.0107598],[121.4667627,25.0105232],[121.4663864,25.0103324],[121.465839,25.010077],[121.4657095,25.0100144],[121.4656414,25.0099815]]}},{"type":"Feature","id":971639507,"properties":{"osm_id":971639507,"name":"區運路","name_en":"Quyun Road","highway":"tertiary","lanes":"4","oneway":null,"surface":"asphalt","source":"OpenStreetMap"},"geometry":{"type":"LineString","coordinates":[[121.4695944,25.0118976],[121.4695231,25.0118568]]}},{"type":"Feature","id":1432499219,"properties":{"osm_id":1432499219,"name":"區運路","name_en":"Quyun Road","highway":"tertiary","lanes":"3","oneway":null,"surface":"asphalt","source":"OpenStreetMap"},"geometry":{"type":"LineString","coordinates":[[121.464935,25.0087638],[121.4649709,25.0088465]]}},{"type":"Feature","id":111447451,"properties":{"osm_id":111447451,"name":"南興橋","name_en":null,"highway":"secondary","lanes":null,"oneway":null,"surface":"asphalt","source":"OpenStreetMap"},"geometry":{"type":"LineString","coordinates":[[121.4523568,25.0085868],[121.4516398,25.0085705],[121.450781,25.0085248]]}},{"type":"Feature","id":273640178,"properties":{"osm_id":273640178,"name":"南興路","name_en":null,"highway":"residential","lanes":null,"oneway":"yes","surface":"paved","source":"OpenStreetMap"},"geometry":{"type":"LineString","coordinates":[[121.4552267,25.00817],[121.4552157,25.0081349],[121.4551462,25.0080334],[121.4550458,25.0079354],[121.4549454,25.0078357],[121.4548546,25.0077464],[121.4548247,25.00772],[121.4547349,25.0076397],[121.454426,25.007358],[121.4543054,25.0072597]]}},{"type":"Feature","id":1487222147,"properties":{"osm_id":1487222147,"name":"南興路","name_en":null,"highway":"residential","lanes":null,"oneway":"yes","surface":"paved","source":"OpenStreetMap"},"geometry":{"type":"LineString","coordinates":[[121.4552979,25.0083708],[121.4552601,25.0082766],[121.4552267,25.00817]]}},{"type":"Feature","id":126975990,"properties":{"osm_id":126975990,"name":"南門街","name_en":"Nanmen Street","highway":"tertiary","lanes":null,"oneway":null,"surface":null,"source":"OpenStreetMap"},"geometry":{"type":"LineString","coordinates":[[121.457809,25.009513],[121.4576844,25.0093998],[121.4573359,25.0087587],[121.4568419,25.0079024],[121.4566965,25.0076182]]}},{"type":"Feature","id":126975989,"properties":{"osm_id":126975989,"name":"南雅南路一段","name_en":null,"highway":"tertiary","lanes":null,"oneway":null,"surface":null,"source":"OpenStreetMap"},"geometry":{"type":"LineString","coordinates":[[121.4565312,25.0073183],[121.4564237,25.0071237],[121.4560718,25.0064378],[121.4556476,25.0056832],[121.4556289,25.00565]]}},{"type":"Feature","id":235626231,"properties":{"osm_id":235626231,"name":"南雅南路一段","name_en":null,"highway":"tertiary","lanes":null,"oneway":null,"surface":null,"source":"OpenStreetMap"},"geometry":{"type":"LineString","coordinates":[[121.4556289,25.00565],[121.4555851,25.0055655],[121.455498,25.0053972],[121.4554792,25.0053609],[121.4552371,25.0048935],[121.4550804,25.0045909],[121.455054,25.0045434],[121.4550272,25.0044966],[121.4548808,25.004185],[121.454826,25.00408]]}},{"type":"Feature","id":343494470,"properties":{"osm_id":343494470,"name":"南雅南路一段","name_en":null,"highway":"tertiary","lanes":null,"oneway":null,"surface":null,"source":"OpenStreetMap"},"geometry":{"type":"LineString","coordinates":[[121.454826,25.00408],[121.4547918,25.0039893]]}},{"type":"Feature","id":1487222143,"properties":{"osm_id":1487222143,"name":"南雅南路一段","name_en":null,"highway":"tertiary","lanes":null,"oneway":null,"surface":null,"source":"OpenStreetMap"},"geometry":{"type":"LineString","coordinates":[[121.4566965,25.0076182],[121.4565646,25.0073788]]}},{"type":"Feature","id":1487222144,"properties":{"osm_id":1487222144,"name":"南雅南路一段","name_en":null,"highway":"tertiary","lanes":null,"oneway":null,"surface":null,"source":"OpenStreetMap"},"geometry":{"type":"LineString","coordinates":[[121.4565646,25.0073788],[121.4565312,25.0073183]]}},{"type":"Feature","id":235626232,"properties":{"osm_id":235626232,"name":"南雅南路一段5巷","name_en":"Lane 5, Nanya South Road","highway":"residential","lanes":null,"oneway":"no","surface":null,"source":"OpenStreetMap"},"geometry":{"type":"LineString","coordinates":[[121.4556289,25.00565],[121.4557025,25.0056231],[121.4562695,25.0054157],[121.4564317,25.0053547],[121.45647,25.0053403]]}},{"type":"Feature","id":1453496191,"properties":{"osm_id":1453496191,"name":"南雅南路一段5巷","name_en":"Lane 5, Nanya South Road","highway":"residential","lanes":null,"oneway":"no","surface":null,"source":"OpenStreetMap"},"geometry":{"type":"LineString","coordinates":[[121.45647,25.0053403],[121.4565134,25.0053235]]}},{"type":"Feature","id":310277816,"properties":{"osm_id":310277816,"name":"南雅南路二段","name_en":null,"highway":"tertiary","lanes":null,"oneway":null,"surface":null,"source":"OpenStreetMap"},"geometry":{"type":"LineString","coordinates":[[121.4532558,25.000507],[121.4532046,25.0003527],[121.4527959,24.9989998],[121.4526962,24.9986972],[121.4526439,24.9985462]]}},{"type":"Feature","id":310277817,"properties":{"osm_id":310277817,"name":"南雅南路二段","name_en":null,"highway":"tertiary","lanes":null,"oneway":null,"surface":null,"source":"OpenStreetMap"},"geometry":{"type":"LineString","coordinates":[[121.4526439,24.9985462],[121.4523729,24.9977269],[121.4523562,24.9976707],[121.4523326,24.9975954],[121.4521651,24.9970394],[121.4521469,24.9969903],[121.4521179,24.9969119],[121.4520688,24.9967794],[121.4520538,24.9967273],[121.4520176,24.9966325],[121.4518993,24.996324],[121.4518899,24.9962953],[121.4518854,24.9962916],[121.4518473,24.9961882],[121.4517503,24.9959749],[121.45163,24.9957106],[121.4514848,24.9953915],[121.451307,24.9950009],[121.4511535,24.9946134],[121.4510661,24.9944245],[121.4510444,24.9943668],[121.451033,24.9943364],[121.4510176,24.9942259]]}},{"type":"Feature","id":310320678,"properties":{"osm_id":310320678,"name":"南雅南路二段","name_en":null,"highway":"tertiary","lanes":"4","oneway":"no","surface":null,"source":"OpenStreetMap"},"geometry":{"type":"LineString","coordinates":[[121.4547918,25.0039893],[121.4547693,25.0039268]]}},{"type":"Feature","id":410678302,"properties":{"osm_id":410678302,"name":"南雅南路二段","name_en":null,"highway":"tertiary","lanes":"4","oneway":"no","surface":null,"source":"OpenStreetMap"},"geometry":{"type":"LineString","coordinates":[[121.4547693,25.0039268],[121.4547396,25.0038231],[121.454723,25.0037981],[121.4546097,25.0035886],[121.454542,25.0034643],[121.4543126,25.0029945],[121.4542431,25.0028521],[121.4542184,25.0027981],[121.4541942,25.0027468],[121.4540717,25.0024911],[121.4537539,25.0018274],[121.4535948,25.0014432],[121.4535705,25.0013845]]}},{"type":"Feature","id":820223957,"properties":{"osm_id":820223957,"name":"南雅南路二段","name_en":null,"highway":"tertiary","lanes":"4","oneway":"no","surface":null,"source":"OpenStreetMap"},"geometry":{"type":"LineString","coordinates":[[121.4535705,25.0013845],[121.4534971,25.0011798],[121.4533021,25.0006362],[121.4532558,25.000507]]}},{"type":"Feature","id":266253455,"properties":{"osm_id":266253455,"name":"南雅南路二段92巷","name_en":null,"highway":"residential","lanes":null,"oneway":null,"surface":null,"source":"OpenStreetMap"},"geometry":{"type":"LineString","coordinates":[[121.4526516,25.0017038],[121.4531145,25.0016082],[121.4531816,25.0015377],[121.4535008,25.0014745],[121.4535705,25.0013845]]}},{"type":"Feature","id":273642289,"properties":{"osm_id":273642289,"name":"南雅東路","name_en":"Nanya East Road","highway":"unclassified","lanes":null,"oneway":"no","surface":null,"source":"OpenStreetMap"},"geometry":{"type":"LineString","coordinates":[[121.4532058,25.0086179],[121.4534394,25.0079543],[121.4537793,25.0072423],[121.4538186,25.0071606],[121.4538314,25.0071391],[121.4542058,25.0065157],[121.454332,25.006329],[121.4544071,25.0062259],[121.454432,25.0061841]]}},{"type":"Feature","id":317470895,"properties":{"osm_id":317470895,"name":"南雅東路","name_en":"Nanya East Road","highway":"unclassified","lanes":null,"oneway":"no","surface":null,"source":"OpenStreetMap"},"geometry":{"type":"LineString","coordinates":[[121.454432,25.0061841],[121.4547826,25.0060159],[121.4555743,25.0056736],[121.4556289,25.00565]]}},{"type":"Feature","id":273642957,"properties":{"osm_id":273642957,"name":"南雅西路一段","name_en":null,"highway":"residential","lanes":null,"oneway":"yes","surface":null,"source":"OpenStreetMap"},"geometry":{"type":"LineString","coordinates":[[121.4532058,25.0086179],[121.4529599,25.0082171],[121.4525914,25.0076166]]}},{"type":"Feature","id":273645080,"properties":{"osm_id":273645080,"name":"南雅西路一段","name_en":null,"highway":"residential","lanes":null,"oneway":"no","surface":null,"source":"OpenStreetMap"},"geometry":{"type":"LineString","coordinates":[[121.4525914,25.0076166],[121.4525197,25.0075223],[121.4524715,25.0074171],[121.4524436,25.0073154],[121.4524351,25.0072125],[121.4524382,25.0071302],[121.4524613,25.0070437],[121.4526607,25.0067007],[121.4527451,25.0065553],[121.4527814,25.0064928],[121.4528333,25.0064247],[121.453108,25.00608],[121.4532022,25.0059642],[121.4534792,25.0055123],[121.4536058,25.0052164],[121.4536702,25.0050657],[121.4537174,25.0049554],[121.4538558,25.0046318],[121.453931,25.0044496],[121.4539371,25.0044381],[121.4540149,25.0042736],[121.4540544,25.0042806],[121.4542471,25.0043391],[121.454498,25.0044192],[121.4546252,25.0044579],[121.4549406,25.0045594],[121.4549797,25.0045289],[121.4549905,25.0045204],[121.4550272,25.0044966]]}},{"type":"Feature","id":273642082,"properties":{"osm_id":273642082,"name":"南雅西路一段92巷","name_en":null,"highway":"residential","lanes":null,"oneway":"yes","surface":null,"source":"OpenStreetMap"},"geometry":{"type":"LineString","coordinates":[[121.4532022,25.0059642],[121.4533549,25.0060468],[121.4535994,25.006179],[121.4537291,25.0062491]]}},{"type":"Feature","id":273642398,"properties":{"osm_id":273642398,"name":"南雅西路二段","name_en":null,"highway":"residential","lanes":null,"oneway":null,"surface":null,"source":"OpenStreetMap"},"geometry":{"type":"LineString","coordinates":[[121.4521802,25.0155547],[121.4520785,25.0153726],[121.4519242,25.0150965],[121.4517753,25.01483],[121.4517159,25.0147238],[121.4516388,25.01454],[121.4515295,25.0142792],[121.4515139,25.0142102],[121.4515133,25.0140992],[121.4516192,25.0137375],[121.4517198,25.0134197],[121.4520163,25.0125185],[121.4521644,25.0120513],[121.4522559,25.0117617],[121.4522719,25.0117121],[121.4523513,25.0114297],[121.452437,25.0111305],[121.4524627,25.0110483],[121.452542,25.0107704],[121.4526256,25.0105129],[121.4526578,25.010432],[121.4527332,25.0102053],[121.4527754,25.0100698],[121.4528103,25.0099773],[121.4529285,25.0095544],[121.4529766,25.0093787],[121.4530813,25.0090413],[121.4531332,25.0088646]]}},{"type":"Feature","id":273644761,"properties":{"osm_id":273644761,"name":"南雅西路二段","name_en":null,"highway":"residential","lanes":null,"oneway":null,"surface":null,"source":"OpenStreetMap"},"geometry":{"type":"LineString","coordinates":[[121.4529766,25.0093787],[121.4532092,25.0093174],[121.453661,25.0090711]]}},{"type":"Feature","id":1458150802,"properties":{"osm_id":1458150802,"name":"南雅西路二段","name_en":null,"highway":"residential","lanes":null,"oneway":null,"surface":null,"source":"OpenStreetMap"},"geometry":{"type":"LineString","coordinates":[[121.4531332,25.0088646],[121.4532058,25.0086179]]}},{"type":"Feature","id":429848392,"properties":{"osm_id":429848392,"name":"合安一路","name_en":null,"highway":"residential","lanes":null,"oneway":null,"surface":null,"source":"OpenStreetMap"},"geometry":{"type":"LineString","coordinates":[[121.4463472,24.9994709],[121.4465203,24.9993941],[121.4465375,24.9993864],[121.4466024,24.9993596],[121.4474569,24.9990064],[121.4483413,24.9986776]]}},{"type":"Feature","id":429848402,"properties":{"osm_id":429848402,"name":"合安一路","name_en":null,"highway":"residential","lanes":null,"oneway":null,"surface":null,"source":"OpenStreetMap"},"geometry":{"type":"LineString","coordinates":[[121.4465203,24.9993941],[121.4465643,24.999489],[121.4466711,24.9997192],[121.4467949,25.0000067],[121.4468933,25.0002359],[121.4470217,25.0005394],[121.4473022,25.0011816]]}},{"type":"Feature","id":1001022841,"properties":{"osm_id":1001022841,"name":"合安一路","name_en":null,"highway":"residential","lanes":null,"oneway":null,"surface":null,"source":"OpenStreetMap"},"geometry":{"type":"LineString","coordinates":[[121.4496901,24.9981714],[121.4499414,24.9980773]]}},{"type":"Feature","id":1534020577,"properties":{"osm_id":1534020577,"name":"合安一路","name_en":null,"highway":"residential","lanes":null,"oneway":null,"surface":null,"source":"OpenStreetMap"},"geometry":{"type":"LineString","coordinates":[[121.4483413,24.9986776],[121.4496901,24.9981714]]}},{"type":"Feature","id":317465757,"properties":{"osm_id":317465757,"name":"合安路","name_en":null,"highway":"residential","lanes":null,"oneway":null,"surface":null,"source":"OpenStreetMap"},"geometry":{"type":"LineString","coordinates":[[121.4460737,25.0016423],[121.4473022,25.0011816]]}},{"type":"Feature","id":429856085,"properties":{"osm_id":429856085,"name":"合宜一路","name_en":null,"highway":"residential","lanes":null,"oneway":null,"surface":null,"source":"OpenStreetMap"},"geometry":{"type":"LineString","coordinates":[[121.4483413,24.9986776],[121.4483019,24.9986239],[121.447844,24.9979998],[121.447602,24.9976551],[121.4474788,24.9975034],[121.446992,24.9968438],[121.4458882,24.9953741]]}},{"type":"Feature","id":1534020578,"properties":{"osm_id":1534020578,"name":"合宜一路","name_en":null,"highway":"residential","lanes":null,"oneway":null,"surface":null,"source":"OpenStreetMap"},"geometry":{"type":"LineString","coordinates":[[121.4488626,24.9994867],[121.448772,24.9992684],[121.448559,24.9989751],[121.4483849,24.9987465],[121.4483413,24.9986776]]}},{"type":"Feature","id":125729962,"properties":{"osm_id":125729962,"name":"和平路","name_en":"Heping Road","highway":"residential","lanes":null,"oneway":"no","surface":"asphalt","source":"OpenStreetMap"},"geometry":{"type":"LineString","coordinates":[[121.4645254,24.9970623],[121.4645604,24.9969769],[121.4645618,24.996931],[121.4645524,24.9968839],[121.4644757,24.9967252],[121.4644024,24.9966328],[121.4642598,24.9964529],[121.4639996,24.9961758],[121.4637416,24.9959167],[121.4636189,24.995823],[121.4634918,24.9956834],[121.4634233,24.9956183],[121.4633755,24.9955778],[121.4630499,24.995266],[121.4628978,24.9951275],[121.4625597,24.994959],[121.4622263,24.9948218],[121.462139,24.9947943],[121.4618138,24.9947062],[121.4616071,24.9946592],[121.4614205,24.9946182],[121.4612277,24.9945712],[121.4603727,24.9944828],[121.4603136,24.9944787]]}},{"type":"Feature","id":366082066,"properties":{"osm_id":366082066,"name":"和平路","name_en":null,"highway":"residential","lanes":null,"oneway":null,"surface":null,"source":"OpenStreetMap"},"geometry":{"type":"LineString","coordinates":[[121.4653452,24.9987322],[121.4652764,24.9983783],[121.4653051,24.998358],[121.4653535,24.9983513]]}},{"type":"Feature","id":35130028,"properties":{"osm_id":35130028,"name":"四川路一段","name_en":"Section 1, Sichuan Road","highway":"primary","lanes":"4","oneway":"no","surface":"asphalt","source":"OpenStreetMap"},"geometry":{"type":"LineString","coordinates":[[121.4593958,25.0070798],[121.4594194,25.0069499],[121.4594867,25.0065777],[121.459504,25.006527],[121.4595179,25.0064221],[121.4596048,25.005955],[121.4596627,25.0056175],[121.4596697,25.0055657],[121.4597969,25.0047255]]}},{"type":"Feature","id":310261323,"properties":{"osm_id":310261323,"name":"四川路一段","name_en":"Section 1, Sichuan Road","highway":"primary","lanes":null,"oneway":"no","surface":"asphalt","source":"OpenStreetMap"},"geometry":{"type":"LineString","coordinates":[[121.4597969,25.0047255],[121.4598334,25.0045387],[121.45986,25.0043896],[121.4599153,25.0040637],[121.4599323,25.0039605],[121.4599978,25.0036094],[121.4600165,25.0033189],[121.4599795,25.0030411],[121.4598931,25.0028309],[121.4597856,25.0026363],[121.4597087,25.0024867],[121.4596039,25.0023111],[121.4593241,25.0017872],[121.4593114,25.0017593]]}},{"type":"Feature","id":310277818,"properties":{"osm_id":310277818,"name":"四川路一段","name_en":"Section 1, Sichuan Road","highway":"primary","lanes":null,"oneway":"no","surface":"asphalt","source":"OpenStreetMap"},"geometry":{"type":"LineString","coordinates":[[121.4578359,24.9988261],[121.4577085,24.9985368],[121.4572991,24.9976709],[121.4570261,24.9970375],[121.456926,24.996802]]}},{"type":"Feature","id":325213926,"properties":{"osm_id":325213926,"name":"四川路一段","name_en":"Section 1, Sichuan Road","highway":"primary","lanes":null,"oneway":"no","surface":"asphalt","source":"OpenStreetMap"},"geometry":{"type":"LineString","coordinates":[[121.4593114,25.0017593],[121.4592514,25.0016464],[121.4589354,25.0010525],[121.4589057,25.0009953],[121.458782,25.0007391],[121.4586055,25.0004064],[121.4584914,25.0001885],[121.4584628,25.0001344],[121.4583163,24.9998602],[121.4582101,24.9996611],[121.4580009,24.9991992],[121.4578944,24.9989648],[121.4578601,24.9988893]]}},{"type":"Feature","id":971639505,"properties":{"osm_id":971639505,"name":"四川路一段","name_en":"Section 1, Sichuan Road","highway":"primary","lanes":null,"oneway":"no","surface":"asphalt","source":"OpenStreetMap"},"geometry":{"type":"LineString","coordinates":[[121.4578601,24.9988893],[121.4578359,24.9988261]]}},{"type":"Feature","id":129437561,"properties":{"osm_id":129437561,"name":"四川路一段37巷","name_en":"Lane 37, Section 1, Sichuan Road","highway":"residential","lanes":null,"oneway":null,"surface":"asphalt","source":"OpenStreetMap"},"geometry":{"type":"LineString","coordinates":[[121.4603414,25.0068241],[121.4599654,25.0067188],[121.4597646,25.0066337],[121.4594867,25.0065777]]}},{"type":"Feature","id":366088189,"properties":{"osm_id":366088189,"name":"四川路二段16巷","name_en":null,"highway":"residential","lanes":null,"oneway":null,"surface":null,"source":"OpenStreetMap"},"geometry":{"type":"LineString","coordinates":[[121.4559206,24.9973225],[121.4559625,24.9962926],[121.4559653,24.9962233]]}},{"type":"Feature","id":41119278,"properties":{"osm_id":41119278,"name":"四維路","name_en":"Siwei Road","highway":"residential","lanes":"2","oneway":null,"surface":"asphalt","source":"OpenStreetMap"},"geometry":{"type":"LineString","coordinates":[[121.4619587,25.0306386],[121.4621082,25.0303871],[121.4623519,25.0299774],[121.4625167,25.0297003],[121.4626765,25.0294316],[121.4627416,25.0293221],[121.4628193,25.0291903],[121.4629387,25.0289875],[121.4629918,25.0289012],[121.463301,25.0283728],[121.463449,25.0281216],[121.4635623,25.0279294],[121.4636282,25.0278206],[121.463994,25.0272171],[121.464314,25.0266914],[121.4644218,25.0265112],[121.4644618,25.0264426],[121.4646007,25.0262041],[121.4649332,25.0256597],[121.4651393,25.025317],[121.4652534,25.0251254],[121.4654805,25.0247244],[121.4655822,25.0245583],[121.4657432,25.0242508]]}},{"type":"Feature","id":301867578,"properties":{"osm_id":301867578,"name":"四維路112巷","name_en":"Lane 112, Siwei Road","highway":"unclassified","lanes":null,"oneway":null,"surface":null,"source":"OpenStreetMap"},"geometry":{"type":"LineString","coordinates":[[121.4658744,25.0249353],[121.4656498,25.0253164],[121.4653205,25.025857],[121.4650098,25.0263976]]}},{"type":"Feature","id":129778882,"properties":{"osm_id":129778882,"name":"四維路128巷","name_en":"Lane 128, Siwei Road","highway":"unclassified","lanes":null,"oneway":null,"surface":null,"source":"OpenStreetMap"},"geometry":{"type":"LineString","coordinates":[[121.4652534,25.0251254],[121.4656498,25.0253164],[121.4659512,25.0254507],[121.4663883,25.0256439]]}},{"type":"Feature","id":111808372,"properties":{"osm_id":111808372,"name":"國光街","name_en":"Guoguang Street","highway":"residential","lanes":null,"oneway":"no","surface":null,"source":"OpenStreetMap"},"geometry":{"type":"LineString","coordinates":[[121.4727329,25.000312],[121.4724018,25.000296],[121.4721256,25.0002841],[121.4719626,25.0002787],[121.4716941,25.0002771],[121.4711707,25.0002629],[121.4706427,25.0002529],[121.4705872,25.0002233],[121.4705545,25.0001962],[121.4704768,25.0002473],[121.4702226,25.000413],[121.4700193,25.0005491],[121.4699119,25.0006204],[121.4695914,25.0008367],[121.4693471,25.0009445],[121.4688812,25.0011512],[121.4685389,25.0012865],[121.468333,25.0013662],[121.4682294,25.0014045],[121.4676127,25.0016287],[121.4675911,25.0016373],[121.4673343,25.0017409],[121.4668982,25.0019167],[121.4667375,25.0019739]]}},{"type":"Feature","id":483613194,"properties":{"osm_id":483613194,"name":"國光街","name_en":null,"highway":"residential","lanes":null,"oneway":"no","surface":null,"source":"OpenStreetMap"},"geometry":{"type":"LineString","coordinates":[[121.4667375,25.0019739],[121.4666019,25.0019516],[121.4663793,25.0019149]]}},{"type":"Feature","id":483994886,"properties":{"osm_id":483994886,"name":"國光街102巷","name_en":null,"highway":"residential","lanes":null,"oneway":null,"surface":null,"source":"OpenStreetMap"},"geometry":{"type":"LineString","coordinates":[[121.4716658,25.0007321],[121.4716426,25.0006973],[121.4711793,25.0006937],[121.4706984,25.00069],[121.4702226,25.000413]]}},{"type":"Feature","id":251589122,"properties":{"osm_id":251589122,"name":"國光街102巷11弄","name_en":null,"highway":"residential","lanes":null,"oneway":null,"surface":null,"source":"OpenStreetMap"},"geometry":{"type":"LineString","coordinates":[[121.4706984,25.00069],[121.4706516,25.0012954],[121.4706259,25.0016152],[121.4706035,25.0018933]]}},{"type":"Feature","id":111808377,"properties":{"osm_id":111808377,"name":"國光街107巷4弄","name_en":null,"highway":"residential","lanes":null,"oneway":null,"surface":null,"source":"OpenStreetMap"},"geometry":{"type":"LineString","coordinates":[[121.4696699,24.9988701],[121.4697889,24.9990254],[121.4703103,24.9997933]]}},{"type":"Feature","id":111808406,"properties":{"osm_id":111808406,"name":"國光街112巷","name_en":null,"highway":"residential","lanes":null,"oneway":null,"surface":null,"source":"OpenStreetMap"},"geometry":{"type":"LineString","coordinates":[[121.4697033,25.0023564],[121.4697167,25.0021424],[121.4697293,25.00194],[121.4697346,25.0018539],[121.4697469,25.0016557],[121.4697532,25.0015547],[121.4697603,25.0013696]]}},{"type":"Feature","id":111808365,"properties":{"osm_id":111808365,"name":"國光街112巷14弄","name_en":null,"highway":"residential","lanes":null,"oneway":null,"surface":null,"source":"OpenStreetMap"},"geometry":{"type":"LineString","coordinates":[[121.4699738,25.0012518],[121.4706516,25.0012954]]}},{"type":"Feature","id":483994884,"properties":{"osm_id":483994884,"name":"國光街112巷20弄","name_en":null,"highway":"residential","lanes":null,"oneway":null,"surface":null,"source":"OpenStreetMap"},"geometry":{"type":"LineString","coordinates":[[121.4706035,25.0018933],[121.4705794,25.0021923]]}},{"type":"Feature","id":483994881,"properties":{"osm_id":483994881,"name":"國光街112巷22弄","name_en":null,"highway":"residential","lanes":null,"oneway":null,"surface":null,"source":"OpenStreetMap"},"geometry":{"type":"LineString","coordinates":[[121.4697033,25.0023564],[121.4704965,25.0023777],[121.4705643,25.0023795]]}},{"type":"Feature","id":251589121,"properties":{"osm_id":251589121,"name":"國光街112巷23弄","name_en":null,"highway":"residential","lanes":null,"oneway":null,"surface":null,"source":"OpenStreetMap"},"geometry":{"type":"LineString","coordinates":[[121.4688591,25.0023157],[121.4690909,25.0023287],[121.4697033,25.0023564]]}},{"type":"Feature","id":483613193,"properties":{"osm_id":483613193,"name":"國光街184巷","name_en":null,"highway":"residential","lanes":null,"oneway":null,"surface":null,"source":"OpenStreetMap"},"geometry":{"type":"LineString","coordinates":[[121.4675897,25.0021142],[121.4674073,25.0020842],[121.4667375,25.0019739]]}},{"type":"Feature","id":1248948404,"properties":{"osm_id":1248948404,"name":"國光街186巷","name_en":null,"highway":"residential","lanes":null,"oneway":null,"surface":null,"source":"OpenStreetMap"},"geometry":{"type":"LineString","coordinates":[[121.4667375,25.0019739],[121.4666644,25.002011],[121.4662985,25.0021615],[121.4662662,25.0021748]]}},{"type":"Feature","id":483613206,"properties":{"osm_id":483613206,"name":"國光街85巷","name_en":null,"highway":"residential","lanes":null,"oneway":null,"surface":null,"source":"OpenStreetMap"},"geometry":{"type":"LineString","coordinates":[[121.4703103,24.9997933],[121.4705545,25.0001962]]}},{"type":"Feature","id":111317492,"properties":{"osm_id":111317492,"name":"國光路","name_en":"Guoguang Road","highway":"tertiary","lanes":null,"oneway":null,"surface":"asphalt","source":"OpenStreetMap"},"geometry":{"type":"LineString","coordinates":[[121.4613436,25.01849],[121.4609218,25.018416],[121.4605633,25.0183521],[121.4601007,25.0182567],[121.4592035,25.0180527],[121.4590057,25.0180021],[121.4580626,25.0177962],[121.4577353,25.0177172],[121.4571512,25.0175665],[121.4570077,25.0174942],[121.4567992,25.0174055],[121.4566505,25.0173379],[121.4564694,25.0172488],[121.4563844,25.0171942]]}},{"type":"Feature","id":819214846,"properties":{"osm_id":819214846,"name":"國光路","name_en":"Guoguang Road","highway":"tertiary","lanes":null,"oneway":null,"surface":"asphalt","source":"OpenStreetMap"},"geometry":{"type":"LineString","coordinates":[[121.4630722,25.018444],[121.4629893,25.0184697],[121.4629187,25.0184916],[121.4627646,25.0185181],[121.4626437,25.0185424],[121.4625866,25.0185487],[121.4624282,25.0185651],[121.4621831,25.0185778],[121.4619458,25.0185656],[121.46173,25.0185414],[121.4616339,25.0185291],[121.4613436,25.01849]]}},{"type":"Feature","id":325213927,"properties":{"osm_id":325213927,"name":"國慶路","name_en":"Guoqing Road","highway":"residential","lanes":null,"oneway":"no","surface":"asphalt","source":"OpenStreetMap"},"geometry":{"type":"LineString","coordinates":[[121.4635505,24.9973062],[121.4635234,24.9974645],[121.4633961,24.9981012],[121.4633703,24.9982187],[121.4632382,24.999],[121.4632231,24.9990827],[121.4631836,24.9993607],[121.463132,24.9997249],[121.4630306,25.0003725],[121.4630177,25.000455]]}},{"type":"Feature","id":326960229,"properties":{"osm_id":326960229,"name":"國慶路","name_en":"Guoqing Road","highway":"residential","lanes":null,"oneway":"no","surface":"asphalt","source":"OpenStreetMap"},"geometry":{"type":"LineString","coordinates":[[121.4596428,24.9956722],[121.4602287,24.9957789],[121.4607546,24.9958747],[121.4614243,24.9960116],[121.4619271,24.9961074],[121.4622111,24.9961651],[121.4626617,24.9962629],[121.4628166,24.9963107],[121.462922,24.996375],[121.4631883,24.9965911],[121.4632778,24.9966866],[121.46333,24.9967398],[121.4633663,24.9967811],[121.4634785,24.9970051],[121.4635489,24.9972086],[121.4635505,24.9973062]]}},{"type":"Feature","id":1443434679,"properties":{"osm_id":1443434679,"name":"國慶路","name_en":"Guoqing Road","highway":"residential","lanes":null,"oneway":"yes","surface":"asphalt","source":"OpenStreetMap"},"geometry":{"type":"LineString","coordinates":[[121.4629069,25.0010356],[121.4629686,25.0007123],[121.4630177,25.000455]]}},{"type":"Feature","id":126672568,"properties":{"osm_id":126672568,"name":"國慶路149巷","name_en":"Lane 149, Guoqing Road","highway":"residential","lanes":null,"oneway":null,"surface":null,"source":"OpenStreetMap"},"geometry":{"type":"LineString","coordinates":[[121.4614243,24.9960116],[121.4613088,24.9965461],[121.461241,24.996872],[121.4611571,24.9971839],[121.4611139,24.9974347],[121.4610326,24.9977301],[121.4609684,24.9980287],[121.4609076,24.9983026],[121.4608721,24.9984996],[121.4610958,24.998677]]}},{"type":"Feature","id":126081580,"properties":{"osm_id":126081580,"name":"國慶路167巷","name_en":"Guoqing Road Lane 167","highway":"residential","lanes":null,"oneway":null,"surface":null,"source":"OpenStreetMap"},"geometry":{"type":"LineString","coordinates":[[121.4622111,24.9961651],[121.4619278,24.9970034],[121.4618599,24.9970891],[121.4617492,24.9975717],[121.4616354,24.9981347],[121.4615338,24.9987192]]}},{"type":"Feature","id":127529403,"properties":{"osm_id":127529403,"name":"國慶路213巷","name_en":"Lane 213, Guoqing Road","highway":"residential","lanes":null,"oneway":null,"surface":null,"source":"OpenStreetMap"},"geometry":{"type":"LineString","coordinates":[[121.4635505,24.9973062],[121.4631757,24.9972475],[121.4619278,24.9970034]]}},{"type":"Feature","id":129325496,"properties":{"osm_id":129325496,"name":"國泰街","name_en":"Guotai Street","highway":"residential","lanes":null,"oneway":null,"surface":"asphalt","source":"OpenStreetMap"},"geometry":{"type":"LineString","coordinates":[[121.4651125,25.006218],[121.4652588,25.0062376],[121.4656958,25.0062962],[121.4660649,25.0063457],[121.4665319,25.0064088],[121.4669849,25.0064707],[121.4674045,25.0065435],[121.4676308,25.006564],[121.4680088,25.0066257],[121.468391,25.0066882],[121.4686171,25.0067273],[121.4690165,25.0067912],[121.4690884,25.0068027],[121.469226,25.0068247],[121.4692745,25.0068301],[121.4695743,25.0068638],[121.4696596,25.0068734],[121.4700359,25.0069358]]}},{"type":"Feature","id":111317462,"properties":{"osm_id":111317462,"name":"大仁街","name_en":null,"highway":"residential","lanes":null,"oneway":null,"surface":"asphalt","source":"OpenStreetMap"},"geometry":{"type":"LineString","coordinates":[[121.4563844,25.0171942],[121.4558901,25.0170025],[121.4552319,25.0167472],[121.4546326,25.0165152],[121.4545247,25.0164734],[121.4542323,25.0163602],[121.4540834,25.0163024],[121.4529296,25.0158547],[121.4527176,25.0157725],[121.4522834,25.0156043],[121.4521802,25.0155547]]}},{"type":"Feature","id":257581267,"properties":{"osm_id":257581267,"name":"大勇街","name_en":"Dayong Street","highway":"residential","lanes":null,"oneway":"yes","surface":null,"source":"OpenStreetMap"},"geometry":{"type":"LineString","coordinates":[[121.4526161,25.0165223],[121.4529358,25.0166498],[121.4534385,25.0168422],[121.4537793,25.0169573],[121.4540941,25.0170779],[121.4544707,25.0172419],[121.4549178,25.0174043],[121.4552615,25.0175336],[121.4560801,25.0178462]]}},{"type":"Feature","id":1110653303,"properties":{"osm_id":1110653303,"name":"大勇街","name_en":"Dayong Street","highway":"residential","lanes":null,"oneway":"no","surface":null,"source":"OpenStreetMap"},"geometry":{"type":"LineString","coordinates":[[121.4524007,25.0164472],[121.4526161,25.0165223]]}},{"type":"Feature","id":257581265,"properties":{"osm_id":257581265,"name":"大勇街3巷","name_en":null,"highway":"residential","lanes":null,"oneway":null,"surface":"asphalt","source":"OpenStreetMap"},"geometry":{"type":"LineString","coordinates":[[121.4552319,25.0167472],[121.4549178,25.0174043]]}},{"type":"Feature","id":360245171,"properties":{"osm_id":360245171,"name":"大勇街4巷","name_en":null,"highway":"residential","lanes":null,"oneway":null,"surface":null,"source":"OpenStreetMap"},"geometry":{"type":"LineString","coordinates":[[121.4549178,25.0174043],[121.4546832,25.0179264]]}},{"type":"Feature","id":129437565,"properties":{"osm_id":129437565,"name":"大明街","name_en":"Daming Street","highway":"residential","lanes":null,"oneway":null,"surface":null,"source":"OpenStreetMap"},"geometry":{"type":"LineString","coordinates":[[121.4586464,25.0025905],[121.4589054,25.0025552],[121.4589956,25.0025417],[121.4593383,25.0023731],[121.4596039,25.0023111]]}},{"type":"Feature","id":129437566,"properties":{"osm_id":129437566,"name":"大明街","name_en":"Daming Street","highway":"residential","lanes":null,"oneway":null,"surface":null,"source":"OpenStreetMap"},"geometry":{"type":"LineString","coordinates":[[121.4585109,25.0025017],[121.4574947,25.0029717],[121.4574654,25.0031252]]}},{"type":"Feature","id":129437568,"properties":{"osm_id":129437568,"name":"大明街20巷","name_en":"Lane 20, Daming Street","highway":"residential","lanes":null,"oneway":null,"surface":null,"source":"OpenStreetMap"},"geometry":{"type":"LineString","coordinates":[[121.4586464,25.0025905],[121.4586913,25.0026595],[121.4586729,25.0027439],[121.4587301,25.0029655],[121.4588073,25.0032652],[121.4589215,25.0035458],[121.4587177,25.0035999],[121.4586467,25.0036188],[121.458352,25.0037003],[121.4575601,25.0039152]]}},{"type":"Feature","id":111449927,"properties":{"osm_id":111449927,"name":"大明街20巷19弄","name_en":"Alley 19, Lane 20, Daming Street","highway":"residential","lanes":null,"oneway":null,"surface":null,"source":"OpenStreetMap"},"geometry":{"type":"LineString","coordinates":[[121.4588073,25.0032652],[121.4585944,25.003263],[121.4577924,25.0031813],[121.4575828,25.003149],[121.4574654,25.0031252],[121.4572101,25.0030719],[121.4570169,25.0030471]]}},{"type":"Feature","id":29101071,"properties":{"osm_id":29101071,"name":"大明街25巷","name_en":"Lane 25, Daming Street","highway":"residential","lanes":null,"oneway":null,"surface":null,"source":"OpenStreetMap"},"geometry":{"type":"LineString","coordinates":[[121.4575447,25.0014541],[121.457846,25.0016273],[121.4579497,25.0018593],[121.4580008,25.0020465],[121.4580167,25.0021049],[121.4581131,25.0022141],[121.458248,25.0023058],[121.4583741,25.0024264],[121.4585109,25.0025017],[121.4586464,25.0025905]]}},{"type":"Feature","id":148932565,"properties":{"osm_id":148932565,"name":"大智街","name_en":"Dazhi Street","highway":"residential","lanes":null,"oneway":null,"surface":null,"source":"OpenStreetMap"},"geometry":{"type":"LineString","coordinates":[[121.4529296,25.0158547],[121.4534803,25.0156463],[121.4535497,25.0156254],[121.4536027,25.0156019],[121.4543004,25.015362],[121.4545764,25.0152767],[121.4547733,25.0152138],[121.4548444,25.0151843],[121.4549443,25.0151112],[121.4551392,25.0149754],[121.4552423,25.0149302],[121.4556116,25.0148696],[121.4559995,25.014831]]}},{"type":"Feature","id":1528109447,"properties":{"osm_id":1528109447,"name":"大智街","name_en":"Dazhi Street","highway":"residential","lanes":null,"oneway":"yes","surface":null,"source":"OpenStreetMap"},"geometry":{"type":"LineString","coordinates":[[121.4559995,25.014831],[121.4560984,25.0147925],[121.4564994,25.0147473]]}},{"type":"Feature","id":1528109448,"properties":{"osm_id":1528109448,"name":"大智街","name_en":"Dazhi Street","highway":"residential","lanes":null,"oneway":"yes","surface":null,"source":"OpenStreetMap"},"geometry":{"type":"LineString","coordinates":[[121.4564994,25.0147473],[121.4563633,25.0147997],[121.4561775,25.0148332],[121.4560843,25.0148459],[121.4559995,25.014831]]}},{"type":"Feature","id":218099541,"properties":{"osm_id":218099541,"name":"大東街","name_en":null,"highway":"unclassified","lanes":null,"oneway":"no","surface":"paved","source":"OpenStreetMap"},"geometry":{"type":"LineString","coordinates":[[121.4566093,25.009548],[121.45651,25.0085198],[121.4564215,25.0079335],[121.4563529,25.007875]]}},{"type":"Feature","id":127588715,"properties":{"osm_id":127588715,"name":"大華街","name_en":"Dahua Street","highway":"residential","lanes":null,"oneway":null,"surface":null,"source":"OpenStreetMap"},"geometry":{"type":"LineString","coordinates":[[121.4586295,25.0069312],[121.4586547,25.0068536],[121.4586962,25.0067165],[121.4587034,25.0066944],[121.4587865,25.0064384],[121.458834,25.0063444],[121.4589066,25.0062011],[121.4590656,25.0058869],[121.459296,25.005447],[121.4593361,25.0052393],[121.459383,25.0046554]]}},{"type":"Feature","id":129437572,"properties":{"osm_id":129437572,"name":"大華街","name_en":"Dahua Street","highway":"residential","lanes":null,"oneway":null,"surface":null,"source":"OpenStreetMap"},"geometry":{"type":"LineString","coordinates":[[121.4596732,25.0031288],[121.4594903,25.0031288],[121.4594359,25.0028865],[121.4593906,25.0026957]]}},{"type":"Feature","id":129437574,"properties":{"osm_id":129437574,"name":"大華街","name_en":"Dahua Street","highway":"residential","lanes":null,"oneway":null,"surface":null,"source":"OpenStreetMap"},"geometry":{"type":"LineString","coordinates":[[121.459296,25.005447],[121.4588122,25.0053512]]}},{"type":"Feature","id":129437575,"properties":{"osm_id":129437575,"name":"大華街","name_en":"Dahua Street","highway":"residential","lanes":null,"oneway":null,"surface":null,"source":"OpenStreetMap"},"geometry":{"type":"LineString","coordinates":[[121.4599795,25.0030411],[121.4596732,25.0031288],[121.4596271,25.0034766],[121.4593452,25.0034957]]}},{"type":"Feature","id":129437576,"properties":{"osm_id":129437576,"name":"大華街","name_en":"Dahua Street","highway":"residential","lanes":null,"oneway":null,"surface":null,"source":"OpenStreetMap"},"geometry":{"type":"LineString","coordinates":[[121.459383,25.0046554],[121.4594051,25.0043159],[121.4594171,25.004093],[121.4594383,25.003804],[121.4593452,25.0034957],[121.4591127,25.0035232],[121.4589215,25.0035458]]}},{"type":"Feature","id":310261333,"properties":{"osm_id":310261333,"name":"大華街","name_en":"Dahua Street","highway":"residential","lanes":null,"oneway":"no","surface":"asphalt","source":"OpenStreetMap"},"geometry":{"type":"LineString","coordinates":[[121.459383,25.0046554],[121.4597969,25.0047255]]}},{"type":"Feature","id":29564240,"properties":{"osm_id":29564240,"name":"大觀地下道","name_en":"Daguan Underpass","highway":"secondary","lanes":"2","oneway":"no","surface":"asphalt","source":"OpenStreetMap"},"geometry":{"type":"LineString","coordinates":[[121.4472687,25.0052743],[121.4466457,25.0028547]]}},{"type":"Feature","id":266252780,"properties":{"osm_id":266252780,"name":"大觀橋","name_en":null,"highway":"tertiary","lanes":null,"oneway":null,"surface":null,"source":"OpenStreetMap"},"geometry":{"type":"LineString","coordinates":[[121.4516285,25.0063152],[121.4517189,25.0063245],[121.451833,25.0063362]]}},{"type":"Feature","id":712373736,"properties":{"osm_id":712373736,"name":"大觀橋","name_en":null,"highway":"tertiary","lanes":null,"oneway":null,"surface":null,"source":"OpenStreetMap"},"geometry":{"type":"LineString","coordinates":[[121.4523073,25.006385],[121.4523312,25.0063874],[121.4523961,25.0063941]]}},{"type":"Feature","id":712373737,"properties":{"osm_id":712373737,"name":"大觀橋","name_en":null,"highway":"tertiary","lanes":null,"oneway":null,"surface":null,"source":"OpenStreetMap"},"geometry":{"type":"LineString","coordinates":[[121.451833,25.0063362],[121.4523073,25.006385]]}},{"type":"Feature","id":111447441,"properties":{"osm_id":111447441,"name":"大觀路一段","name_en":"Daguan Road Section 1","highway":"secondary","lanes":null,"oneway":null,"surface":"asphalt","source":"OpenStreetMap"},"geometry":{"type":"LineString","coordinates":[[121.450781,25.0085248],[121.4500578,25.008499]]}},{"type":"Feature","id":216592586,"properties":{"osm_id":216592586,"name":"大觀路一段","name_en":"Daguan Road Section 1","highway":"unclassified","lanes":"1","oneway":"yes","surface":"asphalt","source":"OpenStreetMap"},"geometry":{"type":"LineString","coordinates":[[121.4471066,25.0042284],[121.4471778,25.0045456],[121.4472218,25.0047206],[121.4473024,25.005102],[121.4472687,25.0052743]]}},{"type":"Feature","id":216702005,"properties":{"osm_id":216702005,"name":"大觀路一段","name_en":"Daguan Road Section 1","highway":"unclassified","lanes":"1","oneway":"yes","surface":"asphalt","source":"OpenStreetMap"},"geometry":{"type":"LineString","coordinates":[[121.4472687,25.0052743],[121.4471598,25.0051369],[121.4470448,25.0046837],[121.4469648,25.0043373],[121.4469395,25.0042586]]}},{"type":"Feature","id":369709787,"properties":{"osm_id":369709787,"name":"大觀路一段","name_en":"Daguan Road Section 1","highway":"secondary","lanes":null,"oneway":null,"surface":"asphalt","source":"OpenStreetMap"},"geometry":{"type":"LineString","coordinates":[[121.4500578,25.008499],[121.449604,25.0084663],[121.4495187,25.0084601],[121.4494248,25.0084553],[121.4493497,25.0084456],[121.449221,25.008431],[121.4489638,25.0083511],[121.4488056,25.0082976],[121.4487009,25.0082514],[121.4484167,25.0080813],[121.4480948,25.0078066],[121.4478668,25.0074808],[121.4477516,25.0072432],[121.4474805,25.0061464],[121.4474296,25.0059324],[121.4472687,25.0052743]]}},{"type":"Feature","id":111449683,"properties":{"osm_id":111449683,"name":"大觀路一段28巷","name_en":"Lane 28, Section 1, Daguan Road","highway":"residential","lanes":null,"oneway":null,"surface":null,"source":"OpenStreetMap"},"geometry":{"type":"LineString","coordinates":[[121.4507451,25.0110081],[121.4505336,25.0110078],[121.4503378,25.0110334],[121.4500365,25.0110488],[121.4498013,25.0110455],[121.4497598,25.0110548]]}},{"type":"Feature","id":111449684,"properties":{"osm_id":111449684,"name":"大觀路一段28巷","name_en":"Lane 28, Section 1, Daguan Road","highway":"residential","lanes":null,"oneway":null,"surface":null,"source":"OpenStreetMap"},"geometry":{"type":"LineString","coordinates":[[121.4497598,25.0110548],[121.449807,25.0105565],[121.4498787,25.0097478],[121.4499176,25.0093834],[121.4499708,25.0090703],[121.4500221,25.0087252],[121.4500578,25.008499]]}},{"type":"Feature","id":216820767,"properties":{"osm_id":216820767,"name":"大觀路一段29巷","name_en":"Lane 29, Section 1, Daguan Road","highway":"unclassified","lanes":null,"oneway":null,"surface":null,"source":"OpenStreetMap"},"geometry":{"type":"LineString","coordinates":[[121.4500578,25.008499],[121.4502123,25.0077595],[121.4503819,25.006919],[121.4504975,25.0064379],[121.4505194,25.0058407],[121.4505258,25.0057756],[121.450565,25.0053791],[121.4505662,25.0053567],[121.4505805,25.0050765],[121.4505644,25.0047678],[121.4505188,25.0043934],[121.4504571,25.0041209],[121.4504438,25.0040128]]}},{"type":"Feature","id":216702001,"properties":{"osm_id":216702001,"name":"大觀路一段38巷","name_en":"Lane 38, Daguan Road Section 1","highway":"residential","lanes":null,"oneway":null,"surface":null,"source":"OpenStreetMap"},"geometry":{"type":"LineString","coordinates":[[121.4469395,25.0042586],[121.4468985,25.0042225],[121.446844,25.0041901],[121.4467826,25.0041747],[121.446431,25.0041991],[121.4461839,25.0042191],[121.4459088,25.0042372],[121.4456194,25.0042539]]}},{"type":"Feature","id":369709785,"properties":{"osm_id":369709785,"name":"大觀路一段38巷","name_en":"Lane 38, Daguan Road Section 1","highway":"residential","lanes":null,"oneway":null,"surface":null,"source":"OpenStreetMap"},"geometry":{"type":"LineString","coordinates":[[121.4449041,25.0042891],[121.4448412,25.0042927],[121.4445744,25.0043106],[121.444514,25.0043126],[121.4436923,25.0043632],[121.4429895,25.0044174],[121.4427142,25.004444],[121.4425542,25.0044682],[121.442419,25.0044886],[121.4423163,25.0045041],[121.441562,25.0046192],[121.4413985,25.0046389]]}},{"type":"Feature","id":1377973799,"properties":{"osm_id":1377973799,"name":"大觀路一段38巷","name_en":"Lane 38, Daguan Road Section 1","highway":"residential","lanes":"3","oneway":null,"surface":null,"source":"OpenStreetMap"},"geometry":{"type":"LineString","coordinates":[[121.4456194,25.0042539],[121.4450818,25.0042794],[121.4449041,25.0042891]]}},{"type":"Feature","id":216574041,"properties":{"osm_id":216574041,"name":"大觀路一段38巷156弄","name_en":null,"highway":"residential","lanes":null,"oneway":null,"surface":null,"source":"OpenStreetMap"},"geometry":{"type":"LineString","coordinates":[[121.4443114,25.0097215],[121.444291,25.0096903],[121.444254,25.0096347],[121.4441516,25.0094809],[121.4439923,25.0092345],[121.4438663,25.0090422],[121.4437421,25.008854],[121.4435987,25.0086368],[121.4435836,25.0086094],[121.4434799,25.008455],[121.4433852,25.0082247],[121.4433378,25.0080277],[121.4432766,25.0077281],[121.4432578,25.007636],[121.4432603,25.007353],[121.4431504,25.00695],[121.4430603,25.0067816],[121.442978,25.0066081],[121.4427781,25.0062367],[121.4426634,25.0059579],[121.4426607,25.0059514],[121.4425932,25.0057092],[121.4424298,25.0049236],[121.4423201,25.0046018],[121.4423176,25.0045475],[121.4423163,25.0045041],[121.4423042,25.0041179],[121.442226,25.0039908],[121.442194,25.0039287],[121.4421268,25.003792],[121.4420135,25.0035917],[121.4420002,25.0035646],[121.4418722,25.003331],[121.4417416,25.0031008],[121.4417248,25.0030759],[121.4415845,25.0028227],[121.4414998,25.0026872],[121.441344,25.0024003],[121.4412397,25.0021307],[121.4411752,25.0020054],[121.4410834,25.0018269],[121.4410569,25.0017713]]}},{"type":"Feature","id":29564238,"properties":{"osm_id":29564238,"name":"大觀路二段","name_en":"Daguan Road Section 2","highway":"secondary","lanes":null,"oneway":null,"surface":"asphalt","source":"OpenStreetMap"},"geometry":{"type":"LineString","coordinates":[[121.4466457,25.0028547],[121.4466055,25.0026748],[121.446517,25.002405],[121.4464707,25.0022778],[121.4464325,25.0021729],[121.4463305,25.0020027],[121.4461971,25.0018125],[121.4460737,25.0016423],[121.4459705,25.0015025],[121.4457028,25.0011702],[121.4456405,25.0010929],[121.4454112,25.0007939],[121.4450384,25.0003199],[121.4448532,25.0001165],[121.4448482,25.0001098],[121.4447214,24.999955],[121.4446611,24.9998841],[121.4445329,24.9997334],[121.4442945,24.9995248],[121.44416,24.9994353],[121.4440118,24.9993635],[121.4437426,24.999254],[121.4430066,24.9990583],[121.4428477,24.9990504],[121.4426659,24.9990025],[121.4425916,24.9989833]]}},{"type":"Feature","id":256389598,"properties":{"osm_id":256389598,"name":"大觀路二段","name_en":"Daguan Road Section 2","highway":"unclassified","lanes":null,"oneway":"yes","surface":null,"source":"OpenStreetMap"},"geometry":{"type":"LineString","coordinates":[[121.4468247,25.003891],[121.4467189,25.003462],[121.4466725,25.0032825],[121.446578,25.0029378],[121.4466457,25.0028547]]}},{"type":"Feature","id":343472299,"properties":{"osm_id":343472299,"name":"大觀路二段","name_en":"Daguan Road Section 2","highway":"unclassified","lanes":null,"oneway":"yes","surface":null,"source":"OpenStreetMap"},"geometry":{"type":"LineString","coordinates":[[121.4466457,25.0028547],[121.4467219,25.0028961],[121.4467372,25.0029427],[121.4468025,25.0031783],[121.4468106,25.0032075],[121.4468406,25.0033256],[121.4469005,25.0035755],[121.4469712,25.0038597]]}},{"type":"Feature","id":256389600,"properties":{"osm_id":256389600,"name":"大觀路二段59巷","name_en":null,"highway":"residential","lanes":null,"oneway":null,"surface":null,"source":"OpenStreetMap"},"geometry":{"type":"LineString","coordinates":[[121.4466055,25.0026748],[121.4476325,25.002326]]}},{"type":"Feature","id":267221549,"properties":{"osm_id":267221549,"name":"大觀路二段力行一巷","name_en":null,"highway":"residential","lanes":null,"oneway":null,"surface":null,"source":"OpenStreetMap"},"geometry":{"type":"LineString","coordinates":[[121.4459892,24.9989098],[121.4442945,24.9995248]]}},{"type":"Feature","id":127687356,"properties":{"osm_id":127687356,"name":"大豐街","name_en":"Dafeng Street","highway":"residential","lanes":null,"oneway":null,"surface":null,"source":"OpenStreetMap"},"geometry":{"type":"LineString","coordinates":[[121.4628193,25.0015038],[121.4624213,25.0014288],[121.4624049,25.0014847],[121.4619603,25.0013732],[121.4612468,25.0011943],[121.4608484,25.0010944]]}},{"type":"Feature","id":127980103,"properties":{"osm_id":127980103,"name":"大豐街","name_en":"Dafeng Street","highway":"residential","lanes":null,"oneway":null,"surface":null,"source":"OpenStreetMap"},"geometry":{"type":"LineString","coordinates":[[121.4619603,25.0013732],[121.4620463,25.0010746],[121.462118,25.0007746],[121.4616375,25.0006502]]}},{"type":"Feature","id":127980104,"properties":{"osm_id":127980104,"name":"大豐街","name_en":"Dafeng Street","highway":"residential","lanes":null,"oneway":null,"surface":null,"source":"OpenStreetMap"},"geometry":{"type":"LineString","coordinates":[[121.4624213,25.0014288],[121.4624647,25.0011759],[121.4620463,25.0010746],[121.4613217,25.0008991],[121.4612468,25.0011943]]}},{"type":"Feature","id":288140447,"properties":{"osm_id":288140447,"name":"太和街","name_en":"Taihe Street","highway":"residential","lanes":null,"oneway":null,"surface":null,"source":"OpenStreetMap"},"geometry":{"type":"LineString","coordinates":[[121.474197,25.0194505],[121.4739219,25.0197621],[121.4737256,25.0199806],[121.4735959,25.0201264]]}},{"type":"Feature","id":1088767478,"properties":{"osm_id":1088767478,"name":"太和街","name_en":"Taihe Street","highway":"residential","lanes":null,"oneway":"yes","surface":null,"source":"OpenStreetMap"},"geometry":{"type":"LineString","coordinates":[[121.4734569,25.0202875],[121.4735959,25.0201264]]}},{"type":"Feature","id":188846499,"properties":{"osm_id":188846499,"name":"宮口街","name_en":null,"highway":"residential","lanes":null,"oneway":null,"surface":"asphalt","source":"OpenStreetMap"},"geometry":{"type":"LineString","coordinates":[[121.4572994,25.0107511],[121.4573339,25.0105857],[121.4573762,25.0102364],[121.4573976,25.0097509],[121.4573922,25.0095226]]}},{"type":"Feature","id":1088766932,"properties":{"osm_id":1088766932,"name":"富山街","name_en":"Fushan Street","highway":"residential","lanes":null,"oneway":null,"surface":null,"source":"OpenStreetMap"},"geometry":{"type":"LineString","coordinates":[[121.4760978,25.0219177],[121.4759324,25.0220193]]}},{"type":"Feature","id":111808370,"properties":{"osm_id":111808370,"name":"實踐路","name_en":"Shijian Road","highway":"tertiary","lanes":"3","oneway":"no","surface":"asphalt","source":"OpenStreetMap"},"geometry":{"type":"LineString","coordinates":[[121.4632457,25.0093859],[121.4632547,25.0092081],[121.463524,25.0078157],[121.4635389,25.007739]]}},{"type":"Feature","id":325213928,"properties":{"osm_id":325213928,"name":"實踐路","name_en":"Shijian Road","highway":"tertiary","lanes":null,"oneway":"no","surface":"asphalt","source":"OpenStreetMap"},"geometry":{"type":"LineString","coordinates":[[121.4635389,25.007739],[121.463548,25.0076643],[121.4635806,25.007513],[121.4636444,25.0071914],[121.4637596,25.0066206],[121.4637842,25.0064892],[121.463787,25.0064728],[121.4638739,25.0060072],[121.463995,25.0053796],[121.4641252,25.0047263],[121.4642175,25.0042356],[121.4643954,25.0033202],[121.4644157,25.0032144],[121.4644731,25.0029168],[121.464526,25.0026514],[121.4645412,25.0025622]]}},{"type":"Feature","id":127030481,"properties":{"osm_id":127030481,"name":"實踐路93巷","name_en":"Lane 93, Shijian Road","highway":"residential","lanes":null,"oneway":null,"surface":null,"source":"OpenStreetMap"},"geometry":{"type":"LineString","coordinates":[[121.463995,25.0053796],[121.4640705,25.0053982],[121.4645641,25.0054916],[121.4648002,25.0054153],[121.4650009,25.0053508],[121.4654471,25.0052075],[121.465791,25.005097],[121.4658887,25.0050657],[121.4659979,25.0050306],[121.4662874,25.0049374],[121.4666681,25.004823],[121.466966,25.0047308],[121.4670425,25.0048874],[121.4674136,25.0058748],[121.4670915,25.0059806]]}},{"type":"Feature","id":1229606350,"properties":{"osm_id":1229606350,"name":"市民街","name_en":"Shimin Street","highway":"residential","lanes":null,"oneway":"no","surface":null,"source":"OpenStreetMap"},"geometry":{"type":"LineString","coordinates":[[121.466115,25.0010878],[121.4661678,25.001095],[121.4666172,25.0011647],[121.4667389,25.0011885],[121.4672993,25.0012641],[121.4675581,25.0013063],[121.4677093,25.001329],[121.4682294,25.0014045],[121.4683296,25.0014185],[121.4687606,25.0014839],[121.4688712,25.0014868]]}},{"type":"Feature","id":444597107,"properties":{"osm_id":444597107,"name":"市民街16巷","name_en":null,"highway":"residential","lanes":null,"oneway":null,"surface":null,"source":"OpenStreetMap"},"geometry":{"type":"LineString","coordinates":[[121.4683296,25.0014185],[121.4683075,25.0015668],[121.4682056,25.0022359],[121.4675897,25.0021142]]}},{"type":"Feature","id":214573844,"properties":{"osm_id":214573844,"name":"幸福路","name_en":null,"highway":"residential","lanes":null,"oneway":null,"surface":null,"source":"OpenStreetMap"},"geometry":{"type":"LineString","coordinates":[[121.4606624,25.0199132],[121.4608801,25.0199823],[121.4611279,25.0200667],[121.4615249,25.0201924],[121.4617143,25.0202553],[121.461969,25.0203319],[121.4621841,25.0203893],[121.4622177,25.0203407],[121.462321,25.0203485]]}},{"type":"Feature","id":355904031,"properties":{"osm_id":355904031,"name":"幸福路32巷","name_en":null,"highway":"residential","lanes":null,"oneway":null,"surface":null,"source":"OpenStreetMap"},"geometry":{"type":"LineString","coordinates":[[121.4603438,25.0221579],[121.4609099,25.0212754]]}},{"type":"Feature","id":111447446,"properties":{"osm_id":111447446,"name":"府中路","name_en":"Fuzhong Road","highway":"unclassified","lanes":"4","oneway":"no","surface":"asphalt","source":"OpenStreetMap"},"geometry":{"type":"LineString","coordinates":[[121.457809,25.009513],[121.4584715,25.0091365],[121.4591077,25.0087743]]}},{"type":"Feature","id":111447459,"properties":{"osm_id":111447459,"name":"府中路","name_en":"Fuzhong Road","highway":"residential","lanes":null,"oneway":null,"surface":"asphalt","source":"OpenStreetMap"},"geometry":{"type":"LineString","coordinates":[[121.4603816,25.009722],[121.4603021,25.0097343],[121.4602132,25.009748],[121.4595791,25.0096358]]}},{"type":"Feature","id":242376066,"properties":{"osm_id":242376066,"name":"府中路","name_en":"Fuzhong Road","highway":"residential","lanes":null,"oneway":null,"surface":null,"source":"OpenStreetMap"},"geometry":{"type":"LineString","coordinates":[[121.457809,25.009513],[121.4573922,25.0095226],[121.4566093,25.009548],[121.4561356,25.009566],[121.4559436,25.0095623],[121.4555162,25.0094892],[121.4549538,25.0093629],[121.4543282,25.0092224]]}},{"type":"Feature","id":316902152,"properties":{"osm_id":316902152,"name":"府中路","name_en":"Fuzhong Road","highway":"residential","lanes":null,"oneway":null,"surface":"asphalt","source":"OpenStreetMap"},"geometry":{"type":"LineString","coordinates":[[121.4543282,25.0092224],[121.4541965,25.0091977],[121.4539555,25.0091457],[121.453661,25.0090711],[121.4534766,25.0089906],[121.4533847,25.0089313],[121.4533283,25.0088422],[121.4533192,25.0087318],[121.4533555,25.0086274]]}},{"type":"Feature","id":127030472,"properties":{"osm_id":127030472,"name":"府後街","name_en":"Fuhou Street","highway":"residential","lanes":null,"oneway":"no","surface":null,"source":"OpenStreetMap"},"geometry":{"type":"LineString","coordinates":[[121.4583817,25.0107404],[121.4587789,25.010359]]}},{"type":"Feature","id":521989265,"properties":{"osm_id":521989265,"name":"府後街","name_en":"Fuhou Street","highway":"residential","lanes":null,"oneway":null,"surface":null,"source":"OpenStreetMap"},"geometry":{"type":"LineString","coordinates":[[121.4587789,25.010359],[121.4590362,25.0101309],[121.4590841,25.0100872],[121.4595791,25.0096358]]}},{"type":"Feature","id":228864086,"properties":{"osm_id":228864086,"name":"建國街","name_en":null,"highway":"residential","lanes":null,"oneway":null,"surface":null,"source":"OpenStreetMap"},"geometry":{"type":"LineString","coordinates":[[121.4617213,25.017645],[121.4615101,25.0176091],[121.4608251,25.0176257],[121.460607,25.0176094],[121.4603355,25.0175722],[121.4598511,25.0173852],[121.4587907,25.017147],[121.45821,25.0170224],[121.4580074,25.0169783],[121.4578597,25.0169461],[121.4577982,25.0169345],[121.457462,25.0168709],[121.4572326,25.016894],[121.4569332,25.0168669],[121.4566005,25.0167463]]}},{"type":"Feature","id":128795581,"properties":{"osm_id":128795581,"name":"後埔街","name_en":"Houpu Street","highway":"residential","lanes":null,"oneway":"yes","surface":null,"source":"OpenStreetMap"},"geometry":{"type":"LineString","coordinates":[[121.460223,25.0071975],[121.4603414,25.0068241],[121.4603826,25.0066343],[121.4604006,25.0063898],[121.4604819,25.0061193],[121.4606054,25.0055378],[121.4606204,25.0054728],[121.4607233,25.0048383]]}},{"type":"Feature","id":259192933,"properties":{"osm_id":259192933,"name":"後菜園街","name_en":null,"highway":"residential","lanes":null,"oneway":null,"surface":null,"source":"OpenStreetMap"},"geometry":{"type":"LineString","coordinates":[[121.4578297,25.010357],[121.4577157,25.0103132],[121.4573762,25.0102364],[121.4570428,25.0101778],[121.4567902,25.0101349],[121.4560515,25.0100527],[121.4560116,25.0100398]]}},{"type":"Feature","id":273644766,"properties":{"osm_id":273644766,"name":"後菜園街","name_en":null,"highway":"residential","lanes":null,"oneway":null,"surface":null,"source":"OpenStreetMap"},"geometry":{"type":"LineString","coordinates":[[121.4554194,25.0098812],[121.4560116,25.0100398]]}},{"type":"Feature","id":273643359,"properties":{"osm_id":273643359,"name":"後菜寮街2巷","name_en":null,"highway":"residential","lanes":null,"oneway":null,"surface":null,"source":"OpenStreetMap"},"geometry":{"type":"LineString","coordinates":[[121.4568355,25.0107347],[121.4570428,25.0101778]]}},{"type":"Feature","id":273643358,"properties":{"osm_id":273643358,"name":"後菜寮街32巷","name_en":null,"highway":"residential","lanes":null,"oneway":"no","surface":null,"source":"OpenStreetMap"},"geometry":{"type":"LineString","coordinates":[[121.4566092,25.0106559],[121.4567902,25.0101349]]}},{"type":"Feature","id":228864130,"properties":{"osm_id":228864130,"name":"復興街","name_en":null,"highway":"residential","lanes":null,"oneway":null,"surface":null,"source":"OpenStreetMap"},"geometry":{"type":"LineString","coordinates":[[121.4610965,25.0180571],[121.4597588,25.0177742],[121.4586945,25.017541],[121.4582355,25.0174451],[121.4579035,25.0173727],[121.457447,25.0172619]]}},{"type":"Feature","id":356066672,"properties":{"osm_id":356066672,"name":"復興街","name_en":null,"highway":"residential","lanes":null,"oneway":null,"surface":null,"source":"OpenStreetMap"},"geometry":{"type":"LineString","coordinates":[[121.4615101,25.0176091],[121.4615111,25.0179086]]}},{"type":"Feature","id":447729449,"properties":{"osm_id":447729449,"name":"復興街","name_en":null,"highway":"residential","lanes":null,"oneway":null,"surface":null,"source":"OpenStreetMap"},"geometry":{"type":"LineString","coordinates":[[121.4615111,25.0179086],[121.4610052,25.0179261]]}},{"type":"Feature","id":125911216,"properties":{"osm_id":125911216,"name":"德光路","name_en":"Deguang Road","highway":"tertiary","lanes":"2","oneway":"no","surface":"asphalt","source":"OpenStreetMap"},"geometry":{"type":"LineString","coordinates":[[121.4720758,25.0048197],[121.4711042,25.0044387],[121.4709899,25.0043926],[121.4707221,25.004288],[121.4704018,25.0041525],[121.4700974,25.0040287],[121.4693665,25.0037252],[121.4688308,25.0035108]]}},{"type":"Feature","id":297240246,"properties":{"osm_id":297240246,"name":"德光路","name_en":"Deguang Road","highway":"tertiary","lanes":null,"oneway":null,"surface":"asphalt","source":"OpenStreetMap"},"geometry":{"type":"LineString","coordinates":[[121.4688308,25.0035108],[121.4687118,25.0034656],[121.468443,25.0033644],[121.4680066,25.0031846],[121.4678238,25.0031093]]}},{"type":"Feature","id":483613191,"properties":{"osm_id":483613191,"name":"德光路","name_en":"Deguang Road","highway":"residential","lanes":null,"oneway":null,"surface":null,"source":"OpenStreetMap"},"geometry":{"type":"LineString","coordinates":[[121.4682056,25.0022359],[121.4681224,25.0027118],[121.4680066,25.0031846]]}},{"type":"Feature","id":288160104,"properties":{"osm_id":288160104,"name":"德光路96巷","name_en":null,"highway":"residential","lanes":null,"oneway":null,"surface":null,"source":"OpenStreetMap"},"geometry":{"type":"LineString","coordinates":[[121.4687118,25.0034656],[121.4685476,25.003787],[121.4684303,25.0040252],[121.4683107,25.0042664]]}},{"type":"Feature","id":126975991,"properties":{"osm_id":126975991,"name":"忠孝路","name_en":"Zhongxiao Road","highway":"tertiary","lanes":null,"oneway":"no","surface":"asphalt","source":"OpenStreetMap"},"geometry":{"type":"LineString","coordinates":[[121.4678238,25.0031093],[121.4676401,25.0030474],[121.4674872,25.0030218],[121.4670666,25.0029596],[121.4664096,25.0028542],[121.4662046,25.0028237],[121.4656349,25.0027236],[121.4652782,25.0026635],[121.4651387,25.0026392],[121.4645412,25.0025622]]}},{"type":"Feature","id":325213931,"properties":{"osm_id":325213931,"name":"忠孝路","name_en":"Zhongxiao Road","highway":"tertiary","lanes":null,"oneway":"no","surface":"asphalt","source":"OpenStreetMap"},"geometry":{"type":"LineString","coordinates":[[121.4627018,25.0022587],[121.4620926,25.0021935],[121.461464,25.0020934],[121.4612695,25.0020727],[121.4610832,25.002035],[121.4606701,25.0019767],[121.4603341,25.0019215],[121.4600425,25.0018564],[121.4598306,25.0018078],[121.4593114,25.0017593]]}},{"type":"Feature","id":326955637,"properties":{"osm_id":326955637,"name":"忠孝路","name_en":"Zhongxiao Road","highway":"tertiary","lanes":null,"oneway":"no","surface":"asphalt","source":"OpenStreetMap"},"geometry":{"type":"LineString","coordinates":[[121.4645412,25.0025622],[121.4639674,25.0024767],[121.463899,25.0024704],[121.4637453,25.0024423],[121.463188,25.002343],[121.4627018,25.0022587]]}},{"type":"Feature","id":552361816,"properties":{"osm_id":552361816,"name":"忠孝路","name_en":null,"highway":"residential","lanes":"1","oneway":null,"surface":"asphalt","source":"OpenStreetMap"},"geometry":{"type":"LineString","coordinates":[[121.4630799,25.0030009],[121.463188,25.002343]]}},{"type":"Feature","id":330875434,"properties":{"osm_id":330875434,"name":"忠孝路154巷","name_en":null,"highway":"residential","lanes":null,"oneway":null,"surface":null,"source":"OpenStreetMap"},"geometry":{"type":"LineString","coordinates":[[121.4639674,25.0024767],[121.4640398,25.0022239],[121.4640747,25.0020537],[121.4642035,25.0015846],[121.4643931,25.0008207]]}},{"type":"Feature","id":366059296,"properties":{"osm_id":366059296,"name":"忠孝路190巷","name_en":null,"highway":"residential","lanes":null,"oneway":null,"surface":null,"source":"OpenStreetMap"},"geometry":{"type":"LineString","coordinates":[[121.4662662,25.0021748],[121.4653488,25.002552],[121.465307,25.0025693],[121.4651387,25.0026392]]}},{"type":"Feature","id":129325531,"properties":{"osm_id":129325531,"name":"忠孝路201巷","name_en":"Lane 201, Zhongxiao Road","highway":"residential","lanes":null,"oneway":null,"surface":"asphalt","source":"OpenStreetMap"},"geometry":{"type":"LineString","coordinates":[[121.4649703,25.0027091],[121.4650737,25.0028117],[121.4649501,25.0034803],[121.4648721,25.003902],[121.4646517,25.00445],[121.4647367,25.0044985],[121.4645641,25.0054916]]}},{"type":"Feature","id":126672560,"properties":{"osm_id":126672560,"name":"忠孝路48巷","name_en":"Lane 48, Zhongxiao Road","highway":"residential","lanes":null,"oneway":null,"surface":null,"source":"OpenStreetMap"},"geometry":{"type":"LineString","coordinates":[[121.4606701,25.0019767],[121.460797,25.0013246],[121.4608009,25.0013044],[121.4608484,25.0010944],[121.4609127,25.0008001],[121.4609457,25.0007004],[121.461039,25.0004184],[121.4611413,25.0001132],[121.4613417,24.9997508],[121.46144,24.9995729],[121.4615006,24.9994722],[121.4616642,24.9992002],[121.4615823,24.9990297]]}},{"type":"Feature","id":127980117,"properties":{"osm_id":127980117,"name":"忠孝路48巷5弄","name_en":"Alley 5, Lane 48, Zhongxiao Road","highway":"residential","lanes":null,"oneway":null,"surface":null,"source":"OpenStreetMap"},"geometry":{"type":"LineString","coordinates":[[121.4609457,25.0007004],[121.4616203,25.0007653],[121.4616375,25.0006502]]}},{"type":"Feature","id":366058826,"properties":{"osm_id":366058826,"name":"忠孝路忠義巷","name_en":null,"highway":"residential","lanes":null,"oneway":null,"surface":null,"source":"OpenStreetMap"},"geometry":{"type":"LineString","coordinates":[[121.4671904,25.0039981],[121.4668648,25.0039306],[121.4665537,25.0038662],[121.4663093,25.0038156],[121.466233,25.0038025],[121.4658952,25.0037161],[121.4658333,25.0037325],[121.4657218,25.0036969],[121.4655909,25.0036552],[121.4655075,25.003616],[121.4654691,25.0036035],[121.4653401,25.0035616],[121.4652334,25.0035269],[121.4649501,25.0034803]]}},{"type":"Feature","id":129325536,"properties":{"osm_id":129325536,"name":"忠孝路忠義巷17弄","name_en":"Alley 17, Zhongyi Lane, Zhongxiao Road","highway":"residential","lanes":null,"oneway":null,"surface":null,"source":"OpenStreetMap"},"geometry":{"type":"LineString","coordinates":[[121.4658887,25.0050657],[121.466233,25.0038025]]}},{"type":"Feature","id":129325488,"properties":{"osm_id":129325488,"name":"忠孝路忠義巷23弄","name_en":null,"highway":"unclassified","lanes":null,"oneway":null,"surface":null,"source":"OpenStreetMap"},"geometry":{"type":"LineString","coordinates":[[121.466966,25.0047308],[121.4670376,25.0046519],[121.4670855,25.0044724],[121.46711,25.0043686],[121.467158,25.004126],[121.4671904,25.0039981]]}},{"type":"Feature","id":127460183,"properties":{"osm_id":127460183,"name":"懷仁街","name_en":null,"highway":"residential","lanes":null,"oneway":"no","surface":null,"source":"OpenStreetMap"},"geometry":{"type":"LineString","coordinates":[[121.4757763,25.0205014],[121.4761007,25.0200643],[121.4761921,25.0199342],[121.4763648,25.0196986],[121.4765257,25.019479],[121.4772463,25.0184958],[121.477272,25.0184607],[121.4774204,25.0182539],[121.4778029,25.017754]]}},{"type":"Feature","id":263510753,"properties":{"osm_id":263510753,"name":"成功路","name_en":null,"highway":"residential","lanes":null,"oneway":null,"surface":null,"source":"OpenStreetMap"},"geometry":{"type":"LineString","coordinates":[[121.4757024,25.0166414],[121.4755741,25.0168904],[121.4754865,25.017026],[121.4753417,25.0172495],[121.4750021,25.0177665],[121.4748545,25.0179913],[121.4742047,25.0176874]]}},{"type":"Feature","id":111808362,"properties":{"osm_id":111808362,"name":"成都街","name_en":"Chengdu Street","highway":"residential","lanes":null,"oneway":null,"surface":"asphalt","source":"OpenStreetMap"},"geometry":{"type":"LineString","coordinates":[[121.4597969,25.0047255],[121.4599373,25.0047402],[121.4599731,25.0047395],[121.4607233,25.0048383],[121.4612565,25.0049143],[121.4614509,25.0049474],[121.4617945,25.005006],[121.4621658,25.0050692],[121.4630238,25.0052184],[121.4630621,25.0052251],[121.4637079,25.0053316],[121.463995,25.0053796]]}},{"type":"Feature","id":128795582,"properties":{"osm_id":128795582,"name":"成都街20巷","name_en":"Lane 20, Chengdu Street","highway":"residential","lanes":null,"oneway":"yes","surface":null,"source":"OpenStreetMap"},"geometry":{"type":"LineString","coordinates":[[121.4607233,25.0048383],[121.4607886,25.0044057]]}},{"type":"Feature","id":28704360,"properties":{"osm_id":28704360,"name":"文化路一段","name_en":"Section 1, Wenhua Road","highway":"tertiary","lanes":"4","oneway":"no","surface":"asphalt","source":"OpenStreetMap"},"geometry":{"type":"LineString","coordinates":[[121.4601298,25.0126434],[121.4599911,25.012471],[121.4599803,25.0124576],[121.4595884,25.0119711],[121.4594038,25.0117756],[121.459288,25.0116711]]}},{"type":"Feature","id":41119342,"properties":{"osm_id":41119342,"name":"文化路一段","name_en":"Section 1, Wenhua Road","highway":"primary","lanes":null,"oneway":"yes","surface":"asphalt","source":"OpenStreetMap"},"geometry":{"type":"LineString","coordinates":[[121.4680863,25.0232742],[121.4679122,25.0229389]]}},{"type":"Feature","id":111317495,"properties":{"osm_id":111317495,"name":"文化路一段","name_en":"Section 1, Wenhua Road","highway":"primary","lanes":null,"oneway":"yes","surface":"asphalt","source":"OpenStreetMap"},"geometry":{"type":"LineString","coordinates":[[121.4601298,25.0126434],[121.4602861,25.0127517],[121.4604247,25.0128529]]}},{"type":"Feature","id":242376068,"properties":{"osm_id":242376068,"name":"文化路一段","name_en":"Section 1, Wenhua Road","highway":"primary","lanes":null,"oneway":"yes","surface":"asphalt","source":"OpenStreetMap"},"geometry":{"type":"LineString","coordinates":[[121.4670763,25.0215519],[121.4668932,25.0212649],[121.4666419,25.0209006],[121.4664562,25.0206374],[121.4664134,25.0205779],[121.4661737,25.0202526],[121.4658648,25.0198518],[121.4658262,25.0198039],[121.4657239,25.0196772],[121.4652481,25.0190884],[121.4648866,25.0186388],[121.464371,25.018003],[121.4642429,25.0178444],[121.4641827,25.0177699]]}},{"type":"Feature","id":244458309,"properties":{"osm_id":244458309,"name":"文化路一段","name_en":"Section 1, Wenhua Road","highway":"tertiary","lanes":null,"oneway":"yes","surface":"asphalt","source":"OpenStreetMap"},"geometry":{"type":"LineString","coordinates":[[121.4578952,25.0103125],[121.4578993,25.0102048],[121.4579002,25.0100437]]}},{"type":"Feature","id":248676574,"properties":{"osm_id":248676574,"name":"文化路一段","name_en":"Section 1, Wenhua Road","highway":"primary","lanes":null,"oneway":"yes","surface":"asphalt","source":"OpenStreetMap"},"geometry":{"type":"LineString","coordinates":[[121.4631848,25.0162543],[121.4632252,25.0163037],[121.4634843,25.01663],[121.4635291,25.0166864]]}},{"type":"Feature","id":248676575,"properties":{"osm_id":248676575,"name":"文化路一段","name_en":"Section 1, Wenhua Road","highway":"primary","lanes":null,"oneway":"yes","surface":"asphalt","source":"OpenStreetMap"},"geometry":{"type":"LineString","coordinates":[[121.4677728,25.0223877],[121.4679009,25.022635],[121.4679982,25.0228073]]}},{"type":"Feature","id":248676576,"properties":{"osm_id":248676576,"name":"文化路一段","name_en":"Section 1, Wenhua Road","highway":"primary","lanes":null,"oneway":"yes","surface":"asphalt","source":"OpenStreetMap"},"geometry":{"type":"LineString","coordinates":[[121.4629913,25.0163095],[121.4629126,25.0161981],[121.4625598,25.0157614],[121.4622767,25.015411],[121.4622387,25.015364],[121.4614035,25.0143304],[121.4613511,25.0142656]]}},{"type":"Feature","id":248676577,"properties":{"osm_id":248676577,"name":"文化路一段","name_en":"Section 1, Wenhua Road","highway":"primary","lanes":null,"oneway":"yes","surface":"asphalt","source":"OpenStreetMap"},"geometry":{"type":"LineString","coordinates":[[121.4613143,25.01422],[121.4612572,25.0141493],[121.4611027,25.0139582],[121.4604981,25.0132098],[121.4602813,25.0129415],[121.4602144,25.0128099],[121.4601298,25.0126434]]}},{"type":"Feature","id":310277822,"properties":{"osm_id":310277822,"name":"文化路一段","name_en":"Section 1, Wenhua Road","highway":"primary","lanes":null,"oneway":"yes","surface":"asphalt","source":"OpenStreetMap"},"geometry":{"type":"LineString","coordinates":[[121.4613511,25.0142656],[121.461339,25.0142506],[121.4613143,25.01422]]}},{"type":"Feature","id":317237308,"properties":{"osm_id":317237308,"name":"文化路一段","name_en":"Section 1, Wenhua Road","highway":"tertiary","lanes":null,"oneway":"yes","surface":null,"source":"OpenStreetMap"},"geometry":{"type":"LineString","coordinates":[[121.4579002,25.0100437],[121.4579367,25.0101782],[121.4579529,25.0102371],[121.4580727,25.010456]]}},{"type":"Feature","id":317237309,"properties":{"osm_id":317237309,"name":"文化路一段","name_en":"Section 1, Wenhua Road","highway":"tertiary","lanes":null,"oneway":null,"surface":"asphalt","source":"OpenStreetMap"},"geometry":{"type":"LineString","coordinates":[[121.4579002,25.0100437],[121.4578789,25.0099751],[121.4578428,25.0097959],[121.457809,25.009513]]}},{"type":"Feature","id":317237310,"properties":{"osm_id":317237310,"name":"文化路一段","name_en":"Section 1, Wenhua Road","highway":"tertiary","lanes":null,"oneway":"yes","surface":"asphalt","source":"OpenStreetMap"},"geometry":{"type":"LineString","coordinates":[[121.4580727,25.010456],[121.4579598,25.0103535],[121.4578952,25.0103125]]}},{"type":"Feature","id":326969445,"properties":{"osm_id":326969445,"name":"文化路一段","name_en":"Section 1, Wenhua Road","highway":"primary","lanes":null,"oneway":"yes","surface":"asphalt","source":"OpenStreetMap"},"geometry":{"type":"LineString","coordinates":[[121.4641448,25.017723],[121.4640704,25.017631],[121.4638598,25.0173703],[121.4634165,25.0168217],[121.4633396,25.0167265],[121.4630786,25.0164035],[121.4629913,25.0163095]]}},{"type":"Feature","id":327350099,"properties":{"osm_id":327350099,"name":"文化路一段","name_en":"Section 1, Wenhua Road","highway":"primary","lanes":null,"oneway":"yes","surface":"asphalt","source":"OpenStreetMap"},"geometry":{"type":"LineString","coordinates":[[121.4642545,25.0176169],[121.4642962,25.0176775]]}},{"type":"Feature","id":337591651,"properties":{"osm_id":337591651,"name":"文化路一段","name_en":"Section 1, Wenhua Road","highway":"primary","lanes":null,"oneway":"yes","surface":"asphalt","source":"OpenStreetMap"},"geometry":{"type":"LineString","coordinates":[[121.4635291,25.0166864],[121.4641881,25.0175207],[121.4642545,25.0176169]]}},{"type":"Feature","id":337591653,"properties":{"osm_id":337591653,"name":"文化路一段","name_en":"Section 1, Wenhua Road","highway":"primary","lanes":null,"oneway":"yes","surface":"asphalt","source":"OpenStreetMap"},"geometry":{"type":"LineString","coordinates":[[121.465951,25.0197105],[121.4659923,25.0197601],[121.4662318,25.0200558],[121.466391,25.0202537],[121.4665702,25.0204808],[121.4666059,25.0205286],[121.4669964,25.0210812],[121.4670827,25.0212113],[121.4671674,25.0213422],[121.4672505,25.0214739],[121.4677728,25.0223877]]}},{"type":"Feature","id":338478393,"properties":{"osm_id":338478393,"name":"文化路一段","name_en":"Section 1, Wenhua Road","highway":"primary","lanes":null,"oneway":"yes","surface":"asphalt","source":"OpenStreetMap"},"geometry":{"type":"LineString","coordinates":[[121.4642962,25.0176775],[121.4643604,25.0177706],[121.4646752,25.0181555],[121.465225,25.018824],[121.4654468,25.0190943],[121.4658551,25.0195915],[121.465951,25.0197105]]}},{"type":"Feature","id":338800268,"properties":{"osm_id":338800268,"name":"文化路一段","name_en":"Section 1, Wenhua Road","highway":"tertiary","lanes":"4","oneway":"no","surface":"asphalt","source":"OpenStreetMap"},"geometry":{"type":"LineString","coordinates":[[121.459288,25.0116711],[121.4583817,25.0107404],[121.4581455,25.0105148],[121.4580727,25.010456]]}},{"type":"Feature","id":364219985,"properties":{"osm_id":364219985,"name":"文化路一段","name_en":"Section 1, Wenhua Road","highway":"primary","lanes":null,"oneway":"yes","surface":"asphalt","source":"OpenStreetMap"},"geometry":{"type":"LineString","coordinates":[[121.4604516,25.0128844],[121.4605039,25.0130047],[121.4613659,25.0140815],[121.4614201,25.0141493],[121.4614584,25.0141973],[121.46151,25.0142615],[121.4623793,25.0153476],[121.4630096,25.0161349],[121.4631331,25.016189]]}},{"type":"Feature","id":402156560,"properties":{"osm_id":402156560,"name":"文化路一段","name_en":"Section 1, Wenhua Road","highway":"primary","lanes":null,"oneway":"yes","surface":"asphalt","source":"OpenStreetMap"},"geometry":{"type":"LineString","coordinates":[[121.4676731,25.0224999],[121.4676212,25.0223964],[121.467483,25.0221935],[121.4673993,25.0220525],[121.4673211,25.021957],[121.4672137,25.0217761],[121.4670763,25.0215519]]}},{"type":"Feature","id":818934447,"properties":{"osm_id":818934447,"name":"文化路一段","name_en":"Section 1, Wenhua Road","highway":"primary","lanes":null,"oneway":"yes","surface":"asphalt","source":"OpenStreetMap"},"geometry":{"type":"LineString","coordinates":[[121.4604247,25.0128529],[121.4604516,25.0128844]]}},{"type":"Feature","id":906806099,"properties":{"osm_id":906806099,"name":"文化路一段","name_en":"Section 1, Wenhua Road","highway":"primary","lanes":null,"oneway":"yes","surface":"asphalt","source":"OpenStreetMap"},"geometry":{"type":"LineString","coordinates":[[121.4631331,25.016189],[121.4631848,25.0162543]]}},{"type":"Feature","id":1429192667,"properties":{"osm_id":1429192667,"name":"文化路一段","name_en":"Section 1, Wenhua Road","highway":"primary","lanes":null,"oneway":"yes","surface":"asphalt","source":"OpenStreetMap"},"geometry":{"type":"LineString","coordinates":[[121.4679982,25.0228073],[121.4681825,25.0231284]]}},{"type":"Feature","id":1458150799,"properties":{"osm_id":1458150799,"name":"文化路一段","name_en":"Section 1, Wenhua Road","highway":"primary","lanes":null,"oneway":"yes","surface":"asphalt","source":"OpenStreetMap"},"geometry":{"type":"LineString","coordinates":[[121.4641827,25.0177699],[121.4641448,25.017723]]}},{"type":"Feature","id":1458150800,"properties":{"osm_id":1458150800,"name":"文化路一段","name_en":"Section 1, Wenhua Road","highway":"primary","lanes":null,"oneway":"yes","surface":"asphalt","source":"OpenStreetMap"},"geometry":{"type":"LineString","coordinates":[[121.4679122,25.0229389],[121.4677784,25.0226934],[121.4676731,25.0224999]]}},{"type":"Feature","id":288089698,"properties":{"osm_id":288089698,"name":"文化路一段32巷","name_en":"Lane 32, Section 1, Wenhua Road","highway":"residential","lanes":null,"oneway":null,"surface":null,"source":"OpenStreetMap"},"geometry":{"type":"LineString","coordinates":[[121.4609135,25.0103309],[121.460857,25.0103685],[121.4603924,25.0106777],[121.4600805,25.0109047],[121.4599665,25.0110452],[121.4597056,25.0112883],[121.459288,25.0116711]]}},{"type":"Feature","id":41119340,"properties":{"osm_id":41119340,"name":"文化路二段","name_en":"Section 2, Wenhua Road","highway":"primary","lanes":null,"oneway":"yes","surface":"asphalt","source":"OpenStreetMap"},"geometry":{"type":"LineString","coordinates":[[121.46843,25.023575],[121.4685244,25.0237412],[121.4685802,25.0238393],[121.4686221,25.0239131],[121.4688471,25.0243057],[121.4689658,25.0245164],[121.4692326,25.0249806],[121.469272,25.0250501]]}},{"type":"Feature","id":316477850,"properties":{"osm_id":316477850,"name":"文化路二段","name_en":"Section 2, Wenhua Road","highway":"primary","lanes":"3","oneway":"yes","surface":"asphalt","source":"OpenStreetMap"},"geometry":{"type":"LineString","coordinates":[[121.4705533,25.027679],[121.4704714,25.0275469],[121.4702008,25.027054],[121.4701793,25.0270062],[121.469925,25.0265589],[121.4698353,25.0263829],[121.4697507,25.0262354],[121.4697113,25.026166],[121.4696124,25.0259774],[121.4691528,25.0251902],[121.4691149,25.0251198]]}},{"type":"Feature","id":1452287393,"properties":{"osm_id":1452287393,"name":"文化路二段","name_en":"Section 2, Wenhua Road","highway":"primary","lanes":"3","oneway":"yes","surface":"asphalt","source":"OpenStreetMap"},"geometry":{"type":"LineString","coordinates":[[121.4691149,25.0251198],[121.4690789,25.025051],[121.4689393,25.0248005],[121.468822,25.0245831],[121.4687927,25.0245309],[121.4685107,25.0240393]]}},{"type":"Feature","id":1452287395,"properties":{"osm_id":1452287395,"name":"文化路二段","name_en":"Section 2, Wenhua Road","highway":"primary","lanes":null,"oneway":"yes","surface":"asphalt","source":"OpenStreetMap"},"geometry":{"type":"LineString","coordinates":[[121.469272,25.0250501],[121.4693036,25.0251142],[121.4698882,25.0261446],[121.4699485,25.0262484],[121.4699835,25.0263179],[121.4703289,25.0269376],[121.4703525,25.0269824],[121.4706132,25.0274699],[121.4706962,25.0276068]]}},{"type":"Feature","id":1458113076,"properties":{"osm_id":1458113076,"name":"文化路二段","name_en":"Section 2, Wenhua Road","highway":"primary","lanes":"3","oneway":"yes","surface":"asphalt","source":"OpenStreetMap"},"geometry":{"type":"LineString","coordinates":[[121.4685107,25.0240393],[121.4684007,25.0238429],[121.4681666,25.0234252],[121.4680863,25.0232742]]}},{"type":"Feature","id":1458117097,"properties":{"osm_id":1458117097,"name":"文化路二段","name_en":"Section 2, Wenhua Road","highway":"primary","lanes":null,"oneway":"yes","surface":"asphalt","source":"OpenStreetMap"},"geometry":{"type":"LineString","coordinates":[[121.4681825,25.0231284],[121.4683074,25.023371],[121.4683144,25.0233846],[121.46843,25.023575]]}},{"type":"Feature","id":126672526,"properties":{"osm_id":126672526,"name":"文化路二段124巷","name_en":"Lane 124, Section 2, Wenhua Road","highway":"residential","lanes":null,"oneway":null,"surface":null,"source":"OpenStreetMap"},"geometry":{"type":"LineString","coordinates":[[121.4718892,25.0253346],[121.4714689,25.0255272],[121.4709384,25.0257806],[121.4700198,25.0262147],[121.4699485,25.0262484]]}},{"type":"Feature","id":214920065,"properties":{"osm_id":214920065,"name":"文化路二段124巷34弄","name_en":null,"highway":"residential","lanes":null,"oneway":null,"surface":null,"source":"OpenStreetMap"},"geometry":{"type":"LineString","coordinates":[[121.4703815,25.0256532],[121.4706524,25.0255281],[121.4707948,25.0254664],[121.4710075,25.0253703],[121.4713048,25.0252308],[121.4714689,25.0255272]]}},{"type":"Feature","id":244458308,"properties":{"osm_id":244458308,"name":"文化路公車專用道","name_en":"Wenhua Road Bus Lane","highway":"primary","lanes":null,"oneway":"yes","surface":"asphalt","source":"OpenStreetMap"},"geometry":{"type":"LineString","coordinates":[[121.4614857,25.0141055],[121.4615256,25.0141545]]}},{"type":"Feature","id":818694798,"properties":{"osm_id":818694798,"name":"文化路公車專用道","name_en":"Wenhua Road Bus Lane","highway":"primary","lanes":null,"oneway":"yes","surface":"asphalt","source":"OpenStreetMap"},"geometry":{"type":"LineString","coordinates":[[121.4615256,25.0141545],[121.4615773,25.0142179],[121.4624578,25.0152987],[121.4630942,25.0160799],[121.4631331,25.016189]]}},{"type":"Feature","id":818934449,"properties":{"osm_id":818934449,"name":"文化路公車專用道","name_en":"Wenhua Road Bus Lane","highway":"primary","lanes":null,"oneway":"yes","surface":"asphalt","source":"OpenStreetMap"},"geometry":{"type":"LineString","coordinates":[[121.4604516,25.0128844],[121.4605603,25.0129695],[121.4614324,25.0140401],[121.4614857,25.0141055]]}},{"type":"Feature","id":127657865,"properties":{"osm_id":127657865,"name":"文德路","name_en":"Wende Road","highway":"residential","lanes":null,"oneway":"no","surface":null,"source":"OpenStreetMap"},"geometry":{"type":"LineString","coordinates":[[121.4630794,25.0245925],[121.4622348,25.0241652],[121.4615195,25.0237986],[121.461155,25.0236119],[121.4607756,25.023401]]}},{"type":"Feature","id":188843175,"properties":{"osm_id":188843175,"name":"文昌街","name_en":"Wenchang Street","highway":"residential","lanes":null,"oneway":"yes","surface":null,"source":"OpenStreetMap"},"geometry":{"type":"LineString","coordinates":[[121.4560116,25.0100398],[121.4559157,25.0104145],[121.455799,25.0107812],[121.4555747,25.0114754]]}},{"type":"Feature","id":273644767,"properties":{"osm_id":273644767,"name":"文昌街","name_en":"Wenchang Street","highway":"residential","lanes":null,"oneway":null,"surface":"asphalt","source":"OpenStreetMap"},"geometry":{"type":"LineString","coordinates":[[121.4560116,25.0100398],[121.4561356,25.009566]]}},{"type":"Feature","id":273642940,"properties":{"osm_id":273642940,"name":"文昌街24巷","name_en":null,"highway":"residential","lanes":null,"oneway":"no","surface":"asphalt","source":"OpenStreetMap"},"geometry":{"type":"LineString","coordinates":[[121.455799,25.0107812],[121.4563038,25.0109716],[121.4564379,25.0110591],[121.4566162,25.0112704]]}},{"type":"Feature","id":129437579,"properties":{"osm_id":129437579,"name":"文華街","name_en":"Wenhua Street","highway":"residential","lanes":null,"oneway":null,"surface":null,"source":"OpenStreetMap"},"geometry":{"type":"LineString","coordinates":[[121.4584914,25.0001885],[121.4574169,25.0006988],[121.4572318,25.0007938],[121.4571826,25.0010656]]}},{"type":"Feature","id":1008806007,"properties":{"osm_id":1008806007,"name":"新北市市民廣場","name_en":null,"highway":"pedestrian","lanes":null,"oneway":null,"surface":null,"source":"OpenStreetMap"},"geometry":{"type":"LineString","coordinates":[[121.4651197,25.0135468],[121.4653161,25.0135664],[121.4655334,25.0135642],[121.465614,25.0135232],[121.4656352,25.0134645],[121.4655175,25.013408],[121.4655538,25.0133427],[121.4654647,25.0133107],[121.4655086,25.0132204],[121.4654522,25.0132038],[121.4654168,25.0130497],[121.4650627,25.0128892],[121.4648925,25.012812],[121.4648178,25.0128745],[121.4647741,25.0128637],[121.4647113,25.0129563],[121.4645871,25.0129111],[121.4645545,25.0129706],[121.4644397,25.0129224],[121.4644012,25.0129969],[121.4644399,25.0130821],[121.4645478,25.0132248],[121.4646166,25.0133067],[121.4646788,25.0133604],[121.4647588,25.0132987],[121.4648175,25.0132735],[121.4648808,25.0132649],[121.464953,25.013266],[121.4650007,25.0132847],[121.4650488,25.0133025],[121.4650908,25.0133516],[121.4651162,25.013455],[121.4651197,25.0135468]]}},{"type":"Feature","id":233076418,"properties":{"osm_id":233076418,"name":"新府路","name_en":"Xinfu Road","highway":"tertiary","lanes":"2","oneway":"yes","surface":"asphalt","source":"OpenStreetMap"},"geometry":{"type":"LineString","coordinates":[[121.4656414,25.0099815],[121.4654209,25.0103621],[121.4652307,25.0106984],[121.4651988,25.01076],[121.4648504,25.0113574],[121.4647755,25.0114873]]}},{"type":"Feature","id":233076419,"properties":{"osm_id":233076419,"name":"新府路","name_en":"Xinfu Road","highway":"residential","lanes":null,"oneway":"yes","surface":null,"source":"OpenStreetMap"},"geometry":{"type":"LineString","coordinates":[[121.4613143,25.01422],[121.4614201,25.0141493],[121.4614857,25.0141055]]}},{"type":"Feature","id":244458310,"properties":{"osm_id":244458310,"name":"新府路","name_en":"Xinfu Road","highway":"tertiary","lanes":null,"oneway":"yes","surface":null,"source":"OpenStreetMap"},"geometry":{"type":"LineString","coordinates":[[121.4614857,25.0141055],[121.4615694,25.0140496],[121.4620541,25.0137271],[121.462136,25.0136713],[121.4621689,25.0136516],[121.4622534,25.0135929],[121.4623102,25.013555]]}},{"type":"Feature","id":248676586,"properties":{"osm_id":248676586,"name":"新府路","name_en":"Xinfu Road","highway":"residential","lanes":null,"oneway":"yes","surface":"asphalt","source":"OpenStreetMap"},"geometry":{"type":"LineString","coordinates":[[121.4615256,25.0141545],[121.4614584,25.0141973],[121.4613511,25.0142656]]}},{"type":"Feature","id":248676587,"properties":{"osm_id":248676587,"name":"新府路","name_en":"Xinfu Road","highway":"tertiary","lanes":null,"oneway":"yes","surface":"asphalt","source":"OpenStreetMap"},"geometry":{"type":"LineString","coordinates":[[121.4623321,25.0136419],[121.4622198,25.0137128],[121.4621872,25.0137335],[121.461611,25.0141002],[121.4615256,25.0141545]]}},{"type":"Feature","id":248676588,"properties":{"osm_id":248676588,"name":"新府路","name_en":"Xinfu Road","highway":"tertiary","lanes":null,"oneway":"yes","surface":"asphalt","source":"OpenStreetMap"},"geometry":{"type":"LineString","coordinates":[[121.4632383,25.0129361],[121.4634184,25.0128109]]}},{"type":"Feature","id":302320505,"properties":{"osm_id":302320505,"name":"新府路","name_en":"Xinfu Road","highway":"tertiary","lanes":null,"oneway":"yes","surface":"asphalt","source":"OpenStreetMap"},"geometry":{"type":"LineString","coordinates":[[121.4623102,25.013555],[121.4623986,25.0134961],[121.4624283,25.0134764],[121.4628278,25.0132028],[121.4631245,25.013012],[121.4631444,25.0129987],[121.4632383,25.0129361]]}},{"type":"Feature","id":302470649,"properties":{"osm_id":302470649,"name":"新府路","name_en":"Xinfu Road","highway":"tertiary","lanes":"1","oneway":"yes","surface":"asphalt","source":"OpenStreetMap"},"geometry":{"type":"LineString","coordinates":[[121.4634184,25.0128109],[121.463484,25.012766],[121.4642571,25.0122371],[121.4644391,25.0119161],[121.4646712,25.0115067],[121.4647002,25.0114556]]}},{"type":"Feature","id":310261335,"properties":{"osm_id":310261335,"name":"新府路","name_en":"Xinfu Road","highway":"tertiary","lanes":null,"oneway":"yes","surface":null,"source":"OpenStreetMap"},"geometry":{"type":"LineString","coordinates":[[121.4632927,25.01299],[121.4631938,25.0130569],[121.4631807,25.0130657],[121.462888,25.0132693],[121.4624766,25.0135421],[121.4624392,25.0135668],[121.4623321,25.0136419]]}},{"type":"Feature","id":318090125,"properties":{"osm_id":318090125,"name":"新府路","name_en":"Xinfu Road","highway":"tertiary","lanes":"2","oneway":"yes","surface":"asphalt","source":"OpenStreetMap"},"geometry":{"type":"LineString","coordinates":[[121.4647002,25.0114556],[121.464779,25.0113188],[121.4651249,25.0107218],[121.46516,25.0106642],[121.4655621,25.0099516]]}},{"type":"Feature","id":318170910,"properties":{"osm_id":318170910,"name":"新府路","name_en":"Xinfu Road","highway":"tertiary","lanes":"1","oneway":"yes","surface":"asphalt","source":"OpenStreetMap"},"geometry":{"type":"LineString","coordinates":[[121.4647755,25.0114873],[121.4647473,25.0115386],[121.4645114,25.0119675],[121.4643404,25.0122784],[121.4642763,25.0123233],[121.4638994,25.0125875],[121.4635484,25.0128336],[121.4634842,25.0128786]]}},{"type":"Feature","id":342491098,"properties":{"osm_id":342491098,"name":"新府路","name_en":"Xinfu Road","highway":"tertiary","lanes":null,"oneway":"yes","surface":"asphalt","source":"OpenStreetMap"},"geometry":{"type":"LineString","coordinates":[[121.4634842,25.0128786],[121.4632927,25.01299]]}},{"type":"Feature","id":329664601,"properties":{"osm_id":329664601,"name":"新月一街","name_en":null,"highway":"unclassified","lanes":null,"oneway":null,"surface":null,"source":"OpenStreetMap"},"geometry":{"type":"LineString","coordinates":[[121.454438,25.025515],[121.4543013,25.0255487],[121.4528076,25.0266265],[121.4527483,25.026682]]}},{"type":"Feature","id":1090890397,"properties":{"osm_id":1090890397,"name":"新月一街","name_en":null,"highway":"unclassified","lanes":null,"oneway":null,"surface":null,"source":"OpenStreetMap"},"geometry":{"type":"LineString","coordinates":[[121.4545454,25.0255143],[121.454438,25.025515]]}},{"type":"Feature","id":126672566,"properties":{"osm_id":126672566,"name":"新民街","name_en":"Xinmin Street","highway":"residential","lanes":"2","oneway":"no","surface":"asphalt","source":"OpenStreetMap"},"geometry":{"type":"LineString","coordinates":[[121.4638567,25.0110786],[121.4638954,25.0110173],[121.463944,25.0109367],[121.4640914,25.0106749],[121.4642419,25.0103497],[121.4641625,25.0101864],[121.4639545,25.0096915],[121.4637692,25.0092673],[121.4637408,25.0092018]]}},{"type":"Feature","id":41119337,"properties":{"osm_id":41119337,"name":"新海路","name_en":"Xinhai Road","highway":"tertiary","lanes":null,"oneway":"no","surface":"asphalt","source":"OpenStreetMap"},"geometry":{"type":"LineString","coordinates":[[121.4602137,25.0242877],[121.4593098,25.0257287],[121.4591102,25.0260329],[121.4590384,25.0261503],[121.4589646,25.0262706],[121.458889,25.026399],[121.4587952,25.0265437],[121.4587645,25.0265858],[121.4586706,25.0267328],[121.4586454,25.0267753],[121.4584886,25.0270222],[121.4584523,25.0270741],[121.4581312,25.0276111],[121.457569,25.0284984]]}},{"type":"Feature","id":402156567,"properties":{"osm_id":402156567,"name":"新海路","name_en":"Xinhai Road","highway":"tertiary","lanes":null,"oneway":"no","surface":"asphalt","source":"OpenStreetMap"},"geometry":{"type":"LineString","coordinates":[[121.462509,25.0208076],[121.4622823,25.0210714],[121.4620718,25.0213241],[121.4617848,25.0217495],[121.4612054,25.022684]]}},{"type":"Feature","id":1273826763,"properties":{"osm_id":1273826763,"name":"新海路","name_en":"Xinhai Road","highway":"tertiary","lanes":null,"oneway":"no","surface":"asphalt","source":"OpenStreetMap"},"geometry":{"type":"LineString","coordinates":[[121.4612054,25.022684],[121.4607756,25.023401],[121.4607355,25.0234648],[121.4606318,25.0236338],[121.4605523,25.0237591],[121.4604712,25.023887],[121.4602137,25.0242877]]}},{"type":"Feature","id":259192885,"properties":{"osm_id":259192885,"name":"新海路109巷","name_en":null,"highway":"residential","lanes":null,"oneway":null,"surface":null,"source":"OpenStreetMap"},"geometry":{"type":"LineString","coordinates":[[121.4612054,25.022684],[121.4608622,25.0225023],[121.4607766,25.0224565],[121.4606053,25.0223648],[121.4603582,25.0222312],[121.4603438,25.0221579]]}},{"type":"Feature","id":355904041,"properties":{"osm_id":355904041,"name":"新海路72巷","name_en":null,"highway":"residential","lanes":null,"oneway":null,"surface":null,"source":"OpenStreetMap"},"geometry":{"type":"LineString","coordinates":[[121.4609099,25.0212754],[121.4611998,25.0214359],[121.4613955,25.0215428],[121.4617848,25.0217495],[121.4622073,25.0219818],[121.4625777,25.0221789],[121.4620747,25.0229488],[121.4616238,25.0236391],[121.4615195,25.0237986]]}},{"type":"Feature","id":41119241,"properties":{"osm_id":41119241,"name":"新生街","name_en":null,"highway":"residential","lanes":null,"oneway":null,"surface":null,"source":"OpenStreetMap"},"geometry":{"type":"LineString","coordinates":[[121.4575964,25.0206471],[121.4576187,25.0208149],[121.457985,25.0214716],[121.458053,25.0216099],[121.4581969,25.0218734],[121.4582959,25.0220546]]}},{"type":"Feature","id":111317471,"properties":{"osm_id":111317471,"name":"新生街","name_en":"Xinsheng Street","highway":"residential","lanes":null,"oneway":null,"surface":null,"source":"OpenStreetMap"},"geometry":{"type":"LineString","coordinates":[[121.4546568,25.0209],[121.4549096,25.0209951],[121.4553005,25.0211089],[121.4555159,25.0211323],[121.4556538,25.0211473],[121.4557579,25.0211508],[121.4560382,25.0211604],[121.4562332,25.021167],[121.4564011,25.0211509],[121.4567871,25.021067],[121.4572303,25.0209706],[121.4576187,25.0208149],[121.4579093,25.0207024]]}},{"type":"Feature","id":232201639,"properties":{"osm_id":232201639,"name":"新站路","name_en":"Xinzhan Road","highway":"tertiary","lanes":null,"oneway":"yes","surface":"asphalt","source":"OpenStreetMap"},"geometry":{"type":"LineString","coordinates":[[121.4629913,25.0163095],[121.4630707,25.0162211]]}},{"type":"Feature","id":232201641,"properties":{"osm_id":232201641,"name":"新站路","name_en":"Xinzhan Road","highway":"tertiary","lanes":null,"oneway":"yes","surface":"asphalt","source":"OpenStreetMap"},"geometry":{"type":"LineString","coordinates":[[121.4668046,25.0124374],[121.4667947,25.0125147],[121.4667801,25.0125639],[121.4656822,25.0144291],[121.4656006,25.0145542]]}},{"type":"Feature","id":248676589,"properties":{"osm_id":248676589,"name":"新站路","name_en":"Xinzhan Road","highway":"tertiary","lanes":null,"oneway":"yes","surface":"asphalt","source":"OpenStreetMap"},"geometry":{"type":"LineString","coordinates":[[121.4655127,25.0144885],[121.4655971,25.0143786],[121.4657514,25.0141152],[121.4662109,25.0133128],[121.4662915,25.0131723],[121.4666806,25.0124616],[121.4667187,25.0123996]]}},{"type":"Feature","id":342491094,"properties":{"osm_id":342491094,"name":"新站路","name_en":"Xinzhan Road","highway":"tertiary","lanes":null,"oneway":"yes","surface":"asphalt","source":"OpenStreetMap"},"geometry":{"type":"LineString","coordinates":[[121.4655293,25.0146702],[121.4654513,25.0147396],[121.4651985,25.014914],[121.4650284,25.0150001],[121.4642851,25.0154903],[121.46397,25.0156987],[121.4632643,25.0161887],[121.4631848,25.0162543]]}},{"type":"Feature","id":364219987,"properties":{"osm_id":364219987,"name":"新站路","name_en":"Xinzhan Road","highway":"tertiary","lanes":null,"oneway":"yes","surface":"asphalt","source":"OpenStreetMap"},"geometry":{"type":"LineString","coordinates":[[121.4630707,25.0162211],[121.4631331,25.016189]]}},{"type":"Feature","id":415499625,"properties":{"osm_id":415499625,"name":"新站路","name_en":"Xinzhan Road","highway":"tertiary","lanes":"2","oneway":"yes","surface":"asphalt","source":"OpenStreetMap"},"geometry":{"type":"LineString","coordinates":[[121.4676605,25.010957],[121.46761,25.0110355],[121.4668566,25.0123389],[121.4668046,25.0124374]]}},{"type":"Feature","id":415499626,"properties":{"osm_id":415499626,"name":"新站路","name_en":"Xinzhan Road","highway":"tertiary","lanes":null,"oneway":"yes","surface":null,"source":"OpenStreetMap"},"geometry":{"type":"LineString","coordinates":[[121.4654238,25.0145764],[121.4655127,25.0144885]]}},{"type":"Feature","id":415499627,"properties":{"osm_id":415499627,"name":"新站路","name_en":"Xinzhan Road","highway":"tertiary","lanes":null,"oneway":"yes","surface":null,"source":"OpenStreetMap"},"geometry":{"type":"LineString","coordinates":[[121.4656006,25.0145542],[121.4655293,25.0146702]]}},{"type":"Feature","id":415499628,"properties":{"osm_id":415499628,"name":"新站路","name_en":"Xinzhan Road","highway":"tertiary","lanes":"2","oneway":"yes","surface":"asphalt","source":"OpenStreetMap"},"geometry":{"type":"LineString","coordinates":[[121.4667187,25.0123996],[121.4667911,25.0123048],[121.4675479,25.0110013],[121.4675905,25.0109161]]}},{"type":"Feature","id":415499629,"properties":{"osm_id":415499629,"name":"新站路","name_en":"Xinzhan Road","highway":"tertiary","lanes":null,"oneway":"yes","surface":"asphalt","source":"OpenStreetMap"},"geometry":{"type":"LineString","coordinates":[[121.4649369,25.0149595],[121.4651132,25.0147982],[121.4653415,25.0146576],[121.4654238,25.0145764]]}},{"type":"Feature","id":906806100,"properties":{"osm_id":906806100,"name":"新站路","name_en":"Xinzhan Road","highway":"tertiary","lanes":null,"oneway":"yes","surface":null,"source":"OpenStreetMap"},"geometry":{"type":"LineString","coordinates":[[121.4631848,25.0162543],[121.4629913,25.0163095]]}},{"type":"Feature","id":1324318263,"properties":{"osm_id":1324318263,"name":"新站路","name_en":"Xinzhan Road","highway":"tertiary","lanes":"2","oneway":"yes","surface":"asphalt","source":"OpenStreetMap"},"geometry":{"type":"LineString","coordinates":[[121.4639272,25.0156393],[121.4642302,25.0154244],[121.4649369,25.0149595]]}},{"type":"Feature","id":1429192669,"properties":{"osm_id":1429192669,"name":"新站路","name_en":"Xinzhan Road","highway":"tertiary","lanes":null,"oneway":"yes","surface":"asphalt","source":"OpenStreetMap"},"geometry":{"type":"LineString","coordinates":[[121.4631331,25.016189],[121.46322,25.0161335],[121.4639272,25.0156393]]}},{"type":"Feature","id":316978082,"properties":{"osm_id":316978082,"name":"新興路","name_en":null,"highway":"residential","lanes":null,"oneway":null,"surface":null,"source":"OpenStreetMap"},"geometry":{"type":"LineString","coordinates":[[121.4547826,25.0060159],[121.4562003,25.007265],[121.4564237,25.0071237]]}},{"type":"Feature","id":366282976,"properties":{"osm_id":366282976,"name":"新興路","name_en":null,"highway":"residential","lanes":null,"oneway":null,"surface":null,"source":"OpenStreetMap"},"geometry":{"type":"LineString","coordinates":[[121.4558089,25.0076067],[121.4560228,25.0074142],[121.4562003,25.007265]]}},{"type":"Feature","id":220705420,"properties":{"osm_id":220705420,"name":"明德街","name_en":null,"highway":"residential","lanes":null,"oneway":"yes","surface":null,"source":"OpenStreetMap"},"geometry":{"type":"LineString","coordinates":[[121.4595704,25.0095984],[121.4595791,25.0096358],[121.4596175,25.0097974],[121.4597715,25.0101048],[121.4598834,25.0103859],[121.4599128,25.0104633],[121.4600805,25.0109047]]}},{"type":"Feature","id":127687348,"properties":{"osm_id":127687348,"name":"景福路","name_en":"Jingfu Road","highway":"residential","lanes":null,"oneway":null,"surface":null,"source":"OpenStreetMap"},"geometry":{"type":"LineString","coordinates":[[121.4620412,25.0057226],[121.4616542,25.0056586],[121.4613279,25.0055965],[121.4612732,25.0055902]]}},{"type":"Feature","id":624251195,"properties":{"osm_id":624251195,"name":"景福路","name_en":"Jingfu Road","highway":"residential","lanes":null,"oneway":null,"surface":null,"source":"OpenStreetMap"},"geometry":{"type":"LineString","coordinates":[[121.4609764,25.0055256],[121.4606204,25.0054728]]}},{"type":"Feature","id":41119336,"properties":{"osm_id":41119336,"name":"智樂路","name_en":"Zhile Road","highway":"unclassified","lanes":null,"oneway":null,"surface":"asphalt","source":"OpenStreetMap"},"geometry":{"type":"LineString","coordinates":[[121.4581784,25.0221289],[121.4578846,25.0222655],[121.4573656,25.0224958],[121.4568549,25.0227541],[121.456711,25.0228249]]}},{"type":"Feature","id":129437581,"properties":{"osm_id":129437581,"name":"東興街","name_en":"Dongxing Street","highway":"residential","lanes":null,"oneway":null,"surface":null,"source":"OpenStreetMap"},"geometry":{"type":"LineString","coordinates":[[121.4588122,25.0053512],[121.4587685,25.0053421],[121.4585564,25.0053196],[121.4581877,25.0052992],[121.4572618,25.0051824],[121.4571861,25.0050372]]}},{"type":"Feature","id":625251001,"properties":{"osm_id":625251001,"name":"東興街","name_en":null,"highway":"residential","lanes":null,"oneway":null,"surface":null,"source":"OpenStreetMap"},"geometry":{"type":"LineString","coordinates":[[121.458644,25.0056579],[121.4581642,25.0056196],[121.4575442,25.005571]]}},{"type":"Feature","id":127687349,"properties":{"osm_id":127687349,"name":"東門街","name_en":"Dongmen Street","highway":"residential","lanes":"1","oneway":"yes","surface":"asphalt","source":"OpenStreetMap"},"geometry":{"type":"LineString","coordinates":[[121.457809,25.009513],[121.457827,25.009423],[121.458052,25.0086595],[121.4582316,25.0080722],[121.4582808,25.0079356],[121.458325,25.0078106],[121.4583986,25.0075466],[121.4584558,25.0075025]]}},{"type":"Feature","id":273640396,"properties":{"osm_id":273640396,"name":"東門街2巷","name_en":null,"highway":"residential","lanes":null,"oneway":"no","surface":"paved","source":"OpenStreetMap"},"geometry":{"type":"LineString","coordinates":[[121.4575741,25.0070951],[121.4577899,25.0073221],[121.458325,25.0078106]]}},{"type":"Feature","id":1256721889,"properties":{"osm_id":1256721889,"name":"松江街","name_en":"Songjiang Street","highway":"residential","lanes":null,"oneway":"yes","surface":"asphalt","source":"OpenStreetMap"},"geometry":{"type":"LineString","coordinates":[[121.4692598,25.0261464],[121.4693911,25.0260838],[121.4695237,25.0260166],[121.4696124,25.0259774]]}},{"type":"Feature","id":40373323,"properties":{"osm_id":40373323,"name":"板城路","name_en":"Bancheng Road","highway":"tertiary","lanes":null,"oneway":null,"surface":null,"source":"OpenStreetMap"},"geometry":{"type":"LineString","coordinates":[[121.4459912,25.0188724],[121.4461056,25.0188305],[121.4468549,25.0187797]]}},{"type":"Feature","id":40373335,"properties":{"osm_id":40373335,"name":"板城路","name_en":"Bancheng Road","highway":"tertiary","lanes":null,"oneway":"yes","surface":null,"source":"OpenStreetMap"},"geometry":{"type":"LineString","coordinates":[[121.452078,25.002649],[121.4520922,25.0022834],[121.4520781,25.002168],[121.451975,25.0015583],[121.451732,25.0008209]]}},{"type":"Feature","id":111449045,"properties":{"osm_id":111449045,"name":"板城路","name_en":"Bancheng Road","highway":"tertiary","lanes":null,"oneway":"yes","surface":null,"source":"OpenStreetMap"},"geometry":{"type":"LineString","coordinates":[[121.4518515,25.0051477],[121.4519188,25.0042207],[121.4519612,25.0036209],[121.4520108,25.003313],[121.452078,25.002649]]}},{"type":"Feature","id":266252777,"properties":{"osm_id":266252777,"name":"板城路","name_en":"Bancheng Road","highway":"tertiary","lanes":null,"oneway":"yes","surface":null,"source":"OpenStreetMap"},"geometry":{"type":"LineString","coordinates":[[121.451732,25.0008209],[121.4514901,25.0002001],[121.4513384,24.9998198],[121.4511849,24.9995596],[121.4509259,24.9991436],[121.4506094,24.9987425],[121.4502784,24.9983894],[121.4499414,24.9980773]]}},{"type":"Feature","id":266252779,"properties":{"osm_id":266252779,"name":"板城路","name_en":"Bancheng Road","highway":"tertiary","lanes":null,"oneway":"yes","surface":null,"source":"OpenStreetMap"},"geometry":{"type":"LineString","coordinates":[[121.4516285,25.0063152],[121.4517099,25.0058116],[121.451809,25.0053818],[121.4518515,25.0051477]]}},{"type":"Feature","id":266252916,"properties":{"osm_id":266252916,"name":"板城路","name_en":"Bancheng Road","highway":"tertiary","lanes":null,"oneway":"yes","surface":"asphalt","source":"OpenStreetMap"},"geometry":{"type":"LineString","coordinates":[[121.4523961,25.0063941],[121.452327,25.0067477],[121.4522118,25.0072289],[121.4521197,25.007649],[121.4520338,25.0080275],[121.4519601,25.0083419],[121.4518924,25.0086983],[121.451879,25.0088102],[121.4518629,25.0089815],[121.4518403,25.0092406],[121.4518348,25.0094883],[121.4518254,25.0097545],[121.4517986,25.0101009],[121.4517637,25.010491],[121.4517543,25.0107596],[121.4517385,25.0110467],[121.4516577,25.0113187],[121.4514995,25.0119968],[121.4513091,25.0128852],[121.4512889,25.01298],[121.4511669,25.0134285],[121.4511039,25.0136424],[121.4509845,25.0139523],[121.4507176,25.0146414],[121.4505741,25.0149707],[121.4503502,25.0156841],[121.4502204,25.0160783],[121.4501106,25.0162736],[121.4499968,25.0164762],[121.4498439,25.0166635]]}},{"type":"Feature","id":266254202,"properties":{"osm_id":266254202,"name":"板城路","name_en":"Bancheng Road","highway":"tertiary","lanes":null,"oneway":"yes","surface":null,"source":"OpenStreetMap"},"geometry":{"type":"LineString","coordinates":[[121.4487813,25.0162144],[121.4488213,25.0161534],[121.4490406,25.0157284],[121.4493759,25.0151597],[121.4497661,25.0144426],[121.4499311,25.0141157],[121.4500719,25.0137669],[121.4502202,25.0133454],[121.4502974,25.0131096],[121.4505048,25.0123028],[121.4506267,25.0115991],[121.4507451,25.0110081],[121.4508341,25.0106375],[121.4509245,25.0101587],[121.4509601,25.0100223],[121.4510429,25.0096615],[121.4511074,25.0092472],[121.4511703,25.0086479],[121.4512266,25.0082809],[121.4513138,25.0079053],[121.4513902,25.0076319],[121.451579,25.0065878],[121.4516285,25.0063152]]}},{"type":"Feature","id":266254203,"properties":{"osm_id":266254203,"name":"板城路","name_en":"Bancheng Road","highway":"tertiary","lanes":null,"oneway":"yes","surface":null,"source":"OpenStreetMap"},"geometry":{"type":"LineString","coordinates":[[121.4468549,25.0187797],[121.4469717,25.0187444],[121.4470885,25.0186963],[121.4473044,25.0185969],[121.4475627,25.0183339],[121.4477429,25.0180428],[121.4478131,25.0179529],[121.4480019,25.0176018],[121.4482552,25.017147],[121.4483308,25.0170113],[121.4484208,25.0168482],[121.4486566,25.0164209],[121.4487813,25.0162144]]}},{"type":"Feature","id":329459169,"properties":{"osm_id":329459169,"name":"板城路","name_en":"Bancheng Road","highway":"tertiary","lanes":null,"oneway":"yes","surface":null,"source":"OpenStreetMap"},"geometry":{"type":"LineString","coordinates":[[121.4498773,25.0211272],[121.449842,25.0210188],[121.4493907,25.0196324],[121.4492386,25.019178],[121.4490365,25.0185364],[121.4489879,25.018418],[121.4489495,25.018284],[121.4489453,25.0181754],[121.4490867,25.0179151],[121.4493397,25.0174657]]}},{"type":"Feature","id":329459170,"properties":{"osm_id":329459170,"name":"板城路","name_en":"Bancheng Road","highway":"tertiary","lanes":null,"oneway":"yes","surface":null,"source":"OpenStreetMap"},"geometry":{"type":"LineString","coordinates":[[121.4493397,25.0174657],[121.4493583,25.0175937],[121.4491241,25.0180055],[121.4490627,25.0181065],[121.4490303,25.0182404],[121.4492026,25.0187816],[121.4494671,25.0196121],[121.4499227,25.0209941],[121.4499582,25.0211019]]}},{"type":"Feature","id":329459176,"properties":{"osm_id":329459176,"name":"板城路","name_en":"Bancheng Road","highway":"tertiary","lanes":null,"oneway":"yes","surface":null,"source":"OpenStreetMap"},"geometry":{"type":"LineString","coordinates":[[121.4499582,25.0211019],[121.4500216,25.0212141],[121.4506392,25.0223065],[121.4506637,25.0223497],[121.4510806,25.0230459],[121.4511144,25.0231037]]}},{"type":"Feature","id":329459177,"properties":{"osm_id":329459177,"name":"板城路","name_en":"Bancheng Road","highway":"tertiary","lanes":null,"oneway":"yes","surface":null,"source":"OpenStreetMap"},"geometry":{"type":"LineString","coordinates":[[121.4510296,25.0231503],[121.4509919,25.023084],[121.4507413,25.0226543],[121.4505867,25.0223891],[121.4499442,25.0212462],[121.4498773,25.0211272]]}},{"type":"Feature","id":712373733,"properties":{"osm_id":712373733,"name":"板城路","name_en":"Bancheng Road","highway":"tertiary","lanes":null,"oneway":"yes","surface":null,"source":"OpenStreetMap"},"geometry":{"type":"LineString","coordinates":[[121.4528042,25.0043515],[121.4526908,25.0050279],[121.4525803,25.0056011],[121.4524575,25.0061576],[121.4523961,25.0063941]]}},{"type":"Feature","id":856827736,"properties":{"osm_id":856827736,"name":"板城路","name_en":"Bancheng Road","highway":"tertiary","lanes":null,"oneway":null,"surface":"asphalt","source":"OpenStreetMap"},"geometry":{"type":"LineString","coordinates":[[121.4497977,25.0167226],[121.4497372,25.0168122]]}},{"type":"Feature","id":856827737,"properties":{"osm_id":856827737,"name":"板城路","name_en":"Bancheng Road","highway":"tertiary","lanes":null,"oneway":"yes","surface":null,"source":"OpenStreetMap"},"geometry":{"type":"LineString","coordinates":[[121.4528236,25.0036214],[121.4528162,25.0038416],[121.4528103,25.0041422],[121.4528042,25.0043515]]}},{"type":"Feature","id":856837959,"properties":{"osm_id":856837959,"name":"板城路","name_en":"Bancheng Road","highway":"tertiary","lanes":null,"oneway":"yes","surface":null,"source":"OpenStreetMap"},"geometry":{"type":"LineString","coordinates":[[121.4510731,24.9980647],[121.4512037,24.9982111],[121.451335,24.9983525],[121.4514976,24.9985474],[121.4515977,24.9986664],[121.4516864,24.9987884],[121.4517308,24.9988508],[121.4518029,24.9989521],[121.451908,24.9990994],[121.4520459,24.9993018],[121.4521559,24.9995146],[121.4522444,24.9997188],[121.4523336,24.9999706]]}},{"type":"Feature","id":1001022545,"properties":{"osm_id":1001022545,"name":"板城路","name_en":"Bancheng Road","highway":"tertiary","lanes":"3","oneway":"yes","surface":"asphalt","source":"OpenStreetMap"},"geometry":{"type":"LineString","coordinates":[[121.4482687,24.9958525],[121.4483902,24.9959441],[121.4489085,24.9963347],[121.4492888,24.9965995],[121.4495761,24.9968096],[121.4499401,24.9971173],[121.4503307,24.9975198],[121.4504344,24.9976266]]}},{"type":"Feature","id":1001022547,"properties":{"osm_id":1001022547,"name":"板城路","name_en":"Bancheng Road","highway":"tertiary","lanes":null,"oneway":"yes","surface":null,"source":"OpenStreetMap"},"geometry":{"type":"LineString","coordinates":[[121.4504344,24.9976266],[121.4505549,24.9977326],[121.4507458,24.9978534],[121.4510731,24.9980647]]}},{"type":"Feature","id":1001022842,"properties":{"osm_id":1001022842,"name":"板城路","name_en":"Bancheng Road","highway":"tertiary","lanes":null,"oneway":"yes","surface":null,"source":"OpenStreetMap"},"geometry":{"type":"LineString","coordinates":[[121.4499414,24.9980773],[121.4498928,24.9980351],[121.4496553,24.9978286],[121.449208,24.9974881],[121.4488696,24.9972236],[121.4486688,24.9970651],[121.4479791,24.9965119],[121.4474678,24.9960627],[121.4472264,24.9958512],[121.4469228,24.9956017],[121.4466605,24.9953821],[121.446264,24.9950757]]}},{"type":"Feature","id":1431092399,"properties":{"osm_id":1431092399,"name":"板城路","name_en":"Bancheng Road","highway":"tertiary","lanes":null,"oneway":null,"surface":"asphalt","source":"OpenStreetMap"},"geometry":{"type":"LineString","coordinates":[[121.4498439,25.0166635],[121.4497977,25.0167226]]}},{"type":"Feature","id":1431092402,"properties":{"osm_id":1431092402,"name":"板城路","name_en":"Bancheng Road","highway":"tertiary","lanes":null,"oneway":null,"surface":"asphalt","source":"OpenStreetMap"},"geometry":{"type":"LineString","coordinates":[[121.4497372,25.0168122],[121.4496267,25.016982],[121.4493397,25.0174657]]}},{"type":"Feature","id":30336556,"properties":{"osm_id":30336556,"name":"板新路","name_en":null,"highway":"unclassified","lanes":null,"oneway":"yes","surface":null,"source":"OpenStreetMap"},"geometry":{"type":"LineString","coordinates":[[121.4669816,25.0155048],[121.4675922,25.0157511],[121.4681628,25.0158977],[121.468299,25.0159013],[121.4687721,25.015914],[121.469167,25.0158356],[121.4693478,25.0157997],[121.4700192,25.0155904],[121.4704626,25.015444],[121.470628,25.0153982],[121.4707515,25.015343],[121.4710248,25.0152431],[121.4713646,25.0151051],[121.4715998,25.014953],[121.4718484,25.014812]]}},{"type":"Feature","id":111986901,"properties":{"osm_id":111986901,"name":"板新路","name_en":null,"highway":"unclassified","lanes":null,"oneway":"yes","surface":"asphalt","source":"OpenStreetMap"},"geometry":{"type":"LineString","coordinates":[[121.4766354,25.0119573],[121.4758099,25.0124679],[121.4754375,25.0126893],[121.4746915,25.0131643],[121.4735401,25.0138781],[121.473196,25.0141105],[121.4720174,25.0148837]]}},{"type":"Feature","id":297240253,"properties":{"osm_id":297240253,"name":"板新路","name_en":null,"highway":"unclassified","lanes":null,"oneway":"yes","surface":"asphalt","source":"OpenStreetMap"},"geometry":{"type":"LineString","coordinates":[[121.4718484,25.014812],[121.4725724,25.0143037],[121.4731086,25.0139894],[121.47328,25.0138883],[121.4734384,25.0137806],[121.4746096,25.0130557],[121.4753262,25.0126122]]}},{"type":"Feature","id":318170911,"properties":{"osm_id":318170911,"name":"板新路","name_en":null,"highway":"unclassified","lanes":null,"oneway":"yes","surface":"asphalt","source":"OpenStreetMap"},"geometry":{"type":"LineString","coordinates":[[121.4720174,25.0148837],[121.4715621,25.0151383],[121.4714706,25.015176],[121.4713757,25.0152286],[121.4711692,25.0153355],[121.4708795,25.0154643],[121.4708189,25.0154855],[121.47004,25.0157438],[121.4697127,25.0158338],[121.4693184,25.0159626],[121.4691977,25.0159772],[121.4689805,25.0160282],[121.4687096,25.0160598],[121.4681624,25.0160379],[121.468039,25.016055],[121.4679467,25.0161523],[121.4678358,25.0162735]]}},{"type":"Feature","id":1409415401,"properties":{"osm_id":1409415401,"name":"板新路","name_en":null,"highway":"unclassified","lanes":null,"oneway":"yes","surface":"asphalt","source":"OpenStreetMap"},"geometry":{"type":"LineString","coordinates":[[121.4753262,25.0126122],[121.4755131,25.0124974],[121.4757547,25.0123529],[121.476248,25.01204],[121.4765662,25.0118628]]}},{"type":"Feature","id":1333444506,"properties":{"osm_id":1333444506,"name":"板橋公車站","name_en":null,"highway":"living_street","lanes":null,"oneway":"yes","surface":null,"source":"OpenStreetMap"},"geometry":{"type":"LineString","coordinates":[[121.4619069,25.0128511],[121.4619263,25.012837],[121.4620141,25.012777]]}},{"type":"Feature","id":273642938,"properties":{"osm_id":273642938,"name":"林園街","name_en":null,"highway":"residential","lanes":null,"oneway":"no","surface":null,"source":"OpenStreetMap"},"geometry":{"type":"LineString","coordinates":[[121.4541965,25.0091977],[121.4539165,25.0095714],[121.4537378,25.0101664],[121.4536623,25.0103885],[121.4536369,25.0104631],[121.4536147,25.0107165]]}},{"type":"Feature","id":273642939,"properties":{"osm_id":273642939,"name":"林園街","name_en":null,"highway":"residential","lanes":null,"oneway":"no","surface":null,"source":"OpenStreetMap"},"geometry":{"type":"LineString","coordinates":[[121.4536623,25.0103885],[121.45349,25.010354],[121.4532547,25.0102337],[121.4532089,25.0102279],[121.4531155,25.010376],[121.4530595,25.0104649],[121.4530441,25.0105705],[121.4530547,25.010577],[121.4531857,25.0106571],[121.4533113,25.0106924],[121.4535237,25.0107116],[121.4536147,25.0107165],[121.4537342,25.0107229],[121.4539383,25.0107329]]}},{"type":"Feature","id":126672558,"properties":{"osm_id":126672558,"name":"校前街","name_en":"Xiaoqian Street","highway":"residential","lanes":null,"oneway":"yes","surface":null,"source":"OpenStreetMap"},"geometry":{"type":"LineString","coordinates":[[121.4599795,25.0030411],[121.4601157,25.00304],[121.4608482,25.0031542],[121.4610346,25.0031833],[121.4624765,25.0034402]]}},{"type":"Feature","id":128795583,"properties":{"osm_id":128795583,"name":"校前街39巷","name_en":"Lane 27, Xiaoqian Street","highway":"residential","lanes":null,"oneway":"yes","surface":null,"source":"OpenStreetMap"},"geometry":{"type":"LineString","coordinates":[[121.4607886,25.0044057],[121.4608328,25.0041859],[121.460921,25.0037477],[121.4610346,25.0031833]]}},{"type":"Feature","id":126672575,"properties":{"osm_id":126672575,"name":"校前街40巷","name_en":"Lane 39, Xiaoqian Street","highway":"residential","lanes":null,"oneway":null,"surface":null,"source":"OpenStreetMap"},"geometry":{"type":"LineString","coordinates":[[121.4610346,25.0031833],[121.4611311,25.0026881]]}},{"type":"Feature","id":317468700,"properties":{"osm_id":317468700,"name":"樂群路","name_en":null,"highway":"residential","lanes":null,"oneway":null,"surface":null,"source":"OpenStreetMap"},"geometry":{"type":"LineString","coordinates":[[121.4428443,24.9983749],[121.443349,24.9981898],[121.4438397,24.9980091],[121.4443438,24.9978232],[121.4448745,24.9976254],[121.4449864,24.9975842],[121.4451357,24.997529],[121.4468626,24.9968958],[121.446992,24.9968438],[121.4479791,24.9965119],[121.4480153,24.9963024]]}},{"type":"Feature","id":112143237,"properties":{"osm_id":112143237,"name":"民享街","name_en":"Minxiang Street","highway":"residential","lanes":null,"oneway":"no","surface":null,"source":"OpenStreetMap"},"geometry":{"type":"LineString","coordinates":[[121.4772401,25.0174169],[121.4775667,25.0169243],[121.4776486,25.0168006],[121.4777887,25.0165893],[121.4779276,25.0163799],[121.477939,25.0163092],[121.4779071,25.0162529],[121.477708,25.01613],[121.4776971,25.0161233],[121.4771002,25.0157549],[121.4764126,25.0153305],[121.476045,25.0151037],[121.474817,25.0143676],[121.4746153,25.0142507]]}},{"type":"Feature","id":127687352,"properties":{"osm_id":127687352,"name":"民享街","name_en":null,"highway":"residential","lanes":null,"oneway":null,"surface":null,"source":"OpenStreetMap"},"geometry":{"type":"LineString","coordinates":[[121.4739823,25.0032548],[121.473984,25.0035182],[121.473987,25.0039814],[121.4739885,25.0042113],[121.4739899,25.0044348],[121.4739916,25.0046856],[121.473993,25.0049005],[121.4739938,25.0050295],[121.4739744,25.005307],[121.4739141,25.0055379],[121.4738475,25.0057924],[121.4738034,25.0059613],[121.4737481,25.0061718],[121.4737544,25.0062497]]}},{"type":"Feature","id":414184496,"properties":{"osm_id":414184496,"name":"民享街","name_en":null,"highway":"residential","lanes":null,"oneway":null,"surface":"asphalt","source":"OpenStreetMap"},"geometry":{"type":"LineString","coordinates":[[121.4746153,25.0142507],[121.4743982,25.0141275]]}},{"type":"Feature","id":305494308,"properties":{"osm_id":305494308,"name":"民享街114巷","name_en":null,"highway":"residential","lanes":null,"oneway":null,"surface":null,"source":"OpenStreetMap"},"geometry":{"type":"LineString","coordinates":[[121.4745928,24.9991396],[121.4744028,24.9992067],[121.4740015,24.9993484],[121.4734053,24.9995589]]}},{"type":"Feature","id":305494306,"properties":{"osm_id":305494306,"name":"民享街116巷","name_en":null,"highway":"residential","lanes":null,"oneway":null,"surface":null,"source":"OpenStreetMap"},"geometry":{"type":"LineString","coordinates":[[121.4744359,24.9987899],[121.4738995,24.9989612],[121.4735274,24.99908],[121.47342,24.9991143],[121.4734053,24.9995589]]}},{"type":"Feature","id":444597096,"properties":{"osm_id":444597096,"name":"民享街35巷8弄","name_en":null,"highway":"residential","lanes":null,"oneway":null,"surface":null,"source":"OpenStreetMap"},"geometry":{"type":"LineString","coordinates":[[121.4745588,25.0031873],[121.4745743,25.0034769],[121.4745774,25.0035705],[121.474585,25.0038002],[121.4745635,25.0040248]]}},{"type":"Feature","id":111808389,"properties":{"osm_id":111808389,"name":"民享街86巷","name_en":null,"highway":"residential","lanes":null,"oneway":null,"surface":null,"source":"OpenStreetMap"},"geometry":{"type":"LineString","coordinates":[[121.4745007,25.0010192],[121.4740188,25.0008494],[121.4736076,25.0007046],[121.4732182,25.0005674],[121.4727155,25.0004141]]}},{"type":"Feature","id":326219173,"properties":{"osm_id":326219173,"name":"民享街91巷","name_en":null,"highway":"residential","lanes":null,"oneway":null,"surface":null,"source":"OpenStreetMap"},"geometry":{"type":"LineString","coordinates":[[121.4746298,25.000684],[121.474957,25.0008481],[121.475187,25.0009635],[121.4752491,25.00099],[121.4754408,25.0010746]]}},{"type":"Feature","id":201922547,"properties":{"osm_id":201922547,"name":"民安街","name_en":null,"highway":"residential","lanes":null,"oneway":null,"surface":null,"source":"OpenStreetMap"},"geometry":{"type":"LineString","coordinates":[[121.4749503,24.9999475],[121.4752722,24.9999475],[121.4753846,24.9999376],[121.4754841,24.9999289],[121.4765007,24.9998792],[121.4766455,25.0001621],[121.4773965,24.9999046],[121.4774217,24.9998957],[121.4777317,24.9997885],[121.4779867,24.9997295],[121.4782119,24.9997115],[121.4786839,24.999733],[121.478932,24.9997479],[121.479039,24.9997663],[121.4791775,24.9998374],[121.4794658,24.9999945],[121.4800765,25.0004145],[121.480188,25.0004779],[121.4802806,25.0005376],[121.4803972,25.0006192],[121.4804793,25.0006863],[121.4809269,25.0010173],[121.4809559,25.0010264],[121.4810872,25.0010633],[121.4812192,25.0010918],[121.4812863,25.0011063]]}},{"type":"Feature","id":222521512,"properties":{"osm_id":222521512,"name":"民安街","name_en":null,"highway":"residential","lanes":"1","oneway":null,"surface":"asphalt","source":"OpenStreetMap"},"geometry":{"type":"LineString","coordinates":[[121.4664042,25.0122564],[121.466448,25.0121805],[121.4670599,25.0110809],[121.4672523,25.0107598]]}},{"type":"Feature","id":111808378,"properties":{"osm_id":111808378,"name":"民德路","name_en":"Minde Road","highway":"tertiary","lanes":null,"oneway":"no","surface":"asphalt","source":"OpenStreetMap"},"geometry":{"type":"LineString","coordinates":[[121.4688812,25.0011512],[121.4688786,25.0011962],[121.4688712,25.0014868],[121.4688685,25.00159],[121.4688685,25.001951],[121.4688591,25.0023157],[121.4688561,25.0026147],[121.4688546,25.0026807],[121.4688518,25.002819],[121.4688488,25.0029853],[121.4688371,25.0034489],[121.4688308,25.0035108]]}},{"type":"Feature","id":111808412,"properties":{"osm_id":111808412,"name":"民德路","name_en":null,"highway":"tertiary","lanes":null,"oneway":"no","surface":"asphalt","source":"OpenStreetMap"},"geometry":{"type":"LineString","coordinates":[[121.4688812,25.0011512],[121.4688878,25.0010624],[121.4688497,25.0008887],[121.4688216,25.0007654],[121.4687871,25.0006299],[121.4687384,25.000422],[121.4686625,25.0001161],[121.4686039,24.9998627],[121.4685475,24.9996053],[121.4685215,24.9994802],[121.4684656,24.9992395],[121.46839,24.9989131],[121.4683557,24.9987814],[121.4682652,24.9983815],[121.4681638,24.9979796],[121.4680393,24.9974389],[121.4679019,24.9968069],[121.4678549,24.996593],[121.4678121,24.9964265],[121.4677714,24.9962576],[121.467568,24.9956589],[121.4675465,24.9956048],[121.4674621,24.9954129],[121.4673671,24.9951723],[121.4671217,24.9947643],[121.4670244,24.9946246],[121.4667369,24.9942725]]}},{"type":"Feature","id":317289783,"properties":{"osm_id":317289783,"name":"民德路189巷","name_en":null,"highway":"residential","lanes":null,"oneway":null,"surface":null,"source":"OpenStreetMap"},"geometry":{"type":"LineString","coordinates":[[121.4684656,24.9992395],[121.4696699,24.9988701]]}},{"type":"Feature","id":25716242,"properties":{"osm_id":25716242,"name":"民族路","name_en":"Minzu Road","highway":"secondary","lanes":"3","oneway":"yes","surface":"asphalt","source":"OpenStreetMap"},"geometry":{"type":"LineString","coordinates":[[121.4718424,25.0065425],[121.4712854,25.0066226],[121.4711416,25.0066649],[121.4709073,25.0067338],[121.4705952,25.0068329],[121.4701177,25.0069844],[121.4695773,25.0071763],[121.4687136,25.0075009],[121.4679452,25.0077889],[121.4674282,25.0079643]]}},{"type":"Feature","id":128795586,"properties":{"osm_id":128795586,"name":"民族路","name_en":"Minzu Road","highway":"secondary","lanes":"2","oneway":"yes","surface":"asphalt","source":"OpenStreetMap"},"geometry":{"type":"LineString","coordinates":[[121.4632457,25.0093859],[121.4633341,25.0093403],[121.4637408,25.0092018],[121.464328,25.0089836],[121.464935,25.0087638]]}},{"type":"Feature","id":128795587,"properties":{"osm_id":128795587,"name":"民族路","name_en":"Minzu Road","highway":"residential","lanes":"2","oneway":null,"surface":"asphalt","source":"OpenStreetMap"},"geometry":{"type":"LineString","coordinates":[[121.4610425,25.0102387],[121.461122,25.010171],[121.4613751,25.0099691],[121.4614539,25.0099082]]}},{"type":"Feature","id":128795588,"properties":{"osm_id":128795588,"name":"民族路","name_en":"Minzu Road","highway":"secondary","lanes":"3","oneway":"yes","surface":"asphalt","source":"OpenStreetMap"},"geometry":{"type":"LineString","coordinates":[[121.464935,25.0087638],[121.4650884,25.0087097],[121.4661095,25.0083381],[121.4667647,25.0081074],[121.4674375,25.0078646]]}},{"type":"Feature","id":310261336,"properties":{"osm_id":310261336,"name":"民族路","name_en":"Minzu Road","highway":"secondary","lanes":"3","oneway":"yes","surface":"asphalt","source":"OpenStreetMap"},"geometry":{"type":"LineString","coordinates":[[121.4674282,25.0079643],[121.4657656,25.0085544],[121.46562,25.0086066],[121.4653954,25.0086863],[121.465124,25.0087857],[121.4649709,25.0088465]]}},{"type":"Feature","id":310261339,"properties":{"osm_id":310261339,"name":"民族路","name_en":"Minzu Road","highway":"secondary","lanes":"3","oneway":"yes","surface":"asphalt","source":"OpenStreetMap"},"geometry":{"type":"LineString","coordinates":[[121.4674375,25.0078646],[121.4686452,25.0074309],[121.4695505,25.0071108],[121.4700359,25.0069358],[121.4704342,25.0067996],[121.470803,25.0066823],[121.4710029,25.0066106],[121.4712255,25.0065534],[121.4718491,25.0064732]]}},{"type":"Feature","id":316959985,"properties":{"osm_id":316959985,"name":"民族路","name_en":"Minzu Road","highway":"residential","lanes":null,"oneway":null,"surface":"asphalt","source":"OpenStreetMap"},"geometry":{"type":"LineString","coordinates":[[121.4614539,25.0099082],[121.46152,25.0098591],[121.46171,25.009719],[121.46202,25.0096665],[121.4620805,25.0096651],[121.4622578,25.0096536],[121.462535,25.009609],[121.4632457,25.0093859]]}},{"type":"Feature","id":1432499220,"properties":{"osm_id":1432499220,"name":"民族路","name_en":"Minzu Road","highway":"secondary","lanes":"2","oneway":"yes","surface":"asphalt","source":"OpenStreetMap"},"geometry":{"type":"LineString","coordinates":[[121.4649709,25.0088465],[121.4643569,25.0090615],[121.4637692,25.0092673],[121.4634557,25.0093769],[121.4632457,25.0093859]]}},{"type":"Feature","id":129325539,"properties":{"osm_id":129325539,"name":"民族路129巷","name_en":"Lane 129, Minzu Road","highway":"residential","lanes":"2","oneway":null,"surface":"asphalt","source":"OpenStreetMap"},"geometry":{"type":"LineString","coordinates":[[121.4674282,25.0079643],[121.4676433,25.0084663],[121.4678398,25.0089896]]}},{"type":"Feature","id":126591274,"properties":{"osm_id":126591274,"name":"民族路151巷","name_en":null,"highway":"residential","lanes":null,"oneway":null,"surface":"asphalt","source":"OpenStreetMap"},"geometry":{"type":"LineString","coordinates":[[121.4700221,25.0086442],[121.4695501,25.0084558],[121.4693354,25.0083701],[121.4691111,25.0082806],[121.4679452,25.0077889]]}},{"type":"Feature","id":131409875,"properties":{"osm_id":131409875,"name":"民族路222巷","name_en":"Lane 222, Minzu Road","highway":"residential","lanes":null,"oneway":null,"surface":"asphalt","source":"OpenStreetMap"},"geometry":{"type":"LineString","coordinates":[[121.4686452,25.0074309],[121.468539,25.0071751],[121.4686171,25.0067273]]}},{"type":"Feature","id":111808360,"properties":{"osm_id":111808360,"name":"民族路225巷","name_en":null,"highway":"residential","lanes":null,"oneway":null,"surface":null,"source":"OpenStreetMap"},"geometry":{"type":"LineString","coordinates":[[121.4695505,25.0071108],[121.4695773,25.0071763],[121.469657,25.0072221],[121.4698072,25.0075723],[121.469891,25.007757],[121.4701094,25.0082764],[121.4701251,25.0083277],[121.470144,25.0084074],[121.4701093,25.008477],[121.4700221,25.0086442],[121.4697368,25.0091668],[121.4695129,25.0096009]]}},{"type":"Feature","id":365055987,"properties":{"osm_id":365055987,"name":"民族路247巷","name_en":null,"highway":"residential","lanes":"2","oneway":null,"surface":"asphalt","source":"OpenStreetMap"},"geometry":{"type":"LineString","coordinates":[[121.4713106,25.0089557],[121.4710223,25.0088389],[121.470815,25.0087567],[121.4704622,25.0086139],[121.4701093,25.008477]]}},{"type":"Feature","id":222521510,"properties":{"osm_id":222521510,"name":"民族路69巷","name_en":"Lane 69, Minzu Road","highway":"residential","lanes":null,"oneway":null,"surface":"asphalt","source":"OpenStreetMap"},"geometry":{"type":"LineString","coordinates":[[121.4653954,25.0086863],[121.4655347,25.0090435],[121.4656138,25.0093148],[121.4656496,25.0094209],[121.4657095,25.0095984],[121.4658246,25.0098529],[121.4658371,25.0099319],[121.465839,25.010077]]}},{"type":"Feature","id":129778885,"properties":{"osm_id":129778885,"name":"民有街","name_en":"Minyou Street","highway":"residential","lanes":null,"oneway":null,"surface":null,"source":"OpenStreetMap"},"geometry":{"type":"LineString","coordinates":[[121.4642264,25.0288171],[121.4646319,25.0280284],[121.4648303,25.0276396],[121.4649711,25.0273589],[121.4651127,25.0270776],[121.4653694,25.0265677],[121.4656573,25.0260263],[121.4659512,25.0254507],[121.4661464,25.0250649],[121.4662337,25.0249002],[121.4663666,25.0246099],[121.4665016,25.0244064],[121.4665188,25.0243468],[121.4665041,25.0242893],[121.4664826,25.0242314],[121.4664439,25.0241764],[121.466372,25.024139],[121.4661351,25.0240764],[121.4657719,25.0239791]]}},{"type":"Feature","id":263510754,"properties":{"osm_id":263510754,"name":"民有街","name_en":null,"highway":"residential","lanes":null,"oneway":null,"surface":null,"source":"OpenStreetMap"},"geometry":{"type":"LineString","coordinates":[[121.4755674,25.0059685],[121.4755505,25.0058852],[121.4755338,25.0058031],[121.4758598,25.004889],[121.4761024,25.0040173],[121.4762669,25.003508],[121.4761606,25.0024788]]}},{"type":"Feature","id":25716238,"properties":{"osm_id":25716238,"name":"民權路","name_en":"Minquan Road","highway":"secondary","lanes":null,"oneway":null,"surface":"asphalt","source":"OpenStreetMap"},"geometry":{"type":"LineString","coordinates":[[121.4567358,25.0164718],[121.4569675,25.0161917],[121.4570984,25.0160448],[121.4573136,25.0158002],[121.4575159,25.0155674],[121.4577681,25.0152637],[121.4579425,25.0150755],[121.4580477,25.0149495],[121.4581168,25.0148734],[121.4589971,25.0138246],[121.4591475,25.0136406],[121.4592785,25.0134905],[121.4593222,25.0134427],[121.4594316,25.0133352],[121.4595565,25.013196],[121.4596767,25.0130672],[121.4598355,25.0128878],[121.4599872,25.0127414],[121.4599981,25.0127339],[121.4601298,25.0126434]]}},{"type":"Feature","id":111317470,"properties":{"osm_id":111317470,"name":"民權路","name_en":"Minquan Road","highway":"secondary","lanes":"2","oneway":"yes","surface":"asphalt","source":"OpenStreetMap"},"geometry":{"type":"LineString","coordinates":[[121.4629039,25.0105824],[121.4628837,25.0106381]]}},{"type":"Feature","id":111317497,"properties":{"osm_id":111317497,"name":"民權路","name_en":"Minquan Road","highway":"secondary","lanes":null,"oneway":"yes","surface":"asphalt","source":"OpenStreetMap"},"geometry":{"type":"LineString","coordinates":[[121.4627443,25.010586],[121.4627873,25.0105369],[121.4628124,25.0104814],[121.4628891,25.0102931],[121.4629972,25.0100222],[121.4631588,25.0096015],[121.4631942,25.0094936],[121.4632457,25.0093859]]}},{"type":"Feature","id":111317500,"properties":{"osm_id":111317500,"name":"民權路","name_en":"Minquan Road","highway":"primary","lanes":null,"oneway":"yes","surface":"asphalt","source":"OpenStreetMap"},"geometry":{"type":"LineString","coordinates":[[121.4601298,25.0126434],[121.460242,25.0125284],[121.46043,25.0123341],[121.4606176,25.0121894],[121.4608689,25.0120033],[121.461717,25.0113757],[121.4617587,25.0113448]]}},{"type":"Feature","id":111447448,"properties":{"osm_id":111447448,"name":"民權路","name_en":"Minquan Road","highway":"secondary","lanes":null,"oneway":"yes","surface":"asphalt","source":"OpenStreetMap"},"geometry":{"type":"LineString","coordinates":[[121.4632457,25.0093859],[121.4632716,25.0094955],[121.4632721,25.0096385],[121.4631825,25.0098733],[121.4629265,25.0105268],[121.4629039,25.0105824]]}},{"type":"Feature","id":308170365,"properties":{"osm_id":308170365,"name":"民權路","name_en":"Minquan Road","highway":"primary","lanes":"4","oneway":"yes","surface":"asphalt","source":"OpenStreetMap"},"geometry":{"type":"LineString","coordinates":[[121.4628837,25.0106381],[121.4627639,25.0107737],[121.4627327,25.0108147],[121.4621122,25.0112793],[121.4620292,25.0113377]]}},{"type":"Feature","id":317636797,"properties":{"osm_id":317636797,"name":"民權路","name_en":"Minquan Road","highway":"primary","lanes":null,"oneway":"yes","surface":"asphalt","source":"OpenStreetMap"},"geometry":{"type":"LineString","coordinates":[[121.4618641,25.0114592],[121.4618216,25.0114902],[121.4605234,25.0124346]]}},{"type":"Feature","id":317636798,"properties":{"osm_id":317636798,"name":"民權路","name_en":"Minquan Road","highway":"primary","lanes":"3","oneway":"yes","surface":"asphalt","source":"OpenStreetMap"},"geometry":{"type":"LineString","coordinates":[[121.4619259,25.0112234],[121.4620113,25.0111604],[121.4621412,25.0110635],[121.4626155,25.0107074],[121.4626443,25.0106866],[121.4627443,25.010586]]}},{"type":"Feature","id":818934448,"properties":{"osm_id":818934448,"name":"民權路","name_en":"Minquan Road","highway":"primary","lanes":null,"oneway":"yes","surface":"asphalt","source":"OpenStreetMap"},"geometry":{"type":"LineString","coordinates":[[121.4605234,25.0124346],[121.4602736,25.0125666],[121.4601298,25.0126434]]}},{"type":"Feature","id":819440040,"properties":{"osm_id":819440040,"name":"民權路","name_en":"Minquan Road","highway":"primary","lanes":null,"oneway":"yes","surface":"asphalt","source":"OpenStreetMap"},"geometry":{"type":"LineString","coordinates":[[121.4617587,25.0113448],[121.4619259,25.0112234]]}},{"type":"Feature","id":819986787,"properties":{"osm_id":819986787,"name":"民權路","name_en":"Minquan Road","highway":"primary","lanes":null,"oneway":"yes","surface":"asphalt","source":"OpenStreetMap"},"geometry":{"type":"LineString","coordinates":[[121.4620292,25.0113377],[121.4618641,25.0114592]]}},{"type":"Feature","id":111808368,"properties":{"osm_id":111808368,"name":"民治街","name_en":null,"highway":"residential","lanes":null,"oneway":null,"surface":null,"source":"OpenStreetMap"},"geometry":{"type":"LineString","coordinates":[[121.4751774,25.0032924],[121.4752091,25.0029682],[121.4752567,25.002676],[121.4753019,25.0024032],[121.4753539,25.0021296],[121.4754179,25.0018192],[121.475438,25.0017218],[121.4755131,25.0014884],[121.4755605,25.0013952]]}},{"type":"Feature","id":127687351,"properties":{"osm_id":127687351,"name":"民治街","name_en":null,"highway":"residential","lanes":null,"oneway":null,"surface":null,"source":"OpenStreetMap"},"geometry":{"type":"LineString","coordinates":[[121.4752455,25.0033074],[121.4752219,25.0036298],[121.4752052,25.0038581],[121.4751985,25.0039505],[121.4751825,25.0040249],[121.4751425,25.0042466],[121.4750983,25.0045032],[121.4750849,25.004574],[121.4750515,25.0047509],[121.4750004,25.005028],[121.4749939,25.0050631],[121.4749526,25.0052869],[121.4749292,25.0054134],[121.4749024,25.0055586],[121.4748739,25.0057131],[121.474817,25.0060211],[121.4748278,25.0061028]]}},{"type":"Feature","id":483994937,"properties":{"osm_id":483994937,"name":"民治街27巷","name_en":null,"highway":"residential","lanes":null,"oneway":null,"surface":null,"source":"OpenStreetMap"},"geometry":{"type":"LineString","coordinates":[[121.475425,25.00102],[121.4754408,25.0010746],[121.4754948,25.0012807],[121.4755605,25.0013952],[121.4755994,25.001463],[121.4757067,25.0015992],[121.4758014,25.0018972],[121.475814,25.001937],[121.4758096,25.0022145]]}},{"type":"Feature","id":111808361,"properties":{"osm_id":111808361,"name":"民生街","name_en":"Minsheng Street","highway":"residential","lanes":null,"oneway":null,"surface":null,"source":"OpenStreetMap"},"geometry":{"type":"LineString","coordinates":[[121.4684969,25.0047678],[121.4685519,25.0047627],[121.4688272,25.0048676],[121.4693181,25.0050689],[121.4695686,25.0051735],[121.4699962,25.005349],[121.4702921,25.0054707],[121.4703431,25.0054899],[121.4706254,25.0056018],[121.4706771,25.0056218],[121.4707113,25.0056353],[121.4709274,25.0057223],[121.471094,25.0057812],[121.4711543,25.0058025],[121.4712085,25.0058345],[121.4712589,25.0059009],[121.4712843,25.0059806],[121.4711725,25.0062388],[121.4710029,25.0066106]]}},{"type":"Feature","id":111808376,"properties":{"osm_id":111808376,"name":"民生街85巷","name_en":null,"highway":"residential","lanes":null,"oneway":null,"surface":"asphalt","source":"OpenStreetMap"},"geometry":{"type":"LineString","coordinates":[[121.4688272,25.0048676],[121.4689685,25.0045858],[121.4691034,25.0043108],[121.4692246,25.004058],[121.4693566,25.0038062],[121.4693665,25.0037252]]}},{"type":"Feature","id":34201334,"properties":{"osm_id":34201334,"name":"民生路一段","name_en":"Section 1, Minsheng Road","highway":"secondary","lanes":null,"oneway":"yes","surface":"asphalt","source":"OpenStreetMap"},"geometry":{"type":"LineString","coordinates":[[121.4756519,25.0128307],[121.4759046,25.0125827],[121.4765844,25.0120807],[121.4766776,25.0120182],[121.4770009,25.0118188],[121.4773878,25.0116327],[121.4779255,25.0113746]]}},{"type":"Feature","id":127460190,"properties":{"osm_id":127460190,"name":"民生路一段","name_en":"Section 1, Minsheng Road","highway":"secondary","lanes":null,"oneway":"yes","surface":"asphalt","source":"OpenStreetMap"},"geometry":{"type":"LineString","coordinates":[[121.4733114,25.0155019],[121.4738066,25.0148247],[121.4741618,25.0144025],[121.4743982,25.0141275]]}},{"type":"Feature","id":297240235,"properties":{"osm_id":297240235,"name":"民生路一段","name_en":"Section 1, Minsheng Road","highway":"secondary","lanes":null,"oneway":"yes","surface":"asphalt","source":"OpenStreetMap"},"geometry":{"type":"LineString","coordinates":[[121.4768002,25.0121946],[121.4764138,25.0124619],[121.4762056,25.0126378],[121.4759387,25.0128799],[121.4758648,25.0129509],[121.475216,25.0136218],[121.4746153,25.0142507]]}},{"type":"Feature","id":414184494,"properties":{"osm_id":414184494,"name":"民生路一段","name_en":"Section 1, Minsheng Road","highway":"secondary","lanes":null,"oneway":"yes","surface":"asphalt","source":"OpenStreetMap"},"geometry":{"type":"LineString","coordinates":[[121.4746153,25.0142507],[121.4739787,25.0149652],[121.4735134,25.0156068]]}},{"type":"Feature","id":414184497,"properties":{"osm_id":414184497,"name":"民生路一段","name_en":"Section 1, Minsheng Road","highway":"secondary","lanes":null,"oneway":"yes","surface":"asphalt","source":"OpenStreetMap"},"geometry":{"type":"LineString","coordinates":[[121.4743982,25.0141275],[121.47498,25.0135151],[121.4756519,25.0128307]]}},{"type":"Feature","id":253772670,"properties":{"osm_id":253772670,"name":"民生路一段30巷","name_en":null,"highway":"residential","lanes":null,"oneway":null,"surface":null,"source":"OpenStreetMap"},"geometry":{"type":"LineString","coordinates":[[121.475216,25.0136218],[121.4759936,25.0140586],[121.4765543,25.014399]]}},{"type":"Feature","id":41119338,"properties":{"osm_id":41119338,"name":"民生路三段","name_en":"Section 3, Minsheng Road","highway":"secondary","lanes":null,"oneway":"yes","surface":"asphalt","source":"OpenStreetMap"},"geometry":{"type":"LineString","coordinates":[[121.4676371,25.0242716],[121.4675904,25.0244377],[121.4675045,25.0246359],[121.4670374,25.0255555],[121.4669366,25.0257608],[121.4668981,25.0258434]]}},{"type":"Feature","id":242376070,"properties":{"osm_id":242376070,"name":"民生路三段","name_en":"Section 3, Minsheng Road","highway":"secondary","lanes":null,"oneway":"yes","surface":"asphalt","source":"OpenStreetMap"},"geometry":{"type":"LineString","coordinates":[[121.4664726,25.0254697],[121.4667469,25.0249189],[121.4668068,25.0247988],[121.4669175,25.0245824],[121.4671029,25.0242202],[121.4671274,25.0241727],[121.4674022,25.0236989]]}},{"type":"Feature","id":402156568,"properties":{"osm_id":402156568,"name":"民生路三段","name_en":"Section 3, Minsheng Road","highway":"secondary","lanes":null,"oneway":"yes","surface":"asphalt","source":"OpenStreetMap"},"geometry":{"type":"LineString","coordinates":[[121.4653652,25.0275872],[121.4655336,25.0272357],[121.465778,25.0267585],[121.466283,25.0257766],[121.4663883,25.0256439]]}},{"type":"Feature","id":775559899,"properties":{"osm_id":775559899,"name":"民生路三段","name_en":"Section 3, Minsheng Road","highway":"secondary","lanes":null,"oneway":"yes","surface":null,"source":"OpenStreetMap"},"geometry":{"type":"LineString","coordinates":[[121.4676371,25.0242716],[121.4674777,25.0243833],[121.4669963,25.0253155]]}},{"type":"Feature","id":1006741086,"properties":{"osm_id":1006741086,"name":"民生路三段","name_en":"Section 3, Minsheng Road","highway":"secondary","lanes":null,"oneway":"yes","surface":"asphalt","source":"OpenStreetMap"},"geometry":{"type":"LineString","coordinates":[[121.4668981,25.0258434],[121.466553,25.0264868],[121.4664217,25.026747]]}},{"type":"Feature","id":1006741095,"properties":{"osm_id":1006741095,"name":"民生路三段","name_en":"Section 3, Minsheng Road","highway":"secondary","lanes":null,"oneway":"yes","surface":null,"source":"OpenStreetMap"},"geometry":{"type":"LineString","coordinates":[[121.4669963,25.0253155],[121.4669573,25.0254551],[121.4668608,25.0256495],[121.4668278,25.0257188],[121.4667871,25.0257979],[121.466172,25.0269448]]}},{"type":"Feature","id":1006741098,"properties":{"osm_id":1006741098,"name":"民生路三段","name_en":"Section 3, Minsheng Road","highway":"secondary","lanes":null,"oneway":"yes","surface":"asphalt","source":"OpenStreetMap"},"geometry":{"type":"LineString","coordinates":[[121.4663883,25.0256439],[121.4664472,25.0255243],[121.4664726,25.0254697]]}},{"type":"Feature","id":1006741100,"properties":{"osm_id":1006741100,"name":"民生路三段","name_en":"Section 3, Minsheng Road","highway":"secondary","lanes":null,"oneway":"yes","surface":"asphalt","source":"OpenStreetMap"},"geometry":{"type":"LineString","coordinates":[[121.4680863,25.0232742],[121.4680185,25.0234088],[121.4676668,25.0241074],[121.4676371,25.0242716]]}},{"type":"Feature","id":1458150801,"properties":{"osm_id":1458150801,"name":"民生路三段","name_en":"Section 3, Minsheng Road","highway":"secondary","lanes":null,"oneway":"yes","surface":"asphalt","source":"OpenStreetMap"},"geometry":{"type":"LineString","coordinates":[[121.4674022,25.0236989],[121.4675155,25.0235802],[121.46757,25.0235172],[121.4675935,25.0234985],[121.4676306,25.0234597],[121.467812,25.0231098],[121.4679122,25.0229389]]}},{"type":"Feature","id":125786149,"properties":{"osm_id":125786149,"name":"民生路二段","name_en":"Section 2, Minsheng Road","highway":"secondary","lanes":null,"oneway":"yes","surface":"asphalt","source":"OpenStreetMap"},"geometry":{"type":"LineString","coordinates":[[121.4735134,25.0156068],[121.473278,25.0162052],[121.4732607,25.0162285],[121.472849,25.0167893],[121.4726276,25.0170876],[121.4725471,25.0171856],[121.472505,25.0172421],[121.4721569,25.017709],[121.4717837,25.0182054]]}},{"type":"Feature","id":125786150,"properties":{"osm_id":125786150,"name":"民生路二段","name_en":"Section 2, Minsheng Road","highway":"secondary","lanes":null,"oneway":"yes","surface":"asphalt","source":"OpenStreetMap"},"geometry":{"type":"LineString","coordinates":[[121.469952,25.0204486],[121.4698612,25.0205986]]}},{"type":"Feature","id":125911211,"properties":{"osm_id":125911211,"name":"民生路二段","name_en":"Section 2, Minsheng Road","highway":"secondary","lanes":null,"oneway":"yes","surface":"asphalt","source":"OpenStreetMap"},"geometry":{"type":"LineString","coordinates":[[121.472698,25.0160283],[121.4731269,25.0154096]]}},{"type":"Feature","id":127460191,"properties":{"osm_id":127460191,"name":"民生路二段","name_en":"Section 2, Minsheng Road","highway":"secondary","lanes":null,"oneway":"yes","surface":"asphalt","source":"OpenStreetMap"},"geometry":{"type":"LineString","coordinates":[[121.4679122,25.0229389],[121.4679982,25.0228073]]}},{"type":"Feature","id":248676590,"properties":{"osm_id":248676590,"name":"民生路二段","name_en":"Section 2, Minsheng Road","highway":"secondary","lanes":null,"oneway":"yes","surface":"asphalt","source":"OpenStreetMap"},"geometry":{"type":"LineString","coordinates":[[121.4682089,25.022411],[121.4685583,25.0218779],[121.4689457,25.021287],[121.4689537,25.0212716],[121.469101,25.0210663],[121.469364,25.0206828]]}},{"type":"Feature","id":248676591,"properties":{"osm_id":248676591,"name":"民生路二段","name_en":"Section 2, Minsheng Road","highway":"secondary","lanes":null,"oneway":"yes","surface":"asphalt","source":"OpenStreetMap"},"geometry":{"type":"LineString","coordinates":[[121.469364,25.0206828],[121.4695363,25.0204675],[121.469563,25.020439]]}},{"type":"Feature","id":248676598,"properties":{"osm_id":248676598,"name":"民生路二段","name_en":"Section 2, Minsheng Road","highway":"secondary","lanes":null,"oneway":"yes","surface":"asphalt","source":"OpenStreetMap"},"geometry":{"type":"LineString","coordinates":[[121.4696271,25.0209862],[121.4695762,25.0210616],[121.4693914,25.0213357],[121.4690053,25.0219096],[121.4687123,25.0223382],[121.4686341,25.0224588]]}},{"type":"Feature","id":257593297,"properties":{"osm_id":257593297,"name":"民生路二段","name_en":"Section 2, Minsheng Road","highway":"secondary","lanes":null,"oneway":"yes","surface":null,"source":"OpenStreetMap"},"geometry":{"type":"LineString","coordinates":[[121.4736394,25.0156674],[121.473278,25.0162052]]}},{"type":"Feature","id":260921093,"properties":{"osm_id":260921093,"name":"民生路二段","name_en":"Section 2, Minsheng Road","highway":"secondary","lanes":null,"oneway":"yes","surface":"asphalt","source":"OpenStreetMap"},"geometry":{"type":"LineString","coordinates":[[121.469563,25.020439],[121.4696203,25.0201843],[121.4698178,25.0198999],[121.4709237,25.0184053]]}},{"type":"Feature","id":302470590,"properties":{"osm_id":302470590,"name":"民生路二段","name_en":"Section 2, Minsheng Road","highway":"secondary","lanes":null,"oneway":"yes","surface":"asphalt","source":"OpenStreetMap"},"geometry":{"type":"LineString","coordinates":[[121.4717837,25.0182054],[121.471698,25.0183246],[121.4714354,25.0186265],[121.4713589,25.0187194]]}},{"type":"Feature","id":302470655,"properties":{"osm_id":302470655,"name":"民生路二段","name_en":"Section 2, Minsheng Road","highway":"secondary","lanes":null,"oneway":"yes","surface":"asphalt","source":"OpenStreetMap"},"geometry":{"type":"LineString","coordinates":[[121.4709237,25.0184053],[121.4709948,25.0183166]]}},{"type":"Feature","id":302470656,"properties":{"osm_id":302470656,"name":"民生路二段","name_en":"Section 2, Minsheng Road","highway":"secondary","lanes":null,"oneway":"yes","surface":"asphalt","source":"OpenStreetMap"},"geometry":{"type":"LineString","coordinates":[[121.4709948,25.0183166],[121.4710509,25.0182609],[121.4712944,25.017942]]}},{"type":"Feature","id":302470658,"properties":{"osm_id":302470658,"name":"民生路二段","name_en":"Section 2, Minsheng Road","highway":"secondary","lanes":null,"oneway":"yes","surface":"asphalt","source":"OpenStreetMap"},"geometry":{"type":"LineString","coordinates":[[121.4712944,25.017942],[121.4714831,25.0176947],[121.4720697,25.0168901],[121.4724017,25.0164347],[121.4726186,25.0161372],[121.472698,25.0160283]]}},{"type":"Feature","id":310849381,"properties":{"osm_id":310849381,"name":"民生路二段","name_en":"Section 2, Minsheng Road","highway":"secondary","lanes":null,"oneway":"yes","surface":"asphalt","source":"OpenStreetMap"},"geometry":{"type":"LineString","coordinates":[[121.472698,25.0160283],[121.4733114,25.0155019]]}},{"type":"Feature","id":327351488,"properties":{"osm_id":327351488,"name":"民生路二段","name_en":"Section 2, Minsheng Road","highway":"secondary","lanes":null,"oneway":"yes","surface":"asphalt","source":"OpenStreetMap"},"geometry":{"type":"LineString","coordinates":[[121.4713589,25.0187194],[121.4712959,25.0187954],[121.4708257,25.0194069],[121.4700334,25.0204963]]}},{"type":"Feature","id":762683031,"properties":{"osm_id":762683031,"name":"民生路二段","name_en":"Section 2, Minsheng Road","highway":"secondary","lanes":null,"oneway":"yes","surface":"asphalt","source":"OpenStreetMap"},"geometry":{"type":"LineString","coordinates":[[121.4698612,25.0205986],[121.4696271,25.0209862]]}},{"type":"Feature","id":1055613477,"properties":{"osm_id":1055613477,"name":"民生路二段","name_en":"Section 2, Minsheng Road","highway":"secondary","lanes":null,"oneway":"yes","surface":"asphalt","source":"OpenStreetMap"},"geometry":{"type":"LineString","coordinates":[[121.4700334,25.0204963],[121.4698612,25.0205986]]}},{"type":"Feature","id":1409467107,"properties":{"osm_id":1409467107,"name":"民生路二段","name_en":"Section 2, Minsheng Road","highway":"secondary","lanes":null,"oneway":"yes","surface":"asphalt","source":"OpenStreetMap"},"geometry":{"type":"LineString","coordinates":[[121.4681825,25.0231284],[121.4680863,25.0232742]]}},{"type":"Feature","id":1429192666,"properties":{"osm_id":1429192666,"name":"民生路二段","name_en":"Section 2, Minsheng Road","highway":"secondary","lanes":null,"oneway":"yes","surface":"asphalt","source":"OpenStreetMap"},"geometry":{"type":"LineString","coordinates":[[121.4679982,25.0228073],[121.4680413,25.0227186],[121.4682089,25.022411]]}},{"type":"Feature","id":1458117096,"properties":{"osm_id":1458117096,"name":"民生路二段","name_en":"Section 2, Minsheng Road","highway":"secondary","lanes":null,"oneway":"yes","surface":"asphalt","source":"OpenStreetMap"},"geometry":{"type":"LineString","coordinates":[[121.471698,25.0183246],[121.4716633,25.0184821],[121.4716043,25.0185781],[121.4715359,25.0186765],[121.4715158,25.0187039]]}},{"type":"Feature","id":1458117098,"properties":{"osm_id":1458117098,"name":"民生路二段","name_en":"Section 2, Minsheng Road","highway":"secondary","lanes":null,"oneway":"yes","surface":"asphalt","source":"OpenStreetMap"},"geometry":{"type":"LineString","coordinates":[[121.4686341,25.0224588],[121.4682411,25.0230292],[121.4681825,25.0231284]]}},{"type":"Feature","id":1054979482,"properties":{"osm_id":1054979482,"name":"民生路二段226巷","name_en":null,"highway":"residential","lanes":null,"oneway":null,"surface":null,"source":"OpenStreetMap"},"geometry":{"type":"LineString","coordinates":[[121.4716289,25.0223955],[121.4711615,25.022121],[121.4707704,25.0219129],[121.4705439,25.0219796]]}},{"type":"Feature","id":355776313,"properties":{"osm_id":355776313,"name":"民生路二段234巷24弄","name_en":null,"highway":"residential","lanes":null,"oneway":null,"surface":null,"source":"OpenStreetMap"},"geometry":{"type":"LineString","coordinates":[[121.4702056,25.0225529],[121.4704423,25.0221386],[121.470507,25.0220297],[121.4705439,25.0219796]]}},{"type":"Feature","id":125786148,"properties":{"osm_id":125786148,"name":"民生陸橋","name_en":"Minsheng Viaduct","highway":"secondary","lanes":"3","oneway":"yes","surface":"asphalt","source":"OpenStreetMap"},"geometry":{"type":"LineString","coordinates":[[121.471147,25.0187762],[121.4705618,25.0195748]]}},{"type":"Feature","id":125786151,"properties":{"osm_id":125786151,"name":"民生陸橋","name_en":"Minsheng Viaduct","highway":"secondary","lanes":"1","oneway":"yes","surface":null,"source":"OpenStreetMap"},"geometry":{"type":"LineString","coordinates":[[121.4709249,25.0186429],[121.4715024,25.0178727]]}},{"type":"Feature","id":125786152,"properties":{"osm_id":125786152,"name":"民生陸橋","name_en":"Minsheng Viaduct","highway":"secondary","lanes":"1","oneway":"yes","surface":null,"source":"OpenStreetMap"},"geometry":{"type":"LineString","coordinates":[[121.4721283,25.0174372],[121.4716238,25.0181209],[121.4713046,25.0185535],[121.4712521,25.0186293],[121.4712288,25.0186617],[121.471147,25.0187762]]}},{"type":"Feature","id":126591283,"properties":{"osm_id":126591283,"name":"民生陸橋","name_en":"Minsheng Viaduct","highway":"secondary","lanes":"3","oneway":"yes","surface":"asphalt","source":"OpenStreetMap"},"geometry":{"type":"LineString","coordinates":[[121.4703223,25.0194307],[121.4709249,25.0186429]]}},{"type":"Feature","id":1055613475,"properties":{"osm_id":1055613475,"name":"民生陸橋","name_en":"Minsheng Viaduct","highway":"secondary","lanes":"3","oneway":"yes","surface":"asphalt","source":"OpenStreetMap"},"geometry":{"type":"LineString","coordinates":[[121.469563,25.020439],[121.4698861,25.0200051]]}},{"type":"Feature","id":1055613478,"properties":{"osm_id":1055613478,"name":"民生陸橋","name_en":"Minsheng Viaduct","highway":"secondary","lanes":"3","oneway":"yes","surface":"asphalt","source":"OpenStreetMap"},"geometry":{"type":"LineString","coordinates":[[121.4701503,25.0201559],[121.469952,25.0204486]]}},{"type":"Feature","id":1058435750,"properties":{"osm_id":1058435750,"name":"民生陸橋","name_en":"Minsheng Viaduct","highway":"secondary","lanes":"3","oneway":"yes","surface":null,"source":"OpenStreetMap"},"geometry":{"type":"LineString","coordinates":[[121.4730377,25.0158444],[121.4733114,25.0155019]]}},{"type":"Feature","id":1058435751,"properties":{"osm_id":1058435751,"name":"民生陸橋","name_en":"Minsheng Viaduct","highway":"secondary","lanes":"3","oneway":"yes","surface":null,"source":"OpenStreetMap"},"geometry":{"type":"LineString","coordinates":[[121.4735134,25.0156068],[121.4732621,25.0159622]]}},{"type":"Feature","id":1209733397,"properties":{"osm_id":1209733397,"name":"民生陸橋","name_en":"Minsheng Viaduct","highway":"secondary","lanes":"3","oneway":"yes","surface":"asphalt","source":"OpenStreetMap"},"geometry":{"type":"LineString","coordinates":[[121.4698861,25.0200051],[121.4703223,25.0194307]]}},{"type":"Feature","id":1209733399,"properties":{"osm_id":1209733399,"name":"民生陸橋","name_en":"Minsheng Viaduct","highway":"secondary","lanes":"3","oneway":"yes","surface":"asphalt","source":"OpenStreetMap"},"geometry":{"type":"LineString","coordinates":[[121.4705618,25.0195748],[121.4701503,25.0201559]]}},{"type":"Feature","id":1209733400,"properties":{"osm_id":1209733400,"name":"民生陸橋","name_en":"Minsheng Viaduct","highway":"secondary","lanes":"3","oneway":"yes","surface":null,"source":"OpenStreetMap"},"geometry":{"type":"LineString","coordinates":[[121.4725304,25.0165049],[121.4730377,25.0158444]]}},{"type":"Feature","id":1209733401,"properties":{"osm_id":1209733401,"name":"民生陸橋","name_en":"Minsheng Viaduct","highway":"secondary","lanes":"2","oneway":"yes","surface":null,"source":"OpenStreetMap"},"geometry":{"type":"LineString","coordinates":[[121.4732621,25.0159622],[121.4727402,25.0166397]]}},{"type":"Feature","id":1209733402,"properties":{"osm_id":1209733402,"name":"民生陸橋","name_en":"Minsheng Viaduct","highway":"secondary","lanes":"3","oneway":"yes","surface":null,"source":"OpenStreetMap"},"geometry":{"type":"LineString","coordinates":[[121.4719261,25.0173125],[121.4725304,25.0165049]]}},{"type":"Feature","id":1209733403,"properties":{"osm_id":1209733403,"name":"民生陸橋","name_en":"Minsheng Viaduct","highway":"secondary","lanes":"1","oneway":"yes","surface":null,"source":"OpenStreetMap"},"geometry":{"type":"LineString","coordinates":[[121.4727402,25.0166397],[121.4721283,25.0174372]]}},{"type":"Feature","id":1209733404,"properties":{"osm_id":1209733404,"name":"民生陸橋","name_en":"Minsheng Viaduct","highway":"secondary","lanes":"2","oneway":"yes","surface":null,"source":"OpenStreetMap"},"geometry":{"type":"LineString","coordinates":[[121.4715024,25.0178727],[121.4719261,25.0173125]]}},{"type":"Feature","id":587411617,"properties":{"osm_id":587411617,"name":"永翠路","name_en":null,"highway":"residential","lanes":null,"oneway":null,"surface":null,"source":"OpenStreetMap"},"geometry":{"type":"LineString","coordinates":[[121.4524756,25.0223555],[121.4524487,25.0219878],[121.4524031,25.0215267],[121.4523656,25.0214222],[121.4517573,25.0202645],[121.4514207,25.0190924],[121.451313,25.0186814],[121.4512068,25.0182018],[121.4505584,25.0179677],[121.4493397,25.0174657]]}},{"type":"Feature","id":112143233,"properties":{"osm_id":112143233,"name":"永豐街","name_en":null,"highway":"residential","lanes":null,"oneway":null,"surface":null,"source":"OpenStreetMap"},"geometry":{"type":"LineString","coordinates":[[121.4793021,25.021183],[121.4791976,25.0211886],[121.4791237,25.0211911],[121.4784643,25.0212132],[121.4780789,25.0212337],[121.4776067,25.0212597],[121.4774649,25.0212675],[121.4772781,25.0212576],[121.4772015,25.0212535],[121.4770539,25.0212321],[121.4770079,25.0212254],[121.4767574,25.0211389],[121.4766062,25.021052],[121.4765741,25.0210336],[121.4764714,25.0209665],[121.4763105,25.0208614],[121.476241,25.020816],[121.4757763,25.0205014],[121.4755774,25.0203668],[121.4755304,25.0203358],[121.4745015,25.0196576],[121.4744594,25.0196298],[121.474197,25.0194505],[121.4737985,25.0191782],[121.4736416,25.0190712],[121.473628,25.0190238]]}},{"type":"Feature","id":299618597,"properties":{"osm_id":299618597,"name":"永豐街","name_en":null,"highway":"residential","lanes":null,"oneway":null,"surface":null,"source":"OpenStreetMap"},"geometry":{"type":"LineString","coordinates":[[121.4751358,25.0163862],[121.4747454,25.0169745],[121.4746364,25.0171334],[121.4742047,25.0176874],[121.4741384,25.0178303],[121.4740415,25.0180393],[121.4739616,25.0181954],[121.4739646,25.0182089],[121.4737854,25.0186046],[121.4737064,25.0187905],[121.4736821,25.0188479],[121.4736367,25.0189415],[121.4736348,25.0189592],[121.473628,25.0190238]]}},{"type":"Feature","id":310261350,"properties":{"osm_id":310261350,"name":"海山路","name_en":"Haishan Road","highway":"residential","lanes":"2","oneway":null,"surface":"asphalt","source":"OpenStreetMap"},"geometry":{"type":"LineString","coordinates":[[121.4706027,25.0100535],[121.4705647,25.010039],[121.4703825,25.0099612],[121.4699416,25.0097768],[121.4695129,25.0096009],[121.4693453,25.0095358],[121.4686139,25.0092222],[121.468559,25.0091989],[121.4683598,25.0091163],[121.4682556,25.0090723],[121.4681375,25.0090269],[121.4680851,25.0090139],[121.4680144,25.0089949],[121.4679184,25.0089848],[121.4678398,25.0089896]]}},{"type":"Feature","id":310261353,"properties":{"osm_id":310261353,"name":"海山路","name_en":"Haishan Road","highway":"residential","lanes":"2","oneway":null,"surface":"asphalt","source":"OpenStreetMap"},"geometry":{"type":"LineString","coordinates":[[121.4678398,25.0089896],[121.4676932,25.0090534],[121.4675707,25.0091436],[121.4674251,25.0093777],[121.4671884,25.0097718],[121.4671224,25.0099042],[121.4667627,25.0105232]]}},{"type":"Feature","id":1435048384,"properties":{"osm_id":1435048384,"name":"海山路","name_en":"Haishan Road","highway":"residential","lanes":"2","oneway":null,"surface":"asphalt","source":"OpenStreetMap"},"geometry":{"type":"LineString","coordinates":[[121.4707584,25.0101004],[121.4706027,25.0100535]]}},{"type":"Feature","id":216820766,"properties":{"osm_id":216820766,"name":"湳仔橋","name_en":null,"highway":"tertiary","lanes":null,"oneway":null,"surface":null,"source":"OpenStreetMap"},"geometry":{"type":"LineString","coordinates":[[121.451732,25.0008209],[121.4518276,25.0008112],[121.4520805,25.0007804]]}},{"type":"Feature","id":1517706724,"properties":{"osm_id":1517706724,"name":"湳仔橋","name_en":null,"highway":"tertiary","lanes":null,"oneway":null,"surface":null,"source":"OpenStreetMap"},"geometry":{"type":"LineString","coordinates":[[121.4520805,25.0007804],[121.4523956,25.0007561]]}},{"type":"Feature","id":1517734128,"properties":{"osm_id":1517734128,"name":"湳仔橋","name_en":null,"highway":"tertiary","lanes":null,"oneway":null,"surface":null,"source":"OpenStreetMap"},"geometry":{"type":"LineString","coordinates":[[121.4523956,25.0007561],[121.4524281,25.0007505]]}},{"type":"Feature","id":310849382,"properties":{"osm_id":310849382,"name":"漢民路","name_en":"Hanmin Road","highway":"tertiary","lanes":"4","oneway":"yes","surface":"asphalt","source":"OpenStreetMap"},"geometry":{"type":"LineString","coordinates":[[121.4725009,25.0064501],[121.4725405,25.0063772]]}},{"type":"Feature","id":111317489,"properties":{"osm_id":111317489,"name":"漢生東路","name_en":"Hansheng East Road","highway":"tertiary","lanes":"2","oneway":"no","surface":"asphalt","source":"OpenStreetMap"},"geometry":{"type":"LineString","coordinates":[[121.4719857,25.0075534],[121.4718119,25.007922],[121.4717471,25.0080672],[121.4715882,25.0083972],[121.4714845,25.0086049],[121.4713106,25.0089557],[121.4711382,25.0093189],[121.4710836,25.0094319],[121.4709679,25.0096723],[121.4707973,25.0100214],[121.4707642,25.0100886],[121.4707584,25.0101004]]}},{"type":"Feature","id":297240255,"properties":{"osm_id":297240255,"name":"漢生東路","name_en":"Hansheng West Road","highway":"tertiary","lanes":null,"oneway":"yes","surface":"asphalt","source":"OpenStreetMap"},"geometry":{"type":"LineString","coordinates":[[121.4686451,25.0133101],[121.4683802,25.0136149],[121.4678406,25.0142551],[121.4676944,25.0144312],[121.4676606,25.0144697],[121.4674546,25.0147088],[121.4674037,25.0147684],[121.4672176,25.0149765],[121.4669481,25.0152754],[121.4668535,25.0154207]]}},{"type":"Feature","id":310261354,"properties":{"osm_id":310261354,"name":"漢生東路","name_en":"Hansheng East Road","highway":"tertiary","lanes":"2","oneway":"yes","surface":"asphalt","source":"OpenStreetMap"},"geometry":{"type":"LineString","coordinates":[[121.4695231,25.0118568],[121.4695882,25.0117775],[121.4697425,25.0115368],[121.4698179,25.0114139],[121.4701544,25.0109188],[121.4702642,25.0107647],[121.4703752,25.010607],[121.4704061,25.0105597],[121.4705763,25.0103109],[121.4706641,25.0101949],[121.4706879,25.0101726],[121.4707584,25.0101004]]}},{"type":"Feature","id":310261356,"properties":{"osm_id":310261356,"name":"漢生東路","name_en":"Hansheng East Road","highway":"tertiary","lanes":"2","oneway":"yes","surface":"asphalt","source":"OpenStreetMap"},"geometry":{"type":"LineString","coordinates":[[121.4695944,25.0118976],[121.4694922,25.0120395],[121.469401,25.0121856],[121.4691534,25.0125671],[121.468755,25.013147],[121.4686451,25.0133101]]}},{"type":"Feature","id":310261358,"properties":{"osm_id":310261358,"name":"漢生東路","name_en":"Hansheng East Road","highway":"tertiary","lanes":"2","oneway":"yes","surface":"asphalt","source":"OpenStreetMap"},"geometry":{"type":"LineString","coordinates":[[121.4707584,25.0101004],[121.4707312,25.0101888],[121.4706905,25.0102869],[121.4704813,25.0106047],[121.4701989,25.0110338],[121.4698093,25.011584],[121.4696507,25.0118176],[121.4696271,25.0118473],[121.4695944,25.0118976]]}},{"type":"Feature","id":310849383,"properties":{"osm_id":310849383,"name":"漢生東路","name_en":"Hansheng East Road","highway":"tertiary","lanes":"2","oneway":"yes","surface":"asphalt","source":"OpenStreetMap"},"geometry":{"type":"LineString","coordinates":[[121.4685648,25.013268],[121.4690842,25.0124603],[121.4693419,25.0120868]]}},{"type":"Feature","id":326969448,"properties":{"osm_id":326969448,"name":"漢生東路","name_en":"Hansheng East Road","highway":"tertiary","lanes":null,"oneway":"yes","surface":"asphalt","source":"OpenStreetMap"},"geometry":{"type":"LineString","coordinates":[[121.4666422,25.0155039],[121.4667576,25.0153605]]}},{"type":"Feature","id":326969449,"properties":{"osm_id":326969449,"name":"漢生東路","name_en":"Hansheng East Road","highway":"tertiary","lanes":null,"oneway":"yes","surface":"asphalt","source":"OpenStreetMap"},"geometry":{"type":"LineString","coordinates":[[121.4641448,25.017723],[121.4642545,25.0176169]]}},{"type":"Feature","id":327350098,"properties":{"osm_id":327350098,"name":"漢生東路","name_en":"Hansheng East Road","highway":"tertiary","lanes":null,"oneway":"yes","surface":"asphalt","source":"OpenStreetMap"},"geometry":{"type":"LineString","coordinates":[[121.4642545,25.0176169],[121.4643483,25.017512],[121.4655533,25.0166886],[121.4656202,25.0166458],[121.465694,25.0165887],[121.4657566,25.0165268],[121.4661395,25.0160846],[121.4665535,25.0156063],[121.4666422,25.0155039]]}},{"type":"Feature","id":327350100,"properties":{"osm_id":327350100,"name":"漢生東路","name_en":"Hansheng East Road","highway":"tertiary","lanes":null,"oneway":"yes","surface":"asphalt","source":"OpenStreetMap"},"geometry":{"type":"LineString","coordinates":[[121.4667576,25.0153605],[121.4668673,25.0152335],[121.4674808,25.0145097],[121.4675352,25.0144474],[121.4678759,25.0140571],[121.4685648,25.013268]]}},{"type":"Feature","id":338478395,"properties":{"osm_id":338478395,"name":"漢生東路","name_en":"Hansheng East Road","highway":"tertiary","lanes":null,"oneway":"yes","surface":"asphalt","source":"OpenStreetMap"},"geometry":{"type":"LineString","coordinates":[[121.4667288,25.0155689],[121.4666402,25.0156697],[121.466414,25.0159283],[121.4662215,25.0161662],[121.465999,25.0164097],[121.4658382,25.0165852],[121.4658202,25.0166038],[121.4657337,25.0166927],[121.4656605,25.0167531],[121.4656215,25.0167812],[121.46538,25.0169445],[121.4651051,25.0171302],[121.4648495,25.0173028],[121.4644176,25.0175944],[121.4642962,25.0176775]]}},{"type":"Feature","id":819214847,"properties":{"osm_id":819214847,"name":"漢生東路","name_en":"Hansheng West Road","highway":"tertiary","lanes":null,"oneway":"yes","surface":"asphalt","source":"OpenStreetMap"},"geometry":{"type":"LineString","coordinates":[[121.4668535,25.0154207],[121.4667288,25.0155689]]}},{"type":"Feature","id":971639506,"properties":{"osm_id":971639506,"name":"漢生東路","name_en":"Hansheng East Road","highway":"tertiary","lanes":"2","oneway":"yes","surface":"asphalt","source":"OpenStreetMap"},"geometry":{"type":"LineString","coordinates":[[121.4693419,25.0120868],[121.4694031,25.0119953],[121.4695231,25.0118568]]}},{"type":"Feature","id":979647467,"properties":{"osm_id":979647467,"name":"漢生東路","name_en":"Hansheng East Road","highway":"tertiary","lanes":null,"oneway":"yes","surface":"asphalt","source":"OpenStreetMap"},"geometry":{"type":"LineString","coordinates":[[121.4725405,25.0063772],[121.4725659,25.0064386],[121.4722531,25.0070851],[121.4721852,25.0072113],[121.4720314,25.0075174],[121.4719857,25.0075534]]}},{"type":"Feature","id":979647468,"properties":{"osm_id":979647468,"name":"漢生東路","name_en":"Hansheng East Road","highway":"tertiary","lanes":null,"oneway":"yes","surface":"asphalt","source":"OpenStreetMap"},"geometry":{"type":"LineString","coordinates":[[121.4719857,25.0075534],[121.4719811,25.0075119],[121.4721435,25.0071687],[121.4722808,25.0068923],[121.4725009,25.0064501]]}},{"type":"Feature","id":1435048386,"properties":{"osm_id":1435048386,"name":"漢生東路","name_en":"Hansheng East Road","highway":"tertiary","lanes":null,"oneway":"yes","surface":"asphalt","source":"OpenStreetMap"},"geometry":{"type":"LineString","coordinates":[[121.4704061,25.0105597],[121.4704382,25.0104088],[121.4705636,25.0102259],[121.4706212,25.0101438],[121.4706279,25.0101147],[121.4706102,25.0100821],[121.4706027,25.0100535]]}},{"type":"Feature","id":112143244,"properties":{"osm_id":112143244,"name":"漢生東路193巷","name_en":"Lane 193, Hansheng East Road","highway":"residential","lanes":"2","oneway":null,"surface":"asphalt","source":"OpenStreetMap"},"geometry":{"type":"LineString","coordinates":[[121.4697425,25.0115368],[121.4698093,25.011584],[121.4701631,25.0117571],[121.4707733,25.0120703],[121.4712049,25.0122861],[121.471385,25.0123731]]}},{"type":"Feature","id":365055988,"properties":{"osm_id":365055988,"name":"漢生東路279巷","name_en":null,"highway":"residential","lanes":"2","oneway":null,"surface":"asphalt","source":"OpenStreetMap"},"geometry":{"type":"LineString","coordinates":[[121.4724842,25.0094462],[121.4721549,25.0093077],[121.4718554,25.009181],[121.47174,25.0091366],[121.4713106,25.0089557]]}},{"type":"Feature","id":41119233,"properties":{"osm_id":41119233,"name":"漢生西路","name_en":"Hansheng West Road","highway":"tertiary","lanes":null,"oneway":null,"surface":"asphalt","source":"OpenStreetMap"},"geometry":{"type":"LineString","coordinates":[[121.462509,25.0208076],[121.4626431,25.0205452],[121.4626559,25.0203886],[121.4626558,25.0201308],[121.4626243,25.0199339],[121.4626176,25.0197953],[121.4626243,25.019686],[121.4626538,25.0195791],[121.4627919,25.0192461],[121.4628147,25.0191853],[121.4629166,25.0189131],[121.4629623,25.018794],[121.4630004,25.0186885],[121.4630598,25.0184864],[121.4630722,25.018444]]}},{"type":"Feature","id":269760963,"properties":{"osm_id":269760963,"name":"漢生西路","name_en":"Hansheng West Road","highway":"tertiary","lanes":null,"oneway":"yes","surface":"asphalt","source":"OpenStreetMap"},"geometry":{"type":"LineString","coordinates":[[121.4630722,25.018444],[121.4631067,25.0183796],[121.4632472,25.0183139],[121.4634162,25.0182276],[121.4634927,25.0181766],[121.4636,25.0181098],[121.4638025,25.0179688],[121.4640351,25.017813],[121.4640747,25.0177865],[121.4641448,25.017723]]}},{"type":"Feature","id":338478394,"properties":{"osm_id":338478394,"name":"漢生西路","name_en":"Hansheng West Road","highway":"tertiary","lanes":null,"oneway":"yes","surface":"asphalt","source":"OpenStreetMap"},"geometry":{"type":"LineString","coordinates":[[121.4641827,25.0177699],[121.4640684,25.0178545],[121.4640184,25.0178922],[121.4637515,25.0180721],[121.4635986,25.0181632],[121.4634699,25.0182447],[121.4632687,25.0183528],[121.4630722,25.018444]]}},{"type":"Feature","id":1458150798,"properties":{"osm_id":1458150798,"name":"漢生西路","name_en":"Hansheng West Road","highway":"tertiary","lanes":null,"oneway":"yes","surface":"asphalt","source":"OpenStreetMap"},"geometry":{"type":"LineString","coordinates":[[121.4642962,25.0176775],[121.4641827,25.0177699]]}},{"type":"Feature","id":111317484,"properties":{"osm_id":111317484,"name":"瑞安街","name_en":"Rui-an Street","highway":"residential","lanes":null,"oneway":null,"surface":null,"source":"OpenStreetMap"},"geometry":{"type":"LineString","coordinates":[[121.4543041,25.0234411],[121.4545076,25.0234252],[121.4547664,25.0234057],[121.4548871,25.0233814],[121.4549837,25.0233413],[121.4550756,25.0232724],[121.4551795,25.0231639],[121.4552787,25.0230169],[121.4553042,25.0229318],[121.455319,25.0227921],[121.4553954,25.0221261],[121.4553994,25.0220605],[121.4554209,25.0219134],[121.4555159,25.0211323]]}},{"type":"Feature","id":40373322,"properties":{"osm_id":40373322,"name":"環河橋","name_en":null,"highway":"tertiary","lanes":null,"oneway":null,"surface":null,"source":"OpenStreetMap"},"geometry":{"type":"LineString","coordinates":[[121.4508341,25.0106375],[121.451644,25.0107484],[121.4517543,25.0107596]]}},{"type":"Feature","id":329459173,"properties":{"osm_id":329459173,"name":"環河西路五段","name_en":"Section 5, Huanhe West Road","highway":"tertiary","lanes":null,"oneway":"yes","surface":null,"source":"OpenStreetMap"},"geometry":{"type":"LineString","coordinates":[[121.4535635,25.0274742],[121.4530217,25.0270661],[121.4527921,25.0268612],[121.4526626,25.0267661],[121.4520946,25.0262784],[121.4516114,25.0258651],[121.4512213,25.0255093],[121.4508232,25.0251323],[121.4506618,25.0249747],[121.450379,25.0246847],[121.4499807,25.0243024],[121.4497787,25.0240713],[121.4496557,25.0239093]]}},{"type":"Feature","id":587411626,"properties":{"osm_id":587411626,"name":"環河西路五段","name_en":"Section 5, Huanhe West Road","highway":"tertiary","lanes":null,"oneway":null,"surface":null,"source":"OpenStreetMap"},"geometry":{"type":"LineString","coordinates":[[121.4466359,25.0199792],[121.4465966,25.0199199],[121.4463379,25.0194718],[121.4461414,25.0191023],[121.4459912,25.0188724],[121.4452167,25.0173266],[121.4451341,25.0171521],[121.4450509,25.0169756],[121.4447999,25.0163649],[121.4446772,25.0160828],[121.444607,25.015922],[121.4443906,25.0153993],[121.4442438,25.0150873],[121.4439503,25.0146068],[121.4436014,25.0140796],[121.4434328,25.0136879],[121.4433286,25.0134135],[121.443267,25.0132906],[121.4431181,25.0129533],[121.4430284,25.0127261],[121.44275,25.0120194],[121.4425045,25.0112662],[121.4423855,25.0109129],[121.4420567,25.0097647],[121.4418992,25.0090953],[121.441846,25.0088078],[121.44176,25.0083068],[121.4417441,25.0082139],[121.4416484,25.0076272],[121.4415561,25.0069067],[121.4414636,25.0059478],[121.441369,25.0051005]]}},{"type":"Feature","id":1090890399,"properties":{"osm_id":1090890399,"name":"環河西路五段","name_en":"Section 5, Huanhe West Road","highway":"tertiary","lanes":null,"oneway":"yes","surface":null,"source":"OpenStreetMap"},"geometry":{"type":"LineString","coordinates":[[121.4497486,25.0238555],[121.4504548,25.024616],[121.4512816,25.0254156],[121.4517781,25.0258607],[121.4524642,25.026444],[121.4527483,25.026682]]}},{"type":"Feature","id":1090890400,"properties":{"osm_id":1090890400,"name":"環河西路五段","name_en":"Section 5, Huanhe West Road","highway":"tertiary","lanes":null,"oneway":"yes","surface":null,"source":"OpenStreetMap"},"geometry":{"type":"LineString","coordinates":[[121.4478777,25.0215924],[121.448356,25.0220268],[121.4484422,25.0221061],[121.4494583,25.0233067],[121.4495868,25.0235341],[121.4497486,25.0238555]]}},{"type":"Feature","id":1090890401,"properties":{"osm_id":1090890401,"name":"環河西路五段","name_en":"Section 5, Huanhe West Road","highway":"tertiary","lanes":null,"oneway":"yes","surface":null,"source":"OpenStreetMap"},"geometry":{"type":"LineString","coordinates":[[121.4496557,25.0239093],[121.44957,25.0237611],[121.4494546,25.0235243],[121.4493264,25.0233297],[121.4490651,25.0230074],[121.4488676,25.0227714],[121.4485368,25.022411],[121.4482672,25.0220958],[121.4478777,25.0215924]]}},{"type":"Feature","id":1377973808,"properties":{"osm_id":1377973808,"name":"環河西路五段","name_en":"Section 5, Huanhe West Road","highway":"tertiary","lanes":null,"oneway":null,"surface":null,"source":"OpenStreetMap"},"geometry":{"type":"LineString","coordinates":[[121.4478777,25.0215924],[121.4476209,25.0212639],[121.4476085,25.0212478],[121.4474349,25.0210252],[121.4472171,25.0207359],[121.4470479,25.0204916],[121.4469873,25.0204162]]}},{"type":"Feature","id":1377973809,"properties":{"osm_id":1377973809,"name":"環河西路五段","name_en":"Section 5, Huanhe West Road","highway":"tertiary","lanes":null,"oneway":null,"surface":null,"source":"OpenStreetMap"},"geometry":{"type":"LineString","coordinates":[[121.4469873,25.0204162],[121.4466359,25.0199792]]}},{"type":"Feature","id":429848395,"properties":{"osm_id":429848395,"name":"番園橋","name_en":"Fanyuan Bridge","highway":"residential","lanes":null,"oneway":null,"surface":null,"source":"OpenStreetMap"},"geometry":{"type":"LineString","coordinates":[[121.450009,24.9980167],[121.4503501,24.9976993]]}},{"type":"Feature","id":218099542,"properties":{"osm_id":218099542,"name":"福德街","name_en":"Fude Street","highway":"residential","lanes":null,"oneway":"no","surface":"paved","source":"OpenStreetMap"},"geometry":{"type":"LineString","coordinates":[[121.4561356,25.009566],[121.4561112,25.0092177],[121.4560324,25.0080737]]}},{"type":"Feature","id":232201647,"properties":{"osm_id":232201647,"name":"站前路","name_en":"Zhanqian Road","highway":"residential","lanes":null,"oneway":"no","surface":null,"source":"OpenStreetMap"},"geometry":{"type":"LineString","coordinates":[[121.4639272,25.0156393],[121.4638842,25.0155908],[121.4631956,25.0147777],[121.4624029,25.0137364],[121.4623321,25.0136419]]}},{"type":"Feature","id":415499632,"properties":{"osm_id":415499632,"name":"站前路","name_en":"Zhanqian Road","highway":"residential","lanes":null,"oneway":"no","surface":"asphalt","source":"OpenStreetMap"},"geometry":{"type":"LineString","coordinates":[[121.46397,25.0156987],[121.4639272,25.0156393]]}},{"type":"Feature","id":366321328,"properties":{"osm_id":366321328,"name":"縣民大道106巷","name_en":null,"highway":"residential","lanes":null,"oneway":null,"surface":null,"source":"OpenStreetMap"},"geometry":{"type":"LineString","coordinates":[[121.4569093,25.0056691],[121.4569568,25.005655],[121.4572114,25.0054925],[121.457366,25.0056574],[121.4575442,25.005571]]}},{"type":"Feature","id":266252917,"properties":{"osm_id":266252917,"name":"縣民大道一段","name_en":"Xianmin Boulevard Section 1","highway":"secondary","lanes":null,"oneway":"yes","surface":null,"source":"OpenStreetMap"},"geometry":{"type":"LineString","coordinates":[[121.4528236,25.0036214],[121.4528574,25.0036345],[121.452902,25.0036449],[121.4529675,25.0036532],[121.4530523,25.0036568],[121.4534253,25.0036626]]}},{"type":"Feature","id":290153027,"properties":{"osm_id":290153027,"name":"縣民大道一段","name_en":"Xianmin Boulevard Section 1","highway":"secondary","lanes":null,"oneway":"yes","surface":"asphalt","source":"OpenStreetMap"},"geometry":{"type":"LineString","coordinates":[[121.4618161,25.0114079],[121.4617587,25.0113448],[121.4616881,25.0112655],[121.461455,25.0109684],[121.4612476,25.0107289],[121.4609135,25.0103309],[121.46085,25.0102654],[121.4608039,25.0102178],[121.4603816,25.009722]]}},{"type":"Feature","id":317636799,"properties":{"osm_id":317636799,"name":"縣民大道一段","name_en":"Xianmin Boulevard Section 1","highway":"secondary","lanes":null,"oneway":"yes","surface":null,"source":"OpenStreetMap"},"geometry":{"type":"LineString","coordinates":[[121.4547693,25.0039268],[121.4551281,25.0041164],[121.4551478,25.0041282],[121.455565,25.0043639],[121.4558252,25.0045437],[121.4561165,25.0048084],[121.4562567,25.0049605],[121.4563274,25.0050372],[121.456458,25.0051851],[121.4565658,25.0053072]]}},{"type":"Feature","id":317636800,"properties":{"osm_id":317636800,"name":"縣民大道一段","name_en":"Xianmin Boulevard Section 1","highway":"secondary","lanes":null,"oneway":"yes","surface":null,"source":"OpenStreetMap"},"geometry":{"type":"LineString","coordinates":[[121.454826,25.00408],[121.4546439,25.0040283],[121.4544471,25.0039731],[121.4540921,25.0038958],[121.4537863,25.0038399],[121.4534148,25.0038071]]}},{"type":"Feature","id":317636801,"properties":{"osm_id":317636801,"name":"縣民大道一段","name_en":"Xianmin Boulevard Section 1","highway":"secondary","lanes":null,"oneway":"yes","surface":"asphalt","source":"OpenStreetMap"},"geometry":{"type":"LineString","coordinates":[[121.4596858,25.0087231],[121.4602264,25.0093323],[121.4604115,25.0095597],[121.4607929,25.0099775],[121.4608479,25.0100346],[121.4609756,25.010167],[121.4610425,25.0102387],[121.4611989,25.0104357],[121.4618524,25.0111449],[121.4618584,25.0111513],[121.4619259,25.0112234]]}},{"type":"Feature","id":326969451,"properties":{"osm_id":326969451,"name":"縣民大道一段","name_en":"Xianmin Boulevard Section 1","highway":"secondary","lanes":null,"oneway":"yes","surface":"asphalt","source":"OpenStreetMap"},"geometry":{"type":"LineString","coordinates":[[121.4603816,25.009722],[121.459933,25.0091766],[121.4595909,25.0087856],[121.4594734,25.008649]]}},{"type":"Feature","id":338317173,"properties":{"osm_id":338317173,"name":"縣民大道一段","name_en":"Xianmin Boulevard Section 1","highway":"secondary","lanes":null,"oneway":"yes","surface":null,"source":"OpenStreetMap"},"geometry":{"type":"LineString","coordinates":[[121.45647,25.0053403],[121.4563802,25.0052437],[121.4563034,25.005089],[121.45586,25.0046387],[121.4556315,25.0044807],[121.4553448,25.0042995],[121.4551129,25.004185],[121.454826,25.00408]]}},{"type":"Feature","id":668070790,"properties":{"osm_id":668070790,"name":"縣民大道一段","name_en":"Xianmin Boulevard Section 1","highway":"secondary","lanes":null,"oneway":"yes","surface":"asphalt","source":"OpenStreetMap"},"geometry":{"type":"LineString","coordinates":[[121.459523,25.0085394],[121.4596858,25.0087231]]}},{"type":"Feature","id":668083242,"properties":{"osm_id":668083242,"name":"縣民大道一段","name_en":"Xianmin Boulevard Section 1","highway":"secondary","lanes":null,"oneway":"yes","surface":null,"source":"OpenStreetMap"},"geometry":{"type":"LineString","coordinates":[[121.4594734,25.008649],[121.4594264,25.0085928]]}},{"type":"Feature","id":712373741,"properties":{"osm_id":712373741,"name":"縣民大道一段","name_en":"Xianmin Boulevard Section 1","highway":"secondary","lanes":null,"oneway":"yes","surface":null,"source":"OpenStreetMap"},"geometry":{"type":"LineString","coordinates":[[121.4534148,25.0038071],[121.4531608,25.0038014],[121.452952,25.0038022],[121.4529093,25.0038075],[121.4528769,25.0038158],[121.4528367,25.0038309],[121.4528162,25.0038416]]}},{"type":"Feature","id":712373742,"properties":{"osm_id":712373742,"name":"縣民大道一段","name_en":"Xianmin Boulevard Section 1","highway":"secondary","lanes":null,"oneway":"yes","surface":null,"source":"OpenStreetMap"},"geometry":{"type":"LineString","coordinates":[[121.4534253,25.0036626],[121.4536164,25.0036725],[121.4540074,25.0037346],[121.4542935,25.0038027],[121.4545862,25.0038788],[121.4547693,25.0039268]]}},{"type":"Feature","id":819440039,"properties":{"osm_id":819440039,"name":"縣民大道一段","name_en":"Xianmin Boulevard Section 1","highway":"secondary","lanes":null,"oneway":"yes","surface":null,"source":"OpenStreetMap"},"geometry":{"type":"LineString","coordinates":[[121.4592945,25.0084351],[121.4584558,25.0075025],[121.4580691,25.0071462],[121.4579215,25.0069871],[121.4578636,25.0069171]]}},{"type":"Feature","id":819440041,"properties":{"osm_id":819440041,"name":"縣民大道一段","name_en":"Xianmin Boulevard Section 1","highway":"secondary","lanes":null,"oneway":"yes","surface":"asphalt","source":"OpenStreetMap"},"geometry":{"type":"LineString","coordinates":[[121.4619259,25.0112234],[121.4620292,25.0113377]]}},{"type":"Feature","id":819440042,"properties":{"osm_id":819440042,"name":"縣民大道一段","name_en":"Xianmin Boulevard Section 1","highway":"secondary","lanes":null,"oneway":"yes","surface":null,"source":"OpenStreetMap"},"geometry":{"type":"LineString","coordinates":[[121.4579823,25.0068492],[121.4580774,25.0069583],[121.458095,25.0069777],[121.4584655,25.0073795],[121.4590277,25.0079771],[121.4593766,25.0083742]]}},{"type":"Feature","id":1408723649,"properties":{"osm_id":1408723649,"name":"縣民大道一段","name_en":"Xianmin Boulevard Section 1","highway":"secondary","lanes":null,"oneway":"yes","surface":null,"source":"OpenStreetMap"},"geometry":{"type":"LineString","coordinates":[[121.4565658,25.0053072],[121.4565896,25.0053315],[121.4569093,25.0056691],[121.4576829,25.0065245],[121.4578814,25.0067403],[121.4579823,25.0068492]]}},{"type":"Feature","id":1453496192,"properties":{"osm_id":1453496192,"name":"縣民大道一段","name_en":"Xianmin Boulevard Section 1","highway":"secondary","lanes":null,"oneway":"yes","surface":null,"source":"OpenStreetMap"},"geometry":{"type":"LineString","coordinates":[[121.4578636,25.0069171],[121.4577719,25.0068148],[121.4575254,25.0065202],[121.4564933,25.0053643],[121.45647,25.0053403]]}},{"type":"Feature","id":1481257982,"properties":{"osm_id":1481257982,"name":"縣民大道一段","name_en":"Xianmin Boulevard Section 1","highway":"secondary","lanes":null,"oneway":"yes","surface":null,"source":"OpenStreetMap"},"geometry":{"type":"LineString","coordinates":[[121.4594264,25.0085928],[121.4592945,25.0084351]]}},{"type":"Feature","id":1481257984,"properties":{"osm_id":1481257984,"name":"縣民大道一段","name_en":"Xianmin Boulevard Section 1","highway":"secondary","lanes":null,"oneway":"yes","surface":null,"source":"OpenStreetMap"},"geometry":{"type":"LineString","coordinates":[[121.4593766,25.0083742],[121.459523,25.0085394]]}},{"type":"Feature","id":111808357,"properties":{"osm_id":111808357,"name":"縣民大道三段","name_en":"Xianmin Boulevard Section 3","highway":"secondary","lanes":null,"oneway":"yes","surface":"asphalt","source":"OpenStreetMap"},"geometry":{"type":"LineString","coordinates":[[121.4719272,25.019118],[121.4717637,25.0190033]]}},{"type":"Feature","id":175255111,"properties":{"osm_id":175255111,"name":"縣民大道三段","name_en":"Xianmin Boulevard Section 3","highway":"secondary","lanes":null,"oneway":"yes","surface":"asphalt","source":"OpenStreetMap"},"geometry":{"type":"LineString","coordinates":[[121.47121,25.0184811],[121.4714354,25.0186265],[121.4715158,25.0187039],[121.4715405,25.0187276]]}},{"type":"Feature","id":317470897,"properties":{"osm_id":317470897,"name":"縣民大道三段","name_en":"Xianmin Boulevard Section 3","highway":"secondary","lanes":"2","oneway":"yes","surface":"asphalt","source":"OpenStreetMap"},"geometry":{"type":"LineString","coordinates":[[121.4715405,25.0187276],[121.4719737,25.0190625]]}},{"type":"Feature","id":326955640,"properties":{"osm_id":326955640,"name":"縣民大道三段","name_en":"Xianmin Boulevard Section 3","highway":"tertiary","lanes":null,"oneway":"yes","surface":null,"source":"OpenStreetMap"},"geometry":{"type":"LineString","coordinates":[[121.4784138,25.023815],[121.4783359,25.0237593],[121.4781478,25.023631],[121.4776909,25.0232887],[121.4774856,25.0231468],[121.4773598,25.0230603],[121.4770376,25.0228089],[121.4767434,25.0225945],[121.4763979,25.0223461],[121.4759324,25.0220193],[121.4754101,25.0216709],[121.4753419,25.0216211],[121.4748936,25.0213005],[121.4739606,25.0206392],[121.4739546,25.0206389],[121.4734569,25.0202875],[121.4727214,25.019774],[121.4721846,25.0194101],[121.4718844,25.0191753],[121.4717637,25.0190033]]}},{"type":"Feature","id":327351487,"properties":{"osm_id":327351487,"name":"縣民大道三段","name_en":"Xianmin Boulevard Section 3","highway":"secondary","lanes":null,"oneway":"yes","surface":"asphalt","source":"OpenStreetMap"},"geometry":{"type":"LineString","coordinates":[[121.4713589,25.0187194],[121.4711459,25.0185568]]}},{"type":"Feature","id":846409859,"properties":{"osm_id":846409859,"name":"縣民大道三段","name_en":"Xianmin Boulevard Section 3","highway":"secondary","lanes":null,"oneway":"yes","surface":"asphalt","source":"OpenStreetMap"},"geometry":{"type":"LineString","coordinates":[[121.4717637,25.0190033],[121.4716348,25.0189129],[121.4713589,25.0187194]]}},{"type":"Feature","id":846409860,"properties":{"osm_id":846409860,"name":"縣民大道三段","name_en":"Xianmin Boulevard Section 3","highway":"tertiary","lanes":null,"oneway":"yes","surface":null,"source":"OpenStreetMap"},"geometry":{"type":"LineString","coordinates":[[121.4715405,25.0187276],[121.4717014,25.0188285],[121.4720172,25.0190264],[121.4722205,25.0191605],[121.4723936,25.0192766],[121.4730555,25.019745],[121.4735959,25.0201264],[121.4741001,25.0204822],[121.4743765,25.0206758],[121.4760978,25.0219177],[121.476802,25.0224207],[121.4771887,25.0227192],[121.4782019,25.0234404],[121.478471,25.0236323],[121.4785036,25.0236546],[121.4785647,25.023698],[121.4786465,25.0237609],[121.478695,25.023793],[121.479084,25.0240504],[121.4799472,25.024677],[121.4803074,25.0249355]]}},{"type":"Feature","id":285366780,"properties":{"osm_id":285366780,"name":"縣民大道三段103巷","name_en":null,"highway":"residential","lanes":null,"oneway":null,"surface":null,"source":"OpenStreetMap"},"geometry":{"type":"LineString","coordinates":[[121.4751037,25.0227097],[121.4754969,25.0227997],[121.475867,25.0229082],[121.4759273,25.022881],[121.4761779,25.0225945],[121.4763979,25.0223461]]}},{"type":"Feature","id":285630111,"properties":{"osm_id":285630111,"name":"縣民大道三段33巷","name_en":null,"highway":"residential","lanes":null,"oneway":null,"surface":null,"source":"OpenStreetMap"},"geometry":{"type":"LineString","coordinates":[[121.4741001,25.0204822],[121.4739546,25.0206389],[121.4738544,25.0207672]]}},{"type":"Feature","id":355779457,"properties":{"osm_id":355779457,"name":"縣民大道三段33巷","name_en":null,"highway":"residential","lanes":null,"oneway":null,"surface":null,"source":"OpenStreetMap"},"geometry":{"type":"LineString","coordinates":[[121.4738544,25.0207672],[121.4738876,25.0208514],[121.4739129,25.020919],[121.4739318,25.020961],[121.4739472,25.0211138],[121.4739215,25.0212841],[121.4738639,25.021481],[121.4738538,25.0215588]]}},{"type":"Feature","id":285594494,"properties":{"osm_id":285594494,"name":"縣民大道三段63巷","name_en":null,"highway":"residential","lanes":null,"oneway":null,"surface":null,"source":"OpenStreetMap"},"geometry":{"type":"LineString","coordinates":[[121.4742189,25.0218703],[121.4742658,25.0217995],[121.4743328,25.0217278],[121.4744589,25.0216355],[121.4745101,25.0215879],[121.4745901,25.0215352],[121.4747333,25.0214291],[121.4748936,25.0213005]]}},{"type":"Feature","id":285366777,"properties":{"osm_id":285366777,"name":"縣民大道三段79巷","name_en":null,"highway":"residential","lanes":null,"oneway":null,"surface":null,"source":"OpenStreetMap"},"geometry":{"type":"LineString","coordinates":[[121.4754101,25.0216709],[121.4752971,25.0217752],[121.4751829,25.0219076],[121.4751497,25.0219641],[121.4751437,25.022003],[121.4751415,25.0221118],[121.4751397,25.022239]]}},{"type":"Feature","id":355779462,"properties":{"osm_id":355779462,"name":"縣民大道三段93巷","name_en":null,"highway":"residential","lanes":null,"oneway":null,"surface":null,"source":"OpenStreetMap"},"geometry":{"type":"LineString","coordinates":[[121.4751397,25.022239],[121.4751411,25.0223128],[121.4751037,25.0227097]]}},{"type":"Feature","id":285366779,"properties":{"osm_id":285366779,"name":"縣民大道三段93巷30弄","name_en":null,"highway":"residential","lanes":null,"oneway":null,"surface":null,"source":"OpenStreetMap"},"geometry":{"type":"LineString","coordinates":[[121.4747679,25.0224765],[121.4748038,25.0225644],[121.4748185,25.0225894],[121.4748639,25.0226405],[121.4749238,25.0226726],[121.4749994,25.0226988],[121.4751037,25.0227097]]}},{"type":"Feature","id":248676593,"properties":{"osm_id":248676593,"name":"縣民大道二段","name_en":"Xianmin Boulevard Section 2","highway":"secondary","lanes":null,"oneway":"yes","surface":"asphalt","source":"OpenStreetMap"},"geometry":{"type":"LineString","coordinates":[[121.4627526,25.0124383],[121.4626544,25.0123309]]}},{"type":"Feature","id":248676595,"properties":{"osm_id":248676595,"name":"縣民大道二段","name_en":"Xianmin Boulevard Section 2","highway":"secondary","lanes":null,"oneway":"yes","surface":"asphalt","source":"OpenStreetMap"},"geometry":{"type":"LineString","coordinates":[[121.4629776,25.0126811],[121.4629008,25.0126036]]}},{"type":"Feature","id":248676596,"properties":{"osm_id":248676596,"name":"縣民大道二段","name_en":"Xianmin Boulevard Section 2","highway":"secondary","lanes":null,"oneway":"yes","surface":"asphalt","source":"OpenStreetMap"},"geometry":{"type":"LineString","coordinates":[[121.4626544,25.0123309],[121.4622694,25.0119117],[121.4619741,25.011582],[121.4618641,25.0114592],[121.4618161,25.0114079]]}},{"type":"Feature","id":248676597,"properties":{"osm_id":248676597,"name":"縣民大道二段","name_en":"Xianmin Boulevard Section 2","highway":"secondary","lanes":null,"oneway":"yes","surface":"asphalt","source":"OpenStreetMap"},"geometry":{"type":"LineString","coordinates":[[121.4654238,25.0145764],[121.4653422,25.0145147],[121.4653025,25.0144879],[121.4647518,25.0141106],[121.4638866,25.0134419],[121.4638129,25.0133811],[121.4635204,25.0131417],[121.4634309,25.0130785],[121.4632927,25.01299]]}},{"type":"Feature","id":290153037,"properties":{"osm_id":290153037,"name":"縣民大道二段","name_en":"Xianmin Boulevard Section 2","highway":"secondary","lanes":null,"oneway":"yes","surface":"asphalt","source":"OpenStreetMap"},"geometry":{"type":"LineString","coordinates":[[121.4620292,25.0113377],[121.4621367,25.0114518],[121.4633207,25.0127091],[121.4633553,25.0127452],[121.4634184,25.0128109]]}},{"type":"Feature","id":302470661,"properties":{"osm_id":302470661,"name":"縣民大道二段","name_en":"Xianmin Boulevard Section 2","highway":"secondary","lanes":null,"oneway":"yes","surface":"asphalt","source":"OpenStreetMap"},"geometry":{"type":"LineString","coordinates":[[121.4711459,25.0185568],[121.4709237,25.0184053]]}},{"type":"Feature","id":302470664,"properties":{"osm_id":302470664,"name":"縣民大道二段","name_en":"Xianmin Boulevard Section 2","highway":"secondary","lanes":null,"oneway":"yes","surface":"asphalt","source":"OpenStreetMap"},"geometry":{"type":"LineString","coordinates":[[121.4634184,25.0128109],[121.4634842,25.0128786]]}},{"type":"Feature","id":317617656,"properties":{"osm_id":317617656,"name":"縣民大道二段","name_en":"Xianmin Boulevard Section 2","highway":"secondary","lanes":null,"oneway":"yes","surface":"asphalt","source":"OpenStreetMap"},"geometry":{"type":"LineString","coordinates":[[121.4632927,25.01299],[121.4632383,25.0129361]]}},{"type":"Feature","id":317617658,"properties":{"osm_id":317617658,"name":"縣民大道二段","name_en":"Xianmin Boulevard Section 2","highway":"secondary","lanes":null,"oneway":"yes","surface":"asphalt","source":"OpenStreetMap"},"geometry":{"type":"LineString","coordinates":[[121.4632383,25.0129361],[121.4631825,25.012881],[121.4631625,25.0128621],[121.4629776,25.0126811]]}},{"type":"Feature","id":324479910,"properties":{"osm_id":324479910,"name":"縣民大道二段","name_en":"Xianmin Boulevard Section 2","highway":"secondary","lanes":null,"oneway":"yes","surface":"asphalt","source":"OpenStreetMap"},"geometry":{"type":"LineString","coordinates":[[121.4628251,25.012518],[121.4627526,25.0124383]]}},{"type":"Feature","id":326955641,"properties":{"osm_id":326955641,"name":"縣民大道二段","name_en":"Xianmin Boulevard Section 2","highway":"secondary","lanes":"3","oneway":"yes","surface":"asphalt","source":"OpenStreetMap"},"geometry":{"type":"LineString","coordinates":[[121.4691709,25.0171981],[121.4690979,25.0171514],[121.4685299,25.0167433],[121.4678358,25.0162735],[121.46684,25.0156413],[121.4668162,25.0156262],[121.4667288,25.0155689]]}},{"type":"Feature","id":326955642,"properties":{"osm_id":326955642,"name":"縣民大道二段","name_en":"Xianmin Boulevard Section 2","highway":"secondary","lanes":null,"oneway":"yes","surface":"asphalt","source":"OpenStreetMap"},"geometry":{"type":"LineString","coordinates":[[121.4629008,25.0126036],[121.4628251,25.012518]]}},{"type":"Feature","id":326969452,"properties":{"osm_id":326969452,"name":"縣民大道二段","name_en":"Xianmin Boulevard Section 2","highway":"secondary","lanes":null,"oneway":"yes","surface":"asphalt","source":"OpenStreetMap"},"geometry":{"type":"LineString","coordinates":[[121.4666422,25.0155039],[121.4665644,25.0154317],[121.4662051,25.0151806],[121.4659824,25.0150129],[121.4659335,25.0149794]]}},{"type":"Feature","id":327350101,"properties":{"osm_id":327350101,"name":"縣民大道二段","name_en":"Xianmin Boulevard Section 2","highway":"secondary","lanes":null,"oneway":"yes","surface":"asphalt","source":"OpenStreetMap"},"geometry":{"type":"LineString","coordinates":[[121.4668535,25.0154207],[121.466951,25.0154847],[121.4669816,25.0155048],[121.4679467,25.0161523],[121.4686226,25.0166481],[121.4691241,25.017016],[121.4691764,25.0170541],[121.4692334,25.0170956]]}},{"type":"Feature","id":327350102,"properties":{"osm_id":327350102,"name":"縣民大道二段","name_en":"Xianmin Boulevard Section 2","highway":"secondary","lanes":null,"oneway":"yes","surface":"asphalt","source":"OpenStreetMap"},"geometry":{"type":"LineString","coordinates":[[121.4709948,25.0183166],[121.47121,25.0184811]]}},{"type":"Feature","id":337591654,"properties":{"osm_id":337591654,"name":"縣民大道二段","name_en":"Xianmin Boulevard Section 2","highway":"secondary","lanes":null,"oneway":"yes","surface":"asphalt","source":"OpenStreetMap"},"geometry":{"type":"LineString","coordinates":[[121.4692334,25.0170956],[121.4694738,25.0172637],[121.4698827,25.0175497],[121.4709948,25.0183166]]}},{"type":"Feature","id":338478396,"properties":{"osm_id":338478396,"name":"縣民大道二段","name_en":"Xianmin Boulevard Section 2","highway":"secondary","lanes":null,"oneway":"yes","surface":"asphalt","source":"OpenStreetMap"},"geometry":{"type":"LineString","coordinates":[[121.4667288,25.0155689],[121.4666422,25.0155039]]}},{"type":"Feature","id":342491091,"properties":{"osm_id":342491091,"name":"縣民大道二段","name_en":"Xianmin Boulevard Section 2","highway":"secondary","lanes":null,"oneway":"yes","surface":"asphalt","source":"OpenStreetMap"},"geometry":{"type":"LineString","coordinates":[[121.4656006,25.0145542],[121.4657129,25.0146301],[121.4657454,25.014653],[121.4660361,25.0148574],[121.4661166,25.0149206],[121.4666809,25.0153079],[121.4667576,25.0153605]]}},{"type":"Feature","id":342491096,"properties":{"osm_id":342491096,"name":"縣民大道二段","name_en":"Xianmin Boulevard Section 2","highway":"secondary","lanes":null,"oneway":"yes","surface":"asphalt","source":"OpenStreetMap"},"geometry":{"type":"LineString","coordinates":[[121.4634842,25.0128786],[121.4635936,25.012965],[121.463647,25.0130077],[121.463795,25.0131143],[121.4648814,25.0140285],[121.4653937,25.0144101],[121.4654134,25.014424],[121.4655127,25.0144885]]}},{"type":"Feature","id":415499633,"properties":{"osm_id":415499633,"name":"縣民大道二段","name_en":"Xianmin Boulevard Section 2","highway":"secondary","lanes":null,"oneway":"yes","surface":"asphalt","source":"OpenStreetMap"},"geometry":{"type":"LineString","coordinates":[[121.4655293,25.0146702],[121.4654872,25.0146291],[121.4654238,25.0145764]]}},{"type":"Feature","id":762683020,"properties":{"osm_id":762683020,"name":"縣民大道二段","name_en":"Xianmin Boulevard Section 2","highway":"secondary","lanes":null,"oneway":"yes","surface":"asphalt","source":"OpenStreetMap"},"geometry":{"type":"LineString","coordinates":[[121.4659335,25.0149794],[121.4656479,25.0147752],[121.4655293,25.0146702]]}},{"type":"Feature","id":819214848,"properties":{"osm_id":819214848,"name":"縣民大道二段","name_en":"Xianmin Boulevard Section 2","highway":"secondary","lanes":null,"oneway":"yes","surface":"asphalt","source":"OpenStreetMap"},"geometry":{"type":"LineString","coordinates":[[121.4667576,25.0153605],[121.4668535,25.0154207]]}},{"type":"Feature","id":1090894290,"properties":{"osm_id":1090894290,"name":"縣民大道二段","name_en":"Xianmin Boulevard Section 2","highway":"secondary","lanes":null,"oneway":"yes","surface":"asphalt","source":"OpenStreetMap"},"geometry":{"type":"LineString","coordinates":[[121.4655127,25.0144885],[121.465547,25.0145172],[121.4656006,25.0145542]]}},{"type":"Feature","id":1409411688,"properties":{"osm_id":1409411688,"name":"縣民大道二段","name_en":"Xianmin Boulevard Section 2","highway":"secondary","lanes":"3","oneway":"yes","surface":"asphalt","source":"OpenStreetMap"},"geometry":{"type":"LineString","coordinates":[[121.4709237,25.0184053],[121.4708212,25.0183352],[121.4700247,25.0177962],[121.4698694,25.0176911],[121.4696902,25.0175697],[121.4691709,25.0171981]]}},{"type":"Feature","id":111808371,"properties":{"osm_id":111808371,"name":"自治街","name_en":null,"highway":"residential","lanes":null,"oneway":null,"surface":null,"source":"OpenStreetMap"},"geometry":{"type":"LineString","coordinates":[[121.4763173,25.0035179],[121.4762669,25.003508],[121.4759371,25.0034432],[121.4759059,25.0034371],[121.4752455,25.0033074],[121.4751774,25.0032924],[121.4745588,25.0031873],[121.4739863,25.0030895]]}},{"type":"Feature","id":129778887,"properties":{"osm_id":129778887,"name":"自由路","name_en":"Ziyou Road","highway":"residential","lanes":null,"oneway":null,"surface":null,"source":"OpenStreetMap"},"geometry":{"type":"LineString","coordinates":[[121.4657432,25.0242508],[121.4657851,25.0240335],[121.4657719,25.0239791],[121.4657226,25.0237564],[121.4656835,25.0235669],[121.4656738,25.0234968],[121.4656498,25.0233297],[121.465611,25.0231588],[121.4655408,25.022824],[121.4654853,25.0226233],[121.4654413,25.0224909],[121.4653116,25.0221232]]}},{"type":"Feature","id":279927128,"properties":{"osm_id":279927128,"name":"至聖先師道","name_en":null,"highway":"pedestrian","lanes":null,"oneway":null,"surface":null,"source":"OpenStreetMap"},"geometry":{"type":"LineString","coordinates":[[121.4584673,25.0116981],[121.4585821,25.0115818],[121.4588689,25.0118144],[121.4587541,25.0119307],[121.4584673,25.0116981]]}},{"type":"Feature","id":41119245,"properties":{"osm_id":41119245,"name":"英士路","name_en":"Yingshi Road","highway":"residential","lanes":null,"oneway":"no","surface":null,"source":"OpenStreetMap"},"geometry":{"type":"LineString","coordinates":[[121.4602137,25.0242877],[121.4606232,25.0245012],[121.4610008,25.0246981],[121.4616559,25.025061],[121.4620575,25.0252862],[121.4625003,25.0255273]]}},{"type":"Feature","id":402156570,"properties":{"osm_id":402156570,"name":"英士路","name_en":"Yingshi Road","highway":"residential","lanes":null,"oneway":"no","surface":"asphalt","source":"OpenStreetMap"},"geometry":{"type":"LineString","coordinates":[[121.4586941,25.0234409],[121.4594646,25.0238978],[121.459959,25.0241551],[121.4602137,25.0242877]]}},{"type":"Feature","id":402156571,"properties":{"osm_id":402156571,"name":"英士路","name_en":"Yingshi Road","highway":"residential","lanes":null,"oneway":"no","surface":"asphalt","source":"OpenStreetMap"},"geometry":{"type":"LineString","coordinates":[[121.4581784,25.0221289],[121.4581893,25.0221567],[121.4584788,25.0228932],[121.4585208,25.023],[121.4586941,25.0234409]]}},{"type":"Feature","id":259192934,"properties":{"osm_id":259192934,"name":"茶館街","name_en":null,"highway":"residential","lanes":null,"oneway":null,"surface":null,"source":"OpenStreetMap"},"geometry":{"type":"LineString","coordinates":[[121.4559157,25.0104145],[121.4566092,25.0106559],[121.4568355,25.0107347],[121.4570247,25.0109572]]}},{"type":"Feature","id":125704116,"properties":{"osm_id":125704116,"name":"莊敬路","name_en":"Zhuangjing Road","highway":"residential","lanes":null,"oneway":null,"surface":"asphalt","source":"OpenStreetMap"},"geometry":{"type":"LineString","coordinates":[[121.4742335,25.0286262],[121.4741776,25.028543],[121.4741293,25.0284741],[121.4741027,25.0284323],[121.4737074,25.0278723],[121.4733538,25.0273684],[121.4730174,25.0269072],[121.4729741,25.0268479],[121.4727481,25.0265382],[121.4726316,25.0263731],[121.4725644,25.0262822],[121.4723691,25.0259973],[121.4719162,25.0253667],[121.4718892,25.0253346],[121.4717004,25.0250532],[121.4710817,25.0241904],[121.4709842,25.0239987],[121.4709635,25.0238825],[121.4709543,25.0238313],[121.4709701,25.0236305],[121.4709958,25.0235038],[121.4711017,25.0232795],[121.4712749,25.0229626],[121.4713207,25.0228818],[121.4715401,25.0225482],[121.4716289,25.0223955],[121.4717423,25.0222267]]}},{"type":"Feature","id":256661240,"properties":{"osm_id":256661240,"name":"莊敬路","name_en":"Zhuangjing Road","highway":"residential","lanes":null,"oneway":null,"surface":null,"source":"OpenStreetMap"},"geometry":{"type":"LineString","coordinates":[[121.4742189,25.0218703],[121.4741665,25.0217922],[121.4740958,25.0217213],[121.4739788,25.0216403],[121.4738538,25.0215588],[121.4736133,25.0214933],[121.4731383,25.0214303],[121.4726029,25.0213968],[121.4725159,25.0213865],[121.4723651,25.0213686],[121.4721935,25.0213772],[121.4720568,25.0214204],[121.4717594,25.0218989],[121.4716533,25.0219672]]}},{"type":"Feature","id":111808394,"properties":{"osm_id":111808394,"name":"莒光路","name_en":"Juguang Road","highway":"tertiary","lanes":"4","oneway":"no","surface":"asphalt","source":"OpenStreetMap"},"geometry":{"type":"LineString","coordinates":[[121.4715447,24.9977377],[121.4716327,24.9978485],[121.4717005,24.9979279],[121.472006,24.9983011],[121.472367,24.998742],[121.4724982,24.9989446],[121.4726586,24.9992504],[121.4727022,24.9993483],[121.4727511,24.9994582],[121.4727865,24.9996508],[121.4727953,24.9997843],[121.4727865,24.9999693],[121.4727584,25.0001528],[121.4727329,25.000312],[121.4727155,25.0004141],[121.4726511,25.0008955],[121.4726216,25.0010814],[121.4725881,25.0013282],[121.4725679,25.0014716],[121.4725126,25.0018437],[121.4725057,25.0019002],[121.4723674,25.0028],[121.4723581,25.0028498],[121.4723192,25.0031166],[121.4722806,25.0033743],[121.4722696,25.0034485],[121.4722474,25.003618],[121.472127,25.0045037],[121.4720758,25.0048197]]}},{"type":"Feature","id":126672576,"properties":{"osm_id":126672576,"name":"莒光路","name_en":"Juguang Road","highway":"residential","lanes":null,"oneway":null,"surface":null,"source":"OpenStreetMap"},"geometry":{"type":"LineString","coordinates":[[121.474097,25.0240092],[121.4736221,25.0239928],[121.4731594,25.0239825],[121.4730337,25.023986],[121.4726283,25.0239845],[121.4721643,25.0240036],[121.4717169,25.0240934],[121.4715401,25.0241219],[121.4710817,25.0241904],[121.4707874,25.0243146],[121.4704641,25.024449],[121.4701392,25.0246038],[121.4698487,25.0247489],[121.469323,25.0250256],[121.469272,25.0250501]]}},{"type":"Feature","id":297240258,"properties":{"osm_id":297240258,"name":"莒光路","name_en":"Juguang Road","highway":"tertiary","lanes":"4","oneway":"no","surface":"asphalt","source":"OpenStreetMap"},"geometry":{"type":"LineString","coordinates":[[121.4718491,25.0064732],[121.4718424,25.0065425]]}},{"type":"Feature","id":297240259,"properties":{"osm_id":297240259,"name":"莒光路","name_en":"Juguang Road","highway":"tertiary","lanes":"4","oneway":"no","surface":"asphalt","source":"OpenStreetMap"},"geometry":{"type":"LineString","coordinates":[[121.4720758,25.0048197],[121.4720566,25.0049232],[121.4720349,25.0051124],[121.4718903,25.0060793],[121.4718505,25.00635],[121.4718491,25.0064732]]}},{"type":"Feature","id":833538237,"properties":{"osm_id":833538237,"name":"莒光路","name_en":"Juguang Road","highway":"tertiary","lanes":null,"oneway":"no","surface":null,"source":"OpenStreetMap"},"geometry":{"type":"LineString","coordinates":[[121.4674491,24.9935175],[121.4686728,24.9944911],[121.4689709,24.9947366],[121.4690381,24.9947985],[121.4692556,24.9950073],[121.4692744,24.9950253],[121.4694368,24.9952073],[121.4695008,24.9952846],[121.4698873,24.9957518],[121.4698991,24.9957661],[121.4699936,24.9958803],[121.4700775,24.9959977],[121.470227,24.9961733],[121.4703773,24.9963489],[121.470499,24.9964928],[121.4705956,24.9966063],[121.4711256,24.9972381],[121.4715447,24.9977377]]}},{"type":"Feature","id":1088102259,"properties":{"osm_id":1088102259,"name":"莒光路","name_en":"Juguang Road","highway":"residential","lanes":null,"oneway":null,"surface":null,"source":"OpenStreetMap"},"geometry":{"type":"LineString","coordinates":[[121.4741516,25.0233669],[121.4741402,25.0234628],[121.4741311,25.0235812],[121.4741021,25.0239559],[121.474097,25.0240092]]}},{"type":"Feature","id":1088102260,"properties":{"osm_id":1088102260,"name":"莒光路","name_en":"Juguang Road","highway":"residential","lanes":null,"oneway":null,"surface":null,"source":"OpenStreetMap"},"geometry":{"type":"LineString","coordinates":[[121.4741516,25.0233669],[121.4741563,25.0232667],[121.4741593,25.0232043],[121.4741633,25.0231724],[121.4741876,25.0228082],[121.474209,25.0223771],[121.474213,25.0221772],[121.4742189,25.0218703]]}},{"type":"Feature","id":1452287394,"properties":{"osm_id":1452287394,"name":"莒光路","name_en":"Juguang Road","highway":"residential","lanes":null,"oneway":null,"surface":null,"source":"OpenStreetMap"},"geometry":{"type":"LineString","coordinates":[[121.469272,25.0250501],[121.4691149,25.0251198]]}},{"type":"Feature","id":483994889,"properties":{"osm_id":483994889,"name":"莒光路120巷","name_en":null,"highway":"residential","lanes":null,"oneway":null,"surface":null,"source":"OpenStreetMap"},"geometry":{"type":"LineString","coordinates":[[121.4715063,25.0020131],[121.4715403,25.0017334],[121.4715828,25.0014887],[121.4716246,25.001248],[121.4716554,25.0010706],[121.4716708,25.0009818],[121.4717042,25.0007897],[121.4716849,25.0007607],[121.4716658,25.0007321]]}},{"type":"Feature","id":214943990,"properties":{"osm_id":214943990,"name":"莒光路133巷","name_en":null,"highway":"residential","lanes":null,"oneway":null,"surface":null,"source":"OpenStreetMap"},"geometry":{"type":"LineString","coordinates":[[121.4730337,25.023986],[121.4730387,25.0240598],[121.4730172,25.0241449],[121.4729958,25.0242275],[121.4729349,25.0243127],[121.4728267,25.0244196],[121.4726865,25.0245122],[121.4723847,25.0246775],[121.4722292,25.0247427],[121.4721273,25.0247651]]}},{"type":"Feature","id":355776306,"properties":{"osm_id":355776306,"name":"莒光路15巷","name_en":null,"highway":"residential","lanes":null,"oneway":null,"surface":null,"source":"OpenStreetMap"},"geometry":{"type":"LineString","coordinates":[[121.4698487,25.0247489],[121.4703815,25.0256532]]}},{"type":"Feature","id":126672512,"properties":{"osm_id":126672512,"name":"莒光路165巷","name_en":null,"highway":"residential","lanes":null,"oneway":null,"surface":null,"source":"OpenStreetMap"},"geometry":{"type":"LineString","coordinates":[[121.474097,25.0240092],[121.4740901,25.0241498],[121.4740943,25.024303],[121.4741129,25.0244111],[121.4741436,25.024541],[121.4742491,25.0247833],[121.474294,25.0248469],[121.4743762,25.0249574],[121.4744589,25.0250502],[121.4745474,25.0251414],[121.4747204,25.0252678],[121.4748999,25.0253901]]}},{"type":"Feature","id":214573812,"properties":{"osm_id":214573812,"name":"莒光路16巷","name_en":null,"highway":"residential","lanes":null,"oneway":null,"surface":null,"source":"OpenStreetMap"},"geometry":{"type":"LineString","coordinates":[[121.4693304,25.0237537],[121.4694633,25.0241364],[121.4698487,25.0247489]]}},{"type":"Feature","id":214643806,"properties":{"osm_id":214643806,"name":"莒光路171巷","name_en":null,"highway":"residential","lanes":null,"oneway":null,"surface":null,"source":"OpenStreetMap"},"geometry":{"type":"LineString","coordinates":[[121.4747797,25.0239742],[121.4744654,25.0239716],[121.4741021,25.0239559]]}},{"type":"Feature","id":305494307,"properties":{"osm_id":305494307,"name":"莒光路177巷","name_en":null,"highway":"residential","lanes":null,"oneway":null,"surface":null,"source":"OpenStreetMap"},"geometry":{"type":"LineString","coordinates":[[121.47342,24.9991143],[121.4727022,24.9993483]]}},{"type":"Feature","id":214920060,"properties":{"osm_id":214920060,"name":"莒光路39巷","name_en":null,"highway":"residential","lanes":null,"oneway":null,"surface":null,"source":"OpenStreetMap"},"geometry":{"type":"LineString","coordinates":[[121.4710075,25.0253703],[121.4704641,25.024449]]}},{"type":"Feature","id":355776308,"properties":{"osm_id":355776308,"name":"莒光路40巷","name_en":null,"highway":"residential","lanes":null,"oneway":null,"surface":null,"source":"OpenStreetMap"},"geometry":{"type":"LineString","coordinates":[[121.4702434,25.0237045],[121.4702726,25.0233064],[121.4701729,25.0230389],[121.4701431,25.0229255]]}},{"type":"Feature","id":214943991,"properties":{"osm_id":214943991,"name":"莒光路79巷","name_en":null,"highway":"residential","lanes":null,"oneway":null,"surface":null,"source":"OpenStreetMap"},"geometry":{"type":"LineString","coordinates":[[121.4717169,25.0240934],[121.4717782,25.0242371],[121.4719383,25.0245107],[121.4721273,25.0247651]]}},{"type":"Feature","id":483994882,"properties":{"osm_id":483994882,"name":"莒光路84巷","name_en":null,"highway":"residential","lanes":null,"oneway":null,"surface":null,"source":"OpenStreetMap"},"geometry":{"type":"LineString","coordinates":[[121.4705643,25.0023795],[121.4713438,25.0024273],[121.4714055,25.0024152],[121.4714511,25.0023617],[121.4714985,25.0020768],[121.4715063,25.0020131]]}},{"type":"Feature","id":133236953,"properties":{"osm_id":133236953,"name":"華安街","name_en":"Hua'an Street","highway":"unclassified","lanes":null,"oneway":null,"surface":null,"source":"OpenStreetMap"},"geometry":{"type":"LineString","coordinates":[[121.4689709,24.9947366],[121.4688973,24.9950005],[121.4687975,24.9952277],[121.4687297,24.9953819],[121.4683089,24.9961166],[121.468049,24.9965258],[121.4679019,24.9968069],[121.4678624,24.9968623],[121.467596,24.9972608],[121.4673605,24.9974895],[121.467214,24.9976156],[121.4669893,24.997829],[121.4668969,24.9979166],[121.4668226,24.9979872],[121.4665577,24.9981982],[121.4663069,24.9983361],[121.4660198,24.9984735],[121.465733,24.9986349]]}},{"type":"Feature","id":181625650,"properties":{"osm_id":181625650,"name":"華東街","name_en":"Huadong Street","highway":"residential","lanes":"2","oneway":null,"surface":null,"source":"OpenStreetMap"},"geometry":{"type":"LineString","coordinates":[[121.4519872,24.99874],[121.4515721,24.9975605],[121.4514333,24.9972938],[121.451418,24.9972699],[121.4513108,24.9970677],[121.4510358,24.9966567],[121.4507944,24.9963638],[121.4503774,24.9959517],[121.4501327,24.9957402],[121.4491835,24.9949196],[121.4491456,24.9948868]]}},{"type":"Feature","id":266252775,"properties":{"osm_id":266252775,"name":"華東街","name_en":"Huadong Street","highway":"tertiary","lanes":null,"oneway":"yes","surface":null,"source":"OpenStreetMap"},"geometry":{"type":"LineString","coordinates":[[121.4525028,25.0007361],[121.4526001,25.0010706],[121.452649,25.0013498],[121.4526678,25.001588],[121.4526516,25.0017038],[121.4527076,25.0020615]]}},{"type":"Feature","id":266253456,"properties":{"osm_id":266253456,"name":"華東街","name_en":null,"highway":"residential","lanes":null,"oneway":null,"surface":null,"source":"OpenStreetMap"},"geometry":{"type":"LineString","coordinates":[[121.4526516,25.0017038],[121.4527212,25.0019509],[121.4527983,25.0025047]]}},{"type":"Feature","id":266253681,"properties":{"osm_id":266253681,"name":"華東街","name_en":null,"highway":"tertiary","lanes":"2","oneway":"yes","surface":null,"source":"OpenStreetMap"},"geometry":{"type":"LineString","coordinates":[[121.4523336,24.9999706],[121.4523817,25.0001816],[121.4524415,25.0004602],[121.4525028,25.0007361]]}},{"type":"Feature","id":712373732,"properties":{"osm_id":712373732,"name":"華東街","name_en":"Huadong Street","highway":"tertiary","lanes":null,"oneway":"yes","surface":null,"source":"OpenStreetMap"},"geometry":{"type":"LineString","coordinates":[[121.4527076,25.0020615],[121.4527317,25.0022885],[121.4527625,25.0025966],[121.4527951,25.0029478],[121.4528143,25.003224],[121.4528206,25.0033748],[121.4528225,25.0034762],[121.4528236,25.0036214]]}},{"type":"Feature","id":1087131338,"properties":{"osm_id":1087131338,"name":"華東街","name_en":"Huadong Street","highway":"residential","lanes":"1","oneway":"yes","surface":null,"source":"OpenStreetMap"},"geometry":{"type":"LineString","coordinates":[[121.4519872,24.99874],[121.4520391,24.9988876],[121.4522242,24.999437],[121.4523336,24.9999706]]}},{"type":"Feature","id":126672551,"properties":{"osm_id":126672551,"name":"華福街","name_en":null,"highway":"residential","lanes":null,"oneway":null,"surface":null,"source":"OpenStreetMap"},"geometry":{"type":"LineString","coordinates":[[121.4645254,24.9970623],[121.4652249,24.9968712],[121.4652937,24.9968511],[121.4653543,24.9968381],[121.4659586,24.9967315],[121.466451,24.996656],[121.4667066,24.9966145],[121.4671418,24.9965364],[121.4674557,24.9964896],[121.4678121,24.9964265]]}},{"type":"Feature","id":366321327,"properties":{"osm_id":366321327,"name":"華福街","name_en":null,"highway":"residential","lanes":null,"oneway":null,"surface":null,"source":"OpenStreetMap"},"geometry":{"type":"LineString","coordinates":[[121.4588122,25.0053512],[121.458644,25.0056579],[121.4585011,25.0059175],[121.4584634,25.0060263],[121.4584025,25.0062025],[121.4583091,25.0062716],[121.458123,25.0063351],[121.4578326,25.0064154],[121.4578027,25.0064372],[121.4577245,25.0065062],[121.4576829,25.0065245]]}},{"type":"Feature","id":751443071,"properties":{"osm_id":751443071,"name":"華福街","name_en":null,"highway":"residential","lanes":null,"oneway":null,"surface":null,"source":"OpenStreetMap"},"geometry":{"type":"LineString","coordinates":[[121.4589119,25.0046287],[121.4588429,25.0049545],[121.4588259,25.0051308],[121.4588188,25.005205],[121.4588122,25.0053512]]}},{"type":"Feature","id":111808381,"properties":{"osm_id":111808381,"name":"華翠大橋","name_en":"Huacui Bridge","highway":"secondary","lanes":null,"oneway":"yes","surface":"asphalt","source":"OpenStreetMap"},"geometry":{"type":"LineString","coordinates":[[121.4719737,25.0190625],[121.4753538,25.0214462],[121.4771796,25.0227663],[121.4779382,25.0233346],[121.4783671,25.023647],[121.4791018,25.0241152],[121.4800594,25.0248068],[121.4807774,25.0253182],[121.4809901,25.025474],[121.4812236,25.0256185],[121.4816378,25.0258677],[121.4821849,25.0261726]]}},{"type":"Feature","id":326955644,"properties":{"osm_id":326955644,"name":"華翠大橋","name_en":"Huacui Bridge","highway":"secondary","lanes":null,"oneway":"yes","surface":"asphalt","source":"OpenStreetMap"},"geometry":{"type":"LineString","coordinates":[[121.4807733,25.025483],[121.4802774,25.0251247],[121.4789659,25.0241559],[121.4782504,25.0236434],[121.4753668,25.0215546],[121.4734804,25.0202148],[121.4719272,25.019118]]}},{"type":"Feature","id":317237318,"properties":{"osm_id":317237318,"name":"華興街","name_en":"Huaxing Street","highway":"residential","lanes":null,"oneway":"no","surface":null,"source":"OpenStreetMap"},"geometry":{"type":"LineString","coordinates":[[121.4565658,25.0053072],[121.4566232,25.0052792],[121.4571861,25.0050372],[121.45721,25.0050245],[121.4575304,25.0048804],[121.457812,25.004765],[121.457855,25.0047474]]}},{"type":"Feature","id":971639504,"properties":{"osm_id":971639504,"name":"華興街","name_en":"Huaxing Street","highway":"residential","lanes":null,"oneway":"no","surface":null,"source":"OpenStreetMap"},"geometry":{"type":"LineString","coordinates":[[121.457855,25.0047474],[121.458424,25.0046843],[121.4587229,25.0046502],[121.4589119,25.0046287],[121.459383,25.0046554]]}},{"type":"Feature","id":1408723648,"properties":{"osm_id":1408723648,"name":"華興街","name_en":"Huaxing Street","highway":"residential","lanes":null,"oneway":"no","surface":null,"source":"OpenStreetMap"},"geometry":{"type":"LineString","coordinates":[[121.4565134,25.0053235],[121.4565658,25.0053072]]}},{"type":"Feature","id":126591269,"properties":{"osm_id":126591269,"name":"華順街","name_en":"Huashun Street","highway":"residential","lanes":null,"oneway":null,"surface":null,"source":"OpenStreetMap"},"geometry":{"type":"LineString","coordinates":[[121.4668434,24.9985939],[121.4660198,24.9984735],[121.4653535,24.9983513]]}},{"type":"Feature","id":254463057,"properties":{"osm_id":254463057,"name":"華順街","name_en":"Huashun Street","highway":"residential","lanes":null,"oneway":null,"surface":null,"source":"OpenStreetMap"},"geometry":{"type":"LineString","coordinates":[[121.4653535,24.9983513],[121.4653542,24.9983342],[121.4653561,24.9982826],[121.4653607,24.9977776],[121.4653547,24.9973746],[121.4652937,24.9968511],[121.465205,24.9965031],[121.465104,24.9962669],[121.4649217,24.9958814],[121.4648041,24.9957382],[121.4646832,24.9955909],[121.4644595,24.9953814],[121.4643228,24.9952738]]}},{"type":"Feature","id":311123684,"properties":{"osm_id":311123684,"name":"華順街","name_en":"Huashun Street","highway":"residential","lanes":null,"oneway":null,"surface":null,"source":"OpenStreetMap"},"geometry":{"type":"LineString","coordinates":[[121.4668434,24.9985939],[121.4675737,24.9987018],[121.4678071,24.9987393],[121.4682307,24.9988074],[121.4683557,24.9987814]]}},{"type":"Feature","id":366082061,"properties":{"osm_id":366082061,"name":"華順街30巷","name_en":null,"highway":"residential","lanes":null,"oneway":null,"surface":null,"source":"OpenStreetMap"},"geometry":{"type":"LineString","coordinates":[[121.4660848,24.999158],[121.4665773,24.9990951],[121.4666616,24.9990441],[121.4667595,24.9989106],[121.4668434,24.9985939]]}},{"type":"Feature","id":243291642,"properties":{"osm_id":243291642,"name":"華香橋","name_en":null,"highway":"tertiary","lanes":null,"oneway":"yes","surface":"asphalt","source":"OpenStreetMap"},"geometry":{"type":"LineString","coordinates":[[121.4494528,25.0165227],[121.4489953,25.0163115],[121.4488955,25.0162655]]}},{"type":"Feature","id":1430865620,"properties":{"osm_id":1430865620,"name":"華香橋","name_en":null,"highway":"tertiary","lanes":null,"oneway":"yes","surface":"asphalt","source":"OpenStreetMap"},"geometry":{"type":"LineString","coordinates":[[121.4488671,25.016252],[121.4488512,25.0162431],[121.4487813,25.0162144]]}},{"type":"Feature","id":1430865622,"properties":{"osm_id":1430865622,"name":"華香橋","name_en":null,"highway":"tertiary","lanes":null,"oneway":"yes","surface":"asphalt","source":"OpenStreetMap"},"geometry":{"type":"LineString","coordinates":[[121.4489379,25.0162055],[121.4490386,25.0162531],[121.4494862,25.0164637]]}},{"type":"Feature","id":1431092397,"properties":{"osm_id":1431092397,"name":"華香橋","name_en":null,"highway":"tertiary","lanes":null,"oneway":"yes","surface":"asphalt","source":"OpenStreetMap"},"geometry":{"type":"LineString","coordinates":[[121.4488213,25.0161534],[121.4488879,25.016181],[121.4489014,25.016187]]}},{"type":"Feature","id":1431092398,"properties":{"osm_id":1431092398,"name":"華香橋","name_en":null,"highway":"tertiary","lanes":null,"oneway":"yes","surface":"asphalt","source":"OpenStreetMap"},"geometry":{"type":"LineString","coordinates":[[121.4489014,25.016187],[121.4489379,25.0162055]]}},{"type":"Feature","id":1431092403,"properties":{"osm_id":1431092403,"name":"華香橋","name_en":null,"highway":"tertiary","lanes":null,"oneway":"yes","surface":"asphalt","source":"OpenStreetMap"},"geometry":{"type":"LineString","coordinates":[[121.4488955,25.0162655],[121.4488671,25.016252]]}},{"type":"Feature","id":1532722018,"properties":{"osm_id":1532722018,"name":"萬板大橋","name_en":"Wanban Bridge","highway":"tertiary","lanes":null,"oneway":"yes","surface":null,"source":"OpenStreetMap"},"geometry":{"type":"LineString","coordinates":[[121.4767843,25.0246716],[121.4765601,25.0244865],[121.47605,25.0240546],[121.4757685,25.0238239],[121.4755971,25.0237037],[121.4755246,25.0236684],[121.4754711,25.0236489],[121.475395,25.023623]]}},{"type":"Feature","id":1532722019,"properties":{"osm_id":1532722019,"name":"萬板大橋","name_en":"Wanban Bridge","highway":"tertiary","lanes":null,"oneway":"yes","surface":null,"source":"OpenStreetMap"},"geometry":{"type":"LineString","coordinates":[[121.4754563,25.023525],[121.4756507,25.0236511],[121.4757342,25.0237162],[121.4758876,25.0238319],[121.4760974,25.0240142],[121.476652,25.0244865],[121.4768292,25.0246275]]}},{"type":"Feature","id":111808400,"properties":{"osm_id":111808400,"name":"萬板路","name_en":null,"highway":"tertiary","lanes":"2","oneway":"yes","surface":"asphalt","source":"OpenStreetMap"},"geometry":{"type":"LineString","coordinates":[[121.475395,25.023623],[121.4748174,25.0235075],[121.4742146,25.0234659],[121.4741402,25.0234628],[121.4740555,25.0234649],[121.4736301,25.0234752],[121.47295,25.0234904],[121.4727019,25.0234777],[121.472485,25.0234326],[121.472281,25.0233136],[121.4721137,25.0231696],[121.4719135,25.0229345],[121.471825,25.0228021],[121.471774,25.0226174],[121.4717577,25.0223181],[121.4717423,25.0222267],[121.4717069,25.0220584],[121.4716533,25.0219672],[121.4715567,25.0218153],[121.4713744,25.0215747],[121.4713234,25.0215212],[121.4711601,25.0213757],[121.4710461,25.0212958],[121.4709247,25.0212108],[121.4707135,25.0210852],[121.4701718,25.0207631],[121.4698612,25.0205986]]}},{"type":"Feature","id":111808402,"properties":{"osm_id":111808402,"name":"萬板路","name_en":null,"highway":"tertiary","lanes":"2","oneway":"yes","surface":"asphalt","source":"OpenStreetMap"},"geometry":{"type":"LineString","coordinates":[[121.4700334,25.0204963],[121.4701148,25.0205439],[121.4703933,25.0207143],[121.4707541,25.0209367],[121.4708909,25.0210205],[121.470974,25.021074],[121.4710824,25.0211496],[121.47124,25.0212863],[121.4713074,25.0213499],[121.4715163,25.0215468],[121.4716111,25.0216707],[121.4717237,25.0218335],[121.4717594,25.0218989],[121.4718505,25.0221981],[121.4718783,25.0225568],[121.4719142,25.0227],[121.4719745,25.0228118],[121.4720563,25.0229431],[121.4721918,25.0231047],[121.472299,25.0232092],[121.4723812,25.0232667],[121.4725838,25.0233443],[121.4728744,25.0233927],[121.4735999,25.023383],[121.4740558,25.0233697],[121.4741516,25.0233669],[121.47422,25.0233706],[121.4745829,25.0233902],[121.4749309,25.0234214],[121.4752071,25.0234622],[121.4754563,25.023525]]}},{"type":"Feature","id":245567906,"properties":{"osm_id":245567906,"name":"萬板路","name_en":null,"highway":"tertiary","lanes":null,"oneway":"yes","surface":"asphalt","source":"OpenStreetMap"},"geometry":{"type":"LineString","coordinates":[[121.4754563,25.023525],[121.4756044,25.0235596],[121.4758464,25.0237466],[121.4760801,25.0239265],[121.4762842,25.0240896],[121.4765652,25.0243238],[121.4768602,25.0245668],[121.4771338,25.0247953],[121.4772527,25.0248814],[121.4773094,25.0249233]]}},{"type":"Feature","id":310849386,"properties":{"osm_id":310849386,"name":"萬板路","name_en":null,"highway":"tertiary","lanes":null,"oneway":"yes","surface":"asphalt","source":"OpenStreetMap"},"geometry":{"type":"LineString","coordinates":[[121.4778652,25.0254672],[121.4776967,25.0253772],[121.4774367,25.0252382],[121.4774012,25.0252229],[121.4773141,25.0251748],[121.4772286,25.0251048],[121.4771639,25.0250681],[121.477144,25.0250545],[121.4769454,25.0248924],[121.4765883,25.0245918],[121.4763032,25.0243588],[121.4761383,25.0242275],[121.4760551,25.0241571],[121.4758084,25.0239322],[121.4755748,25.0237647],[121.4754729,25.0236918],[121.475441,25.0236676],[121.475395,25.023623]]}},{"type":"Feature","id":762683030,"properties":{"osm_id":762683030,"name":"萬板路","name_en":null,"highway":"tertiary","lanes":"2","oneway":"yes","surface":"asphalt","source":"OpenStreetMap"},"geometry":{"type":"LineString","coordinates":[[121.4698612,25.0205986],[121.469563,25.020439]]}},{"type":"Feature","id":517839015,"properties":{"osm_id":517839015,"name":"藝文一街","name_en":null,"highway":"residential","lanes":null,"oneway":null,"surface":null,"source":"OpenStreetMap"},"geometry":{"type":"LineString","coordinates":[[121.4524756,25.0223555],[121.4517942,25.02273],[121.4511144,25.0231037],[121.4510296,25.0231503],[121.4506161,25.0233775],[121.4498268,25.0238113],[121.4497486,25.0238555]]}},{"type":"Feature","id":1090890398,"properties":{"osm_id":1090890398,"name":"藝文一街","name_en":null,"highway":"residential","lanes":null,"oneway":null,"surface":null,"source":"OpenStreetMap"},"geometry":{"type":"LineString","coordinates":[[121.4497486,25.0238555],[121.4496557,25.0239093]]}},{"type":"Feature","id":517839014,"properties":{"osm_id":517839014,"name":"藝文二街","name_en":null,"highway":"residential","lanes":null,"oneway":null,"surface":null,"source":"OpenStreetMap"},"geometry":{"type":"LineString","coordinates":[[121.4523656,25.0214222],[121.4513504,25.0219685],[121.4506637,25.0223497],[121.4505867,25.0223891]]}},{"type":"Feature","id":517839012,"properties":{"osm_id":517839012,"name":"藝文街","name_en":null,"highway":"residential","lanes":null,"oneway":null,"surface":null,"source":"OpenStreetMap"},"geometry":{"type":"LineString","coordinates":[[121.4505584,25.0179677],[121.4501128,25.018897],[121.4500983,25.0189621],[121.4500996,25.0190387],[121.4501332,25.019131],[121.4502209,25.0194109],[121.4502484,25.0194779],[121.4506518,25.0206826],[121.4506944,25.0207613],[121.4507309,25.0208514],[121.4507417,25.0208781],[121.4513224,25.0219184],[121.4513504,25.0219685],[121.4517942,25.02273]]}},{"type":"Feature","id":244458312,"properties":{"osm_id":244458312,"name":"西門街","name_en":"Ximen Street","highway":"residential","lanes":null,"oneway":"yes","surface":"asphalt","source":"OpenStreetMap"},"geometry":{"type":"LineString","coordinates":[[121.4551716,25.0115455],[121.4546903,25.0112872]]}},{"type":"Feature","id":244458313,"properties":{"osm_id":244458313,"name":"西門街","name_en":"Ximen Street","highway":"residential","lanes":null,"oneway":"yes","surface":"asphalt","source":"OpenStreetMap"},"geometry":{"type":"LineString","coordinates":[[121.4561194,25.0119874],[121.4557478,25.0119102],[121.4554,25.0116848],[121.4552489,25.0115885],[121.4551716,25.0115455]]}},{"type":"Feature","id":317032729,"properties":{"osm_id":317032729,"name":"西門街","name_en":"Ximen Street","highway":"residential","lanes":null,"oneway":"yes","surface":"asphalt","source":"OpenStreetMap"},"geometry":{"type":"LineString","coordinates":[[121.4546903,25.0112872],[121.4553174,25.0114203]]}},{"type":"Feature","id":317032730,"properties":{"osm_id":317032730,"name":"西門街","name_en":"Ximen Street","highway":"unclassified","lanes":null,"oneway":"no","surface":"asphalt","source":"OpenStreetMap"},"geometry":{"type":"LineString","coordinates":[[121.4546903,25.0112872],[121.4545005,25.0112218],[121.4542736,25.0111341],[121.4541709,25.011078],[121.4540936,25.011028],[121.4540096,25.0109369],[121.4539719,25.0108412],[121.4539383,25.0107329],[121.4539557,25.0104399],[121.4540847,25.0100141],[121.4542655,25.0095518],[121.4543282,25.0092224]]}},{"type":"Feature","id":352012167,"properties":{"osm_id":352012167,"name":"西門街","name_en":"Ximen Street","highway":"residential","lanes":null,"oneway":"yes","surface":"asphalt","source":"OpenStreetMap"},"geometry":{"type":"LineString","coordinates":[[121.4553174,25.0114203],[121.4555747,25.0114754],[121.4558376,25.0115423],[121.4559779,25.0115775],[121.4560805,25.0116657]]}},{"type":"Feature","id":129221806,"properties":{"osm_id":129221806,"name":"觀光街","name_en":"Guanguang Street","highway":"residential","lanes":null,"oneway":null,"surface":null,"source":"OpenStreetMap"},"geometry":{"type":"LineString","coordinates":[[121.4725722,25.0151545],[121.4722039,25.0154729],[121.4721447,25.015524],[121.4720897,25.0155757],[121.4718504,25.0157801],[121.471394,25.0161772],[121.4713735,25.016195],[121.4713527,25.0162131],[121.4709058,25.0163462],[121.4705141,25.0164628],[121.4702196,25.0165505],[121.4699726,25.0166532],[121.4696154,25.0168018],[121.4694669,25.0168636],[121.4694363,25.0168763],[121.4692726,25.0169898],[121.4692596,25.0170248],[121.4692334,25.0170956]]}},{"type":"Feature","id":129437551,"properties":{"osm_id":129437551,"name":"貴興路","name_en":"Guixing Road","highway":"residential","lanes":null,"oneway":null,"surface":null,"source":"OpenStreetMap"},"geometry":{"type":"LineString","coordinates":[[121.4570169,25.0030471],[121.4568372,25.0029889],[121.4566206,25.0029067],[121.4564196,25.0028318],[121.4560446,25.0026912],[121.4560118,25.0026755],[121.4557786,25.0025636],[121.4555429,25.0024031],[121.4555153,25.0023802]]}},{"type":"Feature","id":129437585,"properties":{"osm_id":129437585,"name":"貴興路","name_en":"Guixing Road","highway":"residential","lanes":null,"oneway":null,"surface":null,"source":"OpenStreetMap"},"geometry":{"type":"LineString","coordinates":[[121.457855,25.0047474],[121.4575601,25.0039152],[121.4574153,25.0035654],[121.4572801,25.0033446],[121.4572183,25.0032437],[121.457042,25.0030716],[121.4570169,25.0030471]]}},{"type":"Feature","id":317021848,"properties":{"osm_id":317021848,"name":"貴興路","name_en":"Guixing Road","highway":"residential","lanes":null,"oneway":null,"surface":null,"source":"OpenStreetMap"},"geometry":{"type":"LineString","coordinates":[[121.4555153,25.0023802],[121.4552896,25.0021822],[121.455124,25.0020255],[121.4549652,25.0018878],[121.4548038,25.0017462],[121.4547654,25.0017125],[121.454673,25.0016398],[121.4546452,25.0016278],[121.454605,25.0016107]]}},{"type":"Feature","id":820223958,"properties":{"osm_id":820223958,"name":"貴興路","name_en":"Guixing Road","highway":"residential","lanes":null,"oneway":null,"surface":null,"source":"OpenStreetMap"},"geometry":{"type":"LineString","coordinates":[[121.454605,25.0016107],[121.4536944,25.0013206],[121.4536803,25.0013279],[121.4535705,25.0013845]]}},{"type":"Feature","id":317021840,"properties":{"osm_id":317021840,"name":"貴興路119巷","name_en":null,"highway":"residential","lanes":null,"oneway":null,"surface":null,"source":"OpenStreetMap"},"geometry":{"type":"LineString","coordinates":[[121.4555153,25.0023802],[121.4557193,25.0021778],[121.4562439,25.0016571],[121.4562424,25.0015464],[121.4561489,25.0014584],[121.4560131,25.0013305],[121.4558841,25.0013522],[121.4557894,25.001429],[121.455124,25.0020255]]}},{"type":"Feature","id":159961849,"properties":{"osm_id":159961849,"name":"遠東路","name_en":null,"highway":"tertiary","lanes":null,"oneway":"yes","surface":null,"source":"OpenStreetMap"},"geometry":{"type":"LineString","coordinates":[[121.4578601,24.9988893],[121.457726,24.9989202],[121.4563313,24.9992421],[121.455666,24.9994476],[121.455474,24.999507],[121.4554082,24.9995509],[121.454453,25.0001881],[121.4543187,25.0002672]]}},{"type":"Feature","id":159962164,"properties":{"osm_id":159962164,"name":"遠東路","name_en":null,"highway":"tertiary","lanes":null,"oneway":"yes","surface":null,"source":"OpenStreetMap"},"geometry":{"type":"LineString","coordinates":[[121.4532558,25.000507],[121.4533068,25.00047],[121.4534034,25.0004445],[121.4541742,25.0002254],[121.4542623,25.0002004]]}},{"type":"Feature","id":310277823,"properties":{"osm_id":310277823,"name":"遠東路","name_en":null,"highway":"tertiary","lanes":null,"oneway":"yes","surface":null,"source":"OpenStreetMap"},"geometry":{"type":"LineString","coordinates":[[121.4542623,25.0002004],[121.4543208,25.0001885],[121.4544289,25.0001161],[121.4553626,24.999491],[121.4554388,24.99944],[121.4556441,24.9993794],[121.456322,24.9991806],[121.4577064,24.9988564],[121.4578359,24.9988261]]}},{"type":"Feature","id":820223959,"properties":{"osm_id":820223959,"name":"遠東路","name_en":null,"highway":"tertiary","lanes":null,"oneway":"yes","surface":null,"source":"OpenStreetMap"},"geometry":{"type":"LineString","coordinates":[[121.4543187,25.0002672],[121.4541944,25.0003002],[121.4534216,25.0004972],[121.4533252,25.0005203],[121.4532558,25.000507]]}},{"type":"Feature","id":111447443,"properties":{"osm_id":111447443,"name":"重慶路","name_en":"Chongqing Road","highway":"residential","lanes":null,"oneway":"yes","surface":"asphalt","source":"OpenStreetMap"},"geometry":{"type":"LineString","coordinates":[[121.4617158,25.0074287],[121.4615014,25.007561],[121.4612683,25.007705],[121.4609786,25.0078838],[121.4608301,25.0079755],[121.4603446,25.0082871],[121.4602858,25.0083253]]}},{"type":"Feature","id":125729963,"properties":{"osm_id":125729963,"name":"重慶路","name_en":"Chongqing Road","highway":"unclassified","lanes":null,"oneway":null,"surface":"asphalt","source":"OpenStreetMap"},"geometry":{"type":"LineString","coordinates":[[121.4639456,24.9982416],[121.4638915,24.9983874],[121.4636338,24.9990764],[121.4635297,24.999409],[121.463467,24.9996025],[121.4633867,24.9998695],[121.4633576,24.9999711],[121.4632073,25.0003783]]}},{"type":"Feature","id":125729964,"properties":{"osm_id":125729964,"name":"重慶路","name_en":"Chongqing Road","highway":"unclassified","lanes":null,"oneway":"yes","surface":"asphalt","source":"OpenStreetMap"},"geometry":{"type":"LineString","coordinates":[[121.4645254,24.9970623],[121.4641655,24.9978216],[121.4640263,24.9981562],[121.4639456,24.9982416]]}},{"type":"Feature","id":125729966,"properties":{"osm_id":125729966,"name":"重慶路","name_en":"Chongqing Road","highway":"unclassified","lanes":null,"oneway":"yes","surface":"asphalt","source":"OpenStreetMap"},"geometry":{"type":"LineString","coordinates":[[121.4639456,24.9982416],[121.4639471,24.9981252],[121.4642589,24.9971264]]}},{"type":"Feature","id":127030483,"properties":{"osm_id":127030483,"name":"重慶路","name_en":"Chongqing Road","highway":"pedestrian","lanes":null,"oneway":null,"surface":"paving_stones","source":"OpenStreetMap"},"geometry":{"type":"LineString","coordinates":[[121.4602858,25.0083253],[121.4602357,25.0083722],[121.459843,25.0086238],[121.4598012,25.0086508],[121.459784,25.0086629],[121.4596858,25.0087231]]}},{"type":"Feature","id":129813591,"properties":{"osm_id":129813591,"name":"重慶路","name_en":"Chongqing Road","highway":"residential","lanes":null,"oneway":null,"surface":null,"source":"OpenStreetMap"},"geometry":{"type":"LineString","coordinates":[[121.4627018,25.0022587],[121.4625758,25.0029191],[121.4624765,25.0034402],[121.4623807,25.0039425],[121.4622887,25.0044248],[121.4621658,25.0050692],[121.4620412,25.0057226],[121.461978,25.0060536],[121.4619729,25.0060807],[121.4619266,25.0063235],[121.4618173,25.0068962],[121.461773,25.0071287],[121.4617158,25.0074287]]}},{"type":"Feature","id":129813592,"properties":{"osm_id":129813592,"name":"重慶路","name_en":"Chongqing Road","highway":"unclassified","lanes":null,"oneway":"yes","surface":"asphalt","source":"OpenStreetMap"},"geometry":{"type":"LineString","coordinates":[[121.4627018,25.0022587],[121.4627601,25.0017607],[121.4628193,25.0015038],[121.4629069,25.0010356]]}},{"type":"Feature","id":129813593,"properties":{"osm_id":129813593,"name":"重慶路","name_en":"Chongqing Road","highway":"unclassified","lanes":null,"oneway":"yes","surface":"asphalt","source":"OpenStreetMap"},"geometry":{"type":"LineString","coordinates":[[121.4632073,25.0003783],[121.4631528,25.000641],[121.4631304,25.00071],[121.4630635,25.0009695],[121.4627018,25.0022587]]}},{"type":"Feature","id":325213934,"properties":{"osm_id":325213934,"name":"重慶路","name_en":"Chongqing Road","highway":"unclassified","lanes":null,"oneway":"yes","surface":"asphalt","source":"OpenStreetMap"},"geometry":{"type":"LineString","coordinates":[[121.4642589,24.9971264],[121.4645254,24.9970623]]}},{"type":"Feature","id":127030474,"properties":{"osm_id":127030474,"name":"重慶路155巷","name_en":"Lane 155, Chongqing Road","highway":"residential","lanes":null,"oneway":null,"surface":"asphalt","source":"OpenStreetMap"},"geometry":{"type":"LineString","coordinates":[[121.4623807,25.0039425],[121.4642175,25.0042356]]}},{"type":"Feature","id":125786147,"properties":{"osm_id":125786147,"name":"重慶路223巷","name_en":"Lane 223, Chongqing Road","highway":"residential","lanes":null,"oneway":"yes","surface":"asphalt","source":"OpenStreetMap"},"geometry":{"type":"LineString","coordinates":[[121.4630635,25.0009695],[121.4631463,25.0010998],[121.4632907,25.0018537],[121.4633238,25.0021482],[121.4634278,25.0022337],[121.4636552,25.0023706],[121.4637453,25.0024423]]}},{"type":"Feature","id":563171297,"properties":{"osm_id":563171297,"name":"重慶路223巷","name_en":null,"highway":"residential","lanes":null,"oneway":"yes","surface":"asphalt","source":"OpenStreetMap"},"geometry":{"type":"LineString","coordinates":[[121.463188,25.002343],[121.4633238,25.0021482]]}},{"type":"Feature","id":366082053,"properties":{"osm_id":366082053,"name":"重慶路245巷","name_en":"Lane 245, Chongqing Road","highway":"residential","lanes":null,"oneway":null,"surface":null,"source":"OpenStreetMap"},"geometry":{"type":"LineString","coordinates":[[121.466115,25.0010878],[121.4656106,25.001008],[121.4652107,25.0009399],[121.4651396,25.0009303],[121.4650331,25.0009141],[121.4646522,25.0008585],[121.4643931,25.0008207],[121.463717,25.0007234],[121.4632094,25.0006493],[121.4631528,25.000641]]}},{"type":"Feature","id":366082050,"properties":{"osm_id":366082050,"name":"重慶路245巷22弄","name_en":null,"highway":"residential","lanes":null,"oneway":null,"surface":null,"source":"OpenStreetMap"},"geometry":{"type":"LineString","coordinates":[[121.4643931,25.0008207],[121.4645123,25.0001944]]}},{"type":"Feature","id":366082060,"properties":{"osm_id":366082060,"name":"重慶路269巷","name_en":null,"highway":"residential","lanes":null,"oneway":null,"surface":null,"source":"OpenStreetMap"},"geometry":{"type":"LineString","coordinates":[[121.465733,24.9986349],[121.4653452,24.9987322],[121.4649901,24.9988323],[121.4649182,24.9988413],[121.4647641,24.9988966],[121.4646475,24.9989568],[121.4643388,24.9991661],[121.464259,24.9992285]]}},{"type":"Feature","id":999820274,"properties":{"osm_id":999820274,"name":"重慶路269巷","name_en":null,"highway":"residential","lanes":null,"oneway":"yes","surface":null,"source":"OpenStreetMap"},"geometry":{"type":"LineString","coordinates":[[121.464259,24.9992285],[121.4638725,24.9994466],[121.4637501,24.9995388],[121.463649,24.9996617],[121.4634319,24.99994],[121.4633576,24.9999711]]}},{"type":"Feature","id":125787693,"properties":{"osm_id":125787693,"name":"重慶路290巷","name_en":"Lane 290, Chongqing Road","highway":"residential","lanes":null,"oneway":null,"surface":"asphalt","source":"OpenStreetMap"},"geometry":{"type":"LineString","coordinates":[[121.4636338,24.9990764],[121.4633779,24.9990332],[121.4632382,24.999],[121.462294,24.9988353],[121.4615338,24.9987192],[121.4614678,24.9987137],[121.4610958,24.998677]]}},{"type":"Feature","id":127293868,"properties":{"osm_id":127293868,"name":"重慶路290巷22弄","name_en":"Alley 22, Lane 290, Chongqing Road","highway":"residential","lanes":null,"oneway":null,"surface":null,"source":"OpenStreetMap"},"geometry":{"type":"LineString","coordinates":[[121.4618487,24.9991244],[121.4622331,24.9991619],[121.462294,24.9988353]]}},{"type":"Feature","id":127288556,"properties":{"osm_id":127288556,"name":"重慶路290巷46弄","name_en":"Alley 46, Lane 290, Chongqing Road","highway":"residential","lanes":null,"oneway":null,"surface":null,"source":"OpenStreetMap"},"geometry":{"type":"LineString","coordinates":[[121.4614678,24.9987137],[121.4614418,24.9989166],[121.4615823,24.9990297],[121.4618492,24.9990723],[121.4618487,24.9991244]]}},{"type":"Feature","id":254463056,"properties":{"osm_id":254463056,"name":"重慶路295巷","name_en":null,"highway":"residential","lanes":null,"oneway":null,"surface":null,"source":"OpenStreetMap"},"geometry":{"type":"LineString","coordinates":[[121.465733,24.9986349],[121.4656459,24.9990867],[121.4656567,24.9991595],[121.4657277,24.9991948],[121.4659874,24.9991684],[121.4660848,24.999158]]}},{"type":"Feature","id":133236949,"properties":{"osm_id":133236949,"name":"重慶路308巷","name_en":null,"highway":"residential","lanes":null,"oneway":null,"surface":"asphalt","source":"OpenStreetMap"},"geometry":{"type":"LineString","coordinates":[[121.4639456,24.9982416],[121.4638047,24.9981798],[121.4633961,24.9981012]]}},{"type":"Feature","id":125729965,"properties":{"osm_id":125729965,"name":"重慶路346巷","name_en":"Chongqing Road Lane 346","highway":"residential","lanes":null,"oneway":null,"surface":null,"source":"OpenStreetMap"},"geometry":{"type":"LineString","coordinates":[[121.4642589,24.9971264],[121.4635505,24.9973062]]}},{"type":"Feature","id":127655573,"properties":{"osm_id":127655573,"name":"重慶路76巷","name_en":"Lane 76, Chongqing Road","highway":"residential","lanes":null,"oneway":"yes","surface":null,"source":"OpenStreetMap"},"geometry":{"type":"LineString","coordinates":[[121.4619266,25.0063235],[121.460704,25.006137],[121.4604819,25.0061193]]}},{"type":"Feature","id":137085105,"properties":{"osm_id":137085105,"name":"重新堤外道","name_en":"Chongxin Causeway","highway":"tertiary","lanes":"4","oneway":"no","surface":"asphalt","source":"OpenStreetMap"},"geometry":{"type":"LineString","coordinates":[[121.4445444,25.0258893],[121.4440753,25.0253458],[121.4437318,25.0249793],[121.4433935,25.0246467],[121.443164,25.0244344]]}},{"type":"Feature","id":1422215755,"properties":{"osm_id":1422215755,"name":"重新堤外道","name_en":"Chongxin Causeway","highway":"tertiary","lanes":"4","oneway":"no","surface":"asphalt","source":"OpenStreetMap"},"geometry":{"type":"LineString","coordinates":[[121.4454135,25.0268619],[121.4452785,25.0267331],[121.4450832,25.0265136],[121.4445444,25.0258893]]}},{"type":"Feature","id":259192935,"properties":{"osm_id":259192935,"name":"金華街","name_en":null,"highway":"residential","lanes":null,"oneway":null,"surface":null,"source":"OpenStreetMap"},"geometry":{"type":"LineString","coordinates":[[121.4552361,25.0196732],[121.4556142,25.0200938],[121.4557993,25.0202907],[121.4558588,25.0203444],[121.4562274,25.0204086],[121.4575964,25.0206471],[121.4579093,25.0207024],[121.4579979,25.0207155],[121.458414,25.0207768],[121.4588837,25.0208461],[121.4597357,25.02092]]}},{"type":"Feature","id":111808397,"properties":{"osm_id":111808397,"name":"長安街","name_en":"Chang’an Street","highway":"residential","lanes":null,"oneway":null,"surface":"asphalt","source":"OpenStreetMap"},"geometry":{"type":"LineString","coordinates":[[121.4678398,25.0089896],[121.4676285,25.0088839],[121.4673554,25.0088145],[121.4672797,25.0088042],[121.4670637,25.0087787],[121.4669645,25.0087611],[121.466807,25.0087738],[121.4667257,25.0087661],[121.4665872,25.0087148],[121.466375,25.0086365],[121.4662374,25.008618],[121.4657656,25.0085544]]}},{"type":"Feature","id":125787695,"properties":{"osm_id":125787695,"name":"長安街","name_en":"Chan'an Street","highway":"residential","lanes":null,"oneway":null,"surface":"asphalt","source":"OpenStreetMap"},"geometry":{"type":"LineString","coordinates":[[121.4753262,25.0126122],[121.4749551,25.0123936],[121.4743708,25.0120751],[121.4742794,25.0120253],[121.4740693,25.0118788],[121.4739405,25.01168],[121.4738407,25.0115188],[121.4737208,25.011249],[121.47367,25.0111135],[121.473655,25.0110803],[121.4734053,25.0106885],[121.4732876,25.0105716],[121.4731893,25.0104674],[121.4729514,25.0102551],[121.4726935,25.0100668]]}},{"type":"Feature","id":222521507,"properties":{"osm_id":222521507,"name":"長安街","name_en":"Chang’an Street","highway":"residential","lanes":"1","oneway":null,"surface":"asphalt","source":"OpenStreetMap"},"geometry":{"type":"LineString","coordinates":[[121.466807,25.0087738],[121.4669941,25.0089005],[121.467121,25.0089439],[121.4673106,25.009022],[121.4673433,25.0090272],[121.4674688,25.0090755],[121.4675707,25.0091436]]}},{"type":"Feature","id":306396074,"properties":{"osm_id":306396074,"name":"長安街","name_en":"Chang’an Street","highway":"residential","lanes":"1","oneway":null,"surface":"asphalt","source":"OpenStreetMap"},"geometry":{"type":"LineString","coordinates":[[121.4670637,25.0087787],[121.4671105,25.0083796]]}},{"type":"Feature","id":331855159,"properties":{"osm_id":331855159,"name":"長安街","name_en":null,"highway":"residential","lanes":null,"oneway":null,"surface":null,"source":"OpenStreetMap"},"geometry":{"type":"LineString","coordinates":[[121.4737208,25.011249],[121.4738742,25.0113413],[121.4741398,25.0115256],[121.4743164,25.0116425],[121.4746211,25.0118441]]}},{"type":"Feature","id":1409415400,"properties":{"osm_id":1409415400,"name":"長安街","name_en":"Chan'an Street","highway":"residential","lanes":null,"oneway":null,"surface":"asphalt","source":"OpenStreetMap"},"geometry":{"type":"LineString","coordinates":[[121.4756519,25.0128307],[121.4754375,25.0126893],[121.4753262,25.0126122]]}},{"type":"Feature","id":361404229,"properties":{"osm_id":361404229,"name":"長安街138巷1弄","name_en":null,"highway":"residential","lanes":null,"oneway":null,"surface":"asphalt","source":"OpenStreetMap"},"geometry":{"type":"LineString","coordinates":[[121.4743708,25.0120751],[121.4746211,25.0118441],[121.474732,25.0116456],[121.4747746,25.0115565],[121.4748209,25.011452],[121.4748456,25.0113389],[121.4748525,25.0112648],[121.4748497,25.011172],[121.4748314,25.0110823],[121.4747838,25.0110008],[121.4747699,25.0109785],[121.4745384,25.0107314],[121.4743628,25.0105368],[121.4743126,25.0104805],[121.4743093,25.0104761],[121.4740561,25.0102327],[121.4737718,25.0100196],[121.4734859,25.0098695],[121.4729063,25.0096238]]}},{"type":"Feature","id":365055986,"properties":{"osm_id":365055986,"name":"長安街138巷2弄","name_en":null,"highway":"residential","lanes":null,"oneway":null,"surface":"asphalt","source":"OpenStreetMap"},"geometry":{"type":"LineString","coordinates":[[121.4729063,25.0096238],[121.472765,25.0095643],[121.4724842,25.0094462]]}},{"type":"Feature","id":361404217,"properties":{"osm_id":361404217,"name":"長安街331巷","name_en":null,"highway":"residential","lanes":"2","oneway":null,"surface":"asphalt","source":"OpenStreetMap"},"geometry":{"type":"LineString","coordinates":[[121.471385,25.0123731],[121.4717082,25.0125445],[121.4719876,25.0126929],[121.4722164,25.0128132],[121.4727533,25.0131054],[121.4728635,25.0131579],[121.4729414,25.0131834],[121.473014,25.0131957],[121.4730787,25.0131969],[121.4731163,25.0131952],[121.4731741,25.0131871],[121.4732494,25.0131688],[121.4733288,25.0131224],[121.4738907,25.0125472],[121.4742854,25.0121775],[121.4743708,25.0120751]]}},{"type":"Feature","id":188846484,"properties":{"osm_id":188846484,"name":"長安街48巷","name_en":"Lane 48, Chang' an Street","highway":"residential","lanes":null,"oneway":null,"surface":"asphalt","source":"OpenStreetMap"},"geometry":{"type":"LineString","coordinates":[[121.4681508,25.0083099],[121.4680144,25.0089949]]}},{"type":"Feature","id":306396072,"properties":{"osm_id":306396072,"name":"長安街51巷","name_en":"Lane 51, Chang’an Street","highway":"residential","lanes":"1","oneway":null,"surface":"asphalt","source":"OpenStreetMap"},"geometry":{"type":"LineString","coordinates":[[121.4673433,25.0090272],[121.4671691,25.0095744],[121.4671884,25.0097718]]}},{"type":"Feature","id":127657861,"properties":{"osm_id":127657861,"name":"陽明街","name_en":"Yangming Street","highway":"residential","lanes":null,"oneway":"no","surface":null,"source":"OpenStreetMap"},"geometry":{"type":"LineString","coordinates":[[121.4625003,25.0255273],[121.4628007,25.0250558],[121.4630794,25.0245925],[121.4631893,25.0244191],[121.4632476,25.024327],[121.4632832,25.0242602],[121.4636016,25.0237666],[121.4639054,25.0232951],[121.4641605,25.0229617],[121.4641784,25.0229396],[121.464231,25.0228747],[121.4646459,25.0225005],[121.4649006,25.0223142],[121.4653116,25.0221232],[121.4654762,25.0220469],[121.4656884,25.0219544],[121.4660799,25.021804],[121.4663217,25.0217407],[121.4670763,25.0215519]]}},{"type":"Feature","id":402156573,"properties":{"osm_id":402156573,"name":"陽明街","name_en":"Yangming Street","highway":"residential","lanes":null,"oneway":"no","surface":null,"source":"OpenStreetMap"},"geometry":{"type":"LineString","coordinates":[[121.4670763,25.0215519],[121.4672505,25.0214739]]}},{"type":"Feature","id":402156574,"properties":{"osm_id":402156574,"name":"陽明街","name_en":"Yangming Street","highway":"residential","lanes":null,"oneway":"no","surface":null,"source":"OpenStreetMap"},"geometry":{"type":"LineString","coordinates":[[121.4616422,25.0269056],[121.4620758,25.0262091],[121.4625003,25.0255273]]}},{"type":"Feature","id":285630102,"properties":{"osm_id":285630102,"name":"雙十路二段41巷","name_en":null,"highway":"residential","lanes":null,"oneway":null,"surface":null,"source":"OpenStreetMap"},"geometry":{"type":"LineString","coordinates":[[121.4758098,25.0256922],[121.4766298,25.0260281],[121.476709,25.0260528]]}},{"type":"Feature","id":355773948,"properties":{"osm_id":355773948,"name":"雙十路二段47巷","name_en":"Lane 47, Shuangshi Road Section 2","highway":"residential","lanes":null,"oneway":null,"surface":null,"source":"OpenStreetMap"},"geometry":{"type":"LineString","coordinates":[[121.4748999,25.0253901],[121.475205,25.0255564],[121.4752605,25.0255888],[121.4755854,25.0257785],[121.4756285,25.0258037],[121.47604,25.0260036],[121.4761318,25.0260379],[121.4764805,25.0261611],[121.4765473,25.0261893],[121.4766119,25.0262149],[121.4767225,25.026255]]}},{"type":"Feature","id":127460185,"properties":{"osm_id":127460185,"name":"雙十路二段47巷8弄","name_en":null,"highway":"residential","lanes":null,"oneway":null,"surface":null,"source":"OpenStreetMap"},"geometry":{"type":"LineString","coordinates":[[121.4748999,25.0253901],[121.4747282,25.025591],[121.4746181,25.0257198],[121.4742894,25.0259858],[121.4741265,25.0260926]]}},{"type":"Feature","id":127657862,"properties":{"osm_id":127657862,"name":"雨農路","name_en":"Yunong Road","highway":"residential","lanes":null,"oneway":"no","surface":null,"source":"OpenStreetMap"},"geometry":{"type":"LineString","coordinates":[[121.4628007,25.0250558],[121.4619498,25.0246258],[121.4612316,25.0242629],[121.4604712,25.023887]]}},{"type":"Feature","id":355915317,"properties":{"osm_id":355915317,"name":"雨農路27巷","name_en":null,"highway":"residential","lanes":null,"oneway":null,"surface":null,"source":"OpenStreetMap"},"geometry":{"type":"LineString","coordinates":[[121.4615195,25.0237986],[121.4612316,25.0242629]]}},{"type":"Feature","id":127030484,"properties":{"osm_id":127030484,"name":"館前東路","name_en":"Guancian East Road","highway":"tertiary","lanes":null,"oneway":"yes","surface":"asphalt","source":"OpenStreetMap"},"geometry":{"type":"LineString","coordinates":[[121.4593958,25.0070798],[121.4595647,25.0071019],[121.460223,25.0071975],[121.4605529,25.0072521],[121.4605875,25.0072571],[121.4607045,25.0072738],[121.4608864,25.0073024],[121.4610233,25.007324],[121.4613934,25.0073826],[121.4617158,25.0074287]]}},{"type":"Feature","id":128995035,"properties":{"osm_id":128995035,"name":"館前東路","name_en":"Guancian East Road","highway":"tertiary","lanes":"2","oneway":null,"surface":"asphalt","source":"OpenStreetMap"},"geometry":{"type":"LineString","coordinates":[[121.464935,25.0087638],[121.4646561,25.0080021],[121.4645875,25.0079253],[121.4644788,25.0078774],[121.4635389,25.007739]]}},{"type":"Feature","id":819214849,"properties":{"osm_id":819214849,"name":"館前東路","name_en":"Guancian East Road","highway":"tertiary","lanes":null,"oneway":"yes","surface":"asphalt","source":"OpenStreetMap"},"geometry":{"type":"LineString","coordinates":[[121.4617158,25.0074287],[121.4619503,25.0074722],[121.4620319,25.0074858],[121.4625562,25.0075814],[121.4628247,25.0076211],[121.4632912,25.0077005],[121.4634267,25.0077216],[121.4635389,25.007739]]}},{"type":"Feature","id":35272420,"properties":{"osm_id":35272420,"name":"館前西路","name_en":"Guancian West Road","highway":"secondary","lanes":null,"oneway":null,"surface":"asphalt","source":"OpenStreetMap"},"geometry":{"type":"LineString","coordinates":[[121.4593958,25.0070798],[121.4593439,25.0070519],[121.4592842,25.0070428],[121.4592259,25.0070258],[121.4590599,25.0069995],[121.4587821,25.006958],[121.4586295,25.0069312],[121.4581928,25.0068625],[121.4581162,25.0068533],[121.4579823,25.0068492]]}},{"type":"Feature","id":273642288,"properties":{"osm_id":273642288,"name":"館前西路","name_en":"Guancian West Road","highway":"secondary","lanes":null,"oneway":null,"surface":"asphalt","source":"OpenStreetMap"},"geometry":{"type":"LineString","coordinates":[[121.4558383,25.0081622],[121.4556452,25.0082431],[121.4554709,25.00831],[121.4552979,25.0083708],[121.4550575,25.0084528],[121.4546938,25.0085769],[121.4544423,25.0086574],[121.4541176,25.0086634],[121.4539276,25.0086574],[121.4535636,25.00864],[121.4533555,25.0086274]]}},{"type":"Feature","id":317367939,"properties":{"osm_id":317367939,"name":"館前西路","name_en":"Guancian West Road","highway":"secondary","lanes":null,"oneway":null,"surface":"asphalt","source":"OpenStreetMap"},"geometry":{"type":"LineString","coordinates":[[121.4532058,25.0086179],[121.4529866,25.0086074]]}},{"type":"Feature","id":497238730,"properties":{"osm_id":497238730,"name":"館前西路","name_en":"Guancian West Road","highway":"secondary","lanes":null,"oneway":null,"surface":"asphalt","source":"OpenStreetMap"},"geometry":{"type":"LineString","coordinates":[[121.4566965,25.0076182],[121.4563529,25.007875],[121.4562544,25.0079506],[121.4560324,25.0080737],[121.455944,25.0081157],[121.4558383,25.0081622]]}},{"type":"Feature","id":819440038,"properties":{"osm_id":819440038,"name":"館前西路","name_en":"Guancian West Road","highway":"secondary","lanes":null,"oneway":null,"surface":"asphalt","source":"OpenStreetMap"},"geometry":{"type":"LineString","coordinates":[[121.4579823,25.0068492],[121.4578636,25.0069171]]}},{"type":"Feature","id":819440043,"properties":{"osm_id":819440043,"name":"館前西路","name_en":"Guancian West Road","highway":"secondary","lanes":null,"oneway":null,"surface":"asphalt","source":"OpenStreetMap"},"geometry":{"type":"LineString","coordinates":[[121.4578636,25.0069171],[121.4578222,25.006946],[121.4575741,25.0070951],[121.4573013,25.0072538],[121.4566965,25.0076182]]}},{"type":"Feature","id":1458150803,"properties":{"osm_id":1458150803,"name":"館前西路","name_en":"Guancian West Road","highway":"secondary","lanes":null,"oneway":null,"surface":"asphalt","source":"OpenStreetMap"},"geometry":{"type":"LineString","coordinates":[[121.4533555,25.0086274],[121.4532058,25.0086179]]}},{"type":"Feature","id":1486737514,"properties":{"osm_id":1486737514,"name":"館前西路","name_en":"Guancian West Road","highway":"secondary","lanes":null,"oneway":null,"surface":"asphalt","source":"OpenStreetMap"},"geometry":{"type":"LineString","coordinates":[[121.4529866,25.0086074],[121.4523568,25.0085868]]}},{"type":"Feature","id":271667956,"properties":{"osm_id":271667956,"name":"香社一路","name_en":null,"highway":"tertiary","lanes":null,"oneway":null,"surface":null,"source":"OpenStreetMap"},"geometry":{"type":"LineString","coordinates":[[121.4499582,25.0211019],[121.4498773,25.0211272],[121.4498159,25.0211586],[121.4490682,25.0215405],[121.4484402,25.0219697],[121.448356,25.0220268],[121.4482672,25.0220958]]}},{"type":"Feature","id":517839011,"properties":{"osm_id":517839011,"name":"香社一路","name_en":null,"highway":"tertiary","lanes":null,"oneway":null,"surface":null,"source":"OpenStreetMap"},"geometry":{"type":"LineString","coordinates":[[121.4499582,25.0211019],[121.4500464,25.0210611],[121.4506359,25.0207884],[121.4506944,25.0207613],[121.4507529,25.020734],[121.4516979,25.0202923],[121.4517573,25.0202645]]}},{"type":"Feature","id":517839013,"properties":{"osm_id":517839013,"name":"香社二路","name_en":null,"highway":"residential","lanes":null,"oneway":null,"surface":null,"source":"OpenStreetMap"},"geometry":{"type":"LineString","coordinates":[[121.4514207,25.0190924],[121.4502209,25.0194109],[121.4494671,25.0196121],[121.4493907,25.0196324]]}},{"type":"Feature","id":159962466,"properties":{"osm_id":159962466,"name":"高爾富路","name_en":"Golf Road","highway":"residential","lanes":"4","oneway":null,"surface":"asphalt","source":"OpenStreetMap"},"geometry":{"type":"LineString","coordinates":[[121.454605,25.0016107],[121.4546506,25.001522],[121.4546694,25.0014431],[121.4546683,25.0013764],[121.45466,25.0013487],[121.4544148,25.0005333],[121.4543602,25.0003516],[121.4543187,25.0002672]]}},{"type":"Feature","id":159962772,"properties":{"osm_id":159962772,"name":"高爾富路","name_en":"Golf Road","highway":"residential","lanes":null,"oneway":"yes","surface":null,"source":"OpenStreetMap"},"geometry":{"type":"LineString","coordinates":[[121.4549141,24.9957831],[121.4540092,24.9977197],[121.4537639,24.9982612],[121.4542932,25.0000946],[121.4543208,25.0001885],[121.4543187,25.0002672]]}},{"type":"Feature","id":310277824,"properties":{"osm_id":310277824,"name":"高爾富路","name_en":"Golf Road","highway":"residential","lanes":null,"oneway":"yes","surface":null,"source":"OpenStreetMap"},"geometry":{"type":"LineString","coordinates":[[121.4542623,25.0002004],[121.4542343,25.0001095],[121.4536842,24.9982804]]}},{"type":"Feature","id":310277825,"properties":{"osm_id":310277825,"name":"高爾富路","name_en":"Golf Road","highway":"residential","lanes":null,"oneway":"yes","surface":null,"source":"OpenStreetMap"},"geometry":{"type":"LineString","coordinates":[[121.4536842,24.9982804],[121.4538305,24.9979411],[121.4539518,24.9976596],[121.4540027,24.9975562],[121.4542198,24.9970996],[121.4548528,24.9957568]]}},{"type":"Feature","id":820223960,"properties":{"osm_id":820223960,"name":"高爾富路","name_en":"Golf Road","highway":"residential","lanes":null,"oneway":"yes","surface":null,"source":"OpenStreetMap"},"geometry":{"type":"LineString","coordinates":[[121.4543187,25.0002672],[121.4542623,25.0002004]]}},{"type":"Feature","id":127657870,"properties":{"osm_id":127657870,"name":"龍泉街","name_en":"Longquan Street","highway":"residential","lanes":null,"oneway":null,"surface":"asphalt","source":"OpenStreetMap"},"geometry":{"type":"LineString","coordinates":[[121.4586941,25.0234409],[121.4574938,25.0239019],[121.4574045,25.0239037],[121.4572677,25.0241271],[121.457177,25.0241927],[121.4569699,25.0245299],[121.4568376,25.0247073],[121.456704,25.0249357],[121.4565807,25.0251154],[121.4565211,25.0251978],[121.4564362,25.0253331],[121.4564101,25.0254686]]}},{"type":"Feature","id":402156575,"properties":{"osm_id":402156575,"name":"龍泉街","name_en":"Longquan Street","highway":"residential","lanes":null,"oneway":null,"surface":null,"source":"OpenStreetMap"},"geometry":{"type":"LineString","coordinates":[[121.4564101,25.0254686],[121.4564454,25.0256131],[121.4564843,25.025663],[121.4571118,25.0259853],[121.4572381,25.0260498],[121.4573427,25.0261035],[121.4575907,25.0262269],[121.4578448,25.026354],[121.4580541,25.026465],[121.4581212,25.0264995],[121.4583118,25.0265962],[121.4586454,25.0267753]]}},{"type":"Feature","id":231876096,"properties":{"osm_id":231876096,"name":"龍泉街55巷","name_en":null,"highway":"residential","lanes":null,"oneway":null,"surface":null,"source":"OpenStreetMap"},"geometry":{"type":"LineString","coordinates":[[121.4571118,25.0259853],[121.4573205,25.0256576],[121.4575057,25.0253668],[121.4576846,25.025086],[121.4578815,25.0247769],[121.4581909,25.0242712],[121.4586941,25.0234409]]}},{"type":"Feature","id":216714218,"properties":{"osm_id":216714218,"name":"龍興街","name_en":"Longxing Street","highway":"residential","lanes":null,"oneway":null,"surface":null,"source":"OpenStreetMap"},"geometry":{"type":"LineString","coordinates":[[121.4449041,25.0042891],[121.4447789,25.0039633],[121.4447037,25.0037986],[121.4446689,25.0037225],[121.4445355,25.0034622],[121.4443995,25.0031967],[121.4443628,25.0031225],[121.4442715,25.0028998],[121.4441595,25.0026482],[121.4440487,25.0024078],[121.443936,25.0021205],[121.4438135,25.0018505],[121.4436263,25.0014362],[121.4436114,25.0014033],[121.4435512,25.0013809],[121.4435012,25.0013585],[121.4432945,25.0012937],[121.44322,25.001015],[121.4425886,24.9991094],[121.4425916,24.9989833]]}},{"type":"Feature","id":256389613,"properties":{"osm_id":256389613,"name":"龍興街97巷","name_en":null,"highway":"residential","lanes":null,"oneway":null,"surface":null,"source":"OpenStreetMap"},"geometry":{"type":"LineString","coordinates":[[121.4441595,25.0026482],[121.4432904,25.0030124]]}},{"type":"Feature","id":256389614,"properties":{"osm_id":256389614,"name":"龍興街99巷","name_en":null,"highway":"residential","lanes":null,"oneway":null,"surface":null,"source":"OpenStreetMap"},"geometry":{"type":"LineString","coordinates":[[121.4442715,25.0028998],[121.4434037,25.0032418]]}}]}
