{"type":"FeatureCollection","name":"tainan historic core named roads","features":[{"type":"Feature","id":158854911,"properties":{"osm_id":158854911,"name":"大仁街","name_en":null,"highway":"residential","lanes":null,"oneway":null,"surface":"asphalt","source":"OpenStreetMap"},"geometry":{"type":"LineString","coordinates":[[120.1926247,22.9905695],[120.1932617,22.9904529],[120.1938841,22.9903324],[120.1939667,22.9903148],[120.1944817,22.9902149],[120.1945639,22.9901979]]}},{"type":"Feature","id":1110235228,"properties":{"osm_id":1110235228,"name":"大仁街","name_en":null,"highway":"residential","lanes":null,"oneway":null,"surface":null,"source":"OpenStreetMap"},"geometry":{"type":"LineString","coordinates":[[120.1916003,22.9908008],[120.1920688,22.9906935],[120.1925193,22.990593],[120.1926247,22.9905695]]}},{"type":"Feature","id":227913938,"properties":{"osm_id":227913938,"name":"大同路一段","name_en":"Datong Road Section 1","highway":"tertiary","lanes":null,"oneway":null,"surface":"asphalt","source":"OpenStreetMap"},"geometry":{"type":"LineString","coordinates":[[120.2120706,22.9812099],[120.2119972,22.9813709],[120.2119756,22.981419],[120.2118519,22.9816863],[120.2116825,22.9819976],[120.2115013,22.9823514],[120.2114772,22.9823969],[120.2114042,22.9825325],[120.2113727,22.9825912],[120.2113581,22.9826229],[120.2113007,22.9827548],[120.2112364,22.9829533],[120.2112063,22.9830495],[120.2111838,22.9832734],[120.2111921,22.9836867],[120.2111982,22.9837945],[120.2112046,22.9839089],[120.2112084,22.9840007],[120.2112147,22.9843533],[120.2112184,22.9847238]]}},{"type":"Feature","id":304476025,"properties":{"osm_id":304476025,"name":"大同路一段","name_en":"Datong Road Section 1","highway":"tertiary","lanes":"2","oneway":null,"surface":"asphalt","source":"OpenStreetMap"},"geometry":{"type":"LineString","coordinates":[[120.2112184,22.9847238],[120.2112249,22.9850444],[120.211233,22.98522],[120.2112427,22.9855544],[120.2112475,22.9856332],[120.2112872,22.9861426],[120.2112966,22.9863119],[120.2113029,22.9864251],[120.2113129,22.9865564],[120.2113621,22.9870198],[120.2113647,22.987068],[120.2113689,22.9871435],[120.2113744,22.9872125],[120.2113784,22.9872642],[120.2113826,22.9873273],[120.2113894,22.9874037],[120.2113911,22.9874274],[120.211396,22.9874979],[120.2114143,22.9877506],[120.2114231,22.987983],[120.2114314,22.9881149],[120.2114355,22.9883657],[120.2114354,22.9884701],[120.2114502,22.988614]]}},{"type":"Feature","id":496332206,"properties":{"osm_id":496332206,"name":"大勇街","name_en":null,"highway":"residential","lanes":"2","oneway":null,"surface":"asphalt","source":"OpenStreetMap"},"geometry":{"type":"LineString","coordinates":[[120.1952113,22.9894903],[120.1950917,22.9895162],[120.1949932,22.9895399],[120.1944943,22.9896308],[120.194413,22.9896456],[120.1943394,22.9896604],[120.1940957,22.9897094],[120.1938153,22.9897683],[120.1931317,22.9899041],[120.1926189,22.99],[120.192504,22.9900215]]}},{"type":"Feature","id":895200216,"properties":{"osm_id":895200216,"name":"大勇街6巷","name_en":null,"highway":"residential","lanes":null,"oneway":null,"surface":"asphalt","source":"OpenStreetMap"},"geometry":{"type":"LineString","coordinates":[[120.1956757,22.9904634],[120.1953519,22.9894577]]}},{"type":"Feature","id":159476058,"properties":{"osm_id":159476058,"name":"大勇街92巷","name_en":null,"highway":"residential","lanes":null,"oneway":null,"surface":null,"source":"OpenStreetMap"},"geometry":{"type":"LineString","coordinates":[[120.192504,22.9900215],[120.1923766,22.9900483],[120.1914905,22.9902293],[120.190904,22.9903468]]}},{"type":"Feature","id":444924210,"properties":{"osm_id":444924210,"name":"大勇街92巷","name_en":null,"highway":"residential","lanes":null,"oneway":null,"surface":null,"source":"OpenStreetMap"},"geometry":{"type":"LineString","coordinates":[[120.190904,22.9903468],[120.1908386,22.9902329],[120.1907407,22.9898994],[120.1906441,22.9894899]]}},{"type":"Feature","id":159276020,"properties":{"osm_id":159276020,"name":"大埔街","name_en":null,"highway":"residential","lanes":null,"oneway":null,"surface":null,"source":"OpenStreetMap"},"geometry":{"type":"LineString","coordinates":[[120.2076152,22.9871899],[120.2089125,22.987118],[120.2090209,22.9871289],[120.2091022,22.9871362]]}},{"type":"Feature","id":159276021,"properties":{"osm_id":159276021,"name":"大埔街","name_en":null,"highway":"residential","lanes":null,"oneway":null,"surface":"paving_stones","source":"OpenStreetMap"},"geometry":{"type":"LineString","coordinates":[[120.2073068,22.9872234],[120.2071304,22.9872427],[120.2068875,22.9872691],[120.2068112,22.9873076],[120.2067125,22.9873647],[120.2067132,22.987472],[120.206708,22.9877836]]}},{"type":"Feature","id":1448539212,"properties":{"osm_id":1448539212,"name":"大埔街","name_en":null,"highway":"residential","lanes":null,"oneway":null,"surface":"asphalt","source":"OpenStreetMap"},"geometry":{"type":"LineString","coordinates":[[120.2076152,22.9871899],[120.2075574,22.9871961],[120.2073068,22.9872234]]}},{"type":"Feature","id":640064428,"properties":{"osm_id":640064428,"name":"大涼路","name_en":"Daliang Road","highway":"residential","lanes":null,"oneway":"yes","surface":null,"source":"OpenStreetMap"},"geometry":{"type":"LineString","coordinates":[[120.1887415,22.992892],[120.1889391,22.9929534],[120.189229,22.9931282],[120.1892841,22.9931804],[120.1893449,22.9932603],[120.1893781,22.9933207],[120.1893976,22.9934176],[120.1894963,22.9938076],[120.1895588,22.9940566]]}},{"type":"Feature","id":721047824,"properties":{"osm_id":721047824,"name":"大涼路","name_en":"Daliang Road","highway":"residential","lanes":null,"oneway":"yes","surface":null,"source":"OpenStreetMap"},"geometry":{"type":"LineString","coordinates":[[120.189483,22.9940712],[120.1893203,22.993433],[120.1892955,22.993343],[120.1892705,22.9932779],[120.1892371,22.9932337],[120.1891792,22.9931828],[120.1889609,22.9930666],[120.1888894,22.9930266],[120.1887415,22.992892]]}},{"type":"Feature","id":724650212,"properties":{"osm_id":724650212,"name":"大涼路","name_en":null,"highway":"residential","lanes":null,"oneway":"yes","surface":null,"source":"OpenStreetMap"},"geometry":{"type":"LineString","coordinates":[[120.1892889,22.9928009],[120.1893625,22.9931459],[120.1893842,22.9932519],[120.1893781,22.9933207]]}},{"type":"Feature","id":1410573263,"properties":{"osm_id":1410573263,"name":"大涼路","name_en":"Daliang Road","highway":"residential","lanes":null,"oneway":"yes","surface":null,"source":"OpenStreetMap"},"geometry":{"type":"LineString","coordinates":[[120.1895588,22.9940566],[120.1898993,22.9952311]]}},{"type":"Feature","id":1410573266,"properties":{"osm_id":1410573266,"name":"大涼路","name_en":"Daliang Road","highway":"residential","lanes":null,"oneway":"yes","surface":null,"source":"OpenStreetMap"},"geometry":{"type":"LineString","coordinates":[[120.1898188,22.9952553],[120.1895291,22.994237],[120.189483,22.9940712]]}},{"type":"Feature","id":158854912,"properties":{"osm_id":158854912,"name":"大智街","name_en":"Dazhi Street","highway":"residential","lanes":null,"oneway":null,"surface":"asphalt","source":"OpenStreetMap"},"geometry":{"type":"LineString","coordinates":[[120.1926993,22.9880088],[120.1927153,22.9880893],[120.1929269,22.9890186],[120.1930251,22.989452],[120.193037,22.9895027],[120.1931317,22.9899041],[120.1932617,22.9904529],[120.1933737,22.9909302],[120.1934815,22.9913733],[120.193567,22.9917496],[120.1936486,22.9920959]]}},{"type":"Feature","id":158656444,"properties":{"osm_id":158656444,"name":"大新街","name_en":null,"highway":"residential","lanes":null,"oneway":null,"surface":null,"source":"OpenStreetMap"},"geometry":{"type":"LineString","coordinates":[[120.1915709,22.997978],[120.1915932,22.9980455],[120.1916026,22.998074],[120.1916714,22.9982822],[120.191792,22.9985831],[120.1919167,22.9988798],[120.1920035,22.9990998],[120.1921028,22.9993416],[120.1922069,22.9995855],[120.1924372,23.0000775]]}},{"type":"Feature","id":440600415,"properties":{"osm_id":440600415,"name":"大新街21巷","name_en":null,"highway":"residential","lanes":null,"oneway":null,"surface":"paving_stones","source":"OpenStreetMap"},"geometry":{"type":"LineString","coordinates":[[120.191792,22.9985831],[120.1911235,22.9988316],[120.1908632,22.9991116],[120.1908164,22.9991619]]}},{"type":"Feature","id":158473579,"properties":{"osm_id":158473579,"name":"大新街22巷","name_en":null,"highway":"residential","lanes":null,"oneway":null,"surface":null,"source":"OpenStreetMap"},"geometry":{"type":"LineString","coordinates":[[120.1925308,22.9983196],[120.191792,22.9985831]]}},{"type":"Feature","id":161036794,"properties":{"osm_id":161036794,"name":"大新街47巷","name_en":null,"highway":"residential","lanes":null,"oneway":null,"surface":"paving_stones","source":"OpenStreetMap"},"geometry":{"type":"LineString","coordinates":[[120.1920035,22.9990998],[120.1914079,22.9993126],[120.1912123,22.9994904]]}},{"type":"Feature","id":440600416,"properties":{"osm_id":440600416,"name":"大新街48巷","name_en":null,"highway":"residential","lanes":null,"oneway":null,"surface":null,"source":"OpenStreetMap"},"geometry":{"type":"LineString","coordinates":[[120.1925539,22.9989079],[120.1920035,22.9990998]]}},{"type":"Feature","id":161036791,"properties":{"osm_id":161036791,"name":"大新街71巷","name_en":null,"highway":"residential","lanes":null,"oneway":null,"surface":"paving_stones","source":"OpenStreetMap"},"geometry":{"type":"LineString","coordinates":[[120.1922069,22.9995855],[120.1916003,22.9998168]]}},{"type":"Feature","id":440600417,"properties":{"osm_id":440600417,"name":"大新街72巷","name_en":null,"highway":"residential","lanes":null,"oneway":null,"surface":null,"source":"OpenStreetMap"},"geometry":{"type":"LineString","coordinates":[[120.1929381,22.9993343],[120.1922069,22.9995855]]}},{"type":"Feature","id":440600418,"properties":{"osm_id":440600418,"name":"大新街8巷","name_en":null,"highway":"residential","lanes":null,"oneway":null,"surface":"paving_stones","source":"OpenStreetMap"},"geometry":{"type":"LineString","coordinates":[[120.1922228,22.9980789],[120.1921543,22.9981175],[120.1916714,22.9982822]]}},{"type":"Feature","id":159130370,"properties":{"osm_id":159130370,"name":"大福街","name_en":null,"highway":"residential","lanes":null,"oneway":null,"surface":null,"source":"OpenStreetMap"},"geometry":{"type":"LineString","coordinates":[[120.193398,22.9981536],[120.1933894,22.9983226],[120.1933899,22.9983561],[120.1934928,22.998576],[120.1935894,22.9988268],[120.1936888,22.9990706],[120.1939195,22.9995571]]}},{"type":"Feature","id":161036793,"properties":{"osm_id":161036793,"name":"大福街15巷","name_en":null,"highway":"residential","lanes":null,"oneway":null,"surface":null,"source":"OpenStreetMap"},"geometry":{"type":"LineString","coordinates":[[120.1934928,22.998576],[120.1925539,22.9989079]]}},{"type":"Feature","id":161036792,"properties":{"osm_id":161036792,"name":"大福街39巷","name_en":null,"highway":"residential","lanes":null,"oneway":null,"surface":null,"source":"OpenStreetMap"},"geometry":{"type":"LineString","coordinates":[[120.1936888,22.9990706],[120.1929381,22.9993343]]}},{"type":"Feature","id":1496961240,"properties":{"osm_id":1496961240,"name":"大學路","name_en":"Dasyue Road","highway":"tertiary","lanes":"2","oneway":null,"surface":"asphalt","source":"OpenStreetMap"},"geometry":{"type":"LineString","coordinates":[[120.218183,22.9962529],[120.2182962,22.9962384],[120.2185933,22.9962188],[120.2189785,22.9961914],[120.2190871,22.9961837]]}},{"type":"Feature","id":31794913,"properties":{"osm_id":31794913,"name":"大學路西段","name_en":"Dasyue Road W. Sec.","highway":"tertiary","lanes":"2","oneway":null,"surface":"asphalt","source":"OpenStreetMap"},"geometry":{"type":"LineString","coordinates":[[120.2136571,22.9968892],[120.2137604,22.9968787],[120.2142963,22.9968144],[120.2147554,22.9967593],[120.2148077,22.996753],[120.2149844,22.9967332]]}},{"type":"Feature","id":537706053,"properties":{"osm_id":537706053,"name":"大學路西段","name_en":"Dasyue Road W. Sec.","highway":"tertiary","lanes":"2","oneway":null,"surface":"asphalt","source":"OpenStreetMap"},"geometry":{"type":"LineString","coordinates":[[120.2149844,22.9967332],[120.2150698,22.9967211],[120.2151434,22.9967118],[120.2159118,22.9965845],[120.2166157,22.9964705],[120.216732,22.9964539],[120.2168667,22.9964312],[120.2171049,22.9963992],[120.2180747,22.9962664],[120.218183,22.9962529]]}},{"type":"Feature","id":38367672,"properties":{"osm_id":38367672,"name":"小北路","name_en":"Xiaobei Road","highway":"tertiary","lanes":"2","oneway":"yes","surface":"asphalt","source":"OpenStreetMap"},"geometry":{"type":"LineString","coordinates":[[120.2099757,23.0080364],[120.2097935,23.0078396],[120.2097214,23.0077452],[120.209676,23.0076807],[120.2096494,23.0076519],[120.2094828,23.0074966],[120.2093296,23.0073967],[120.2091431,23.0072864],[120.2090214,23.0072144],[120.2088367,23.0071366],[120.2084874,23.0070135],[120.2082336,23.0069275],[120.2080708,23.0068703],[120.2078477,23.0067954],[120.2072971,23.0065756],[120.2070089,23.0064736],[120.2066289,23.0063468],[120.2062484,23.0062225],[120.2061278,23.0061863],[120.2060477,23.0061676],[120.205886,23.0060608]]}},{"type":"Feature","id":158782359,"properties":{"osm_id":158782359,"name":"小北路","name_en":"Xiaobei Road","highway":"tertiary","lanes":"2","oneway":"yes","surface":"asphalt","source":"OpenStreetMap"},"geometry":{"type":"LineString","coordinates":[[120.205886,23.0060608],[120.2059888,23.0060747],[120.2061591,23.0061109],[120.2061969,23.0061262],[120.2068187,23.006342],[120.2071442,23.0064592],[120.2073247,23.0065222],[120.2077639,23.0067022],[120.2078664,23.0067402],[120.2081412,23.006842],[120.2088572,23.0070911],[120.2091272,23.0071982],[120.2093645,23.0073452],[120.2095354,23.0074437],[120.2097349,23.0076287],[120.2098588,23.0077183]]}},{"type":"Feature","id":108071649,"properties":{"osm_id":108071649,"name":"小東路","name_en":"Xiaodong Road","highway":"secondary","lanes":"2","oneway":"yes","surface":"asphalt","source":"OpenStreetMap"},"geometry":{"type":"LineString","coordinates":[[120.2137666,23.0015909],[120.2132343,23.0016644],[120.2131228,23.0016561]]}},{"type":"Feature","id":108071692,"properties":{"osm_id":108071692,"name":"小東路","name_en":"Xiaodong Road","highway":"secondary","lanes":null,"oneway":"yes","surface":"asphalt","source":"OpenStreetMap"},"geometry":{"type":"LineString","coordinates":[[120.2148377,23.0015065],[120.2146921,23.0015302],[120.2145818,23.0015467],[120.2139857,23.0016407]]}},{"type":"Feature","id":108071697,"properties":{"osm_id":108071697,"name":"小東路","name_en":"Xiaodong Road","highway":"secondary","lanes":"2","oneway":"yes","surface":"asphalt","source":"OpenStreetMap"},"geometry":{"type":"LineString","coordinates":[[120.2131228,23.0016561],[120.2132247,23.0016265],[120.2137533,23.0015259]]}},{"type":"Feature","id":108071720,"properties":{"osm_id":108071720,"name":"小東路","name_en":"Xiaodong Road","highway":"secondary","lanes":null,"oneway":"yes","surface":"asphalt","source":"OpenStreetMap"},"geometry":{"type":"LineString","coordinates":[[120.2139461,23.0014931],[120.2145539,23.0013957],[120.2146675,23.0013766]]}},{"type":"Feature","id":108071734,"properties":{"osm_id":108071734,"name":"小東路","name_en":"Xiaodong Road","highway":"secondary","lanes":null,"oneway":"yes","surface":"asphalt","source":"OpenStreetMap"},"geometry":{"type":"LineString","coordinates":[[120.2139299,23.0014327],[120.2145439,23.001337],[120.2146535,23.00132],[120.2147986,23.0012974]]}},{"type":"Feature","id":313194390,"properties":{"osm_id":313194390,"name":"小東路","name_en":"Xiaodong Road","highway":"secondary","lanes":"2","oneway":"yes","surface":"asphalt","source":"OpenStreetMap"},"geometry":{"type":"LineString","coordinates":[[120.2185798,23.0010053],[120.2184659,23.0010111],[120.2178314,23.0010789],[120.2176911,23.0010931],[120.2171873,23.0011444],[120.2170497,23.0011574],[120.2168965,23.0011725],[120.2160577,23.001257],[120.2155333,23.0013368],[120.2149963,23.0014366],[120.2148236,23.001431]]}},{"type":"Feature","id":405115647,"properties":{"osm_id":405115647,"name":"小東路","name_en":"Xiaodong Road","highway":"secondary","lanes":"2","oneway":"yes","surface":"asphalt","source":"OpenStreetMap"},"geometry":{"type":"LineString","coordinates":[[120.2185717,23.0008851],[120.2187168,23.000874],[120.2205464,23.000748],[120.2206307,23.0007409],[120.2207308,23.0007328],[120.2222078,23.0006274],[120.2222818,23.0006228]]}},{"type":"Feature","id":405115648,"properties":{"osm_id":405115648,"name":"小東路","name_en":"Xiaodong Road","highway":"secondary","lanes":null,"oneway":"yes","surface":"asphalt","source":"OpenStreetMap"},"geometry":{"type":"LineString","coordinates":[[120.2223736,23.0007452],[120.2222923,23.0007521],[120.2222163,23.0007583],[120.2207357,23.0008459],[120.2206399,23.0008509],[120.2205553,23.0008548],[120.2191519,23.0009683],[120.2187292,23.0009948],[120.2185798,23.0010053]]}},{"type":"Feature","id":496257372,"properties":{"osm_id":496257372,"name":"小東路","name_en":"Xiaodong Road","highway":"secondary","lanes":"2","oneway":"yes","surface":"asphalt","source":"OpenStreetMap"},"geometry":{"type":"LineString","coordinates":[[120.21468,23.0014548],[120.2145679,23.0014697],[120.2139603,23.0015616]]}},{"type":"Feature","id":496257373,"properties":{"osm_id":496257373,"name":"小東路","name_en":"Xiaodong Road","highway":"secondary","lanes":"2","oneway":"yes","surface":"asphalt","source":"OpenStreetMap"},"geometry":{"type":"LineString","coordinates":[[120.2146675,23.0013766],[120.2148092,23.001354],[120.2148932,23.001307],[120.2150163,23.0012893],[120.2152676,23.0012532],[120.2157381,23.0011857],[120.2160257,23.0011491],[120.216886,23.0010541],[120.2170266,23.0010398],[120.2171649,23.0010228],[120.2184539,23.0008946],[120.2185717,23.0008851]]}},{"type":"Feature","id":902361426,"properties":{"osm_id":902361426,"name":"小東路","name_en":"Xiaodong Road","highway":"secondary","lanes":"2","oneway":"yes","surface":"asphalt","source":"OpenStreetMap"},"geometry":{"type":"LineString","coordinates":[[120.2137825,23.0016727],[120.2134506,23.0017238],[120.2132426,23.0017094],[120.2131228,23.0016561]]}},{"type":"Feature","id":912775059,"properties":{"osm_id":912775059,"name":"小東路","name_en":"Xiaodong Road","highway":"secondary","lanes":"1","oneway":"yes","surface":"asphalt","source":"OpenStreetMap"},"geometry":{"type":"LineString","coordinates":[[120.2131228,23.0016561],[120.2132158,23.0015814],[120.2133888,23.0015213],[120.2137409,23.0014621]]}},{"type":"Feature","id":1176542364,"properties":{"osm_id":1176542364,"name":"小東路","name_en":"Xiaodong Road","highway":"secondary","lanes":"1","oneway":"yes","surface":"asphalt","source":"OpenStreetMap"},"geometry":{"type":"LineString","coordinates":[[120.2137409,23.0014621],[120.2139299,23.0014327]]}},{"type":"Feature","id":1176542365,"properties":{"osm_id":1176542365,"name":"小東路","name_en":"Xiaodong Road","highway":"secondary","lanes":"1","oneway":"yes","surface":"asphalt","source":"OpenStreetMap"},"geometry":{"type":"LineString","coordinates":[[120.2139857,23.0016407],[120.2137825,23.0016727]]}},{"type":"Feature","id":1176542366,"properties":{"osm_id":1176542366,"name":"小東路","name_en":"Xiaodong Road","highway":"secondary","lanes":null,"oneway":"yes","surface":"asphalt","source":"OpenStreetMap"},"geometry":{"type":"LineString","coordinates":[[120.2139603,23.0015616],[120.2137666,23.0015909]]}},{"type":"Feature","id":1176542367,"properties":{"osm_id":1176542367,"name":"小東路","name_en":"Xiaodong Road","highway":"secondary","lanes":null,"oneway":"yes","surface":"asphalt","source":"OpenStreetMap"},"geometry":{"type":"LineString","coordinates":[[120.2137533,23.0015259],[120.2139461,23.0014931]]}},{"type":"Feature","id":1410490253,"properties":{"osm_id":1410490253,"name":"小東路","name_en":"Xiaodong Road","highway":"secondary","lanes":null,"oneway":"yes","surface":"asphalt","source":"OpenStreetMap"},"geometry":{"type":"LineString","coordinates":[[120.2149963,23.0014366],[120.2148377,23.0015065]]}},{"type":"Feature","id":1410490254,"properties":{"osm_id":1410490254,"name":"小東路","name_en":"Xiaodong Road","highway":"secondary","lanes":"2","oneway":"yes","surface":"asphalt","source":"OpenStreetMap"},"geometry":{"type":"LineString","coordinates":[[120.2148236,23.001431],[120.21468,23.0014548]]}},{"type":"Feature","id":1410490261,"properties":{"osm_id":1410490261,"name":"小東路","name_en":"Xiaodong Road","highway":"secondary","lanes":null,"oneway":"yes","surface":"asphalt","source":"OpenStreetMap"},"geometry":{"type":"LineString","coordinates":[[120.2147986,23.0012974],[120.2148932,23.001307]]}},{"type":"Feature","id":72871326,"properties":{"osm_id":72871326,"name":"中山路","name_en":"Zhongshan Road","highway":"primary","lanes":null,"oneway":"yes","surface":"asphalt","source":"OpenStreetMap"},"geometry":{"type":"LineString","coordinates":[[120.205439,22.9927714],[120.2055175,22.9927874],[120.2056265,22.9928286],[120.20583,22.9929633],[120.2067081,22.9934931],[120.2068055,22.9935554]]}},{"type":"Feature","id":259871042,"properties":{"osm_id":259871042,"name":"中山路","name_en":"Zhongshan Road","highway":"primary","lanes":"2","oneway":"yes","surface":"asphalt","source":"OpenStreetMap"},"geometry":{"type":"LineString","coordinates":[[120.2068055,22.9935554],[120.206956,22.9936504],[120.2072369,22.9938353],[120.2073737,22.9939224],[120.2085702,22.9947359]]}},{"type":"Feature","id":259871043,"properties":{"osm_id":259871043,"name":"中山路","name_en":"Zhongshan Road","highway":"primary","lanes":"2","oneway":"yes","surface":"asphalt","source":"OpenStreetMap"},"geometry":{"type":"LineString","coordinates":[[120.2067537,22.9936179],[120.2066557,22.9935636],[120.20586,22.9931228],[120.2055542,22.9929177],[120.2054751,22.9928507],[120.205439,22.9927714]]}},{"type":"Feature","id":297757243,"properties":{"osm_id":297757243,"name":"中山路","name_en":"Zhongshan Road","highway":"primary","lanes":"2","oneway":"yes","surface":"asphalt","source":"OpenStreetMap"},"geometry":{"type":"LineString","coordinates":[[120.2084787,22.994765],[120.2072792,22.9939784],[120.2068928,22.9937133],[120.2067537,22.9936179]]}},{"type":"Feature","id":297757244,"properties":{"osm_id":297757244,"name":"中山路","name_en":"Zhongshan Road","highway":"primary","lanes":"2","oneway":"yes","surface":"asphalt","source":"OpenStreetMap"},"geometry":{"type":"LineString","coordinates":[[120.2085702,22.9947359],[120.2086977,22.9948219],[120.2094578,22.9953186],[120.2097362,22.9955002],[120.2098173,22.9955535],[120.2099646,22.99565],[120.2100952,22.9957351],[120.2103624,22.9959097],[120.2105133,22.9960083],[120.2106337,22.9960869],[120.2107485,22.9961619],[120.2116386,22.9967434],[120.211721,22.9968364]]}},{"type":"Feature","id":436251058,"properties":{"osm_id":436251058,"name":"中山路","name_en":"Zhongshan Road","highway":"tertiary","lanes":null,"oneway":"yes","surface":"asphalt","source":"OpenStreetMap"},"geometry":{"type":"LineString","coordinates":[[120.2116925,22.9969067],[120.211618,22.996864]]}},{"type":"Feature","id":496249898,"properties":{"osm_id":496249898,"name":"中山路","name_en":"Zhongshan Road","highway":"primary","lanes":"2","oneway":"yes","surface":"asphalt","source":"OpenStreetMap"},"geometry":{"type":"LineString","coordinates":[[120.211618,22.996864],[120.2115423,22.9967699],[120.21064,22.9961803],[120.2100514,22.9957957],[120.2099734,22.9957483],[120.2099293,22.9957218],[120.2098433,22.9956721],[120.2097484,22.9956135],[120.2094121,22.9953777],[120.2089193,22.9950557],[120.2088589,22.9950162],[120.2086237,22.9948625],[120.2084787,22.994765]]}},{"type":"Feature","id":1134541024,"properties":{"osm_id":1134541024,"name":"中山路","name_en":"Zhongshan Road","highway":"primary","lanes":null,"oneway":"yes","surface":"asphalt","source":"OpenStreetMap"},"geometry":{"type":"LineString","coordinates":[[120.211721,22.9968364],[120.2116925,22.9969067]]}},{"type":"Feature","id":107538208,"properties":{"osm_id":107538208,"name":"中正路","name_en":"Jhongjheng Road","highway":"tertiary","lanes":null,"oneway":"yes","surface":"asphalt","source":"OpenStreetMap"},"geometry":{"type":"LineString","coordinates":[[120.1922546,22.9937819],[120.1923423,22.9937635],[120.1932317,22.9935788],[120.1933428,22.9935557]]}},{"type":"Feature","id":159470929,"properties":{"osm_id":159470929,"name":"中正路","name_en":"Jhongjheng Road","highway":"tertiary","lanes":null,"oneway":"yes","surface":"asphalt","source":"OpenStreetMap"},"geometry":{"type":"LineString","coordinates":[[120.1947739,22.9937973],[120.1934659,22.9940655]]}},{"type":"Feature","id":250710092,"properties":{"osm_id":250710092,"name":"中正路","name_en":"Jhongjheng Road","highway":"tertiary","lanes":"2","oneway":"yes","surface":"asphalt","source":"OpenStreetMap"},"geometry":{"type":"LineString","coordinates":[[120.2008809,22.992302],[120.2007931,22.9923213],[120.2001534,22.9924618],[120.1993946,22.9926194],[120.1991772,22.9926649],[120.198804,22.9927382],[120.1986996,22.9927582]]}},{"type":"Feature","id":259871045,"properties":{"osm_id":259871045,"name":"中正路","name_en":"Jhongjheng Road","highway":"tertiary","lanes":"2","oneway":"yes","surface":"asphalt","source":"OpenStreetMap"},"geometry":{"type":"LineString","coordinates":[[120.1961832,22.9932003],[120.1962852,22.9931793],[120.1964592,22.9931435],[120.1973626,22.9929578],[120.1974265,22.9929447],[120.1974905,22.9929315],[120.1977204,22.9928842],[120.1978217,22.9928634],[120.197913,22.9928446],[120.1985227,22.9927231],[120.1986081,22.9927049]]}},{"type":"Feature","id":307001555,"properties":{"osm_id":307001555,"name":"中正路","name_en":"Jhongjheng Road","highway":"tertiary","lanes":null,"oneway":"yes","surface":"asphalt","source":"OpenStreetMap"},"geometry":{"type":"LineString","coordinates":[[120.1934659,22.9940655],[120.1929479,22.9941712],[120.1924701,22.9942675],[120.1923706,22.9942846]]}},{"type":"Feature","id":307001556,"properties":{"osm_id":307001556,"name":"中正路","name_en":"Jhongjheng Road","highway":"tertiary","lanes":null,"oneway":"yes","surface":"asphalt","source":"OpenStreetMap"},"geometry":{"type":"LineString","coordinates":[[120.1933428,22.9935557],[120.1934538,22.9935353],[120.1945744,22.9932991],[120.1946595,22.9932812]]}},{"type":"Feature","id":496493913,"properties":{"osm_id":496493913,"name":"中正路","name_en":"Jhongjheng Road","highway":"tertiary","lanes":"2","oneway":"yes","surface":"asphalt","source":"OpenStreetMap"},"geometry":{"type":"LineString","coordinates":[[120.1986081,22.9927049],[120.1986766,22.9926904]]}},{"type":"Feature","id":496493915,"properties":{"osm_id":496493915,"name":"中正路","name_en":"Jhongjheng Road","highway":"tertiary","lanes":"2","oneway":"yes","surface":"asphalt","source":"OpenStreetMap"},"geometry":{"type":"LineString","coordinates":[[120.1986996,22.9927582],[120.1986317,22.9927723]]}},{"type":"Feature","id":496493916,"properties":{"osm_id":496493916,"name":"中正路","name_en":"Jhongjheng Road","highway":"tertiary","lanes":"2","oneway":"yes","surface":null,"source":"OpenStreetMap"},"geometry":{"type":"LineString","coordinates":[[120.1960042,22.9933044],[120.1958989,22.9933258],[120.1953568,22.993437],[120.1947239,22.9935572]]}},{"type":"Feature","id":496493919,"properties":{"osm_id":496493919,"name":"中正路","name_en":"Jhongjheng Road","highway":"tertiary","lanes":"2","oneway":"yes","surface":"asphalt","source":"OpenStreetMap"},"geometry":{"type":"LineString","coordinates":[[120.1986766,22.9926904],[120.1987827,22.9926677],[120.1997703,22.9924688],[120.2002426,22.9923755],[120.2007786,22.9922608],[120.2008666,22.992242]]}},{"type":"Feature","id":530771887,"properties":{"osm_id":530771887,"name":"中正路","name_en":"Jhongjheng Road","highway":"tertiary","lanes":"2","oneway":"yes","surface":"asphalt","source":"OpenStreetMap"},"geometry":{"type":"LineString","coordinates":[[120.1986317,22.9927723],[120.1985402,22.9927885],[120.1975045,22.9929929],[120.1974411,22.9930054],[120.1973753,22.9930186],[120.1962971,22.9932402],[120.1961973,22.9932619]]}},{"type":"Feature","id":530771889,"properties":{"osm_id":530771889,"name":"中正路","name_en":"Jhongjheng Road","highway":"tertiary","lanes":"2","oneway":"yes","surface":null,"source":"OpenStreetMap"},"geometry":{"type":"LineString","coordinates":[[120.1947123,22.9935014],[120.1958826,22.9932656],[120.1959895,22.9932433]]}},{"type":"Feature","id":681401745,"properties":{"osm_id":681401745,"name":"中正路","name_en":"Jhongjheng Road","highway":"tertiary","lanes":"2","oneway":"yes","surface":"asphalt","source":"OpenStreetMap"},"geometry":{"type":"LineString","coordinates":[[120.1961973,22.9932619],[120.1961027,22.9932819],[120.1960042,22.9933044]]}},{"type":"Feature","id":681401754,"properties":{"osm_id":681401754,"name":"中正路","name_en":"Jhongjheng Road","highway":"tertiary","lanes":"2","oneway":"yes","surface":"asphalt","source":"OpenStreetMap"},"geometry":{"type":"LineString","coordinates":[[120.1959895,22.9932433],[120.1960871,22.9932218],[120.1961832,22.9932003]]}},{"type":"Feature","id":1348421595,"properties":{"osm_id":1348421595,"name":"中正路","name_en":"Jhongjheng Road","highway":"tertiary","lanes":"2","oneway":"yes","surface":"asphalt","source":"OpenStreetMap"},"geometry":{"type":"LineString","coordinates":[[120.2027926,22.9919422],[120.2027019,22.9919378],[120.2026761,22.9919383],[120.2023371,22.9920023],[120.2009559,22.9922866],[120.2008809,22.992302]]}},{"type":"Feature","id":1348421597,"properties":{"osm_id":1348421597,"name":"中正路","name_en":"Jhongjheng Road","highway":"tertiary","lanes":"2","oneway":"yes","surface":"asphalt","source":"OpenStreetMap"},"geometry":{"type":"LineString","coordinates":[[120.2008666,22.992242],[120.2009401,22.9922268],[120.2018493,22.9920393],[120.2021795,22.9919706],[120.2026631,22.99187],[120.202687,22.9918689],[120.2027846,22.991867]]}},{"type":"Feature","id":158783758,"properties":{"osm_id":158783758,"name":"中成路","name_en":"Zhongcheng Road","highway":"residential","lanes":null,"oneway":null,"surface":"asphalt","source":"OpenStreetMap"},"geometry":{"type":"LineString","coordinates":[[120.205151,22.9988672],[120.2052597,22.9987472],[120.2053562,22.9986407],[120.2053703,22.9986121],[120.2053727,22.9985751],[120.2053606,22.9984577],[120.2053483,22.9983857],[120.2053364,22.998312],[120.2053222,22.9982208],[120.2053024,22.9980862],[120.2052359,22.9976296],[120.2052292,22.9975835],[120.2052103,22.9974493],[120.2052015,22.9973866],[120.2051723,22.9972145],[120.2051378,22.9969956],[120.2051123,22.9968578],[120.2050906,22.9967261],[120.2050789,22.996648],[120.2049874,22.9959603]]}},{"type":"Feature","id":158824774,"properties":{"osm_id":158824774,"name":"中和街","name_en":"Zhonghe Street","highway":"residential","lanes":null,"oneway":null,"surface":null,"source":"OpenStreetMap"},"geometry":{"type":"LineString","coordinates":[[120.1938868,23.0030152],[120.1936535,23.0028346],[120.1933908,23.0025894],[120.1928257,23.0021581],[120.1922825,23.0017139],[120.1917255,23.0012609],[120.1911634,23.0008017],[120.1910007,23.0006693],[120.1907076,23.0004299],[120.1900749,22.9999133],[120.1896914,22.9996006]]}},{"type":"Feature","id":118793018,"properties":{"osm_id":118793018,"name":"中華西路二段","name_en":"Zhonghua West Road Section 2","highway":"primary","lanes":"2","oneway":"yes","surface":"asphalt","source":"OpenStreetMap"},"geometry":{"type":"LineString","coordinates":[[120.1868335,22.9875322],[120.1868886,22.9879516],[120.1869573,22.988505],[120.1869949,22.9888096],[120.1870172,22.9889906]]}},{"type":"Feature","id":286847287,"properties":{"osm_id":286847287,"name":"中華西路二段","name_en":"Zhonghua West Road Section 2","highway":"primary","lanes":null,"oneway":"yes","surface":"asphalt","source":"OpenStreetMap"},"geometry":{"type":"LineString","coordinates":[[120.1870301,22.9891019],[120.1870389,22.9891946],[120.1870417,22.9892383],[120.1870556,22.9894521],[120.1870818,22.9897293],[120.1870978,22.9902059],[120.1870945,22.9905666],[120.18709,22.99078],[120.1870783,22.9909581],[120.1870683,22.9911182],[120.1870626,22.9912101],[120.1870514,22.9913133],[120.1869507,22.9925426],[120.1869406,22.9926662]]}},{"type":"Feature","id":496339495,"properties":{"osm_id":496339495,"name":"中華西路二段","name_en":"Zhonghua West Road Section 2","highway":"primary","lanes":"2","oneway":"yes","surface":"asphalt","source":"OpenStreetMap"},"geometry":{"type":"LineString","coordinates":[[120.1868074,22.9989487],[120.1869118,22.9998014],[120.1869921,23.0004038],[120.1870443,23.0010168],[120.1870841,23.0017929],[120.1870834,23.0021373],[120.187053,23.0027295],[120.1869949,23.0033842],[120.186887,23.0042306],[120.1867589,23.0048655],[120.186635,23.005441],[120.1863528,23.0067052],[120.1863376,23.0067731]]}},{"type":"Feature","id":675775396,"properties":{"osm_id":675775396,"name":"中華西路二段","name_en":"Jhonghua West Road Section 2","highway":"primary","lanes":null,"oneway":"yes","surface":"asphalt","source":"OpenStreetMap"},"geometry":{"type":"LineString","coordinates":[[120.1870172,22.9889906],[120.1870301,22.9891019]]}},{"type":"Feature","id":158795702,"properties":{"osm_id":158795702,"name":"中華西路二段12巷","name_en":null,"highway":"residential","lanes":null,"oneway":"yes","surface":"asphalt","source":"OpenStreetMap"},"geometry":{"type":"LineString","coordinates":[[120.1868335,22.9875322],[120.1869311,22.9875451],[120.1876273,22.9874649],[120.1887571,22.9885477],[120.1888528,22.9887226]]}},{"type":"Feature","id":159470901,"properties":{"osm_id":159470901,"name":"中華西路二段200巷","name_en":null,"highway":"residential","lanes":null,"oneway":null,"surface":"asphalt","source":"OpenStreetMap"},"geometry":{"type":"LineString","coordinates":[[120.1874589,22.9961167],[120.1869986,22.9959619],[120.1864356,22.995776]]}},{"type":"Feature","id":159470895,"properties":{"osm_id":159470895,"name":"中華西路二段28巷","name_en":null,"highway":"residential","lanes":null,"oneway":null,"surface":"asphalt","source":"OpenStreetMap"},"geometry":{"type":"LineString","coordinates":[[120.1889987,22.9893435],[120.188633,22.9894105],[120.1871579,22.9897137],[120.1870818,22.9897293]]}},{"type":"Feature","id":440596559,"properties":{"osm_id":440596559,"name":"中華西路二段450巷","name_en":null,"highway":"residential","lanes":null,"oneway":null,"surface":"paving_stones","source":"OpenStreetMap"},"geometry":{"type":"LineString","coordinates":[[120.1870443,23.0010168],[120.1877355,23.0009663],[120.1881204,23.0009382]]}},{"type":"Feature","id":158473545,"properties":{"osm_id":158473545,"name":"中華西路二段550巷","name_en":null,"highway":"residential","lanes":null,"oneway":null,"surface":"asphalt","source":"OpenStreetMap"},"geometry":{"type":"LineString","coordinates":[[120.1869223,23.002132],[120.1870834,23.0021373],[120.1877394,23.0021392],[120.1882048,23.0021405],[120.1886403,23.002139]]}},{"type":"Feature","id":440596560,"properties":{"osm_id":440596560,"name":"中華西路二段550巷","name_en":null,"highway":"residential","lanes":null,"oneway":null,"surface":null,"source":"OpenStreetMap"},"geometry":{"type":"LineString","coordinates":[[120.1877355,23.0009663],[120.1877374,23.0016448],[120.1877394,23.0021392]]}},{"type":"Feature","id":158824757,"properties":{"osm_id":158824757,"name":"中華西路二段550巷30弄","name_en":null,"highway":"residential","lanes":null,"oneway":null,"surface":null,"source":"OpenStreetMap"},"geometry":{"type":"LineString","coordinates":[[120.1886557,23.0016425],[120.1877374,23.0016448]]}},{"type":"Feature","id":158473560,"properties":{"osm_id":158473560,"name":"中華西路二段580巷","name_en":null,"highway":"residential","lanes":"2","oneway":null,"surface":"asphalt","source":"OpenStreetMap"},"geometry":{"type":"LineString","coordinates":[[120.187053,23.0027295],[120.1877353,23.0027469],[120.1881951,23.0027988],[120.1881994,23.0025082],[120.1882002,23.0024519],[120.1882048,23.0021405]]}},{"type":"Feature","id":440596561,"properties":{"osm_id":440596561,"name":"中華西路二段580巷20弄","name_en":null,"highway":"residential","lanes":"2","oneway":null,"surface":"asphalt","source":"OpenStreetMap"},"geometry":{"type":"LineString","coordinates":[[120.1875853,23.0043121],[120.1877353,23.0027469]]}},{"type":"Feature","id":158473543,"properties":{"osm_id":158473543,"name":"中華西路二段646巷","name_en":null,"highway":"residential","lanes":null,"oneway":null,"surface":"asphalt","source":"OpenStreetMap"},"geometry":{"type":"LineString","coordinates":[[120.186635,23.005441],[120.1873711,23.0055283],[120.1884371,23.0056547]]}},{"type":"Feature","id":158473580,"properties":{"osm_id":158473580,"name":"中華西路二段646巷20弄","name_en":null,"highway":"residential","lanes":null,"oneway":null,"surface":"asphalt","source":"OpenStreetMap"},"geometry":{"type":"LineString","coordinates":[[120.1873711,23.0055283],[120.1874749,23.00494],[120.1875853,23.0043121]]}},{"type":"Feature","id":24452779,"properties":{"osm_id":24452779,"name":"五妃街","name_en":"Wufei Street","highway":"residential","lanes":null,"oneway":null,"surface":null,"source":"OpenStreetMap"},"geometry":{"type":"LineString","coordinates":[[120.2114042,22.9825325],[120.2113139,22.9825092],[120.2112442,22.982499],[120.2101571,22.9825179],[120.2097214,22.982519]]}},{"type":"Feature","id":496253677,"properties":{"osm_id":496253677,"name":"五妃街","name_en":"Wufei Street","highway":"residential","lanes":"2","oneway":null,"surface":"asphalt","source":"OpenStreetMap"},"geometry":{"type":"LineString","coordinates":[[120.2055329,22.9825664],[120.2054727,22.9825686],[120.2051327,22.9825813],[120.2048082,22.9825835],[120.2046189,22.9825849],[120.2038486,22.98259],[120.203749,22.9825908],[120.2033654,22.9825937],[120.2028574,22.9825973],[120.2023292,22.982601],[120.2017491,22.9826051]]}},{"type":"Feature","id":1110199016,"properties":{"osm_id":1110199016,"name":"五妃街","name_en":"Wufei Street","highway":"residential","lanes":"2","oneway":null,"surface":"asphalt","source":"OpenStreetMap"},"geometry":{"type":"LineString","coordinates":[[120.2001052,22.9826167],[120.1997312,22.9826217],[120.1993034,22.9826275],[120.1992048,22.9826288],[120.1989911,22.9826317],[120.1987439,22.9826351],[120.1984127,22.9826395],[120.1982077,22.9826423],[120.1977479,22.9826322],[120.1976787,22.9826333],[120.1976009,22.9826344],[120.1975074,22.9826371],[120.1965325,22.9826506],[120.1964778,22.9826501],[120.1964226,22.9826525],[120.1962511,22.9826688],[120.196208,22.9826694],[120.1957422,22.9826757],[120.1952115,22.9826829],[120.1951429,22.982684],[120.1949915,22.9826859]]}},{"type":"Feature","id":1110199017,"properties":{"osm_id":1110199017,"name":"五妃街","name_en":"Wufei Street","highway":"residential","lanes":"2","oneway":null,"surface":"asphalt","source":"OpenStreetMap"},"geometry":{"type":"LineString","coordinates":[[120.2097214,22.982519],[120.2090798,22.9825281],[120.2087389,22.9825221],[120.207541,22.9825499],[120.2071499,22.9825508],[120.2064918,22.9825647],[120.2062913,22.9825676],[120.2059283,22.9825727],[120.2057645,22.9825614],[120.2055953,22.982565],[120.2055329,22.9825664]]}},{"type":"Feature","id":1240667882,"properties":{"osm_id":1240667882,"name":"五妃街","name_en":"Wufei Street","highway":"residential","lanes":"2","oneway":null,"surface":"asphalt","source":"OpenStreetMap"},"geometry":{"type":"LineString","coordinates":[[120.2017491,22.9826051],[120.2001052,22.9826167]]}},{"type":"Feature","id":309161397,"properties":{"osm_id":309161397,"name":"五妃街443巷","name_en":null,"highway":"living_street","lanes":null,"oneway":null,"surface":"paving_stones","source":"OpenStreetMap"},"geometry":{"type":"LineString","coordinates":[[120.1957422,22.9826757],[120.1956923,22.9823965],[120.1956687,22.9822198],[120.1956617,22.9821676],[120.19553,22.9821896],[120.1952289,22.9822419],[120.1951583,22.9822567]]}},{"type":"Feature","id":159244459,"properties":{"osm_id":159244459,"name":"仁愛街","name_en":null,"highway":"residential","lanes":null,"oneway":null,"surface":"asphalt","source":"OpenStreetMap"},"geometry":{"type":"LineString","coordinates":[[120.1981008,22.9965532],[120.1979887,22.9962727],[120.197917,22.9960293],[120.1979098,22.9960047],[120.1978438,22.9957808],[120.1977322,22.9955016],[120.1977088,22.9954429],[120.1976439,22.9952805],[120.1975504,22.9950465],[120.1975218,22.994976]]}},{"type":"Feature","id":142297115,"properties":{"osm_id":142297115,"name":"公園北路","name_en":"Gongyuan North Road","highway":"tertiary","lanes":null,"oneway":"yes","surface":"asphalt","source":"OpenStreetMap"},"geometry":{"type":"LineString","coordinates":[[120.2056962,23.005584],[120.2057556,23.0055209]]}},{"type":"Feature","id":302241611,"properties":{"osm_id":302241611,"name":"公園北路","name_en":"Gongyuan North Road","highway":"tertiary","lanes":"2","oneway":"yes","surface":"asphalt","source":"OpenStreetMap"},"geometry":{"type":"LineString","coordinates":[[120.2079163,23.0050808],[120.2086221,23.0049387],[120.2087213,23.0049199],[120.2088012,23.0049023],[120.2088606,23.0048895],[120.2096159,23.0047315],[120.2103324,23.0045871],[120.2106283,23.0045331],[120.2107684,23.0045051]]}},{"type":"Feature","id":302246938,"properties":{"osm_id":302246938,"name":"公園北路","name_en":"Gongyuan North Road","highway":"tertiary","lanes":null,"oneway":"yes","surface":"asphalt","source":"OpenStreetMap"},"geometry":{"type":"LineString","coordinates":[[120.2057875,23.0055852],[120.2056962,23.005584]]}},{"type":"Feature","id":305144851,"properties":{"osm_id":305144851,"name":"公園北路","name_en":"Gongyuan North Road","highway":"tertiary","lanes":"2","oneway":"yes","surface":"asphalt","source":"OpenStreetMap"},"geometry":{"type":"LineString","coordinates":[[120.2136438,23.0040093],[120.2134296,23.0040376],[120.2125826,23.0042205],[120.2125216,23.0042312]]}},{"type":"Feature","id":520547190,"properties":{"osm_id":520547190,"name":"公園北路","name_en":"Gongyuan North Road","highway":"tertiary","lanes":"2","oneway":"yes","surface":"asphalt","source":"OpenStreetMap"},"geometry":{"type":"LineString","coordinates":[[120.2107777,23.0045707],[120.2106423,23.0045984],[120.2102565,23.0046722],[120.2094192,23.0048358],[120.2089197,23.0049392],[120.2088728,23.0049496],[120.2087314,23.0049811],[120.208611,23.0050068],[120.2079281,23.0051443]]}},{"type":"Feature","id":520547195,"properties":{"osm_id":520547195,"name":"公園北路","name_en":"Gongyuan North Road","highway":"tertiary","lanes":"2","oneway":"yes","surface":"asphalt","source":"OpenStreetMap"},"geometry":{"type":"LineString","coordinates":[[120.2125084,23.0041627],[120.212565,23.0041511],[120.2127338,23.0041167],[120.2131588,23.0040304],[120.2134132,23.0039627],[120.2136057,23.0039351]]}},{"type":"Feature","id":1174558417,"properties":{"osm_id":1174558417,"name":"公園北路","name_en":"Gongyuan North Road","highway":"tertiary","lanes":"2","oneway":"yes","surface":"asphalt","source":"OpenStreetMap"},"geometry":{"type":"LineString","coordinates":[[120.2079281,23.0051443],[120.2074063,23.0052456],[120.20736,23.0052546],[120.2073182,23.0052627],[120.2072503,23.0052758],[120.207164,23.0052926],[120.2059149,23.005535]]}},{"type":"Feature","id":1174558418,"properties":{"osm_id":1174558418,"name":"公園北路","name_en":"Gongyuan North Road","highway":"tertiary","lanes":"2","oneway":"yes","surface":"asphalt","source":"OpenStreetMap"},"geometry":{"type":"LineString","coordinates":[[120.2059026,23.0054699],[120.2065178,23.005351],[120.2071503,23.0052288],[120.207237,23.005212],[120.2072994,23.0052],[120.2073429,23.0051916],[120.2073925,23.005182],[120.2079163,23.0050808]]}},{"type":"Feature","id":1212177051,"properties":{"osm_id":1212177051,"name":"公園北路","name_en":"Gongyuan North Road","highway":"tertiary","lanes":"2","oneway":"yes","surface":"asphalt","source":"OpenStreetMap"},"geometry":{"type":"LineString","coordinates":[[120.2117566,23.0043804],[120.2109575,23.0045351],[120.2107777,23.0045707]]}},{"type":"Feature","id":1392292288,"properties":{"osm_id":1392292288,"name":"公園北路","name_en":"Gongyuan North Road","highway":"tertiary","lanes":"2","oneway":"yes","surface":"asphalt","source":"OpenStreetMap"},"geometry":{"type":"LineString","coordinates":[[120.2107684,23.0045051],[120.2109434,23.0044718],[120.2124449,23.0041755],[120.2125084,23.0041627]]}},{"type":"Feature","id":1392292289,"properties":{"osm_id":1392292289,"name":"公園北路","name_en":"Gongyuan North Road","highway":"tertiary","lanes":"2","oneway":"yes","surface":"asphalt","source":"OpenStreetMap"},"geometry":{"type":"LineString","coordinates":[[120.2125216,23.0042312],[120.2124596,23.0042424],[120.2117566,23.0043804]]}},{"type":"Feature","id":1498092238,"properties":{"osm_id":1498092238,"name":"公園北路","name_en":"Gongyuan North Road","highway":"tertiary","lanes":"2","oneway":"yes","surface":"asphalt","source":"OpenStreetMap"},"geometry":{"type":"LineString","coordinates":[[120.2057556,23.0055209],[120.2059026,23.0054699]]}},{"type":"Feature","id":1498092239,"properties":{"osm_id":1498092239,"name":"公園北路","name_en":"Gongyuan North Road","highway":"tertiary","lanes":"2","oneway":"yes","surface":"asphalt","source":"OpenStreetMap"},"geometry":{"type":"LineString","coordinates":[[120.2059149,23.005535],[120.2057875,23.0055852]]}},{"type":"Feature","id":158782353,"properties":{"osm_id":158782353,"name":"公園南路","name_en":"Gongyuan South Road","highway":"tertiary","lanes":"2","oneway":"yes","surface":"asphalt","source":"OpenStreetMap"},"geometry":{"type":"LineString","coordinates":[[120.2000172,23.0038334],[120.2001324,23.0036718],[120.2002479,23.0035717],[120.2002524,23.0035648],[120.2004459,23.0034279],[120.2006106,23.0033374],[120.2007529,23.0032597],[120.2009771,23.0031606],[120.2012111,23.0030813],[120.2013413,23.0030407],[120.2015956,23.0029613],[120.2017611,23.002917],[120.2030108,23.0025827],[120.203123,23.0025512],[120.2033216,23.0024911]]}},{"type":"Feature","id":158782355,"properties":{"osm_id":158782355,"name":"公園南路","name_en":"Gongyuan South Road","highway":"tertiary","lanes":"2","oneway":"yes","surface":"asphalt","source":"OpenStreetMap"},"geometry":{"type":"LineString","coordinates":[[120.2062815,23.0017297],[120.206181,23.0017581],[120.205544,23.0019318],[120.2053402,23.0019928],[120.2052419,23.002022],[120.2046283,23.0021936],[120.2045669,23.0022099],[120.2045148,23.0022247],[120.2039295,23.0023915],[120.203566,23.0025025],[120.2034747,23.0025304]]}},{"type":"Feature","id":256288449,"properties":{"osm_id":256288449,"name":"公園南路","name_en":"Gongyuan South Road","highway":"tertiary","lanes":"4","oneway":null,"surface":"asphalt","source":"OpenStreetMap"},"geometry":{"type":"LineString","coordinates":[[120.2127758,22.9999592],[120.2126591,22.9999701],[120.2120837,23.0001268],[120.2118303,23.0001958],[120.211786,23.0002079],[120.2117326,23.0002248],[120.2113947,23.000332],[120.2109525,23.0004522],[120.2108972,23.0004673],[120.2108418,23.0004823],[120.2090262,23.0009825],[120.2088018,23.0010407]]}},{"type":"Feature","id":279365152,"properties":{"osm_id":279365152,"name":"公園南路","name_en":"Gongyuan South Road","highway":"tertiary","lanes":"2","oneway":"yes","surface":"asphalt","source":"OpenStreetMap"},"geometry":{"type":"LineString","coordinates":[[120.2088018,23.0010407],[120.2086487,23.0010697],[120.2085178,23.0010973],[120.2073317,23.0014388],[120.2067165,23.0016077],[120.2062815,23.0017297]]}},{"type":"Feature","id":286217317,"properties":{"osm_id":286217317,"name":"公園南路","name_en":"Gongyuan South Road","highway":"tertiary","lanes":"2","oneway":"yes","surface":"asphalt","source":"OpenStreetMap"},"geometry":{"type":"LineString","coordinates":[[120.2034747,23.0025304],[120.2033791,23.0025614],[120.2031479,23.0026288],[120.2017916,23.0030183],[120.2013688,23.0031392],[120.2011893,23.0031944],[120.2009828,23.0032775],[120.2007171,23.0034041],[120.2005365,23.0035087],[120.2003272,23.003649],[120.2001516,23.0038716]]}},{"type":"Feature","id":301189807,"properties":{"osm_id":301189807,"name":"公園南路","name_en":"Gongyuan South Road","highway":"tertiary","lanes":"2","oneway":"yes","surface":"asphalt","source":"OpenStreetMap"},"geometry":{"type":"LineString","coordinates":[[120.205508,23.0018633],[120.2061552,23.0016902],[120.2062552,23.0016621],[120.2072697,23.0013699],[120.2073284,23.0013545]]}},{"type":"Feature","id":443228891,"properties":{"osm_id":443228891,"name":"公園南路","name_en":"Gongyuan South Road","highway":"tertiary","lanes":null,"oneway":"yes","surface":"asphalt","source":"OpenStreetMap"},"geometry":{"type":"LineString","coordinates":[[120.2034747,23.0025304],[120.2034512,23.0026496],[120.203386,23.0026996],[120.203299,23.0027543],[120.2031974,23.0027822],[120.2018404,23.0031551],[120.2014128,23.0032786],[120.2010584,23.003393],[120.2007851,23.0034929],[120.2005316,23.0036475],[120.2004069,23.0037267],[120.20022,23.0038968],[120.2001609,23.0039635]]}},{"type":"Feature","id":1014432443,"properties":{"osm_id":1014432443,"name":"公園南路","name_en":"Gongyuan South Road","highway":"tertiary","lanes":"2","oneway":"yes","surface":"asphalt","source":"OpenStreetMap"},"geometry":{"type":"LineString","coordinates":[[120.2033216,23.0024911],[120.2034168,23.0024598],[120.2035389,23.0024214],[120.20386,23.0023283],[120.2044876,23.0021444],[120.2045399,23.0021291],[120.2046031,23.0021131],[120.2052145,23.0019458],[120.2053143,23.0019167],[120.205508,23.0018633]]}},{"type":"Feature","id":1204352242,"properties":{"osm_id":1204352242,"name":"公園南路","name_en":"Gongyuan South Road","highway":"tertiary","lanes":"2","oneway":"yes","surface":"asphalt","source":"OpenStreetMap"},"geometry":{"type":"LineString","coordinates":[[120.2073284,23.0013545],[120.2076271,23.0012711],[120.2077834,23.0012274],[120.2081208,23.0011331],[120.2082225,23.0011047],[120.2084551,23.0010397],[120.2086199,23.0009838],[120.2088018,23.0010407]]}},{"type":"Feature","id":31794905,"properties":{"osm_id":31794905,"name":"公園路","name_en":"Gongyuan Road","highway":"tertiary","lanes":"4","oneway":null,"surface":"asphalt","source":"OpenStreetMap"},"geometry":{"type":"LineString","coordinates":[[120.2051953,22.9929704],[120.2052134,22.9930274],[120.2052333,22.9931143],[120.2052596,22.9932491],[120.205298,22.9934453],[120.205355,22.9937372],[120.2053673,22.9938001],[120.2054408,22.9941758],[120.2054613,22.9942808]]}},{"type":"Feature","id":228022787,"properties":{"osm_id":228022787,"name":"公園路","name_en":"Guangjuan Road","highway":"tertiary","lanes":null,"oneway":null,"surface":"asphalt","source":"OpenStreetMap"},"geometry":{"type":"LineString","coordinates":[[120.2070704,22.998084],[120.207032,22.9980131]]}},{"type":"Feature","id":279365144,"properties":{"osm_id":279365144,"name":"公園路","name_en":"Gongyuan Road","highway":"tertiary","lanes":"4","oneway":null,"surface":"asphalt","source":"OpenStreetMap"},"geometry":{"type":"LineString","coordinates":[[120.2088018,23.0010407],[120.208695,23.0008583],[120.2084443,23.0004302],[120.2084033,23.0003602],[120.2081353,22.9999024],[120.2080925,22.9998294],[120.2080546,22.9997647],[120.2079809,22.9996387],[120.207725,22.9992018],[120.2076645,22.9990984],[120.2076354,22.9990487],[120.2074986,22.9988151],[120.2071254,22.9981778],[120.2070704,22.998084]]}},{"type":"Feature","id":286841509,"properties":{"osm_id":286841509,"name":"公園路","name_en":"Gongyuan Road","highway":"tertiary","lanes":"4","oneway":null,"surface":"asphalt","source":"OpenStreetMap"},"geometry":{"type":"LineString","coordinates":[[120.207032,22.9980131],[120.2069685,22.9979066],[120.2068439,22.997666],[120.2068051,22.9975931],[120.2067347,22.9974609],[120.2065953,22.9971989],[120.206457,22.9969392],[120.2063926,22.9968098],[120.2063237,22.9966638],[120.2062864,22.9965943],[120.2061389,22.9962928],[120.2060796,22.9961831],[120.2058692,22.9957704],[120.2058168,22.995667]]}},{"type":"Feature","id":286841510,"properties":{"osm_id":286841510,"name":"公園路","name_en":"Gongyuan Road","highway":"tertiary","lanes":"4","oneway":null,"surface":"asphalt","source":"OpenStreetMap"},"geometry":{"type":"LineString","coordinates":[[120.2091234,23.0016176],[120.2089237,23.0012713],[120.2088018,23.0010407]]}},{"type":"Feature","id":298272432,"properties":{"osm_id":298272432,"name":"公園路","name_en":"Gongyuan Road","highway":"tertiary","lanes":"4","oneway":null,"surface":"asphalt","source":"OpenStreetMap"},"geometry":{"type":"LineString","coordinates":[[120.2107777,23.0045707],[120.2107677,23.0046757],[120.2107625,23.0047329],[120.2105454,23.0053467],[120.2104453,23.0056406],[120.2102594,23.0061834],[120.210244,23.0062491],[120.2102087,23.0063957],[120.2101951,23.0064314],[120.2099322,23.0072742],[120.2099242,23.0073007],[120.2098875,23.0074459],[120.2098698,23.0075601],[120.2098588,23.0077183],[120.2099757,23.0080364],[120.2100695,23.0082714],[120.2100882,23.0083301],[120.2100995,23.0083751],[120.2103151,23.0090127],[120.2103444,23.0091001],[120.2103568,23.0091371],[120.2104208,23.0093361],[120.210437,23.0093806],[120.2104864,23.0095306],[120.210672,23.0100936],[120.2106953,23.0101642],[120.2107775,23.0104137],[120.2108256,23.0105492],[120.2108654,23.0106551]]}},{"type":"Feature","id":302241609,"properties":{"osm_id":302241609,"name":"公園路","name_en":"Gongyuan Road","highway":"tertiary","lanes":"4","oneway":null,"surface":"asphalt","source":"OpenStreetMap"},"geometry":{"type":"LineString","coordinates":[[120.2107684,23.0045051],[120.2107528,23.004386],[120.2105297,23.004],[120.2104747,23.0039114],[120.2103517,23.0036893],[120.2101639,23.0033714],[120.2098755,23.0028888],[120.2096234,23.002488]]}},{"type":"Feature","id":307097146,"properties":{"osm_id":307097146,"name":"公園路","name_en":"Gongyuan Road","highway":"tertiary","lanes":"4","oneway":null,"surface":"asphalt","source":"OpenStreetMap"},"geometry":{"type":"LineString","coordinates":[[120.2054613,22.9942808],[120.2054761,22.9943614],[120.2055281,22.9946077],[120.2056278,22.9950356],[120.2056533,22.9951579],[120.2057398,22.995533],[120.2058168,22.995667]]}},{"type":"Feature","id":520547192,"properties":{"osm_id":520547192,"name":"公園路","name_en":"Gongyuan Road","highway":"tertiary","lanes":null,"oneway":null,"surface":"asphalt","source":"OpenStreetMap"},"geometry":{"type":"LineString","coordinates":[[120.2107777,23.0045707],[120.2107684,23.0045051]]}},{"type":"Feature","id":779814659,"properties":{"osm_id":779814659,"name":"公園路","name_en":"Gongyuan Road","highway":"tertiary","lanes":"4","oneway":null,"surface":"asphalt","source":"OpenStreetMap"},"geometry":{"type":"LineString","coordinates":[[120.209326,23.0019842],[120.2092234,23.0017829]]}},{"type":"Feature","id":906810929,"properties":{"osm_id":906810929,"name":"公園路","name_en":"Gongyuan Road","highway":"tertiary","lanes":"4","oneway":null,"surface":"asphalt","source":"OpenStreetMap"},"geometry":{"type":"LineString","coordinates":[[120.2096234,23.002488],[120.2095563,23.0023781],[120.2095091,23.0023033],[120.209326,23.0019842]]}},{"type":"Feature","id":1174749797,"properties":{"osm_id":1174749797,"name":"公園路","name_en":"Gongyuan Road","highway":"tertiary","lanes":"5","oneway":null,"surface":"asphalt","source":"OpenStreetMap"},"geometry":{"type":"LineString","coordinates":[[120.2092234,23.0017829],[120.2091234,23.0016176]]}},{"type":"Feature","id":41389183,"properties":{"osm_id":41389183,"name":"友愛東街","name_en":"You'ai East Street","highway":"residential","lanes":"2","oneway":null,"surface":"asphalt","source":"OpenStreetMap"},"geometry":{"type":"LineString","coordinates":[[120.2077158,22.9921144],[120.2075397,22.9920246],[120.2071696,22.9917831],[120.2071503,22.9917701],[120.2069872,22.9916598],[120.2061561,22.9910832]]}},{"type":"Feature","id":159279412,"properties":{"osm_id":159279412,"name":"友愛街","name_en":"You'ai Street","highway":"residential","lanes":"2","oneway":null,"surface":"asphalt","source":"OpenStreetMap"},"geometry":{"type":"LineString","coordinates":[[120.2061561,22.9910832],[120.2058157,22.9909959],[120.2056457,22.9909563],[120.2050234,22.9907936],[120.2049687,22.9907939],[120.2048445,22.990796]]}},{"type":"Feature","id":286361759,"properties":{"osm_id":286361759,"name":"友愛街","name_en":"You'ai Street","highway":"residential","lanes":"2","oneway":"no","surface":"asphalt","source":"OpenStreetMap"},"geometry":{"type":"LineString","coordinates":[[120.2006398,22.9912439],[120.2007304,22.9912262],[120.2012186,22.9911224],[120.2013634,22.991092],[120.2018823,22.990983],[120.2021066,22.9909354],[120.2024542,22.9908614],[120.2025705,22.9908448]]}},{"type":"Feature","id":306997498,"properties":{"osm_id":306997498,"name":"友愛街","name_en":"You'ai Street","highway":"residential","lanes":"2","oneway":null,"surface":"asphalt","source":"OpenStreetMap"},"geometry":{"type":"LineString","coordinates":[[120.2048445,22.990796],[120.2047455,22.9907988],[120.2038725,22.9908141],[120.203515,22.9908209],[120.2034669,22.9908218],[120.2029989,22.9908273],[120.2025705,22.9908448]]}},{"type":"Feature","id":496253681,"properties":{"osm_id":496253681,"name":"友愛街","name_en":"You'ai Street","highway":"residential","lanes":null,"oneway":"no","surface":"asphalt","source":"OpenStreetMap"},"geometry":{"type":"LineString","coordinates":[[120.1931533,22.9927706],[120.1944829,22.9925085]]}},{"type":"Feature","id":552358549,"properties":{"osm_id":552358549,"name":"友愛街","name_en":"You'ai Street","highway":"residential","lanes":"1","oneway":"yes","surface":"asphalt","source":"OpenStreetMap"},"geometry":{"type":"LineString","coordinates":[[120.2006398,22.9912439],[120.2005542,22.9912618],[120.1997322,22.9914337],[120.1991735,22.9915506],[120.1991489,22.9915557],[120.1986392,22.9916623],[120.198338,22.9917253]]}},{"type":"Feature","id":552358552,"properties":{"osm_id":552358552,"name":"友愛街","name_en":"You'ai Street","highway":"residential","lanes":null,"oneway":"no","surface":"asphalt","source":"OpenStreetMap"},"geometry":{"type":"LineString","coordinates":[[120.1944829,22.9925085],[120.1956654,22.9922682],[120.1957336,22.9922543],[120.1958366,22.9922334],[120.1959295,22.9922146],[120.1959823,22.9922038],[120.1961229,22.9921752],[120.1965202,22.9920945],[120.1966384,22.9920705],[120.1971808,22.9919603],[120.1972611,22.991944],[120.19748,22.9918995],[120.1982673,22.9917395]]}},{"type":"Feature","id":1233834443,"properties":{"osm_id":1233834443,"name":"友愛街","name_en":"You'ai Street","highway":"residential","lanes":null,"oneway":"no","surface":"asphalt","source":"OpenStreetMap"},"geometry":{"type":"LineString","coordinates":[[120.1982673,22.9917395],[120.198338,22.9917253]]}},{"type":"Feature","id":158824783,"properties":{"osm_id":158824783,"name":"文和街","name_en":null,"highway":"residential","lanes":null,"oneway":null,"surface":"asphalt","source":"OpenStreetMap"},"geometry":{"type":"LineString","coordinates":[[120.1879283,23.0003475],[120.1890299,23.0010417],[120.1902796,23.0018173],[120.190849,23.0021732],[120.1910133,23.0022773],[120.1913797,23.0026274],[120.192396,23.003549],[120.1931608,23.0042262],[120.1936282,23.0042657],[120.1937112,23.0043164]]}},{"type":"Feature","id":159473882,"properties":{"osm_id":159473882,"name":"文南一街","name_en":"Wennan 1st Street","highway":"residential","lanes":null,"oneway":null,"surface":null,"source":"OpenStreetMap"},"geometry":{"type":"LineString","coordinates":[[120.1900741,22.9857865],[120.1896039,22.9854444],[120.1891801,22.9851198],[120.1891635,22.9850195]]}},{"type":"Feature","id":107538182,"properties":{"osm_id":107538182,"name":"文南二街","name_en":"Wennan 2nd Street","highway":"residential","lanes":null,"oneway":null,"surface":null,"source":"OpenStreetMap"},"geometry":{"type":"LineString","coordinates":[[120.1887832,22.9850516],[120.1888336,22.9854296],[120.1893043,22.985778],[120.1901313,22.9863766]]}},{"type":"Feature","id":107538212,"properties":{"osm_id":107538212,"name":"文南三街","name_en":"Wennan 3rd Street","highway":"residential","lanes":null,"oneway":null,"surface":null,"source":"OpenStreetMap"},"geometry":{"type":"LineString","coordinates":[[120.1883006,22.985088],[120.1883636,22.9856386],[120.1889982,22.986105],[120.1897859,22.9867104],[120.1901559,22.9866884]]}},{"type":"Feature","id":496339479,"properties":{"osm_id":496339479,"name":"文南路","name_en":"Wennan Road","highway":"tertiary","lanes":null,"oneway":null,"surface":"asphalt","source":"OpenStreetMap"},"geometry":{"type":"LineString","coordinates":[[120.1902743,22.9883514],[120.1902337,22.9878336],[120.1902011,22.9873159],[120.1901948,22.9872563],[120.1901814,22.9871856],[120.1901559,22.9866884],[120.1901313,22.9863766],[120.1900741,22.9857865],[120.1899827,22.9850551],[120.1899776,22.9849879],[120.18997,22.9848876],[120.1899472,22.9845885],[120.189937,22.9844534],[120.1899392,22.983927],[120.189867,22.9829664],[120.1898564,22.9829036],[120.189847,22.9828351],[120.1897409,22.981875],[120.1897338,22.9817805],[120.1897281,22.9817062]]}},{"type":"Feature","id":1110235230,"properties":{"osm_id":1110235230,"name":"文南路","name_en":"Wennan Rd","highway":"tertiary","lanes":null,"oneway":null,"surface":"asphalt","source":"OpenStreetMap"},"geometry":{"type":"LineString","coordinates":[[120.1903259,22.9884685],[120.1902743,22.9883514]]}},{"type":"Feature","id":159473864,"properties":{"osm_id":159473864,"name":"文南路105巷","name_en":null,"highway":"residential","lanes":null,"oneway":null,"surface":null,"source":"OpenStreetMap"},"geometry":{"type":"LineString","coordinates":[[120.1899472,22.9845885],[120.1877375,22.9847536]]}},{"type":"Feature","id":204197622,"properties":{"osm_id":204197622,"name":"文南路342巷","name_en":null,"highway":"residential","lanes":null,"oneway":null,"surface":null,"source":"OpenStreetMap"},"geometry":{"type":"LineString","coordinates":[[120.1902337,22.9878336],[120.190606,22.9877758],[120.1914289,22.9876237]]}},{"type":"Feature","id":508690040,"properties":{"osm_id":508690040,"name":"文南路342巷","name_en":null,"highway":"residential","lanes":null,"oneway":null,"surface":null,"source":"OpenStreetMap"},"geometry":{"type":"LineString","coordinates":[[120.1914289,22.9876237],[120.1914693,22.9875695],[120.19143,22.9871866]]}},{"type":"Feature","id":158473539,"properties":{"osm_id":158473539,"name":"文祥街","name_en":null,"highway":"residential","lanes":"1","oneway":"yes","surface":"asphalt","source":"OpenStreetMap"},"geometry":{"type":"LineString","coordinates":[[120.1936484,23.0053482],[120.1935255,23.0051666],[120.1931994,23.0047974],[120.1931197,23.0047149],[120.1928247,23.0044119],[120.1922784,23.0038993],[120.1919798,23.0036114],[120.1918427,23.0034883],[120.1917017,23.0033679],[120.1914248,23.003142],[120.191164,23.0029227],[120.1910961,23.0029021],[120.1909544,23.0028215],[120.1908581,23.0027771],[120.190779,23.002728],[120.1906934,23.002653],[120.1906359,23.0026383],[120.1905167,23.0026296],[120.1904472,23.0026494]]}},{"type":"Feature","id":505317141,"properties":{"osm_id":505317141,"name":"文祥街","name_en":null,"highway":"residential","lanes":null,"oneway":"yes","surface":"asphalt","source":"OpenStreetMap"},"geometry":{"type":"LineString","coordinates":[[120.1886557,23.0016425],[120.1882222,23.0010344],[120.1881204,23.0009382],[120.1879423,23.0007355],[120.1879105,23.0006506],[120.1878938,23.0005405],[120.1879002,23.000456],[120.1879283,23.0003475],[120.1879951,23.0000376],[120.1880704,22.9997269]]}},{"type":"Feature","id":505317152,"properties":{"osm_id":505317152,"name":"文祥街","name_en":null,"highway":"residential","lanes":null,"oneway":"yes","surface":null,"source":"OpenStreetMap"},"geometry":{"type":"LineString","coordinates":[[120.1904472,23.0026494],[120.189906,23.0023381],[120.1894851,23.0020995],[120.189065,23.0018485],[120.1887225,23.0016552],[120.1886557,23.0016425]]}},{"type":"Feature","id":504026225,"properties":{"osm_id":504026225,"name":"文賢一路","name_en":null,"highway":"residential","lanes":null,"oneway":null,"surface":null,"source":"OpenStreetMap"},"geometry":{"type":"LineString","coordinates":[[120.1960063,23.003906],[120.196006,23.0040444],[120.196006,23.004063],[120.1960057,23.0042093],[120.1960053,23.0043618],[120.1960053,23.004404],[120.1960456,23.0045621]]}},{"type":"Feature","id":568983371,"properties":{"osm_id":568983371,"name":"文賢一路","name_en":null,"highway":"residential","lanes":"2","oneway":null,"surface":"asphalt","source":"OpenStreetMap"},"geometry":{"type":"LineString","coordinates":[[120.1960794,23.0046001],[120.1960806,23.0046644],[120.1960866,23.0049666],[120.1960883,23.0050505],[120.1961001,23.0054565],[120.1961028,23.0055469],[120.1961064,23.0056365],[120.1961341,23.0063193],[120.1961375,23.0064039],[120.1961382,23.006475],[120.1961429,23.0070014],[120.1961046,23.0072843],[120.1961133,23.0075835],[120.1961604,23.0087073],[120.1959195,23.0092838],[120.1956926,23.0098398],[120.1956579,23.0099251],[120.1953957,23.0105682],[120.1953412,23.0114186],[120.1953297,23.0115993],[120.1952885,23.0122449]]}},{"type":"Feature","id":594236872,"properties":{"osm_id":594236872,"name":"文賢一路","name_en":null,"highway":"residential","lanes":null,"oneway":null,"surface":null,"source":"OpenStreetMap"},"geometry":{"type":"LineString","coordinates":[[120.1960456,23.0045621],[120.1960794,23.0046001]]}},{"type":"Feature","id":159130343,"properties":{"osm_id":159130343,"name":"文賢路","name_en":"Wenxian Road","highway":"tertiary","lanes":null,"oneway":"yes","surface":"asphalt","source":"OpenStreetMap"},"geometry":{"type":"LineString","coordinates":[[120.1951546,22.9991312],[120.1950746,22.9992211],[120.1950006,22.9993026],[120.1946176,22.9997348],[120.1944803,22.999879],[120.1944632,22.9998962],[120.1943054,23.0001019],[120.1942691,23.0001787],[120.1942674,23.0002969],[120.1943282,23.000681],[120.1943363,23.0007349],[120.1944924,23.0012334],[120.1946921,23.0019326]]}},{"type":"Feature","id":198561517,"properties":{"osm_id":198561517,"name":"文賢路","name_en":"Wenxian Road","highway":"tertiary","lanes":null,"oneway":null,"surface":"asphalt","source":"OpenStreetMap"},"geometry":{"type":"LineString","coordinates":[[120.1946728,23.0020121],[120.1946035,23.0020971],[120.1945825,23.0021228],[120.1941287,23.0026792],[120.1940556,23.0027684],[120.1939864,23.0028595],[120.1938868,23.0030152],[120.1938449,23.0031153],[120.1938178,23.0032197],[120.1938183,23.0033103],[120.1938558,23.0034547]]}},{"type":"Feature","id":299496173,"properties":{"osm_id":299496173,"name":"文賢路","name_en":"Wenxian Road","highway":"primary","lanes":"4","oneway":null,"surface":"asphalt","source":"OpenStreetMap"},"geometry":{"type":"LineString","coordinates":[[120.1938734,23.0096882],[120.1938689,23.0095708],[120.1938663,23.0094894],[120.1938481,23.009177],[120.193814,23.0087037],[120.1937732,23.0082283],[120.1937428,23.0078286],[120.1937316,23.0076658],[120.1936874,23.0071146],[120.1936501,23.0066429]]}},{"type":"Feature","id":509175417,"properties":{"osm_id":509175417,"name":"文賢路","name_en":"Wenxian Road","highway":"primary","lanes":"4","oneway":null,"surface":"asphalt","source":"OpenStreetMap"},"geometry":{"type":"LineString","coordinates":[[120.1936501,23.0066429],[120.1936159,23.0061668],[120.1936083,23.0060174],[120.193637,23.0054993],[120.1936412,23.0054437],[120.1936484,23.0053482],[120.1936543,23.00516],[120.1937018,23.0044359],[120.1937112,23.0043164],[120.1937162,23.0041962],[120.193738,23.0038908],[120.1937701,23.0036545],[120.1937932,23.0035979],[120.1938558,23.0034547]]}},{"type":"Feature","id":962632542,"properties":{"osm_id":962632542,"name":"文賢路","name_en":"Wenxian Road","highway":"tertiary","lanes":null,"oneway":null,"surface":"asphalt","source":"OpenStreetMap"},"geometry":{"type":"LineString","coordinates":[[120.1946921,23.0019326],[120.1946728,23.0020121]]}},{"type":"Feature","id":159130365,"properties":{"osm_id":159130365,"name":"文賢路218巷","name_en":null,"highway":"residential","lanes":null,"oneway":null,"surface":null,"source":"OpenStreetMap"},"geometry":{"type":"LineString","coordinates":[[120.1955631,23.0045165],[120.1946474,23.0041597],[120.1942917,23.0040198],[120.1942747,23.0039791],[120.194276,23.0039253]]}},{"type":"Feature","id":162530176,"properties":{"osm_id":162530176,"name":"文賢路218巷10弄","name_en":null,"highway":"residential","lanes":null,"oneway":null,"surface":null,"source":"OpenStreetMap"},"geometry":{"type":"LineString","coordinates":[[120.194276,23.0039253],[120.1942981,23.0035001]]}},{"type":"Feature","id":158849578,"properties":{"osm_id":158849578,"name":"文賢路218巷28弄","name_en":null,"highway":"residential","lanes":null,"oneway":null,"surface":null,"source":"OpenStreetMap"},"geometry":{"type":"LineString","coordinates":[[120.1949021,23.0035865],[120.1948104,23.0037855],[120.1946474,23.0041597]]}},{"type":"Feature","id":159130345,"properties":{"osm_id":159130345,"name":"文賢路218巷28弄","name_en":null,"highway":"residential","lanes":null,"oneway":null,"surface":null,"source":"OpenStreetMap"},"geometry":{"type":"LineString","coordinates":[[120.19547,23.0040425],[120.1948104,23.0037855]]}},{"type":"Feature","id":508142280,"properties":{"osm_id":508142280,"name":"文賢路21巷","name_en":null,"highway":"residential","lanes":null,"oneway":null,"surface":null,"source":"OpenStreetMap"},"geometry":{"type":"LineString","coordinates":[[120.19547,23.0040425],[120.196006,23.0040444]]}},{"type":"Feature","id":158656445,"properties":{"osm_id":158656445,"name":"文賢路242巷","name_en":null,"highway":"residential","lanes":null,"oneway":null,"surface":null,"source":"OpenStreetMap"},"geometry":{"type":"LineString","coordinates":[[120.1937112,23.0043164],[120.1938593,23.0043795],[120.1944789,23.0045939],[120.1956719,23.0050704],[120.1960883,23.0050505]]}},{"type":"Feature","id":158656448,"properties":{"osm_id":158656448,"name":"文賢路242巷72弄","name_en":null,"highway":"residential","lanes":null,"oneway":null,"surface":null,"source":"OpenStreetMap"},"geometry":{"type":"LineString","coordinates":[[120.1956719,23.0050704],[120.1955631,23.0045165],[120.1955419,23.0044062],[120.19547,23.0040425]]}},{"type":"Feature","id":162530177,"properties":{"osm_id":162530177,"name":"文賢路242巷9弄","name_en":null,"highway":"residential","lanes":null,"oneway":null,"surface":null,"source":"OpenStreetMap"},"geometry":{"type":"LineString","coordinates":[[120.1950892,23.0052709],[120.1943072,23.0049803]]}},{"type":"Feature","id":162530178,"properties":{"osm_id":162530178,"name":"文賢路242巷9弄","name_en":null,"highway":"residential","lanes":null,"oneway":null,"surface":null,"source":"OpenStreetMap"},"geometry":{"type":"LineString","coordinates":[[120.1949567,23.0055767],[120.1941538,23.0052915],[120.1943072,23.0049803],[120.1944789,23.0045939],[120.1946474,23.0041597]]}},{"type":"Feature","id":158849530,"properties":{"osm_id":158849530,"name":"文賢路285巷","name_en":null,"highway":"residential","lanes":null,"oneway":null,"surface":null,"source":"OpenStreetMap"},"geometry":{"type":"LineString","coordinates":[[120.1936083,23.0060174],[120.1930586,23.0059579],[120.19296,23.0059751],[120.1926141,23.0060215],[120.1924312,23.0061364]]}},{"type":"Feature","id":158824755,"properties":{"osm_id":158824755,"name":"文賢路292巷","name_en":null,"highway":"residential","lanes":"2","oneway":null,"surface":"asphalt","source":"OpenStreetMap"},"geometry":{"type":"LineString","coordinates":[[120.1936484,23.0053482],[120.1948581,23.0058066],[120.1954573,23.0060911],[120.1960247,23.0063574],[120.1961375,23.0064039],[120.1962339,23.0064412],[120.1962593,23.0064511],[120.1966132,23.0064967],[120.1967699,23.0065084],[120.1971406,23.00652],[120.1971892,23.0065216],[120.1972997,23.0065227],[120.1976155,23.0065425],[120.1979156,23.0065669]]}},{"type":"Feature","id":162530179,"properties":{"osm_id":162530179,"name":"文賢路313巷","name_en":null,"highway":"residential","lanes":null,"oneway":null,"surface":"asphalt","source":"OpenStreetMap"},"geometry":{"type":"LineString","coordinates":[[120.1936501,23.0066429],[120.1930232,23.0066764],[120.1924735,23.0067202],[120.1919388,23.0067627],[120.191693,23.0067819],[120.1912568,23.006817],[120.1911741,23.0068236]]}},{"type":"Feature","id":571273020,"properties":{"osm_id":571273020,"name":"文賢路313巷","name_en":null,"highway":"residential","lanes":null,"oneway":null,"surface":"asphalt","source":"OpenStreetMap"},"geometry":{"type":"LineString","coordinates":[[120.1911741,23.0068236],[120.1908759,23.0070178],[120.1908405,23.0070406],[120.1908164,23.0070616],[120.1908027,23.0070735],[120.1907009,23.0071455],[120.1905044,23.0072644],[120.1901165,23.0072566],[120.1897069,23.0072657],[120.1894285,23.0072956],[120.1892939,23.0073245],[120.1890472,23.0074339],[120.1890438,23.0079427],[120.1889986,23.008043]]}},{"type":"Feature","id":571273026,"properties":{"osm_id":571273026,"name":"文賢路313巷11弄","name_en":null,"highway":"residential","lanes":null,"oneway":null,"surface":null,"source":"OpenStreetMap"},"geometry":{"type":"LineString","coordinates":[[120.1930232,23.0066764],[120.19296,23.0059751]]}},{"type":"Feature","id":571273025,"properties":{"osm_id":571273025,"name":"文賢路313巷12弄","name_en":null,"highway":"residential","lanes":null,"oneway":null,"surface":null,"source":"OpenStreetMap"},"geometry":{"type":"LineString","coordinates":[[120.1931298,23.0078642],[120.1930972,23.0075009],[120.1930232,23.0066764]]}},{"type":"Feature","id":571273024,"properties":{"osm_id":571273024,"name":"文賢路313巷33弄","name_en":null,"highway":"residential","lanes":null,"oneway":null,"surface":null,"source":"OpenStreetMap"},"geometry":{"type":"LineString","coordinates":[[120.1924735,23.0067202],[120.1924312,23.0061364]]}},{"type":"Feature","id":571273023,"properties":{"osm_id":571273023,"name":"文賢路313巷34弄","name_en":null,"highway":"residential","lanes":null,"oneway":null,"surface":null,"source":"OpenStreetMap"},"geometry":{"type":"LineString","coordinates":[[120.1925877,23.0088884],[120.1925858,23.0081305],[120.1925731,23.0079022],[120.1924735,23.0067202]]}},{"type":"Feature","id":571273022,"properties":{"osm_id":571273022,"name":"文賢路313巷53弄","name_en":null,"highway":"residential","lanes":null,"oneway":null,"surface":null,"source":"OpenStreetMap"},"geometry":{"type":"LineString","coordinates":[[120.1919388,23.0067627],[120.1919114,23.0064912],[120.1919521,23.006406],[120.1924312,23.0061364]]}},{"type":"Feature","id":571273027,"properties":{"osm_id":571273027,"name":"文賢路313巷56弄","name_en":null,"highway":"residential","lanes":null,"oneway":null,"surface":null,"source":"OpenStreetMap"},"geometry":{"type":"LineString","coordinates":[[120.1920462,23.0079396],[120.1919388,23.0067627]]}},{"type":"Feature","id":158849589,"properties":{"osm_id":158849589,"name":"文賢路313巷64弄","name_en":null,"highway":"residential","lanes":null,"oneway":null,"surface":null,"source":"OpenStreetMap"},"geometry":{"type":"LineString","coordinates":[[120.191693,23.0067819],[120.1917986,23.0079539]]}},{"type":"Feature","id":158849579,"properties":{"osm_id":158849579,"name":"文賢路365巷","name_en":null,"highway":"residential","lanes":null,"oneway":null,"surface":"asphalt","source":"OpenStreetMap"},"geometry":{"type":"LineString","coordinates":[[120.1937428,23.0078286],[120.1931298,23.0078642],[120.1925731,23.0079022],[120.1920462,23.0079396],[120.1917986,23.0079539]]}},{"type":"Feature","id":158849582,"properties":{"osm_id":158849582,"name":"文賢路365巷18弄","name_en":null,"highway":"residential","lanes":null,"oneway":null,"surface":null,"source":"OpenStreetMap"},"geometry":{"type":"LineString","coordinates":[[120.1932059,23.0090706],[120.1931443,23.0080954],[120.1931298,23.0078642]]}},{"type":"Feature","id":571273028,"properties":{"osm_id":571273028,"name":"文賢路365巷58弄","name_en":null,"highway":"residential","lanes":null,"oneway":null,"surface":null,"source":"OpenStreetMap"},"geometry":{"type":"LineString","coordinates":[[120.1917986,23.0079539],[120.191831,23.0081847],[120.1919089,23.0085529]]}},{"type":"Feature","id":158849596,"properties":{"osm_id":158849596,"name":"文賢路480巷","name_en":null,"highway":"residential","lanes":null,"oneway":null,"surface":"asphalt","source":"OpenStreetMap"},"geometry":{"type":"LineString","coordinates":[[120.1936159,23.0061668],[120.1941454,23.0061414],[120.1947073,23.0061131],[120.1948581,23.0058066],[120.1949567,23.0055767],[120.1950892,23.0052709]]}},{"type":"Feature","id":158473554,"properties":{"osm_id":158473554,"name":"文賢路502巷","name_en":null,"highway":"residential","lanes":null,"oneway":null,"surface":"asphalt","source":"OpenStreetMap"},"geometry":{"type":"LineString","coordinates":[[120.1954573,23.0060911],[120.1953327,23.0065029],[120.195302,23.0065646],[120.1936501,23.0066429]]}},{"type":"Feature","id":158849566,"properties":{"osm_id":158849566,"name":"文賢路520巷","name_en":null,"highway":"residential","lanes":null,"oneway":null,"surface":"asphalt","source":"OpenStreetMap"},"geometry":{"type":"LineString","coordinates":[[120.1961429,23.0070014],[120.19534,23.0070469],[120.1936874,23.0071146]]}},{"type":"Feature","id":158849534,"properties":{"osm_id":158849534,"name":"文賢路520巷55弄","name_en":null,"highway":"residential","lanes":null,"oneway":null,"surface":null,"source":"OpenStreetMap"},"geometry":{"type":"LineString","coordinates":[[120.1953431,23.0073095],[120.1961046,23.0072843]]}},{"type":"Feature","id":158849567,"properties":{"osm_id":158849567,"name":"文賢路546巷","name_en":null,"highway":"residential","lanes":null,"oneway":null,"surface":"asphalt","source":"OpenStreetMap"},"geometry":{"type":"LineString","coordinates":[[120.1937316,23.0076658],[120.1953465,23.0076055],[120.1961133,23.0075835]]}},{"type":"Feature","id":158849587,"properties":{"osm_id":158849587,"name":"文賢路572巷52弄","name_en":null,"highway":"residential","lanes":null,"oneway":null,"surface":null,"source":"OpenStreetMap"},"geometry":{"type":"LineString","coordinates":[[120.1953639,23.0091313],[120.1953598,23.0086726],[120.1953535,23.0081697],[120.1953531,23.0081363],[120.1953465,23.0076055],[120.1953431,23.0073095],[120.19534,23.0070469]]}},{"type":"Feature","id":81239973,"properties":{"osm_id":81239973,"name":"北忠街","name_en":null,"highway":"residential","lanes":"2","oneway":null,"surface":"asphalt","source":"OpenStreetMap"},"geometry":{"type":"LineString","coordinates":[[120.2105801,22.9990745],[120.2095052,22.9993991],[120.2087749,22.9996175],[120.2081808,22.9998045],[120.2080925,22.9998294],[120.2079871,22.9998639],[120.2073766,23.0000426],[120.2072217,23.0000894],[120.2068861,23.0002012],[120.2064921,23.00031],[120.2064134,23.0003338],[120.2058032,23.0005183],[120.2057218,23.000545]]}},{"type":"Feature","id":1212176230,"properties":{"osm_id":1212176230,"name":"北忠街","name_en":null,"highway":"residential","lanes":null,"oneway":null,"surface":"asphalt","source":"OpenStreetMap"},"geometry":{"type":"LineString","coordinates":[[120.2124574,22.9984983],[120.2123701,22.9985277],[120.2120874,22.9986183],[120.2115224,22.9987861],[120.211457,22.9988055],[120.2114015,22.9988236],[120.2113108,22.9988531],[120.211179,22.998893]]}},{"type":"Feature","id":1212176231,"properties":{"osm_id":1212176231,"name":"北忠街","name_en":null,"highway":"residential","lanes":"2","oneway":null,"surface":"asphalt","source":"OpenStreetMap"},"geometry":{"type":"LineString","coordinates":[[120.211179,22.998893],[120.2105801,22.9990745]]}},{"type":"Feature","id":72871329,"properties":{"osm_id":72871329,"name":"北門路一段","name_en":"Beimen Road Section 1","highway":"primary","lanes":null,"oneway":"yes","surface":"asphalt","source":"OpenStreetMap"},"geometry":{"type":"LineString","coordinates":[[120.2116925,22.9969067],[120.2115122,22.9969741],[120.2114079,22.9970519],[120.2113516,22.9971233],[120.2113077,22.9972165],[120.2113014,22.9973251]]}},{"type":"Feature","id":158895303,"properties":{"osm_id":158895303,"name":"北門路一段","name_en":"Beimen Road Section 1","highway":"tertiary","lanes":null,"oneway":null,"surface":"asphalt","source":"OpenStreetMap"},"geometry":{"type":"LineString","coordinates":[[120.212087,22.9966882],[120.2119687,22.9961295],[120.2119136,22.9958251],[120.2118798,22.9954836],[120.2118689,22.9953133],[120.211862,22.9949353],[120.2118556,22.9948107],[120.2118463,22.9946365],[120.2118393,22.9944978]]}},{"type":"Feature","id":160253727,"properties":{"osm_id":160253727,"name":"北門路一段","name_en":null,"highway":"tertiary","lanes":null,"oneway":null,"surface":"asphalt","source":"OpenStreetMap"},"geometry":{"type":"LineString","coordinates":[[120.2115089,22.9893557],[120.2115065,22.9892471]]}},{"type":"Feature","id":228022791,"properties":{"osm_id":228022791,"name":"北門路一段","name_en":"Beimen Road Section 1","highway":"tertiary","lanes":"2","oneway":"yes","surface":"asphalt","source":"OpenStreetMap"},"geometry":{"type":"LineString","coordinates":[[120.211721,22.9968364],[120.2119886,22.9967882]]}},{"type":"Feature","id":228022794,"properties":{"osm_id":228022794,"name":"北門路一段","name_en":"Beimen Road Section 1","highway":"primary","lanes":null,"oneway":"yes","surface":"asphalt","source":"OpenStreetMap"},"geometry":{"type":"LineString","coordinates":[[120.2112279,22.9973053],[120.2112409,22.9972137],[120.2112909,22.9971061],[120.2113657,22.9970116],[120.2114616,22.9969348],[120.211618,22.996864]]}},{"type":"Feature","id":250710091,"properties":{"osm_id":250710091,"name":"北門路一段","name_en":"Beimen Road Section 1","highway":"tertiary","lanes":null,"oneway":"yes","surface":"asphalt","source":"OpenStreetMap"},"geometry":{"type":"LineString","coordinates":[[120.211618,22.996864],[120.211721,22.9968364]]}},{"type":"Feature","id":307096544,"properties":{"osm_id":307096544,"name":"北門路一段","name_en":"Beimen Road Section 1","highway":"tertiary","lanes":"4","oneway":null,"surface":"asphalt","source":"OpenStreetMap"},"geometry":{"type":"LineString","coordinates":[[120.2118393,22.9944978],[120.2118291,22.9943201],[120.2118162,22.9941302],[120.211807,22.9939755],[120.2117648,22.9932603],[120.2117356,22.9929265],[120.2117291,22.9928217],[120.2117241,22.9927666],[120.2117118,22.9925964],[120.2117098,22.992574],[120.2116776,22.9919562],[120.21166,22.9916492],[120.2116522,22.9915513],[120.2116425,22.991427],[120.2115933,22.990642],[120.2115673,22.9902492],[120.2115653,22.9902205],[120.2115617,22.9901676],[120.2115563,22.9901096],[120.2115542,22.9900868],[120.2115249,22.9896042],[120.2115117,22.989415],[120.2115089,22.9893557]]}},{"type":"Feature","id":1134541028,"properties":{"osm_id":1134541028,"name":"北門路一段","name_en":"Beimen Road Section 1","highway":"tertiary","lanes":null,"oneway":"yes","surface":"asphalt","source":"OpenStreetMap"},"geometry":{"type":"LineString","coordinates":[[120.212115,22.9968205],[120.2116925,22.9969067]]}},{"type":"Feature","id":1134541032,"properties":{"osm_id":1134541032,"name":"北門路一段","name_en":"Beimen Road Section 1","highway":"tertiary","lanes":null,"oneway":"yes","surface":"asphalt","source":"OpenStreetMap"},"geometry":{"type":"LineString","coordinates":[[120.212087,22.9966882],[120.212115,22.9968205]]}},{"type":"Feature","id":1499858577,"properties":{"osm_id":1499858577,"name":"北門路一段","name_en":"Beimen Road Section 1","highway":"tertiary","lanes":"2","oneway":"yes","surface":"asphalt","source":"OpenStreetMap"},"geometry":{"type":"LineString","coordinates":[[120.2119886,22.9967882],[120.212087,22.9966882]]}},{"type":"Feature","id":38367667,"properties":{"osm_id":38367667,"name":"北門路二段","name_en":"Beimen Road Section 2","highway":"primary","lanes":"4","oneway":null,"surface":"asphalt","source":"OpenStreetMap"},"geometry":{"type":"LineString","coordinates":[[120.214041,23.0050431],[120.2139795,23.0048645],[120.2138077,23.0043982],[120.2137711,23.0043086],[120.2137001,23.0041355],[120.213687,23.0041063],[120.2136438,23.0040093]]}},{"type":"Feature","id":160197236,"properties":{"osm_id":160197236,"name":"北門路二段","name_en":"Beimen Road Section 2","highway":"primary","lanes":null,"oneway":"yes","surface":"asphalt","source":"OpenStreetMap"},"geometry":{"type":"LineString","coordinates":[[120.2116134,22.997654],[120.2114942,22.9976174],[120.2113849,22.9975544],[120.2112954,22.9974699],[120.2112377,22.9973682]]}},{"type":"Feature","id":228022792,"properties":{"osm_id":228022792,"name":"北門路二段","name_en":"Beimen Road Section 2","highway":"primary","lanes":"4","oneway":"no","surface":"asphalt","source":"OpenStreetMap"},"geometry":{"type":"LineString","coordinates":[[120.2124574,22.9984983],[120.2124689,22.9985504],[120.2126286,22.9992509],[120.2126824,22.9995096],[120.212737,22.9997919],[120.2127537,22.9998527],[120.2127758,22.9999592]]}},{"type":"Feature","id":228022793,"properties":{"osm_id":228022793,"name":"北門路二段","name_en":null,"highway":"primary","lanes":null,"oneway":"yes","surface":"asphalt","source":"OpenStreetMap"},"geometry":{"type":"LineString","coordinates":[[120.2112377,22.9973682],[120.2112279,22.9973053]]}},{"type":"Feature","id":298272442,"properties":{"osm_id":298272442,"name":"北門路二段","name_en":"Beimen Road Section 2","highway":"tertiary","lanes":null,"oneway":null,"surface":"asphalt","source":"OpenStreetMap"},"geometry":{"type":"LineString","coordinates":[[120.2158137,23.0092102],[120.2157376,23.0090519],[120.2157152,23.0090134],[120.2156585,23.0088391],[120.2156103,23.0086914],[120.2155567,23.0085171],[120.2155158,23.0083868],[120.2154492,23.0082064],[120.2153784,23.0080147],[120.2153159,23.007895],[120.2152047,23.00772],[120.2150318,23.0074982],[120.2149512,23.0072582],[120.2149227,23.0071883],[120.2148154,23.0069368],[120.2146162,23.006499],[120.2143912,23.0059967],[120.2143778,23.0059504]]}},{"type":"Feature","id":313194340,"properties":{"osm_id":313194340,"name":"北門路二段","name_en":"Beimen Road Section 2","highway":"primary","lanes":"4","oneway":"no","surface":"asphalt","source":"OpenStreetMap"},"geometry":{"type":"LineString","coordinates":[[120.2131228,23.0016561],[120.2131636,23.0018389],[120.2131684,23.0018782],[120.2134132,23.0030967],[120.2135626,23.0038403],[120.2136057,23.0039351]]}},{"type":"Feature","id":313194579,"properties":{"osm_id":313194579,"name":"北門路二段","name_en":"Beimen Road Section 2","highway":"primary","lanes":null,"oneway":"no","surface":"asphalt","source":"OpenStreetMap"},"geometry":{"type":"LineString","coordinates":[[120.2136057,23.0039351],[120.2136438,23.0040093]]}},{"type":"Feature","id":315702598,"properties":{"osm_id":315702598,"name":"北門路二段","name_en":"Beimen Road Section 2","highway":"primary","lanes":"4","oneway":"no","surface":"asphalt","source":"OpenStreetMap"},"geometry":{"type":"LineString","coordinates":[[120.2127758,22.9999592],[120.2128009,23.0001083],[120.2128064,23.000138],[120.2128793,23.0005319],[120.2130057,23.0011286],[120.2130861,23.0015084],[120.2131228,23.0016561]]}},{"type":"Feature","id":1086451673,"properties":{"osm_id":1086451673,"name":"北門路二段","name_en":"Beimen Road Section 2","highway":"primary","lanes":null,"oneway":"yes","surface":"asphalt","source":"OpenStreetMap"},"geometry":{"type":"LineString","coordinates":[[120.2116208,22.9975895],[120.2117607,22.997587],[120.2119432,22.9975615],[120.2121529,22.9975302],[120.2121965,22.9975407],[120.2122536,22.9975995]]}},{"type":"Feature","id":1134541026,"properties":{"osm_id":1134541026,"name":"北門路二段","name_en":"Beimen Road Section 2","highway":"primary","lanes":null,"oneway":"yes","surface":"asphalt","source":"OpenStreetMap"},"geometry":{"type":"LineString","coordinates":[[120.2113014,22.9973251],[120.2113444,22.9974389],[120.2114154,22.9975089],[120.2115009,22.9975575],[120.2116208,22.9975895]]}},{"type":"Feature","id":1338856025,"properties":{"osm_id":1338856025,"name":"北門路二段","name_en":"Beimen Road Section 2","highway":"primary","lanes":"4","oneway":"no","surface":"asphalt","source":"OpenStreetMap"},"geometry":{"type":"LineString","coordinates":[[120.2122536,22.9975995],[120.2122694,22.9976589],[120.2124045,22.9982444],[120.2124447,22.9984409],[120.2124574,22.9984983]]}},{"type":"Feature","id":1452617845,"properties":{"osm_id":1452617845,"name":"北門路二段","name_en":"Beimen Road Section 2","highway":"tertiary","lanes":null,"oneway":null,"surface":"asphalt","source":"OpenStreetMap"},"geometry":{"type":"LineString","coordinates":[[120.2143778,23.0059504],[120.2143405,23.0058256],[120.2142152,23.0054798],[120.214041,23.0050431]]}},{"type":"Feature","id":1499858580,"properties":{"osm_id":1499858580,"name":"北門路二段","name_en":"Beimen Road Section 2","highway":"primary","lanes":null,"oneway":"yes","surface":"asphalt","source":"OpenStreetMap"},"geometry":{"type":"LineString","coordinates":[[120.2122536,22.9975995],[120.2121977,22.997588],[120.2121469,22.9975852],[120.211909,22.9976305],[120.2117424,22.9976566],[120.2116134,22.997654]]}},{"type":"Feature","id":152086644,"properties":{"osm_id":152086644,"name":"四維地下道","name_en":null,"highway":"tertiary","lanes":"4","oneway":"no","surface":"asphalt","source":"OpenStreetMap"},"geometry":{"type":"LineString","coordinates":[[120.2125392,22.9944444],[120.2123702,22.994463]]}},{"type":"Feature","id":159244461,"properties":{"osm_id":159244461,"name":"正德街","name_en":null,"highway":"residential","lanes":null,"oneway":null,"surface":null,"source":"OpenStreetMap"},"geometry":{"type":"LineString","coordinates":[[120.195618,22.9947271],[120.1955663,22.9945094],[120.1955124,22.9942828],[120.1954859,22.9941508],[120.1954554,22.9940044],[120.1953686,22.9934896],[120.1953568,22.993437]]}},{"type":"Feature","id":158782352,"properties":{"osm_id":158782352,"name":"正興街","name_en":null,"highway":"residential","lanes":null,"oneway":null,"surface":"asphalt","source":"OpenStreetMap"},"geometry":{"type":"LineString","coordinates":[[120.1937204,22.9951444],[120.1940485,22.9950795],[120.194596,22.994956],[120.1949992,22.9948651],[120.195618,22.9947271],[120.1962309,22.9945837],[120.1963172,22.994564]]}},{"type":"Feature","id":554514664,"properties":{"osm_id":554514664,"name":"正興街","name_en":null,"highway":"living_street","lanes":null,"oneway":null,"surface":"asphalt","source":"OpenStreetMap"},"geometry":{"type":"LineString","coordinates":[[120.1964948,22.9945239],[120.1965586,22.9945099],[120.1972419,22.9943603],[120.1972553,22.9943574],[120.1973675,22.9943329],[120.1976795,22.9942647],[120.1977358,22.9942524],[120.1978044,22.9942374],[120.1979812,22.9941983],[120.1982086,22.9941491],[120.1983362,22.9941212],[120.1989597,22.993985],[120.1990288,22.9939699]]}},{"type":"Feature","id":107538158,"properties":{"osm_id":107538158,"name":"民生路一段","name_en":"Minsheng Road Section 1","highway":"tertiary","lanes":null,"oneway":"yes","surface":"asphalt","source":"OpenStreetMap"},"geometry":{"type":"LineString","coordinates":[[120.2046444,22.9927147],[120.204603,22.9927608]]}},{"type":"Feature","id":107538207,"properties":{"osm_id":107538207,"name":"民生路一段","name_en":"Minsheng Road Section 1","highway":"tertiary","lanes":"2","oneway":"yes","surface":"asphalt","source":"OpenStreetMap"},"geometry":{"type":"LineString","coordinates":[[120.1992437,22.9944326],[120.1993624,22.994395],[120.1996514,22.9943033],[120.1999875,22.9941967],[120.2000527,22.994176],[120.200114,22.9941566],[120.2007778,22.9939461],[120.2012008,22.993812],[120.2012647,22.9937918]]}},{"type":"Feature","id":250710098,"properties":{"osm_id":250710098,"name":"民生路一段","name_en":"Minsheng Road Section 1","highway":"tertiary","lanes":"2","oneway":"yes","surface":"asphalt","source":"OpenStreetMap"},"geometry":{"type":"LineString","coordinates":[[120.2031128,22.9933388],[120.2030232,22.9933565],[120.2024294,22.9934842],[120.2013966,22.9938142],[120.2012785,22.9938519],[120.2012221,22.9938703],[120.2008446,22.9939935],[120.2003945,22.9941445],[120.2000732,22.9942341],[120.2000082,22.9942564],[120.1993827,22.9944712],[120.1992644,22.9945118]]}},{"type":"Feature","id":365719024,"properties":{"osm_id":365719024,"name":"民生路一段","name_en":"Minsheng Road Section 1","highway":"tertiary","lanes":"2","oneway":"yes","surface":"asphalt","source":"OpenStreetMap"},"geometry":{"type":"LineString","coordinates":[[120.2030993,22.993278],[120.2031875,22.9932501],[120.2041235,22.9929988],[120.2044951,22.9927663],[120.204509,22.9927596],[120.2045871,22.9927225]]}},{"type":"Feature","id":496253685,"properties":{"osm_id":496253685,"name":"民生路一段","name_en":"Minsheng Road Section 1","highway":"tertiary","lanes":null,"oneway":"yes","surface":"asphalt","source":"OpenStreetMap"},"geometry":{"type":"LineString","coordinates":[[120.2012647,22.9937918],[120.2013805,22.9937624],[120.2024043,22.9934259],[120.2030085,22.993296],[120.2030993,22.993278]]}},{"type":"Feature","id":1233845235,"properties":{"osm_id":1233845235,"name":"民生路一段","name_en":"Minsheng Road Section 1","highway":"tertiary","lanes":"2","oneway":"yes","surface":"asphalt","source":"OpenStreetMap"},"geometry":{"type":"LineString","coordinates":[[120.204603,22.9927608],[120.2045424,22.9927997],[120.2041458,22.9930545],[120.2032028,22.9933101],[120.2031128,22.9933388]]}},{"type":"Feature","id":1233845239,"properties":{"osm_id":1233845239,"name":"民生路一段","name_en":"Minsheng Road Section 1","highway":"tertiary","lanes":null,"oneway":"yes","surface":"asphalt","source":"OpenStreetMap"},"geometry":{"type":"LineString","coordinates":[[120.2045871,22.9927225],[120.2046444,22.9927147]]}},{"type":"Feature","id":865604395,"properties":{"osm_id":865604395,"name":"民生路一段156巷","name_en":null,"highway":"living_street","lanes":null,"oneway":null,"surface":null,"source":"OpenStreetMap"},"geometry":{"type":"LineString","coordinates":[[120.2007062,22.9949557],[120.2003945,22.9941445]]}},{"type":"Feature","id":107538166,"properties":{"osm_id":107538166,"name":"民生路二段","name_en":null,"highway":"tertiary","lanes":null,"oneway":"yes","surface":"asphalt","source":"OpenStreetMap"},"geometry":{"type":"LineString","coordinates":[[120.1992644,22.9945118],[120.1991961,22.9945329]]}},{"type":"Feature","id":158895309,"properties":{"osm_id":158895309,"name":"民生路二段","name_en":"Minsheng Road Section 2","highway":"tertiary","lanes":null,"oneway":"yes","surface":"asphalt","source":"OpenStreetMap"},"geometry":{"type":"LineString","coordinates":[[120.1939457,22.9960993],[120.1941026,22.9960529],[120.1948868,22.9957947],[120.1952207,22.9956943],[120.1953128,22.9956669],[120.1954286,22.9956324],[120.1964266,22.9953361],[120.1964952,22.9953175]]}},{"type":"Feature","id":279369086,"properties":{"osm_id":279369086,"name":"民生路二段","name_en":"Minsheng Road Section 2","highway":"tertiary","lanes":"2","oneway":"yes","surface":"asphalt","source":"OpenStreetMap"},"geometry":{"type":"LineString","coordinates":[[120.1991961,22.9945329],[120.1991385,22.994551],[120.1984332,22.994773],[120.1979797,22.9949157],[120.1979248,22.9949328],[120.1978709,22.9949494],[120.1975504,22.9950465],[120.1967515,22.9953095],[120.1967002,22.9953266]]}},{"type":"Feature","id":282278509,"properties":{"osm_id":282278509,"name":"民生路二段","name_en":null,"highway":"tertiary","lanes":null,"oneway":"yes","surface":"asphalt","source":"OpenStreetMap"},"geometry":{"type":"LineString","coordinates":[[120.199177,22.9944661],[120.1992437,22.9944326]]}},{"type":"Feature","id":306997492,"properties":{"osm_id":306997492,"name":"民生路二段","name_en":"Minsheng Road Section 2","highway":"tertiary","lanes":"2","oneway":"yes","surface":"asphalt","source":"OpenStreetMap"},"geometry":{"type":"LineString","coordinates":[[120.1966752,22.9952585],[120.1967271,22.9952394],[120.1974699,22.994993],[120.1975218,22.994976],[120.197634,22.9949393],[120.1978455,22.9948722],[120.1978935,22.9948568],[120.1979555,22.9948379],[120.1984066,22.9947006],[120.198421,22.9946962],[120.1991144,22.9944851],[120.199177,22.9944661]]}},{"type":"Feature","id":306997493,"properties":{"osm_id":306997493,"name":"民生路二段","name_en":"Minsheng Road Section 2","highway":"tertiary","lanes":null,"oneway":"yes","surface":"asphalt","source":"OpenStreetMap"},"geometry":{"type":"LineString","coordinates":[[120.1967002,22.9953266],[120.1965183,22.9953824],[120.1964478,22.9954042],[120.195998,22.9955405],[120.195454,22.9957011],[120.1953396,22.9957357],[120.1952443,22.9957649],[120.1941258,22.9961157],[120.1939697,22.9961639]]}},{"type":"Feature","id":307001554,"properties":{"osm_id":307001554,"name":"民生路二段","name_en":"Minsheng Road Section 2","highway":"tertiary","lanes":"2","oneway":"yes","surface":"asphalt","source":"OpenStreetMap"},"geometry":{"type":"LineString","coordinates":[[120.1939697,22.9961639],[120.193856,22.9962037],[120.1930093,22.9964767],[120.1929287,22.9965027],[120.1928558,22.9965255],[120.1926493,22.99659],[120.1915967,22.9969314],[120.1909504,22.9971389],[120.1902637,22.9973607],[120.1893417,22.9975051],[120.1892767,22.9975166]]}},{"type":"Feature","id":496339488,"properties":{"osm_id":496339488,"name":"民生路二段","name_en":"Minsheng Road Section 2","highway":"tertiary","lanes":null,"oneway":"yes","surface":"asphalt","source":"OpenStreetMap"},"geometry":{"type":"LineString","coordinates":[[120.1892767,22.9975166],[120.1883695,22.9976531],[120.1878361,22.9977334],[120.1873319,22.9978043],[120.1866823,22.997908]]}},{"type":"Feature","id":496339490,"properties":{"osm_id":496339490,"name":"民生路二段","name_en":"Minsheng Road Section 2","highway":"tertiary","lanes":"2","oneway":"yes","surface":"asphalt","source":"OpenStreetMap"},"geometry":{"type":"LineString","coordinates":[[120.1892596,22.9974225],[120.1893258,22.9974107],[120.190218,22.9972741],[120.1928222,22.9964399],[120.1929027,22.9964178],[120.1929791,22.9963933],[120.1934811,22.9962438],[120.1938304,22.9961373],[120.1939457,22.9960993]]}},{"type":"Feature","id":768718213,"properties":{"osm_id":768718213,"name":"民生路二段","name_en":"Minsheng Road Section 2","highway":"tertiary","lanes":null,"oneway":"yes","surface":"asphalt","source":"OpenStreetMap"},"geometry":{"type":"LineString","coordinates":[[120.1964952,22.9953175],[120.1966752,22.9952585]]}},{"type":"Feature","id":1330634997,"properties":{"osm_id":1330634997,"name":"民生路二段","name_en":"Minsheng Road Section 2","highway":"tertiary","lanes":null,"oneway":"yes","surface":"asphalt","source":"OpenStreetMap"},"geometry":{"type":"LineString","coordinates":[[120.1868462,22.9977866],[120.187337,22.9977165],[120.1878203,22.9976426],[120.1892596,22.9974225]]}},{"type":"Feature","id":1233845221,"properties":{"osm_id":1233845221,"name":"民生綠園","name_en":"Minsheng Roundabout","highway":"primary","lanes":"2","oneway":"yes","surface":"asphalt","source":"OpenStreetMap"},"geometry":{"type":"LineString","coordinates":[[120.2045871,22.9927225],[120.204568,22.9926408],[120.2045618,22.9926004],[120.2045625,22.9925403],[120.2045716,22.9924809],[120.2045889,22.992423],[120.2046054,22.9923845],[120.2046445,22.9923189],[120.2046945,22.9922599],[120.2047542,22.9922091],[120.2048218,22.9921677],[120.2048958,22.9921368],[120.2049743,22.9921172],[120.2050715,22.9921094],[120.2051687,22.9921188],[120.205262,22.9921453],[120.2053481,22.9921877],[120.2054237,22.9922446],[120.2054529,22.9922738],[120.2054794,22.9923052],[120.2055029,22.9923385],[120.2055232,22.9923735],[120.2055449,22.9924217],[120.2055629,22.9924822],[120.205572,22.9925444],[120.2055719,22.9926072],[120.2055627,22.9926693],[120.2055444,22.9927298],[120.2055175,22.9927874],[120.2054977,22.9928198],[120.2054751,22.9928507],[120.2054138,22.9929144],[120.205341,22.9929668],[120.205259,22.9930062],[120.2052134,22.9930274],[120.205056,22.9930409],[120.204942,22.9930265],[120.2048345,22.9929889],[120.2047391,22.9929298],[120.2046605,22.9928525],[120.204603,22.9927608],[120.2045871,22.9927225]]}},{"type":"Feature","id":1233845236,"properties":{"osm_id":1233845236,"name":"民生綠園","name_en":"Minsheng Roundabout","highway":"primary","lanes":"3","oneway":"yes","surface":"asphalt","source":"OpenStreetMap"},"geometry":{"type":"LineString","coordinates":[[120.2054577,22.9924508],[120.2054842,22.9925579],[120.2054778,22.9926676],[120.205439,22.9927714],[120.2053789,22.9928533],[120.2052986,22.9929189],[120.2051953,22.9929704],[120.2051072,22.9929857],[120.2050084,22.9929864],[120.2049119,22.9929664],[120.204823,22.9929266],[120.2047462,22.9928693],[120.2046856,22.9927974],[120.2046444,22.9927147],[120.2046258,22.9926328],[120.2046231,22.9925935],[120.2046274,22.9925356],[120.2046408,22.9924789],[120.2046631,22.9924247],[120.2047055,22.9923582],[120.204761,22.9923006],[120.2048276,22.9922539],[120.2049028,22.9922199],[120.2049836,22.9921999],[120.205086,22.9921956],[120.2051866,22.9922136],[120.2052797,22.992253],[120.2053601,22.9923114],[120.2054077,22.9923638],[120.2054449,22.9924229],[120.2054577,22.9924508]]}},{"type":"Feature","id":445546026,"properties":{"osm_id":445546026,"name":"民族一街","name_en":"Minzu 1st Street","highway":"residential","lanes":"2","oneway":null,"surface":"asphalt","source":"OpenStreetMap"},"geometry":{"type":"LineString","coordinates":[[120.2154314,22.9926512],[120.2154352,22.9926967],[120.2154509,22.9928818],[120.2154545,22.9929248],[120.2154999,22.9934606],[120.2155247,22.9937536],[120.2155428,22.9939672],[120.215566,22.9942408]]}},{"type":"Feature","id":152086655,"properties":{"osm_id":152086655,"name":"民族路一段","name_en":"MinZu Road Section 1","highway":"residential","lanes":"2","oneway":null,"surface":"asphalt","source":"OpenStreetMap"},"geometry":{"type":"LineString","coordinates":[[120.2131418,22.9943852],[120.2133439,22.9944454],[120.2136458,22.9944],[120.2137244,22.9943871],[120.2137553,22.9943835],[120.2141436,22.9943446],[120.2142058,22.9943392],[120.2142356,22.9943367],[120.2147095,22.9943203],[120.2148819,22.9943048],[120.2151445,22.9942598],[120.215566,22.9942408],[120.2155963,22.9942407],[120.2156761,22.9942555]]}},{"type":"Feature","id":306977152,"properties":{"osm_id":306977152,"name":"民族路一段","name_en":"Minzu Road Section 1","highway":"tertiary","lanes":"4","oneway":null,"surface":"asphalt","source":"OpenStreetMap"},"geometry":{"type":"LineString","coordinates":[[120.2131418,22.9943852],[120.2128767,22.9944084],[120.2125392,22.9944444]]}},{"type":"Feature","id":497944541,"properties":{"osm_id":497944541,"name":"民族路一段","name_en":"Minzu Road Section 1","highway":"tertiary","lanes":"6","oneway":"no","surface":"asphalt","source":"OpenStreetMap"},"geometry":{"type":"LineString","coordinates":[[120.2123702,22.994463],[120.2121952,22.9944773],[120.2119386,22.9944913],[120.2118393,22.9944978]]}},{"type":"Feature","id":152086640,"properties":{"osm_id":152086640,"name":"民族路二段","name_en":"Minzu Road Section 2","highway":"tertiary","lanes":"4","oneway":null,"surface":"asphalt","source":"OpenStreetMap"},"geometry":{"type":"LineString","coordinates":[[120.2118393,22.9944978],[120.2117183,22.9944952],[120.2116889,22.9944945],[120.2110471,22.9944779],[120.2108709,22.9944747],[120.2100581,22.9944535],[120.2100502,22.9944531],[120.2099182,22.9944518],[120.2097103,22.9944497],[120.2096134,22.9944485],[120.2087475,22.9946834],[120.2085702,22.9947359]]}},{"type":"Feature","id":297757246,"properties":{"osm_id":297757246,"name":"民族路二段","name_en":"Minzu Road Section 2","highway":"tertiary","lanes":null,"oneway":null,"surface":"asphalt","source":"OpenStreetMap"},"geometry":{"type":"LineString","coordinates":[[120.2084787,22.994765],[120.2085702,22.9947359]]}},{"type":"Feature","id":297757247,"properties":{"osm_id":297757247,"name":"民族路二段","name_en":"Minzu Road Section 2","highway":"tertiary","lanes":"4","oneway":null,"surface":"asphalt","source":"OpenStreetMap"},"geometry":{"type":"LineString","coordinates":[[120.2084787,22.994765],[120.2082701,22.9948355],[120.2075033,22.9950895],[120.2069897,22.9952649],[120.2067918,22.9953333],[120.2063847,22.9954731],[120.2059318,22.9956287],[120.2058168,22.995667]]}},{"type":"Feature","id":297896463,"properties":{"osm_id":297896463,"name":"民族路二段","name_en":"Minzu Road Section 2","highway":"tertiary","lanes":"4","oneway":null,"surface":"asphalt","source":"OpenStreetMap"},"geometry":{"type":"LineString","coordinates":[[120.2058168,22.995667],[120.2056795,22.9957163],[120.2053725,22.995824],[120.2053349,22.995838],[120.205065,22.995933],[120.2049874,22.9959603],[120.2048869,22.9959953],[120.2046121,22.9960911],[120.20421,22.996232],[120.2041048,22.9962689]]}},{"type":"Feature","id":306997494,"properties":{"osm_id":306997494,"name":"民族路二段","name_en":"Minzu Road Section 2","highway":"tertiary","lanes":"4","oneway":null,"surface":"asphalt","source":"OpenStreetMap"},"geometry":{"type":"LineString","coordinates":[[120.2041048,22.9962689],[120.2040226,22.9962982],[120.2036527,22.9964301],[120.2036005,22.9964487],[120.2032556,22.9965717],[120.2031729,22.9966012]]}},{"type":"Feature","id":315886535,"properties":{"osm_id":315886535,"name":"民族路二段","name_en":"Minzu Road Section 2","highway":"tertiary","lanes":"6","oneway":null,"surface":"asphalt","source":"OpenStreetMap"},"geometry":{"type":"LineString","coordinates":[[120.2006,22.9974642],[120.200469,22.9974804],[120.2001713,22.9975212]]}},{"type":"Feature","id":561994814,"properties":{"osm_id":561994814,"name":"民族路二段","name_en":"Minzu Road Section 2","highway":"tertiary","lanes":"4","oneway":null,"surface":"asphalt","source":"OpenStreetMap"},"geometry":{"type":"LineString","coordinates":[[120.2020563,22.997],[120.20211,22.9969808],[120.2023716,22.9968874],[120.2024849,22.9968469],[120.2025887,22.9968098],[120.2027596,22.9967488],[120.2029256,22.9966895],[120.2031729,22.9966012]]}},{"type":"Feature","id":562025614,"properties":{"osm_id":562025614,"name":"民族路二段","name_en":"Minzu Road Section 2","highway":"tertiary","lanes":"4","oneway":null,"surface":"asphalt","source":"OpenStreetMap"},"geometry":{"type":"LineString","coordinates":[[120.2020563,22.997],[120.2020043,22.9970159],[120.2016313,22.9971408],[120.2013487,22.9972296],[120.2010975,22.9973086],[120.2006,22.9974642]]}},{"type":"Feature","id":158656447,"properties":{"osm_id":158656447,"name":"民族路三段","name_en":"Minzu Road Section 3","highway":"tertiary","lanes":"6","oneway":null,"surface":"asphalt","source":"OpenStreetMap"},"geometry":{"type":"LineString","coordinates":[[120.2000796,22.9975347],[120.1996838,22.9975915],[120.199549,22.9976142]]}},{"type":"Feature","id":228022812,"properties":{"osm_id":228022812,"name":"民族路三段","name_en":"Minzu Road Section 3","highway":"tertiary","lanes":"6","oneway":null,"surface":"asphalt","source":"OpenStreetMap"},"geometry":{"type":"LineString","coordinates":[[120.2001713,22.9975212],[120.2000796,22.9975347]]}},{"type":"Feature","id":305502904,"properties":{"osm_id":305502904,"name":"民族路三段","name_en":"Minzu Road Section 3","highway":"tertiary","lanes":null,"oneway":null,"surface":"asphalt","source":"OpenStreetMap"},"geometry":{"type":"LineString","coordinates":[[120.1920748,23.000209],[120.1919968,23.0002406]]}},{"type":"Feature","id":306997495,"properties":{"osm_id":306997495,"name":"民族路三段","name_en":"Minzu Road Section 3","highway":"tertiary","lanes":null,"oneway":null,"surface":"asphalt","source":"OpenStreetMap"},"geometry":{"type":"LineString","coordinates":[[120.1978777,22.9981788],[120.1976988,22.998245]]}},{"type":"Feature","id":306997496,"properties":{"osm_id":306997496,"name":"民族路三段","name_en":"Minzu Road Section 3","highway":"tertiary","lanes":null,"oneway":null,"surface":"asphalt","source":"OpenStreetMap"},"geometry":{"type":"LineString","coordinates":[[120.1976988,22.998245],[120.1976272,22.9982713],[120.1965004,22.9986647],[120.1964225,22.9986922],[120.1959264,22.9988669],[120.1957682,22.9989227],[120.1952979,22.9990794],[120.1952692,22.9990898],[120.1951546,22.9991312]]}},{"type":"Feature","id":315886536,"properties":{"osm_id":315886536,"name":"民族路三段","name_en":"Minzu Road Section 3","highway":"tertiary","lanes":null,"oneway":null,"surface":"asphalt","source":"OpenStreetMap"},"geometry":{"type":"LineString","coordinates":[[120.199549,22.9976142],[120.1995078,22.9976234],[120.1991508,22.9977301],[120.1990855,22.9977526],[120.199038,22.9977692],[120.1987474,22.9978668],[120.1985525,22.9979391],[120.1979722,22.9981411],[120.1978777,22.9981788]]}},{"type":"Feature","id":496339483,"properties":{"osm_id":496339483,"name":"民族路三段","name_en":"Minzu Road Section 3","highway":"tertiary","lanes":null,"oneway":null,"surface":"asphalt","source":"OpenStreetMap"},"geometry":{"type":"LineString","coordinates":[[120.1951546,22.9991312],[120.1950501,22.9991632],[120.1949647,22.9991906],[120.1939768,22.9995377],[120.1939195,22.9995571],[120.1932328,22.9997965],[120.1929971,22.9998806],[120.1925039,23.0000575],[120.1924372,23.0000775],[120.1921645,23.0001765],[120.1920748,23.000209]]}},{"type":"Feature","id":158473576,"properties":{"osm_id":158473576,"name":"民德路","name_en":"Minde Road","highway":"residential","lanes":null,"oneway":"yes","surface":"asphalt","source":"OpenStreetMap"},"geometry":{"type":"LineString","coordinates":[[120.2033057,23.0050732],[120.203242,23.0050965]]}},{"type":"Feature","id":158473584,"properties":{"osm_id":158473584,"name":"民德路","name_en":"Minde Road","highway":"residential","lanes":"4","oneway":null,"surface":"asphalt","source":"OpenStreetMap"},"geometry":{"type":"LineString","coordinates":[[120.203242,23.0050965],[120.2031396,23.0051785],[120.2028489,23.0054112],[120.2027919,23.0054568],[120.2027408,23.0055028]]}},{"type":"Feature","id":158800039,"properties":{"osm_id":158800039,"name":"民德路","name_en":"Minde Road","highway":"residential","lanes":null,"oneway":"yes","surface":"asphalt","source":"OpenStreetMap"},"geometry":{"type":"LineString","coordinates":[[120.2008184,23.0067503],[120.2007188,23.0067572],[120.2002001,23.0067528],[120.2000651,23.0067516]]}},{"type":"Feature","id":250709911,"properties":{"osm_id":250709911,"name":"民德路","name_en":"Minde Road","highway":"residential","lanes":null,"oneway":null,"surface":"asphalt","source":"OpenStreetMap"},"geometry":{"type":"LineString","coordinates":[[120.2044405,23.0038598],[120.2044692,23.0037944]]}},{"type":"Feature","id":302065312,"properties":{"osm_id":302065312,"name":"民德路","name_en":"Minde Road","highway":"residential","lanes":"4","oneway":null,"surface":"asphalt","source":"OpenStreetMap"},"geometry":{"type":"LineString","coordinates":[[120.2027408,23.0055028],[120.2026562,23.0055618],[120.2025506,23.0056354],[120.2023952,23.0057419],[120.2022993,23.0058137],[120.2019922,23.0060184],[120.2018749,23.0061028],[120.2015945,23.0062905],[120.2014576,23.0063872],[120.2013967,23.0064302],[120.2013361,23.0064701],[120.2011732,23.0065773],[120.2009783,23.0067084],[120.200887,23.0067373],[120.2008184,23.0067503]]}},{"type":"Feature","id":302241612,"properties":{"osm_id":302241612,"name":"民德路","name_en":"Minde Road","highway":"residential","lanes":"2","oneway":"yes","surface":"asphalt","source":"OpenStreetMap"},"geometry":{"type":"LineString","coordinates":[[120.2044405,23.0038598],[120.2043662,23.0039359],[120.2035041,23.0048581],[120.2034244,23.0049445],[120.2033057,23.0050732]]}},{"type":"Feature","id":507685560,"properties":{"osm_id":507685560,"name":"民德路","name_en":"Minde Road","highway":"residential","lanes":"2","oneway":"yes","surface":"asphalt","source":"OpenStreetMap"},"geometry":{"type":"LineString","coordinates":[[120.2000767,23.0064674],[120.200238,23.0065036],[120.2003856,23.0065766],[120.2005541,23.006658],[120.2008184,23.0067503]]}},{"type":"Feature","id":963359531,"properties":{"osm_id":963359531,"name":"民德路","name_en":"Minde Road","highway":"residential","lanes":null,"oneway":"yes","surface":"asphalt","source":"OpenStreetMap"},"geometry":{"type":"LineString","coordinates":[[120.203242,23.0050965],[120.2032624,23.0050161]]}},{"type":"Feature","id":963359532,"properties":{"osm_id":963359532,"name":"民德路","name_en":"Minde Road","highway":"residential","lanes":"2","oneway":"yes","surface":"asphalt","source":"OpenStreetMap"},"geometry":{"type":"LineString","coordinates":[[120.2032624,23.0050161],[120.2033704,23.0049001],[120.20345,23.0048146],[120.2035653,23.0046922],[120.2038633,23.0043757],[120.2040214,23.0042078],[120.2040773,23.0041485],[120.2043154,23.003888],[120.2043951,23.0038042],[120.2044692,23.0037944]]}},{"type":"Feature","id":159014265,"properties":{"osm_id":159014265,"name":"民德路105巷","name_en":null,"highway":"residential","lanes":null,"oneway":null,"surface":null,"source":"OpenStreetMap"},"geometry":{"type":"LineString","coordinates":[[120.2019922,23.0060184],[120.2006424,23.0055383]]}},{"type":"Feature","id":159014257,"properties":{"osm_id":159014257,"name":"民德路115巷","name_en":null,"highway":"residential","lanes":null,"oneway":null,"surface":null,"source":"OpenStreetMap"},"geometry":{"type":"LineString","coordinates":[[120.2006364,23.0059479],[120.2015945,23.0062905]]}},{"type":"Feature","id":159014260,"properties":{"osm_id":159014260,"name":"民德路125巷","name_en":null,"highway":"residential","lanes":null,"oneway":null,"surface":"asphalt","source":"OpenStreetMap"},"geometry":{"type":"LineString","coordinates":[[120.2011732,23.0065773],[120.2006332,23.006373],[120.2000904,23.0061769]]}},{"type":"Feature","id":158800036,"properties":{"osm_id":158800036,"name":"民德路50巷","name_en":null,"highway":"residential","lanes":null,"oneway":null,"surface":null,"source":"OpenStreetMap"},"geometry":{"type":"LineString","coordinates":[[120.2008184,23.0067503],[120.2007736,23.007168],[120.2007639,23.0077487],[120.2007534,23.008381],[120.2007434,23.0089816]]}},{"type":"Feature","id":162343670,"properties":{"osm_id":162343670,"name":"民德路58巷","name_en":null,"highway":"residential","lanes":null,"oneway":null,"surface":"asphalt","source":"OpenStreetMap"},"geometry":{"type":"LineString","coordinates":[[120.2039983,23.0089774],[120.2032239,23.0079357],[120.2029923,23.0076487],[120.2029336,23.0075696],[120.2028528,23.0074609],[120.2027378,23.0073061],[120.2026328,23.0071648],[120.2025342,23.0070321],[120.2024277,23.0068888],[120.2023468,23.0067799],[120.2021525,23.0064963],[120.2018749,23.0061028]]}},{"type":"Feature","id":560004514,"properties":{"osm_id":560004514,"name":"民德路58巷","name_en":null,"highway":"residential","lanes":null,"oneway":null,"surface":null,"source":"OpenStreetMap"},"geometry":{"type":"LineString","coordinates":[[120.2032239,23.0079357],[120.2027374,23.0082353]]}},{"type":"Feature","id":159216695,"properties":{"osm_id":159216695,"name":"民德路58巷11弄","name_en":null,"highway":"residential","lanes":null,"oneway":null,"surface":null,"source":"OpenStreetMap"},"geometry":{"type":"LineString","coordinates":[[120.2024277,23.0068888],[120.2019474,23.0071945]]}},{"type":"Feature","id":162339825,"properties":{"osm_id":162339825,"name":"民德路58巷12弄","name_en":null,"highway":"residential","lanes":null,"oneway":null,"surface":null,"source":"OpenStreetMap"},"geometry":{"type":"LineString","coordinates":[[120.2027534,23.0065155],[120.2023468,23.0067799]]}},{"type":"Feature","id":159216671,"properties":{"osm_id":159216671,"name":"民德路58巷17弄","name_en":null,"highway":"residential","lanes":null,"oneway":null,"surface":null,"source":"OpenStreetMap"},"geometry":{"type":"LineString","coordinates":[[120.2026328,23.0071648],[120.2021585,23.0074802]]}},{"type":"Feature","id":159216679,"properties":{"osm_id":159216679,"name":"民德路58巷18弄","name_en":null,"highway":"residential","lanes":null,"oneway":null,"surface":null,"source":"OpenStreetMap"},"geometry":{"type":"LineString","coordinates":[[120.2025342,23.0070321],[120.2029436,23.0067739]]}},{"type":"Feature","id":159216654,"properties":{"osm_id":159216654,"name":"民德路58巷23弄","name_en":null,"highway":"residential","lanes":null,"oneway":null,"surface":null,"source":"OpenStreetMap"},"geometry":{"type":"LineString","coordinates":[[120.2028528,23.0074609],[120.2023661,23.0077507]]}},{"type":"Feature","id":159216684,"properties":{"osm_id":159216684,"name":"民德路58巷24弄","name_en":null,"highway":"residential","lanes":null,"oneway":null,"surface":null,"source":"OpenStreetMap"},"geometry":{"type":"LineString","coordinates":[[120.2027378,23.0073061],[120.2031459,23.0070487]]}},{"type":"Feature","id":162339826,"properties":{"osm_id":162339826,"name":"民德路58巷29弄","name_en":null,"highway":"residential","lanes":null,"oneway":null,"surface":null,"source":"OpenStreetMap"},"geometry":{"type":"LineString","coordinates":[[120.2029923,23.0076487],[120.2025024,23.0079034]]}},{"type":"Feature","id":159014270,"properties":{"osm_id":159014270,"name":"民德路58巷30弄","name_en":null,"highway":"residential","lanes":null,"oneway":null,"surface":"asphalt","source":"OpenStreetMap"},"geometry":{"type":"LineString","coordinates":[[120.2035697,23.0073251],[120.203338,23.0073096],[120.2029336,23.0075696]]}},{"type":"Feature","id":162339827,"properties":{"osm_id":162339827,"name":"民德路58巷5弄","name_en":null,"highway":"residential","lanes":null,"oneway":null,"surface":null,"source":"OpenStreetMap"},"geometry":{"type":"LineString","coordinates":[[120.2021525,23.0064963],[120.2016732,23.0068157]]}},{"type":"Feature","id":162339832,"properties":{"osm_id":162339832,"name":"民德路58巷6弄","name_en":null,"highway":"residential","lanes":null,"oneway":null,"surface":"asphalt","source":"OpenStreetMap"},"geometry":{"type":"LineString","coordinates":[[120.2025581,23.0062266],[120.2021525,23.0064963]]}},{"type":"Feature","id":509197025,"properties":{"osm_id":509197025,"name":"民德路85巷","name_en":null,"highway":"residential","lanes":null,"oneway":null,"surface":"asphalt","source":"OpenStreetMap"},"geometry":{"type":"LineString","coordinates":[[120.2008421,23.0046998],[120.2026818,23.00537],[120.2027919,23.0054568]]}},{"type":"Feature","id":159014261,"properties":{"osm_id":159014261,"name":"民德路95巷","name_en":null,"highway":"residential","lanes":null,"oneway":null,"surface":null,"source":"OpenStreetMap"},"geometry":{"type":"LineString","coordinates":[[120.2023952,23.0057419],[120.200679,23.005096]]}},{"type":"Feature","id":31794904,"properties":{"osm_id":31794904,"name":"民權路一段","name_en":"Minquan Road Section 1","highway":"tertiary","lanes":null,"oneway":null,"surface":"asphalt","source":"OpenStreetMap"},"geometry":{"type":"LineString","coordinates":[[120.2111883,22.9891187],[120.2111004,22.9891826],[120.2110463,22.9892189],[120.2110034,22.9892466],[120.2105357,22.9895483],[120.2101468,22.9898306],[120.2096433,22.9901826],[120.209359,22.9903868],[120.2091617,22.9905368],[120.2088169,22.9907738]]}},{"type":"Feature","id":496332196,"properties":{"osm_id":496332196,"name":"民權路一段","name_en":"Minquan Road Section 1","highway":"tertiary","lanes":null,"oneway":null,"surface":"asphalt","source":"OpenStreetMap"},"geometry":{"type":"LineString","coordinates":[[120.2088169,22.9907738],[120.2083779,22.9911904],[120.2083324,22.9912336],[120.2083016,22.9912769],[120.2078409,22.9919252],[120.2078187,22.9919588],[120.2077158,22.9921144]]}},{"type":"Feature","id":496332199,"properties":{"osm_id":496332199,"name":"民權路一段","name_en":"Minquan Road Section 1","highway":"tertiary","lanes":null,"oneway":null,"surface":"asphalt","source":"OpenStreetMap"},"geometry":{"type":"LineString","coordinates":[[120.2077158,22.9921144],[120.2076123,22.9922894],[120.2075999,22.9923103],[120.2075336,22.9924232],[120.2068796,22.9934341],[120.2068055,22.9935554]]}},{"type":"Feature","id":161024939,"properties":{"osm_id":161024939,"name":"民權路二段","name_en":"Minquan Road Section 2","highway":"tertiary","lanes":null,"oneway":null,"surface":"asphalt","source":"OpenStreetMap"},"geometry":{"type":"LineString","coordinates":[[120.2068055,22.9935554],[120.2067537,22.9936179]]}},{"type":"Feature","id":259871063,"properties":{"osm_id":259871063,"name":"民權路二段","name_en":"Minquan Road Section 2","highway":"tertiary","lanes":null,"oneway":null,"surface":"asphalt","source":"OpenStreetMap"},"geometry":{"type":"LineString","coordinates":[[120.2067537,22.9936179],[120.2066873,22.9936748],[120.2065594,22.9937847],[120.2064023,22.9938808],[120.2060781,22.9940429],[120.2060272,22.9940684],[120.2055424,22.9942504],[120.2054613,22.9942808]]}},{"type":"Feature","id":307097147,"properties":{"osm_id":307097147,"name":"民權路二段","name_en":"Minquan Road Section 2","highway":"tertiary","lanes":"2","oneway":null,"surface":"asphalt","source":"OpenStreetMap"},"geometry":{"type":"LineString","coordinates":[[120.2054613,22.9942808],[120.2053485,22.9943124],[120.2048964,22.9944391],[120.2048603,22.9944499],[120.2046223,22.9945208],[120.2036549,22.9948056],[120.2035685,22.9948311],[120.2034778,22.9948609],[120.2018988,22.99538],[120.201812,22.9954082]]}},{"type":"Feature","id":496253687,"properties":{"osm_id":496253687,"name":"民權路二段","name_en":"Minquan Road Section 2","highway":"tertiary","lanes":null,"oneway":null,"surface":"asphalt","source":"OpenStreetMap"},"geometry":{"type":"LineString","coordinates":[[120.2006099,22.9958225],[120.2005232,22.9958445],[120.1996531,22.9960653]]}},{"type":"Feature","id":536826453,"properties":{"osm_id":536826453,"name":"民權路二段","name_en":"Minquan Road Section 2","highway":"tertiary","lanes":null,"oneway":null,"surface":"asphalt","source":"OpenStreetMap"},"geometry":{"type":"LineString","coordinates":[[120.201812,22.9954082],[120.2017337,22.995436],[120.2006827,22.9957974],[120.2006099,22.9958225]]}},{"type":"Feature","id":27268317,"properties":{"osm_id":27268317,"name":"民權路三段","name_en":null,"highway":"tertiary","lanes":"2","oneway":"yes","surface":"asphalt","source":"OpenStreetMap"},"geometry":{"type":"LineString","coordinates":[[120.1867952,22.9988544],[120.1868981,22.9988484],[120.1870551,22.9988682],[120.187402,22.9989798],[120.1876406,22.9990598]]}},{"type":"Feature","id":31869148,"properties":{"osm_id":31869148,"name":"民權路三段","name_en":"Minquan Road Section 3","highway":"tertiary","lanes":null,"oneway":null,"surface":"asphalt","source":"OpenStreetMap"},"geometry":{"type":"LineString","coordinates":[[120.1996531,22.9960653],[120.1995816,22.9960671]]}},{"type":"Feature","id":158854924,"properties":{"osm_id":158854924,"name":"民權路三段","name_en":null,"highway":"tertiary","lanes":"2","oneway":"yes","surface":"asphalt","source":"OpenStreetMap"},"geometry":{"type":"LineString","coordinates":[[120.1875492,22.9991277],[120.1870147,22.9989523],[120.1869232,22.9989393],[120.1868074,22.9989487]]}},{"type":"Feature","id":303889712,"properties":{"osm_id":303889712,"name":"民權路三段","name_en":"Minquan Road Section 3","highway":"tertiary","lanes":"2","oneway":null,"surface":"asphalt","source":"OpenStreetMap"},"geometry":{"type":"LineString","coordinates":[[120.1971413,22.9968903],[120.197071,22.9969136],[120.195943,22.9972917],[120.1958935,22.9973091],[120.1945955,22.9977543],[120.1944803,22.9977927],[120.193398,22.9981536],[120.1933025,22.9982193],[120.193265,22.99823],[120.1929989,22.9982761],[120.1926696,22.9983081],[120.1926376,22.9983108],[120.1925308,22.9983196],[120.1924452,22.9982301],[120.1922228,22.9980789],[120.1919449,22.9979133],[120.1918771,22.997899],[120.1918046,22.9979116],[120.1916387,22.9979576],[120.1915709,22.997978],[120.1915272,22.9979894],[120.1912491,22.9980622],[120.1909675,22.9981376],[120.1898882,22.9984264]]}},{"type":"Feature","id":1410573259,"properties":{"osm_id":1410573259,"name":"民權路三段","name_en":"Minquan Road Section 3","highway":"tertiary","lanes":"2","oneway":null,"surface":"asphalt","source":"OpenStreetMap"},"geometry":{"type":"LineString","coordinates":[[120.1898177,22.998453],[120.1888263,22.9989465],[120.1887289,22.9989756],[120.1886371,22.9989939],[120.1885415,22.9990045],[120.1884541,22.9990129],[120.1883853,22.9990168],[120.18829,22.9990157],[120.1882045,22.9990106],[120.1880926,22.999006],[120.1878155,22.9990008],[120.1876406,22.9990598]]}},{"type":"Feature","id":1410573260,"properties":{"osm_id":1410573260,"name":"民權路三段","name_en":"Minquan Road Section 3","highway":"tertiary","lanes":"2","oneway":null,"surface":"asphalt","source":"OpenStreetMap"},"geometry":{"type":"LineString","coordinates":[[120.1898882,22.9984264],[120.1898177,22.998453]]}},{"type":"Feature","id":1410573265,"properties":{"osm_id":1410573265,"name":"民權路三段","name_en":"Minquan Road Section 3","highway":"tertiary","lanes":"2","oneway":null,"surface":"asphalt","source":"OpenStreetMap"},"geometry":{"type":"LineString","coordinates":[[120.1876406,22.9990598],[120.1875492,22.9991277]]}},{"type":"Feature","id":1493272294,"properties":{"osm_id":1493272294,"name":"民權路三段","name_en":"Minquan Road Section 3","highway":"tertiary","lanes":"2","oneway":null,"surface":"asphalt","source":"OpenStreetMap"},"geometry":{"type":"LineString","coordinates":[[120.1995816,22.9960671],[120.1995008,22.9960753],[120.1985297,22.9964047],[120.1981008,22.9965532],[120.1973726,22.9968054],[120.1973263,22.9968214]]}},{"type":"Feature","id":1493272295,"properties":{"osm_id":1493272295,"name":"民權路三段","name_en":"Minquan Road Section 3","highway":"tertiary","lanes":"2","oneway":null,"surface":"asphalt","source":"OpenStreetMap"},"geometry":{"type":"LineString","coordinates":[[120.1973263,22.9968214],[120.1971413,22.9968903]]}},{"type":"Feature","id":277563644,"properties":{"osm_id":277563644,"name":"民權路三段477巷","name_en":null,"highway":"residential","lanes":null,"oneway":null,"surface":"asphalt","source":"OpenStreetMap"},"geometry":{"type":"LineString","coordinates":[[120.187402,22.9989798],[120.1874026,22.9984074],[120.1873462,22.9978801],[120.1873319,22.9978043]]}},{"type":"Feature","id":505317159,"properties":{"osm_id":505317159,"name":"永和街","name_en":null,"highway":"residential","lanes":null,"oneway":null,"surface":"asphalt","source":"OpenStreetMap"},"geometry":{"type":"LineString","coordinates":[[120.1930842,23.0028966],[120.1925439,23.0024532],[120.1920011,23.0020077],[120.1914484,23.0015541],[120.1908902,23.0010961],[120.1904341,23.0007217],[120.1897967,23.0001986]]}},{"type":"Feature","id":159473887,"properties":{"osm_id":159473887,"name":"永南一街","name_en":"Yongnan 1st Street","highway":"residential","lanes":null,"oneway":null,"surface":null,"source":"OpenStreetMap"},"geometry":{"type":"LineString","coordinates":[[120.1890724,22.9823602],[120.1886645,22.9824026],[120.1868766,22.9825884],[120.1868268,22.9826464]]}},{"type":"Feature","id":159473889,"properties":{"osm_id":159473889,"name":"永南二街","name_en":"Yongnan 2nd Street","highway":"residential","lanes":null,"oneway":null,"surface":"asphalt","source":"OpenStreetMap"},"geometry":{"type":"LineString","coordinates":[[120.188702,22.9828422],[120.1874162,22.9829474],[120.1868739,22.983028],[120.1864009,22.9830761],[120.186355,22.9830808],[120.1862856,22.9830878],[120.186132,22.9831034]]}},{"type":"Feature","id":159473888,"properties":{"osm_id":159473888,"name":"永南三街","name_en":"Yongnan 3rd Street","highway":"residential","lanes":null,"oneway":null,"surface":null,"source":"OpenStreetMap"},"geometry":{"type":"LineString","coordinates":[[120.1892101,22.9832254],[120.1887403,22.9832781],[120.1882626,22.98333]]}},{"type":"Feature","id":442079841,"properties":{"osm_id":442079841,"name":"永南三街","name_en":"YongNan 3rd Street","highway":"residential","lanes":null,"oneway":null,"surface":null,"source":"OpenStreetMap"},"geometry":{"type":"LineString","coordinates":[[120.1882626,22.98333],[120.1874893,22.9834045]]}},{"type":"Feature","id":159473890,"properties":{"osm_id":159473890,"name":"永南四街","name_en":"Yongnan 4th Street","highway":"residential","lanes":null,"oneway":null,"surface":null,"source":"OpenStreetMap"},"geometry":{"type":"LineString","coordinates":[[120.1883272,22.9840594],[120.1888044,22.9840275],[120.189278,22.9839961],[120.1899392,22.983927]]}},{"type":"Feature","id":442079842,"properties":{"osm_id":442079842,"name":"永南四街","name_en":"YongNan 4th Street","highway":"residential","lanes":null,"oneway":null,"surface":null,"source":"OpenStreetMap"},"geometry":{"type":"LineString","coordinates":[[120.1876125,22.984092],[120.1883272,22.9840594]]}},{"type":"Feature","id":159473891,"properties":{"osm_id":159473891,"name":"永南街","name_en":"YongNan Street","highway":"residential","lanes":null,"oneway":null,"surface":null,"source":"OpenStreetMap"},"geometry":{"type":"LineString","coordinates":[[120.1888044,22.9840275],[120.1887403,22.9832781],[120.188702,22.9828422],[120.1886645,22.9824026],[120.1886267,22.9819703],[120.1886205,22.9818991],[120.1886141,22.9818248]]}},{"type":"Feature","id":159470924,"properties":{"osm_id":159470924,"name":"永華一街","name_en":null,"highway":"residential","lanes":null,"oneway":null,"surface":"asphalt","source":"OpenStreetMap"},"geometry":{"type":"LineString","coordinates":[[120.189671,22.992142],[120.1895443,22.9916149],[120.1894261,22.9911226],[120.1893154,22.9906615],[120.189306,22.9906228],[120.1891901,22.9901403],[120.1890727,22.9896515],[120.1889987,22.9893435],[120.1888664,22.9887928],[120.1888528,22.9887226]]}},{"type":"Feature","id":159470899,"properties":{"osm_id":159470899,"name":"永華一街122巷","name_en":null,"highway":"residential","lanes":null,"oneway":null,"surface":"paving_stones","source":"OpenStreetMap"},"geometry":{"type":"LineString","coordinates":[[120.1905804,22.9908947],[120.1894261,22.9911226]]}},{"type":"Feature","id":159470894,"properties":{"osm_id":159470894,"name":"永華一街148巷","name_en":null,"highway":"residential","lanes":null,"oneway":null,"surface":"asphalt","source":"OpenStreetMap"},"geometry":{"type":"LineString","coordinates":[[120.1907131,22.991392],[120.1895443,22.9916149]]}},{"type":"Feature","id":159470919,"properties":{"osm_id":159470919,"name":"永華一街44巷","name_en":null,"highway":"residential","lanes":null,"oneway":null,"surface":null,"source":"OpenStreetMap"},"geometry":{"type":"LineString","coordinates":[[120.1890727,22.9896515],[120.1897799,22.9894897],[120.1899328,22.9896385],[120.1900854,22.989796],[120.190164,22.9899448]]}},{"type":"Feature","id":159470893,"properties":{"osm_id":159470893,"name":"永華一街70巷","name_en":null,"highway":"residential","lanes":null,"oneway":null,"surface":null,"source":"OpenStreetMap"},"geometry":{"type":"LineString","coordinates":[[120.190164,22.9899448],[120.1891901,22.9901403]]}},{"type":"Feature","id":159470898,"properties":{"osm_id":159470898,"name":"永華一街96巷","name_en":null,"highway":"residential","lanes":null,"oneway":null,"surface":null,"source":"OpenStreetMap"},"geometry":{"type":"LineString","coordinates":[[120.1903816,22.9904159],[120.189306,22.9906228]]}},{"type":"Feature","id":107538206,"properties":{"osm_id":107538206,"name":"永華路一段","name_en":"Yonghua Road Section 1","highway":"tertiary","lanes":null,"oneway":"yes","surface":"asphalt","source":"OpenStreetMap"},"geometry":{"type":"LineString","coordinates":[[120.1888664,22.9887928],[120.1886776,22.9888276],[120.188503,22.9888407],[120.1881907,22.9888642],[120.1879235,22.9888999],[120.1876174,22.9889637],[120.1871695,22.9890691],[120.1870301,22.9891019]]}},{"type":"Feature","id":246322645,"properties":{"osm_id":246322645,"name":"永華路一段","name_en":"Yonghua Road Section 1","highway":"tertiary","lanes":null,"oneway":"yes","surface":"asphalt","source":"OpenStreetMap"},"geometry":{"type":"LineString","coordinates":[[120.1870172,22.9889906],[120.187146,22.9889639],[120.1877665,22.9888352],[120.1880469,22.9887913],[120.1883478,22.98877],[120.1886761,22.9887578],[120.1888528,22.9887226]]}},{"type":"Feature","id":250709912,"properties":{"osm_id":250709912,"name":"永華路一段","name_en":"Yonghua Road Section 1","highway":"tertiary","lanes":null,"oneway":null,"surface":"asphalt","source":"OpenStreetMap"},"geometry":{"type":"LineString","coordinates":[[120.1948384,22.9875639],[120.194709,22.9875986],[120.1940021,22.987747],[120.1939054,22.9877651],[120.1938187,22.9877827],[120.1934204,22.9878636],[120.1930999,22.9879286],[120.192751,22.987999],[120.1926993,22.9880088],[120.1926318,22.9880215],[120.1923571,22.9880758],[120.1921677,22.9881133],[120.1920539,22.9881352]]}},{"type":"Feature","id":273960636,"properties":{"osm_id":273960636,"name":"永華路一段","name_en":"Yonghua Road Section 1","highway":"tertiary","lanes":null,"oneway":null,"surface":"asphalt","source":"OpenStreetMap"},"geometry":{"type":"LineString","coordinates":[[120.1975125,22.9873812],[120.197583,22.9873805]]}},{"type":"Feature","id":274022888,"properties":{"osm_id":274022888,"name":"永華路一段","name_en":"Yonghua Road Section 1","highway":"tertiary","lanes":"4","oneway":null,"surface":"asphalt","source":"OpenStreetMap"},"geometry":{"type":"LineString","coordinates":[[120.1920539,22.9881352],[120.1919355,22.9881588],[120.191576,22.9882317],[120.1912468,22.988296],[120.1911199,22.9883222],[120.1910419,22.988337],[120.1909751,22.9883489],[120.1905313,22.9884306],[120.1903259,22.9884685],[120.1902038,22.9884936],[120.1896261,22.9886123],[120.1895553,22.9886274]]}},{"type":"Feature","id":286847301,"properties":{"osm_id":286847301,"name":"永華路一段","name_en":"Yonghua Road Section 1","highway":"tertiary","lanes":"4","oneway":null,"surface":"asphalt","source":"OpenStreetMap"},"geometry":{"type":"LineString","coordinates":[[120.1975125,22.9873812],[120.1974592,22.9873805],[120.1968953,22.9874025],[120.1964355,22.9874225],[120.1963735,22.9874218]]}},{"type":"Feature","id":302240603,"properties":{"osm_id":302240603,"name":"永華路一段","name_en":"Yonghua Road Section 1","highway":"tertiary","lanes":null,"oneway":null,"surface":"asphalt","source":"OpenStreetMap"},"geometry":{"type":"LineString","coordinates":[[120.1949469,22.9875297],[120.1948384,22.9875639]]}},{"type":"Feature","id":496339475,"properties":{"osm_id":496339475,"name":"永華路一段","name_en":"Yonghua Road Section 1","highway":"tertiary","lanes":"4","oneway":null,"surface":"asphalt","source":"OpenStreetMap"},"geometry":{"type":"LineString","coordinates":[[120.1963735,22.9874218],[120.1963099,22.9874225],[120.1958774,22.9874433],[120.1958121,22.9874464],[120.1957491,22.9874499],[120.19515,22.9874832],[120.1950791,22.9874893],[120.1949469,22.9875297]]}},{"type":"Feature","id":1120963785,"properties":{"osm_id":1120963785,"name":"永華路一段","name_en":"Yonghua Road Section 1","highway":"tertiary","lanes":"2","oneway":"yes","surface":"asphalt","source":"OpenStreetMap"},"geometry":{"type":"LineString","coordinates":[[120.1888528,22.9887226],[120.1890061,22.9886979]]}},{"type":"Feature","id":1120963788,"properties":{"osm_id":1120963788,"name":"永華路一段","name_en":"Yonghua Road Section 1","highway":"tertiary","lanes":"2","oneway":"yes","surface":"asphalt","source":"OpenStreetMap"},"geometry":{"type":"LineString","coordinates":[[120.1890325,22.9887623],[120.1888664,22.9887928]]}},{"type":"Feature","id":158854909,"properties":{"osm_id":158854909,"name":"永華路一段250巷","name_en":null,"highway":"residential","lanes":null,"oneway":null,"surface":"asphalt","source":"OpenStreetMap"},"geometry":{"type":"LineString","coordinates":[[120.1906441,22.9894899],[120.1904182,22.9885587],[120.1903259,22.9884685]]}},{"type":"Feature","id":246322646,"properties":{"osm_id":246322646,"name":"永華路二段","name_en":"Yonghua Road Section 2","highway":"tertiary","lanes":null,"oneway":"yes","surface":"asphalt","source":"OpenStreetMap"},"geometry":{"type":"LineString","coordinates":[[120.1870301,22.9891019],[120.1869193,22.9891196]]}},{"type":"Feature","id":250709913,"properties":{"osm_id":250709913,"name":"永華路二段","name_en":"Yonghua Road Section 2","highway":"tertiary","lanes":null,"oneway":"yes","surface":"asphalt","source":"OpenStreetMap"},"geometry":{"type":"LineString","coordinates":[[120.1869019,22.989009],[120.1870172,22.9889906]]}},{"type":"Feature","id":693999058,"properties":{"osm_id":693999058,"name":"永華橋","name_en":null,"highway":"tertiary","lanes":null,"oneway":"yes","surface":"asphalt","source":"OpenStreetMap"},"geometry":{"type":"LineString","coordinates":[[120.1895553,22.9886274],[120.1895051,22.9886807],[120.1892711,22.9887158],[120.1890325,22.9887623]]}},{"type":"Feature","id":693999062,"properties":{"osm_id":693999062,"name":"永華橋","name_en":null,"highway":"tertiary","lanes":null,"oneway":"yes","surface":"asphalt","source":"OpenStreetMap"},"geometry":{"type":"LineString","coordinates":[[120.1890061,22.9886979],[120.189259,22.9886471],[120.18949,22.9886109],[120.1895553,22.9886274]]}},{"type":"Feature","id":24452783,"properties":{"osm_id":24452783,"name":"永福路一段","name_en":"Yongfu Road Section 1","highway":"tertiary","lanes":"2","oneway":"no","surface":"asphalt","source":"OpenStreetMap"},"geometry":{"type":"LineString","coordinates":[[120.2003857,22.9899329],[120.2003611,22.989801],[120.2003357,22.9895546],[120.2003053,22.9891607],[120.2003028,22.9891191],[120.2002997,22.9888418],[120.2002985,22.9887659],[120.2002923,22.9886092],[120.2002769,22.9883945],[120.2002701,22.9883]]}},{"type":"Feature","id":496253679,"properties":{"osm_id":496253679,"name":"永福路一段","name_en":"Yongfu Road Section 1","highway":"tertiary","lanes":"3","oneway":"no","surface":"asphalt","source":"OpenStreetMap"},"geometry":{"type":"LineString","coordinates":[[120.2002701,22.9883],[120.2002428,22.9876568],[120.2002236,22.987204],[120.200219,22.9870951],[120.2002169,22.9870337],[120.2002148,22.9869969],[120.2001846,22.9862836]]}},{"type":"Feature","id":521131211,"properties":{"osm_id":521131211,"name":"永福路一段","name_en":"Yongfu Road Section 1","highway":"tertiary","lanes":null,"oneway":"no","surface":"asphalt","source":"OpenStreetMap"},"geometry":{"type":"LineString","coordinates":[[120.2001846,22.9862836],[120.200109,22.9850817]]}},{"type":"Feature","id":521131212,"properties":{"osm_id":521131212,"name":"永福路一段","name_en":"Yongfu Road Section 1","highway":"tertiary","lanes":"2","oneway":"no","surface":"asphalt","source":"OpenStreetMap"},"geometry":{"type":"LineString","coordinates":[[120.200109,22.9850817],[120.200107,22.9838664],[120.2001052,22.9826167],[120.2001032,22.9814543],[120.2001036,22.9814526],[120.2001033,22.9813729]]}},{"type":"Feature","id":41389167,"properties":{"osm_id":41389167,"name":"永福路二段","name_en":"Yongfu Road Section 2","highway":"living_street","lanes":null,"oneway":null,"surface":"paving_stones","source":"OpenStreetMap"},"geometry":{"type":"LineString","coordinates":[[120.2024849,22.9968469],[120.2024686,22.9968004],[120.2022617,22.9962686],[120.202238,22.9962006],[120.2020225,22.9960246]]}},{"type":"Feature","id":496253682,"properties":{"osm_id":496253682,"name":"永福路二段","name_en":"Yongfu Road Section 2","highway":"tertiary","lanes":"2","oneway":"no","surface":"asphalt","source":"OpenStreetMap"},"geometry":{"type":"LineString","coordinates":[[120.2006398,22.9912439],[120.2006259,22.9911775],[120.2005831,22.9909727],[120.2004985,22.9905558],[120.2004804,22.9904597],[120.2004057,22.9900639],[120.2003857,22.9899329]]}},{"type":"Feature","id":496253684,"properties":{"osm_id":496253684,"name":"永福路二段","name_en":"Yongfu Road Section 2","highway":"tertiary","lanes":"2","oneway":"no","surface":"asphalt","source":"OpenStreetMap"},"geometry":{"type":"LineString","coordinates":[[120.2012647,22.9937918],[120.2012331,22.9936862],[120.2011453,22.9933932],[120.2011007,22.9932199],[120.2010236,22.9929206],[120.2009703,22.9927066],[120.2009507,22.992631],[120.2009466,22.9926134],[120.2008997,22.9923917],[120.2008809,22.992302],[120.2008666,22.992242],[120.2008475,22.9921485],[120.2008094,22.991965],[120.2007708,22.9918109],[120.2006554,22.9913116],[120.2006398,22.9912439]]}},{"type":"Feature","id":554648350,"properties":{"osm_id":554648350,"name":"永福路二段","name_en":"Yongfu Road Section 2","highway":"tertiary","lanes":"2","oneway":"no","surface":"asphalt","source":"OpenStreetMap"},"geometry":{"type":"LineString","coordinates":[[120.201812,22.9954082],[120.2017857,22.995336],[120.2016522,22.9949692],[120.2015338,22.9946093],[120.201519,22.9945655],[120.2014206,22.9942707],[120.2013861,22.9941676],[120.2013167,22.9939639],[120.2012785,22.9938519],[120.2012647,22.9937918]]}},{"type":"Feature","id":562025613,"properties":{"osm_id":562025613,"name":"永福路二段","name_en":"Yongfu Road Section 2","highway":"living_street","lanes":null,"oneway":null,"surface":"asphalt","source":"OpenStreetMap"},"geometry":{"type":"LineString","coordinates":[[120.2020225,22.9960246],[120.2018966,22.9956944],[120.2018266,22.9955069]]}},{"type":"Feature","id":1382010116,"properties":{"osm_id":1382010116,"name":"永福路二段","name_en":"Yongfu Road Section 2","highway":"living_street","lanes":null,"oneway":null,"surface":"asphalt","source":"OpenStreetMap"},"geometry":{"type":"LineString","coordinates":[[120.2018266,22.9955069],[120.201812,22.9954082]]}},{"type":"Feature","id":160700613,"properties":{"osm_id":160700613,"name":"光華街","name_en":null,"highway":"residential","lanes":null,"oneway":null,"surface":"asphalt","source":"OpenStreetMap"},"geometry":{"type":"LineString","coordinates":[[120.2182504,22.9848509],[120.2181911,22.9848722],[120.2173595,22.9851644],[120.2173532,22.985176],[120.2172304,22.9853282],[120.217096,22.9855358],[120.2170143,22.9856253],[120.2169976,22.9856968],[120.2169526,22.9857655],[120.2168501,22.985868],[120.2166993,22.9860574],[120.2165711,22.9861814],[120.2164209,22.9862503],[120.2163399,22.986479],[120.2162992,22.9865774]]}},{"type":"Feature","id":160911820,"properties":{"osm_id":160911820,"name":"光華街","name_en":null,"highway":"residential","lanes":null,"oneway":null,"surface":null,"source":"OpenStreetMap"},"geometry":{"type":"LineString","coordinates":[[120.2132844,22.986845],[120.2134814,22.9868551],[120.2138143,22.9868851],[120.2140115,22.9869314],[120.2143069,22.9869156],[120.2146071,22.9868796],[120.2147463,22.9868404],[120.2158378,22.9865331],[120.2159486,22.9865487],[120.2163399,22.986479]]}},{"type":"Feature","id":160911822,"properties":{"osm_id":160911822,"name":"光華街","name_en":null,"highway":"residential","lanes":null,"oneway":"no","surface":null,"source":"OpenStreetMap"},"geometry":{"type":"LineString","coordinates":[[120.2130154,22.986826],[120.2132844,22.986845]]}},{"type":"Feature","id":1456637145,"properties":{"osm_id":1456637145,"name":"光華街","name_en":null,"highway":"residential","lanes":null,"oneway":null,"surface":"paving_stones","source":"OpenStreetMap"},"geometry":{"type":"LineString","coordinates":[[120.2204153,22.9837395],[120.2203663,22.9837924],[120.2203493,22.9838109],[120.2201185,22.9839852],[120.2198288,22.9841863],[120.2195504,22.9841821],[120.2194472,22.9842114],[120.2192397,22.9843366],[120.2187718,22.9846214],[120.2185415,22.984744],[120.2182504,22.9848509]]}},{"type":"Feature","id":152193600,"properties":{"osm_id":152193600,"name":"光華街229巷","name_en":null,"highway":"residential","lanes":null,"oneway":null,"surface":"asphalt","source":"OpenStreetMap"},"geometry":{"type":"LineString","coordinates":[[120.2142739,22.9855077],[120.21439,22.9858553],[120.2145385,22.9862656],[120.2146603,22.9866024],[120.2147463,22.9868404],[120.2148163,22.9870338],[120.215094,22.9878015]]}},{"type":"Feature","id":158824781,"properties":{"osm_id":158824781,"name":"光賢街","name_en":null,"highway":"residential","lanes":null,"oneway":null,"surface":"asphalt","source":"OpenStreetMap"},"geometry":{"type":"LineString","coordinates":[[120.1890107,23.0053739],[120.1891646,23.004494]]}},{"type":"Feature","id":496339486,"properties":{"osm_id":496339486,"name":"光賢街","name_en":null,"highway":"residential","lanes":null,"oneway":null,"surface":"asphalt","source":"OpenStreetMap"},"geometry":{"type":"LineString","coordinates":[[120.1891646,23.004494],[120.1886565,23.004438],[120.1875853,23.0043121],[120.186887,23.0042306],[120.1867407,23.0042116]]}},{"type":"Feature","id":158849549,"properties":{"osm_id":158849549,"name":"光賢街21巷2弄","name_en":null,"highway":"residential","lanes":null,"oneway":null,"surface":null,"source":"OpenStreetMap"},"geometry":{"type":"LineString","coordinates":[[120.1885396,23.005065],[120.1874749,23.00494]]}},{"type":"Feature","id":158849584,"properties":{"osm_id":158849584,"name":"光賢街45巷","name_en":null,"highway":"residential","lanes":null,"oneway":null,"surface":null,"source":"OpenStreetMap"},"geometry":{"type":"LineString","coordinates":[[120.1886565,23.004438],[120.1885905,23.0047918],[120.1885396,23.005065],[120.1884371,23.0056547]]}},{"type":"Feature","id":302009315,"properties":{"osm_id":302009315,"name":"好望角廣場","name_en":null,"highway":"pedestrian","lanes":null,"oneway":null,"surface":"paving_stones","source":"OpenStreetMap"},"geometry":{"type":"LineString","coordinates":[[120.1943161,22.9875592],[120.1943209,22.9874305],[120.1942683,22.9873722],[120.1943116,22.9873435],[120.1943575,22.9873131],[120.1946022,22.9873023],[120.194599,22.98734],[120.1945928,22.9874127],[120.1945424,22.9875088],[120.1943161,22.9875592]]}},{"type":"Feature","id":27067581,"properties":{"osm_id":27067581,"name":"成功路","name_en":"Chenggong Road","highway":"tertiary","lanes":"2","oneway":"yes","surface":"asphalt","source":"OpenStreetMap"},"geometry":{"type":"LineString","coordinates":[[120.2112279,22.9973053],[120.2113014,22.9973251]]}},{"type":"Feature","id":107538167,"properties":{"osm_id":107538167,"name":"成功路","name_en":"Chenggong Road","highway":"primary","lanes":null,"oneway":"yes","surface":"asphalt","source":"OpenStreetMap"},"geometry":{"type":"LineString","coordinates":[[120.1938558,23.0034547],[120.1939315,23.0033335],[120.1950385,23.0021819],[120.1950696,23.0021472]]}},{"type":"Feature","id":107538186,"properties":{"osm_id":107538186,"name":"成功路","name_en":"Chenggong Road","highway":"primary","lanes":null,"oneway":"yes","surface":"asphalt","source":"OpenStreetMap"},"geometry":{"type":"LineString","coordinates":[[120.196115,23.0015165],[120.1956964,23.0016715],[120.1956167,23.0017174],[120.1955539,23.001779],[120.1952187,23.0021088]]}},{"type":"Feature","id":107538192,"properties":{"osm_id":107538192,"name":"成功路","name_en":"Chenggong Road","highway":"tertiary","lanes":"2","oneway":"yes","surface":"asphalt","source":"OpenStreetMap"},"geometry":{"type":"LineString","coordinates":[[120.1960773,23.0014329],[120.1974539,23.0009254],[120.1977272,23.0008325],[120.198597,23.000536],[120.1987022,23.0004949],[120.1988027,23.0004615]]}},{"type":"Feature","id":158656449,"properties":{"osm_id":158656449,"name":"成功路","name_en":"Chenggong Road","highway":"residential","lanes":null,"oneway":"yes","surface":"asphalt","source":"OpenStreetMap"},"geometry":{"type":"LineString","coordinates":[[120.1946921,23.0019326],[120.1948651,23.0018582],[120.1953576,23.0016872],[120.1955491,23.0016367]]}},{"type":"Feature","id":228022808,"properties":{"osm_id":228022808,"name":"成功路","name_en":"Chenggong Road","highway":"tertiary","lanes":"2","oneway":"yes","surface":"asphalt","source":"OpenStreetMap"},"geometry":{"type":"LineString","coordinates":[[120.2102508,22.9975335],[120.2101655,22.9975492],[120.209479,22.9976859],[120.2087699,22.9977878],[120.2086676,22.9978025],[120.2086123,22.9978121],[120.2079985,22.9979187],[120.2076689,22.9979702],[120.207246,22.9980537],[120.2070704,22.998084]]}},{"type":"Feature","id":228022809,"properties":{"osm_id":228022809,"name":"成功路","name_en":"Chenggong Road","highway":"tertiary","lanes":"2","oneway":"yes","surface":"asphalt","source":"OpenStreetMap"},"geometry":{"type":"LineString","coordinates":[[120.2070704,22.998084],[120.2068906,22.9981161],[120.2066902,22.9981556],[120.2063721,22.9982129],[120.2063063,22.9982247],[120.2061899,22.9982473],[120.2059866,22.9982805],[120.2054526,22.9983675],[120.2053483,22.9983857],[120.2049637,22.9984633],[120.2048343,22.9985049],[120.2042053,22.9987061],[120.2034947,22.9989491],[120.2034283,22.9989718],[120.2033721,22.9989904],[120.2029214,22.9991392],[120.2028832,22.9991516],[120.202814,22.9991758],[120.2021127,22.9994215],[120.2013331,22.9997113]]}},{"type":"Feature","id":228022810,"properties":{"osm_id":228022810,"name":"成功路","name_en":"Chenggong Road","highway":"tertiary","lanes":"2","oneway":"yes","surface":"asphalt","source":"OpenStreetMap"},"geometry":{"type":"LineString","coordinates":[[120.2113014,22.9973251],[120.2112377,22.9973682]]}},{"type":"Feature","id":279365155,"properties":{"osm_id":279365155,"name":"成功路","name_en":"Chenggong Road","highway":"tertiary","lanes":"2","oneway":"yes","surface":"asphalt","source":"OpenStreetMap"},"geometry":{"type":"LineString","coordinates":[[120.2012826,22.9996302],[120.2020775,22.9993561],[120.2027909,22.9991159],[120.2028472,22.999097],[120.2028976,22.99908],[120.2033468,22.9989287],[120.2034073,22.9989083],[120.2034711,22.9988849],[120.2039454,22.9987107],[120.2041778,22.9986364],[120.2048027,22.9984346],[120.2049419,22.9983965],[120.2053364,22.998312]]}},{"type":"Feature","id":279365157,"properties":{"osm_id":279365157,"name":"成功路","name_en":"Chenggong Road","highway":"tertiary","lanes":"2","oneway":"yes","surface":"asphalt","source":"OpenStreetMap"},"geometry":{"type":"LineString","coordinates":[[120.2012529,22.9997397],[120.2001721,23.0000965],[120.2000669,23.0001313],[120.1999612,23.0001665],[120.1989586,23.0005006],[120.1988652,23.0005351],[120.1988426,23.0005406],[120.1987363,23.0005774],[120.1986295,23.0006151],[120.1974886,23.0010071],[120.1969022,23.0012275],[120.196115,23.0015165]]}},{"type":"Feature","id":297757250,"properties":{"osm_id":297757250,"name":"成功路","name_en":"Chenggong Road","highway":"tertiary","lanes":null,"oneway":"yes","surface":"asphalt","source":"OpenStreetMap"},"geometry":{"type":"LineString","coordinates":[[120.2012039,22.9996581],[120.2012826,22.9996302]]}},{"type":"Feature","id":297757251,"properties":{"osm_id":297757251,"name":"成功路","name_en":"Chenggong Road","highway":"tertiary","lanes":null,"oneway":"yes","surface":"asphalt","source":"OpenStreetMap"},"geometry":{"type":"LineString","coordinates":[[120.2013331,22.9997113],[120.2012529,22.9997397]]}},{"type":"Feature","id":305502905,"properties":{"osm_id":305502905,"name":"成功路","name_en":"Chenggong Road","highway":"primary","lanes":null,"oneway":"yes","surface":"asphalt","source":"OpenStreetMap"},"geometry":{"type":"LineString","coordinates":[[120.1950696,23.0021472],[120.1951331,23.0020776]]}},{"type":"Feature","id":305502906,"properties":{"osm_id":305502906,"name":"成功路","name_en":"Chenggong Road","highway":"primary","lanes":null,"oneway":"yes","surface":"asphalt","source":"OpenStreetMap"},"geometry":{"type":"LineString","coordinates":[[120.1952187,23.0021088],[120.1951557,23.0021776]]}},{"type":"Feature","id":306974310,"properties":{"osm_id":306974310,"name":"成功路","name_en":"Chenggong Road","highway":"tertiary","lanes":"2","oneway":"yes","surface":"asphalt","source":"OpenStreetMap"},"geometry":{"type":"LineString","coordinates":[[120.207032,22.9980131],[120.207233,22.997981],[120.2076336,22.9979016],[120.2085984,22.9977513],[120.2086374,22.9977449],[120.2087599,22.9977262],[120.2094679,22.9976184],[120.210152,22.9974832],[120.2102362,22.9974678]]}},{"type":"Feature","id":496257364,"properties":{"osm_id":496257364,"name":"成功路","name_en":"Chenggong Road","highway":"tertiary","lanes":"2","oneway":"yes","surface":"asphalt","source":"OpenStreetMap"},"geometry":{"type":"LineString","coordinates":[[120.2053364,22.998312],[120.2060003,22.9981961],[120.2061883,22.9981633],[120.2063177,22.9981411],[120.2068782,22.9980448],[120.207032,22.9980131]]}},{"type":"Feature","id":642810484,"properties":{"osm_id":642810484,"name":"成功路","name_en":"Chenggong Road","highway":"tertiary","lanes":"2","oneway":"yes","surface":"asphalt","source":"OpenStreetMap"},"geometry":{"type":"LineString","coordinates":[[120.1988027,23.0004615],[120.1989247,23.0004215],[120.199088,23.0003671],[120.1999283,23.0000838],[120.2000327,23.0000486],[120.2001387,23.0000133],[120.2012039,22.9996581]]}},{"type":"Feature","id":962632543,"properties":{"osm_id":962632543,"name":"成功路","name_en":"Chenggong Road","highway":"primary","lanes":"2","oneway":"yes","surface":"asphalt","source":"OpenStreetMap"},"geometry":{"type":"LineString","coordinates":[[120.1951557,23.0021776],[120.1951214,23.002214],[120.1947889,23.0025575],[120.1945075,23.0028489],[120.1939905,23.0033999],[120.1938558,23.0034547]]}},{"type":"Feature","id":962632544,"properties":{"osm_id":962632544,"name":"成功路","name_en":"Chenggong Road","highway":"primary","lanes":null,"oneway":"yes","surface":"asphalt","source":"OpenStreetMap"},"geometry":{"type":"LineString","coordinates":[[120.1951331,23.0020776],[120.1955491,23.0016367],[120.1956336,23.0015953],[120.1960773,23.0014329]]}},{"type":"Feature","id":1134541324,"properties":{"osm_id":1134541324,"name":"成功路","name_en":"Chenggong Road","highway":"tertiary","lanes":"2","oneway":"yes","surface":"asphalt","source":"OpenStreetMap"},"geometry":{"type":"LineString","coordinates":[[120.2102362,22.9974678],[120.2103169,22.9974547],[120.2110826,22.9973306],[120.2112279,22.9973053]]}},{"type":"Feature","id":1134541325,"properties":{"osm_id":1134541325,"name":"成功路","name_en":"Chenggong Road","highway":"tertiary","lanes":"2","oneway":"yes","surface":"asphalt","source":"OpenStreetMap"},"geometry":{"type":"LineString","coordinates":[[120.2112377,22.9973682],[120.2110898,22.9973936],[120.2103319,22.9975211],[120.2102508,22.9975335]]}},{"type":"Feature","id":81509011,"properties":{"osm_id":81509011,"name":"成功路22巷","name_en":null,"highway":"residential","lanes":"2","oneway":null,"surface":"asphalt","source":"OpenStreetMap"},"geometry":{"type":"LineString","coordinates":[[120.2095052,22.9993991],[120.2093739,22.9991459],[120.2092103,22.9988384],[120.209031,22.9984937],[120.2086995,22.9978632],[120.2086676,22.9978025],[120.2086374,22.9977449]]}},{"type":"Feature","id":159130373,"properties":{"osm_id":159130373,"name":"成功路600巷","name_en":null,"highway":"residential","lanes":null,"oneway":null,"surface":"paving_stones","source":"OpenStreetMap"},"geometry":{"type":"LineString","coordinates":[[120.1966625,23.0033504],[120.1959107,23.0030871],[120.1951638,23.0028162],[120.1951097,23.0027941],[120.1950658,23.00277],[120.1950218,23.002741],[120.1947889,23.0025575]]}},{"type":"Feature","id":509175416,"properties":{"osm_id":509175416,"name":"成功路614巷","name_en":null,"highway":"residential","lanes":null,"oneway":null,"surface":"paving_stones","source":"OpenStreetMap"},"geometry":{"type":"LineString","coordinates":[[120.195981,23.0035363],[120.1957506,23.0034515],[120.1949617,23.0031623],[120.1948101,23.0031067],[120.1945075,23.0028489]]}},{"type":"Feature","id":158473525,"properties":{"osm_id":158473525,"name":"西和路","name_en":null,"highway":"tertiary","lanes":"2","oneway":"yes","surface":"asphalt","source":"OpenStreetMap"},"geometry":{"type":"LineString","coordinates":[[120.1938558,23.0034547],[120.193715,23.003434],[120.1936831,23.0034293],[120.1929197,23.0031546],[120.1928735,23.003138],[120.1927146,23.0030422],[120.1922745,23.0027358],[120.191694,23.002323],[120.1910321,23.0019217],[120.1904607,23.0015717],[120.1892127,23.0007812]]}},{"type":"Feature","id":158854925,"properties":{"osm_id":158854925,"name":"西和路","name_en":null,"highway":"tertiary","lanes":"2","oneway":"yes","surface":"asphalt","source":"OpenStreetMap"},"geometry":{"type":"LineString","coordinates":[[120.1876406,22.9990598],[120.1883073,22.9998779],[120.1885018,23.0000704],[120.1888986,23.000421],[120.1892813,23.000727]]}},{"type":"Feature","id":505317138,"properties":{"osm_id":505317138,"name":"西和路","name_en":null,"highway":"tertiary","lanes":"2","oneway":"yes","surface":"asphalt","source":"OpenStreetMap"},"geometry":{"type":"LineString","coordinates":[[120.1892813,23.000727],[120.1899996,23.0011848],[120.1902901,23.0013699],[120.1905076,23.0015081]]}},{"type":"Feature","id":505317145,"properties":{"osm_id":505317145,"name":"西和路","name_en":null,"highway":"tertiary","lanes":"2","oneway":"yes","surface":"asphalt","source":"OpenStreetMap"},"geometry":{"type":"LineString","coordinates":[[120.1892127,23.0007812],[120.1888197,23.0004828],[120.1884723,23.0001766],[120.1882631,22.9999556],[120.1880704,22.9997269],[120.1875492,22.9991277]]}},{"type":"Feature","id":505317154,"properties":{"osm_id":505317154,"name":"西和路","name_en":null,"highway":"tertiary","lanes":"2","oneway":"yes","surface":"asphalt","source":"OpenStreetMap"},"geometry":{"type":"LineString","coordinates":[[120.1905076,23.0015081],[120.1911345,23.0018874],[120.1917588,23.0022602],[120.1923281,23.0026797],[120.1927414,23.0029842],[120.192912,23.003077],[120.1929629,23.0030946],[120.193297,23.0032098],[120.1936917,23.0033463],[120.1937242,23.0033678],[120.1938558,23.0034547]]}},{"type":"Feature","id":440596585,"properties":{"osm_id":440596585,"name":"西和路287巷","name_en":null,"highway":"residential","lanes":null,"oneway":null,"surface":"asphalt","source":"OpenStreetMap"},"geometry":{"type":"LineString","coordinates":[[120.192396,23.003549],[120.1928735,23.003138],[120.192912,23.003077]]}},{"type":"Feature","id":158782344,"properties":{"osm_id":158782344,"name":"西門圓環","name_en":"Ximen Roundabout","highway":"tertiary","lanes":null,"oneway":"yes","surface":"asphalt","source":"OpenStreetMap"},"geometry":{"type":"LineString","coordinates":[[120.199549,22.9976142],[120.1995456,22.9975532],[120.1995518,22.9974736],[120.1995719,22.9973961],[120.1996055,22.9973226],[120.1996516,22.9972551],[120.199709,22.9971954],[120.1997762,22.9971451],[120.1998279,22.9971179],[120.1998514,22.9971055],[120.1999326,22.9970777],[120.2000074,22.9970636],[120.2000845,22.9970595],[120.2001614,22.9970657],[120.2001941,22.9970728],[120.2002365,22.9970821],[120.2003082,22.9971084],[120.200375,22.997144],[120.2004791,22.9972295],[120.2005554,22.9973371],[120.2006,22.9974642],[120.2006073,22.9975594],[120.2005936,22.9976591],[120.200558,22.9977542],[120.200502,22.9978405],[120.200428,22.9979144],[120.2003392,22.9979729],[120.2002411,22.9980128],[120.2001425,22.9980331],[120.2000415,22.9980358],[120.1999418,22.9980209],[120.199847,22.9979888],[120.1997605,22.9979409],[120.1996854,22.9978787],[120.1996245,22.9978045],[120.1996101,22.9977816],[120.1995753,22.9977092],[120.199549,22.9976142]]}},{"type":"Feature","id":158782345,"properties":{"osm_id":158782345,"name":"西門圓環","name_en":"Ximen Roundabout","highway":"tertiary","lanes":null,"oneway":"yes","surface":"asphalt","source":"OpenStreetMap"},"geometry":{"type":"LineString","coordinates":[[120.2002132,22.9972022],[120.2002877,22.9972354],[120.200353,22.9972821],[120.2004065,22.9973402],[120.2004457,22.9974073],[120.200469,22.9974804],[120.200475,22.9975288],[120.200474,22.9975775],[120.2004659,22.9976256],[120.200451,22.9976724],[120.2004295,22.9977169],[120.2004017,22.9977584],[120.2003682,22.9977961],[120.2003296,22.9978293],[120.2002865,22.9978576],[120.2002451,22.997878],[120.2002014,22.9978938],[120.2001256,22.9979093],[120.200048,22.9979109],[120.1999715,22.9978985],[120.199899,22.9978727],[120.1998335,22.9978344],[120.1997772,22.9977851],[120.1997325,22.9977266],[120.199701,22.9976613],[120.1996838,22.9975915],[120.1996833,22.9975051],[120.1997048,22.9974209],[120.1997471,22.9973438],[120.199808,22.9972779],[120.1998839,22.9972271],[120.1999707,22.997194],[120.2000101,22.9971858],[120.2000503,22.9971813],[120.200133,22.9971839],[120.2002132,22.9972022]]}},{"type":"Feature","id":108037210,"properties":{"osm_id":108037210,"name":"西門路一段","name_en":"Ximen Road Section 1","highway":"tertiary","lanes":"2","oneway":"yes","surface":"asphalt","source":"OpenStreetMap"},"geometry":{"type":"LineString","coordinates":[[120.1977984,22.9904535],[120.1977173,22.9902413],[120.1977033,22.9902047],[120.1976282,22.989949],[120.1975877,22.9897933],[120.1975632,22.9896639],[120.1975291,22.9894467],[120.1975081,22.9892871],[120.1975005,22.9890662],[120.1975037,22.9885075],[120.197511,22.9874368],[120.1975125,22.9873812]]}},{"type":"Feature","id":228022815,"properties":{"osm_id":228022815,"name":"西門路一段","name_en":"Ximen Road Section 1","highway":"tertiary","lanes":null,"oneway":"yes","surface":"asphalt","source":"OpenStreetMap"},"geometry":{"type":"LineString","coordinates":[[120.1977022,22.9814765],[120.1977006,22.9815536],[120.1976921,22.9819915],[120.1976799,22.9825768],[120.1976787,22.9826333],[120.1976776,22.9826863],[120.197661,22.9835286],[120.1976554,22.9838034],[120.1976542,22.983861],[120.1976532,22.9839119],[120.1976305,22.9850314],[120.1976295,22.9850846],[120.1976284,22.9851369],[120.1976057,22.9862596],[120.1976042,22.9863344],[120.1976032,22.9863832],[120.1976025,22.9864175],[120.1975843,22.9873146],[120.197583,22.9873805]]}},{"type":"Feature","id":286847307,"properties":{"osm_id":286847307,"name":"西門路一段","name_en":"Ximen Road Section 1","highway":"tertiary","lanes":"2","oneway":"yes","surface":"asphalt","source":"OpenStreetMap"},"geometry":{"type":"LineString","coordinates":[[120.197583,22.9873805],[120.1975853,22.9874344],[120.1975847,22.987521],[120.1975834,22.9884723],[120.1975817,22.9890926],[120.197585,22.9891763],[120.1975885,22.9892646],[120.1976116,22.9894653],[120.1976435,22.9896425],[120.1977266,22.9899738],[120.1977904,22.9901838],[120.1978027,22.9902142],[120.1978343,22.9902922],[120.197879,22.9904083]]}},{"type":"Feature","id":286847309,"properties":{"osm_id":286847309,"name":"西門路一段","name_en":"Ximen Road Section 1","highway":"tertiary","lanes":null,"oneway":"yes","surface":"asphalt","source":"OpenStreetMap"},"geometry":{"type":"LineString","coordinates":[[120.1975125,22.9873812],[120.1975137,22.9873158],[120.19752,22.9869822],[120.1975311,22.9863848],[120.1975321,22.9863343],[120.1975335,22.9862574],[120.1975384,22.9859956],[120.1975545,22.9851371],[120.1975554,22.9850841],[120.1975564,22.9850316],[120.1975619,22.9847391],[120.1975653,22.9845557],[120.1975702,22.9842925],[120.1975774,22.9839111],[120.1975783,22.9838607],[120.1975793,22.9838062],[120.1975839,22.9835632],[120.1975999,22.982687],[120.1976009,22.9826344],[120.197602,22.9825775],[120.1976147,22.9819156],[120.1976212,22.9815517],[120.1976226,22.9814775]]}},{"type":"Feature","id":385778070,"properties":{"osm_id":385778070,"name":"西門路一段689巷","name_en":null,"highway":"pedestrian","lanes":null,"oneway":null,"surface":"paving_stones","source":"OpenStreetMap"},"geometry":{"type":"LineString","coordinates":[[120.1968588,22.9865844],[120.196847,22.986991]]}},{"type":"Feature","id":385778071,"properties":{"osm_id":385778071,"name":"西門路一段689巷","name_en":null,"highway":"pedestrian","lanes":null,"oneway":null,"surface":"paving_stones","source":"OpenStreetMap"},"geometry":{"type":"LineString","coordinates":[[120.196847,22.986991],[120.1974234,22.9869833],[120.19752,22.9869822]]}},{"type":"Feature","id":1110199013,"properties":{"osm_id":1110199013,"name":"西門路一段703巷","name_en":null,"highway":"residential","lanes":null,"oneway":null,"surface":"asphalt","source":"OpenStreetMap"},"geometry":{"type":"LineString","coordinates":[[120.1975037,22.9885075],[120.1968471,22.9885482],[120.1963699,22.9885658],[120.1957527,22.988604]]}},{"type":"Feature","id":38367679,"properties":{"osm_id":38367679,"name":"西門路二段","name_en":"Ximen Road Section 2","highway":"tertiary","lanes":"2","oneway":"yes","surface":"asphalt","source":"OpenStreetMap"},"geometry":{"type":"LineString","coordinates":[[120.1982673,22.9917395],[120.198246,22.9916827],[120.1981326,22.9913804],[120.198069,22.9911944],[120.1979522,22.9908445],[120.1979398,22.9908114],[120.1978524,22.9905734],[120.1977984,22.9904535]]}},{"type":"Feature","id":142297097,"properties":{"osm_id":142297097,"name":"西門路二段","name_en":"Ximen Road Section 2","highway":"tertiary","lanes":"3","oneway":"yes","surface":"asphalt","source":"OpenStreetMap"},"geometry":{"type":"LineString","coordinates":[[120.2000796,22.9975347],[120.1999707,22.997194],[120.1999326,22.9970777]]}},{"type":"Feature","id":228022817,"properties":{"osm_id":228022817,"name":"西門路二段","name_en":"Simen Road Section 2","highway":"tertiary","lanes":null,"oneway":"yes","surface":"asphalt","source":"OpenStreetMap"},"geometry":{"type":"LineString","coordinates":[[120.2012529,22.9997397],[120.2012039,22.9996581]]}},{"type":"Feature","id":228022818,"properties":{"osm_id":228022818,"name":"西門路二段","name_en":"Simen Road Section 2","highway":"tertiary","lanes":"3","oneway":"yes","surface":"asphalt","source":"OpenStreetMap"},"geometry":{"type":"LineString","coordinates":[[120.2001713,22.9975212],[120.2002865,22.9978576],[120.2003392,22.9979729]]}},{"type":"Feature","id":250710099,"properties":{"osm_id":250710099,"name":"西門路二段","name_en":"Ximen Road Section 2","highway":"tertiary","lanes":"2","oneway":"yes","surface":"asphalt","source":"OpenStreetMap"},"geometry":{"type":"LineString","coordinates":[[120.1986996,22.9927582],[120.198726,22.9928348],[120.198868,22.9932432],[120.199013,22.9937199],[120.1992194,22.9943575],[120.1992437,22.9944326]]}},{"type":"Feature","id":259871068,"properties":{"osm_id":259871068,"name":"西門路二段","name_en":"Ximen Road Section 2","highway":"tertiary","lanes":"2","oneway":"yes","surface":"asphalt","source":"OpenStreetMap"},"geometry":{"type":"LineString","coordinates":[[120.1995816,22.9960671],[120.199561,22.9959787],[120.1995471,22.9959224],[120.1993538,22.9951403],[120.1992201,22.9946252],[120.1991961,22.9945329]]}},{"type":"Feature","id":259871069,"properties":{"osm_id":259871069,"name":"西門路二段","name_en":"Ximen Road Section 2","highway":"tertiary","lanes":"2","oneway":"yes","surface":"asphalt","source":"OpenStreetMap"},"geometry":{"type":"LineString","coordinates":[[120.1996531,22.9960653],[120.1996843,22.9961815],[120.1999154,22.9968056],[120.1999939,22.9970256],[120.2000074,22.9970636]]}},{"type":"Feature","id":279365159,"properties":{"osm_id":279365159,"name":"西門路二段","name_en":"Simen Road Section 2","highway":"tertiary","lanes":null,"oneway":"yes","surface":"asphalt","source":"OpenStreetMap"},"geometry":{"type":"LineString","coordinates":[[120.2012826,22.9996302],[120.2013331,22.9997113]]}},{"type":"Feature","id":282278510,"properties":{"osm_id":282278510,"name":"西門路二段","name_en":"Simen Road Section 2","highway":"tertiary","lanes":null,"oneway":"yes","surface":"asphalt","source":"OpenStreetMap"},"geometry":{"type":"LineString","coordinates":[[120.1992437,22.9944326],[120.1992644,22.9945118]]}},{"type":"Feature","id":286847310,"properties":{"osm_id":286847310,"name":"西門路二段","name_en":"Ximen Road Section 2","highway":"tertiary","lanes":null,"oneway":"yes","surface":"asphalt","source":"OpenStreetMap"},"geometry":{"type":"LineString","coordinates":[[120.197879,22.9904083],[120.1979368,22.9905494],[120.1980111,22.9907797],[120.1980214,22.9908136],[120.1980855,22.9909953],[120.1983153,22.9916628],[120.198338,22.9917253]]}},{"type":"Feature","id":297757252,"properties":{"osm_id":297757252,"name":"西門路二段","name_en":"Ximen Road Section 2","highway":"tertiary","lanes":"2","oneway":"yes","surface":"asphalt","source":"OpenStreetMap"},"geometry":{"type":"LineString","coordinates":[[120.2012039,22.9996581],[120.2008951,22.9991499],[120.2007359,22.9988832],[120.2005477,22.9985541]]}},{"type":"Feature","id":298812493,"properties":{"osm_id":298812493,"name":"西門路二段","name_en":"Ximen Road Section 2","highway":"tertiary","lanes":"2","oneway":"yes","surface":"asphalt","source":"OpenStreetMap"},"geometry":{"type":"LineString","coordinates":[[120.199177,22.9944661],[120.1991485,22.9943763],[120.1990288,22.9939699],[120.1989518,22.9937368],[120.1988463,22.9934173],[120.1987838,22.9932281],[120.1987558,22.9931434],[120.1986587,22.9928514],[120.1986317,22.9927723]]}},{"type":"Feature","id":315886537,"properties":{"osm_id":315886537,"name":"西門路二段","name_en":"Ximen Road Section 2","highway":"tertiary","lanes":"3","oneway":"yes","surface":"asphalt","source":"OpenStreetMap"},"geometry":{"type":"LineString","coordinates":[[120.2000074,22.9970636],[120.2000503,22.9971813],[120.2001713,22.9975212]]}},{"type":"Feature","id":315886538,"properties":{"osm_id":315886538,"name":"西門路二段","name_en":"Simen Road Section 2","highway":"tertiary","lanes":"3","oneway":"yes","surface":"asphalt","source":"OpenStreetMap"},"geometry":{"type":"LineString","coordinates":[[120.2002411,22.9980128],[120.2002014,22.9978938],[120.2000796,22.9975347]]}},{"type":"Feature","id":315886539,"properties":{"osm_id":315886539,"name":"西門路二段","name_en":"Ximen Road Section 2","highway":"tertiary","lanes":"2","oneway":"yes","surface":"asphalt","source":"OpenStreetMap"},"geometry":{"type":"LineString","coordinates":[[120.2003392,22.9979729],[120.2005705,22.9984149],[120.2006295,22.9985257],[120.2008086,22.9988433],[120.2012826,22.9996302]]}},{"type":"Feature","id":315886540,"properties":{"osm_id":315886540,"name":"西門路二段","name_en":"Ximen Road Section 2","highway":"tertiary","lanes":"2","oneway":"yes","surface":"asphalt","source":"OpenStreetMap"},"geometry":{"type":"LineString","coordinates":[[120.1999326,22.9970777],[120.1999227,22.9970482],[120.1998489,22.9968283],[120.1996207,22.9962012],[120.1995816,22.9960671]]}},{"type":"Feature","id":496257361,"properties":{"osm_id":496257361,"name":"西門路二段","name_en":"Ximen Road Section 2","highway":"tertiary","lanes":"2","oneway":"yes","surface":"asphalt","source":"OpenStreetMap"},"geometry":{"type":"LineString","coordinates":[[120.2005477,22.9985541],[120.2002411,22.9980128]]}},{"type":"Feature","id":496493902,"properties":{"osm_id":496493902,"name":"西門路二段","name_en":"Ximen Road Section 2","highway":"tertiary","lanes":"2","oneway":"yes","surface":"asphalt","source":"OpenStreetMap"},"geometry":{"type":"LineString","coordinates":[[120.1992644,22.9945118],[120.1992889,22.9946104],[120.1996118,22.9959092],[120.199625,22.9959624],[120.1996531,22.9960653]]}},{"type":"Feature","id":496493906,"properties":{"osm_id":496493906,"name":"西門路二段","name_en":"Simen Road Section 2","highway":"tertiary","lanes":null,"oneway":"yes","surface":"asphalt","source":"OpenStreetMap"},"geometry":{"type":"LineString","coordinates":[[120.1986766,22.9926904],[120.1986996,22.9927582]]}},{"type":"Feature","id":496493910,"properties":{"osm_id":496493910,"name":"西門路二段","name_en":"Simen Road Section 2","highway":"tertiary","lanes":null,"oneway":"yes","surface":"asphalt","source":"OpenStreetMap"},"geometry":{"type":"LineString","coordinates":[[120.1991961,22.9945329],[120.199177,22.9944661]]}},{"type":"Feature","id":496493914,"properties":{"osm_id":496493914,"name":"西門路二段","name_en":"Ximen Road Section 2","highway":"tertiary","lanes":"2","oneway":"yes","surface":"asphalt","source":"OpenStreetMap"},"geometry":{"type":"LineString","coordinates":[[120.1986081,22.9927049],[120.1985819,22.9926284],[120.1982863,22.9917931],[120.1982673,22.9917395]]}},{"type":"Feature","id":496493917,"properties":{"osm_id":496493917,"name":"西門路二段","name_en":"Ximen Road Section 2","highway":"tertiary","lanes":"2","oneway":"yes","surface":"asphalt","source":"OpenStreetMap"},"geometry":{"type":"LineString","coordinates":[[120.198338,22.9917253],[120.1983551,22.9917736],[120.1984819,22.992132],[120.1986491,22.9926108],[120.1986766,22.9926904]]}},{"type":"Feature","id":496493918,"properties":{"osm_id":496493918,"name":"西門路二段","name_en":"Simen Road Section 2","highway":"tertiary","lanes":null,"oneway":"yes","surface":"asphalt","source":"OpenStreetMap"},"geometry":{"type":"LineString","coordinates":[[120.1986317,22.9927723],[120.1986081,22.9927049]]}},{"type":"Feature","id":27268289,"properties":{"osm_id":27268289,"name":"西門路三段","name_en":"Simen Road Section 3","highway":"tertiary","lanes":"2","oneway":"yes","surface":"asphalt","source":"OpenStreetMap"},"geometry":{"type":"LineString","coordinates":[[120.2056298,23.0053526],[120.2057082,23.005464],[120.2057556,23.0055209]]}},{"type":"Feature","id":38367677,"properties":{"osm_id":38367677,"name":"西門路三段","name_en":"Ximen Road Section 3","highway":"tertiary","lanes":"2","oneway":"yes","surface":"asphalt","source":"OpenStreetMap"},"geometry":{"type":"LineString","coordinates":[[120.2013331,22.9997113],[120.201699,23.00021],[120.2019006,23.0004754],[120.2022907,23.0009855],[120.2024844,23.0012354],[120.2028642,23.0017418],[120.2033582,23.0023836],[120.2034168,23.0024598],[120.2034747,23.0025304]]}},{"type":"Feature","id":250709916,"properties":{"osm_id":250709916,"name":"西門路三段","name_en":"Ximen Road Section 3","highway":"tertiary","lanes":"2","oneway":"yes","surface":"asphalt","source":"OpenStreetMap"},"geometry":{"type":"LineString","coordinates":[[120.2044405,23.0038598],[120.2043951,23.0038042],[120.20423,23.0036023],[120.2041971,23.0035621],[120.203742,23.0030053],[120.2035419,23.0027606],[120.2034512,23.0026496],[120.2033791,23.0025614],[120.2033216,23.0024911]]}},{"type":"Feature","id":286217316,"properties":{"osm_id":286217316,"name":"西門路三段","name_en":"Ximen Road Section 3","highway":"tertiary","lanes":"2","oneway":"yes","surface":"asphalt","source":"OpenStreetMap"},"geometry":{"type":"LineString","coordinates":[[120.2034747,23.0025304],[120.2036197,23.0027147],[120.2039686,23.0031582],[120.2042558,23.0035232],[120.2042909,23.0035678],[120.2044692,23.0037944]]}},{"type":"Feature","id":301189808,"properties":{"osm_id":301189808,"name":"西門路三段","name_en":"Ximen Road Section 3","highway":"tertiary","lanes":"2","oneway":"yes","surface":"asphalt","source":"OpenStreetMap"},"geometry":{"type":"LineString","coordinates":[[120.2027771,23.0017692],[120.2018279,23.0005121],[120.2016111,23.0002271]]}},{"type":"Feature","id":302241613,"properties":{"osm_id":302241613,"name":"西門路三段","name_en":"Ximen Road Section 3","highway":"tertiary","lanes":"2","oneway":"yes","surface":"asphalt","source":"OpenStreetMap"},"geometry":{"type":"LineString","coordinates":[[120.2044692,23.0037944],[120.2056298,23.0053526]]}},{"type":"Feature","id":302241614,"properties":{"osm_id":302241614,"name":"西門路三段","name_en":"Simen Road Section 3","highway":"tertiary","lanes":null,"oneway":"yes","surface":"asphalt","source":"OpenStreetMap"},"geometry":{"type":"LineString","coordinates":[[120.2057556,23.0055209],[120.2057875,23.0055852]]}},{"type":"Feature","id":302246939,"properties":{"osm_id":302246939,"name":"西門路三段","name_en":"Ximen Road Section 3","highway":"tertiary","lanes":"2","oneway":"yes","surface":"asphalt","source":"OpenStreetMap"},"geometry":{"type":"LineString","coordinates":[[120.2056962,23.005584],[120.2056376,23.0055035],[120.2054431,23.0052365],[120.2048836,23.0044682],[120.2046948,23.004209],[120.2044405,23.0038598]]}},{"type":"Feature","id":1493271014,"properties":{"osm_id":1493271014,"name":"西門路三段","name_en":"Ximen Road Section 3","highway":"tertiary","lanes":"2","oneway":"yes","surface":"asphalt","source":"OpenStreetMap"},"geometry":{"type":"LineString","coordinates":[[120.2033216,23.0024911],[120.2032705,23.0024234],[120.2027771,23.0017692]]}},{"type":"Feature","id":1493271042,"properties":{"osm_id":1493271042,"name":"西門路三段","name_en":"Ximen Road Section 3","highway":"tertiary","lanes":"2","oneway":"yes","surface":"asphalt","source":"OpenStreetMap"},"geometry":{"type":"LineString","coordinates":[[120.2016111,23.0002271],[120.2012529,22.9997397]]}},{"type":"Feature","id":250709917,"properties":{"osm_id":250709917,"name":"西門路四段","name_en":"Ximen Road Section 4","highway":"tertiary","lanes":"2","oneway":"yes","surface":"asphalt","source":"OpenStreetMap"},"geometry":{"type":"LineString","coordinates":[[120.2086437,23.0114547],[120.2086096,23.0113598],[120.208597,23.0113207],[120.2083231,23.010565],[120.2082914,23.0104801],[120.2082303,23.0103325],[120.2081528,23.0101638],[120.2080375,23.009928],[120.2075899,23.00916],[120.2075246,23.00905],[120.2069894,23.0081861],[120.2067878,23.0077972],[120.206699,23.0076215],[120.2066445,23.0075159],[120.2064186,23.0070575],[120.2062449,23.0067197],[120.2060633,23.0063762],[120.2060276,23.0063077],[120.205886,23.0060608]]}},{"type":"Feature","id":302246940,"properties":{"osm_id":302246940,"name":"西門路四段","name_en":"Ximen Road Section 4","highway":"tertiary","lanes":"3","oneway":"yes","surface":"asphalt","source":"OpenStreetMap"},"geometry":{"type":"LineString","coordinates":[[120.2057875,23.0055852],[120.2059888,23.0060747]]}},{"type":"Feature","id":362553482,"properties":{"osm_id":362553482,"name":"西門路四段","name_en":"Ximen Road Section 4","highway":"tertiary","lanes":"2","oneway":"yes","surface":"asphalt","source":"OpenStreetMap"},"geometry":{"type":"LineString","coordinates":[[120.205886,23.0060608],[120.2056962,23.005584]]}},{"type":"Feature","id":362553483,"properties":{"osm_id":362553483,"name":"西門路四段","name_en":"Ximen Road Section 4","highway":"tertiary","lanes":"2","oneway":"yes","surface":"asphalt","source":"OpenStreetMap"},"geometry":{"type":"LineString","coordinates":[[120.2059888,23.0060747],[120.2060477,23.0061676],[120.2060903,23.0062543],[120.206139,23.0063408],[120.2067199,23.0074795],[120.2067769,23.0075899],[120.2068618,23.0077681],[120.2070603,23.0081588],[120.2072369,23.0084387],[120.2074318,23.008746],[120.2076032,23.0090221],[120.2076637,23.0091238],[120.2081315,23.0098912],[120.2082327,23.0100906],[120.2083318,23.0102965],[120.208406,23.0104778],[120.2084335,23.0105508],[120.2086932,23.0112964],[120.2087056,23.0113302],[120.2087363,23.0114137],[120.2087688,23.0115014]]}},{"type":"Feature","id":159216692,"properties":{"osm_id":159216692,"name":"西門路四段19巷","name_en":null,"highway":"residential","lanes":null,"oneway":null,"surface":null,"source":"OpenStreetMap"},"geometry":{"type":"LineString","coordinates":[[120.2062449,23.0067197],[120.2061525,23.0067653],[120.2054358,23.0071087],[120.2051672,23.0072733],[120.2048172,23.0074895]]}},{"type":"Feature","id":159216656,"properties":{"osm_id":159216656,"name":"西門路四段19巷38弄","name_en":null,"highway":"residential","lanes":null,"oneway":null,"surface":null,"source":"OpenStreetMap"},"geometry":{"type":"LineString","coordinates":[[120.2051672,23.0072733],[120.2056672,23.0079381]]}},{"type":"Feature","id":610457590,"properties":{"osm_id":610457590,"name":"西門路四段1巷","name_en":null,"highway":"residential","lanes":"2","oneway":null,"surface":"asphalt","source":"OpenStreetMap"},"geometry":{"type":"LineString","coordinates":[[120.2038937,23.0070464],[120.2038273,23.0071053],[120.2036894,23.0072277],[120.2035824,23.0073148],[120.2035697,23.0073251],[120.2034783,23.0074266],[120.2032887,23.0075607],[120.2031198,23.0076231],[120.2029923,23.0076487]]}},{"type":"Feature","id":610457591,"properties":{"osm_id":610457591,"name":"西門路四段1巷","name_en":null,"highway":"residential","lanes":"2","oneway":null,"surface":"asphalt","source":"OpenStreetMap"},"geometry":{"type":"LineString","coordinates":[[120.205886,23.0060608],[120.205783,23.0060009],[120.2057242,23.0060206],[120.2056856,23.0060359],[120.204821,23.0064955],[120.2044218,23.0067286],[120.2042898,23.0068056],[120.2040671,23.0069598],[120.2039741,23.0070062],[120.2038937,23.0070464]]}},{"type":"Feature","id":158782350,"properties":{"osm_id":158782350,"name":"西門路四段65巷","name_en":null,"highway":"residential","lanes":null,"oneway":null,"surface":"asphalt","source":"OpenStreetMap"},"geometry":{"type":"LineString","coordinates":[[120.206699,23.0076215],[120.2066468,23.0076311],[120.2065936,23.0076336],[120.2065365,23.0076427],[120.206392,23.0076872],[120.20618,23.0077679],[120.2057202,23.0079199],[120.2056672,23.0079381],[120.2053216,23.0081479],[120.204968,23.0083697],[120.2048933,23.0084166],[120.2048266,23.008459],[120.2045079,23.0086616],[120.2044575,23.0086931],[120.2044139,23.0087211],[120.2040472,23.0089472],[120.2039983,23.0089774],[120.2039536,23.0090055],[120.2035741,23.0092365],[120.2035127,23.0092739]]}},{"type":"Feature","id":159014269,"properties":{"osm_id":159014269,"name":"西門路四段70巷","name_en":null,"highway":"residential","lanes":null,"oneway":null,"surface":"asphalt","source":"OpenStreetMap"},"geometry":{"type":"LineString","coordinates":[[120.2073247,23.0065222],[120.2072971,23.0065756],[120.2072293,23.0067046],[120.2071332,23.0068817],[120.2070438,23.0070779],[120.2069181,23.0073805],[120.2068748,23.007489],[120.206843,23.0075399],[120.2067769,23.0075899],[120.206699,23.0076215]]}},{"type":"Feature","id":159014271,"properties":{"osm_id":159014271,"name":"西門路四段7巷","name_en":null,"highway":"residential","lanes":null,"oneway":null,"surface":"asphalt","source":"OpenStreetMap"},"geometry":{"type":"LineString","coordinates":[[120.2060276,23.0063077],[120.2059606,23.006353],[120.2050995,23.0067649]]}},{"type":"Feature","id":547174142,"properties":{"osm_id":547174142,"name":"西門路四段7巷","name_en":null,"highway":"residential","lanes":null,"oneway":null,"surface":"asphalt","source":"OpenStreetMap"},"geometry":{"type":"LineString","coordinates":[[120.2050995,23.0067649],[120.2045414,23.0071121],[120.2041206,23.0073714],[120.2036756,23.0076507],[120.2032239,23.0079357]]}},{"type":"Feature","id":159216688,"properties":{"osm_id":159216688,"name":"西門路四段7巷62弄","name_en":null,"highway":"residential","lanes":null,"oneway":null,"surface":null,"source":"OpenStreetMap"},"geometry":{"type":"LineString","coordinates":[[120.2053216,23.0081479],[120.2048172,23.0074895],[120.2045414,23.0071121]]}},{"type":"Feature","id":159014263,"properties":{"osm_id":159014263,"name":"西門路四段7巷84弄","name_en":null,"highway":"residential","lanes":null,"oneway":null,"surface":null,"source":"OpenStreetMap"},"geometry":{"type":"LineString","coordinates":[[120.2036756,23.0076507],[120.2044575,23.0086931]]}},{"type":"Feature","id":81509012,"properties":{"osm_id":81509012,"name":"西華南街","name_en":"Xihua South Street","highway":"residential","lanes":null,"oneway":null,"surface":"asphalt","source":"OpenStreetMap"},"geometry":{"type":"LineString","coordinates":[[120.2100379,22.99656],[120.2100402,22.9965707],[120.2100958,22.9968245],[120.2102112,22.9973511],[120.2102362,22.9974678]]}},{"type":"Feature","id":496249903,"properties":{"osm_id":496249903,"name":"西華南街","name_en":"Xihua South Street","highway":"residential","lanes":null,"oneway":null,"surface":"asphalt","source":"OpenStreetMap"},"geometry":{"type":"LineString","coordinates":[[120.2098173,22.9955535],[120.2097978,22.9954696],[120.2096331,22.9945355],[120.2096134,22.9944485],[120.2093149,22.9930141]]}},{"type":"Feature","id":1513281321,"properties":{"osm_id":1513281321,"name":"西華南街","name_en":"Xihua South Street","highway":"residential","lanes":null,"oneway":null,"surface":"asphalt","source":"OpenStreetMap"},"geometry":{"type":"LineString","coordinates":[[120.2098173,22.9955535],[120.2098433,22.9956721],[120.2098715,22.9958007],[120.2100379,22.99656]]}},{"type":"Feature","id":556031052,"properties":{"osm_id":556031052,"name":"西華街","name_en":"Xihua Street","highway":"residential","lanes":"2","oneway":null,"surface":"asphalt","source":"OpenStreetMap"},"geometry":{"type":"LineString","coordinates":[[120.2102362,22.9974678],[120.2102508,22.9975335],[120.2102681,22.9976096],[120.2104893,22.9986755],[120.2105801,22.9990745]]}},{"type":"Feature","id":1513281198,"properties":{"osm_id":1513281198,"name":"西華街","name_en":"Xihua Street","highway":"residential","lanes":"2","oneway":null,"surface":"asphalt","source":"OpenStreetMap"},"geometry":{"type":"LineString","coordinates":[[120.2108387,23.0002112],[120.2108872,23.0004238],[120.2108972,23.0004673]]}},{"type":"Feature","id":1513281208,"properties":{"osm_id":1513281208,"name":"西華街","name_en":"Xihua Street","highway":"residential","lanes":"2","oneway":null,"surface":"asphalt","source":"OpenStreetMap"},"geometry":{"type":"LineString","coordinates":[[120.2105801,22.9990745],[120.2107979,23.0000318],[120.2108387,23.0002112]]}},{"type":"Feature","id":159143978,"properties":{"osm_id":159143978,"name":"西寧街","name_en":null,"highway":"residential","lanes":null,"oneway":null,"surface":"paving_stones","source":"OpenStreetMap"},"geometry":{"type":"LineString","coordinates":[[120.1915967,22.9969314],[120.1917234,22.9972991],[120.1917888,22.9975954]]}},{"type":"Feature","id":159143985,"properties":{"osm_id":159143985,"name":"西寧街","name_en":null,"highway":"residential","lanes":null,"oneway":null,"surface":null,"source":"OpenStreetMap"},"geometry":{"type":"LineString","coordinates":[[120.1894588,22.9978102],[120.1903319,22.997609],[120.191033,22.9974532],[120.1917234,22.9972991]]}},{"type":"Feature","id":158995079,"properties":{"osm_id":158995079,"name":"赤嵌東街","name_en":"Chikan East Street","highway":"living_street","lanes":null,"oneway":"yes","surface":"paving_stones","source":"OpenStreetMap"},"geometry":{"type":"LineString","coordinates":[[120.2031729,22.9966012],[120.2032886,22.9969714],[120.2034667,22.9974431],[120.2035062,22.9975475],[120.2036021,22.9978015],[120.2037474,22.9981863],[120.2039268,22.9986805],[120.2039454,22.9987107]]}},{"type":"Feature","id":158895310,"properties":{"osm_id":158895310,"name":"赤嵌街","name_en":"Chikan Street","highway":"living_street","lanes":null,"oneway":"yes","surface":"paving_stones","source":"OpenStreetMap"},"geometry":{"type":"LineString","coordinates":[[120.2020563,22.997],[120.2020905,22.9970877],[120.2022091,22.997405],[120.2023009,22.9976666],[120.2023858,22.9978929],[120.2024032,22.9979368],[120.2024234,22.9979886],[120.2024462,22.998045],[120.2028243,22.9990417],[120.2028472,22.999097],[120.2028832,22.9991516]]}},{"type":"Feature","id":509197085,"properties":{"osm_id":509197085,"name":"協和街","name_en":null,"highway":"residential","lanes":null,"oneway":null,"surface":"asphalt","source":"OpenStreetMap"},"geometry":{"type":"LineString","coordinates":[[120.1899937,22.9992802],[120.1901215,22.9993855],[120.1903811,22.9995994],[120.1910042,23.0001128],[120.1912937,23.0003514],[120.1914664,23.0004926],[120.1920206,23.0009503],[120.1921856,23.0010863],[120.1925759,23.0014078],[120.1931167,23.0018534],[120.1936912,23.0022798],[120.1941287,23.0026792]]}},{"type":"Feature","id":820429311,"properties":{"osm_id":820429311,"name":"和平街118巷","name_en":null,"highway":"residential","lanes":null,"oneway":null,"surface":"asphalt","source":"OpenStreetMap"},"geometry":{"type":"LineString","coordinates":[[120.195184,22.9967376],[120.1947356,22.9968961],[120.1943035,22.9970422]]}},{"type":"Feature","id":158824782,"properties":{"osm_id":158824782,"name":"和美街","name_en":null,"highway":"residential","lanes":null,"oneway":null,"surface":"asphalt","source":"OpenStreetMap"},"geometry":{"type":"LineString","coordinates":[[120.1904549,23.0032124],[120.1907845,23.003055],[120.1910961,23.0029021],[120.1913797,23.0026274],[120.191694,23.002323],[120.1917588,23.0022602],[120.1920011,23.0020077],[120.1922825,23.0017139],[120.1925759,23.0014078],[120.1929517,23.0010285],[120.1929954,23.0009853]]}},{"type":"Feature","id":505317140,"properties":{"osm_id":505317140,"name":"和真街","name_en":null,"highway":"residential","lanes":null,"oneway":null,"surface":"asphalt","source":"OpenStreetMap"},"geometry":{"type":"LineString","coordinates":[[120.1886557,23.0016425],[120.1886757,23.0015406],[120.1887816,23.0013908],[120.1890299,23.0010417],[120.1892127,23.0007812]]}},{"type":"Feature","id":505317143,"properties":{"osm_id":505317143,"name":"和真街","name_en":null,"highway":"residential","lanes":null,"oneway":null,"surface":null,"source":"OpenStreetMap"},"geometry":{"type":"LineString","coordinates":[[120.1886557,23.0016425],[120.1886456,23.0019689],[120.1886403,23.002139]]}},{"type":"Feature","id":648618080,"properties":{"osm_id":648618080,"name":"和真街","name_en":null,"highway":"residential","lanes":null,"oneway":null,"surface":null,"source":"OpenStreetMap"},"geometry":{"type":"LineString","coordinates":[[120.1892127,23.0007812],[120.1892813,23.000727],[120.1897967,23.0001986],[120.1900749,22.9999133],[120.1903811,22.9995994],[120.1907189,22.9992684],[120.1907671,22.9992211],[120.1908164,22.9991619]]}},{"type":"Feature","id":505317151,"properties":{"osm_id":505317151,"name":"和善街","name_en":null,"highway":"residential","lanes":null,"oneway":null,"surface":"asphalt","source":"OpenStreetMap"},"geometry":{"type":"LineString","coordinates":[[120.189906,23.0023381],[120.1900266,23.0021653],[120.1902796,23.0018173],[120.1904607,23.0015717],[120.1905076,23.0015081]]}},{"type":"Feature","id":505317156,"properties":{"osm_id":505317156,"name":"和善街","name_en":null,"highway":"residential","lanes":"2","oneway":null,"surface":"asphalt","source":"OpenStreetMap"},"geometry":{"type":"LineString","coordinates":[[120.1905076,23.0015081],[120.1907472,23.0012501],[120.1908902,23.0010961],[120.1911634,23.0008017],[120.1914664,23.0004926],[120.1917565,23.0002057],[120.1917863,23.0001786],[120.1918487,23.0001218],[120.1918954,23.0000684]]}},{"type":"Feature","id":648618081,"properties":{"osm_id":648618081,"name":"和善街","name_en":null,"highway":"residential","lanes":null,"oneway":null,"surface":null,"source":"OpenStreetMap"},"geometry":{"type":"LineString","coordinates":[[120.1897392,23.0024674],[120.189906,23.0023381]]}},{"type":"Feature","id":648618084,"properties":{"osm_id":648618084,"name":"和善街","name_en":null,"highway":"residential","lanes":null,"oneway":null,"surface":null,"source":"OpenStreetMap"},"geometry":{"type":"LineString","coordinates":[[120.189304,23.0027919],[120.1897392,23.0024674]]}},{"type":"Feature","id":571273016,"properties":{"osm_id":571273016,"name":"和善街125巷","name_en":null,"highway":"residential","lanes":null,"oneway":null,"surface":null,"source":"OpenStreetMap"},"geometry":{"type":"LineString","coordinates":[[120.189304,23.0027919],[120.1890096,23.0024615],[120.1887102,23.0021283],[120.1886403,23.002139]]}},{"type":"Feature","id":161010065,"properties":{"osm_id":161010065,"name":"和意路","name_en":"Heyi Road","highway":"residential","lanes":null,"oneway":null,"surface":"asphalt","source":"OpenStreetMap"},"geometry":{"type":"LineString","coordinates":[[120.2002701,22.9883],[120.200167,22.9883081],[120.1997989,22.988337],[120.199533,22.9883533],[120.199191,22.9883741],[120.1989078,22.9883914],[120.1984904,22.9884201],[120.1984119,22.988424],[120.1983104,22.9884294],[120.1981327,22.9884388],[120.1978669,22.988455],[120.1977327,22.9884632],[120.1975834,22.9884723]]}},{"type":"Feature","id":1110199014,"properties":{"osm_id":1110199014,"name":"和意路","name_en":"Heyi Road","highway":"residential","lanes":null,"oneway":null,"surface":"asphalt","source":"OpenStreetMap"},"geometry":{"type":"LineString","coordinates":[[120.1975834,22.9884723],[120.1975037,22.9885075]]}},{"type":"Feature","id":158854921,"properties":{"osm_id":158854921,"name":"和緯路四段","name_en":"Hewei Road Section 4","highway":"tertiary","lanes":"2","oneway":"yes","surface":"asphalt","source":"OpenStreetMap"},"geometry":{"type":"LineString","coordinates":[[120.1863376,23.0067731],[120.1864565,23.0068237],[120.1872923,23.0071991],[120.1878019,23.0074082],[120.1879318,23.0074643],[120.1880956,23.0075366],[120.1889391,23.0078978],[120.1890438,23.0079427],[120.1891758,23.0079907],[120.1892036,23.0080008],[120.1896559,23.008203],[120.1900982,23.0084008],[120.190538,23.0085933],[120.1909769,23.0087854],[120.1914148,23.0089771],[120.1923292,23.009379],[120.1926157,23.0095],[120.1926846,23.0095291],[120.1927483,23.0095506],[120.1929539,23.0096197],[120.1931446,23.0096693],[120.1933484,23.0096865],[120.1936078,23.0096876],[120.1937677,23.0096887],[120.1938734,23.0096882]]}},{"type":"Feature","id":299496170,"properties":{"osm_id":299496170,"name":"和緯路四段","name_en":"Hewei Road Section 4","highway":"tertiary","lanes":"2","oneway":"yes","surface":"asphalt","source":"OpenStreetMap"},"geometry":{"type":"LineString","coordinates":[[120.1938758,23.0097729],[120.19377,23.0097761],[120.1935934,23.009782],[120.1933448,23.0097814],[120.1931261,23.0097593],[120.1928684,23.0097053],[120.1927074,23.0096504],[120.1926331,23.009625],[120.1925665,23.009595],[120.1913784,23.0090603],[120.189122,23.0080957],[120.1889986,23.008043],[120.1888906,23.0079949],[120.1880427,23.0076372],[120.1878638,23.0075587],[120.1877465,23.0075091],[120.18642,23.0069097],[120.1863179,23.0068652]]}},{"type":"Feature","id":158849583,"properties":{"osm_id":158849583,"name":"和緯路四段117巷","name_en":null,"highway":"residential","lanes":null,"oneway":null,"surface":"asphalt","source":"OpenStreetMap"},"geometry":{"type":"LineString","coordinates":[[120.1908759,23.0070178],[120.1909833,23.0077383],[120.191101,23.0085275],[120.1909769,23.0087854]]}},{"type":"Feature","id":158849580,"properties":{"osm_id":158849580,"name":"和緯路四段139巷","name_en":null,"highway":"residential","lanes":null,"oneway":null,"surface":"asphalt","source":"OpenStreetMap"},"geometry":{"type":"LineString","coordinates":[[120.190538,23.0085933],[120.1906622,23.0083104],[120.1905834,23.0077884],[120.1905044,23.0072644]]}},{"type":"Feature","id":440596553,"properties":{"osm_id":440596553,"name":"和緯路四段161巷","name_en":null,"highway":"residential","lanes":null,"oneway":null,"surface":"asphalt","source":"OpenStreetMap"},"geometry":{"type":"LineString","coordinates":[[120.1900982,23.0084008],[120.1902322,23.0081365],[120.1901165,23.0072566]]}},{"type":"Feature","id":158849575,"properties":{"osm_id":158849575,"name":"和緯路四段179巷","name_en":null,"highway":"residential","lanes":null,"oneway":null,"surface":"asphalt","source":"OpenStreetMap"},"geometry":{"type":"LineString","coordinates":[[120.1896559,23.008203],[120.1897661,23.007958],[120.1897069,23.0072657]]}},{"type":"Feature","id":571273021,"properties":{"osm_id":571273021,"name":"和緯路四段197巷","name_en":null,"highway":"residential","lanes":null,"oneway":null,"surface":"asphalt","source":"OpenStreetMap"},"geometry":{"type":"LineString","coordinates":[[120.1892036,23.0080008],[120.1893393,23.0077663],[120.1892939,23.0073245]]}},{"type":"Feature","id":440596567,"properties":{"osm_id":440596567,"name":"和緯路四段277巷","name_en":null,"highway":"residential","lanes":null,"oneway":null,"surface":"asphalt","source":"OpenStreetMap"},"geometry":{"type":"LineString","coordinates":[[120.1872923,23.0071991],[120.1873928,23.0069903],[120.1873832,23.0069354],[120.187312,23.0065262],[120.1872566,23.0062191],[120.1873711,23.0055283]]}},{"type":"Feature","id":158849586,"properties":{"osm_id":158849586,"name":"和緯路四段95巷","name_en":null,"highway":"residential","lanes":null,"oneway":null,"surface":null,"source":"OpenStreetMap"},"geometry":{"type":"LineString","coordinates":[[120.1912568,23.006817],[120.1913876,23.0076877],[120.1915394,23.0087072],[120.1914148,23.0089771],[120.1913784,23.0090603]]}},{"type":"Feature","id":159315426,"properties":{"osm_id":159315426,"name":"府中街","name_en":null,"highway":"residential","lanes":null,"oneway":null,"surface":"asphalt","source":"OpenStreetMap"},"geometry":{"type":"LineString","coordinates":[[120.2083324,22.9912336],[120.2079475,22.9909866],[120.2077079,22.9908328],[120.2071096,22.9904488],[120.2070448,22.9904073],[120.2067374,22.99021]]}},{"type":"Feature","id":496332202,"properties":{"osm_id":496332202,"name":"府中街","name_en":null,"highway":"pedestrian","lanes":null,"oneway":null,"surface":"paving_stones","source":"OpenStreetMap"},"geometry":{"type":"LineString","coordinates":[[120.2067374,22.99021],[120.206657,22.9901685],[120.2060466,22.9901608],[120.205744,22.9901327],[120.2057148,22.9901301],[120.2056928,22.9901282],[120.205378,22.9901008],[120.2051015,22.9900525],[120.2048398,22.9900285],[120.2047585,22.990028]]}},{"type":"Feature","id":152193611,"properties":{"osm_id":152193611,"name":"府東街","name_en":"Fudong Street","highway":"residential","lanes":null,"oneway":null,"surface":"asphalt","source":"OpenStreetMap"},"geometry":{"type":"LineString","coordinates":[[120.2210158,22.9851023],[120.2209357,22.9851271],[120.2204865,22.9852661],[120.2204472,22.9852777],[120.2200363,22.9854103],[120.2199797,22.9854285],[120.2199165,22.985448],[120.2187766,22.9858005],[120.2187194,22.985823],[120.2186221,22.9858594],[120.2185585,22.9858805],[120.2184831,22.9859051],[120.2177018,22.9861457],[120.2173457,22.9862506],[120.2172597,22.9862775],[120.2171895,22.9863004],[120.2162992,22.9865774],[120.2159002,22.9867019],[120.2158466,22.9867183],[120.2148163,22.9870338],[120.2130798,22.9875662]]}},{"type":"Feature","id":160911852,"properties":{"osm_id":160911852,"name":"府東街","name_en":"Fudong Street","highway":"residential","lanes":null,"oneway":null,"surface":null,"source":"OpenStreetMap"},"geometry":{"type":"LineString","coordinates":[[120.2113826,22.9873273],[120.2114788,22.9873362],[120.2115144,22.9873398],[120.2122811,22.9875406],[120.2124981,22.9875918],[120.2127001,22.987641]]}},{"type":"Feature","id":118793016,"properties":{"osm_id":118793016,"name":"府前一街","name_en":null,"highway":"residential","lanes":null,"oneway":"no","surface":"asphalt","source":"OpenStreetMap"},"geometry":{"type":"LineString","coordinates":[[120.1887415,22.992892],[120.188727,22.9930072],[120.1883778,22.9938737],[120.1883524,22.9939368],[120.188328,22.9939948],[120.187957,22.9948764],[120.1878039,22.9952883],[120.1877781,22.9953577],[120.1877467,22.9954325],[120.1874589,22.9961167],[120.1872247,22.9966999],[120.1869625,22.9968151],[120.1867718,22.9968659],[120.1866486,22.9968987],[120.1865587,22.9969212],[120.1864396,22.9969391]]}},{"type":"Feature","id":1410573262,"properties":{"osm_id":1410573262,"name":"府前一街","name_en":null,"highway":"residential","lanes":null,"oneway":"no","surface":"asphalt","source":"OpenStreetMap"},"geometry":{"type":"LineString","coordinates":[[120.1886148,22.9923447],[120.1886319,22.9924332],[120.1887415,22.992892]]}},{"type":"Feature","id":159470904,"properties":{"osm_id":159470904,"name":"府前一街103巷","name_en":null,"highway":"residential","lanes":null,"oneway":null,"surface":null,"source":"OpenStreetMap"},"geometry":{"type":"LineString","coordinates":[[120.187957,22.9948764],[120.1875178,22.9947468],[120.1870963,22.9946139]]}},{"type":"Feature","id":217742915,"properties":{"osm_id":217742915,"name":"府前一街109巷","name_en":null,"highway":"residential","lanes":null,"oneway":null,"surface":"asphalt","source":"OpenStreetMap"},"geometry":{"type":"LineString","coordinates":[[120.1870253,22.995156],[120.1877091,22.9953399],[120.1877781,22.9953577]]}},{"type":"Feature","id":159470910,"properties":{"osm_id":159470910,"name":"府前一街9巷","name_en":null,"highway":"residential","lanes":null,"oneway":null,"surface":null,"source":"OpenStreetMap"},"geometry":{"type":"LineString","coordinates":[[120.1875164,22.9930647],[120.1879688,22.9929887],[120.1882995,22.9929227],[120.188659,22.9928983],[120.1887415,22.992892]]}},{"type":"Feature","id":159470906,"properties":{"osm_id":159470906,"name":"府前一街9巷12弄","name_en":null,"highway":"residential","lanes":null,"oneway":null,"surface":null,"source":"OpenStreetMap"},"geometry":{"type":"LineString","coordinates":[[120.1879688,22.9929887],[120.1880364,22.9932611],[120.1878918,22.9938338],[120.1875178,22.9947468]]}},{"type":"Feature","id":159470916,"properties":{"osm_id":159470916,"name":"府前二街","name_en":null,"highway":"residential","lanes":null,"oneway":null,"surface":"asphalt","source":"OpenStreetMap"},"geometry":{"type":"LineString","coordinates":[[120.1875507,22.9925455],[120.1875164,22.9930647],[120.1874454,22.9937784],[120.1873459,22.994026],[120.1871616,22.9944363],[120.1870963,22.9946139],[120.1870439,22.994923],[120.1870253,22.995156],[120.1869986,22.9959619]]}},{"type":"Feature","id":160253722,"properties":{"osm_id":160253722,"name":"府前路一段","name_en":"Fucian Road Section 1","highway":"secondary","lanes":"2","oneway":null,"surface":"asphalt","source":"OpenStreetMap"},"geometry":{"type":"LineString","coordinates":[[120.2111166,22.988922],[120.2109894,22.9889224],[120.2109024,22.98892],[120.2104801,22.988924],[120.2101183,22.9889299],[120.2098131,22.9889339],[120.2097032,22.9889384],[120.2096481,22.988941],[120.2094015,22.9889404],[120.2088347,22.9889513],[120.2087813,22.9889523],[120.208062,22.9889732],[120.2079242,22.9889777],[120.2076652,22.988981]]}},{"type":"Feature","id":274022842,"properties":{"osm_id":274022842,"name":"府前路一段","name_en":"Fucian Road Section 1","highway":"secondary","lanes":null,"oneway":null,"surface":"asphalt","source":"OpenStreetMap"},"geometry":{"type":"LineString","coordinates":[[120.197879,22.9904083],[120.1977984,22.9904535]]}},{"type":"Feature","id":286094874,"properties":{"osm_id":286094874,"name":"府前路一段","name_en":"Fuqian Road Section 1","highway":"secondary","lanes":null,"oneway":null,"surface":"asphalt","source":"OpenStreetMap"},"geometry":{"type":"LineString","coordinates":[[120.2076652,22.988981],[120.2074831,22.9889813],[120.2072384,22.9889868],[120.2063814,22.989004],[120.2058819,22.989014],[120.2057459,22.9890142],[120.2054111,22.9890222],[120.2047696,22.9890329],[120.2046025,22.9890439]]}},{"type":"Feature","id":286094877,"properties":{"osm_id":286094877,"name":"府前路一段","name_en":"Fucian Road Section 1","highway":"secondary","lanes":"4","oneway":null,"surface":"asphalt","source":"OpenStreetMap"},"geometry":{"type":"LineString","coordinates":[[120.2046025,22.9890439],[120.2045268,22.9890482],[120.2032687,22.9893136],[120.2031334,22.9893421],[120.2022436,22.9895298]]}},{"type":"Feature","id":286847289,"properties":{"osm_id":286847289,"name":"府前路一段","name_en":"Fuqian Road Section 1","highway":"secondary","lanes":"4","oneway":null,"surface":"asphalt","source":"OpenStreetMap"},"geometry":{"type":"LineString","coordinates":[[120.2022436,22.9895298],[120.202133,22.989551],[120.200896,22.9898199],[120.2005186,22.9899019],[120.2003857,22.9899329],[120.2002908,22.989948],[120.199922,22.9900121],[120.1996161,22.9900654],[120.1994096,22.9901032],[120.1993195,22.9901198],[120.1992405,22.9901339],[120.1990095,22.9901752],[120.1989683,22.9901817],[120.1986611,22.9902251],[120.1983068,22.9902879],[120.1982679,22.9902955],[120.1981727,22.990314]]}},{"type":"Feature","id":496253672,"properties":{"osm_id":496253672,"name":"府前路一段","name_en":"Fuqian Road Section 1","highway":"secondary","lanes":null,"oneway":null,"surface":"asphalt","source":"OpenStreetMap"},"geometry":{"type":"LineString","coordinates":[[120.1981727,22.990314],[120.1979812,22.990366],[120.197879,22.9904083]]}},{"type":"Feature","id":107538164,"properties":{"osm_id":107538164,"name":"府前路二段","name_en":"Fucian Road Section 2","highway":"secondary","lanes":null,"oneway":null,"surface":"asphalt","source":"OpenStreetMap"},"geometry":{"type":"LineString","coordinates":[[120.1977984,22.9904535],[120.1977168,22.9905004],[120.1976113,22.9905518],[120.197583,22.9905651]]}},{"type":"Feature","id":250709906,"properties":{"osm_id":250709906,"name":"府前路二段","name_en":"Fuqian Road Section 2","highway":"secondary","lanes":"4","oneway":null,"surface":"asphalt","source":"OpenStreetMap"},"geometry":{"type":"LineString","coordinates":[[120.1912808,22.9918217],[120.1913279,22.9918124],[120.1918007,22.9917155],[120.1927205,22.9915218],[120.1928455,22.9914954]]}},{"type":"Feature","id":299281412,"properties":{"osm_id":299281412,"name":"府前路二段","name_en":"Fuqian Road Section 2","highway":"secondary","lanes":null,"oneway":null,"surface":"asphalt","source":"OpenStreetMap"},"geometry":{"type":"LineString","coordinates":[[120.1886148,22.9923447],[120.1886846,22.9923318],[120.1892869,22.9922206],[120.189671,22.992142],[120.1906143,22.9919537],[120.1908347,22.9919115]]}},{"type":"Feature","id":302240826,"properties":{"osm_id":302240826,"name":"府前路二段","name_en":"Fuqian Road Section 2","highway":"secondary","lanes":null,"oneway":null,"surface":"asphalt","source":"OpenStreetMap"},"geometry":{"type":"LineString","coordinates":[[120.1956059,22.9909552],[120.1957179,22.9909337],[120.1965672,22.9907654],[120.19681,22.9907176],[120.196875,22.9907048],[120.1969333,22.9906932],[120.1970536,22.9906693],[120.1975571,22.9905712],[120.197583,22.9905651]]}},{"type":"Feature","id":496493922,"properties":{"osm_id":496493922,"name":"府前路二段","name_en":"Fuqian Road Section 2","highway":"secondary","lanes":"4","oneway":null,"surface":"asphalt","source":"OpenStreetMap"},"geometry":{"type":"LineString","coordinates":[[120.1928455,22.9914954],[120.1929689,22.9914745],[120.1934815,22.9913733],[120.1940935,22.9912522],[120.1941904,22.9912307],[120.1942706,22.9912153],[120.1947185,22.9911291],[120.1948061,22.9911099],[120.1948973,22.9910923],[120.1953312,22.9910084],[120.1954068,22.9909884]]}},{"type":"Feature","id":1210793284,"properties":{"osm_id":1210793284,"name":"府前路二段","name_en":"Fuqian Road Section 2","highway":"secondary","lanes":null,"oneway":null,"surface":"asphalt","source":"OpenStreetMap"},"geometry":{"type":"LineString","coordinates":[[120.1954068,22.9909884],[120.1956059,22.9909552]]}},{"type":"Feature","id":1410573261,"properties":{"osm_id":1410573261,"name":"府前路二段","name_en":"Fuqian Road Section 2","highway":"secondary","lanes":null,"oneway":null,"surface":"asphalt","source":"OpenStreetMap"},"geometry":{"type":"LineString","coordinates":[[120.1869406,22.9926662],[120.1870656,22.9926414],[120.1875507,22.9925455]]}},{"type":"Feature","id":1466937423,"properties":{"osm_id":1466937423,"name":"府前路二段","name_en":"Fuqian Road Section 2","highway":"secondary","lanes":"4","oneway":null,"surface":"asphalt","source":"OpenStreetMap"},"geometry":{"type":"LineString","coordinates":[[120.1875507,22.9925455],[120.1885379,22.9923607],[120.1886148,22.9923447]]}},{"type":"Feature","id":158715563,"properties":{"osm_id":158715563,"name":"府前路二段235巷","name_en":null,"highway":"residential","lanes":null,"oneway":"yes","surface":"asphalt","source":"OpenStreetMap"},"geometry":{"type":"LineString","coordinates":[[120.1913279,22.9918124],[120.1912225,22.9913658]]}},{"type":"Feature","id":284561213,"properties":{"osm_id":284561213,"name":"府前路二段235巷","name_en":null,"highway":"residential","lanes":null,"oneway":"yes","surface":null,"source":"OpenStreetMap"},"geometry":{"type":"LineString","coordinates":[[120.1912225,22.9913658],[120.1910353,22.9906923],[120.190904,22.9903468]]}},{"type":"Feature","id":564068066,"properties":{"osm_id":564068066,"name":"府前路二段237巷","name_en":null,"highway":"residential","lanes":null,"oneway":null,"surface":null,"source":"OpenStreetMap"},"geometry":{"type":"LineString","coordinates":[[120.190164,22.9899448],[120.1903038,22.9902495],[120.1903816,22.9904159],[120.1905804,22.9908947],[120.190652,22.9911255],[120.1907131,22.991392],[120.1908347,22.9919115]]}},{"type":"Feature","id":159470921,"properties":{"osm_id":159470921,"name":"府前路二段258巷","name_en":null,"highway":"residential","lanes":null,"oneway":null,"surface":null,"source":"OpenStreetMap"},"geometry":{"type":"LineString","coordinates":[[120.1906143,22.9919537],[120.1907493,22.9925262],[120.1909038,22.9930251],[120.1909826,22.9932946]]}},{"type":"Feature","id":724650209,"properties":{"osm_id":724650209,"name":"府前路二段258巷","name_en":null,"highway":"residential","lanes":null,"oneway":"yes","surface":null,"source":"OpenStreetMap"},"geometry":{"type":"LineString","coordinates":[[120.1910442,22.9937514],[120.1910305,22.9936796],[120.1909698,22.9933597],[120.1909826,22.9932946]]}},{"type":"Feature","id":640064429,"properties":{"osm_id":640064429,"name":"府前路二段258巷29弄","name_en":null,"highway":"residential","lanes":null,"oneway":null,"surface":null,"source":"OpenStreetMap"},"geometry":{"type":"LineString","coordinates":[[120.1892955,22.993343],[120.1893781,22.9933207],[120.1894614,22.9933023],[120.1899455,22.9932017],[120.1909038,22.9930251]]}},{"type":"Feature","id":38755023,"properties":{"osm_id":38755023,"name":"府連東路","name_en":null,"highway":"residential","lanes":"2","oneway":null,"surface":"asphalt","source":"OpenStreetMap"},"geometry":{"type":"LineString","coordinates":[[120.216677,22.9846959],[120.2171249,22.9845336],[120.2178781,22.98429],[120.2179728,22.9842586]]}},{"type":"Feature","id":306997509,"properties":{"osm_id":306997509,"name":"府連東路","name_en":null,"highway":"residential","lanes":null,"oneway":null,"surface":"asphalt","source":"OpenStreetMap"},"geometry":{"type":"LineString","coordinates":[[120.2179728,22.9842586],[120.2180307,22.9842405]]}},{"type":"Feature","id":306997510,"properties":{"osm_id":306997510,"name":"府連東路","name_en":null,"highway":"residential","lanes":"2","oneway":null,"surface":"asphalt","source":"OpenStreetMap"},"geometry":{"type":"LineString","coordinates":[[120.2180307,22.9842405],[120.2181349,22.9842114],[120.2190106,22.9839327],[120.2195296,22.9837941],[120.2197656,22.9836851],[120.2198267,22.9836498],[120.2198745,22.9835787],[120.2198844,22.9835576],[120.21991,22.9835042]]}},{"type":"Feature","id":38755022,"properties":{"osm_id":38755022,"name":"府連路","name_en":"Fulian Road","highway":"residential","lanes":null,"oneway":null,"surface":"asphalt","source":"OpenStreetMap"},"geometry":{"type":"LineString","coordinates":[[120.2112184,22.9847238],[120.2113431,22.9848069],[120.2119138,22.9849352],[120.2120678,22.984969],[120.2122998,22.9850196],[120.2123403,22.9850284],[120.2133395,22.9852532]]}},{"type":"Feature","id":152193605,"properties":{"osm_id":152193605,"name":"府連路","name_en":"Fulian Road","highway":"residential","lanes":"2","oneway":null,"surface":"asphalt","source":"OpenStreetMap"},"geometry":{"type":"LineString","coordinates":[[120.216677,22.9846959],[120.2167126,22.9847862],[120.2167848,22.9849815],[120.2168512,22.9851651],[120.216973,22.9855126],[120.2170143,22.9856253],[120.2172367,22.9862189],[120.2172597,22.9862775],[120.2172786,22.986326],[120.2174197,22.9867034],[120.2174598,22.9868179]]}},{"type":"Feature","id":152193615,"properties":{"osm_id":152193615,"name":"府連路","name_en":null,"highway":"residential","lanes":null,"oneway":null,"surface":null,"source":"OpenStreetMap"},"geometry":{"type":"LineString","coordinates":[[120.2133395,22.9852532],[120.2137857,22.9853571]]}},{"type":"Feature","id":152193616,"properties":{"osm_id":152193616,"name":"府連路","name_en":"Fulian Road","highway":"residential","lanes":null,"oneway":null,"surface":null,"source":"OpenStreetMap"},"geometry":{"type":"LineString","coordinates":[[120.2137857,22.9853571],[120.2142683,22.9854501],[120.2151905,22.9851631],[120.2152806,22.9851312],[120.2153409,22.9851093]]}},{"type":"Feature","id":160100148,"properties":{"osm_id":160100148,"name":"府連路","name_en":"Fulian Road","highway":"residential","lanes":"2","oneway":null,"surface":"asphalt","source":"OpenStreetMap"},"geometry":{"type":"LineString","coordinates":[[120.2153409,22.9851093],[120.2154019,22.9850861],[120.2156386,22.9850103],[120.2158264,22.9849529],[120.216054,22.9848824],[120.216677,22.9846959]]}},{"type":"Feature","id":496253674,"properties":{"osm_id":496253674,"name":"府連路","name_en":"Fulien Road","highway":"residential","lanes":null,"oneway":null,"surface":null,"source":"OpenStreetMap"},"geometry":{"type":"LineString","coordinates":[[120.2097178,22.9813015],[120.2097185,22.9813674],[120.2097188,22.9813974],[120.2097164,22.9817956],[120.2097214,22.982519]]}},{"type":"Feature","id":496253678,"properties":{"osm_id":496253678,"name":"府連路","name_en":"Fulien Road","highway":"residential","lanes":"2","oneway":null,"surface":"asphalt","source":"OpenStreetMap"},"geometry":{"type":"LineString","coordinates":[[120.2097214,22.982519],[120.2104852,22.9837029],[120.2110567,22.984469],[120.2112184,22.9847238]]}},{"type":"Feature","id":41963902,"properties":{"osm_id":41963902,"name":"府緯街","name_en":"Fuwei Street","highway":"residential","lanes":null,"oneway":null,"surface":"asphalt","source":"OpenStreetMap"},"geometry":{"type":"LineString","coordinates":[[120.200107,22.9838664],[120.1997996,22.9838657],[120.1995917,22.9838652],[120.1988664,22.9838635],[120.1985974,22.9838629],[120.1976918,22.9838608],[120.1976542,22.983861],[120.1975783,22.9838607],[120.1974933,22.9838603],[120.1965274,22.9838331],[120.1964586,22.9838326],[120.1963964,22.9838328],[120.1959277,22.9838566],[120.1956983,22.9838561],[120.1952035,22.9838443],[120.1950881,22.9838411],[120.1949504,22.9838344]]}},{"type":"Feature","id":509197065,"properties":{"osm_id":509197065,"name":"忠孝街","name_en":"Zhongxiao Street","highway":"pedestrian","lanes":null,"oneway":null,"surface":"concrete","source":"OpenStreetMap"},"geometry":{"type":"LineString","coordinates":[[120.1974804,23.00037],[120.1969068,22.9996203],[120.1967226,22.9993539],[120.1965934,22.9991041],[120.1964325,22.9987906],[120.1964225,22.9986922]]}},{"type":"Feature","id":1279617404,"properties":{"osm_id":1279617404,"name":"忠孝街","name_en":"Zhongxiao Street","highway":"pedestrian","lanes":null,"oneway":null,"surface":"asphalt","source":"OpenStreetMap"},"geometry":{"type":"LineString","coordinates":[[120.1964225,22.9986922],[120.1962554,22.998403],[120.1959631,22.9978253]]}},{"type":"Feature","id":158783760,"properties":{"osm_id":158783760,"name":"忠明街","name_en":"Zhongming Street","highway":"residential","lanes":"2","oneway":null,"surface":"asphalt","source":"OpenStreetMap"},"geometry":{"type":"LineString","coordinates":[[120.1982253,22.9956628],[120.1978438,22.9957808],[120.197382,22.9959451],[120.1973737,22.995948],[120.1970831,22.9960514],[120.1970114,22.9960775]]}},{"type":"Feature","id":571719005,"properties":{"osm_id":571719005,"name":"忠明街","name_en":"Zhongming Street","highway":"residential","lanes":null,"oneway":null,"surface":"asphalt","source":"OpenStreetMap"},"geometry":{"type":"LineString","coordinates":[[120.1968339,22.9961432],[120.196766,22.9961686],[120.1957304,22.9965373],[120.195669,22.9965597],[120.1956215,22.9965767],[120.195184,22.9967376]]}},{"type":"Feature","id":24452782,"properties":{"osm_id":24452782,"name":"忠義路一段","name_en":"Zhongyi Road Section 1","highway":"tertiary","lanes":"2","oneway":null,"surface":"asphalt","source":"OpenStreetMap"},"geometry":{"type":"LineString","coordinates":[[120.2018552,22.9881104],[120.2018392,22.9875212],[120.2018392,22.987426],[120.2018338,22.9872036],[120.2018302,22.9870579],[120.2018133,22.9862958],[120.2018025,22.9854249],[120.2017981,22.9850689],[120.2017491,22.9826051],[120.2017396,22.9820394],[120.2017303,22.9814798],[120.2017294,22.9814282],[120.2017281,22.9813475]]}},{"type":"Feature","id":286094878,"properties":{"osm_id":286094878,"name":"忠義路一段","name_en":"Zhongyi Road Section 1","highway":"tertiary","lanes":"2","oneway":null,"surface":"asphalt","source":"OpenStreetMap"},"geometry":{"type":"LineString","coordinates":[[120.2022436,22.9895298],[120.2021934,22.989459],[120.202175,22.9894203],[120.2019975,22.9887321],[120.2018552,22.9881104]]}},{"type":"Feature","id":24452804,"properties":{"osm_id":24452804,"name":"忠義路二段","name_en":"Zhongyi Road Section 2","highway":"tertiary","lanes":null,"oneway":null,"surface":"asphalt","source":"OpenStreetMap"},"geometry":{"type":"LineString","coordinates":[[120.2025705,22.9908448],[120.2025878,22.9909228],[120.202781,22.9917964],[120.2027846,22.991867]]}},{"type":"Feature","id":111343195,"properties":{"osm_id":111343195,"name":"忠義路二段","name_en":"Zhongyi Road Section 2","highway":"tertiary","lanes":"2","oneway":null,"surface":"asphalt","source":"OpenStreetMap"},"geometry":{"type":"LineString","coordinates":[[120.2041048,22.9962689],[120.203986,22.9959521],[120.2038864,22.9957267],[120.2038117,22.9955226],[120.203596,22.9949092],[120.2035685,22.9948311],[120.2035299,22.994737],[120.2033513,22.9941631],[120.2033379,22.9941147],[120.2033136,22.9940555],[120.2031128,22.9933388]]}},{"type":"Feature","id":286094881,"properties":{"osm_id":286094881,"name":"忠義路二段","name_en":"Zhongyi Road Section 2","highway":"tertiary","lanes":null,"oneway":null,"surface":"asphalt","source":"OpenStreetMap"},"geometry":{"type":"LineString","coordinates":[[120.2022436,22.9895298],[120.2023035,22.9896292],[120.2025562,22.9907859],[120.2025705,22.9908448]]}},{"type":"Feature","id":286847264,"properties":{"osm_id":286847264,"name":"忠義路二段","name_en":"Zhongyi Road Section 2","highway":"tertiary","lanes":null,"oneway":null,"surface":"asphalt","source":"OpenStreetMap"},"geometry":{"type":"LineString","coordinates":[[120.2027926,22.9919422],[120.2027846,22.991867]]}},{"type":"Feature","id":496493905,"properties":{"osm_id":496493905,"name":"忠義路二段","name_en":"Zhongyi Road Section 2","highway":"tertiary","lanes":"2","oneway":null,"surface":"asphalt","source":"OpenStreetMap"},"geometry":{"type":"LineString","coordinates":[[120.2049637,22.9984633],[120.2049419,22.9983965],[120.2049031,22.9982986],[120.204805,22.9980639],[120.2047703,22.9979809],[120.2047155,22.9978318],[120.2044819,22.9972082],[120.2044234,22.9970642],[120.2041442,22.9963676],[120.2041048,22.9962689]]}},{"type":"Feature","id":521058769,"properties":{"osm_id":521058769,"name":"忠義路二段","name_en":"Zhongyi Road Section 2","highway":"tertiary","lanes":"2","oneway":null,"surface":"asphalt","source":"OpenStreetMap"},"geometry":{"type":"LineString","coordinates":[[120.2030993,22.993278],[120.2029597,22.9926827],[120.2028035,22.992025],[120.2027926,22.9919422]]}},{"type":"Feature","id":541457829,"properties":{"osm_id":541457829,"name":"忠義路二段","name_en":"Zhongyi Road Section 2","highway":"tertiary","lanes":null,"oneway":null,"surface":"asphalt","source":"OpenStreetMap"},"geometry":{"type":"LineString","coordinates":[[120.2031128,22.9933388],[120.2030993,22.993278]]}},{"type":"Feature","id":31794903,"properties":{"osm_id":31794903,"name":"忠義路三段","name_en":"Zhongyi Road Section 3","highway":"tertiary","lanes":"1","oneway":"yes","surface":"asphalt","source":"OpenStreetMap"},"geometry":{"type":"LineString","coordinates":[[120.2049637,22.9984633],[120.2050409,22.9985278],[120.205151,22.9988672],[120.2053775,22.9994334],[120.2054865,22.9997106],[120.2055235,22.9998158],[120.2058032,23.0005183],[120.2059878,23.0009801],[120.2062552,23.0016621],[120.2062815,23.0017297]]}},{"type":"Feature","id":521058770,"properties":{"osm_id":521058770,"name":"忠義路三段","name_en":"Zhongyi Road Section 3","highway":"tertiary","lanes":"1","oneway":"yes","surface":"asphalt","source":"OpenStreetMap"},"geometry":{"type":"LineString","coordinates":[[120.206181,23.0017581],[120.2061552,23.0016902],[120.2058913,23.0009694],[120.2057218,23.000545],[120.2056572,23.0003822],[120.2053993,22.99971],[120.2052956,22.9994558],[120.2050845,22.9989272],[120.2049638,22.9985548],[120.2049637,22.9984633]]}},{"type":"Feature","id":41389176,"properties":{"osm_id":41389176,"name":"東門陸橋","name_en":null,"highway":"secondary","lanes":null,"oneway":"yes","surface":"asphalt","source":"OpenStreetMap"},"geometry":{"type":"LineString","coordinates":[[120.2115543,22.9885555],[120.2116503,22.988589],[120.2117126,22.9886212],[120.2118495,22.9887028],[120.2118887,22.9887271],[120.2119475,22.9887375],[120.2120142,22.9887346],[120.2121397,22.98871]]}},{"type":"Feature","id":41389178,"properties":{"osm_id":41389178,"name":"東門陸橋","name_en":null,"highway":"secondary","lanes":null,"oneway":"yes","surface":"asphalt","source":"OpenStreetMap"},"geometry":{"type":"LineString","coordinates":[[120.2121397,22.98871],[120.2120539,22.9887465],[120.211993,22.9887767],[120.211951,22.9888129],[120.2119192,22.9888533],[120.2119022,22.9888858],[120.2118873,22.9889332],[120.2118764,22.9889757],[120.2118524,22.9890552],[120.2118262,22.9891082],[120.2117928,22.9891582],[120.211736,22.9892116],[120.2116716,22.9892544],[120.2116487,22.9892677]]}},{"type":"Feature","id":413128684,"properties":{"osm_id":413128684,"name":"東門陸橋","name_en":null,"highway":"secondary","lanes":"2","oneway":null,"surface":"asphalt","source":"OpenStreetMap"},"geometry":{"type":"LineString","coordinates":[[120.214684,22.9879268],[120.2121397,22.98871]]}},{"type":"Feature","id":107538178,"properties":{"osm_id":107538178,"name":"東門圓環","name_en":null,"highway":"secondary","lanes":null,"oneway":"yes","surface":"asphalt","source":"OpenStreetMap"},"geometry":{"type":"LineString","coordinates":[[120.2115065,22.9892471],[120.2114271,22.9892531],[120.2113318,22.9892228],[120.2112639,22.9891847],[120.2111883,22.9891187],[120.2111357,22.9890313],[120.2111166,22.988922]]}},{"type":"Feature","id":160253726,"properties":{"osm_id":160253726,"name":"東門圓環","name_en":null,"highway":"secondary","lanes":null,"oneway":"yes","surface":"asphalt","source":"OpenStreetMap"},"geometry":{"type":"LineString","coordinates":[[120.2114502,22.988614],[120.2114857,22.9885541],[120.2115543,22.9885555]]}},{"type":"Feature","id":160253728,"properties":{"osm_id":160253728,"name":"東門圓環","name_en":null,"highway":"secondary","lanes":null,"oneway":"yes","surface":"asphalt","source":"OpenStreetMap"},"geometry":{"type":"LineString","coordinates":[[120.2116487,22.9892677],[120.2115687,22.9892831],[120.2115065,22.9892471]]}},{"type":"Feature","id":160253730,"properties":{"osm_id":160253730,"name":"東門圓環","name_en":null,"highway":"secondary","lanes":null,"oneway":"yes","surface":"asphalt","source":"OpenStreetMap"},"geometry":{"type":"LineString","coordinates":[[120.2114502,22.988614],[120.2114908,22.9886137],[120.211534,22.9886293],[120.2116021,22.9886657],[120.2116592,22.9887079],[120.2117017,22.9887594],[120.2117335,22.9888072],[120.2117544,22.9888714],[120.211764,22.9889308],[120.2117639,22.9889733],[120.2117508,22.9890317],[120.2117268,22.9890741],[120.2117041,22.989109],[120.2116393,22.9891753],[120.211572,22.9892146],[120.2115065,22.9892471]]}},{"type":"Feature","id":286852568,"properties":{"osm_id":286852568,"name":"東門圓環","name_en":null,"highway":"secondary","lanes":null,"oneway":"yes","surface":"asphalt","source":"OpenStreetMap"},"geometry":{"type":"LineString","coordinates":[[120.2111166,22.988922],[120.2111341,22.9888365],[120.2111771,22.9887441],[120.2112346,22.9886901],[120.2112824,22.9886581],[120.2113348,22.9886397],[120.2114502,22.988614]]}},{"type":"Feature","id":41389171,"properties":{"osm_id":41389171,"name":"東門路一段","name_en":"Dongmen Road Section 1","highway":"secondary","lanes":"3","oneway":"yes","surface":"asphalt","source":"OpenStreetMap"},"geometry":{"type":"LineString","coordinates":[[120.2174522,22.9872338],[120.2172593,22.987286],[120.2171755,22.9872965],[120.217081,22.987266],[120.2169956,22.9871909]]}},{"type":"Feature","id":41389179,"properties":{"osm_id":41389179,"name":"東門路一段","name_en":"Dongmen Road Section 1","highway":"secondary","lanes":"2","oneway":null,"surface":"asphalt","source":"OpenStreetMap"},"geometry":{"type":"LineString","coordinates":[[120.215094,22.9878015],[120.2153453,22.9877192],[120.2156677,22.9876239],[120.2157509,22.9875977],[120.2160999,22.9874873],[120.2161746,22.9874617]]}},{"type":"Feature","id":286852570,"properties":{"osm_id":286852570,"name":"東門路一段","name_en":"Dongmen Road Section 1","highway":"secondary","lanes":"3","oneway":"yes","surface":"asphalt","source":"OpenStreetMap"},"geometry":{"type":"LineString","coordinates":[[120.2169956,22.9871909],[120.2169824,22.9871029],[120.2170123,22.9870064],[120.2170726,22.9869531],[120.2174598,22.9868179]]}},{"type":"Feature","id":316267745,"properties":{"osm_id":316267745,"name":"東門路一段","name_en":"Dongmen Road Section 1","highway":"secondary","lanes":"2","oneway":null,"surface":"asphalt","source":"OpenStreetMap"},"geometry":{"type":"LineString","coordinates":[[120.2180593,22.9868647],[120.2181666,22.9868336],[120.2183179,22.9867873],[120.2188361,22.9866288],[120.2189096,22.9866061]]}},{"type":"Feature","id":413128683,"properties":{"osm_id":413128683,"name":"東門路一段","name_en":"Dongmen Road Section 1","highway":"secondary","lanes":null,"oneway":null,"surface":"asphalt","source":"OpenStreetMap"},"geometry":{"type":"LineString","coordinates":[[120.215094,22.9878015],[120.2148693,22.9878723],[120.2148169,22.9878889],[120.214684,22.9879268]]}},{"type":"Feature","id":496261701,"properties":{"osm_id":496261701,"name":"東門路一段","name_en":"Dongmen Road Section 1","highway":"secondary","lanes":"2","oneway":null,"surface":"asphalt","source":"OpenStreetMap"},"geometry":{"type":"LineString","coordinates":[[120.2161746,22.9874617],[120.2162398,22.987441],[120.2163629,22.9874019],[120.2165879,22.9873275],[120.2168622,22.9872471],[120.2169956,22.9871909]]}},{"type":"Feature","id":667223560,"properties":{"osm_id":667223560,"name":"東門路一段","name_en":"Dongmen Road Section 1","highway":"secondary","lanes":"3","oneway":"yes","surface":"asphalt","source":"OpenStreetMap"},"geometry":{"type":"LineString","coordinates":[[120.2180593,22.9868647],[120.218054,22.9869587],[120.2180481,22.9869763],[120.2180073,22.987026],[120.2179226,22.9870815],[120.2174522,22.9872338]]}},{"type":"Feature","id":1491003164,"properties":{"osm_id":1491003164,"name":"東門路一段","name_en":"Dongmen Road Section 1","highway":"secondary","lanes":"3","oneway":"yes","surface":"asphalt","source":"OpenStreetMap"},"geometry":{"type":"LineString","coordinates":[[120.2174598,22.9868179],[120.2176234,22.9867645],[120.2177547,22.9867226],[120.2178174,22.9867093],[120.2178654,22.9867064],[120.217914,22.9867214],[120.2179743,22.9867591],[120.2180593,22.9868647]]}},{"type":"Feature","id":186109367,"properties":{"osm_id":186109367,"name":"東門路二段","name_en":"Dongmen Road Section 2","highway":"secondary","lanes":"2","oneway":null,"surface":"asphalt","source":"OpenStreetMap"},"geometry":{"type":"LineString","coordinates":[[120.2189096,22.9866061],[120.2191953,22.9865188],[120.2201884,22.9862086],[120.2202551,22.9861878],[120.2203275,22.9861654],[120.220915,22.9859841],[120.2215494,22.9857797],[120.2218929,22.9856723],[120.222108,22.9856085],[120.2222857,22.985552]]}},{"type":"Feature","id":253751064,"properties":{"osm_id":253751064,"name":"東寧路","name_en":"Dongning Road","highway":"tertiary","lanes":"2","oneway":null,"surface":"asphalt","source":"OpenStreetMap"},"geometry":{"type":"LineString","coordinates":[[120.2215726,22.9920206],[120.2214666,22.9920396],[120.2211485,22.9920639],[120.220579,22.9921091],[120.2203518,22.9921269],[120.2202877,22.9921312],[120.2200155,22.9921494],[120.2194549,22.9921944],[120.2193702,22.9921999],[120.2191746,22.9922171],[120.2180076,22.9923115],[120.2178898,22.992325]]}},{"type":"Feature","id":111343183,"properties":{"osm_id":111343183,"name":"東寧路西段","name_en":"Dongning Road W. Sec.","highway":"tertiary","lanes":null,"oneway":"yes","surface":"asphalt","source":"OpenStreetMap"},"geometry":{"type":"LineString","coordinates":[[120.2135175,22.9935849],[120.2136552,22.9933847],[120.2138385,22.9931659],[120.2140467,22.9929757],[120.2142893,22.9928113],[120.2145445,22.9926943]]}},{"type":"Feature","id":111343189,"properties":{"osm_id":111343189,"name":"東寧路西段","name_en":"Dongning Road W. Sec.","highway":"tertiary","lanes":"2","oneway":null,"surface":"asphalt","source":"OpenStreetMap"},"geometry":{"type":"LineString","coordinates":[[120.2178898,22.992325],[120.2177732,22.9923388],[120.2167067,22.9924418],[120.2166063,22.9924515]]}},{"type":"Feature","id":111343191,"properties":{"osm_id":111343191,"name":"東寧路西段","name_en":"Dongning Road W. Sec.","highway":"tertiary","lanes":null,"oneway":"yes","surface":"asphalt","source":"OpenStreetMap"},"geometry":{"type":"LineString","coordinates":[[120.2131418,22.9943852],[120.2131612,22.9942814],[120.213288,22.9940268],[120.2134285,22.9937427],[120.2135175,22.9935849]]}},{"type":"Feature","id":152086658,"properties":{"osm_id":152086658,"name":"東寧路西段","name_en":"Dongning Road W. Sec.","highway":"residential","lanes":"1","oneway":"yes","surface":"asphalt","source":"OpenStreetMap"},"geometry":{"type":"LineString","coordinates":[[120.2166063,22.9924515],[120.2164588,22.9925418],[120.2163422,22.9925554],[120.2154314,22.9926512],[120.2149516,22.9927024],[120.2147827,22.9927154],[120.2146925,22.9927232],[120.2145955,22.9926564]]}},{"type":"Feature","id":152086662,"properties":{"osm_id":152086662,"name":"東寧路西段","name_en":"Dongning Road W. Sec.","highway":"tertiary","lanes":null,"oneway":null,"surface":"asphalt","source":"OpenStreetMap"},"geometry":{"type":"LineString","coordinates":[[120.2166063,22.9924515],[120.2154195,22.9925717],[120.2147848,22.992639]]}},{"type":"Feature","id":152195287,"properties":{"osm_id":152195287,"name":"東寧路西段","name_en":"Dongning Road W. Sec.","highway":"residential","lanes":"1","oneway":"yes","surface":"asphalt","source":"OpenStreetMap"},"geometry":{"type":"LineString","coordinates":[[120.2145955,22.9926564],[120.214685,22.9925939],[120.2150662,22.9925594],[120.215574,22.9925046],[120.2164461,22.9924227],[120.2166063,22.9924515]]}},{"type":"Feature","id":279039573,"properties":{"osm_id":279039573,"name":"東寧路西段","name_en":null,"highway":"residential","lanes":"2","oneway":null,"surface":"asphalt","source":"OpenStreetMap"},"geometry":{"type":"LineString","coordinates":[[120.2135966,22.9936072],[120.2141172,22.9935056],[120.2144634,22.9934394],[120.2145762,22.9934398],[120.2146377,22.9934409]]}},{"type":"Feature","id":497944542,"properties":{"osm_id":497944542,"name":"東寧路西段","name_en":"Dongning Road W. Sec.","highway":"tertiary","lanes":null,"oneway":null,"surface":"asphalt","source":"OpenStreetMap"},"geometry":{"type":"LineString","coordinates":[[120.2147848,22.992639],[120.2145445,22.9926943]]}},{"type":"Feature","id":683948900,"properties":{"osm_id":683948900,"name":"東寧路西段","name_en":"Dongning Road W. Sec.","highway":"tertiary","lanes":null,"oneway":"yes","surface":"asphalt","source":"OpenStreetMap"},"geometry":{"type":"LineString","coordinates":[[120.213541,22.993608],[120.213499,22.9936738],[120.2134436,22.9937854],[120.2133083,22.9940654],[120.2131919,22.9942946],[120.2131418,22.9943852]]}},{"type":"Feature","id":683948901,"properties":{"osm_id":683948901,"name":"東寧路西段","name_en":"Dongning Road W. Sec.","highway":"tertiary","lanes":null,"oneway":"yes","surface":"asphalt","source":"OpenStreetMap"},"geometry":{"type":"LineString","coordinates":[[120.2145445,22.9926943],[120.2142969,22.9928404],[120.2140594,22.9930041],[120.213857,22.9931916],[120.2136766,22.993411],[120.213541,22.993608]]}},{"type":"Feature","id":159279417,"properties":{"osm_id":159279417,"name":"東榮街","name_en":null,"highway":"residential","lanes":null,"oneway":null,"surface":"asphalt","source":"OpenStreetMap"},"geometry":{"type":"LineString","coordinates":[[120.215094,22.9878015],[120.2151034,22.9879041],[120.2151656,22.9885844],[120.2152188,22.9890441],[120.2152332,22.9891687],[120.2152754,22.9896041],[120.2154581,22.9912727],[120.215473,22.9913468],[120.2155159,22.9919104],[120.215574,22.9925046]]}},{"type":"Feature","id":152193618,"properties":{"osm_id":152193618,"name":"東豐路","name_en":"Dongfeng Road","highway":"tertiary","lanes":"1","oneway":"yes","surface":"asphalt","source":"OpenStreetMap"},"geometry":{"type":"LineString","coordinates":[[120.2187507,23.0031356],[120.2188268,23.003127],[120.2194294,23.0030367],[120.219942,23.002959],[120.2201231,23.0029335],[120.2206962,23.0028498],[120.2207428,23.0028424],[120.2207949,23.0028327],[120.2220146,23.0026314],[120.2223458,23.0025851],[120.2224406,23.002577],[120.222521,23.0025646]]}},{"type":"Feature","id":160197249,"properties":{"osm_id":160197249,"name":"東豐路","name_en":"Dongfeng Road","highway":"tertiary","lanes":"2","oneway":"yes","surface":"asphalt","source":"OpenStreetMap"},"geometry":{"type":"LineString","coordinates":[[120.2136057,23.0039351],[120.2137841,23.0039104],[120.2142245,23.0038412],[120.2142747,23.0038306],[120.2144173,23.0038074]]}},{"type":"Feature","id":520547184,"properties":{"osm_id":520547184,"name":"東豐路","name_en":"Dongfeng Road","highway":"tertiary","lanes":"1","oneway":"yes","surface":"asphalt","source":"OpenStreetMap"},"geometry":{"type":"LineString","coordinates":[[120.2224723,23.0029408],[120.2224088,23.0029538],[120.2220796,23.0030153],[120.2212441,23.0031381],[120.2208189,23.0031957],[120.2207608,23.0032063],[120.2207176,23.0032151],[120.2198001,23.0033503],[120.2188588,23.0035058],[120.2187823,23.0035189],[120.2187077,23.0035339],[120.2181838,23.0035879],[120.2176446,23.0036671],[120.2175851,23.0036758],[120.2162424,23.0038794],[120.216162,23.0038949],[120.2157394,23.0039536],[120.2152619,23.0040224],[120.215141,23.0040039],[120.2150241,23.0039862],[120.2146692,23.0039464],[120.2144047,23.0039133]]}},{"type":"Feature","id":520547188,"properties":{"osm_id":520547188,"name":"東豐路","name_en":"Dongfeng Road","highway":"tertiary","lanes":"3","oneway":"yes","surface":"asphalt","source":"OpenStreetMap"},"geometry":{"type":"LineString","coordinates":[[120.2144047,23.0039133],[120.2143374,23.0039248],[120.2142889,23.0039312],[120.2142437,23.0039373],[120.2141751,23.0039439],[120.2137995,23.0039909],[120.2136438,23.0040093]]}},{"type":"Feature","id":520547189,"properties":{"osm_id":520547189,"name":"東豐路","name_en":"Dongfeng Road","highway":"tertiary","lanes":"2","oneway":"yes","surface":"asphalt","source":"OpenStreetMap"},"geometry":{"type":"LineString","coordinates":[[120.2144173,23.0038074],[120.2147136,23.0038284],[120.2149877,23.0038565],[120.2150791,23.0038366],[120.2151654,23.0038099],[120.2161182,23.0036614],[120.2162048,23.0036494],[120.2175699,23.0034672],[120.2176332,23.0034588],[120.218692,23.0033132],[120.2187601,23.0032869],[120.2188231,23.0032675],[120.2207061,23.0030044],[120.220753,23.0029939],[120.2208059,23.0029833],[120.2223878,23.0027367],[120.2224525,23.002723],[120.2225355,23.0027012],[120.2226054,23.0026837],[120.2236094,23.0025418],[120.223673,23.0025322],[120.2245706,23.0024058],[120.2246562,23.0023916],[120.2247794,23.0023648],[120.2249417,23.0023349],[120.226964,23.0020187],[120.2270115,23.0020116],[120.2270758,23.002],[120.2271139,23.0019902],[120.2271837,23.0019561],[120.227256,23.0019003],[120.2273577,23.0018026],[120.227416,23.0016837],[120.2274387,23.0016247],[120.2274878,23.0015522],[120.2275154,23.0015008],[120.2275739,23.0013833]]}},{"type":"Feature","id":751081459,"properties":{"osm_id":751081459,"name":"東豐路","name_en":"Dongfeng Road","highway":"tertiary","lanes":"2","oneway":"yes","surface":"asphalt","source":"OpenStreetMap"},"geometry":{"type":"LineString","coordinates":[[120.2151071,23.0039261],[120.2150129,23.0039381],[120.2145748,23.0038913],[120.2144047,23.0039133]]}},{"type":"Feature","id":751081460,"properties":{"osm_id":751081460,"name":"東豐路","name_en":"Dongfeng Road","highway":"tertiary","lanes":"2","oneway":"yes","surface":"asphalt","source":"OpenStreetMap"},"geometry":{"type":"LineString","coordinates":[[120.2187687,23.0033639],[120.2187011,23.0033781],[120.2176385,23.0035535],[120.2175801,23.003562],[120.21622,23.0037497],[120.2161363,23.003759],[120.2151994,23.0038997],[120.2151071,23.0039261]]}},{"type":"Feature","id":1006936863,"properties":{"osm_id":1006936863,"name":"東豐路","name_en":"Dongfeng Road","highway":"tertiary","lanes":null,"oneway":"yes","surface":"asphalt","source":"OpenStreetMap"},"geometry":{"type":"LineString","coordinates":[[120.2144173,23.0038074],[120.2145022,23.0037637],[120.2149294,23.0036992],[120.215041,23.0036947]]}},{"type":"Feature","id":1006936865,"properties":{"osm_id":1006936865,"name":"東豐路","name_en":"Dongfeng Road","highway":"tertiary","lanes":"1","oneway":"yes","surface":"asphalt","source":"OpenStreetMap"},"geometry":{"type":"LineString","coordinates":[[120.215041,23.0036947],[120.2151371,23.0036857],[120.2160939,23.0035314],[120.2161836,23.0035199],[120.2165081,23.0034709],[120.2172499,23.0033589],[120.2175582,23.0033124],[120.2176249,23.0033023],[120.2186425,23.0031523],[120.2187507,23.0031356]]}},{"type":"Feature","id":1113615422,"properties":{"osm_id":1113615422,"name":"東豐路","name_en":"Dongfeng Road","highway":"tertiary","lanes":"2","oneway":"yes","surface":"asphalt","source":"OpenStreetMap"},"geometry":{"type":"LineString","coordinates":[[120.2224591,23.0028041],[120.2223954,23.0028155],[120.2208117,23.0030685],[120.2207621,23.0030779],[120.2207145,23.0030866],[120.2188274,23.0033507],[120.2187687,23.0033639]]}},{"type":"Feature","id":108071663,"properties":{"osm_id":108071663,"name":"林森地下道","name_en":"Linsen Tunnel","highway":"tertiary","lanes":null,"oneway":"yes","surface":"asphalt","source":"OpenStreetMap"},"geometry":{"type":"LineString","coordinates":[[120.2155781,22.9821577],[120.2131907,22.9814736]]}},{"type":"Feature","id":108071724,"properties":{"osm_id":108071724,"name":"林森地下道","name_en":"Linsen Tunnel","highway":"tertiary","lanes":null,"oneway":"yes","surface":"asphalt","source":"OpenStreetMap"},"geometry":{"type":"LineString","coordinates":[[120.2132568,22.9813126],[120.215616,22.98206]]}},{"type":"Feature","id":160700587,"properties":{"osm_id":160700587,"name":"林森地下道","name_en":"Linsen Tunnel","highway":"tertiary","lanes":null,"oneway":"yes","surface":"asphalt","source":"OpenStreetMap"},"geometry":{"type":"LineString","coordinates":[[120.2148467,22.9820292],[120.2142728,22.9818588]]}},{"type":"Feature","id":108071689,"properties":{"osm_id":108071689,"name":"林森路一段","name_en":"Linsen Road Section 1","highway":"tertiary","lanes":"2","oneway":"yes","surface":"asphalt","source":"OpenStreetMap"},"geometry":{"type":"LineString","coordinates":[[120.215616,22.98206],[120.2159641,22.9821187]]}},{"type":"Feature","id":160700598,"properties":{"osm_id":160700598,"name":"林森路一段","name_en":"Linsen Road Section 1","highway":"tertiary","lanes":null,"oneway":"yes","surface":"asphalt","source":"OpenStreetMap"},"geometry":{"type":"LineString","coordinates":[[120.2149561,22.9817918],[120.2157638,22.9820344]]}},{"type":"Feature","id":160700618,"properties":{"osm_id":160700618,"name":"林森路一段","name_en":"Linsen Road Section 1","highway":"tertiary","lanes":null,"oneway":"yes","surface":"asphalt","source":"OpenStreetMap"},"geometry":{"type":"LineString","coordinates":[[120.2156646,22.9822416],[120.2155292,22.98222],[120.2148467,22.9820292]]}},{"type":"Feature","id":160700627,"properties":{"osm_id":160700627,"name":"林森路一段","name_en":"Linsen Road Section 1","highway":"tertiary","lanes":null,"oneway":"yes","surface":"asphalt","source":"OpenStreetMap"},"geometry":{"type":"LineString","coordinates":[[120.2159057,22.98224],[120.2156646,22.9822416]]}},{"type":"Feature","id":261996311,"properties":{"osm_id":261996311,"name":"林森路一段","name_en":"Linsen Road Section 1","highway":"tertiary","lanes":null,"oneway":"yes","surface":"asphalt","source":"OpenStreetMap"},"geometry":{"type":"LineString","coordinates":[[120.2173544,22.9825282],[120.2174604,22.982562],[120.2181124,22.9827623],[120.2181889,22.9827919],[120.2192362,22.9831569],[120.2198514,22.9833625],[120.2199507,22.9833958],[120.2202931,22.9835002],[120.2205383,22.9836637],[120.2207278,22.9838279],[120.2210873,22.9842499],[120.2211592,22.9843278],[120.221627,22.9848684],[120.2218392,22.9851081],[120.2219483,22.9852014],[120.2221137,22.9853189],[120.2222472,22.9854079],[120.2224394,22.9855048]]}},{"type":"Feature","id":306997511,"properties":{"osm_id":306997511,"name":"林森路一段","name_en":"Linsen Road Section 1","highway":"tertiary","lanes":"2","oneway":"yes","surface":"asphalt","source":"OpenStreetMap"},"geometry":{"type":"LineString","coordinates":[[120.2159641,22.9821187],[120.2161043,22.9821476],[120.2172341,22.9824871],[120.2173544,22.9825282]]}},{"type":"Feature","id":347015859,"properties":{"osm_id":347015859,"name":"林森路一段","name_en":"Linsen Road Section 1","highway":"tertiary","lanes":"2","oneway":"yes","surface":"asphalt","source":"OpenStreetMap"},"geometry":{"type":"LineString","coordinates":[[120.2159057,22.98224],[120.2155781,22.9821577]]}},{"type":"Feature","id":347015860,"properties":{"osm_id":347015860,"name":"林森路一段","name_en":"Linsen Road Section 1","highway":"tertiary","lanes":null,"oneway":"yes","surface":"asphalt","source":"OpenStreetMap"},"geometry":{"type":"LineString","coordinates":[[120.2157638,22.9820344],[120.2159641,22.9821187]]}},{"type":"Feature","id":667223556,"properties":{"osm_id":667223556,"name":"林森路一段","name_en":"Linsen Road Section 1","highway":"tertiary","lanes":"2","oneway":"yes","surface":"asphalt","source":"OpenStreetMap"},"geometry":{"type":"LineString","coordinates":[[120.21991,22.9835042],[120.2198095,22.9834695],[120.21812,22.9828864],[120.2174512,22.9826962],[120.2173756,22.982671],[120.2173388,22.9826574],[120.2171878,22.9826098],[120.2162248,22.9823227],[120.2160422,22.982275],[120.2159057,22.98224]]}},{"type":"Feature","id":158854910,"properties":{"osm_id":158854910,"name":"武英街","name_en":null,"highway":"residential","lanes":null,"oneway":"no","surface":"asphalt","source":"OpenStreetMap"},"geometry":{"type":"LineString","coordinates":[[120.1906441,22.9894899],[120.1912782,22.9893455],[120.1921936,22.989163],[120.1923033,22.989144],[120.1926005,22.9890834],[120.1929269,22.9890186]]}},{"type":"Feature","id":158473540,"properties":{"osm_id":158473540,"name":"武聖路","name_en":null,"highway":"residential","lanes":"2","oneway":null,"surface":"asphalt","source":"OpenStreetMap"},"geometry":{"type":"LineString","coordinates":[[120.1872799,23.0089177],[120.1878155,23.0076422],[120.1878638,23.0075587],[120.1879318,23.0074643],[120.1879967,23.0074148],[120.1880799,23.0073773],[120.1888161,23.0071582],[120.1897305,23.006701],[120.1897878,23.0066724],[120.1898453,23.0066446],[120.1907745,23.0061962],[120.1908348,23.0061672],[120.1909051,23.0061334],[120.1913136,23.0059308],[120.191852,23.0056666],[120.1919178,23.0056344],[120.1919877,23.0056004],[120.1924582,23.0053733],[120.1928388,23.005307],[120.1931175,23.0052951],[120.1933943,23.0053041],[120.1934819,23.0053149],[120.1936484,23.0053482]]}},{"type":"Feature","id":440596570,"properties":{"osm_id":440596570,"name":"武聖路114巷","name_en":null,"highway":"residential","lanes":null,"oneway":null,"surface":null,"source":"OpenStreetMap"},"geometry":{"type":"LineString","coordinates":[[120.1908348,23.0061672],[120.1908757,23.006254],[120.1910433,23.0066092],[120.1911741,23.0068236]]}},{"type":"Feature","id":440596569,"properties":{"osm_id":440596569,"name":"武聖路114巷10弄","name_en":null,"highway":"residential","lanes":null,"oneway":null,"surface":null,"source":"OpenStreetMap"},"geometry":{"type":"LineString","coordinates":[[120.191466,23.0064041],[120.1910433,23.0066092]]}},{"type":"Feature","id":158849594,"properties":{"osm_id":158849594,"name":"武聖路151巷","name_en":null,"highway":"residential","lanes":null,"oneway":null,"surface":null,"source":"OpenStreetMap"},"geometry":{"type":"LineString","coordinates":[[120.1900422,23.0048604],[120.1902891,23.0052944],[120.1905182,23.0057033],[120.1908348,23.0061672]]}},{"type":"Feature","id":440596571,"properties":{"osm_id":440596571,"name":"武聖路151巷10弄","name_en":null,"highway":"residential","lanes":null,"oneway":null,"surface":null,"source":"OpenStreetMap"},"geometry":{"type":"LineString","coordinates":[[120.1905182,23.0057033],[120.1895087,23.0061871]]}},{"type":"Feature","id":440596572,"properties":{"osm_id":440596572,"name":"武聖路151巷29弄","name_en":null,"highway":"residential","lanes":null,"oneway":null,"surface":null,"source":"OpenStreetMap"},"geometry":{"type":"LineString","coordinates":[[120.1902891,23.0052944],[120.1907647,23.0050455]]}},{"type":"Feature","id":440596573,"properties":{"osm_id":440596573,"name":"武聖路151巷30弄","name_en":null,"highway":"residential","lanes":null,"oneway":null,"surface":null,"source":"OpenStreetMap"},"geometry":{"type":"LineString","coordinates":[[120.189245,23.0057946],[120.1902891,23.0052944]]}},{"type":"Feature","id":158849591,"properties":{"osm_id":158849591,"name":"武聖路151巷9弄","name_en":null,"highway":"residential","lanes":null,"oneway":null,"surface":null,"source":"OpenStreetMap"},"geometry":{"type":"LineString","coordinates":[[120.1910022,23.0054619],[120.1905182,23.0057033]]}},{"type":"Feature","id":440596575,"properties":{"osm_id":440596575,"name":"武聖路160巷","name_en":null,"highway":"residential","lanes":null,"oneway":null,"surface":null,"source":"OpenStreetMap"},"geometry":{"type":"LineString","coordinates":[[120.1901165,23.0072566],[120.1899922,23.0071178],[120.1898294,23.006763],[120.1897878,23.0066724]]}},{"type":"Feature","id":440596574,"properties":{"osm_id":440596574,"name":"武聖路160巷8弄","name_en":null,"highway":"residential","lanes":null,"oneway":null,"surface":null,"source":"OpenStreetMap"},"geometry":{"type":"LineString","coordinates":[[120.1910433,23.0066092],[120.1906659,23.0067918],[120.1899922,23.0071178]]}},{"type":"Feature","id":158473531,"properties":{"osm_id":158473531,"name":"武聖路197巷","name_en":null,"highway":"residential","lanes":null,"oneway":null,"surface":null,"source":"OpenStreetMap"},"geometry":{"type":"LineString","coordinates":[[120.1897878,23.0066724],[120.1897381,23.006586],[120.1895087,23.0061871],[120.189245,23.0057946],[120.1890107,23.0053739]]}},{"type":"Feature","id":440596576,"properties":{"osm_id":440596576,"name":"武聖路197巷10弄","name_en":null,"highway":"residential","lanes":null,"oneway":null,"surface":null,"source":"OpenStreetMap"},"geometry":{"type":"LineString","coordinates":[[120.1895087,23.0061871],[120.1885127,23.0066917]]}},{"type":"Feature","id":440596577,"properties":{"osm_id":440596577,"name":"武聖路197巷30弄","name_en":null,"highway":"residential","lanes":null,"oneway":null,"surface":null,"source":"OpenStreetMap"},"geometry":{"type":"LineString","coordinates":[[120.1882843,23.0062798],[120.189245,23.0057946]]}},{"type":"Feature","id":440596552,"properties":{"osm_id":440596552,"name":"武聖路197巷49弄","name_en":null,"highway":"residential","lanes":null,"oneway":null,"surface":null,"source":"OpenStreetMap"},"geometry":{"type":"LineString","coordinates":[[120.1900422,23.0048604],[120.190201,23.0047948],[120.1905414,23.004654]]}},{"type":"Feature","id":440596551,"properties":{"osm_id":440596551,"name":"武聖路197巷50弄","name_en":null,"highway":"residential","lanes":null,"oneway":null,"surface":null,"source":"OpenStreetMap"},"geometry":{"type":"LineString","coordinates":[[120.1900422,23.0048604],[120.1890107,23.0053739],[120.1884371,23.0056547]]}},{"type":"Feature","id":256521990,"properties":{"osm_id":256521990,"name":"武聖路239巷","name_en":null,"highway":"residential","lanes":null,"oneway":null,"surface":null,"source":"OpenStreetMap"},"geometry":{"type":"LineString","coordinates":[[120.1888161,23.0071582],[120.1885127,23.0066917],[120.1882843,23.0062798]]}},{"type":"Feature","id":440596579,"properties":{"osm_id":440596579,"name":"武聖路239巷10弄","name_en":null,"highway":"residential","lanes":null,"oneway":null,"surface":null,"source":"OpenStreetMap"},"geometry":{"type":"LineString","coordinates":[[120.1885127,23.0066917],[120.1877285,23.0069068],[120.1873832,23.0069354]]}},{"type":"Feature","id":158849597,"properties":{"osm_id":158849597,"name":"武聖路239巷28弄","name_en":null,"highway":"residential","lanes":null,"oneway":null,"surface":null,"source":"OpenStreetMap"},"geometry":{"type":"LineString","coordinates":[[120.187312,23.0065262],[120.187707,23.0064655],[120.1882843,23.0062798]]}},{"type":"Feature","id":440596580,"properties":{"osm_id":440596580,"name":"武聖路27巷12弄","name_en":null,"highway":"residential","lanes":null,"oneway":null,"surface":null,"source":"OpenStreetMap"},"geometry":{"type":"LineString","coordinates":[[120.1921015,23.0047601],[120.1925106,23.0045628]]}},{"type":"Feature","id":440596581,"properties":{"osm_id":440596581,"name":"武聖路27巷5弄","name_en":null,"highway":"residential","lanes":null,"oneway":null,"surface":null,"source":"OpenStreetMap"},"geometry":{"type":"LineString","coordinates":[[120.1925106,23.0045628],[120.1928247,23.0044119]]}},{"type":"Feature","id":158849531,"properties":{"osm_id":158849531,"name":"武聖路36巷","name_en":null,"highway":"residential","lanes":null,"oneway":null,"surface":null,"source":"OpenStreetMap"},"geometry":{"type":"LineString","coordinates":[[120.1926131,23.0058321],[120.1921517,23.0060508],[120.191466,23.0064041]]}},{"type":"Feature","id":444914144,"properties":{"osm_id":444914144,"name":"武聖路36巷","name_en":null,"highway":"residential","lanes":null,"oneway":null,"surface":"asphalt","source":"OpenStreetMap"},"geometry":{"type":"LineString","coordinates":[[120.1924582,23.0053733],[120.1926131,23.0058321]]}},{"type":"Feature","id":158824762,"properties":{"osm_id":158824762,"name":"武聖路45巷","name_en":null,"highway":"residential","lanes":null,"oneway":null,"surface":"asphalt","source":"OpenStreetMap"},"geometry":{"type":"LineString","coordinates":[[120.1924582,23.0053733],[120.1921015,23.0047601],[120.1917201,23.0041846]]}},{"type":"Feature","id":440596582,"properties":{"osm_id":440596582,"name":"武聖路45巷24弄","name_en":null,"highway":"residential","lanes":null,"oneway":null,"surface":"asphalt","source":"OpenStreetMap"},"geometry":{"type":"LineString","coordinates":[[120.1915264,23.0050521],[120.1921015,23.0047601]]}},{"type":"Feature","id":497936774,"properties":{"osm_id":497936774,"name":"武聖路69巷","name_en":null,"highway":"residential","lanes":"2","oneway":null,"surface":"asphalt","source":"OpenStreetMap"},"geometry":{"type":"LineString","coordinates":[[120.1919178,23.0056344],[120.1915264,23.0050521],[120.1913579,23.004749]]}},{"type":"Feature","id":498595443,"properties":{"osm_id":498595443,"name":"武聖路69巷","name_en":null,"highway":"residential","lanes":null,"oneway":null,"surface":"asphalt","source":"OpenStreetMap"},"geometry":{"type":"LineString","coordinates":[[120.1913579,23.004749],[120.1911895,23.0044587],[120.1909947,23.0041287],[120.1908217,23.0038355],[120.1906464,23.0035385],[120.1904549,23.0032124]]}},{"type":"Feature","id":505317157,"properties":{"osm_id":505317157,"name":"武聖路69巷","name_en":null,"highway":"residential","lanes":null,"oneway":null,"surface":null,"source":"OpenStreetMap"},"geometry":{"type":"LineString","coordinates":[[120.1904549,23.0032124],[120.1901498,23.0029539],[120.1900896,23.0028829],[120.1897392,23.0024674]]}},{"type":"Feature","id":158824773,"properties":{"osm_id":158824773,"name":"武聖路69巷26弄","name_en":null,"highway":"residential","lanes":null,"oneway":null,"surface":null,"source":"OpenStreetMap"},"geometry":{"type":"LineString","coordinates":[[120.1911895,23.0044587],[120.1917201,23.0041846],[120.1921787,23.0039499],[120.1922784,23.0038993]]}},{"type":"Feature","id":158824775,"properties":{"osm_id":158824775,"name":"武聖路69巷30弄","name_en":null,"highway":"residential","lanes":null,"oneway":null,"surface":"asphalt","source":"OpenStreetMap"},"geometry":{"type":"LineString","coordinates":[[120.1909355,23.005345],[120.1915264,23.0050521]]}},{"type":"Feature","id":158824765,"properties":{"osm_id":158824765,"name":"武聖路69巷40弄","name_en":null,"highway":"residential","lanes":null,"oneway":null,"surface":"asphalt","source":"OpenStreetMap"},"geometry":{"type":"LineString","coordinates":[[120.1913136,23.0059308],[120.1910022,23.0054619],[120.1909355,23.005345],[120.1907647,23.0050455],[120.1905414,23.004654]]}},{"type":"Feature","id":440596584,"properties":{"osm_id":440596584,"name":"武聖路69巷40弄","name_en":null,"highway":"residential","lanes":"2","oneway":null,"surface":"asphalt","source":"OpenStreetMap"},"geometry":{"type":"LineString","coordinates":[[120.1913579,23.004749],[120.1905414,23.004654],[120.1891646,23.004494]]}},{"type":"Feature","id":158824756,"properties":{"osm_id":158824756,"name":"武聖路69巷71弄","name_en":null,"highway":"residential","lanes":null,"oneway":null,"surface":null,"source":"OpenStreetMap"},"geometry":{"type":"LineString","coordinates":[[120.1909947,23.0041287],[120.1919798,23.0036114]]}},{"type":"Feature","id":571273018,"properties":{"osm_id":571273018,"name":"武聖路69巷85弄","name_en":null,"highway":"residential","lanes":null,"oneway":null,"surface":null,"source":"OpenStreetMap"},"geometry":{"type":"LineString","coordinates":[[120.1908217,23.0038355],[120.1917017,23.0033679]]}},{"type":"Feature","id":158824758,"properties":{"osm_id":158824758,"name":"武聖路69巷99弄","name_en":null,"highway":"residential","lanes":null,"oneway":null,"surface":null,"source":"OpenStreetMap"},"geometry":{"type":"LineString","coordinates":[[120.1914248,23.003142],[120.1906464,23.0035385]]}},{"type":"Feature","id":158849588,"properties":{"osm_id":158849588,"name":"武聖路8巷","name_en":null,"highway":"residential","lanes":null,"oneway":null,"surface":"asphalt","source":"OpenStreetMap"},"geometry":{"type":"LineString","coordinates":[[120.1930586,23.0059579],[120.1930744,23.0057825],[120.1931181,23.0053655],[120.1931175,23.0052951]]}},{"type":"Feature","id":160321090,"properties":{"osm_id":160321090,"name":"武德街","name_en":null,"highway":"residential","lanes":null,"oneway":null,"surface":null,"source":"OpenStreetMap"},"geometry":{"type":"LineString","coordinates":[[120.209594,22.9918321],[120.2097798,22.9929701]]}},{"type":"Feature","id":159143979,"properties":{"osm_id":159143979,"name":"河中街","name_en":null,"highway":"residential","lanes":null,"oneway":null,"surface":"asphalt","source":"OpenStreetMap"},"geometry":{"type":"LineString","coordinates":[[120.1929479,22.9941712],[120.1930555,22.9945709],[120.1931052,22.9947782],[120.1931762,22.9950612],[120.1932485,22.9953431],[120.193259,22.9953858],[120.1934018,22.9959707],[120.1934811,22.9962438]]}},{"type":"Feature","id":1254850808,"properties":{"osm_id":1254850808,"name":"河樂廣場","name_en":null,"highway":"pedestrian","lanes":null,"oneway":null,"surface":null,"source":"OpenStreetMap"},"geometry":{"type":"LineString","coordinates":[[120.1924566,22.9941467],[120.1924374,22.9940673],[120.1923713,22.9937935],[120.1925469,22.9937576],[120.192559,22.9938078],[120.1928834,22.9937414],[120.1928712,22.9936912],[120.1930233,22.9936601],[120.1932645,22.9936107],[120.1932765,22.9936603],[120.1936357,22.9935868],[120.1938568,22.9935415],[120.1938448,22.9934919],[120.1941176,22.993436],[120.194139,22.9935245],[120.1942166,22.9938458],[120.1941072,22.9938682],[120.1940934,22.9938113],[120.1936765,22.9938967],[120.1936903,22.9939535],[120.1935625,22.9939797],[120.1935488,22.9939231],[120.1931878,22.993997],[120.1924566,22.9941467]]}},{"type":"Feature","id":499302825,"properties":{"osm_id":499302825,"name":"法華街","name_en":"Fahua Street","highway":"residential","lanes":null,"oneway":null,"surface":"asphalt","source":"OpenStreetMap"},"geometry":{"type":"LineString","coordinates":[[120.2087012,22.9812437],[120.2087003,22.9813156],[120.2086911,22.9817412],[120.2086968,22.9820503],[120.2087389,22.9825221],[120.2087531,22.9825838],[120.2087903,22.9827119],[120.2088751,22.9828558],[120.2090463,22.9830397],[120.2091429,22.9831377],[120.2092493,22.983299],[120.2093312,22.9834179],[120.2093827,22.9834527],[120.2095515,22.9834484],[120.2096297,22.9834972],[120.2097976,22.9837356],[120.2099759,22.9839547],[120.2100654,22.9840344],[120.210169,22.9840754],[120.2102352,22.9841517],[120.2103066,22.9842816],[120.2104185,22.9843943],[120.2105713,22.9844748],[120.2110299,22.9846029],[120.2112184,22.9847238]]}},{"type":"Feature","id":372219463,"properties":{"osm_id":372219463,"name":"空地","name_en":null,"highway":"pedestrian","lanes":null,"oneway":null,"surface":"concrete","source":"OpenStreetMap"},"geometry":{"type":"LineString","coordinates":[[120.2037584,23.0015302],[120.2040427,23.0014179],[120.2040333,23.0013796],[120.2040872,23.0013417],[120.2040839,23.0012681],[120.2037043,23.0014228],[120.2037584,23.0015302]]}},{"type":"Feature","id":372219963,"properties":{"osm_id":372219963,"name":"空地","name_en":null,"highway":"pedestrian","lanes":null,"oneway":null,"surface":null,"source":"OpenStreetMap"},"geometry":{"type":"LineString","coordinates":[[120.2034077,23.0019887],[120.2035633,23.0019319],[120.2035351,23.0018726],[120.2033796,23.0019344],[120.2034077,23.0019887]]}},{"type":"Feature","id":507980155,"properties":{"osm_id":507980155,"name":"育南街","name_en":"Yunan Street","highway":"residential","lanes":null,"oneway":null,"surface":null,"source":"OpenStreetMap"},"geometry":{"type":"LineString","coordinates":[[120.1890724,22.9823602],[120.1891381,22.9824078],[120.1891879,22.9829732],[120.1892101,22.9832254],[120.189278,22.9839961],[120.1893132,22.9843957],[120.1892754,22.9844472]]}},{"type":"Feature","id":509175424,"properties":{"osm_id":509175424,"name":"育德二路","name_en":"Yude 2nd Road","highway":"residential","lanes":null,"oneway":null,"surface":"asphalt","source":"OpenStreetMap"},"geometry":{"type":"LineString","coordinates":[[120.2036016,23.0096673],[120.2036139,23.0094892],[120.2036082,23.0094519],[120.2035934,23.0094207],[120.2035127,23.0092739],[120.2032779,23.0089718],[120.2029357,23.0084948],[120.2027374,23.0082353],[120.2025024,23.0079034],[120.2023661,23.0077507],[120.2023239,23.0077027],[120.2021585,23.0074802],[120.2021112,23.0074419],[120.2019474,23.0071945],[120.2016732,23.0068157],[120.2013967,23.0064302]]}},{"type":"Feature","id":162339834,"properties":{"osm_id":162339834,"name":"育德二路31巷","name_en":null,"highway":"residential","lanes":null,"oneway":null,"surface":null,"source":"OpenStreetMap"},"geometry":{"type":"LineString","coordinates":[[120.2019474,23.0071945],[120.2007736,23.007168]]}},{"type":"Feature","id":158800033,"properties":{"osm_id":158800033,"name":"育德二路51巷","name_en":null,"highway":"residential","lanes":null,"oneway":null,"surface":"asphalt","source":"OpenStreetMap"},"geometry":{"type":"LineString","coordinates":[[120.2022755,23.0077691],[120.2007639,23.0077487],[120.200022,23.0077334],[120.1998885,23.0077306]]}},{"type":"Feature","id":158800037,"properties":{"osm_id":158800037,"name":"育德二路55巷","name_en":null,"highway":"residential","lanes":null,"oneway":null,"surface":null,"source":"OpenStreetMap"},"geometry":{"type":"LineString","coordinates":[[120.2022419,23.0090022],[120.2022521,23.0083936],[120.2022755,23.0077691],[120.2023239,23.0077027]]}},{"type":"Feature","id":538124006,"properties":{"osm_id":538124006,"name":"育德路","name_en":null,"highway":"residential","lanes":"2","oneway":null,"surface":"asphalt","source":"OpenStreetMap"},"geometry":{"type":"LineString","coordinates":[[120.2027408,23.0055028],[120.2028137,23.0056003],[120.2030602,23.0059298],[120.2034505,23.0064575],[120.2036514,23.0067208],[120.2038473,23.0069874],[120.2038937,23.0070464],[120.2041206,23.0073714],[120.2048933,23.0084166]]}},{"type":"Feature","id":162343672,"properties":{"osm_id":162343672,"name":"育德路17巷","name_en":null,"highway":"residential","lanes":null,"oneway":null,"surface":"asphalt","source":"OpenStreetMap"},"geometry":{"type":"LineString","coordinates":[[120.2030602,23.0059298],[120.2028372,23.0060633],[120.2025581,23.0062266]]}},{"type":"Feature","id":547174141,"properties":{"osm_id":547174141,"name":"育德路17巷","name_en":null,"highway":"residential","lanes":null,"oneway":null,"surface":null,"source":"OpenStreetMap"},"geometry":{"type":"LineString","coordinates":[[120.203338,23.0073096],[120.2031459,23.0070487],[120.2029436,23.0067739],[120.2027534,23.0065155],[120.2025581,23.0062266],[120.2022993,23.0058137]]}},{"type":"Feature","id":560004429,"properties":{"osm_id":560004429,"name":"育德路28巷","name_en":null,"highway":"residential","lanes":null,"oneway":null,"surface":"asphalt","source":"OpenStreetMap"},"geometry":{"type":"LineString","coordinates":[[120.2036107,23.0063528],[120.2036019,23.0062879],[120.2032398,23.0058148],[120.2030602,23.0059298]]}},{"type":"Feature","id":162339823,"properties":{"osm_id":162339823,"name":"育德路35巷","name_en":null,"highway":"residential","lanes":null,"oneway":null,"surface":"asphalt","source":"OpenStreetMap"},"geometry":{"type":"LineString","coordinates":[[120.2029436,23.0067739],[120.2032218,23.0066028],[120.2034505,23.0064575]]}},{"type":"Feature","id":1112214411,"properties":{"osm_id":1112214411,"name":"育德路48巷","name_en":null,"highway":"residential","lanes":null,"oneway":null,"surface":"asphalt","source":"OpenStreetMap"},"geometry":{"type":"LineString","coordinates":[[120.2034505,23.0064575],[120.2036107,23.0063528]]}},{"type":"Feature","id":162339824,"properties":{"osm_id":162339824,"name":"育德路49巷","name_en":null,"highway":"residential","lanes":null,"oneway":null,"surface":"asphalt","source":"OpenStreetMap"},"geometry":{"type":"LineString","coordinates":[[120.2031459,23.0070487],[120.2034211,23.0068691],[120.2036514,23.0067208]]}},{"type":"Feature","id":279039572,"properties":{"osm_id":279039572,"name":"育樂街","name_en":null,"highway":"residential","lanes":"2","oneway":null,"surface":"asphalt","source":"OpenStreetMap"},"geometry":{"type":"LineString","coordinates":[[120.2145955,22.9926564],[120.2145861,22.9925654],[120.2145265,22.9919861],[120.2145139,22.9918697],[120.2145126,22.9918571],[120.21447,22.991438],[120.2144624,22.9913638]]}},{"type":"Feature","id":486363286,"properties":{"osm_id":486363286,"name":"育樂街","name_en":null,"highway":"residential","lanes":"2","oneway":null,"surface":"asphalt","source":"OpenStreetMap"},"geometry":{"type":"LineString","coordinates":[[120.2147095,22.9943203],[120.2146828,22.9940262],[120.2146452,22.9935216],[120.2146377,22.9934409]]}},{"type":"Feature","id":1456634787,"properties":{"osm_id":1456634787,"name":"育樂街","name_en":null,"highway":"residential","lanes":"2","oneway":null,"surface":"asphalt","source":"OpenStreetMap"},"geometry":{"type":"LineString","coordinates":[[120.2146377,22.9934409],[120.2146335,22.9933615],[120.2146169,22.9930536],[120.214604,22.9928151],[120.2145955,22.9926564]]}},{"type":"Feature","id":159470907,"properties":{"osm_id":159470907,"name":"金城街","name_en":null,"highway":"residential","lanes":null,"oneway":null,"surface":null,"source":"OpenStreetMap"},"geometry":{"type":"LineString","coordinates":[[120.1907493,22.9925262],[120.1902118,22.9926354],[120.1897812,22.9927481],[120.1892889,22.9928009],[120.1888556,22.992847],[120.1887415,22.992892]]}},{"type":"Feature","id":208031301,"properties":{"osm_id":208031301,"name":"金華新路","name_en":"Jinhuasin Road","highway":"residential","lanes":null,"oneway":null,"surface":"asphalt","source":"OpenStreetMap"},"geometry":{"type":"LineString","coordinates":[[120.1921858,22.99351],[120.1922761,22.9934913],[120.1931543,22.9933093],[120.1932768,22.9932823],[120.1933973,22.9932577],[120.1945086,22.9930231],[120.1945916,22.9930049]]}},{"type":"Feature","id":302060495,"properties":{"osm_id":302060495,"name":"金華新路","name_en":"Jinhuasin Road","highway":"residential","lanes":null,"oneway":"yes","surface":null,"source":"OpenStreetMap"},"geometry":{"type":"LineString","coordinates":[[120.1887696,22.9955077],[120.1888085,22.9955546],[120.1888107,22.9955617],[120.188882,22.9957962]]}},{"type":"Feature","id":302060497,"properties":{"osm_id":302060497,"name":"金華新路","name_en":"Jinhuasin Road","highway":"residential","lanes":null,"oneway":"yes","surface":null,"source":"OpenStreetMap"},"geometry":{"type":"LineString","coordinates":[[120.188806,22.9958098],[120.1887434,22.9955773],[120.1887413,22.9955696],[120.1887696,22.9955077]]}},{"type":"Feature","id":640064426,"properties":{"osm_id":640064426,"name":"金華新路","name_en":null,"highway":"residential","lanes":null,"oneway":null,"surface":null,"source":"OpenStreetMap"},"geometry":{"type":"LineString","coordinates":[[120.1883524,22.9939368],[120.1884378,22.9939675],[120.1886863,22.9940566],[120.1887091,22.9940711],[120.1888787,22.9941933]]}},{"type":"Feature","id":721047821,"properties":{"osm_id":721047821,"name":"金華新路","name_en":"Jinhuasin Road","highway":"residential","lanes":null,"oneway":null,"surface":null,"source":"OpenStreetMap"},"geometry":{"type":"LineString","coordinates":[[120.1887696,22.9955077],[120.1887455,22.9954198],[120.1885914,22.9949026],[120.1885743,22.9948311],[120.1885717,22.9947535],[120.188673,22.9945016],[120.1887681,22.9942664],[120.1888003,22.9942333],[120.1888787,22.9941933],[120.1889331,22.9941782],[120.1890592,22.9941563],[120.189483,22.9940712]]}},{"type":"Feature","id":721047822,"properties":{"osm_id":721047822,"name":"金華新路","name_en":"Jinhua New Road","highway":"residential","lanes":null,"oneway":"yes","surface":null,"source":"OpenStreetMap"},"geometry":{"type":"LineString","coordinates":[[120.1910442,22.9937514],[120.1911015,22.9937128]]}},{"type":"Feature","id":721047823,"properties":{"osm_id":721047823,"name":"金華新路","name_en":"Jinhuasin Road","highway":"residential","lanes":null,"oneway":null,"surface":null,"source":"OpenStreetMap"},"geometry":{"type":"LineString","coordinates":[[120.1910442,22.9937514],[120.1910045,22.9937597],[120.1895588,22.9940566]]}},{"type":"Feature","id":1376990828,"properties":{"osm_id":1376990828,"name":"金華新路","name_en":"Jinhuasin Road","highway":"residential","lanes":null,"oneway":null,"surface":"asphalt","source":"OpenStreetMap"},"geometry":{"type":"LineString","coordinates":[[120.1895588,22.9940566],[120.189483,22.9940712]]}},{"type":"Feature","id":1410573264,"properties":{"osm_id":1410573264,"name":"金華新路","name_en":"Jinhua New Road","highway":"residential","lanes":null,"oneway":"yes","surface":null,"source":"OpenStreetMap"},"geometry":{"type":"LineString","coordinates":[[120.1911147,22.99377],[120.1910442,22.9937514]]}},{"type":"Feature","id":108037211,"properties":{"osm_id":108037211,"name":"金華路二段","name_en":"Jinhua Road Section 2","highway":"primary","lanes":null,"oneway":null,"surface":"asphalt","source":"OpenStreetMap"},"geometry":{"type":"LineString","coordinates":[[120.1918084,22.984847],[120.1918002,22.9847622],[120.1917869,22.9843297],[120.1917466,22.9838257],[120.1916593,22.9828809],[120.1916513,22.9827957],[120.1916452,22.9827161],[120.1915594,22.9816707],[120.1915525,22.9815884]]}},{"type":"Feature","id":442079840,"properties":{"osm_id":442079840,"name":"金華路二段","name_en":"Jinhua Road Section 2","highway":"primary","lanes":"4","oneway":null,"surface":"asphalt","source":"OpenStreetMap"},"geometry":{"type":"LineString","coordinates":[[120.1920539,22.9881352],[120.1920365,22.9879754],[120.1919742,22.9872059],[120.1919699,22.9871514],[120.1919632,22.9870665],[120.1919413,22.9867913],[120.1919181,22.9864993],[120.191914,22.9864486],[120.1918984,22.9862521],[120.1918519,22.9856674],[120.191815,22.9852031],[120.1918126,22.9849147],[120.1918084,22.984847]]}},{"type":"Feature","id":204198354,"properties":{"osm_id":204198354,"name":"金華路二段289巷","name_en":null,"highway":"residential","lanes":null,"oneway":null,"surface":"asphalt","source":"OpenStreetMap"},"geometry":{"type":"LineString","coordinates":[[120.189937,22.9844534],[120.190389,22.9844207],[120.1907425,22.984395],[120.1908047,22.984418],[120.1912107,22.9843903],[120.1917869,22.9843297]]}},{"type":"Feature","id":294964442,"properties":{"osm_id":294964442,"name":"金華路二段289巷23弄","name_en":null,"highway":"residential","lanes":null,"oneway":null,"surface":null,"source":"OpenStreetMap"},"geometry":{"type":"LineString","coordinates":[[120.1907232,22.9828402],[120.1908047,22.984418]]}},{"type":"Feature","id":294964443,"properties":{"osm_id":294964443,"name":"金華路二段289巷5弄","name_en":null,"highway":"residential","lanes":null,"oneway":null,"surface":null,"source":"OpenStreetMap"},"geometry":{"type":"LineString","coordinates":[[120.1911153,22.9828183],[120.1912107,22.9843903]]}},{"type":"Feature","id":294964444,"properties":{"osm_id":294964444,"name":"金華路二段345巷","name_en":null,"highway":"residential","lanes":null,"oneway":null,"surface":null,"source":"OpenStreetMap"},"geometry":{"type":"LineString","coordinates":[[120.1918519,22.9856674],[120.1913143,22.9857117],[120.1909075,22.9857387],[120.1904969,22.9857622],[120.1901069,22.9857897],[120.1900741,22.9857865]]}},{"type":"Feature","id":294964445,"properties":{"osm_id":294964445,"name":"金華路二段345巷26弄","name_en":null,"highway":"residential","lanes":null,"oneway":null,"surface":null,"source":"OpenStreetMap"},"geometry":{"type":"LineString","coordinates":[[120.1909075,22.9857387],[120.1909726,22.9865593],[120.1909781,22.9866471],[120.1909962,22.9868663],[120.1910224,22.9872165]]}},{"type":"Feature","id":159315449,"properties":{"osm_id":159315449,"name":"金華路二段83巷","name_en":"Lane 83 , Jinhua Road Section 2","highway":"residential","lanes":"1","oneway":null,"surface":"asphalt","source":"OpenStreetMap"},"geometry":{"type":"LineString","coordinates":[[120.1917466,22.9838257],[120.1919438,22.9838097],[120.1920215,22.9838385],[120.1921571,22.9839602],[120.1924828,22.9842578]]}},{"type":"Feature","id":107538173,"properties":{"osm_id":107538173,"name":"金華路三段","name_en":"Jinhua Road Section 3","highway":"primary","lanes":null,"oneway":null,"surface":"asphalt","source":"OpenStreetMap"},"geometry":{"type":"LineString","coordinates":[[120.1939457,22.9960993],[120.1939198,22.9959894],[120.1938793,22.9958177],[120.1937435,22.9952422],[120.1937204,22.9951444],[120.1936738,22.9949467],[120.1935608,22.9944678],[120.1934811,22.99413],[120.1934659,22.9940655]]}},{"type":"Feature","id":250709918,"properties":{"osm_id":250709918,"name":"金華路三段","name_en":"Jinhua Road Section 3","highway":"primary","lanes":"4","oneway":null,"surface":"asphalt","source":"OpenStreetMap"},"geometry":{"type":"LineString","coordinates":[[120.1928455,22.9914954],[120.1928198,22.9913862],[120.1927568,22.9911183],[120.1927398,22.9910464],[120.1927188,22.9909594],[120.1926398,22.9906319],[120.1926247,22.9905695],[120.1925178,22.9900842],[120.192504,22.9900215],[120.1924871,22.9899581],[120.1924283,22.9897037],[120.1924023,22.989576],[120.1923172,22.989198],[120.1923033,22.989144],[120.1920717,22.9882281],[120.1920539,22.9881352]]}},{"type":"Feature","id":307001558,"properties":{"osm_id":307001558,"name":"金華路三段","name_en":"Jinhua Road Section 3","highway":"primary","lanes":null,"oneway":null,"surface":"asphalt","source":"OpenStreetMap"},"geometry":{"type":"LineString","coordinates":[[120.1934659,22.9940655],[120.1934448,22.9939785],[120.1933619,22.9936347],[120.1933428,22.9935557],[120.1933315,22.9935089],[120.1932768,22.9932823],[120.1932535,22.9931857],[120.1931651,22.9928195],[120.1931533,22.9927706],[120.1931423,22.9927248],[120.193041,22.9923052],[120.1930183,22.9922112],[120.1929963,22.9921201],[120.1928731,22.9916097],[120.1928455,22.9914954]]}},{"type":"Feature","id":107538183,"properties":{"osm_id":107538183,"name":"金華路五段","name_en":"Jinhua Road Section 5","highway":"tertiary","lanes":null,"oneway":null,"surface":"asphalt","source":"OpenStreetMap"},"geometry":{"type":"LineString","coordinates":[[120.196115,23.0015165],[120.1963219,23.0020121],[120.196515,23.0024465],[120.1965238,23.0025108],[120.1965342,23.0025876]]}},{"type":"Feature","id":407967749,"properties":{"osm_id":407967749,"name":"金華路五段","name_en":"Jinhua Road Section 5","highway":"tertiary","lanes":null,"oneway":null,"surface":"asphalt","source":"OpenStreetMap"},"geometry":{"type":"LineString","coordinates":[[120.1965111,23.0026511],[120.1965342,23.0025876]]}},{"type":"Feature","id":107538191,"properties":{"osm_id":107538191,"name":"金華路四段","name_en":"Jinhua Road Section 4","highway":"primary","lanes":null,"oneway":null,"surface":"asphalt","source":"OpenStreetMap"},"geometry":{"type":"LineString","coordinates":[[120.196115,23.0015165],[120.1960773,23.0014329]]}},{"type":"Feature","id":107538199,"properties":{"osm_id":107538199,"name":"金華路四段","name_en":"Jinhua Road Section 4","highway":"primary","lanes":"4","oneway":null,"surface":"asphalt","source":"OpenStreetMap"},"geometry":{"type":"LineString","coordinates":[[120.1951546,22.9991312],[120.1951146,22.9990203],[120.1950446,22.9988389],[120.1948131,22.998252],[120.1947284,22.9980619],[120.1946214,22.9978142],[120.1945955,22.9977543],[120.1943336,22.9971198],[120.1943035,22.9970422],[120.194016,22.9962894],[120.1939697,22.9961639]]}},{"type":"Feature","id":307001559,"properties":{"osm_id":307001559,"name":"金華路四段","name_en":"Jinhua Road Section 4","highway":"primary","lanes":null,"oneway":null,"surface":"asphalt","source":"OpenStreetMap"},"geometry":{"type":"LineString","coordinates":[[120.1939697,22.9961639],[120.1939457,22.9960993]]}},{"type":"Feature","id":1210793285,"properties":{"osm_id":1210793285,"name":"金華路四段","name_en":"Jinhua Road Section 4","highway":"primary","lanes":"4","oneway":null,"surface":"asphalt","source":"OpenStreetMap"},"geometry":{"type":"LineString","coordinates":[[120.1960773,23.0014329],[120.1958938,23.0009811],[120.1955355,23.0000993],[120.1953335,22.9995567],[120.1952146,22.999274],[120.1951546,22.9991312]]}},{"type":"Feature","id":204197907,"properties":{"osm_id":204197907,"name":"金華橋","name_en":null,"highway":"residential","lanes":null,"oneway":"yes","surface":"asphalt","source":"OpenStreetMap"},"geometry":{"type":"LineString","coordinates":[[120.1919787,22.9935892],[120.1911147,22.99377]]}},{"type":"Feature","id":695814518,"properties":{"osm_id":695814518,"name":"金華橋","name_en":null,"highway":"residential","lanes":null,"oneway":"yes","surface":"asphalt","source":"OpenStreetMap"},"geometry":{"type":"LineString","coordinates":[[120.1911015,22.9937128],[120.1919625,22.9935288]]}},{"type":"Feature","id":1433943744,"properties":{"osm_id":1433943744,"name":"金華橋","name_en":null,"highway":"residential","lanes":null,"oneway":"yes","surface":"asphalt","source":"OpenStreetMap"},"geometry":{"type":"LineString","coordinates":[[120.1921858,22.99351],[120.1920808,22.9935677],[120.1919787,22.9935892]]}},{"type":"Feature","id":1433943745,"properties":{"osm_id":1433943745,"name":"金華橋","name_en":null,"highway":"residential","lanes":null,"oneway":"yes","surface":"asphalt","source":"OpenStreetMap"},"geometry":{"type":"LineString","coordinates":[[120.1919625,22.9935288],[120.1920654,22.9935067],[120.1920729,22.9935051],[120.1921858,22.99351]]}},{"type":"Feature","id":38367673,"properties":{"osm_id":38367673,"name":"長北街","name_en":"Changbei Street","highway":"residential","lanes":null,"oneway":null,"surface":"asphalt","source":"OpenStreetMap"},"geometry":{"type":"LineString","coordinates":[[120.2056298,23.0053526],[120.2055397,23.0051789],[120.2054278,23.0048069],[120.205196,23.0041107],[120.2049664,23.0033569],[120.2045669,23.0022099],[120.2045399,23.0021291],[120.2045153,23.0020622],[120.2041694,23.0011904],[120.2039207,23.0004465],[120.2038316,23.00018],[120.2037056,22.9998033],[120.2035935,22.9994764],[120.2034283,22.9989718],[120.2034073,22.9989083]]}},{"type":"Feature","id":201713470,"properties":{"osm_id":201713470,"name":"長南街","name_en":"Changnan Street","highway":"residential","lanes":null,"oneway":null,"surface":"paving_stones","source":"OpenStreetMap"},"geometry":{"type":"LineString","coordinates":[[120.1916513,22.9827957],[120.1915321,22.9827955],[120.1911153,22.9828183],[120.1907232,22.9828402],[120.1903131,22.9828688],[120.1899329,22.9829],[120.1898564,22.9829036],[120.1897517,22.982909],[120.1891879,22.9829732]]}},{"type":"Feature","id":294964446,"properties":{"osm_id":294964446,"name":"長南街36巷","name_en":null,"highway":"residential","lanes":null,"oneway":null,"surface":null,"source":"OpenStreetMap"},"geometry":{"type":"LineString","coordinates":[[120.190389,22.9844207],[120.1903131,22.9828688]]}},{"type":"Feature","id":302239912,"properties":{"osm_id":302239912,"name":"長榮路一段","name_en":"Changrong Road Section 1","highway":"tertiary","lanes":"2","oneway":"yes","surface":"asphalt","source":"OpenStreetMap"},"geometry":{"type":"LineString","coordinates":[[120.2175,22.9833914],[120.2174036,22.9831835],[120.2173546,22.9830807],[120.2173278,22.982939],[120.2173235,22.9828344],[120.2173281,22.9827564],[120.2173315,22.9827247],[120.2173388,22.9826574],[120.2173544,22.9825282]]}},{"type":"Feature","id":306997517,"properties":{"osm_id":306997517,"name":"長榮路一段","name_en":"Changrong Road Section 1","highway":"tertiary","lanes":"2","oneway":"yes","surface":"asphalt","source":"OpenStreetMap"},"geometry":{"type":"LineString","coordinates":[[120.2180307,22.9842405],[120.2180697,22.9843403],[120.2182243,22.9847756],[120.2182504,22.9848509],[120.2185507,22.985643],[120.2186017,22.9857972],[120.2186221,22.9858594],[120.2186597,22.9859717],[120.2189096,22.9866061]]}},{"type":"Feature","id":306997518,"properties":{"osm_id":306997518,"name":"長榮路一段","name_en":"Changrong Road Section 1","highway":"tertiary","lanes":"2","oneway":"yes","surface":"asphalt","source":"OpenStreetMap"},"geometry":{"type":"LineString","coordinates":[[120.2179728,22.9842586],[120.2179306,22.9841663],[120.2176795,22.9836848],[120.2175,22.9833914]]}},{"type":"Feature","id":306997519,"properties":{"osm_id":306997519,"name":"長榮路一段","name_en":"Changrong Road Section 1","highway":"tertiary","lanes":"2","oneway":"yes","surface":"asphalt","source":"OpenStreetMap"},"geometry":{"type":"LineString","coordinates":[[120.2173544,22.9825282],[120.2173756,22.982671],[120.2173831,22.9827419],[120.2173859,22.9827756],[120.2173932,22.9829113],[120.2174038,22.9830431],[120.2174253,22.9831476],[120.2174533,22.9832053],[120.2177449,22.9836814],[120.2179863,22.9841474],[120.2180307,22.9842405]]}},{"type":"Feature","id":316267746,"properties":{"osm_id":316267746,"name":"長榮路一段","name_en":"Changrong Road Section 1","highway":"tertiary","lanes":"2","oneway":"yes","surface":"asphalt","source":"OpenStreetMap"},"geometry":{"type":"LineString","coordinates":[[120.2188361,22.9866288],[120.2185997,22.9859912],[120.2185585,22.9858805],[120.2185364,22.9858186],[120.2182953,22.9851502],[120.2181911,22.9848722],[120.2181623,22.9847953],[120.2180322,22.984438],[120.2180085,22.9843578],[120.2179728,22.9842586]]}},{"type":"Feature","id":316267744,"properties":{"osm_id":316267744,"name":"長榮路二段","name_en":"Changrong Road Section 2","highway":"tertiary","lanes":"2","oneway":"yes","surface":"asphalt","source":"OpenStreetMap"},"geometry":{"type":"LineString","coordinates":[[120.2189096,22.9866061],[120.2191439,22.9872752],[120.2192885,22.9876453],[120.2193343,22.9877739],[120.2193532,22.9878268],[120.2194384,22.9880803],[120.2197647,22.989029],[120.2198101,22.9891768],[120.2198088,22.989215],[120.2198298,22.9892781],[120.2198744,22.9893439],[120.2200601,22.9895626],[120.2202448,22.9897227],[120.2202977,22.9897846],[120.2205196,22.9900662],[120.2210708,22.9907142],[120.2211603,22.9908172],[120.221485,22.9911996],[120.2215452,22.9912715],[120.22158,22.9913332],[120.2216027,22.9914252],[120.2216262,22.9918724],[120.2216366,22.9920082]]}},{"type":"Feature","id":1456639977,"properties":{"osm_id":1456639977,"name":"長榮路二段","name_en":"Changrong Road Section 2","highway":"tertiary","lanes":"2","oneway":"yes","surface":"asphalt","source":"OpenStreetMap"},"geometry":{"type":"LineString","coordinates":[[120.2190846,22.9872948],[120.2188361,22.9866288]]}},{"type":"Feature","id":243773566,"properties":{"osm_id":243773566,"name":"長德街","name_en":null,"highway":"residential","lanes":null,"oneway":null,"surface":"asphalt","source":"OpenStreetMap"},"geometry":{"type":"LineString","coordinates":[[120.2052419,23.002022],[120.2054755,23.0026554],[120.2056655,23.0031763],[120.2058293,23.0036048],[120.2059501,23.0039317],[120.2062149,23.0046042],[120.2065178,23.005351]]}},{"type":"Feature","id":158995063,"properties":{"osm_id":158995063,"name":"長賢街","name_en":"Changsian St.","highway":"residential","lanes":null,"oneway":null,"surface":"asphalt","source":"OpenStreetMap"},"geometry":{"type":"LineString","coordinates":[[120.20423,23.0036023],[120.2042909,23.0035678],[120.2043528,23.0035354],[120.2043643,23.0035322],[120.2047739,23.0034183],[120.2049664,23.0033569],[120.2054471,23.0032334],[120.2056655,23.0031763]]}},{"type":"Feature","id":41389169,"properties":{"osm_id":41389169,"name":"青年路","name_en":"Qingnian Road","highway":"residential","lanes":"2","oneway":null,"surface":"asphalt","source":"OpenStreetMap"},"geometry":{"type":"LineString","coordinates":[[120.2177611,22.9911407],[120.2176749,22.9911447],[120.2165832,22.9912147],[120.2165201,22.991219],[120.2164431,22.9912234],[120.2162125,22.9912402],[120.2154581,22.9912727],[120.2154007,22.9912743],[120.214936,22.9913096],[120.2145571,22.9913477],[120.2145237,22.9913559],[120.2144624,22.9913638],[120.2144007,22.9913681],[120.2139379,22.9913788],[120.2136571,22.9913988],[120.2136006,22.9914057],[120.2135804,22.9914076],[120.2129746,22.9914571],[120.2129125,22.9914615],[120.2128559,22.9914663],[120.2126451,22.9914835],[120.2122436,22.9915105],[120.212097,22.9915209],[120.2119402,22.9915311],[120.2118976,22.9915345],[120.2117741,22.9915413],[120.2116522,22.9915513],[120.2115362,22.9915633],[120.2112969,22.9915943],[120.2105838,22.9916916],[120.2105231,22.9916999],[120.210467,22.9917075],[120.2101159,22.9917557]]}},{"type":"Feature","id":496332198,"properties":{"osm_id":496332198,"name":"青年路","name_en":"Qingnian Road","highway":"residential","lanes":null,"oneway":null,"surface":"asphalt","source":"OpenStreetMap"},"geometry":{"type":"LineString","coordinates":[[120.2077158,22.9921144],[120.2074983,22.9921363],[120.2068897,22.9922173],[120.206682,22.9922443],[120.206057,22.9923378],[120.2060098,22.9923438],[120.2056796,22.9923962],[120.2055449,22.9924217],[120.2055232,22.9924266],[120.2054577,22.9924508]]}},{"type":"Feature","id":496332200,"properties":{"osm_id":496332200,"name":"青年路","name_en":"Qingnian Road","highway":"residential","lanes":"2","oneway":null,"surface":"asphalt","source":"OpenStreetMap"},"geometry":{"type":"LineString","coordinates":[[120.2101159,22.9917557],[120.2098338,22.991798],[120.209594,22.9918321],[120.2093836,22.9918697],[120.2093052,22.9918837],[120.209186,22.9919019],[120.209057,22.9919172],[120.2089975,22.9919245],[120.2087006,22.9919609],[120.208321,22.9920186],[120.2079292,22.9920785],[120.2079003,22.9920834],[120.2077158,22.9921144]]}},{"type":"Feature","id":158854903,"properties":{"osm_id":158854903,"name":"保安路","name_en":null,"highway":"residential","lanes":null,"oneway":null,"surface":"asphalt","source":"OpenStreetMap"},"geometry":{"type":"LineString","coordinates":[[120.1977033,22.9902047],[120.1975544,22.990201],[120.1972648,22.9901907],[120.1970128,22.990194],[120.1968293,22.9902266],[120.1967636,22.9902383]]}},{"type":"Feature","id":496332203,"properties":{"osm_id":496332203,"name":"保安路","name_en":null,"highway":"residential","lanes":null,"oneway":null,"surface":"asphalt","source":"OpenStreetMap"},"geometry":{"type":"LineString","coordinates":[[120.1967636,22.9902383],[120.1966979,22.9902521],[120.1963469,22.9903258],[120.1959572,22.9904136],[120.1957775,22.9904501],[120.1956757,22.9904634],[120.1956232,22.9904756],[120.195472,22.9905053]]}},{"type":"Feature","id":497984540,"properties":{"osm_id":497984540,"name":"保安路","name_en":null,"highway":"residential","lanes":null,"oneway":null,"surface":"asphalt","source":"OpenStreetMap"},"geometry":{"type":"LineString","coordinates":[[120.195472,22.9905053],[120.1953297,22.9905341],[120.1952214,22.9905561],[120.1947766,22.9906461],[120.1946921,22.9906632],[120.1940836,22.9907864],[120.1939994,22.9908035],[120.1933737,22.9909302],[120.1928574,22.9910249],[120.1927398,22.9910464],[120.1926176,22.9910737],[120.1921527,22.9911775],[120.1917258,22.9912623],[120.1912225,22.9913658]]}},{"type":"Feature","id":159143983,"properties":{"osm_id":159143983,"name":"信義街","name_en":null,"highway":"pedestrian","lanes":null,"oneway":null,"surface":"paving_stones","source":"OpenStreetMap"},"geometry":{"type":"LineString","coordinates":[[120.1967226,22.9993539],[120.1962674,22.9996278],[120.1962518,22.9996043],[120.1961398,22.9996832],[120.1960311,22.9997557],[120.1959654,22.9997965],[120.1958127,22.9999006],[120.1955912,23.0000681],[120.1955355,23.0000993],[120.1954485,23.000191],[120.1950827,23.0004034],[120.1948293,23.0005683],[120.1946289,23.0006861],[120.194515,23.0007331],[120.194444,23.0006994],[120.1943363,23.0007349]]}},{"type":"Feature","id":161409498,"properties":{"osm_id":161409498,"name":"前鋒路","name_en":"Qianfeng Road","highway":"tertiary","lanes":"4","oneway":"no","surface":"asphalt","source":"OpenStreetMap"},"geometry":{"type":"LineString","coordinates":[[120.2162131,23.0055741],[120.2160792,23.0054499],[120.2158023,23.0051563],[120.2156913,23.0050216],[120.2156214,23.0049247],[120.2154734,23.0047196],[120.2153678,23.0045498],[120.2152716,23.0043772],[120.2152046,23.0041642],[120.2151882,23.0041192],[120.215141,23.0040039],[120.2151071,23.0039261]]}},{"type":"Feature","id":313194758,"properties":{"osm_id":313194758,"name":"前鋒路","name_en":"Qianfeng Road","highway":"tertiary","lanes":"2","oneway":"no","surface":"asphalt","source":"OpenStreetMap"},"geometry":{"type":"LineString","coordinates":[[120.2126407,22.9888943],[120.2126607,22.9890631],[120.2126741,22.9891907],[120.2126819,22.9892493],[120.2127414,22.9897163],[120.2127625,22.9900261],[120.2127991,22.9903759],[120.2128174,22.990642],[120.2128275,22.9907877],[120.2128658,22.9911367],[120.212902,22.9913788],[120.2129125,22.9914615],[120.2129191,22.9915334],[120.2129431,22.9917032],[120.2130174,22.9926398],[120.2130723,22.9930208],[120.2130796,22.9930709],[120.2130803,22.993125],[120.2130833,22.9933672],[120.2130835,22.993436],[120.2131011,22.993806],[120.2131605,22.9938605],[120.2132212,22.9939163]]}},{"type":"Feature","id":592381354,"properties":{"osm_id":592381354,"name":"前鋒路","name_en":"Qianfeng Road","highway":"tertiary","lanes":"2","oneway":"no","surface":"asphalt","source":"OpenStreetMap"},"geometry":{"type":"LineString","coordinates":[[120.2146675,23.0013766],[120.2146535,23.00132],[120.2146325,23.001235],[120.2143269,22.9999986],[120.2142569,22.9997156],[120.2142304,22.9996082],[120.2142,22.9994832],[120.2139842,22.9986121],[120.2138712,22.998155]]}},{"type":"Feature","id":675775397,"properties":{"osm_id":675775397,"name":"前鋒路","name_en":"Qianfeng Road","highway":"tertiary","lanes":null,"oneway":"no","surface":"asphalt","source":"OpenStreetMap"},"geometry":{"type":"LineString","coordinates":[[120.21468,23.0014548],[120.2146675,23.0013766]]}},{"type":"Feature","id":751081458,"properties":{"osm_id":751081458,"name":"前鋒路","name_en":"Qianfeng Road","highway":"tertiary","lanes":"4","oneway":"no","surface":"asphalt","source":"OpenStreetMap"},"geometry":{"type":"LineString","coordinates":[[120.215041,23.0036947],[120.2150205,23.0036048],[120.2148869,23.0027716],[120.2148665,23.0026443],[120.2148055,23.0022623],[120.2147598,23.0019759],[120.2147361,23.0018397],[120.2147071,23.0016164],[120.2146921,23.0015302],[120.21468,23.0014548]]}},{"type":"Feature","id":851573477,"properties":{"osm_id":851573477,"name":"前鋒路","name_en":"Qianfeng Road","highway":"tertiary","lanes":"2","oneway":"no","surface":"asphalt","source":"OpenStreetMap"},"geometry":{"type":"LineString","coordinates":[[120.2131418,22.9943852],[120.2132584,22.9945269],[120.2132666,22.9945777],[120.2133411,22.9950535],[120.2133641,22.9951807],[120.213405,22.9954181],[120.2134554,22.9957106],[120.2135278,22.9961053]]}},{"type":"Feature","id":851573482,"properties":{"osm_id":851573482,"name":"前鋒路","name_en":"Qianfeng Road","highway":"tertiary","lanes":null,"oneway":null,"surface":"asphalt","source":"OpenStreetMap"},"geometry":{"type":"LineString","coordinates":[[120.2132212,22.9939163],[120.2131729,22.9940179],[120.2131141,22.9941181],[120.2130631,22.9942032]]}},{"type":"Feature","id":895947781,"properties":{"osm_id":895947781,"name":"前鋒路","name_en":"Qianfeng Road","highway":"tertiary","lanes":null,"oneway":null,"surface":"asphalt","source":"OpenStreetMap"},"geometry":{"type":"LineString","coordinates":[[120.2130631,22.9942032],[120.2131418,22.9943852]]}},{"type":"Feature","id":970103634,"properties":{"osm_id":970103634,"name":"前鋒路","name_en":"Qianfeng Road","highway":"tertiary","lanes":"2","oneway":"yes","surface":"asphalt","source":"OpenStreetMap"},"geometry":{"type":"LineString","coordinates":[[120.2162131,23.0055741],[120.2162911,23.0056115],[120.2163793,23.0056783],[120.2166666,23.0058995],[120.2166909,23.005953]]}},{"type":"Feature","id":970103635,"properties":{"osm_id":970103635,"name":"前鋒路","name_en":"Qianfeng Road","highway":"tertiary","lanes":"2","oneway":"yes","surface":"asphalt","source":"OpenStreetMap"},"geometry":{"type":"LineString","coordinates":[[120.2166909,23.005953],[120.2166353,23.0059236],[120.2163582,23.0057237],[120.216261,23.0056489],[120.2162131,23.0055741]]}},{"type":"Feature","id":987256869,"properties":{"osm_id":987256869,"name":"前鋒路","name_en":"Qianfeng Road","highway":"tertiary","lanes":"2","oneway":null,"surface":"asphalt","source":"OpenStreetMap"},"geometry":{"type":"LineString","coordinates":[[120.2170031,23.0061717],[120.216774,23.0060096],[120.2166909,23.005953]]}},{"type":"Feature","id":1006936864,"properties":{"osm_id":1006936864,"name":"前鋒路","name_en":"Qianfeng Road","highway":"tertiary","lanes":null,"oneway":"no","surface":"asphalt","source":"OpenStreetMap"},"geometry":{"type":"LineString","coordinates":[[120.2151071,23.0039261],[120.2150791,23.0038366],[120.215041,23.0036947]]}},{"type":"Feature","id":1204345392,"properties":{"osm_id":1204345392,"name":"前鋒路","name_en":"Qianfeng Road","highway":"tertiary","lanes":"2","oneway":"no","surface":"asphalt","source":"OpenStreetMap"},"geometry":{"type":"LineString","coordinates":[[120.2135278,22.9961053],[120.2135726,22.9963519],[120.2136137,22.9965815],[120.213633,22.9967358],[120.2136571,22.9968892]]}},{"type":"Feature","id":1432700321,"properties":{"osm_id":1432700321,"name":"前鋒路","name_en":null,"highway":"residential","lanes":null,"oneway":null,"surface":"asphalt","source":"OpenStreetMap"},"geometry":{"type":"LineString","coordinates":[[120.2146921,23.0015302],[120.2146103,23.0016146],[120.2145971,23.0016283],[120.2145895,23.0016532],[120.2146008,23.0017575],[120.2146262,23.0019401]]}},{"type":"Feature","id":1491159664,"properties":{"osm_id":1491159664,"name":"前鋒路","name_en":"Qianfeng Road","highway":"tertiary","lanes":"2","oneway":"no","surface":"asphalt","source":"OpenStreetMap"},"geometry":{"type":"LineString","coordinates":[[120.2137708,22.9976871],[120.2137615,22.997622],[120.2136732,22.9970025],[120.2136571,22.9968892]]}},{"type":"Feature","id":1491159665,"properties":{"osm_id":1491159665,"name":"前鋒路","name_en":"Qianfeng Road","highway":"tertiary","lanes":"2","oneway":"no","surface":"asphalt","source":"OpenStreetMap"},"geometry":{"type":"LineString","coordinates":[[120.2138712,22.998155],[120.2137708,22.9976871]]}},{"type":"Feature","id":1432700322,"properties":{"osm_id":1432700322,"name":"前鋒路175巷","name_en":null,"highway":"residential","lanes":null,"oneway":null,"surface":"asphalt","source":"OpenStreetMap"},"geometry":{"type":"LineString","coordinates":[[120.2146262,23.0019401],[120.214268,23.0019992]]}},{"type":"Feature","id":159473878,"properties":{"osm_id":159473878,"name":"南明街","name_en":"Nanming Street","highway":"residential","lanes":null,"oneway":null,"surface":null,"source":"OpenStreetMap"},"geometry":{"type":"LineString","coordinates":[[120.1892754,22.9844472],[120.1883677,22.9845167],[120.1876958,22.9845481],[120.1871318,22.9846152],[120.1870647,22.984574]]}},{"type":"Feature","id":24430153,"properties":{"osm_id":24430153,"name":"南門路","name_en":"Nanmen Road","highway":"tertiary","lanes":"2","oneway":null,"surface":"asphalt","source":"OpenStreetMap"},"geometry":{"type":"LineString","coordinates":[[120.2049836,22.9921999],[120.2049743,22.9921172],[120.2049739,22.9921127],[120.204987,22.9920402],[120.2049925,22.9920099],[120.204967,22.9917421],[120.2048637,22.9909172],[120.2048445,22.990796]]}},{"type":"Feature","id":286094870,"properties":{"osm_id":286094870,"name":"南門路","name_en":"Nanmen Road","highway":"tertiary","lanes":"2","oneway":null,"surface":"asphalt","source":"OpenStreetMap"},"geometry":{"type":"LineString","coordinates":[[120.2044051,22.9870299],[120.2043875,22.9868456],[120.204374,22.9867278],[120.2043548,22.9865189],[120.2043418,22.986394],[120.2043233,22.9862053],[120.2042946,22.9859669],[120.2042914,22.9859226],[120.2042868,22.9858588],[120.2042781,22.9857918],[120.2042422,22.9855166],[120.2042059,22.98518],[120.2041876,22.9850334],[120.2041575,22.9847226],[120.2040523,22.9839847],[120.2040043,22.9836353],[120.2039456,22.9832262],[120.2038575,22.9826484],[120.2038486,22.98259],[120.2038415,22.9825275],[120.2038031,22.9821881],[120.2037835,22.9820276],[120.2037563,22.9818215],[120.2037305,22.9814792],[120.203721,22.9813906]]}},{"type":"Feature","id":306997497,"properties":{"osm_id":306997497,"name":"南門路","name_en":"Nanmen Road","highway":"tertiary","lanes":"2","oneway":null,"surface":"asphalt","source":"OpenStreetMap"},"geometry":{"type":"LineString","coordinates":[[120.2048445,22.990796],[120.2048316,22.9907079],[120.2047972,22.9903993],[120.2047654,22.9900664],[120.2047585,22.990028],[120.2047486,22.9899863],[120.204648,22.9891363],[120.2046025,22.9890439]]}},{"type":"Feature","id":1456634260,"properties":{"osm_id":1456634260,"name":"南門路","name_en":"Nanmen Road","highway":"tertiary","lanes":"2","oneway":null,"surface":"asphalt","source":"OpenStreetMap"},"geometry":{"type":"LineString","coordinates":[[120.2046025,22.9890439],[120.2046197,22.9889175],[120.2045842,22.9885218],[120.2045583,22.9882782],[120.2045494,22.9881946]]}},{"type":"Feature","id":1456634293,"properties":{"osm_id":1456634293,"name":"南門路","name_en":"Nanmen Road","highway":"tertiary","lanes":"2","oneway":null,"surface":"asphalt","source":"OpenStreetMap"},"geometry":{"type":"LineString","coordinates":[[120.2045494,22.9881946],[120.2045114,22.9879208],[120.2045081,22.987888],[120.2045022,22.9878279],[120.2044954,22.9877748],[120.2044701,22.9875771],[120.2044125,22.9871268],[120.2044051,22.9870299]]}},{"type":"Feature","id":118793020,"properties":{"osm_id":118793020,"name":"南島路","name_en":null,"highway":"residential","lanes":null,"oneway":null,"surface":"asphalt","source":"OpenStreetMap"},"geometry":{"type":"LineString","coordinates":[[120.1829116,22.991472],[120.1829931,22.9914621],[120.1845647,22.9912663],[120.1850567,22.9912052],[120.1853317,22.9911693],[120.1854226,22.9911575],[120.1855087,22.9911472],[120.185892,22.9911016],[120.1861267,22.9910725],[120.1868231,22.9909712],[120.1869611,22.9909643],[120.1870783,22.9909581]]}},{"type":"Feature","id":158656440,"properties":{"osm_id":158656440,"name":"南華街","name_en":"Nanhua Street","highway":"residential","lanes":null,"oneway":null,"surface":"asphalt","source":"OpenStreetMap"},"geometry":{"type":"LineString","coordinates":[[120.1910419,22.988337],[120.1910681,22.9884382],[120.1912782,22.9893455],[120.1913986,22.9898156],[120.1914905,22.9902293],[120.1916003,22.9908008],[120.1917258,22.9912623],[120.1918007,22.9917155]]}},{"type":"Feature","id":203481580,"properties":{"osm_id":203481580,"name":"南寧街","name_en":"Nanning Street","highway":"residential","lanes":null,"oneway":null,"surface":null,"source":"OpenStreetMap"},"geometry":{"type":"LineString","coordinates":[[120.1964215,22.9850921],[120.1964737,22.9850891],[120.1974672,22.9850809],[120.1975554,22.9850841],[120.1976295,22.9850846],[120.1977584,22.9850797],[120.1986901,22.9850907],[120.200109,22.9850817],[120.2008159,22.9850763],[120.2011902,22.9850734],[120.2014551,22.9850714],[120.2017981,22.9850689]]}},{"type":"Feature","id":504514704,"properties":{"osm_id":504514704,"name":"南寧街","name_en":"Nanning Street","highway":"residential","lanes":"2","oneway":null,"surface":"asphalt","source":"OpenStreetMap"},"geometry":{"type":"LineString","coordinates":[[120.2056054,22.9844476],[120.2052534,22.984534],[120.2050772,22.9845685],[120.204528,22.9846762],[120.2045018,22.9846813],[120.2041575,22.9847226],[120.203316,22.9849153],[120.202584,22.9850594],[120.2017981,22.9850689]]}},{"type":"Feature","id":601728085,"properties":{"osm_id":601728085,"name":"南榕廣場","name_en":null,"highway":"pedestrian","lanes":null,"oneway":null,"surface":"paving_stones","source":"OpenStreetMap"},"geometry":{"type":"LineString","coordinates":[[120.2202312,22.9962055],[120.2202385,22.9962875],[120.2202522,22.9964441],[120.2202683,22.9966275],[120.2196435,22.9966832],[120.2196383,22.9966264],[120.2195862,22.9966304],[120.2195911,22.9966839],[120.2190217,22.9967091],[120.2189871,22.9962952],[120.2196091,22.9962514],[120.2201088,22.9962148],[120.2202312,22.9962055]]}},{"type":"Feature","id":256848084,"properties":{"osm_id":256848084,"name":"南樂街","name_en":"Nanle Street","highway":"residential","lanes":null,"oneway":null,"surface":"asphalt","source":"OpenStreetMap"},"geometry":{"type":"LineString","coordinates":[[120.1895553,22.9886274],[120.1880532,22.9871042],[120.1870433,22.9863985]]}},{"type":"Feature","id":442079839,"properties":{"osm_id":442079839,"name":"南樂街","name_en":"Nanle Street","highway":"residential","lanes":null,"oneway":null,"surface":null,"source":"OpenStreetMap"},"geometry":{"type":"LineString","coordinates":[[120.1870433,22.9863985],[120.18704,22.986339],[120.1871603,22.9861945],[120.187306,22.9860267]]}},{"type":"Feature","id":159473880,"properties":{"osm_id":159473880,"name":"南豐街","name_en":"NanFong Street","highway":"residential","lanes":null,"oneway":null,"surface":null,"source":"OpenStreetMap"},"geometry":{"type":"LineString","coordinates":[[120.1883677,22.9845167],[120.1883272,22.9840594]]}},{"type":"Feature","id":442079838,"properties":{"osm_id":442079838,"name":"南豐街","name_en":"NanFong Street","highway":"residential","lanes":null,"oneway":null,"surface":null,"source":"OpenStreetMap"},"geometry":{"type":"LineString","coordinates":[[120.1883272,22.9840594],[120.1882626,22.98333]]}},{"type":"Feature","id":41389173,"properties":{"osm_id":41389173,"name":"城隍街","name_en":null,"highway":"residential","lanes":null,"oneway":null,"surface":null,"source":"OpenStreetMap"},"geometry":{"type":"LineString","coordinates":[[120.209057,22.9919172],[120.2089326,22.9913166],[120.2088169,22.9907738]]}},{"type":"Feature","id":496332197,"properties":{"osm_id":496332197,"name":"城隍街","name_en":null,"highway":"residential","lanes":null,"oneway":null,"surface":"asphalt","source":"OpenStreetMap"},"geometry":{"type":"LineString","coordinates":[[120.2088169,22.9907738],[120.2084097,22.9901992],[120.2082836,22.990024],[120.2081234,22.9897952],[120.2079902,22.9896071],[120.2078081,22.9893502],[120.2076754,22.9891446],[120.2076652,22.988981]]}},{"type":"Feature","id":159315441,"properties":{"osm_id":159315441,"name":"建民街","name_en":"Jianmin Street","highway":"residential","lanes":"1","oneway":null,"surface":"paving_stones","source":"OpenStreetMap"},"geometry":{"type":"LineString","coordinates":[[120.194347,22.9831977],[120.1942976,22.9833197],[120.1944253,22.9836751],[120.1945386,22.984042],[120.1946823,22.9844967],[120.194828,22.9844969],[120.1949179,22.9844993]]}},{"type":"Feature","id":161010066,"properties":{"osm_id":161010066,"name":"建安街","name_en":null,"highway":"residential","lanes":null,"oneway":null,"surface":"asphalt","source":"OpenStreetMap"},"geometry":{"type":"LineString","coordinates":[[120.1949985,22.9886508],[120.1948871,22.9886658]]}},{"type":"Feature","id":161010072,"properties":{"osm_id":161010072,"name":"建安街","name_en":null,"highway":"residential","lanes":null,"oneway":null,"surface":"asphalt","source":"OpenStreetMap"},"geometry":{"type":"LineString","coordinates":[[120.1957527,22.988604],[120.1950885,22.9886452],[120.1949985,22.9886508]]}},{"type":"Feature","id":504026230,"properties":{"osm_id":504026230,"name":"建安街","name_en":null,"highway":"residential","lanes":null,"oneway":null,"surface":"asphalt","source":"OpenStreetMap"},"geometry":{"type":"LineString","coordinates":[[120.1948871,22.9886658],[120.1947939,22.9886711],[120.1941504,22.988681]]}},{"type":"Feature","id":442079835,"properties":{"osm_id":442079835,"name":"建南路","name_en":"Jiannan Road","highway":"residential","lanes":null,"oneway":null,"surface":"asphalt","source":"OpenStreetMap"},"geometry":{"type":"LineString","coordinates":[[120.1918084,22.984847],[120.1919459,22.9848459],[120.19214,22.9848402],[120.1928236,22.9848428],[120.1932813,22.9848418],[120.1939715,22.984843],[120.1941914,22.9848417],[120.1948109,22.9848378],[120.1949145,22.9848414],[120.1950463,22.9848441]]}},{"type":"Feature","id":496339478,"properties":{"osm_id":496339478,"name":"建南路","name_en":"Jiannan Road","highway":"residential","lanes":null,"oneway":null,"surface":"asphalt","source":"OpenStreetMap"},"geometry":{"type":"LineString","coordinates":[[120.1854388,22.9853298],[120.185824,22.9852884],[120.1863565,22.9852269],[120.1864335,22.9852254],[120.1865573,22.9852256],[120.1866614,22.9852197],[120.187235,22.9851675],[120.18772,22.9851268],[120.1877924,22.9851208],[120.1878769,22.9851153],[120.1883006,22.985088],[120.1887832,22.9850516],[120.1891635,22.9850195],[120.1899383,22.9849909],[120.1899776,22.9849879],[120.1901095,22.984978],[120.1904319,22.9849538],[120.190844,22.9849226],[120.19125,22.984892],[120.1916871,22.9848436],[120.1918084,22.984847]]}},{"type":"Feature","id":294964434,"properties":{"osm_id":294964434,"name":"建南路102巷","name_en":null,"highway":"residential","lanes":null,"oneway":null,"surface":null,"source":"OpenStreetMap"},"geometry":{"type":"LineString","coordinates":[[120.19143,22.9871866],[120.1914014,22.9868346],[120.1913788,22.9865335],[120.1913615,22.9862832],[120.1913143,22.9857117],[120.1912771,22.9852367],[120.19125,22.984892]]}},{"type":"Feature","id":294964435,"properties":{"osm_id":294964435,"name":"建南路117巷","name_en":null,"highway":"residential","lanes":null,"oneway":null,"surface":null,"source":"OpenStreetMap"},"geometry":{"type":"LineString","coordinates":[[120.1908047,22.984418],[120.190844,22.9849226]]}},{"type":"Feature","id":294964436,"properties":{"osm_id":294964436,"name":"建南路120巷","name_en":null,"highway":"residential","lanes":null,"oneway":null,"surface":null,"source":"OpenStreetMap"},"geometry":{"type":"LineString","coordinates":[[120.190844,22.9849226],[120.1909075,22.9857387]]}},{"type":"Feature","id":294964437,"properties":{"osm_id":294964437,"name":"建南路135巷","name_en":null,"highway":"residential","lanes":null,"oneway":null,"surface":null,"source":"OpenStreetMap"},"geometry":{"type":"LineString","coordinates":[[120.1904319,22.9849538],[120.190389,22.9844207]]}},{"type":"Feature","id":294964438,"properties":{"osm_id":294964438,"name":"建南路138巷","name_en":null,"highway":"residential","lanes":null,"oneway":null,"surface":null,"source":"OpenStreetMap"},"geometry":{"type":"LineString","coordinates":[[120.1905703,22.9866744],[120.1904969,22.9857622],[120.1904319,22.9849538]]}},{"type":"Feature","id":294964439,"properties":{"osm_id":294964439,"name":"建南路99巷","name_en":null,"highway":"residential","lanes":null,"oneway":null,"surface":null,"source":"OpenStreetMap"},"geometry":{"type":"LineString","coordinates":[[120.1912107,22.9843903],[120.19125,22.984892]]}},{"type":"Feature","id":27068013,"properties":{"osm_id":27068013,"name":"建業街","name_en":"Jianye Street","highway":"residential","lanes":null,"oneway":null,"surface":"asphalt","source":"OpenStreetMap"},"geometry":{"type":"LineString","coordinates":[[120.206708,22.9877836],[120.2066334,22.9877901],[120.2057283,22.9878],[120.2054245,22.9878009],[120.2053179,22.9878027],[120.2045022,22.9878279]]}},{"type":"Feature","id":159314143,"properties":{"osm_id":159314143,"name":"建業街","name_en":"Jianye Street","highway":"residential","lanes":null,"oneway":"yes","surface":"asphalt","source":"OpenStreetMap"},"geometry":{"type":"LineString","coordinates":[[120.2076652,22.988981],[120.2076301,22.988829],[120.2074756,22.9885046],[120.2071986,22.9878224],[120.2071664,22.9877878],[120.2071113,22.9877692],[120.206708,22.9877836]]}},{"type":"Feature","id":640064427,"properties":{"osm_id":640064427,"name":"星鑽街","name_en":"Xinzuan Street","highway":"residential","lanes":null,"oneway":null,"surface":"asphalt","source":"OpenStreetMap"},"geometry":{"type":"LineString","coordinates":[[120.1877781,22.9953577],[120.187859,22.9953877],[120.1883761,22.9955794],[120.1884232,22.9955855],[120.1886736,22.9955292],[120.1887696,22.9955077],[120.1888597,22.995486],[120.1898188,22.9952553],[120.1898993,22.9952311],[120.1907554,22.9950292],[120.1912557,22.994474],[120.191154,22.9940371]]}},{"type":"Feature","id":724650210,"properties":{"osm_id":724650210,"name":"星鑽街","name_en":null,"highway":"residential","lanes":null,"oneway":"yes","surface":null,"source":"OpenStreetMap"},"geometry":{"type":"LineString","coordinates":[[120.1911147,22.99377],[120.1911279,22.9938201],[120.1911713,22.9939844],[120.191154,22.9940371]]}},{"type":"Feature","id":724650211,"properties":{"osm_id":724650211,"name":"星鑽街","name_en":null,"highway":"residential","lanes":null,"oneway":"yes","surface":null,"source":"OpenStreetMap"},"geometry":{"type":"LineString","coordinates":[[120.191154,22.9940371],[120.1911204,22.9939954],[120.1910691,22.9938313],[120.1910442,22.9937514]]}},{"type":"Feature","id":107538165,"properties":{"osm_id":107538165,"name":"美南街","name_en":"Meinan Street","highway":"residential","lanes":null,"oneway":null,"surface":null,"source":"OpenStreetMap"},"geometry":{"type":"LineString","coordinates":[[120.1876125,22.984092],[120.1876958,22.9845481],[120.1877375,22.9847536],[120.1877924,22.9851208]]}},{"type":"Feature","id":442079836,"properties":{"osm_id":442079836,"name":"美南街","name_en":"Meinan Street","highway":"residential","lanes":null,"oneway":null,"surface":null,"source":"OpenStreetMap"},"geometry":{"type":"LineString","coordinates":[[120.1874162,22.9829474],[120.187476,22.9833204],[120.1874893,22.9834045]]}},{"type":"Feature","id":442079837,"properties":{"osm_id":442079837,"name":"美南街","name_en":"Meinan Street","highway":"residential","lanes":null,"oneway":null,"surface":null,"source":"OpenStreetMap"},"geometry":{"type":"LineString","coordinates":[[120.1874893,22.9834045],[120.1875352,22.9836719],[120.1876125,22.984092]]}},{"type":"Feature","id":496339480,"properties":{"osm_id":496339480,"name":"美南街","name_en":"Meinan Street","highway":"residential","lanes":null,"oneway":null,"surface":null,"source":"OpenStreetMap"},"geometry":{"type":"LineString","coordinates":[[120.1901948,22.9872563],[120.1902918,22.9872457],[120.1910224,22.9872165],[120.19143,22.9871866],[120.1918577,22.987159],[120.1919699,22.9871514]]}},{"type":"Feature","id":507980152,"properties":{"osm_id":507980152,"name":"美南街","name_en":"Meinan Street","highway":"residential","lanes":null,"oneway":null,"surface":null,"source":"OpenStreetMap"},"geometry":{"type":"LineString","coordinates":[[120.1879363,22.9858846],[120.1886386,22.9864058],[120.1886867,22.9864414],[120.1887344,22.98648],[120.1897611,22.9873084],[120.1901091,22.9872627],[120.1901948,22.9872563]]}},{"type":"Feature","id":1111953344,"properties":{"osm_id":1111953344,"name":"美南街","name_en":"Meinan Street","highway":"residential","lanes":null,"oneway":null,"surface":null,"source":"OpenStreetMap"},"geometry":{"type":"LineString","coordinates":[[120.1877924,22.9851208],[120.1878083,22.9852056],[120.1879363,22.9858846]]}},{"type":"Feature","id":442079843,"properties":{"osm_id":442079843,"name":"美南街182巷","name_en":null,"highway":"residential","lanes":null,"oneway":null,"surface":null,"source":"OpenStreetMap"},"geometry":{"type":"LineString","coordinates":[[120.1875352,22.9836719],[120.1869623,22.9837447]]}},{"type":"Feature","id":695814517,"properties":{"osm_id":695814517,"name":"美學街","name_en":null,"highway":"residential","lanes":null,"oneway":null,"surface":"asphalt","source":"OpenStreetMap"},"geometry":{"type":"LineString","coordinates":[[120.1892869,22.9922206],[120.1892677,22.9921403],[120.1889746,22.9909155],[120.18896,22.9908548],[120.1889327,22.9907405],[120.1886457,22.989467],[120.188633,22.9894105]]}},{"type":"Feature","id":158824769,"properties":{"osm_id":158824769,"name":"美麗街","name_en":null,"highway":"residential","lanes":null,"oneway":null,"surface":null,"source":"OpenStreetMap"},"geometry":{"type":"LineString","coordinates":[[120.1888986,23.000421],[120.1896914,22.9996006],[120.1899937,22.9992802],[120.190344,22.9989259]]}},{"type":"Feature","id":186483708,"properties":{"osm_id":186483708,"name":"夏林路","name_en":"Xialin Road","highway":"tertiary","lanes":"3","oneway":"yes","surface":"asphalt","source":"OpenStreetMap"},"geometry":{"type":"LineString","coordinates":[[120.1948384,22.9875639],[120.194837,22.9874376],[120.1948557,22.9864284],[120.1948564,22.9863685],[120.1948595,22.9862948],[120.1948756,22.9857013],[120.1948788,22.9855987],[120.1948842,22.9854281],[120.1948864,22.9853707],[120.1948886,22.9852447],[120.1949145,22.9848414],[120.1949179,22.9844993],[120.1949521,22.9839437],[120.1949504,22.9838344],[120.1949534,22.9837415],[120.1949684,22.9832705],[120.1949703,22.9831881],[120.1949787,22.9830987],[120.1949884,22.982751],[120.1949915,22.9826859],[120.1949999,22.9825592],[120.1950119,22.9823841],[120.1950597,22.9815854],[120.1950625,22.9815149]]}},{"type":"Feature","id":302240601,"properties":{"osm_id":302240601,"name":"夏林路","name_en":"Xialin Road","highway":"tertiary","lanes":"3","oneway":"yes","surface":"asphalt","source":"OpenStreetMap"},"geometry":{"type":"LineString","coordinates":[[120.1951785,22.9815136],[120.1951757,22.9815863],[120.1951583,22.9822567],[120.1951453,22.9825625],[120.1951429,22.982684],[120.1951386,22.9827539],[120.1951112,22.983104],[120.1951075,22.9831926],[120.1951042,22.983275],[120.1950974,22.9834498],[120.1950904,22.9837445],[120.1950881,22.9838411],[120.195081,22.9839426],[120.1950463,22.9848441],[120.1950031,22.9852491],[120.1949977,22.9853735],[120.1949981,22.9854276],[120.1949757,22.9863007],[120.194973,22.9863682],[120.1949718,22.9864306],[120.1949647,22.9867578],[120.1949544,22.9872311],[120.1949496,22.9874101],[120.1949469,22.9875297]]}},{"type":"Feature","id":201713438,"properties":{"osm_id":201713438,"name":"夏林路104巷","name_en":"Lane 104, Xialin Road","highway":"residential","lanes":"1","oneway":null,"surface":"asphalt","source":"OpenStreetMap"},"geometry":{"type":"LineString","coordinates":[[120.1950119,22.9823841],[120.194916,22.9823851],[120.1944611,22.9823953]]}},{"type":"Feature","id":186483748,"properties":{"osm_id":186483748,"name":"海安路一段","name_en":"Hai’an Road Section 1","highway":"tertiary","lanes":null,"oneway":"yes","surface":"asphalt","source":"OpenStreetMap"},"geometry":{"type":"LineString","coordinates":[[120.1949469,22.9875297],[120.1949504,22.987656],[120.1949883,22.9885601],[120.1949985,22.9886508],[120.1950238,22.9887435],[120.1951959,22.9894302],[120.1952113,22.9894903]]}},{"type":"Feature","id":186483749,"properties":{"osm_id":186483749,"name":"海安路一段","name_en":"Hai’an Road Section 1","highway":"tertiary","lanes":null,"oneway":"yes","surface":"asphalt","source":"OpenStreetMap"},"geometry":{"type":"LineString","coordinates":[[120.1959895,22.9932433],[120.1959689,22.9931636],[120.1957501,22.9923177],[120.1957336,22.9922543],[120.1957145,22.9921791],[120.1956144,22.9917921],[120.1955932,22.9917098],[120.195569,22.9916163],[120.195442,22.9911183],[120.1954068,22.9909884]]}},{"type":"Feature","id":496332205,"properties":{"osm_id":496332205,"name":"海安路一段","name_en":"Hai’an Road Section 1","highway":"tertiary","lanes":null,"oneway":"yes","surface":"asphalt","source":"OpenStreetMap"},"geometry":{"type":"LineString","coordinates":[[120.1952113,22.9894903],[120.1952375,22.9895885],[120.1954367,22.9903865],[120.195472,22.9905053],[120.1955003,22.9905838],[120.1955033,22.9905902],[120.1955738,22.9908526],[120.1956059,22.9909552]]}},{"type":"Feature","id":504026229,"properties":{"osm_id":504026229,"name":"海安路一段","name_en":"Hai’an Road Section 1","highway":"tertiary","lanes":null,"oneway":"yes","surface":"asphalt","source":"OpenStreetMap"},"geometry":{"type":"LineString","coordinates":[[120.1954068,22.9909884],[120.1954206,22.9908854],[120.1953486,22.9906152],[120.1953297,22.9905341],[120.1953234,22.99041],[120.1951198,22.9896158],[120.1950917,22.9895162],[120.195078,22.98946],[120.1949097,22.9887673],[120.1948871,22.9886658],[120.1948781,22.9885662],[120.1948435,22.9876904],[120.1948384,22.9875639]]}},{"type":"Feature","id":561954792,"properties":{"osm_id":561954792,"name":"海安路一段","name_en":"Hai’an Road Section 1","highway":"tertiary","lanes":"1","oneway":"yes","surface":"asphalt","source":"OpenStreetMap"},"geometry":{"type":"LineString","coordinates":[[120.1956059,22.9909552],[120.1956303,22.9910582],[120.1957612,22.9915592],[120.1957889,22.9916668],[120.1958108,22.991752],[120.1959107,22.9921406],[120.1959295,22.9922146],[120.1959442,22.9922731],[120.1960497,22.9926822],[120.1961619,22.9931174],[120.1961832,22.9932003]]}},{"type":"Feature","id":162442431,"properties":{"osm_id":162442431,"name":"海安路二段","name_en":"Hai’an Road Section 2","highway":"tertiary","lanes":null,"oneway":"yes","surface":"asphalt","source":"OpenStreetMap"},"geometry":{"type":"LineString","coordinates":[[120.1987022,23.0004949],[120.198666,23.0004113],[120.1982477,22.9995108],[120.198212,22.9994239],[120.1981826,22.9993546],[120.1981642,22.9993137],[120.1979645,22.9988434],[120.1977427,22.9983563],[120.1976988,22.998245]]}},{"type":"Feature","id":186483750,"properties":{"osm_id":186483750,"name":"海安路二段","name_en":"Hai’an Road Section 2","highway":"tertiary","lanes":"1","oneway":"yes","surface":"asphalt","source":"OpenStreetMap"},"geometry":{"type":"LineString","coordinates":[[120.1961973,22.9932619],[120.1962113,22.9933248],[120.1963084,22.9937396],[120.1964488,22.9943205],[120.1964825,22.9944669],[120.1964948,22.9945239],[120.196508,22.994581],[120.1965843,22.9949094],[120.196646,22.9951667],[120.1966752,22.9952585]]}},{"type":"Feature","id":306997512,"properties":{"osm_id":306997512,"name":"海安路二段","name_en":"Hai’an Road Section 2","highway":"tertiary","lanes":null,"oneway":"yes","surface":"asphalt","source":"OpenStreetMap"},"geometry":{"type":"LineString","coordinates":[[120.1967002,22.9953266],[120.1967352,22.9954074],[120.1968504,22.9956827],[120.1969815,22.9960048],[120.1970114,22.9960775],[120.1970452,22.9961645],[120.1971548,22.996405],[120.1971775,22.9964607],[120.1972076,22.9965345],[120.1972976,22.9967555],[120.1973263,22.9968214],[120.1973502,22.9968846],[120.1974506,22.9971308],[120.1978002,22.9979888],[120.1978367,22.9980783],[120.1978777,22.9981788]]}},{"type":"Feature","id":306997513,"properties":{"osm_id":306997513,"name":"海安路二段","name_en":"Hai’an Road Section 2","highway":"tertiary","lanes":null,"oneway":"yes","surface":"asphalt","source":"OpenStreetMap"},"geometry":{"type":"LineString","coordinates":[[120.1964952,22.9953175],[120.1964663,22.9952105],[120.1964102,22.9949381],[120.1963308,22.9946184],[120.1963172,22.994564],[120.1963035,22.9945087],[120.1962758,22.9943972],[120.1961302,22.9938115],[120.1960219,22.9933754],[120.1960042,22.9933044]]}},{"type":"Feature","id":306997514,"properties":{"osm_id":306997514,"name":"海安路二段","name_en":"Hai’an Road Section 2","highway":"tertiary","lanes":"2","oneway":"yes","surface":"asphalt","source":"OpenStreetMap"},"geometry":{"type":"LineString","coordinates":[[120.1976988,22.998245],[120.1976567,22.9981432],[120.1976236,22.9980627],[120.1975505,22.997885],[120.1972894,22.9972505],[120.1972188,22.9970789],[120.1971649,22.9969479],[120.1971413,22.9968903],[120.1971133,22.9968223],[120.1970186,22.9965923],[120.1969888,22.9965197],[120.1969688,22.9964712],[120.1968671,22.9962241],[120.1968339,22.9961432],[120.1968031,22.9960684],[120.1965585,22.9954739],[120.1965183,22.9953824]]}},{"type":"Feature","id":306997515,"properties":{"osm_id":306997515,"name":"海安路二段","name_en":"Hai’an Road Section 2","highway":"tertiary","lanes":null,"oneway":"yes","surface":"asphalt","source":"OpenStreetMap"},"geometry":{"type":"LineString","coordinates":[[120.1978777,22.9981788],[120.1979014,22.9982983],[120.1980352,22.9986746],[120.1981388,22.9989158],[120.1982938,22.9992714],[120.1983096,22.9993098],[120.1983391,22.9993819],[120.1983757,22.9994712],[120.1987333,23.0003038],[120.1987628,23.0003734],[120.1988027,23.0004615]]}},{"type":"Feature","id":530771888,"properties":{"osm_id":530771888,"name":"海安路二段","name_en":"Hai’an Road Section 2","highway":"tertiary","lanes":null,"oneway":"yes","surface":"asphalt","source":"OpenStreetMap"},"geometry":{"type":"LineString","coordinates":[[120.1961832,22.9932003],[120.1961973,22.9932619]]}},{"type":"Feature","id":554514665,"properties":{"osm_id":554514665,"name":"海安路二段","name_en":"Hai’an Road Section 2","highway":"tertiary","lanes":null,"oneway":"yes","surface":"asphalt","source":"OpenStreetMap"},"geometry":{"type":"LineString","coordinates":[[120.1966752,22.9952585],[120.1967002,22.9953266]]}},{"type":"Feature","id":681401746,"properties":{"osm_id":681401746,"name":"海安路二段","name_en":"Hai’an Road Section 2","highway":"tertiary","lanes":null,"oneway":"yes","surface":"asphalt","source":"OpenStreetMap"},"geometry":{"type":"LineString","coordinates":[[120.1960042,22.9933044],[120.1959895,22.9932433]]}},{"type":"Feature","id":768718214,"properties":{"osm_id":768718214,"name":"海安路二段","name_en":"Hai’an Road Section 2","highway":"tertiary","lanes":null,"oneway":"yes","surface":"asphalt","source":"OpenStreetMap"},"geometry":{"type":"LineString","coordinates":[[120.1965183,22.9953824],[120.1964952,22.9953175]]}},{"type":"Feature","id":162442413,"properties":{"osm_id":162442413,"name":"海安路三段","name_en":"Hai’an Road Section 3","highway":"tertiary","lanes":null,"oneway":"yes","surface":"asphalt","source":"OpenStreetMap"},"geometry":{"type":"LineString","coordinates":[[120.1988027,23.0004615],[120.1988426,23.0005406],[120.1988744,23.0006178],[120.1990378,23.0010145],[120.1991554,23.0013],[120.199183,23.0013671],[120.1992105,23.0014337],[120.1992722,23.0015836],[120.1994238,23.0019517],[120.1995471,23.002251],[120.1996186,23.0024245],[120.1996576,23.0025191],[120.1999791,23.0032996],[120.2000885,23.0035653],[120.2001324,23.0036718]]}},{"type":"Feature","id":302065313,"properties":{"osm_id":302065313,"name":"海安路三段","name_en":"Hai’an Road Section 3","highway":"tertiary","lanes":null,"oneway":"yes","surface":"asphalt","source":"OpenStreetMap"},"geometry":{"type":"LineString","coordinates":[[120.1999867,23.0039007],[120.2000172,23.0038334]]}},{"type":"Feature","id":302065314,"properties":{"osm_id":302065314,"name":"海安路三段","name_en":"Hai’an Road Section 3","highway":"tertiary","lanes":"3","oneway":"yes","surface":"asphalt","source":"OpenStreetMap"},"geometry":{"type":"LineString","coordinates":[[120.1999087,23.006015],[120.1999062,23.0059765],[120.1999127,23.0056556],[120.1999221,23.0053087],[120.1999236,23.0050837],[120.1999271,23.0045886],[120.1999366,23.0041292],[120.1999549,23.0040177],[120.1999867,23.0039007]]}},{"type":"Feature","id":302242041,"properties":{"osm_id":302242041,"name":"海安路三段","name_en":"Hai’an Road Section 3","highway":"tertiary","lanes":null,"oneway":"yes","surface":"asphalt","source":"OpenStreetMap"},"geometry":{"type":"LineString","coordinates":[[120.2001516,23.0038716],[120.2001609,23.0039635]]}},{"type":"Feature","id":302242044,"properties":{"osm_id":302242044,"name":"海安路三段","name_en":"Hai’an Road Section 3","highway":"tertiary","lanes":"3","oneway":"yes","surface":"asphalt","source":"OpenStreetMap"},"geometry":{"type":"LineString","coordinates":[[120.2001609,23.0039635],[120.2001794,23.0040613],[120.2001876,23.0041149],[120.2001823,23.0042635],[120.2001575,23.0050818],[120.2001509,23.0053393],[120.2001332,23.005972],[120.2000904,23.0061769],[120.2000806,23.0063844],[120.2000767,23.0064674]]}},{"type":"Feature","id":497938178,"properties":{"osm_id":497938178,"name":"海安路三段","name_en":"Hai’an Road Section 3","highway":"tertiary","lanes":"3","oneway":"yes","surface":"asphalt","source":"OpenStreetMap"},"geometry":{"type":"LineString","coordinates":[[120.2005495,23.0115891],[120.2005606,23.0114691],[120.2005594,23.0114388],[120.2005597,23.0114054],[120.2005587,23.0112552],[120.2005537,23.0111606],[120.2005369,23.0110523],[120.2005063,23.0108967],[120.2004766,23.0107803],[120.200443,23.0106838],[120.2004104,23.0106037],[120.2003718,23.01052],[120.2003323,23.0104536],[120.2002779,23.0103635],[120.2001336,23.0101479],[120.2000446,23.0100187],[120.200012,23.0099531],[120.1999695,23.0098749],[120.1999428,23.0098121],[120.1999121,23.0097293],[120.1998935,23.0096706],[120.1998546,23.0095483],[120.199855,23.0094436],[120.1998565,23.0089753],[120.1998677,23.0086666],[120.1998885,23.0077306],[120.1999161,23.006847],[120.1999189,23.006758]]}},{"type":"Feature","id":504026227,"properties":{"osm_id":504026227,"name":"海安路三段","name_en":"Hai’an Road Section 3","highway":"tertiary","lanes":null,"oneway":"yes","surface":"asphalt","source":"OpenStreetMap"},"geometry":{"type":"LineString","coordinates":[[120.1999909,23.0036081],[120.1995544,23.0025536],[120.1995162,23.0024613],[120.1993271,23.0020046],[120.1992266,23.0017617],[120.1991004,23.001457],[120.1990775,23.0014016],[120.1990508,23.0013371],[120.1988071,23.0007483],[120.1987675,23.0006528],[120.1987363,23.0005774],[120.1987022,23.0004949]]}},{"type":"Feature","id":504026228,"properties":{"osm_id":504026228,"name":"海安路三段","name_en":"Hai’an Road Section 3","highway":"tertiary","lanes":null,"oneway":"yes","surface":"asphalt","source":"OpenStreetMap"},"geometry":{"type":"LineString","coordinates":[[120.2001324,23.0036718],[120.2001516,23.0038716]]}},{"type":"Feature","id":509197016,"properties":{"osm_id":509197016,"name":"海安路三段","name_en":"Hai’an Road Section 3","highway":"tertiary","lanes":"3","oneway":"yes","surface":"asphalt","source":"OpenStreetMap"},"geometry":{"type":"LineString","coordinates":[[120.2000651,23.0067516],[120.2000609,23.006847],[120.200022,23.0077334],[120.1999898,23.0086691],[120.1999748,23.0089754],[120.1999868,23.0094465],[120.1999894,23.0095492],[120.2000238,23.0096442],[120.2000344,23.0096733],[120.2000731,23.0098033],[120.2001466,23.0099379],[120.200249,23.0100977],[120.2004071,23.0103431],[120.2005113,23.0105225],[120.2005929,23.0106889],[120.2006104,23.0107568],[120.2006562,23.010923],[120.2006841,23.0111118],[120.200683,23.0112838],[120.2006771,23.011402],[120.2006758,23.0114433],[120.2006543,23.0116309]]}},{"type":"Feature","id":1458266650,"properties":{"osm_id":1458266650,"name":"海安路三段","name_en":"Hai’an Road Section 3","highway":"tertiary","lanes":null,"oneway":"yes","surface":"asphalt","source":"OpenStreetMap"},"geometry":{"type":"LineString","coordinates":[[120.2000172,23.0038334],[120.1999909,23.0036081]]}},{"type":"Feature","id":1467775232,"properties":{"osm_id":1467775232,"name":"海安路三段","name_en":"Hai’an Road Section 3","highway":"tertiary","lanes":"3","oneway":"yes","surface":"asphalt","source":"OpenStreetMap"},"geometry":{"type":"LineString","coordinates":[[120.1999136,23.006467],[120.1999143,23.0063823],[120.1999165,23.0061323],[120.1999087,23.006015]]}},{"type":"Feature","id":1467775278,"properties":{"osm_id":1467775278,"name":"海安路三段","name_en":"Hai’an Road Section 3","highway":"tertiary","lanes":"3","oneway":"yes","surface":"asphalt","source":"OpenStreetMap"},"geometry":{"type":"LineString","coordinates":[[120.1999189,23.006758],[120.1999146,23.0065196],[120.1999136,23.006467]]}},{"type":"Feature","id":1467775281,"properties":{"osm_id":1467775281,"name":"海安路三段","name_en":"Hai’an Road Section 3","highway":"tertiary","lanes":"3","oneway":"yes","surface":"asphalt","source":"OpenStreetMap"},"geometry":{"type":"LineString","coordinates":[[120.2000767,23.0064674],[120.2000745,23.0065199],[120.2000651,23.0067516]]}},{"type":"Feature","id":158473570,"properties":{"osm_id":158473570,"name":"海安路三段135巷","name_en":null,"highway":"residential","lanes":null,"oneway":null,"surface":null,"source":"OpenStreetMap"},"geometry":{"type":"LineString","coordinates":[[120.1999271,23.0045886],[120.1998384,23.0045867],[120.1992265,23.0045735],[120.1991624,23.0045719],[120.1985407,23.0045575],[120.1979583,23.0045427],[120.1978954,23.0045412]]}},{"type":"Feature","id":504026223,"properties":{"osm_id":504026223,"name":"海安路三段135巷","name_en":null,"highway":"residential","lanes":null,"oneway":null,"surface":null,"source":"OpenStreetMap"},"geometry":{"type":"LineString","coordinates":[[120.1978954,23.0045412],[120.1978253,23.0045425],[120.1972203,23.004554],[120.1966625,23.0045697],[120.1961614,23.0045958],[120.1960794,23.0046001]]}},{"type":"Feature","id":158849593,"properties":{"osm_id":158849593,"name":"海安路三段135巷123弄","name_en":null,"highway":"residential","lanes":null,"oneway":null,"surface":null,"source":"OpenStreetMap"},"geometry":{"type":"LineString","coordinates":[[120.1966625,23.0045697],[120.1966353,23.0043455],[120.1966325,23.0042227],[120.1966317,23.004187],[120.1966284,23.0040401],[120.1966261,23.003941],[120.1966248,23.0038836],[120.1966234,23.0038202],[120.1966185,23.0036429]]}},{"type":"Feature","id":162263467,"properties":{"osm_id":162263467,"name":"海安路三段181巷","name_en":null,"highway":"residential","lanes":null,"oneway":null,"surface":null,"source":"OpenStreetMap"},"geometry":{"type":"LineString","coordinates":[[120.1999127,23.0056556],[120.1998188,23.0056568],[120.1995421,23.0056602],[120.1991937,23.0056501]]}},{"type":"Feature","id":162263468,"properties":{"osm_id":162263468,"name":"海安路三段219巷","name_en":null,"highway":"residential","lanes":null,"oneway":null,"surface":"asphalt","source":"OpenStreetMap"},"geometry":{"type":"LineString","coordinates":[[120.1979156,23.0065669],[120.1985676,23.0066411],[120.199132,23.0066837],[120.1993451,23.0066637],[120.199756,23.0064868],[120.1997907,23.0064768],[120.1999136,23.006467]]}},{"type":"Feature","id":509197013,"properties":{"osm_id":509197013,"name":"海安路三段219巷","name_en":null,"highway":"residential","lanes":null,"oneway":null,"surface":"asphalt","source":"OpenStreetMap"},"geometry":{"type":"LineString","coordinates":[[120.1999136,23.006467],[120.2000767,23.0064674]]}},{"type":"Feature","id":158473535,"properties":{"osm_id":158473535,"name":"海安路三段219巷43弄","name_en":null,"highway":"residential","lanes":null,"oneway":null,"surface":null,"source":"OpenStreetMap"},"geometry":{"type":"LineString","coordinates":[[120.1991415,23.0062379],[120.1979118,23.006185]]}},{"type":"Feature","id":162442428,"properties":{"osm_id":162442428,"name":"海安路三段71巷","name_en":null,"highway":"residential","lanes":null,"oneway":null,"surface":null,"source":"OpenStreetMap"},"geometry":{"type":"LineString","coordinates":[[120.1996186,23.0024245],[120.1995162,23.0024613],[120.1994039,23.0025006],[120.1983024,23.0029096]]}},{"type":"Feature","id":158473530,"properties":{"osm_id":158473530,"name":"海安路三段74巷","name_en":null,"highway":"residential","lanes":null,"oneway":null,"surface":null,"source":"OpenStreetMap"},"geometry":{"type":"LineString","coordinates":[[120.2004417,23.0021505],[120.1997358,23.0023833],[120.1996186,23.0024245]]}},{"type":"Feature","id":158782348,"properties":{"osm_id":158782348,"name":"海成街","name_en":null,"highway":"residential","lanes":null,"oneway":null,"surface":null,"source":"OpenStreetMap"},"geometry":{"type":"LineString","coordinates":[[120.2003913,23.0009616],[120.2000333,23.0010781],[120.1998707,23.0011383],[120.1992925,23.0013332],[120.199183,23.0013671],[120.1990775,23.0014016],[120.1989839,23.0014323],[120.1984731,23.0016126],[120.1978388,23.0018279]]}},{"type":"Feature","id":159143986,"properties":{"osm_id":159143986,"name":"神農街","name_en":"Shennong Street","highway":"pedestrian","lanes":null,"oneway":"no","surface":"paving_stones","source":"OpenStreetMap"},"geometry":{"type":"LineString","coordinates":[[120.1947284,22.9980619],[120.1948548,22.9981015],[120.1949767,22.9981794],[120.1950532,22.9981986],[120.1953451,22.9980857],[120.1956204,22.9979582],[120.1959631,22.9978253],[120.1961228,22.9977584],[120.1968269,22.9974368],[120.1969475,22.9973879],[120.1969804,22.9973746],[120.1972206,22.9972782],[120.1972894,22.9972505]]}},{"type":"Feature","id":158854914,"properties":{"osm_id":158854914,"name":"郡西路","name_en":"Junxi Road","highway":"residential","lanes":"2","oneway":null,"surface":"asphalt","source":"OpenStreetMap"},"geometry":{"type":"LineString","coordinates":[[120.1939054,22.9877651],[120.1939342,22.987864],[120.1941504,22.988681],[120.1943953,22.9895857],[120.194413,22.9896456],[120.1944292,22.9897048],[120.1945639,22.9901979],[120.1946921,22.9906632],[120.1947106,22.9907351],[120.1948061,22.9911099],[120.1948268,22.991205],[120.1948984,22.9915344],[120.1949441,22.9917352],[120.1949644,22.9918241]]}},{"type":"Feature","id":496257360,"properties":{"osm_id":496257360,"name":"郡緯街","name_en":"Junwei Street","highway":"residential","lanes":"2","oneway":null,"surface":"asphalt","source":"OpenStreetMap"},"geometry":{"type":"LineString","coordinates":[[120.1981826,22.9993546],[120.1983096,22.9993098],[120.1983992,22.9992795],[120.1988855,22.9991153],[120.199211,22.9990052],[120.1994997,22.9989006],[120.1995514,22.9988819],[120.199609,22.9988639],[120.1998874,22.998777],[120.2003021,22.998637],[120.2005477,22.9985541],[120.2006295,22.9985257],[120.2013162,22.9982946],[120.2015189,22.9982261],[120.2023553,22.9979525],[120.2024032,22.9979368]]}},{"type":"Feature","id":159307912,"properties":{"osm_id":159307912,"name":"健康路一段170巷","name_en":null,"highway":"residential","lanes":"2","oneway":null,"surface":"asphalt","source":"OpenStreetMap"},"geometry":{"type":"LineString","coordinates":[[120.2071499,22.9825508],[120.2071412,22.9819409],[120.2071341,22.981597],[120.2071339,22.981415],[120.2071402,22.981344]]}},{"type":"Feature","id":496339502,"properties":{"osm_id":496339502,"name":"健康路二段","name_en":"Jiankang Road Section 2","highway":"tertiary","lanes":"2","oneway":"yes","surface":"asphalt","source":"OpenStreetMap"},"geometry":{"type":"LineString","coordinates":[[120.1915525,22.9815884],[120.1914158,22.9816],[120.1909959,22.9816517],[120.1906325,22.9816925],[120.190587,22.9816984],[120.1905247,22.9817047],[120.1901735,22.9817413],[120.1897338,22.9817805],[120.1896589,22.9817904],[120.1886205,22.9818991],[120.1885538,22.9819051],[120.1877733,22.9819876],[120.1877228,22.9819919],[120.1876711,22.9819972],[120.1862822,22.9821361],[120.1862523,22.9821391],[120.1861298,22.982165]]}},{"type":"Feature","id":201713437,"properties":{"osm_id":201713437,"name":"健康路二段116巷","name_en":"Lane 116, Jiankang Road Section 2","highway":"residential","lanes":"1","oneway":null,"surface":"asphalt","source":"OpenStreetMap"},"geometry":{"type":"LineString","coordinates":[[120.1944519,22.9815212],[120.1944311,22.9819684],[120.1944552,22.9821203],[120.1944611,22.9823953],[120.194449,22.9825799],[120.1944393,22.9826418],[120.1945347,22.9832014]]}},{"type":"Feature","id":399985002,"properties":{"osm_id":399985002,"name":"健康路二段150巷","name_en":"Lane 150 , Jiankang Road Section 2","highway":"residential","lanes":"1","oneway":null,"surface":"asphalt","source":"OpenStreetMap"},"geometry":{"type":"LineString","coordinates":[[120.1938993,22.9820044],[120.1943921,22.982606],[120.1944393,22.9826418]]}},{"type":"Feature","id":201713436,"properties":{"osm_id":201713436,"name":"健康路二段198巷","name_en":"Lane 198, Jiankang Road Section 2","highway":"residential","lanes":"1","oneway":null,"surface":"asphalt","source":"OpenStreetMap"},"geometry":{"type":"LineString","coordinates":[[120.1923347,22.9815613],[120.1923083,22.9819639],[120.1919881,22.9822524],[120.1919916,22.9823529],[120.1920048,22.9823847],[120.1923191,22.9826358]]}},{"type":"Feature","id":294964432,"properties":{"osm_id":294964432,"name":"健康路二段234巷","name_en":null,"highway":"residential","lanes":null,"oneway":null,"surface":null,"source":"OpenStreetMap"},"geometry":{"type":"LineString","coordinates":[[120.1911153,22.9828183],[120.1909959,22.9816517]]}},{"type":"Feature","id":203484328,"properties":{"osm_id":203484328,"name":"健康路二段252巷","name_en":null,"highway":"residential","lanes":null,"oneway":null,"surface":null,"source":"OpenStreetMap"},"geometry":{"type":"LineString","coordinates":[[120.1905813,22.9816279],[120.190587,22.9816984],[120.1905931,22.9817742],[120.1907232,22.9828402]]}},{"type":"Feature","id":294964433,"properties":{"osm_id":294964433,"name":"健康路二段264巷","name_en":null,"highway":"residential","lanes":null,"oneway":null,"surface":null,"source":"OpenStreetMap"},"geometry":{"type":"LineString","coordinates":[[120.1903131,22.9828688],[120.1901735,22.9817413]]}},{"type":"Feature","id":297757248,"properties":{"osm_id":297757248,"name":"國華街一段","name_en":"Guohua Street Section 1","highway":"residential","lanes":null,"oneway":null,"surface":"asphalt","source":"OpenStreetMap"},"geometry":{"type":"LineString","coordinates":[[120.1963735,22.9874218],[120.196372,22.9873123],[120.1963824,22.9869889],[120.1963925,22.9863881],[120.1963943,22.9863296]]}},{"type":"Feature","id":496339477,"properties":{"osm_id":496339477,"name":"國華街一段","name_en":"Guohua Street Section 1","highway":"residential","lanes":null,"oneway":null,"surface":"asphalt","source":"OpenStreetMap"},"geometry":{"type":"LineString","coordinates":[[120.1963943,22.9863296],[120.1963956,22.9862701],[120.1964076,22.9857276],[120.1964134,22.985462],[120.1964201,22.9851583],[120.1964215,22.9850921],[120.1964226,22.9850439],[120.1964291,22.9847446],[120.1964335,22.984544],[120.1964587,22.9838845],[120.1964586,22.9838326],[120.1964573,22.9837713],[120.1964546,22.9835826],[120.1964778,22.9827039],[120.1964778,22.9826501],[120.1964765,22.9825943],[120.1964838,22.9822555],[120.1964909,22.9819298],[120.1964994,22.9815559],[120.1965006,22.9814872],[120.1965024,22.9814085]]}},{"type":"Feature","id":496332204,"properties":{"osm_id":496332204,"name":"國華街二段","name_en":null,"highway":"living_street","lanes":null,"oneway":null,"surface":"asphalt","source":"OpenStreetMap"},"geometry":{"type":"LineString","coordinates":[[120.1970437,22.9914107],[120.196875,22.9907048],[120.1967636,22.9902383]]}},{"type":"Feature","id":545315834,"properties":{"osm_id":545315834,"name":"國華街二段","name_en":null,"highway":"living_street","lanes":null,"oneway":null,"surface":"asphalt","source":"OpenStreetMap"},"geometry":{"type":"LineString","coordinates":[[120.1974411,22.9930054],[120.1974265,22.9929447],[120.1974128,22.9928897],[120.1973563,22.9926636],[120.1972607,22.9922803],[120.1972477,22.9922284],[120.1971808,22.9919603],[120.1971303,22.9917572],[120.1970437,22.9914107]]}},{"type":"Feature","id":546374573,"properties":{"osm_id":546374573,"name":"國華街二段","name_en":null,"highway":"residential","lanes":null,"oneway":null,"surface":"asphalt","source":"OpenStreetMap"},"geometry":{"type":"LineString","coordinates":[[120.1967636,22.9902383],[120.1966856,22.9899071],[120.1965734,22.9894302],[120.1965179,22.9891945],[120.1964638,22.9889649],[120.1963699,22.9885658]]}},{"type":"Feature","id":1110199015,"properties":{"osm_id":1110199015,"name":"國華街二段","name_en":null,"highway":"residential","lanes":"2","oneway":null,"surface":"asphalt","source":"OpenStreetMap"},"geometry":{"type":"LineString","coordinates":[[120.1963699,22.9885658],[120.1963725,22.9877412],[120.1963732,22.9875152],[120.1963735,22.9874218]]}},{"type":"Feature","id":161036801,"properties":{"osm_id":161036801,"name":"國華街三段","name_en":"Guohua Street Section 3","highway":"residential","lanes":null,"oneway":null,"surface":"asphalt","source":"OpenStreetMap"},"geometry":{"type":"LineString","coordinates":[[120.2000669,23.0001313],[120.2000327,23.0000486],[120.199904,22.9997365],[120.1996928,22.9992246],[120.1996769,22.999186],[120.1995514,22.9988819],[120.199327,22.9983379],[120.1992476,22.9981455],[120.199193,22.9980133],[120.1990855,22.9977526]]}},{"type":"Feature","id":161036803,"properties":{"osm_id":161036803,"name":"國華街三段","name_en":null,"highway":"living_street","lanes":null,"oneway":null,"surface":"asphalt","source":"OpenStreetMap"},"geometry":{"type":"LineString","coordinates":[[120.1977358,22.9942524],[120.1977241,22.9942026],[120.1977171,22.9941731],[120.1976558,22.9939133],[120.1975845,22.9936112],[120.1975462,22.9934465],[120.1974576,22.9930733],[120.1974411,22.9930054]]}},{"type":"Feature","id":497943357,"properties":{"osm_id":497943357,"name":"國華街三段","name_en":null,"highway":"residential","lanes":"2","oneway":null,"surface":"asphalt","source":"OpenStreetMap"},"geometry":{"type":"LineString","coordinates":[[120.1990855,22.9977526],[120.1988764,22.9972446],[120.1988572,22.9971979],[120.1985875,22.9965427],[120.1985297,22.9964047],[120.1984363,22.9961755],[120.1982253,22.9956628],[120.1981359,22.9954456],[120.1981054,22.9953715],[120.1979248,22.9949328],[120.1978935,22.9948568]]}},{"type":"Feature","id":1484064323,"properties":{"osm_id":1484064323,"name":"國華街三段","name_en":null,"highway":"living_street","lanes":null,"oneway":null,"surface":"asphalt","source":"OpenStreetMap"},"geometry":{"type":"LineString","coordinates":[[120.1978935,22.9948568],[120.1977358,22.9942524]]}},{"type":"Feature","id":158783753,"properties":{"osm_id":158783753,"name":"國華街四段","name_en":null,"highway":"residential","lanes":null,"oneway":null,"surface":null,"source":"OpenStreetMap"},"geometry":{"type":"LineString","coordinates":[[120.2004417,23.0021505],[120.2004427,23.0021],[120.2004452,23.0019803],[120.2004529,23.0016062],[120.2004564,23.0014373],[120.2004815,23.0011921]]}},{"type":"Feature","id":520228064,"properties":{"osm_id":520228064,"name":"國華街四段","name_en":null,"highway":"residential","lanes":null,"oneway":null,"surface":"asphalt","source":"OpenStreetMap"},"geometry":{"type":"LineString","coordinates":[[120.2004815,23.0011921],[120.2003913,23.0009616],[120.200293,23.00071],[120.2002528,23.0006071],[120.2002128,23.0005048],[120.2000669,23.0001313]]}},{"type":"Feature","id":160095059,"properties":{"osm_id":160095059,"name":"崇明一街","name_en":"Chongming 1st Street","highway":"residential","lanes":null,"oneway":null,"surface":"asphalt","source":"OpenStreetMap"},"geometry":{"type":"LineString","coordinates":[[120.217512,22.9820214],[120.2162746,22.9816338],[120.2150744,22.9812796]]}},{"type":"Feature","id":228022814,"properties":{"osm_id":228022814,"name":"崇明路","name_en":"Chongming Road","highway":"tertiary","lanes":null,"oneway":null,"surface":"asphalt","source":"OpenStreetMap"},"geometry":{"type":"LineString","coordinates":[[120.2159057,22.98224],[120.2159641,22.9821187]]}},{"type":"Feature","id":306997516,"properties":{"osm_id":306997516,"name":"崇明路","name_en":"Chongming Road","highway":"tertiary","lanes":"2","oneway":null,"surface":"asphalt","source":"OpenStreetMap"},"geometry":{"type":"LineString","coordinates":[[120.2159641,22.9821187],[120.2160737,22.9819264],[120.2162746,22.9816338],[120.216549,22.9812349],[120.2167869,22.9808968],[120.2168325,22.9808263],[120.2171059,22.9804236],[120.2173515,22.9800591],[120.2173863,22.9800026],[120.217662,22.9795994],[120.2178529,22.9792891],[120.2178982,22.9792155],[120.2179464,22.9791968],[120.217964,22.9791902],[120.2180037,22.9791753],[120.2180598,22.9791648],[120.2181452,22.9791689],[120.218265,22.9791908],[120.2184681,22.9792096],[120.2185176,22.9791999],[120.2186181,22.979169],[120.2187394,22.9791016],[120.2188516,22.9789913]]}},{"type":"Feature","id":108071730,"properties":{"osm_id":108071730,"name":"崇德路","name_en":"Chongde Road","highway":"tertiary","lanes":null,"oneway":null,"surface":"asphalt","source":"OpenStreetMap"},"geometry":{"type":"LineString","coordinates":[[120.2173544,22.9825282],[120.2173726,22.9823785],[120.217512,22.9820214],[120.217676,22.9815893],[120.2178595,22.9811634],[120.2179559,22.9809191],[120.2179817,22.98087],[120.2179923,22.9808282],[120.2180187,22.9807489],[120.2180366,22.980696],[120.2180776,22.9806351],[120.2182436,22.9805153],[120.2187852,22.980137],[120.2193293,22.9797474],[120.2193697,22.9797253],[120.2194821,22.9796483],[120.2197674,22.9794463],[120.2201256,22.9791933],[120.2201734,22.9791603],[120.2210387,22.9785527],[120.2211356,22.9784846],[120.2212675,22.9783941],[120.2215242,22.9782141],[120.2217021,22.9780894],[120.2218045,22.9780203],[120.2220506,22.9778462],[120.2231402,22.977081],[120.2235481,22.9767984],[120.2243045,22.9762761],[120.2246703,22.9760287],[120.2247203,22.975993],[120.2247994,22.9759367]]}},{"type":"Feature","id":27268301,"properties":{"osm_id":27268301,"name":"康樂街","name_en":null,"highway":"residential","lanes":"2","oneway":null,"surface":"asphalt","source":"OpenStreetMap"},"geometry":{"type":"LineString","coordinates":[[120.1985382,23.003379],[120.1984962,23.0032823],[120.1983024,23.0029096]]}},{"type":"Feature","id":259871055,"properties":{"osm_id":259871055,"name":"康樂街","name_en":null,"highway":"residential","lanes":null,"oneway":null,"surface":"asphalt","source":"OpenStreetMap"},"geometry":{"type":"LineString","coordinates":[[120.1941904,22.9912307],[120.1940983,22.9908478],[120.1940836,22.9907864],[120.1939795,22.9903663],[120.1939667,22.9903148],[120.1938153,22.9897683]]}},{"type":"Feature","id":304972399,"properties":{"osm_id":304972399,"name":"康樂街","name_en":null,"highway":"residential","lanes":null,"oneway":null,"surface":null,"source":"OpenStreetMap"},"geometry":{"type":"LineString","coordinates":[[120.1949992,22.9948651],[120.1949003,22.9944227],[120.1948608,22.9942457],[120.1948322,22.9941003],[120.1947972,22.9939191],[120.1947739,22.9937973]]}},{"type":"Feature","id":496339482,"properties":{"osm_id":496339482,"name":"康樂街","name_en":"Hong Lok Street","highway":"residential","lanes":null,"oneway":null,"surface":"asphalt","source":"OpenStreetMap"},"geometry":{"type":"LineString","coordinates":[[120.1965004,22.9986647],[120.1961228,22.9977584],[120.1960404,22.9975494],[120.1959625,22.9973474],[120.195943,22.9972917],[120.195794,22.9968806],[120.1956883,22.9966091],[120.195669,22.9965597],[120.195643,22.9964956],[120.1954241,22.995953],[120.1953709,22.9958145],[120.1953396,22.9957357]]}},{"type":"Feature","id":496339484,"properties":{"osm_id":496339484,"name":"康樂街","name_en":null,"highway":"residential","lanes":"2","oneway":null,"surface":"asphalt","source":"OpenStreetMap"},"geometry":{"type":"LineString","coordinates":[[120.1983024,23.0029096],[120.1982556,23.0028047],[120.198155,23.0025688],[120.1981027,23.0024554],[120.1978884,23.001944],[120.1978388,23.0018279],[120.1976319,23.001343],[120.1976078,23.0012865],[120.1974886,23.0010071],[120.1974539,23.0009254],[120.1972615,23.0004588],[120.1969068,22.9996203],[120.1967472,22.9992726],[120.1965004,22.9986647]]}},{"type":"Feature","id":496493920,"properties":{"osm_id":496493920,"name":"康樂街","name_en":null,"highway":"residential","lanes":null,"oneway":null,"surface":null,"source":"OpenStreetMap"},"geometry":{"type":"LineString","coordinates":[[120.1946595,22.9932812],[120.1946483,22.9932355],[120.1945916,22.9930049],[120.1944929,22.9925542],[120.1944829,22.9925085]]}},{"type":"Feature","id":496493921,"properties":{"osm_id":496493921,"name":"康樂街","name_en":null,"highway":"tertiary","lanes":null,"oneway":null,"surface":null,"source":"OpenStreetMap"},"geometry":{"type":"LineString","coordinates":[[120.1947239,22.9935572],[120.1947123,22.9935014]]}},{"type":"Feature","id":497984474,"properties":{"osm_id":497984474,"name":"康樂街","name_en":"Hong Lok Street","highway":"residential","lanes":null,"oneway":null,"surface":"asphalt","source":"OpenStreetMap"},"geometry":{"type":"LineString","coordinates":[[120.1953396,22.9957357],[120.1953128,22.9956669],[120.1952797,22.9955838],[120.1952325,22.9954629],[120.1949992,22.9948651]]}},{"type":"Feature","id":552358556,"properties":{"osm_id":552358556,"name":"康樂街","name_en":null,"highway":"residential","lanes":null,"oneway":null,"surface":"asphalt","source":"OpenStreetMap"},"geometry":{"type":"LineString","coordinates":[[120.1944829,22.9925085],[120.1943726,22.9920323],[120.1943524,22.9919449],[120.1942694,22.9916018],[120.1942116,22.9913305],[120.1941904,22.9912307]]}},{"type":"Feature","id":1289154037,"properties":{"osm_id":1289154037,"name":"康樂街","name_en":null,"highway":"tertiary","lanes":null,"oneway":null,"surface":null,"source":"OpenStreetMap"},"geometry":{"type":"LineString","coordinates":[[120.1947123,22.9935014],[120.1947031,22.9934574],[120.1946717,22.9933306],[120.1946595,22.9932812]]}},{"type":"Feature","id":1289154038,"properties":{"osm_id":1289154038,"name":"康樂街","name_en":null,"highway":"tertiary","lanes":null,"oneway":null,"surface":null,"source":"OpenStreetMap"},"geometry":{"type":"LineString","coordinates":[[120.1947739,22.9937973],[120.1947358,22.9936143],[120.1947239,22.9935572]]}},{"type":"Feature","id":228022801,"properties":{"osm_id":228022801,"name":"勝利路","name_en":"Shengli Road","highway":"tertiary","lanes":null,"oneway":null,"surface":"asphalt","source":"OpenStreetMap"},"geometry":{"type":"LineString","coordinates":[[120.2185717,23.0008851],[120.2185798,23.0010053]]}},{"type":"Feature","id":298592948,"properties":{"osm_id":298592948,"name":"勝利路","name_en":"Shengli Road","highway":"tertiary","lanes":"2","oneway":"no","surface":"asphalt","source":"OpenStreetMap"},"geometry":{"type":"LineString","coordinates":[[120.2180245,22.9939866],[120.2180569,22.994386],[120.2181081,22.995017],[120.2181094,22.9950361],[120.2181322,22.9953143],[120.2181369,22.9953723],[120.2181581,22.9956331],[120.2181557,22.9957534],[120.2181643,22.9958848],[120.2181693,22.9960134],[120.2181776,22.9961344],[120.218183,22.9962529]]}},{"type":"Feature","id":307096543,"properties":{"osm_id":307096543,"name":"勝利路","name_en":"Shengli Road","highway":"tertiary","lanes":"2","oneway":"no","surface":"asphalt","source":"OpenStreetMap"},"geometry":{"type":"LineString","coordinates":[[120.218183,22.9962529],[120.2181898,22.99637],[120.2182726,22.9970752],[120.2183676,22.9984168],[120.2184531,22.9993945],[120.218498,23.0000299],[120.2185643,23.000781],[120.2185717,23.0008851]]}},{"type":"Feature","id":496257366,"properties":{"osm_id":496257366,"name":"勝利路","name_en":"Shengli Road","highway":"tertiary","lanes":"2","oneway":null,"surface":"asphalt","source":"OpenStreetMap"},"geometry":{"type":"LineString","coordinates":[[120.2185024,23.0066848],[120.2185375,23.0065985],[120.2187068,23.0061643],[120.2187284,23.0061121],[120.2187945,23.0059039],[120.2188009,23.005881],[120.2188112,23.0058443],[120.2188268,23.0057865],[120.2188913,23.0055478],[120.2189092,23.0054097],[120.2189283,23.0051531],[120.2188985,23.0046478]]}},{"type":"Feature","id":496261704,"properties":{"osm_id":496261704,"name":"勝利路","name_en":"Shengli Road","highway":"tertiary","lanes":null,"oneway":"no","surface":"asphalt","source":"OpenStreetMap"},"geometry":{"type":"LineString","coordinates":[[120.2174522,22.9872338],[120.2174636,22.9873436],[120.2174967,22.9877998],[120.2175411,22.98836],[120.2175416,22.9883657],[120.2175515,22.9884904],[120.2175576,22.9885672],[120.2175662,22.988676],[120.2176295,22.9894745],[120.217667,22.9899473],[120.2176979,22.9902653],[120.217719,22.9906035],[120.2177546,22.9910532],[120.2177611,22.9911407],[120.2177685,22.9912291],[120.2177833,22.9914159],[120.2178184,22.9917808],[120.2178746,22.9922093],[120.2178898,22.992325]]}},{"type":"Feature","id":751081461,"properties":{"osm_id":751081461,"name":"勝利路","name_en":"Shengli Road","highway":"tertiary","lanes":"2","oneway":null,"surface":"asphalt","source":"OpenStreetMap"},"geometry":{"type":"LineString","coordinates":[[120.2187507,23.0031356],[120.2187517,23.0030438],[120.2187072,23.002632],[120.2186709,23.0022219],[120.2186671,23.0021206],[120.2186485,23.0019873],[120.2186431,23.0018997],[120.2186156,23.0015708]]}},{"type":"Feature","id":1006936866,"properties":{"osm_id":1006936866,"name":"勝利路","name_en":"Shengli Road","highway":"tertiary","lanes":null,"oneway":null,"surface":"asphalt","source":"OpenStreetMap"},"geometry":{"type":"LineString","coordinates":[[120.2187687,23.0033639],[120.2187601,23.0032869],[120.2187513,23.0032023],[120.2187507,23.0031356]]}},{"type":"Feature","id":1037475565,"properties":{"osm_id":1037475565,"name":"勝利路","name_en":"Shengli Road","highway":"tertiary","lanes":"2","oneway":null,"surface":"asphalt","source":"OpenStreetMap"},"geometry":{"type":"LineString","coordinates":[[120.2188985,23.0046478],[120.2188758,23.0043825],[120.2188738,23.0043667],[120.2188692,23.0043295],[120.2188157,23.0038318],[120.2187931,23.0036468],[120.2187823,23.0035189],[120.2187802,23.0034491],[120.2187687,23.0033639]]}},{"type":"Feature","id":1265704566,"properties":{"osm_id":1265704566,"name":"勝利路","name_en":"Shengli Road","highway":"tertiary","lanes":"2","oneway":null,"surface":"asphalt","source":"OpenStreetMap"},"geometry":{"type":"LineString","coordinates":[[120.2186156,23.0015708],[120.2186037,23.0014353],[120.2186013,23.0014058],[120.2185882,23.0011673],[120.2185798,23.0010053]]}},{"type":"Feature","id":1454062775,"properties":{"osm_id":1454062775,"name":"勝利路","name_en":"Shengli Road","highway":"tertiary","lanes":"2","oneway":"no","surface":"asphalt","source":"OpenStreetMap"},"geometry":{"type":"LineString","coordinates":[[120.2178898,22.992325],[120.2178984,22.9924311],[120.2179753,22.9933792],[120.2179793,22.993429],[120.2179839,22.9934856],[120.2180245,22.9939866]]}},{"type":"Feature","id":72871334,"properties":{"osm_id":72871334,"name":"富北街","name_en":null,"highway":"residential","lanes":null,"oneway":null,"surface":"asphalt","source":"OpenStreetMap"},"geometry":{"type":"LineString","coordinates":[[120.2116134,22.997654],[120.2115914,22.997781],[120.211519,22.9984058],[120.2114693,22.9987262],[120.211457,22.9988055],[120.2114707,22.9988717],[120.2117584,23.0001314],[120.211786,23.0002079]]}},{"type":"Feature","id":41389166,"properties":{"osm_id":41389166,"name":"尊王路","name_en":"Zunwang Road","highway":"residential","lanes":"2","oneway":null,"surface":"asphalt","source":"OpenStreetMap"},"geometry":{"type":"LineString","coordinates":[[120.198069,22.9911944],[120.1979966,22.9912122],[120.1977999,22.9912605],[120.1974143,22.9913478],[120.1971971,22.9913912],[120.1971392,22.9914029],[120.1970977,22.9914063],[120.1970437,22.9914107],[120.1969911,22.9914211],[120.1967151,22.991476],[120.1960584,22.9916125],[120.1958626,22.9916558],[120.1957889,22.9916668],[120.1955932,22.9917098],[120.195523,22.9917179],[120.1949644,22.9918241],[120.1944369,22.9919283],[120.1943524,22.9919449],[120.1942722,22.9919622],[120.1936486,22.9920959],[120.1931393,22.992189],[120.1930183,22.9922112],[120.1928817,22.9922397],[120.1919199,22.992435]]}},{"type":"Feature","id":159473885,"properties":{"osm_id":159473885,"name":"智南街","name_en":"Jhihnan Street","highway":"residential","lanes":null,"oneway":null,"surface":null,"source":"OpenStreetMap"},"geometry":{"type":"LineString","coordinates":[[120.1870647,22.984574],[120.1869623,22.9837447],[120.1869174,22.9833804],[120.1868739,22.983028],[120.1868268,22.9826464]]}},{"type":"Feature","id":107538204,"properties":{"osm_id":107538204,"name":"湯德章大道","name_en":"Thng Tik-tsiong Boulevard","highway":"tertiary","lanes":"2","oneway":"yes","surface":"asphalt","source":"OpenStreetMap"},"geometry":{"type":"LineString","coordinates":[[120.2046631,22.9924247],[120.2045889,22.992423],[120.2045651,22.9924244],[120.2045121,22.9924094],[120.2040272,22.9922723],[120.2035147,22.992124],[120.2029147,22.9919626],[120.2028722,22.9919545],[120.2027926,22.9919422]]}},{"type":"Feature","id":286847273,"properties":{"osm_id":286847273,"name":"湯德章大道","name_en":"Thng Tik-tsiong Boulevard","highway":"tertiary","lanes":"2","oneway":"yes","surface":"asphalt","source":"OpenStreetMap"},"geometry":{"type":"LineString","coordinates":[[120.2027846,22.991867],[120.2028851,22.9918849],[120.202925,22.9918929],[120.2032014,22.9919714],[120.2036317,22.9920928],[120.2040299,22.9922045]]}},{"type":"Feature","id":1266712639,"properties":{"osm_id":1266712639,"name":"湯德章大道","name_en":"Thng Tik-tsiong Boulevard","highway":"tertiary","lanes":"2","oneway":"yes","surface":"asphalt","source":"OpenStreetMap"},"geometry":{"type":"LineString","coordinates":[[120.2040299,22.9922045],[120.2045334,22.9923547],[120.204589,22.9923712],[120.2046054,22.9923845],[120.2046631,22.9924247]]}},{"type":"Feature","id":274022921,"properties":{"osm_id":274022921,"name":"開山路","name_en":"Kaishan Road","highway":"residential","lanes":null,"oneway":null,"surface":"asphalt","source":"OpenStreetMap"},"geometry":{"type":"LineString","coordinates":[[120.2076652,22.988981],[120.2078217,22.9888021],[120.2079413,22.9886375],[120.2084108,22.9880322],[120.2084753,22.9879508],[120.2089694,22.9873231],[120.2090254,22.9872474],[120.2091022,22.9871362],[120.2091984,22.9870344],[120.2092671,22.9869579],[120.2097828,22.9863591],[120.2098142,22.9863263],[120.2099124,22.9862239],[120.2099673,22.9861423],[120.2100207,22.9860628],[120.2106575,22.9854013],[120.2110385,22.9850204],[120.2112184,22.9847238]]}},{"type":"Feature","id":279032146,"properties":{"osm_id":279032146,"name":"開山路","name_en":"Kaishan Road","highway":"residential","lanes":"2","oneway":null,"surface":"asphalt","source":"OpenStreetMap"},"geometry":{"type":"LineString","coordinates":[[120.2053601,22.9923114],[120.2054138,22.992258],[120.2054237,22.9922446],[120.2054969,22.9921481],[120.2055394,22.9920874],[120.2055716,22.9920289],[120.2057019,22.9917924],[120.2060314,22.9912708],[120.2061561,22.9910832],[120.206259,22.9909164],[120.2066951,22.9902726],[120.2067374,22.99021]]}},{"type":"Feature","id":496332201,"properties":{"osm_id":496332201,"name":"開山路","name_en":"Kaishan Road","highway":"residential","lanes":null,"oneway":null,"surface":"asphalt","source":"OpenStreetMap"},"geometry":{"type":"LineString","coordinates":[[120.2067374,22.99021],[120.2067714,22.9901569],[120.2068704,22.9900277],[120.2070399,22.9898151],[120.2071763,22.9896402],[120.2073541,22.9894119],[120.2073737,22.9893862],[120.2075761,22.9891293],[120.2076652,22.988981]]}},{"type":"Feature","id":228022819,"properties":{"osm_id":228022819,"name":"開元路","name_en":"Kaiyuan Road","highway":"primary","lanes":"4","oneway":null,"surface":"asphalt","source":"OpenStreetMap"},"geometry":{"type":"LineString","coordinates":[[120.2148365,23.0054285],[120.2150903,23.0055348],[120.215275,23.0056047],[120.215406,23.0056513],[120.2155704,23.0057049],[120.2156598,23.0057333],[120.2158724,23.0057986],[120.2162627,23.0059243],[120.2166723,23.0060589],[120.2170031,23.0061717],[120.2171998,23.0062454],[120.2174777,23.0063402],[120.2175183,23.0063552],[120.217846,23.0064653],[120.2179685,23.0065053],[120.2183912,23.0066463],[120.2185024,23.0066848]]}},{"type":"Feature","id":261996322,"properties":{"osm_id":261996322,"name":"開元路","name_en":"Kaiyuan Road","highway":"primary","lanes":"4","oneway":null,"surface":"asphalt","source":"OpenStreetMap"},"geometry":{"type":"LineString","coordinates":[[120.2185024,23.0066848],[120.2185958,23.0067204],[120.2189282,23.006841],[120.2190282,23.0068783],[120.2192112,23.0069438],[120.2194137,23.0070197],[120.2194814,23.0070465],[120.2195508,23.0070692],[120.2198365,23.0071739],[120.2199815,23.0072383],[120.2202591,23.0073599],[120.2205641,23.0075181],[120.2208152,23.0076696]]}},{"type":"Feature","id":601728073,"properties":{"osm_id":601728073,"name":"雲平大道","name_en":null,"highway":"pedestrian","lanes":null,"oneway":null,"surface":"paving_stones","source":"OpenStreetMap"},"geometry":{"type":"LineString","coordinates":[[120.2171074,22.9986025],[120.217016,22.9980974],[120.2170109,22.9980623],[120.2169573,22.9977317],[120.2168854,22.9973939],[120.216859,22.9972613]]}},{"type":"Feature","id":107538202,"properties":{"osm_id":107538202,"name":"敬南街","name_en":"Jingnan Street","highway":"residential","lanes":null,"oneway":null,"surface":null,"source":"OpenStreetMap"},"geometry":{"type":"LineString","coordinates":[[120.1880532,22.9871042],[120.1883694,22.9867825],[120.1886453,22.9864835],[120.1886867,22.9864414],[120.1887281,22.9863927],[120.1889982,22.986105],[120.1893043,22.985778],[120.1896039,22.9854444]]}},{"type":"Feature","id":107538195,"properties":{"osm_id":107538195,"name":"新南橋","name_en":null,"highway":"secondary","lanes":null,"oneway":"no","surface":"asphalt","source":"OpenStreetMap"},"geometry":{"type":"LineString","coordinates":[[120.1908347,22.9919115],[120.1912808,22.9918217]]}},{"type":"Feature","id":81239962,"properties":{"osm_id":81239962,"name":"新美街","name_en":"Xinmei Street","highway":"living_street","lanes":null,"oneway":"yes","surface":"asphalt","source":"OpenStreetMap"},"geometry":{"type":"LineString","coordinates":[[120.2020775,22.9993561],[120.2020336,22.9992672],[120.2015189,22.9982261],[120.2013654,22.9979122],[120.2012053,22.9975604],[120.2010975,22.9973086]]}},{"type":"Feature","id":562025612,"properties":{"osm_id":562025612,"name":"新美街","name_en":"Xinmei Street","highway":"living_street","lanes":null,"oneway":"yes","surface":"asphalt","source":"OpenStreetMap"},"geometry":{"type":"LineString","coordinates":[[120.2010975,22.9973086],[120.2010098,22.9971193],[120.200941,22.9969269],[120.2009327,22.9968745],[120.2009716,22.9968604],[120.2009399,22.9967782],[120.2008669,22.9966283],[120.2007349,22.9964408],[120.2007243,22.9964265],[120.2006643,22.9962627],[120.20055,22.9959152]]}},{"type":"Feature","id":1382010125,"properties":{"osm_id":1382010125,"name":"新美街","name_en":"Xinmei Street","highway":"living_street","lanes":null,"oneway":"yes","surface":"asphalt","source":"OpenStreetMap"},"geometry":{"type":"LineString","coordinates":[[120.20055,22.9959152],[120.2006099,22.9958225]]}},{"type":"Feature","id":865604397,"properties":{"osm_id":865604397,"name":"新美街50巷","name_en":null,"highway":"living_street","lanes":null,"oneway":null,"surface":"paving_stones","source":"OpenStreetMap"},"geometry":{"type":"LineString","coordinates":[[120.2003361,22.9950294],[120.2004867,22.994982],[120.2006904,22.9949608],[120.2007062,22.9949557],[120.2009439,22.9948789],[120.2009131,22.9948036],[120.2011177,22.9947323]]}},{"type":"Feature","id":159279414,"properties":{"osm_id":159279414,"name":"新樓街","name_en":"Sinlou Street","highway":"residential","lanes":"2","oneway":null,"surface":"asphalt","source":"OpenStreetMap"},"geometry":{"type":"LineString","coordinates":[[120.2163771,22.9895411],[120.2157661,22.989575],[120.2152754,22.9896041],[120.2137414,22.9896697],[120.2135024,22.9896809],[120.2131686,22.9896965],[120.2127414,22.9897163]]}},{"type":"Feature","id":721047819,"properties":{"osm_id":721047819,"name":"新臨安橋","name_en":null,"highway":"residential","lanes":null,"oneway":"yes","surface":"asphalt","source":"OpenStreetMap"},"geometry":{"type":"LineString","coordinates":[[120.1891066,22.9969095],[120.188806,22.9958098]]}},{"type":"Feature","id":721047820,"properties":{"osm_id":721047820,"name":"新臨安橋","name_en":null,"highway":"residential","lanes":null,"oneway":"yes","surface":"asphalt","source":"OpenStreetMap"},"geometry":{"type":"LineString","coordinates":[[120.188882,22.9957962],[120.1891754,22.9968957]]}},{"type":"Feature","id":159315422,"properties":{"osm_id":159315422,"name":"萬昌街","name_en":"Wanchang Street","highway":"residential","lanes":"4","oneway":null,"surface":"asphalt","source":"OpenStreetMap"},"geometry":{"type":"LineString","coordinates":[[120.2097032,22.9889384],[120.2097239,22.98903],[120.209748,22.9891546],[120.2100252,22.9896161],[120.2101468,22.9898306],[120.2102986,22.9904842],[120.2103514,22.9907421],[120.2103656,22.9908161],[120.2103944,22.9909876],[120.210417,22.9911125],[120.2104412,22.9912527],[120.2104858,22.9914905],[120.2105231,22.9916999],[120.210533,22.9917689],[120.2105765,22.9920746],[120.2106236,22.9924375],[120.2106294,22.992476],[120.2106428,22.9926052],[120.2106762,22.9928752],[120.2107099,22.9931858],[120.2107959,22.9938844],[120.2108447,22.9942803],[120.2108709,22.9944747]]}},{"type":"Feature","id":81357763,"properties":{"osm_id":81357763,"name":"慈音街","name_en":null,"highway":"residential","lanes":"2","oneway":null,"surface":"asphalt","source":"OpenStreetMap"},"geometry":{"type":"LineString","coordinates":[[120.2044819,22.9972082],[120.2050024,22.9970349],[120.2051378,22.9969956],[120.2055557,22.9968505],[120.2056272,22.9968257],[120.2056896,22.9968044],[120.2057453,22.9967825],[120.2057837,22.9967678],[120.2061858,22.9966252],[120.2062864,22.9965943],[120.2068316,22.9963952],[120.2068541,22.9963859]]}},{"type":"Feature","id":160056959,"properties":{"osm_id":160056959,"name":"福吉一街","name_en":"Fuji 1st Street","highway":"residential","lanes":"1","oneway":null,"surface":"paving_stones","source":"OpenStreetMap"},"geometry":{"type":"LineString","coordinates":[[120.1944253,22.9836751],[120.1940761,22.9839823],[120.1938888,22.9841452],[120.1936676,22.9843343],[120.1934264,22.984545],[120.1933014,22.9846531],[120.19328,22.9846891],[120.1932813,22.9848418]]}},{"type":"Feature","id":160056960,"properties":{"osm_id":160056960,"name":"福吉一街18巷","name_en":"Lane 18, Fuji 1st Street","highway":"residential","lanes":"1","oneway":null,"surface":"paving_stones","source":"OpenStreetMap"},"geometry":{"type":"LineString","coordinates":[[120.1938888,22.9841452],[120.194238,22.9844804],[120.1942931,22.9844997],[120.1946823,22.9844967]]}},{"type":"Feature","id":159315429,"properties":{"osm_id":159315429,"name":"福吉二街","name_en":"Fuji 2nd Street","highway":"residential","lanes":"1","oneway":null,"surface":"asphalt","source":"OpenStreetMap"},"geometry":{"type":"LineString","coordinates":[[120.194347,22.9831977],[120.1942388,22.9833061],[120.1934062,22.9840356],[120.1928653,22.9845184],[120.1928029,22.9845698],[120.1928236,22.9848428]]}},{"type":"Feature","id":212348948,"properties":{"osm_id":212348948,"name":"福吉二街5巷","name_en":"Lane 2, Fuji 2nd Street","highway":"residential","lanes":"1","oneway":null,"surface":"asphalt","source":"OpenStreetMap"},"geometry":{"type":"LineString","coordinates":[[120.1930964,22.9837257],[120.1934062,22.9840356],[120.1936676,22.9843343]]}},{"type":"Feature","id":159315442,"properties":{"osm_id":159315442,"name":"福吉三街","name_en":"Fuji 3rd Street","highway":"residential","lanes":"1","oneway":null,"surface":"asphalt","source":"OpenStreetMap"},"geometry":{"type":"LineString","coordinates":[[120.1940618,22.9828788],[120.1930964,22.9837257],[120.1924828,22.9842578],[120.192161,22.9845413],[120.1921414,22.9845983],[120.19214,22.9848402]]}},{"type":"Feature","id":212348947,"properties":{"osm_id":212348947,"name":"福吉三街80巷","name_en":"Lane 80, Fuji 3rd Street","highway":"residential","lanes":"1","oneway":null,"surface":"asphalt","source":"OpenStreetMap"},"geometry":{"type":"LineString","coordinates":[[120.1924828,22.9842578],[120.1928029,22.9845698]]}},{"type":"Feature","id":159315450,"properties":{"osm_id":159315450,"name":"福吉五街","name_en":"Fuji 5th Street","highway":"residential","lanes":"1","oneway":null,"surface":"asphalt","source":"OpenStreetMap"},"geometry":{"type":"LineString","coordinates":[[120.1933041,22.981844],[120.1931515,22.9819105],[120.1927449,22.982265],[120.1923191,22.9826358],[120.1921453,22.9827822],[120.1917731,22.9827934],[120.1916513,22.9827957]]}},{"type":"Feature","id":159315436,"properties":{"osm_id":159315436,"name":"福吉四街","name_en":"Fuji 4th Street","highway":"residential","lanes":"1","oneway":null,"surface":"asphalt","source":"OpenStreetMap"},"geometry":{"type":"LineString","coordinates":[[120.1937735,22.9825365],[120.1932384,22.9830114],[120.1927546,22.9834371],[120.1924043,22.9837452],[120.1921571,22.9839602]]}},{"type":"Feature","id":159315447,"properties":{"osm_id":159315447,"name":"福吉四街47巷","name_en":"Lane 47 , Fuji 4th Street","highway":"residential","lanes":"1","oneway":null,"surface":"asphalt","source":"OpenStreetMap"},"geometry":{"type":"LineString","coordinates":[[120.1921453,22.9827822],[120.1923122,22.9830027],[120.1924889,22.9831762],[120.1927546,22.9834371]]}},{"type":"Feature","id":212348949,"properties":{"osm_id":212348949,"name":"福吉四街52巷","name_en":"Lane 52, FuJi 4th Street","highway":"residential","lanes":"1","oneway":null,"surface":"asphalt","source":"OpenStreetMap"},"geometry":{"type":"LineString","coordinates":[[120.1927546,22.9834371],[120.1930964,22.9837257]]}},{"type":"Feature","id":201713471,"properties":{"osm_id":201713471,"name":"福吉四街61巷","name_en":"Lane 61, FuJi 4th Street","highway":"residential","lanes":"1","oneway":null,"surface":"asphalt","source":"OpenStreetMap"},"geometry":{"type":"LineString","coordinates":[[120.1924043,22.9837452],[120.192064,22.98341],[120.1920546,22.9832242],[120.1923122,22.9830027]]}},{"type":"Feature","id":159315448,"properties":{"osm_id":159315448,"name":"福吉路","name_en":"Fuji Road","highway":"residential","lanes":"1","oneway":null,"surface":"asphalt","source":"OpenStreetMap"},"geometry":{"type":"LineString","coordinates":[[120.1951075,22.9831926],[120.1949703,22.9831881],[120.1948904,22.9831861],[120.1945347,22.9832014],[120.194347,22.9831977],[120.1940618,22.9828788],[120.1937735,22.9825365],[120.1935479,22.9822564],[120.1932999,22.9819647],[120.1933041,22.981844],[120.1933217,22.9816137],[120.1933187,22.9815503],[120.1933185,22.9814782]]}},{"type":"Feature","id":160321077,"properties":{"osm_id":160321077,"name":"福德街","name_en":"Fude Street","highway":"residential","lanes":null,"oneway":null,"surface":"asphalt","source":"OpenStreetMap"},"geometry":{"type":"LineString","coordinates":[[120.2068861,23.0002012],[120.2069688,23.0004414],[120.207036,23.0006082],[120.2073284,23.0013545],[120.2073317,23.0014388]]}},{"type":"Feature","id":81357364,"properties":{"osm_id":81357364,"name":"廣慈街","name_en":"Guangci Street","highway":"residential","lanes":"1","oneway":"yes","surface":"asphalt","source":"OpenStreetMap"},"geometry":{"type":"LineString","coordinates":[[120.2063847,22.9954731],[120.2064314,22.9955639],[120.2067777,22.9962374],[120.2068541,22.9963859],[120.2070495,22.9967659],[120.2071778,22.9970153],[120.207403,22.9974532],[120.2075085,22.9976584],[120.2076336,22.9979016],[120.2076689,22.9979702]]}},{"type":"Feature","id":107538161,"properties":{"osm_id":107538161,"name":"德南街","name_en":"Denan Street","highway":"residential","lanes":null,"oneway":null,"surface":null,"source":"OpenStreetMap"},"geometry":{"type":"LineString","coordinates":[[120.1902337,22.9878336],[120.1901507,22.9878476],[120.1896869,22.9879255],[120.1883694,22.9867825],[120.1876115,22.9862507],[120.187306,22.9860267],[120.1872328,22.9854616],[120.187235,22.9851675]]}},{"type":"Feature","id":302273287,"properties":{"osm_id":302273287,"name":"德南街177巷","name_en":null,"highway":"residential","lanes":null,"oneway":null,"surface":null,"source":"OpenStreetMap"},"geometry":{"type":"LineString","coordinates":[[120.1879363,22.9858846],[120.1876115,22.9862507]]}},{"type":"Feature","id":24452786,"properties":{"osm_id":24452786,"name":"慶中街","name_en":"Cingjhong Street","highway":"residential","lanes":"2","oneway":null,"surface":"asphalt","source":"OpenStreetMap"},"geometry":{"type":"LineString","coordinates":[[120.2059019,22.9855888],[120.2058897,22.9855339],[120.2058135,22.9852316],[120.205766,22.9849913],[120.2056977,22.9847749],[120.2056054,22.9844476],[120.2055719,22.9837625],[120.2055751,22.983451],[120.2055385,22.983076],[120.2055336,22.9826273],[120.2055329,22.9825664],[120.2055298,22.9825042],[120.2055139,22.9821814],[120.2055118,22.9816285],[120.2055111,22.9814316],[120.2055116,22.9813732],[120.2055109,22.9812913]]}},{"type":"Feature","id":496249900,"properties":{"osm_id":496249900,"name":"慶東街","name_en":"Qingdong Street","highway":"residential","lanes":"2","oneway":null,"surface":"asphalt","source":"OpenStreetMap"},"geometry":{"type":"LineString","coordinates":[[120.2166063,22.9924515],[120.2165252,22.9913119],[120.2165239,22.9912833],[120.2165201,22.991219],[120.2165145,22.991126],[120.2164721,22.9906346],[120.2164443,22.9903403],[120.2164426,22.9902532],[120.2164119,22.9899855],[120.2164065,22.9899137],[120.2163771,22.9895411]]}},{"type":"Feature","id":851988261,"properties":{"osm_id":851988261,"name":"慶東街","name_en":"Qingdong Street","highway":"residential","lanes":null,"oneway":null,"surface":"asphalt","source":"OpenStreetMap"},"geometry":{"type":"LineString","coordinates":[[120.2163771,22.9895411],[120.2162869,22.9888247],[120.2162355,22.9881867],[120.21618,22.9875594],[120.2161746,22.9874617]]}},{"type":"Feature","id":1339841317,"properties":{"osm_id":1339841317,"name":"慶東街","name_en":"Qingdong Street","highway":"residential","lanes":null,"oneway":null,"surface":"asphalt","source":"OpenStreetMap"},"geometry":{"type":"LineString","coordinates":[[120.2153409,22.9851093],[120.2153806,22.9852041],[120.2154379,22.985341],[120.2154935,22.985511],[120.2156375,22.9859361],[120.2158378,22.9865331],[120.2158804,22.9866483],[120.2159002,22.9867019],[120.2159205,22.9867579],[120.2161361,22.9873653],[120.2161746,22.9874617]]}},{"type":"Feature","id":71285598,"properties":{"osm_id":71285598,"name":"衛民街","name_en":null,"highway":"residential","lanes":null,"oneway":null,"surface":"asphalt","source":"OpenStreetMap"},"geometry":{"type":"LineString","coordinates":[[120.2068055,22.9935554],[120.2069704,22.9935578],[120.2073681,22.9934716],[120.2082517,22.9932505],[120.2085456,22.9931862],[120.2087407,22.9931408],[120.2090556,22.9930694],[120.2091696,22.9930444],[120.2093149,22.9930141],[120.2095285,22.9930003],[120.2097591,22.9929726],[120.2097798,22.9929701],[120.209948,22.9929531],[120.2106762,22.9928752],[120.2111344,22.9928299],[120.2114792,22.9927922],[120.2116022,22.9927778],[120.2117241,22.9927666]]}},{"type":"Feature","id":161156227,"properties":{"osm_id":161156227,"name":"衛民街","name_en":null,"highway":"residential","lanes":null,"oneway":null,"surface":null,"source":"OpenStreetMap"},"geometry":{"type":"LineString","coordinates":[[120.2130174,22.9926398],[120.2126088,22.9926797],[120.2123869,22.9927042],[120.2123188,22.9927108]]}},{"type":"Feature","id":152193604,"properties":{"osm_id":152193604,"name":"樹林街一段","name_en":null,"highway":"residential","lanes":null,"oneway":null,"surface":"asphalt","source":"OpenStreetMap"},"geometry":{"type":"LineString","coordinates":[[120.216973,22.9855126],[120.2167935,22.9855633],[120.2163563,22.9857036],[120.2162651,22.9857318],[120.2159432,22.9858313],[120.2156375,22.9859361],[120.2145385,22.9862656],[120.2139723,22.9864406],[120.2138718,22.9864717],[120.2133699,22.9866102]]}},{"type":"Feature","id":160913587,"properties":{"osm_id":160913587,"name":"樹林街一段","name_en":null,"highway":"residential","lanes":null,"oneway":null,"surface":null,"source":"OpenStreetMap"},"geometry":{"type":"LineString","coordinates":[[120.2099124,22.9862239],[120.2100661,22.9862072],[120.2111911,22.9864068],[120.2113029,22.9864251]]}},{"type":"Feature","id":497844293,"properties":{"osm_id":497844293,"name":"樹林街一段","name_en":null,"highway":"residential","lanes":null,"oneway":null,"surface":null,"source":"OpenStreetMap"},"geometry":{"type":"LineString","coordinates":[[120.2113029,22.9864251],[120.2124809,22.9866306],[120.2129675,22.986701],[120.213014,22.9867535],[120.2130154,22.986826]]}},{"type":"Feature","id":24452787,"properties":{"osm_id":24452787,"name":"樹林街二段","name_en":null,"highway":"residential","lanes":null,"oneway":null,"surface":null,"source":"OpenStreetMap"},"geometry":{"type":"LineString","coordinates":[[120.2059019,22.9855888],[120.2059676,22.9855776],[120.2071774,22.9853651],[120.2072475,22.9853524],[120.2072937,22.9853436],[120.2079404,22.9852201],[120.2081548,22.9852037]]}},{"type":"Feature","id":27067577,"properties":{"osm_id":27067577,"name":"樹林街二段","name_en":"Shulin Street Section 2","highway":"residential","lanes":"2","oneway":null,"surface":"asphalt","source":"OpenStreetMap"},"geometry":{"type":"LineString","coordinates":[[120.2059019,22.9855888],[120.2058329,22.9856023],[120.2054786,22.9856795],[120.2051135,22.9857396],[120.2047046,22.9858068],[120.2042868,22.9858588],[120.2041634,22.9858822],[120.2034596,22.9860158],[120.2031195,22.9860736],[120.202859,22.986118],[120.2018133,22.9862958]]}},{"type":"Feature","id":159279418,"properties":{"osm_id":159279418,"name":"樹林街二段","name_en":null,"highway":"residential","lanes":null,"oneway":null,"surface":null,"source":"OpenStreetMap"},"geometry":{"type":"LineString","coordinates":[[120.2081548,22.9852037],[120.2082159,22.9853133],[120.208233,22.9854317],[120.2083473,22.9862216],[120.2083556,22.9862791],[120.2097373,22.9862025],[120.2097731,22.9862069],[120.2099124,22.9862239]]}},{"type":"Feature","id":496253680,"properties":{"osm_id":496253680,"name":"樹林街二段","name_en":"Shulin Street Section 2","highway":"residential","lanes":"2","oneway":null,"surface":"asphalt","source":"OpenStreetMap"},"geometry":{"type":"LineString","coordinates":[[120.2018133,22.9862958],[120.2012383,22.9863107],[120.2007641,22.9863154],[120.2001846,22.9862836],[120.1979175,22.9863397],[120.1977344,22.9863358],[120.1976042,22.9863344],[120.1975321,22.9863343],[120.1974497,22.9863334],[120.1968585,22.9863356],[120.1964468,22.986331],[120.1963943,22.9863296]]}},{"type":"Feature","id":496339476,"properties":{"osm_id":496339476,"name":"樹林街二段","name_en":"Shulin Street Section 2","highway":"residential","lanes":"2","oneway":null,"surface":"asphalt","source":"OpenStreetMap"},"geometry":{"type":"LineString","coordinates":[[120.1963943,22.9863296],[120.1963343,22.9863307],[120.1959703,22.9863515],[120.1956083,22.9863583],[120.1950718,22.9863683],[120.194973,22.9863682],[120.1948564,22.9863685]]}},{"type":"Feature","id":159315446,"properties":{"osm_id":159315446,"name":"興華街","name_en":null,"highway":"residential","lanes":null,"oneway":null,"surface":null,"source":"OpenStreetMap"},"geometry":{"type":"LineString","coordinates":[[120.2101159,22.9917557],[120.2105765,22.9920746],[120.2111771,22.9924501],[120.2115196,22.992647],[120.2116001,22.9926925],[120.2117241,22.9927666]]}},{"type":"Feature","id":159143984,"properties":{"osm_id":159143984,"name":"濟生街","name_en":null,"highway":"residential","lanes":null,"oneway":null,"surface":"paving_stones","source":"OpenStreetMap"},"geometry":{"type":"LineString","coordinates":[[120.1917888,22.9975954],[120.1911568,22.9977465],[120.1904165,22.9979036],[120.1896273,22.9980809]]}},{"type":"Feature","id":158856297,"properties":{"osm_id":158856297,"name":"環河街","name_en":"Huanhe Street","highway":"residential","lanes":null,"oneway":null,"surface":"asphalt","source":"OpenStreetMap"},"geometry":{"type":"LineString","coordinates":[[120.1923706,22.9942846],[120.1923863,22.9943519],[120.1925124,22.994892],[120.1925257,22.9949445],[120.1926658,22.9954976],[120.192812,22.9960919],[120.1929027,22.9964178],[120.1929287,22.9965027]]}},{"type":"Feature","id":1116180182,"properties":{"osm_id":1116180182,"name":"環河街","name_en":"Huanhe Street","highway":"residential","lanes":null,"oneway":null,"surface":"asphalt","source":"OpenStreetMap"},"geometry":{"type":"LineString","coordinates":[[120.1918007,22.9917155],[120.191798,22.9918184],[120.1919199,22.992435],[120.191943,22.9925294],[120.1921635,22.9934299],[120.1921858,22.99351],[120.1922067,22.9935924],[120.1922546,22.9937819]]}},{"type":"Feature","id":1116180183,"properties":{"osm_id":1116180183,"name":"環河街","name_en":"Huanhe Street","highway":"residential","lanes":null,"oneway":null,"surface":"paving_stones","source":"OpenStreetMap"},"geometry":{"type":"LineString","coordinates":[[120.1922546,22.9937819],[120.1923706,22.9942846]]}},{"type":"Feature","id":158715561,"properties":{"osm_id":158715561,"name":"環河街129巷","name_en":null,"highway":"residential","lanes":null,"oneway":"yes","surface":"paving_stones","source":"OpenStreetMap"},"geometry":{"type":"LineString","coordinates":[[120.192812,22.9960919],[120.1920602,22.9962786],[120.1905008,22.9966847],[120.1896356,22.9968347],[120.1891754,22.9968957],[120.1891066,22.9969095],[120.1874444,22.9973341],[120.1873434,22.9973608],[120.1872877,22.9974032],[120.1872808,22.9974782],[120.187337,22.9977165]]}},{"type":"Feature","id":162527282,"properties":{"osm_id":162527282,"name":"臨安路一段","name_en":"Lin-an Road Section 1","highway":"tertiary","lanes":"2","oneway":"-1","surface":"asphalt","source":"OpenStreetMap"},"geometry":{"type":"LineString","coordinates":[[120.1919968,23.0002406],[120.1921448,23.0003582],[120.1924098,23.0005689],[120.1929517,23.0010285],[120.1935093,23.0014575],[120.1936261,23.0015346],[120.1936704,23.0015638],[120.1937188,23.0015885],[120.1938674,23.0016642],[120.1941247,23.0017921],[120.1942859,23.0018636],[120.1945547,23.0019708],[120.1946728,23.0020121]]}},{"type":"Feature","id":208033000,"properties":{"osm_id":208033000,"name":"臨安路一段","name_en":"Lin-an Road Section 1","highway":"residential","lanes":null,"oneway":"yes","surface":"asphalt","source":"OpenStreetMap"},"geometry":{"type":"LineString","coordinates":[[120.1891754,22.9968957],[120.1893258,22.9974107]]}},{"type":"Feature","id":305502907,"properties":{"osm_id":305502907,"name":"臨安路一段","name_en":"Lin-an Road Section 1","highway":"tertiary","lanes":"2","oneway":"yes","surface":"asphalt","source":"OpenStreetMap"},"geometry":{"type":"LineString","coordinates":[[120.1920748,23.000209],[120.1921913,23.0003046],[120.1923927,23.0004698],[120.1925207,23.0005838],[120.1929954,23.0009853],[120.1935463,23.0014023],[120.1936671,23.0014834],[120.1937057,23.0015093],[120.1937546,23.0015362],[120.1939159,23.0016247],[120.194302,23.0018034],[120.1945883,23.0018984],[120.1946921,23.0019326],[120.1951331,23.0020776]]}},{"type":"Feature","id":305502908,"properties":{"osm_id":305502908,"name":"臨安路一段","name_en":"Lin-an Road Section 1","highway":"tertiary","lanes":"2","oneway":"yes","surface":"asphalt","source":"OpenStreetMap"},"geometry":{"type":"LineString","coordinates":[[120.1919968,23.0002406],[120.1918487,23.0001218],[120.1917942,23.0000757],[120.1913959,22.9997366],[120.190808,22.9992545],[120.1907671,22.9992211],[120.190344,22.9989259],[120.1898177,22.998453]]}},{"type":"Feature","id":496339489,"properties":{"osm_id":496339489,"name":"臨安路一段","name_en":"Lin-an Road Section 1","highway":"tertiary","lanes":null,"oneway":"yes","surface":"asphalt","source":"OpenStreetMap"},"geometry":{"type":"LineString","coordinates":[[120.1892767,22.9975166],[120.1892596,22.9974225]]}},{"type":"Feature","id":496339491,"properties":{"osm_id":496339491,"name":"臨安路一段","name_en":null,"highway":"residential","lanes":null,"oneway":"yes","surface":"asphalt","source":"OpenStreetMap"},"geometry":{"type":"LineString","coordinates":[[120.1892596,22.9974225],[120.1891066,22.9969095]]}},{"type":"Feature","id":509197089,"properties":{"osm_id":509197089,"name":"臨安路一段","name_en":"Lin-an Road Section 1","highway":"tertiary","lanes":"2","oneway":"yes","surface":"asphalt","source":"OpenStreetMap"},"geometry":{"type":"LineString","coordinates":[[120.1898882,22.9984264],[120.1904049,22.9988656],[120.1908164,22.9991619],[120.1908629,22.9992005],[120.1912123,22.9994904],[120.191401,22.999657],[120.1916003,22.9998168],[120.1918448,23.0000252],[120.1918954,23.0000684],[120.1920748,23.000209]]}},{"type":"Feature","id":509197093,"properties":{"osm_id":509197093,"name":"臨安路一段","name_en":"Lin-an Road Section 1","highway":"tertiary","lanes":"2","oneway":"yes","surface":"asphalt","source":"OpenStreetMap"},"geometry":{"type":"LineString","coordinates":[[120.1898177,22.998453],[120.1896792,22.9982726],[120.1896071,22.9981693],[120.189449,22.9979197],[120.1893731,22.9977676],[120.1893202,22.9976449],[120.1892767,22.9975166]]}},{"type":"Feature","id":561954787,"properties":{"osm_id":561954787,"name":"臨安路一段","name_en":"Lin-an Road Section 1","highway":"tertiary","lanes":"2","oneway":"yes","surface":"asphalt","source":"OpenStreetMap"},"geometry":{"type":"LineString","coordinates":[[120.1893258,22.9974107],[120.1893417,22.9975051],[120.1893949,22.9976589],[120.1894588,22.9978102],[120.1895142,22.9979112],[120.1896273,22.9980809],[120.1897755,22.9982781],[120.1898882,22.9984264]]}},{"type":"Feature","id":107538213,"properties":{"osm_id":107538213,"name":"臨安路二段","name_en":"Lin-an Road Section 2","highway":"tertiary","lanes":"2","oneway":"yes","surface":"asphalt","source":"OpenStreetMap"},"geometry":{"type":"LineString","coordinates":[[120.203242,23.0050965],[120.203068,23.0050324],[120.2010268,23.0042796],[120.2009804,23.0042637],[120.2003744,23.0040555],[120.2001609,23.0039635]]}},{"type":"Feature","id":158479861,"properties":{"osm_id":158479861,"name":"臨安路二段","name_en":"Lin-an Road Section 2","highway":"tertiary","lanes":"2","oneway":"yes","surface":"asphalt","source":"OpenStreetMap"},"geometry":{"type":"LineString","coordinates":[[120.2001609,23.0039635],[120.1999867,23.0039007]]}},{"type":"Feature","id":162527283,"properties":{"osm_id":162527283,"name":"臨安路二段","name_en":null,"highway":"tertiary","lanes":null,"oneway":"yes","surface":"asphalt","source":"OpenStreetMap"},"geometry":{"type":"LineString","coordinates":[[120.1951331,23.0020776],[120.1952187,23.0021088]]}},{"type":"Feature","id":302242046,"properties":{"osm_id":302242046,"name":"臨安路二段","name_en":"Lin-an Road Section 2","highway":"tertiary","lanes":"2","oneway":"yes","surface":"asphalt","source":"OpenStreetMap"},"geometry":{"type":"LineString","coordinates":[[120.2001516,23.0038716],[120.20022,23.0038968],[120.2004157,23.0039688],[120.2010148,23.0041892],[120.2010609,23.0042061],[120.2018676,23.0045029],[120.2022354,23.0046383],[120.2024803,23.0047284],[120.2029638,23.0049062],[120.2031121,23.0049608],[120.2032624,23.0050161]]}},{"type":"Feature","id":305502910,"properties":{"osm_id":305502910,"name":"臨安路二段","name_en":"Lin-an Road Section 2","highway":"tertiary","lanes":"2","oneway":"yes","surface":"asphalt","source":"OpenStreetMap"},"geometry":{"type":"LineString","coordinates":[[120.1965342,23.0025876],[120.1966925,23.0026489],[120.1971624,23.0028038],[120.1975175,23.002932],[120.1977207,23.0030025],[120.1978084,23.0030414],[120.1984962,23.0032823],[120.1998635,23.0037785],[120.2000172,23.0038334],[120.2001516,23.0038716]]}},{"type":"Feature","id":496714509,"properties":{"osm_id":496714509,"name":"臨安路二段","name_en":null,"highway":"tertiary","lanes":null,"oneway":"yes","surface":"asphalt","source":"OpenStreetMap"},"geometry":{"type":"LineString","coordinates":[[120.1965111,23.0026511],[120.1963208,23.0025818],[120.1961724,23.0025277],[120.1951557,23.0021776],[120.1950696,23.0021472],[120.1946728,23.0020121]]}},{"type":"Feature","id":496714510,"properties":{"osm_id":496714510,"name":"臨安路二段","name_en":null,"highway":"tertiary","lanes":"2","oneway":"yes","surface":"asphalt","source":"OpenStreetMap"},"geometry":{"type":"LineString","coordinates":[[120.1952187,23.0021088],[120.1963482,23.0025179],[120.1965342,23.0025876]]}},{"type":"Feature","id":562016132,"properties":{"osm_id":562016132,"name":"臨安路二段","name_en":"Lin-an Road Section 2","highway":"tertiary","lanes":"2","oneway":"yes","surface":"asphalt","source":"OpenStreetMap"},"geometry":{"type":"LineString","coordinates":[[120.1999867,23.0039007],[120.1998404,23.0038486],[120.1992567,23.0036407],[120.1985382,23.003379],[120.197954,23.0031749],[120.197703,23.0030819],[120.1975649,23.0030274],[120.1974259,23.0029783],[120.196664,23.0027129],[120.1965111,23.0026511]]}},{"type":"Feature","id":963359533,"properties":{"osm_id":963359533,"name":"臨安路二段","name_en":"Lin-an Road Section 2","highway":"residential","lanes":"2","oneway":"yes","surface":"asphalt","source":"OpenStreetMap"},"geometry":{"type":"LineString","coordinates":[[120.2032624,23.0050161],[120.2033057,23.0050732]]}},{"type":"Feature","id":158473572,"properties":{"osm_id":158473572,"name":"臨安路二段143巷","name_en":null,"highway":"residential","lanes":null,"oneway":null,"surface":null,"source":"OpenStreetMap"},"geometry":{"type":"LineString","coordinates":[[120.197954,23.0031749],[120.1979288,23.0032374],[120.1979234,23.0032683],[120.1979176,23.0034258],[120.1979199,23.003492],[120.197902,23.0036761],[120.1978688,23.0038057],[120.1978662,23.0039442],[120.1978773,23.0042057],[120.1978954,23.0045412]]}},{"type":"Feature","id":504026224,"properties":{"osm_id":504026224,"name":"臨安路二段143巷","name_en":null,"highway":"residential","lanes":null,"oneway":null,"surface":null,"source":"OpenStreetMap"},"geometry":{"type":"LineString","coordinates":[[120.1978954,23.0045412],[120.1978961,23.0046187],[120.1978997,23.0049693],[120.1979015,23.0051524],[120.1979038,23.005387],[120.1979062,23.005626],[120.1979118,23.006185],[120.1979156,23.0065669]]}},{"type":"Feature","id":496339485,"properties":{"osm_id":496339485,"name":"臨安路二段143巷23弄","name_en":null,"highway":"residential","lanes":null,"oneway":null,"surface":null,"source":"OpenStreetMap"},"geometry":{"type":"LineString","coordinates":[[120.1979199,23.003492],[120.1971881,23.0035156],[120.1971037,23.0035151]]}},{"type":"Feature","id":594236873,"properties":{"osm_id":594236873,"name":"臨安路二段143巷23弄","name_en":null,"highway":"residential","lanes":null,"oneway":null,"surface":null,"source":"OpenStreetMap"},"geometry":{"type":"LineString","coordinates":[[120.196007,23.0038039],[120.1960063,23.003906]]}},{"type":"Feature","id":594236874,"properties":{"osm_id":594236874,"name":"臨安路二段143巷23弄","name_en":null,"highway":"residential","lanes":null,"oneway":null,"surface":null,"source":"OpenStreetMap"},"geometry":{"type":"LineString","coordinates":[[120.1971037,23.0035151],[120.1966855,23.0036253],[120.1966185,23.0036429],[120.196007,23.0038039]]}},{"type":"Feature","id":159014258,"properties":{"osm_id":159014258,"name":"臨安路二段143巷80弄","name_en":null,"highway":"residential","lanes":null,"oneway":null,"surface":null,"source":"OpenStreetMap"},"geometry":{"type":"LineString","coordinates":[[120.1991643,23.0051727],[120.1985002,23.005159],[120.1979015,23.0051524]]}},{"type":"Feature","id":162263471,"properties":{"osm_id":162263471,"name":"臨安路二段143巷90弄","name_en":null,"highway":"residential","lanes":null,"oneway":null,"surface":null,"source":"OpenStreetMap"},"geometry":{"type":"LineString","coordinates":[[120.1991937,23.0056501],[120.1984813,23.005663],[120.1979062,23.005626]]}},{"type":"Feature","id":158782342,"properties":{"osm_id":158782342,"name":"臨安路二段169巷","name_en":null,"highway":"residential","lanes":null,"oneway":null,"surface":null,"source":"OpenStreetMap"},"geometry":{"type":"LineString","coordinates":[[120.1985407,23.0045575],[120.1985773,23.0035006],[120.1985662,23.0034658],[120.1985382,23.003379]]}},{"type":"Feature","id":504026226,"properties":{"osm_id":504026226,"name":"臨安路二段195巷","name_en":null,"highway":"residential","lanes":null,"oneway":null,"surface":null,"source":"OpenStreetMap"},"geometry":{"type":"LineString","coordinates":[[120.1992567,23.0036407],[120.1992265,23.0045735],[120.1991681,23.0049922],[120.1991643,23.0051727],[120.1991589,23.005423],[120.1991937,23.0056501],[120.1991415,23.0062379],[120.199132,23.0066837]]}},{"type":"Feature","id":159014272,"properties":{"osm_id":159014272,"name":"臨安路二段249巷","name_en":null,"highway":"residential","lanes":null,"oneway":null,"surface":"asphalt","source":"OpenStreetMap"},"geometry":{"type":"LineString","coordinates":[[120.2010609,23.0042061],[120.2010268,23.0042796],[120.2010025,23.0043348],[120.2008421,23.0046998],[120.200679,23.005096],[120.2006424,23.0055383],[120.2006364,23.0059479],[120.2006332,23.006373]]}},{"type":"Feature","id":509197021,"properties":{"osm_id":509197021,"name":"臨安路二段249巷33弄","name_en":null,"highway":"residential","lanes":null,"oneway":null,"surface":"asphalt","source":"OpenStreetMap"},"geometry":{"type":"LineString","coordinates":[[120.200679,23.005096],[120.2001575,23.0050818],[120.1999236,23.0050837]]}},{"type":"Feature","id":509197030,"properties":{"osm_id":509197030,"name":"臨安路二段249巷47弄","name_en":null,"highway":"residential","lanes":null,"oneway":null,"surface":"asphalt","source":"OpenStreetMap"},"geometry":{"type":"LineString","coordinates":[[120.2006424,23.0055383],[120.2001509,23.0053393],[120.1999221,23.0053087]]}},{"type":"Feature","id":162527290,"properties":{"osm_id":162527290,"name":"臨安路二段90巷","name_en":null,"highway":"residential","lanes":null,"oneway":null,"surface":null,"source":"OpenStreetMap"},"geometry":{"type":"LineString","coordinates":[[120.1975649,23.0030274],[120.1977207,23.0030025],[120.1982556,23.0028047]]}},{"type":"Feature","id":305502909,"properties":{"osm_id":305502909,"name":"臨安路二段91巷","name_en":null,"highway":"residential","lanes":null,"oneway":null,"surface":null,"source":"OpenStreetMap"},"geometry":{"type":"LineString","coordinates":[[120.1938558,23.0034547],[120.1940315,23.0034945],[120.1941765,23.0035162],[120.1942981,23.0035001],[120.1943592,23.0034851],[120.1944241,23.0034914],[120.1945455,23.0035191],[120.1946362,23.0035337],[120.1947812,23.0035548],[120.1949021,23.0035865],[120.1951892,23.0035943],[120.195501,23.0035892],[120.1956539,23.0035786],[120.1957969,23.0035698],[120.195981,23.0035363],[120.1962909,23.0034383],[120.1964477,23.0033995],[120.1965457,23.003376],[120.1966625,23.0033504],[120.1971964,23.0031442],[120.1973829,23.0030654],[120.1975649,23.0030274]]}},{"type":"Feature","id":152193608,"properties":{"osm_id":152193608,"name":"懷恩街","name_en":null,"highway":"residential","lanes":null,"oneway":null,"surface":"asphalt","source":"OpenStreetMap"},"geometry":{"type":"LineString","coordinates":[[120.2198298,22.9892781],[120.2197885,22.9892923],[120.219701,22.9893129],[120.2177537,22.9894655],[120.2176295,22.9894745]]}},{"type":"Feature","id":159216680,"properties":{"osm_id":159216680,"name":"觀亭街","name_en":"Guanting Street","highway":"residential","lanes":"2","oneway":null,"surface":"asphalt","source":"OpenStreetMap"},"geometry":{"type":"LineString","coordinates":[[120.2061883,22.9981633],[120.2058722,22.9973019],[120.2057101,22.9968602],[120.2056896,22.9968044],[120.2056683,22.9967465],[120.2055927,22.9965405],[120.2055785,22.9965018],[120.2055307,22.9963716],[120.2053349,22.995838]]}},{"type":"Feature","id":1322808910,"properties":{"osm_id":1322808910,"name":"觀亭街","name_en":"Guanting Street","highway":"residential","lanes":null,"oneway":null,"surface":"asphalt","source":"OpenStreetMap"},"geometry":{"type":"LineString","coordinates":[[120.2061883,22.9981633],[120.2061899,22.9982473]]}}]}
